"period_kind","period_key","mode","draws","number","number_str","freq","days_hit","hit_rate","avg_per_draw","expected_freq","z_score","rank_in_period"
"year","2015","prize1",361,83,"83",11,11,0.030470914127423823,0.030470914127423823,3.61,3.9091,1
"year","2015","prize1",361,70,"70",9,9,0.024930747922437674,0.024930747922437674,3.61,2.8511,2
"year","2015","prize1",361,79,"79",9,9,0.024930747922437674,0.024930747922437674,3.61,2.8511,2
"year","2015","prize1",361,17,"17",8,8,0.0221606648199446,0.0221606648199446,3.61,2.3222,3
"year","2015","prize1",361,10,"10",7,7,0.019390581717451522,0.019390581717451522,3.61,1.7932,4
"year","2015","prize1",361,29,"29",7,7,0.019390581717451522,0.019390581717451522,3.61,1.7932,4
"year","2015","prize1",361,49,"49",7,7,0.019390581717451522,0.019390581717451522,3.61,1.7932,4
"year","2015","prize1",361,54,"54",7,7,0.019390581717451522,0.019390581717451522,3.61,1.7932,4
"year","2015","prize1",361,9,"09",6,6,0.01662049861495845,0.01662049861495845,3.61,1.2642,5
"year","2015","prize1",361,11,"11",6,6,0.01662049861495845,0.01662049861495845,3.61,1.2642,5
"year","2015","prize1",361,41,"41",6,6,0.01662049861495845,0.01662049861495845,3.61,1.2642,5
"year","2015","prize1",361,59,"59",6,6,0.01662049861495845,0.01662049861495845,3.61,1.2642,5
"year","2015","prize1",361,68,"68",6,6,0.01662049861495845,0.01662049861495845,3.61,1.2642,5
"year","2015","prize1",361,88,"88",6,6,0.01662049861495845,0.01662049861495845,3.61,1.2642,5
"year","2015","prize1",361,0,"00",5,5,0.013850415512465374,0.013850415512465374,3.61,0.7353,6
"year","2015","prize1",361,13,"13",5,5,0.013850415512465374,0.013850415512465374,3.61,0.7353,6
"year","2015","prize1",361,14,"14",5,5,0.013850415512465374,0.013850415512465374,3.61,0.7353,6
"year","2015","prize1",361,21,"21",5,5,0.013850415512465374,0.013850415512465374,3.61,0.7353,6
"year","2015","prize1",361,30,"30",5,5,0.013850415512465374,0.013850415512465374,3.61,0.7353,6
"year","2015","prize1",361,35,"35",5,5,0.013850415512465374,0.013850415512465374,3.61,0.7353,6
"year","2015","prize1",361,40,"40",5,5,0.013850415512465374,0.013850415512465374,3.61,0.7353,6
"year","2015","prize1",361,52,"52",5,5,0.013850415512465374,0.013850415512465374,3.61,0.7353,6
"year","2015","prize1",361,53,"53",5,5,0.013850415512465374,0.013850415512465374,3.61,0.7353,6
"year","2015","prize1",361,80,"80",5,5,0.013850415512465374,0.013850415512465374,3.61,0.7353,6
"year","2015","prize1",361,85,"85",5,5,0.013850415512465374,0.013850415512465374,3.61,0.7353,6
"year","2015","prize1",361,92,"92",5,5,0.013850415512465374,0.013850415512465374,3.61,0.7353,6
"year","2015","prize1",361,96,"96",5,5,0.013850415512465374,0.013850415512465374,3.61,0.7353,6
"year","2015","prize1",361,2,"02",4,4,0.0110803324099723,0.0110803324099723,3.61,0.2063,7
"year","2015","prize1",361,3,"03",4,4,0.0110803324099723,0.0110803324099723,3.61,0.2063,7
"year","2015","prize1",361,4,"04",4,4,0.0110803324099723,0.0110803324099723,3.61,0.2063,7
"year","2015","prize1",361,5,"05",4,4,0.0110803324099723,0.0110803324099723,3.61,0.2063,7
"year","2015","prize1",361,6,"06",4,4,0.0110803324099723,0.0110803324099723,3.61,0.2063,7
"year","2015","prize1",361,24,"24",4,4,0.0110803324099723,0.0110803324099723,3.61,0.2063,7
"year","2015","prize1",361,27,"27",4,4,0.0110803324099723,0.0110803324099723,3.61,0.2063,7
"year","2015","prize1",361,32,"32",4,4,0.0110803324099723,0.0110803324099723,3.61,0.2063,7
"year","2015","prize1",361,34,"34",4,4,0.0110803324099723,0.0110803324099723,3.61,0.2063,7
"year","2015","prize1",361,37,"37",4,4,0.0110803324099723,0.0110803324099723,3.61,0.2063,7
"year","2015","prize1",361,38,"38",4,4,0.0110803324099723,0.0110803324099723,3.61,0.2063,7
"year","2015","prize1",361,39,"39",4,4,0.0110803324099723,0.0110803324099723,3.61,0.2063,7
"year","2015","prize1",361,46,"46",4,4,0.0110803324099723,0.0110803324099723,3.61,0.2063,7
"year","2015","prize1",361,50,"50",4,4,0.0110803324099723,0.0110803324099723,3.61,0.2063,7
"year","2015","prize1",361,55,"55",4,4,0.0110803324099723,0.0110803324099723,3.61,0.2063,7
"year","2015","prize1",361,61,"61",4,4,0.0110803324099723,0.0110803324099723,3.61,0.2063,7
"year","2015","prize1",361,65,"65",4,4,0.0110803324099723,0.0110803324099723,3.61,0.2063,7
"year","2015","prize1",361,75,"75",4,4,0.0110803324099723,0.0110803324099723,3.61,0.2063,7
"year","2015","prize1",361,81,"81",4,4,0.0110803324099723,0.0110803324099723,3.61,0.2063,7
"year","2015","prize1",361,86,"86",4,4,0.0110803324099723,0.0110803324099723,3.61,0.2063,7
"year","2015","prize1",361,89,"89",4,4,0.0110803324099723,0.0110803324099723,3.61,0.2063,7
"year","2015","prize1",361,93,"93",4,4,0.0110803324099723,0.0110803324099723,3.61,0.2063,7
"year","2015","prize1",361,94,"94",4,4,0.0110803324099723,0.0110803324099723,3.61,0.2063,7
"year","2015","prize1",361,99,"99",4,4,0.0110803324099723,0.0110803324099723,3.61,0.2063,7
"year","2015","prize1",361,1,"01",3,3,0.008310249307479225,0.008310249307479225,3.61,-0.3227,8
"year","2015","prize1",361,7,"07",3,3,0.008310249307479225,0.008310249307479225,3.61,-0.3227,8
"year","2015","prize1",361,12,"12",3,3,0.008310249307479225,0.008310249307479225,3.61,-0.3227,8
"year","2015","prize1",361,18,"18",3,3,0.008310249307479225,0.008310249307479225,3.61,-0.3227,8
"year","2015","prize1",361,20,"20",3,3,0.008310249307479225,0.008310249307479225,3.61,-0.3227,8
"year","2015","prize1",361,22,"22",3,3,0.008310249307479225,0.008310249307479225,3.61,-0.3227,8
"year","2015","prize1",361,23,"23",3,3,0.008310249307479225,0.008310249307479225,3.61,-0.3227,8
"year","2015","prize1",361,26,"26",3,3,0.008310249307479225,0.008310249307479225,3.61,-0.3227,8
"year","2015","prize1",361,31,"31",3,3,0.008310249307479225,0.008310249307479225,3.61,-0.3227,8
"year","2015","prize1",361,44,"44",3,3,0.008310249307479225,0.008310249307479225,3.61,-0.3227,8
"year","2015","prize1",361,45,"45",3,3,0.008310249307479225,0.008310249307479225,3.61,-0.3227,8
"year","2015","prize1",361,51,"51",3,3,0.008310249307479225,0.008310249307479225,3.61,-0.3227,8
"year","2015","prize1",361,58,"58",3,3,0.008310249307479225,0.008310249307479225,3.61,-0.3227,8
"year","2015","prize1",361,60,"60",3,3,0.008310249307479225,0.008310249307479225,3.61,-0.3227,8
"year","2015","prize1",361,63,"63",3,3,0.008310249307479225,0.008310249307479225,3.61,-0.3227,8
"year","2015","prize1",361,64,"64",3,3,0.008310249307479225,0.008310249307479225,3.61,-0.3227,8
"year","2015","prize1",361,69,"69",3,3,0.008310249307479225,0.008310249307479225,3.61,-0.3227,8
"year","2015","prize1",361,76,"76",3,3,0.008310249307479225,0.008310249307479225,3.61,-0.3227,8
"year","2015","prize1",361,87,"87",3,3,0.008310249307479225,0.008310249307479225,3.61,-0.3227,8
"year","2015","prize1",361,95,"95",3,3,0.008310249307479225,0.008310249307479225,3.61,-0.3227,8
"year","2015","prize1",361,15,"15",2,2,0.00554016620498615,0.00554016620498615,3.61,-0.8516,9
"year","2015","prize1",361,16,"16",2,2,0.00554016620498615,0.00554016620498615,3.61,-0.8516,9
"year","2015","prize1",361,33,"33",2,2,0.00554016620498615,0.00554016620498615,3.61,-0.8516,9
"year","2015","prize1",361,36,"36",2,2,0.00554016620498615,0.00554016620498615,3.61,-0.8516,9
"year","2015","prize1",361,42,"42",2,2,0.00554016620498615,0.00554016620498615,3.61,-0.8516,9
"year","2015","prize1",361,47,"47",2,2,0.00554016620498615,0.00554016620498615,3.61,-0.8516,9
"year","2015","prize1",361,48,"48",2,2,0.00554016620498615,0.00554016620498615,3.61,-0.8516,9
"year","2015","prize1",361,56,"56",2,2,0.00554016620498615,0.00554016620498615,3.61,-0.8516,9
"year","2015","prize1",361,66,"66",2,2,0.00554016620498615,0.00554016620498615,3.61,-0.8516,9
"year","2015","prize1",361,72,"72",2,2,0.00554016620498615,0.00554016620498615,3.61,-0.8516,9
"year","2015","prize1",361,74,"74",2,2,0.00554016620498615,0.00554016620498615,3.61,-0.8516,9
"year","2015","prize1",361,77,"77",2,2,0.00554016620498615,0.00554016620498615,3.61,-0.8516,9
"year","2015","prize1",361,78,"78",2,2,0.00554016620498615,0.00554016620498615,3.61,-0.8516,9
"year","2015","prize1",361,91,"91",2,2,0.00554016620498615,0.00554016620498615,3.61,-0.8516,9
"year","2015","prize1",361,8,"08",1,1,0.002770083102493075,0.002770083102493075,3.61,-1.3806,10
"year","2015","prize1",361,19,"19",1,1,0.002770083102493075,0.002770083102493075,3.61,-1.3806,10
"year","2015","prize1",361,25,"25",1,1,0.002770083102493075,0.002770083102493075,3.61,-1.3806,10
"year","2015","prize1",361,43,"43",1,1,0.002770083102493075,0.002770083102493075,3.61,-1.3806,10
"year","2015","prize1",361,57,"57",1,1,0.002770083102493075,0.002770083102493075,3.61,-1.3806,10
"year","2015","prize1",361,62,"62",1,1,0.002770083102493075,0.002770083102493075,3.61,-1.3806,10
"year","2015","prize1",361,67,"67",1,1,0.002770083102493075,0.002770083102493075,3.61,-1.3806,10
"year","2015","prize1",361,71,"71",1,1,0.002770083102493075,0.002770083102493075,3.61,-1.3806,10
"year","2015","prize1",361,73,"73",1,1,0.002770083102493075,0.002770083102493075,3.61,-1.3806,10
"year","2015","prize1",361,84,"84",1,1,0.002770083102493075,0.002770083102493075,3.61,-1.3806,10
"year","2015","prize1",361,97,"97",1,1,0.002770083102493075,0.002770083102493075,3.61,-1.3806,10
"year","2015","prize1",361,28,"28",0,0,0.0,0.0,3.61,-1.9096,11
"year","2015","prize1",361,82,"82",0,0,0.0,0.0,3.61,-1.9096,11
"year","2015","prize1",361,90,"90",0,0,0.0,0.0,3.61,-1.9096,11
"year","2015","prize1",361,98,"98",0,0,0.0,0.0,3.61,-1.9096,11
"year","2016","prize1",362,3,"03",9,9,0.024861878453038673,0.024861878453038673,3.62,2.8419,1
"year","2016","prize1",362,87,"87",9,9,0.024861878453038673,0.024861878453038673,3.62,2.8419,1
"year","2016","prize1",362,1,"01",8,8,0.022099447513812154,0.022099447513812154,3.62,2.3137,2
"year","2016","prize1",362,2,"02",7,7,0.019337016574585635,0.019337016574585635,3.62,1.7854,3
"year","2016","prize1",362,6,"06",7,7,0.019337016574585635,0.019337016574585635,3.62,1.7854,3
"year","2016","prize1",362,21,"21",7,7,0.019337016574585635,0.019337016574585635,3.62,1.7854,3
"year","2016","prize1",362,32,"32",7,7,0.019337016574585635,0.019337016574585635,3.62,1.7854,3
"year","2016","prize1",362,47,"47",7,7,0.019337016574585635,0.019337016574585635,3.62,1.7854,3
"year","2016","prize1",362,77,"77",7,7,0.019337016574585635,0.019337016574585635,3.62,1.7854,3
"year","2016","prize1",362,12,"12",6,6,0.016574585635359115,0.016574585635359115,3.62,1.2572,4
"year","2016","prize1",362,19,"19",6,6,0.016574585635359115,0.016574585635359115,3.62,1.2572,4
"year","2016","prize1",362,25,"25",6,6,0.016574585635359115,0.016574585635359115,3.62,1.2572,4
"year","2016","prize1",362,26,"26",6,6,0.016574585635359115,0.016574585635359115,3.62,1.2572,4
"year","2016","prize1",362,49,"49",6,6,0.016574585635359115,0.016574585635359115,3.62,1.2572,4
"year","2016","prize1",362,53,"53",6,6,0.016574585635359115,0.016574585635359115,3.62,1.2572,4
"year","2016","prize1",362,63,"63",6,6,0.016574585635359115,0.016574585635359115,3.62,1.2572,4
"year","2016","prize1",362,65,"65",6,6,0.016574585635359115,0.016574585635359115,3.62,1.2572,4
"year","2016","prize1",362,67,"67",6,6,0.016574585635359115,0.016574585635359115,3.62,1.2572,4
"year","2016","prize1",362,73,"73",6,6,0.016574585635359115,0.016574585635359115,3.62,1.2572,4
"year","2016","prize1",362,0,"00",5,5,0.013812154696132596,0.013812154696132596,3.62,0.729,5
"year","2016","prize1",362,9,"09",5,5,0.013812154696132596,0.013812154696132596,3.62,0.729,5
"year","2016","prize1",362,14,"14",5,5,0.013812154696132596,0.013812154696132596,3.62,0.729,5
"year","2016","prize1",362,16,"16",5,5,0.013812154696132596,0.013812154696132596,3.62,0.729,5
"year","2016","prize1",362,27,"27",5,5,0.013812154696132596,0.013812154696132596,3.62,0.729,5
"year","2016","prize1",362,28,"28",5,5,0.013812154696132596,0.013812154696132596,3.62,0.729,5
"year","2016","prize1",362,35,"35",5,5,0.013812154696132596,0.013812154696132596,3.62,0.729,5
"year","2016","prize1",362,37,"37",5,5,0.013812154696132596,0.013812154696132596,3.62,0.729,5
"year","2016","prize1",362,40,"40",5,5,0.013812154696132596,0.013812154696132596,3.62,0.729,5
"year","2016","prize1",362,56,"56",5,5,0.013812154696132596,0.013812154696132596,3.62,0.729,5
"year","2016","prize1",362,60,"60",5,5,0.013812154696132596,0.013812154696132596,3.62,0.729,5
"year","2016","prize1",362,74,"74",5,5,0.013812154696132596,0.013812154696132596,3.62,0.729,5
"year","2016","prize1",362,89,"89",5,5,0.013812154696132596,0.013812154696132596,3.62,0.729,5
"year","2016","prize1",362,4,"04",4,4,0.011049723756906077,0.011049723756906077,3.62,0.2007,6
"year","2016","prize1",362,17,"17",4,4,0.011049723756906077,0.011049723756906077,3.62,0.2007,6
"year","2016","prize1",362,24,"24",4,4,0.011049723756906077,0.011049723756906077,3.62,0.2007,6
"year","2016","prize1",362,29,"29",4,4,0.011049723756906077,0.011049723756906077,3.62,0.2007,6
"year","2016","prize1",362,34,"34",4,4,0.011049723756906077,0.011049723756906077,3.62,0.2007,6
"year","2016","prize1",362,36,"36",4,4,0.011049723756906077,0.011049723756906077,3.62,0.2007,6
"year","2016","prize1",362,44,"44",4,4,0.011049723756906077,0.011049723756906077,3.62,0.2007,6
"year","2016","prize1",362,48,"48",4,4,0.011049723756906077,0.011049723756906077,3.62,0.2007,6
"year","2016","prize1",362,54,"54",4,4,0.011049723756906077,0.011049723756906077,3.62,0.2007,6
"year","2016","prize1",362,55,"55",4,4,0.011049723756906077,0.011049723756906077,3.62,0.2007,6
"year","2016","prize1",362,61,"61",4,4,0.011049723756906077,0.011049723756906077,3.62,0.2007,6
"year","2016","prize1",362,69,"69",4,4,0.011049723756906077,0.011049723756906077,3.62,0.2007,6
"year","2016","prize1",362,70,"70",4,4,0.011049723756906077,0.011049723756906077,3.62,0.2007,6
"year","2016","prize1",362,75,"75",4,4,0.011049723756906077,0.011049723756906077,3.62,0.2007,6
"year","2016","prize1",362,78,"78",4,4,0.011049723756906077,0.011049723756906077,3.62,0.2007,6
"year","2016","prize1",362,91,"91",4,4,0.011049723756906077,0.011049723756906077,3.62,0.2007,6
"year","2016","prize1",362,92,"92",4,4,0.011049723756906077,0.011049723756906077,3.62,0.2007,6
"year","2016","prize1",362,98,"98",4,4,0.011049723756906077,0.011049723756906077,3.62,0.2007,6
"year","2016","prize1",362,15,"15",3,3,0.008287292817679558,0.008287292817679558,3.62,-0.3275,7
"year","2016","prize1",362,18,"18",3,3,0.008287292817679558,0.008287292817679558,3.62,-0.3275,7
"year","2016","prize1",362,22,"22",3,3,0.008287292817679558,0.008287292817679558,3.62,-0.3275,7
"year","2016","prize1",362,23,"23",3,3,0.008287292817679558,0.008287292817679558,3.62,-0.3275,7
"year","2016","prize1",362,30,"30",3,3,0.008287292817679558,0.008287292817679558,3.62,-0.3275,7
"year","2016","prize1",362,33,"33",3,3,0.008287292817679558,0.008287292817679558,3.62,-0.3275,7
"year","2016","prize1",362,39,"39",3,3,0.008287292817679558,0.008287292817679558,3.62,-0.3275,7
"year","2016","prize1",362,45,"45",3,3,0.008287292817679558,0.008287292817679558,3.62,-0.3275,7
"year","2016","prize1",362,51,"51",3,3,0.008287292817679558,0.008287292817679558,3.62,-0.3275,7
"year","2016","prize1",362,57,"57",3,3,0.008287292817679558,0.008287292817679558,3.62,-0.3275,7
"year","2016","prize1",362,62,"62",3,3,0.008287292817679558,0.008287292817679558,3.62,-0.3275,7
"year","2016","prize1",362,64,"64",3,3,0.008287292817679558,0.008287292817679558,3.62,-0.3275,7
"year","2016","prize1",362,66,"66",3,3,0.008287292817679558,0.008287292817679558,3.62,-0.3275,7
"year","2016","prize1",362,68,"68",3,3,0.008287292817679558,0.008287292817679558,3.62,-0.3275,7
"year","2016","prize1",362,71,"71",3,3,0.008287292817679558,0.008287292817679558,3.62,-0.3275,7
"year","2016","prize1",362,72,"72",3,3,0.008287292817679558,0.008287292817679558,3.62,-0.3275,7
"year","2016","prize1",362,79,"79",3,3,0.008287292817679558,0.008287292817679558,3.62,-0.3275,7
"year","2016","prize1",362,80,"80",3,3,0.008287292817679558,0.008287292817679558,3.62,-0.3275,7
"year","2016","prize1",362,86,"86",3,3,0.008287292817679558,0.008287292817679558,3.62,-0.3275,7
"year","2016","prize1",362,88,"88",3,3,0.008287292817679558,0.008287292817679558,3.62,-0.3275,7
"year","2016","prize1",362,90,"90",3,3,0.008287292817679558,0.008287292817679558,3.62,-0.3275,7
"year","2016","prize1",362,7,"07",2,2,0.0055248618784530384,0.0055248618784530384,3.62,-0.8557,8
"year","2016","prize1",362,42,"42",2,2,0.0055248618784530384,0.0055248618784530384,3.62,-0.8557,8
"year","2016","prize1",362,43,"43",2,2,0.0055248618784530384,0.0055248618784530384,3.62,-0.8557,8
"year","2016","prize1",362,46,"46",2,2,0.0055248618784530384,0.0055248618784530384,3.62,-0.8557,8
"year","2016","prize1",362,58,"58",2,2,0.0055248618784530384,0.0055248618784530384,3.62,-0.8557,8
"year","2016","prize1",362,76,"76",2,2,0.0055248618784530384,0.0055248618784530384,3.62,-0.8557,8
"year","2016","prize1",362,84,"84",2,2,0.0055248618784530384,0.0055248618784530384,3.62,-0.8557,8
"year","2016","prize1",362,93,"93",2,2,0.0055248618784530384,0.0055248618784530384,3.62,-0.8557,8
"year","2016","prize1",362,97,"97",2,2,0.0055248618784530384,0.0055248618784530384,3.62,-0.8557,8
"year","2016","prize1",362,99,"99",2,2,0.0055248618784530384,0.0055248618784530384,3.62,-0.8557,8
"year","2016","prize1",362,5,"05",1,1,0.0027624309392265192,0.0027624309392265192,3.62,-1.384,9
"year","2016","prize1",362,8,"08",1,1,0.0027624309392265192,0.0027624309392265192,3.62,-1.384,9
"year","2016","prize1",362,10,"10",1,1,0.0027624309392265192,0.0027624309392265192,3.62,-1.384,9
"year","2016","prize1",362,11,"11",1,1,0.0027624309392265192,0.0027624309392265192,3.62,-1.384,9
"year","2016","prize1",362,13,"13",1,1,0.0027624309392265192,0.0027624309392265192,3.62,-1.384,9
"year","2016","prize1",362,20,"20",1,1,0.0027624309392265192,0.0027624309392265192,3.62,-1.384,9
"year","2016","prize1",362,31,"31",1,1,0.0027624309392265192,0.0027624309392265192,3.62,-1.384,9
"year","2016","prize1",362,38,"38",1,1,0.0027624309392265192,0.0027624309392265192,3.62,-1.384,9
"year","2016","prize1",362,81,"81",1,1,0.0027624309392265192,0.0027624309392265192,3.62,-1.384,9
"year","2016","prize1",362,82,"82",1,1,0.0027624309392265192,0.0027624309392265192,3.62,-1.384,9
"year","2016","prize1",362,83,"83",1,1,0.0027624309392265192,0.0027624309392265192,3.62,-1.384,9
"year","2016","prize1",362,94,"94",1,1,0.0027624309392265192,0.0027624309392265192,3.62,-1.384,9
"year","2016","prize1",362,95,"95",1,1,0.0027624309392265192,0.0027624309392265192,3.62,-1.384,9
"year","2016","prize1",362,96,"96",1,1,0.0027624309392265192,0.0027624309392265192,3.62,-1.384,9
"year","2016","prize1",362,41,"41",0,0,0.0,0.0,3.62,-1.9122,10
"year","2016","prize1",362,50,"50",0,0,0.0,0.0,3.62,-1.9122,10
"year","2016","prize1",362,52,"52",0,0,0.0,0.0,3.62,-1.9122,10
"year","2016","prize1",362,59,"59",0,0,0.0,0.0,3.62,-1.9122,10
"year","2016","prize1",362,85,"85",0,0,0.0,0.0,3.62,-1.9122,10
"year","2017","prize1",361,95,"95",11,11,0.030470914127423823,0.030470914127423823,3.61,3.9091,1
"year","2017","prize1",361,19,"19",8,8,0.0221606648199446,0.0221606648199446,3.61,2.3222,2
"year","2017","prize1",361,54,"54",8,8,0.0221606648199446,0.0221606648199446,3.61,2.3222,2
"year","2017","prize1",361,83,"83",8,8,0.0221606648199446,0.0221606648199446,3.61,2.3222,2
"year","2017","prize1",361,4,"04",6,6,0.01662049861495845,0.01662049861495845,3.61,1.2642,3
"year","2017","prize1",361,5,"05",6,6,0.01662049861495845,0.01662049861495845,3.61,1.2642,3
"year","2017","prize1",361,14,"14",6,6,0.01662049861495845,0.01662049861495845,3.61,1.2642,3
"year","2017","prize1",361,18,"18",6,6,0.01662049861495845,0.01662049861495845,3.61,1.2642,3
"year","2017","prize1",361,48,"48",6,6,0.01662049861495845,0.01662049861495845,3.61,1.2642,3
"year","2017","prize1",361,67,"67",6,6,0.01662049861495845,0.01662049861495845,3.61,1.2642,3
"year","2017","prize1",361,68,"68",6,6,0.01662049861495845,0.01662049861495845,3.61,1.2642,3
"year","2017","prize1",361,74,"74",6,6,0.01662049861495845,0.01662049861495845,3.61,1.2642,3
"year","2017","prize1",361,82,"82",6,6,0.01662049861495845,0.01662049861495845,3.61,1.2642,3
"year","2017","prize1",361,86,"86",6,6,0.01662049861495845,0.01662049861495845,3.61,1.2642,3
"year","2017","prize1",361,1,"01",5,5,0.013850415512465374,0.013850415512465374,3.61,0.7353,4
"year","2017","prize1",361,27,"27",5,5,0.013850415512465374,0.013850415512465374,3.61,0.7353,4
"year","2017","prize1",361,38,"38",5,5,0.013850415512465374,0.013850415512465374,3.61,0.7353,4
"year","2017","prize1",361,41,"41",5,5,0.013850415512465374,0.013850415512465374,3.61,0.7353,4
"year","2017","prize1",361,47,"47",5,5,0.013850415512465374,0.013850415512465374,3.61,0.7353,4
"year","2017","prize1",361,53,"53",5,5,0.013850415512465374,0.013850415512465374,3.61,0.7353,4
"year","2017","prize1",361,55,"55",5,5,0.013850415512465374,0.013850415512465374,3.61,0.7353,4
"year","2017","prize1",361,57,"57",5,5,0.013850415512465374,0.013850415512465374,3.61,0.7353,4
"year","2017","prize1",361,60,"60",5,5,0.013850415512465374,0.013850415512465374,3.61,0.7353,4
"year","2017","prize1",361,69,"69",5,5,0.013850415512465374,0.013850415512465374,3.61,0.7353,4
"year","2017","prize1",361,79,"79",5,5,0.013850415512465374,0.013850415512465374,3.61,0.7353,4
"year","2017","prize1",361,81,"81",5,5,0.013850415512465374,0.013850415512465374,3.61,0.7353,4
"year","2017","prize1",361,84,"84",5,5,0.013850415512465374,0.013850415512465374,3.61,0.7353,4
"year","2017","prize1",361,85,"85",5,5,0.013850415512465374,0.013850415512465374,3.61,0.7353,4
"year","2017","prize1",361,10,"10",4,4,0.0110803324099723,0.0110803324099723,3.61,0.2063,5
"year","2017","prize1",361,16,"16",4,4,0.0110803324099723,0.0110803324099723,3.61,0.2063,5
"year","2017","prize1",361,21,"21",4,4,0.0110803324099723,0.0110803324099723,3.61,0.2063,5
"year","2017","prize1",361,24,"24",4,4,0.0110803324099723,0.0110803324099723,3.61,0.2063,5
"year","2017","prize1",361,32,"32",4,4,0.0110803324099723,0.0110803324099723,3.61,0.2063,5
"year","2017","prize1",361,37,"37",4,4,0.0110803324099723,0.0110803324099723,3.61,0.2063,5
"year","2017","prize1",361,40,"40",4,4,0.0110803324099723,0.0110803324099723,3.61,0.2063,5
"year","2017","prize1",361,42,"42",4,4,0.0110803324099723,0.0110803324099723,3.61,0.2063,5
"year","2017","prize1",361,44,"44",4,4,0.0110803324099723,0.0110803324099723,3.61,0.2063,5
"year","2017","prize1",361,45,"45",4,4,0.0110803324099723,0.0110803324099723,3.61,0.2063,5
"year","2017","prize1",361,46,"46",4,4,0.0110803324099723,0.0110803324099723,3.61,0.2063,5
"year","2017","prize1",361,52,"52",4,4,0.0110803324099723,0.0110803324099723,3.61,0.2063,5
"year","2017","prize1",361,63,"63",4,4,0.0110803324099723,0.0110803324099723,3.61,0.2063,5
"year","2017","prize1",361,71,"71",4,4,0.0110803324099723,0.0110803324099723,3.61,0.2063,5
"year","2017","prize1",361,72,"72",4,4,0.0110803324099723,0.0110803324099723,3.61,0.2063,5
"year","2017","prize1",361,73,"73",4,4,0.0110803324099723,0.0110803324099723,3.61,0.2063,5
"year","2017","prize1",361,77,"77",4,4,0.0110803324099723,0.0110803324099723,3.61,0.2063,5
"year","2017","prize1",361,87,"87",4,4,0.0110803324099723,0.0110803324099723,3.61,0.2063,5
"year","2017","prize1",361,88,"88",4,4,0.0110803324099723,0.0110803324099723,3.61,0.2063,5
"year","2017","prize1",361,94,"94",4,4,0.0110803324099723,0.0110803324099723,3.61,0.2063,5
"year","2017","prize1",361,96,"96",4,4,0.0110803324099723,0.0110803324099723,3.61,0.2063,5
"year","2017","prize1",361,98,"98",4,4,0.0110803324099723,0.0110803324099723,3.61,0.2063,5
"year","2017","prize1",361,2,"02",3,3,0.008310249307479225,0.008310249307479225,3.61,-0.3227,6
"year","2017","prize1",361,7,"07",3,3,0.008310249307479225,0.008310249307479225,3.61,-0.3227,6
"year","2017","prize1",361,9,"09",3,3,0.008310249307479225,0.008310249307479225,3.61,-0.3227,6
"year","2017","prize1",361,15,"15",3,3,0.008310249307479225,0.008310249307479225,3.61,-0.3227,6
"year","2017","prize1",361,22,"22",3,3,0.008310249307479225,0.008310249307479225,3.61,-0.3227,6
"year","2017","prize1",361,25,"25",3,3,0.008310249307479225,0.008310249307479225,3.61,-0.3227,6
"year","2017","prize1",361,28,"28",3,3,0.008310249307479225,0.008310249307479225,3.61,-0.3227,6
"year","2017","prize1",361,30,"30",3,3,0.008310249307479225,0.008310249307479225,3.61,-0.3227,6
"year","2017","prize1",361,31,"31",3,3,0.008310249307479225,0.008310249307479225,3.61,-0.3227,6
"year","2017","prize1",361,34,"34",3,3,0.008310249307479225,0.008310249307479225,3.61,-0.3227,6
"year","2017","prize1",361,43,"43",3,3,0.008310249307479225,0.008310249307479225,3.61,-0.3227,6
"year","2017","prize1",361,56,"56",3,3,0.008310249307479225,0.008310249307479225,3.61,-0.3227,6
"year","2017","prize1",361,58,"58",3,3,0.008310249307479225,0.008310249307479225,3.61,-0.3227,6
"year","2017","prize1",361,61,"61",3,3,0.008310249307479225,0.008310249307479225,3.61,-0.3227,6
"year","2017","prize1",361,62,"62",3,3,0.008310249307479225,0.008310249307479225,3.61,-0.3227,6
"year","2017","prize1",361,64,"64",3,3,0.008310249307479225,0.008310249307479225,3.61,-0.3227,6
"year","2017","prize1",361,65,"65",3,3,0.008310249307479225,0.008310249307479225,3.61,-0.3227,6
"year","2017","prize1",361,70,"70",3,3,0.008310249307479225,0.008310249307479225,3.61,-0.3227,6
"year","2017","prize1",361,78,"78",3,3,0.008310249307479225,0.008310249307479225,3.61,-0.3227,6
"year","2017","prize1",361,89,"89",3,3,0.008310249307479225,0.008310249307479225,3.61,-0.3227,6
"year","2017","prize1",361,93,"93",3,3,0.008310249307479225,0.008310249307479225,3.61,-0.3227,6
"year","2017","prize1",361,99,"99",3,3,0.008310249307479225,0.008310249307479225,3.61,-0.3227,6
"year","2017","prize1",361,0,"00",2,2,0.00554016620498615,0.00554016620498615,3.61,-0.8516,7
"year","2017","prize1",361,3,"03",2,2,0.00554016620498615,0.00554016620498615,3.61,-0.8516,7
"year","2017","prize1",361,6,"06",2,2,0.00554016620498615,0.00554016620498615,3.61,-0.8516,7
"year","2017","prize1",361,8,"08",2,2,0.00554016620498615,0.00554016620498615,3.61,-0.8516,7
"year","2017","prize1",361,11,"11",2,2,0.00554016620498615,0.00554016620498615,3.61,-0.8516,7
"year","2017","prize1",361,13,"13",2,2,0.00554016620498615,0.00554016620498615,3.61,-0.8516,7
"year","2017","prize1",361,20,"20",2,2,0.00554016620498615,0.00554016620498615,3.61,-0.8516,7
"year","2017","prize1",361,23,"23",2,2,0.00554016620498615,0.00554016620498615,3.61,-0.8516,7
"year","2017","prize1",361,29,"29",2,2,0.00554016620498615,0.00554016620498615,3.61,-0.8516,7
"year","2017","prize1",361,33,"33",2,2,0.00554016620498615,0.00554016620498615,3.61,-0.8516,7
"year","2017","prize1",361,36,"36",2,2,0.00554016620498615,0.00554016620498615,3.61,-0.8516,7
"year","2017","prize1",361,39,"39",2,2,0.00554016620498615,0.00554016620498615,3.61,-0.8516,7
"year","2017","prize1",361,49,"49",2,2,0.00554016620498615,0.00554016620498615,3.61,-0.8516,7
"year","2017","prize1",361,51,"51",2,2,0.00554016620498615,0.00554016620498615,3.61,-0.8516,7
"year","2017","prize1",361,66,"66",2,2,0.00554016620498615,0.00554016620498615,3.61,-0.8516,7
"year","2017","prize1",361,75,"75",2,2,0.00554016620498615,0.00554016620498615,3.61,-0.8516,7
"year","2017","prize1",361,97,"97",2,2,0.00554016620498615,0.00554016620498615,3.61,-0.8516,7
"year","2017","prize1",361,12,"12",1,1,0.002770083102493075,0.002770083102493075,3.61,-1.3806,8
"year","2017","prize1",361,17,"17",1,1,0.002770083102493075,0.002770083102493075,3.61,-1.3806,8
"year","2017","prize1",361,26,"26",1,1,0.002770083102493075,0.002770083102493075,3.61,-1.3806,8
"year","2017","prize1",361,50,"50",1,1,0.002770083102493075,0.002770083102493075,3.61,-1.3806,8
"year","2017","prize1",361,59,"59",1,1,0.002770083102493075,0.002770083102493075,3.61,-1.3806,8
"year","2017","prize1",361,76,"76",1,1,0.002770083102493075,0.002770083102493075,3.61,-1.3806,8
"year","2017","prize1",361,90,"90",1,1,0.002770083102493075,0.002770083102493075,3.61,-1.3806,8
"year","2017","prize1",361,92,"92",1,1,0.002770083102493075,0.002770083102493075,3.61,-1.3806,8
"year","2017","prize1",361,35,"35",0,0,0.0,0.0,3.61,-1.9096,9
"year","2017","prize1",361,80,"80",0,0,0.0,0.0,3.61,-1.9096,9
"year","2017","prize1",361,91,"91",0,0,0.0,0.0,3.61,-1.9096,9
"year","2018","prize1",361,0,"00",12,12,0.0332409972299169,0.0332409972299169,3.61,4.438,1
"year","2018","prize1",361,8,"08",8,8,0.0221606648199446,0.0221606648199446,3.61,2.3222,2
"year","2018","prize1",361,84,"84",8,8,0.0221606648199446,0.0221606648199446,3.61,2.3222,2
"year","2018","prize1",361,34,"34",7,7,0.019390581717451522,0.019390581717451522,3.61,1.7932,3
"year","2018","prize1",361,89,"89",7,7,0.019390581717451522,0.019390581717451522,3.61,1.7932,3
"year","2018","prize1",361,94,"94",7,7,0.019390581717451522,0.019390581717451522,3.61,1.7932,3
"year","2018","prize1",361,2,"02",6,6,0.01662049861495845,0.01662049861495845,3.61,1.2642,4
"year","2018","prize1",361,6,"06",6,6,0.01662049861495845,0.01662049861495845,3.61,1.2642,4
"year","2018","prize1",361,42,"42",6,6,0.01662049861495845,0.01662049861495845,3.61,1.2642,4
"year","2018","prize1",361,44,"44",6,6,0.01662049861495845,0.01662049861495845,3.61,1.2642,4
"year","2018","prize1",361,55,"55",6,6,0.01662049861495845,0.01662049861495845,3.61,1.2642,4
"year","2018","prize1",361,57,"57",6,6,0.01662049861495845,0.01662049861495845,3.61,1.2642,4
"year","2018","prize1",361,85,"85",6,6,0.01662049861495845,0.01662049861495845,3.61,1.2642,4
"year","2018","prize1",361,88,"88",6,6,0.01662049861495845,0.01662049861495845,3.61,1.2642,4
"year","2018","prize1",361,91,"91",6,6,0.01662049861495845,0.01662049861495845,3.61,1.2642,4
"year","2018","prize1",361,99,"99",6,6,0.01662049861495845,0.01662049861495845,3.61,1.2642,4
"year","2018","prize1",361,3,"03",5,5,0.013850415512465374,0.013850415512465374,3.61,0.7353,5
"year","2018","prize1",361,13,"13",5,5,0.013850415512465374,0.013850415512465374,3.61,0.7353,5
"year","2018","prize1",361,15,"15",5,5,0.013850415512465374,0.013850415512465374,3.61,0.7353,5
"year","2018","prize1",361,16,"16",5,5,0.013850415512465374,0.013850415512465374,3.61,0.7353,5
"year","2018","prize1",361,18,"18",5,5,0.013850415512465374,0.013850415512465374,3.61,0.7353,5
"year","2018","prize1",361,19,"19",5,5,0.013850415512465374,0.013850415512465374,3.61,0.7353,5
"year","2018","prize1",361,20,"20",5,5,0.013850415512465374,0.013850415512465374,3.61,0.7353,5
"year","2018","prize1",361,25,"25",5,5,0.013850415512465374,0.013850415512465374,3.61,0.7353,5
"year","2018","prize1",361,27,"27",5,5,0.013850415512465374,0.013850415512465374,3.61,0.7353,5
"year","2018","prize1",361,31,"31",5,5,0.013850415512465374,0.013850415512465374,3.61,0.7353,5
"year","2018","prize1",361,40,"40",5,5,0.013850415512465374,0.013850415512465374,3.61,0.7353,5
"year","2018","prize1",361,68,"68",5,5,0.013850415512465374,0.013850415512465374,3.61,0.7353,5
"year","2018","prize1",361,72,"72",5,5,0.013850415512465374,0.013850415512465374,3.61,0.7353,5
"year","2018","prize1",361,76,"76",5,5,0.013850415512465374,0.013850415512465374,3.61,0.7353,5
"year","2018","prize1",361,81,"81",5,5,0.013850415512465374,0.013850415512465374,3.61,0.7353,5
"year","2018","prize1",361,97,"97",5,5,0.013850415512465374,0.013850415512465374,3.61,0.7353,5
"year","2018","prize1",361,4,"04",4,4,0.0110803324099723,0.0110803324099723,3.61,0.2063,6
"year","2018","prize1",361,7,"07",4,4,0.0110803324099723,0.0110803324099723,3.61,0.2063,6
"year","2018","prize1",361,10,"10",4,4,0.0110803324099723,0.0110803324099723,3.61,0.2063,6
"year","2018","prize1",361,12,"12",4,4,0.0110803324099723,0.0110803324099723,3.61,0.2063,6
"year","2018","prize1",361,17,"17",4,4,0.0110803324099723,0.0110803324099723,3.61,0.2063,6
"year","2018","prize1",361,22,"22",4,4,0.0110803324099723,0.0110803324099723,3.61,0.2063,6
"year","2018","prize1",361,24,"24",4,4,0.0110803324099723,0.0110803324099723,3.61,0.2063,6
"year","2018","prize1",361,38,"38",4,4,0.0110803324099723,0.0110803324099723,3.61,0.2063,6
"year","2018","prize1",361,39,"39",4,4,0.0110803324099723,0.0110803324099723,3.61,0.2063,6
"year","2018","prize1",361,45,"45",4,4,0.0110803324099723,0.0110803324099723,3.61,0.2063,6
"year","2018","prize1",361,56,"56",4,4,0.0110803324099723,0.0110803324099723,3.61,0.2063,6
"year","2018","prize1",361,64,"64",4,4,0.0110803324099723,0.0110803324099723,3.61,0.2063,6
"year","2018","prize1",361,67,"67",4,4,0.0110803324099723,0.0110803324099723,3.61,0.2063,6
"year","2018","prize1",361,74,"74",4,4,0.0110803324099723,0.0110803324099723,3.61,0.2063,6
"year","2018","prize1",361,77,"77",4,4,0.0110803324099723,0.0110803324099723,3.61,0.2063,6
"year","2018","prize1",361,80,"80",4,4,0.0110803324099723,0.0110803324099723,3.61,0.2063,6
"year","2018","prize1",361,82,"82",4,4,0.0110803324099723,0.0110803324099723,3.61,0.2063,6
"year","2018","prize1",361,83,"83",4,4,0.0110803324099723,0.0110803324099723,3.61,0.2063,6
"year","2018","prize1",361,98,"98",4,4,0.0110803324099723,0.0110803324099723,3.61,0.2063,6
"year","2018","prize1",361,1,"01",3,3,0.008310249307479225,0.008310249307479225,3.61,-0.3227,7
"year","2018","prize1",361,9,"09",3,3,0.008310249307479225,0.008310249307479225,3.61,-0.3227,7
"year","2018","prize1",361,11,"11",3,3,0.008310249307479225,0.008310249307479225,3.61,-0.3227,7
"year","2018","prize1",361,21,"21",3,3,0.008310249307479225,0.008310249307479225,3.61,-0.3227,7
"year","2018","prize1",361,26,"26",3,3,0.008310249307479225,0.008310249307479225,3.61,-0.3227,7
"year","2018","prize1",361,32,"32",3,3,0.008310249307479225,0.008310249307479225,3.61,-0.3227,7
"year","2018","prize1",361,35,"35",3,3,0.008310249307479225,0.008310249307479225,3.61,-0.3227,7
"year","2018","prize1",361,37,"37",3,3,0.008310249307479225,0.008310249307479225,3.61,-0.3227,7
"year","2018","prize1",361,41,"41",3,3,0.008310249307479225,0.008310249307479225,3.61,-0.3227,7
"year","2018","prize1",361,49,"49",3,3,0.008310249307479225,0.008310249307479225,3.61,-0.3227,7
"year","2018","prize1",361,52,"52",3,3,0.008310249307479225,0.008310249307479225,3.61,-0.3227,7
"year","2018","prize1",361,53,"53",3,3,0.008310249307479225,0.008310249307479225,3.61,-0.3227,7
"year","2018","prize1",361,58,"58",3,3,0.008310249307479225,0.008310249307479225,3.61,-0.3227,7
"year","2018","prize1",361,60,"60",3,3,0.008310249307479225,0.008310249307479225,3.61,-0.3227,7
"year","2018","prize1",361,63,"63",3,3,0.008310249307479225,0.008310249307479225,3.61,-0.3227,7
"year","2018","prize1",361,66,"66",3,3,0.008310249307479225,0.008310249307479225,3.61,-0.3227,7
"year","2018","prize1",361,70,"70",3,3,0.008310249307479225,0.008310249307479225,3.61,-0.3227,7
"year","2018","prize1",361,73,"73",3,3,0.008310249307479225,0.008310249307479225,3.61,-0.3227,7
"year","2018","prize1",361,79,"79",3,3,0.008310249307479225,0.008310249307479225,3.61,-0.3227,7
"year","2018","prize1",361,5,"05",2,2,0.00554016620498615,0.00554016620498615,3.61,-0.8516,8
"year","2018","prize1",361,23,"23",2,2,0.00554016620498615,0.00554016620498615,3.61,-0.8516,8
"year","2018","prize1",361,30,"30",2,2,0.00554016620498615,0.00554016620498615,3.61,-0.8516,8
"year","2018","prize1",361,33,"33",2,2,0.00554016620498615,0.00554016620498615,3.61,-0.8516,8
"year","2018","prize1",361,36,"36",2,2,0.00554016620498615,0.00554016620498615,3.61,-0.8516,8
"year","2018","prize1",361,43,"43",2,2,0.00554016620498615,0.00554016620498615,3.61,-0.8516,8
"year","2018","prize1",361,46,"46",2,2,0.00554016620498615,0.00554016620498615,3.61,-0.8516,8
"year","2018","prize1",361,48,"48",2,2,0.00554016620498615,0.00554016620498615,3.61,-0.8516,8
"year","2018","prize1",361,61,"61",2,2,0.00554016620498615,0.00554016620498615,3.61,-0.8516,8
"year","2018","prize1",361,62,"62",2,2,0.00554016620498615,0.00554016620498615,3.61,-0.8516,8
"year","2018","prize1",361,69,"69",2,2,0.00554016620498615,0.00554016620498615,3.61,-0.8516,8
"year","2018","prize1",361,75,"75",2,2,0.00554016620498615,0.00554016620498615,3.61,-0.8516,8
"year","2018","prize1",361,78,"78",2,2,0.00554016620498615,0.00554016620498615,3.61,-0.8516,8
"year","2018","prize1",361,86,"86",2,2,0.00554016620498615,0.00554016620498615,3.61,-0.8516,8
"year","2018","prize1",361,92,"92",2,2,0.00554016620498615,0.00554016620498615,3.61,-0.8516,8
"year","2018","prize1",361,95,"95",2,2,0.00554016620498615,0.00554016620498615,3.61,-0.8516,8
"year","2018","prize1",361,14,"14",1,1,0.002770083102493075,0.002770083102493075,3.61,-1.3806,9
"year","2018","prize1",361,28,"28",1,1,0.002770083102493075,0.002770083102493075,3.61,-1.3806,9
"year","2018","prize1",361,29,"29",1,1,0.002770083102493075,0.002770083102493075,3.61,-1.3806,9
"year","2018","prize1",361,59,"59",1,1,0.002770083102493075,0.002770083102493075,3.61,-1.3806,9
"year","2018","prize1",361,65,"65",1,1,0.002770083102493075,0.002770083102493075,3.61,-1.3806,9
"year","2018","prize1",361,90,"90",1,1,0.002770083102493075,0.002770083102493075,3.61,-1.3806,9
"year","2018","prize1",361,96,"96",1,1,0.002770083102493075,0.002770083102493075,3.61,-1.3806,9
"year","2018","prize1",361,47,"47",0,0,0.0,0.0,3.61,-1.9096,10
"year","2018","prize1",361,50,"50",0,0,0.0,0.0,3.61,-1.9096,10
"year","2018","prize1",361,51,"51",0,0,0.0,0.0,3.61,-1.9096,10
"year","2018","prize1",361,54,"54",0,0,0.0,0.0,3.61,-1.9096,10
"year","2018","prize1",361,71,"71",0,0,0.0,0.0,3.61,-1.9096,10
"year","2018","prize1",361,87,"87",0,0,0.0,0.0,3.61,-1.9096,10
"year","2018","prize1",361,93,"93",0,0,0.0,0.0,3.61,-1.9096,10
"year","2019","prize1",361,29,"29",8,8,0.0221606648199446,0.0221606648199446,3.61,2.3222,1
"year","2019","prize1",361,87,"87",8,8,0.0221606648199446,0.0221606648199446,3.61,2.3222,1
"year","2019","prize1",361,14,"14",7,7,0.019390581717451522,0.019390581717451522,3.61,1.7932,2
"year","2019","prize1",361,30,"30",7,7,0.019390581717451522,0.019390581717451522,3.61,1.7932,2
"year","2019","prize1",361,45,"45",7,7,0.019390581717451522,0.019390581717451522,3.61,1.7932,2
"year","2019","prize1",361,59,"59",7,7,0.019390581717451522,0.019390581717451522,3.61,1.7932,2
"year","2019","prize1",361,63,"63",7,7,0.019390581717451522,0.019390581717451522,3.61,1.7932,2
"year","2019","prize1",361,23,"23",6,6,0.01662049861495845,0.01662049861495845,3.61,1.2642,3
"year","2019","prize1",361,42,"42",6,6,0.01662049861495845,0.01662049861495845,3.61,1.2642,3
"year","2019","prize1",361,57,"57",6,6,0.01662049861495845,0.01662049861495845,3.61,1.2642,3
"year","2019","prize1",361,60,"60",6,6,0.01662049861495845,0.01662049861495845,3.61,1.2642,3
"year","2019","prize1",361,61,"61",6,6,0.01662049861495845,0.01662049861495845,3.61,1.2642,3
"year","2019","prize1",361,89,"89",6,6,0.01662049861495845,0.01662049861495845,3.61,1.2642,3
"year","2019","prize1",361,97,"97",6,6,0.01662049861495845,0.01662049861495845,3.61,1.2642,3
"year","2019","prize1",361,1,"01",5,5,0.013850415512465374,0.013850415512465374,3.61,0.7353,4
"year","2019","prize1",361,5,"05",5,5,0.013850415512465374,0.013850415512465374,3.61,0.7353,4
"year","2019","prize1",361,21,"21",5,5,0.013850415512465374,0.013850415512465374,3.61,0.7353,4
"year","2019","prize1",361,33,"33",5,5,0.013850415512465374,0.013850415512465374,3.61,0.7353,4
"year","2019","prize1",361,44,"44",5,5,0.013850415512465374,0.013850415512465374,3.61,0.7353,4
"year","2019","prize1",361,47,"47",5,5,0.013850415512465374,0.013850415512465374,3.61,0.7353,4
"year","2019","prize1",361,50,"50",5,5,0.013850415512465374,0.013850415512465374,3.61,0.7353,4
"year","2019","prize1",361,68,"68",5,5,0.013850415512465374,0.013850415512465374,3.61,0.7353,4
"year","2019","prize1",361,84,"84",5,5,0.013850415512465374,0.013850415512465374,3.61,0.7353,4
"year","2019","prize1",361,95,"95",5,5,0.013850415512465374,0.013850415512465374,3.61,0.7353,4
"year","2019","prize1",361,98,"98",5,5,0.013850415512465374,0.013850415512465374,3.61,0.7353,4
"year","2019","prize1",361,99,"99",5,5,0.013850415512465374,0.013850415512465374,3.61,0.7353,4
"year","2019","prize1",361,0,"00",4,4,0.0110803324099723,0.0110803324099723,3.61,0.2063,5
"year","2019","prize1",361,7,"07",4,4,0.0110803324099723,0.0110803324099723,3.61,0.2063,5
"year","2019","prize1",361,10,"10",4,4,0.0110803324099723,0.0110803324099723,3.61,0.2063,5
"year","2019","prize1",361,11,"11",4,4,0.0110803324099723,0.0110803324099723,3.61,0.2063,5
"year","2019","prize1",361,12,"12",4,4,0.0110803324099723,0.0110803324099723,3.61,0.2063,5
"year","2019","prize1",361,19,"19",4,4,0.0110803324099723,0.0110803324099723,3.61,0.2063,5
"year","2019","prize1",361,27,"27",4,4,0.0110803324099723,0.0110803324099723,3.61,0.2063,5
"year","2019","prize1",361,28,"28",4,4,0.0110803324099723,0.0110803324099723,3.61,0.2063,5
"year","2019","prize1",361,31,"31",4,4,0.0110803324099723,0.0110803324099723,3.61,0.2063,5
"year","2019","prize1",361,34,"34",4,4,0.0110803324099723,0.0110803324099723,3.61,0.2063,5
"year","2019","prize1",361,40,"40",4,4,0.0110803324099723,0.0110803324099723,3.61,0.2063,5
"year","2019","prize1",361,49,"49",4,4,0.0110803324099723,0.0110803324099723,3.61,0.2063,5
"year","2019","prize1",361,52,"52",4,4,0.0110803324099723,0.0110803324099723,3.61,0.2063,5
"year","2019","prize1",361,54,"54",4,4,0.0110803324099723,0.0110803324099723,3.61,0.2063,5
"year","2019","prize1",361,66,"66",4,4,0.0110803324099723,0.0110803324099723,3.61,0.2063,5
"year","2019","prize1",361,67,"67",4,4,0.0110803324099723,0.0110803324099723,3.61,0.2063,5
"year","2019","prize1",361,76,"76",4,4,0.0110803324099723,0.0110803324099723,3.61,0.2063,5
"year","2019","prize1",361,90,"90",4,4,0.0110803324099723,0.0110803324099723,3.61,0.2063,5
"year","2019","prize1",361,92,"92",4,4,0.0110803324099723,0.0110803324099723,3.61,0.2063,5
"year","2019","prize1",361,93,"93",4,4,0.0110803324099723,0.0110803324099723,3.61,0.2063,5
"year","2019","prize1",361,96,"96",4,4,0.0110803324099723,0.0110803324099723,3.61,0.2063,5
"year","2019","prize1",361,2,"02",3,3,0.008310249307479225,0.008310249307479225,3.61,-0.3227,6
"year","2019","prize1",361,3,"03",3,3,0.008310249307479225,0.008310249307479225,3.61,-0.3227,6
"year","2019","prize1",361,4,"04",3,3,0.008310249307479225,0.008310249307479225,3.61,-0.3227,6
"year","2019","prize1",361,8,"08",3,3,0.008310249307479225,0.008310249307479225,3.61,-0.3227,6
"year","2019","prize1",361,13,"13",3,3,0.008310249307479225,0.008310249307479225,3.61,-0.3227,6
"year","2019","prize1",361,24,"24",3,3,0.008310249307479225,0.008310249307479225,3.61,-0.3227,6
"year","2019","prize1",361,26,"26",3,3,0.008310249307479225,0.008310249307479225,3.61,-0.3227,6
"year","2019","prize1",361,35,"35",3,3,0.008310249307479225,0.008310249307479225,3.61,-0.3227,6
"year","2019","prize1",361,36,"36",3,3,0.008310249307479225,0.008310249307479225,3.61,-0.3227,6
"year","2019","prize1",361,39,"39",3,3,0.008310249307479225,0.008310249307479225,3.61,-0.3227,6
"year","2019","prize1",361,41,"41",3,3,0.008310249307479225,0.008310249307479225,3.61,-0.3227,6
"year","2019","prize1",361,43,"43",3,3,0.008310249307479225,0.008310249307479225,3.61,-0.3227,6
"year","2019","prize1",361,46,"46",3,3,0.008310249307479225,0.008310249307479225,3.61,-0.3227,6
"year","2019","prize1",361,48,"48",3,3,0.008310249307479225,0.008310249307479225,3.61,-0.3227,6
"year","2019","prize1",361,56,"56",3,3,0.008310249307479225,0.008310249307479225,3.61,-0.3227,6
"year","2019","prize1",361,58,"58",3,3,0.008310249307479225,0.008310249307479225,3.61,-0.3227,6
"year","2019","prize1",361,64,"64",3,3,0.008310249307479225,0.008310249307479225,3.61,-0.3227,6
"year","2019","prize1",361,65,"65",3,3,0.008310249307479225,0.008310249307479225,3.61,-0.3227,6
"year","2019","prize1",361,70,"70",3,3,0.008310249307479225,0.008310249307479225,3.61,-0.3227,6
"year","2019","prize1",361,74,"74",3,3,0.008310249307479225,0.008310249307479225,3.61,-0.3227,6
"year","2019","prize1",361,75,"75",3,3,0.008310249307479225,0.008310249307479225,3.61,-0.3227,6
"year","2019","prize1",361,79,"79",3,3,0.008310249307479225,0.008310249307479225,3.61,-0.3227,6
"year","2019","prize1",361,81,"81",3,3,0.008310249307479225,0.008310249307479225,3.61,-0.3227,6
"year","2019","prize1",361,86,"86",3,3,0.008310249307479225,0.008310249307479225,3.61,-0.3227,6
"year","2019","prize1",361,94,"94",3,3,0.008310249307479225,0.008310249307479225,3.61,-0.3227,6
"year","2019","prize1",361,9,"09",2,2,0.00554016620498615,0.00554016620498615,3.61,-0.8516,7
"year","2019","prize1",361,16,"16",2,2,0.00554016620498615,0.00554016620498615,3.61,-0.8516,7
"year","2019","prize1",361,17,"17",2,2,0.00554016620498615,0.00554016620498615,3.61,-0.8516,7
"year","2019","prize1",361,18,"18",2,2,0.00554016620498615,0.00554016620498615,3.61,-0.8516,7
"year","2019","prize1",361,20,"20",2,2,0.00554016620498615,0.00554016620498615,3.61,-0.8516,7
"year","2019","prize1",361,32,"32",2,2,0.00554016620498615,0.00554016620498615,3.61,-0.8516,7
"year","2019","prize1",361,37,"37",2,2,0.00554016620498615,0.00554016620498615,3.61,-0.8516,7
"year","2019","prize1",361,38,"38",2,2,0.00554016620498615,0.00554016620498615,3.61,-0.8516,7
"year","2019","prize1",361,51,"51",2,2,0.00554016620498615,0.00554016620498615,3.61,-0.8516,7
"year","2019","prize1",361,53,"53",2,2,0.00554016620498615,0.00554016620498615,3.61,-0.8516,7
"year","2019","prize1",361,55,"55",2,2,0.00554016620498615,0.00554016620498615,3.61,-0.8516,7
"year","2019","prize1",361,62,"62",2,2,0.00554016620498615,0.00554016620498615,3.61,-0.8516,7
"year","2019","prize1",361,69,"69",2,2,0.00554016620498615,0.00554016620498615,3.61,-0.8516,7
"year","2019","prize1",361,71,"71",2,2,0.00554016620498615,0.00554016620498615,3.61,-0.8516,7
"year","2019","prize1",361,72,"72",2,2,0.00554016620498615,0.00554016620498615,3.61,-0.8516,7
"year","2019","prize1",361,73,"73",2,2,0.00554016620498615,0.00554016620498615,3.61,-0.8516,7
"year","2019","prize1",361,77,"77",2,2,0.00554016620498615,0.00554016620498615,3.61,-0.8516,7
"year","2019","prize1",361,82,"82",2,2,0.00554016620498615,0.00554016620498615,3.61,-0.8516,7
"year","2019","prize1",361,83,"83",2,2,0.00554016620498615,0.00554016620498615,3.61,-0.8516,7
"year","2019","prize1",361,85,"85",2,2,0.00554016620498615,0.00554016620498615,3.61,-0.8516,7
"year","2019","prize1",361,88,"88",2,2,0.00554016620498615,0.00554016620498615,3.61,-0.8516,7
"year","2019","prize1",361,91,"91",2,2,0.00554016620498615,0.00554016620498615,3.61,-0.8516,7
"year","2019","prize1",361,6,"06",1,1,0.002770083102493075,0.002770083102493075,3.61,-1.3806,8
"year","2019","prize1",361,15,"15",1,1,0.002770083102493075,0.002770083102493075,3.61,-1.3806,8
"year","2019","prize1",361,22,"22",1,1,0.002770083102493075,0.002770083102493075,3.61,-1.3806,8
"year","2019","prize1",361,25,"25",1,1,0.002770083102493075,0.002770083102493075,3.61,-1.3806,8
"year","2019","prize1",361,80,"80",1,1,0.002770083102493075,0.002770083102493075,3.61,-1.3806,8
"year","2019","prize1",361,78,"78",0,0,0.0,0.0,3.61,-1.9096,9
"year","2020","prize1",340,78,"78",10,10,0.029411764705882353,0.029411764705882353,3.4,3.5974,1
"year","2020","prize1",340,85,"85",10,10,0.029411764705882353,0.029411764705882353,3.4,3.5974,1
"year","2020","prize1",340,9,"09",9,9,0.026470588235294117,0.026470588235294117,3.4,3.0523,2
"year","2020","prize1",340,94,"94",9,9,0.026470588235294117,0.026470588235294117,3.4,3.0523,2
"year","2020","prize1",340,18,"18",8,8,0.023529411764705882,0.023529411764705882,3.4,2.5073,3
"year","2020","prize1",340,59,"59",7,7,0.020588235294117647,0.020588235294117647,3.4,1.9622,4
"year","2020","prize1",340,83,"83",7,7,0.020588235294117647,0.020588235294117647,3.4,1.9622,4
"year","2020","prize1",340,4,"04",6,6,0.01764705882352941,0.01764705882352941,3.4,1.4172,5
"year","2020","prize1",340,6,"06",6,6,0.01764705882352941,0.01764705882352941,3.4,1.4172,5
"year","2020","prize1",340,31,"31",6,6,0.01764705882352941,0.01764705882352941,3.4,1.4172,5
"year","2020","prize1",340,36,"36",6,6,0.01764705882352941,0.01764705882352941,3.4,1.4172,5
"year","2020","prize1",340,56,"56",6,6,0.01764705882352941,0.01764705882352941,3.4,1.4172,5
"year","2020","prize1",340,57,"57",6,6,0.01764705882352941,0.01764705882352941,3.4,1.4172,5
"year","2020","prize1",340,77,"77",6,6,0.01764705882352941,0.01764705882352941,3.4,1.4172,5
"year","2020","prize1",340,82,"82",6,6,0.01764705882352941,0.01764705882352941,3.4,1.4172,5
"year","2020","prize1",340,95,"95",6,6,0.01764705882352941,0.01764705882352941,3.4,1.4172,5
"year","2020","prize1",340,1,"01",5,5,0.014705882352941176,0.014705882352941176,3.4,0.8721,6
"year","2020","prize1",340,2,"02",5,5,0.014705882352941176,0.014705882352941176,3.4,0.8721,6
"year","2020","prize1",340,7,"07",5,5,0.014705882352941176,0.014705882352941176,3.4,0.8721,6
"year","2020","prize1",340,12,"12",5,5,0.014705882352941176,0.014705882352941176,3.4,0.8721,6
"year","2020","prize1",340,37,"37",5,5,0.014705882352941176,0.014705882352941176,3.4,0.8721,6
"year","2020","prize1",340,41,"41",5,5,0.014705882352941176,0.014705882352941176,3.4,0.8721,6
"year","2020","prize1",340,47,"47",5,5,0.014705882352941176,0.014705882352941176,3.4,0.8721,6
"year","2020","prize1",340,52,"52",5,5,0.014705882352941176,0.014705882352941176,3.4,0.8721,6
"year","2020","prize1",340,81,"81",5,5,0.014705882352941176,0.014705882352941176,3.4,0.8721,6
"year","2020","prize1",340,88,"88",5,5,0.014705882352941176,0.014705882352941176,3.4,0.8721,6
"year","2020","prize1",340,99,"99",5,5,0.014705882352941176,0.014705882352941176,3.4,0.8721,6
"year","2020","prize1",340,11,"11",4,4,0.011764705882352941,0.011764705882352941,3.4,0.327,7
"year","2020","prize1",340,19,"19",4,4,0.011764705882352941,0.011764705882352941,3.4,0.327,7
"year","2020","prize1",340,23,"23",4,4,0.011764705882352941,0.011764705882352941,3.4,0.327,7
"year","2020","prize1",340,43,"43",4,4,0.011764705882352941,0.011764705882352941,3.4,0.327,7
"year","2020","prize1",340,51,"51",4,4,0.011764705882352941,0.011764705882352941,3.4,0.327,7
"year","2020","prize1",340,55,"55",4,4,0.011764705882352941,0.011764705882352941,3.4,0.327,7
"year","2020","prize1",340,61,"61",4,4,0.011764705882352941,0.011764705882352941,3.4,0.327,7
"year","2020","prize1",340,63,"63",4,4,0.011764705882352941,0.011764705882352941,3.4,0.327,7
"year","2020","prize1",340,92,"92",4,4,0.011764705882352941,0.011764705882352941,3.4,0.327,7
"year","2020","prize1",340,97,"97",4,4,0.011764705882352941,0.011764705882352941,3.4,0.327,7
"year","2020","prize1",340,0,"00",3,3,0.008823529411764706,0.008823529411764706,3.4,-0.218,8
"year","2020","prize1",340,3,"03",3,3,0.008823529411764706,0.008823529411764706,3.4,-0.218,8
"year","2020","prize1",340,8,"08",3,3,0.008823529411764706,0.008823529411764706,3.4,-0.218,8
"year","2020","prize1",340,10,"10",3,3,0.008823529411764706,0.008823529411764706,3.4,-0.218,8
"year","2020","prize1",340,15,"15",3,3,0.008823529411764706,0.008823529411764706,3.4,-0.218,8
"year","2020","prize1",340,17,"17",3,3,0.008823529411764706,0.008823529411764706,3.4,-0.218,8
"year","2020","prize1",340,30,"30",3,3,0.008823529411764706,0.008823529411764706,3.4,-0.218,8
"year","2020","prize1",340,38,"38",3,3,0.008823529411764706,0.008823529411764706,3.4,-0.218,8
"year","2020","prize1",340,39,"39",3,3,0.008823529411764706,0.008823529411764706,3.4,-0.218,8
"year","2020","prize1",340,40,"40",3,3,0.008823529411764706,0.008823529411764706,3.4,-0.218,8
"year","2020","prize1",340,46,"46",3,3,0.008823529411764706,0.008823529411764706,3.4,-0.218,8
"year","2020","prize1",340,60,"60",3,3,0.008823529411764706,0.008823529411764706,3.4,-0.218,8
"year","2020","prize1",340,62,"62",3,3,0.008823529411764706,0.008823529411764706,3.4,-0.218,8
"year","2020","prize1",340,66,"66",3,3,0.008823529411764706,0.008823529411764706,3.4,-0.218,8
"year","2020","prize1",340,68,"68",3,3,0.008823529411764706,0.008823529411764706,3.4,-0.218,8
"year","2020","prize1",340,69,"69",3,3,0.008823529411764706,0.008823529411764706,3.4,-0.218,8
"year","2020","prize1",340,73,"73",3,3,0.008823529411764706,0.008823529411764706,3.4,-0.218,8
"year","2020","prize1",340,76,"76",3,3,0.008823529411764706,0.008823529411764706,3.4,-0.218,8
"year","2020","prize1",340,90,"90",3,3,0.008823529411764706,0.008823529411764706,3.4,-0.218,8
"year","2020","prize1",340,91,"91",3,3,0.008823529411764706,0.008823529411764706,3.4,-0.218,8
"year","2020","prize1",340,93,"93",3,3,0.008823529411764706,0.008823529411764706,3.4,-0.218,8
"year","2020","prize1",340,96,"96",3,3,0.008823529411764706,0.008823529411764706,3.4,-0.218,8
"year","2020","prize1",340,98,"98",3,3,0.008823529411764706,0.008823529411764706,3.4,-0.218,8
"year","2020","prize1",340,5,"05",2,2,0.0058823529411764705,0.0058823529411764705,3.4,-0.7631,9
"year","2020","prize1",340,14,"14",2,2,0.0058823529411764705,0.0058823529411764705,3.4,-0.7631,9
"year","2020","prize1",340,16,"16",2,2,0.0058823529411764705,0.0058823529411764705,3.4,-0.7631,9
"year","2020","prize1",340,20,"20",2,2,0.0058823529411764705,0.0058823529411764705,3.4,-0.7631,9
"year","2020","prize1",340,22,"22",2,2,0.0058823529411764705,0.0058823529411764705,3.4,-0.7631,9
"year","2020","prize1",340,25,"25",2,2,0.0058823529411764705,0.0058823529411764705,3.4,-0.7631,9
"year","2020","prize1",340,28,"28",2,2,0.0058823529411764705,0.0058823529411764705,3.4,-0.7631,9
"year","2020","prize1",340,29,"29",2,2,0.0058823529411764705,0.0058823529411764705,3.4,-0.7631,9
"year","2020","prize1",340,32,"32",2,2,0.0058823529411764705,0.0058823529411764705,3.4,-0.7631,9
"year","2020","prize1",340,33,"33",2,2,0.0058823529411764705,0.0058823529411764705,3.4,-0.7631,9
"year","2020","prize1",340,34,"34",2,2,0.0058823529411764705,0.0058823529411764705,3.4,-0.7631,9
"year","2020","prize1",340,35,"35",2,2,0.0058823529411764705,0.0058823529411764705,3.4,-0.7631,9
"year","2020","prize1",340,44,"44",2,2,0.0058823529411764705,0.0058823529411764705,3.4,-0.7631,9
"year","2020","prize1",340,45,"45",2,2,0.0058823529411764705,0.0058823529411764705,3.4,-0.7631,9
"year","2020","prize1",340,49,"49",2,2,0.0058823529411764705,0.0058823529411764705,3.4,-0.7631,9
"year","2020","prize1",340,53,"53",2,2,0.0058823529411764705,0.0058823529411764705,3.4,-0.7631,9
"year","2020","prize1",340,54,"54",2,2,0.0058823529411764705,0.0058823529411764705,3.4,-0.7631,9
"year","2020","prize1",340,58,"58",2,2,0.0058823529411764705,0.0058823529411764705,3.4,-0.7631,9
"year","2020","prize1",340,64,"64",2,2,0.0058823529411764705,0.0058823529411764705,3.4,-0.7631,9
"year","2020","prize1",340,67,"67",2,2,0.0058823529411764705,0.0058823529411764705,3.4,-0.7631,9
"year","2020","prize1",340,70,"70",2,2,0.0058823529411764705,0.0058823529411764705,3.4,-0.7631,9
"year","2020","prize1",340,71,"71",2,2,0.0058823529411764705,0.0058823529411764705,3.4,-0.7631,9
"year","2020","prize1",340,72,"72",2,2,0.0058823529411764705,0.0058823529411764705,3.4,-0.7631,9
"year","2020","prize1",340,75,"75",2,2,0.0058823529411764705,0.0058823529411764705,3.4,-0.7631,9
"year","2020","prize1",340,79,"79",2,2,0.0058823529411764705,0.0058823529411764705,3.4,-0.7631,9
"year","2020","prize1",340,80,"80",2,2,0.0058823529411764705,0.0058823529411764705,3.4,-0.7631,9
"year","2020","prize1",340,86,"86",2,2,0.0058823529411764705,0.0058823529411764705,3.4,-0.7631,9
"year","2020","prize1",340,89,"89",2,2,0.0058823529411764705,0.0058823529411764705,3.4,-0.7631,9
"year","2020","prize1",340,13,"13",1,1,0.0029411764705882353,0.0029411764705882353,3.4,-1.3081,10
"year","2020","prize1",340,24,"24",1,1,0.0029411764705882353,0.0029411764705882353,3.4,-1.3081,10
"year","2020","prize1",340,26,"26",1,1,0.0029411764705882353,0.0029411764705882353,3.4,-1.3081,10
"year","2020","prize1",340,27,"27",1,1,0.0029411764705882353,0.0029411764705882353,3.4,-1.3081,10
"year","2020","prize1",340,48,"48",1,1,0.0029411764705882353,0.0029411764705882353,3.4,-1.3081,10
"year","2020","prize1",340,84,"84",1,1,0.0029411764705882353,0.0029411764705882353,3.4,-1.3081,10
"year","2020","prize1",340,21,"21",0,0,0.0,0.0,3.4,-1.8532,11
"year","2020","prize1",340,42,"42",0,0,0.0,0.0,3.4,-1.8532,11
"year","2020","prize1",340,50,"50",0,0,0.0,0.0,3.4,-1.8532,11
"year","2020","prize1",340,65,"65",0,0,0.0,0.0,3.4,-1.8532,11
"year","2020","prize1",340,74,"74",0,0,0.0,0.0,3.4,-1.8532,11
"year","2020","prize1",340,87,"87",0,0,0.0,0.0,3.4,-1.8532,11
"year","2021","prize1",361,27,"27",8,8,0.0221606648199446,0.0221606648199446,3.61,2.3222,1
"year","2021","prize1",361,28,"28",8,8,0.0221606648199446,0.0221606648199446,3.61,2.3222,1
"year","2021","prize1",361,54,"54",7,7,0.019390581717451522,0.019390581717451522,3.61,1.7932,2
"year","2021","prize1",361,64,"64",7,7,0.019390581717451522,0.019390581717451522,3.61,1.7932,2
"year","2021","prize1",361,75,"75",7,7,0.019390581717451522,0.019390581717451522,3.61,1.7932,2
"year","2021","prize1",361,84,"84",7,7,0.019390581717451522,0.019390581717451522,3.61,1.7932,2
"year","2021","prize1",361,9,"09",6,6,0.01662049861495845,0.01662049861495845,3.61,1.2642,3
"year","2021","prize1",361,12,"12",6,6,0.01662049861495845,0.01662049861495845,3.61,1.2642,3
"year","2021","prize1",361,16,"16",6,6,0.01662049861495845,0.01662049861495845,3.61,1.2642,3
"year","2021","prize1",361,45,"45",6,6,0.01662049861495845,0.01662049861495845,3.61,1.2642,3
"year","2021","prize1",361,49,"49",6,6,0.01662049861495845,0.01662049861495845,3.61,1.2642,3
"year","2021","prize1",361,62,"62",6,6,0.01662049861495845,0.01662049861495845,3.61,1.2642,3
"year","2021","prize1",361,66,"66",6,6,0.01662049861495845,0.01662049861495845,3.61,1.2642,3
"year","2021","prize1",361,77,"77",6,6,0.01662049861495845,0.01662049861495845,3.61,1.2642,3
"year","2021","prize1",361,81,"81",6,6,0.01662049861495845,0.01662049861495845,3.61,1.2642,3
"year","2021","prize1",361,87,"87",6,6,0.01662049861495845,0.01662049861495845,3.61,1.2642,3
"year","2021","prize1",361,24,"24",5,5,0.013850415512465374,0.013850415512465374,3.61,0.7353,4
"year","2021","prize1",361,39,"39",5,5,0.013850415512465374,0.013850415512465374,3.61,0.7353,4
"year","2021","prize1",361,43,"43",5,5,0.013850415512465374,0.013850415512465374,3.61,0.7353,4
"year","2021","prize1",361,46,"46",5,5,0.013850415512465374,0.013850415512465374,3.61,0.7353,4
"year","2021","prize1",361,52,"52",5,5,0.013850415512465374,0.013850415512465374,3.61,0.7353,4
"year","2021","prize1",361,56,"56",5,5,0.013850415512465374,0.013850415512465374,3.61,0.7353,4
"year","2021","prize1",361,63,"63",5,5,0.013850415512465374,0.013850415512465374,3.61,0.7353,4
"year","2021","prize1",361,71,"71",5,5,0.013850415512465374,0.013850415512465374,3.61,0.7353,4
"year","2021","prize1",361,82,"82",5,5,0.013850415512465374,0.013850415512465374,3.61,0.7353,4
"year","2021","prize1",361,85,"85",5,5,0.013850415512465374,0.013850415512465374,3.61,0.7353,4
"year","2021","prize1",361,2,"02",4,4,0.0110803324099723,0.0110803324099723,3.61,0.2063,5
"year","2021","prize1",361,5,"05",4,4,0.0110803324099723,0.0110803324099723,3.61,0.2063,5
"year","2021","prize1",361,8,"08",4,4,0.0110803324099723,0.0110803324099723,3.61,0.2063,5
"year","2021","prize1",361,10,"10",4,4,0.0110803324099723,0.0110803324099723,3.61,0.2063,5
"year","2021","prize1",361,13,"13",4,4,0.0110803324099723,0.0110803324099723,3.61,0.2063,5
"year","2021","prize1",361,15,"15",4,4,0.0110803324099723,0.0110803324099723,3.61,0.2063,5
"year","2021","prize1",361,23,"23",4,4,0.0110803324099723,0.0110803324099723,3.61,0.2063,5
"year","2021","prize1",361,29,"29",4,4,0.0110803324099723,0.0110803324099723,3.61,0.2063,5
"year","2021","prize1",361,32,"32",4,4,0.0110803324099723,0.0110803324099723,3.61,0.2063,5
"year","2021","prize1",361,34,"34",4,4,0.0110803324099723,0.0110803324099723,3.61,0.2063,5
"year","2021","prize1",361,42,"42",4,4,0.0110803324099723,0.0110803324099723,3.61,0.2063,5
"year","2021","prize1",361,44,"44",4,4,0.0110803324099723,0.0110803324099723,3.61,0.2063,5
"year","2021","prize1",361,50,"50",4,4,0.0110803324099723,0.0110803324099723,3.61,0.2063,5
"year","2021","prize1",361,51,"51",4,4,0.0110803324099723,0.0110803324099723,3.61,0.2063,5
"year","2021","prize1",361,55,"55",4,4,0.0110803324099723,0.0110803324099723,3.61,0.2063,5
"year","2021","prize1",361,60,"60",4,4,0.0110803324099723,0.0110803324099723,3.61,0.2063,5
"year","2021","prize1",361,61,"61",4,4,0.0110803324099723,0.0110803324099723,3.61,0.2063,5
"year","2021","prize1",361,68,"68",4,4,0.0110803324099723,0.0110803324099723,3.61,0.2063,5
"year","2021","prize1",361,72,"72",4,4,0.0110803324099723,0.0110803324099723,3.61,0.2063,5
"year","2021","prize1",361,74,"74",4,4,0.0110803324099723,0.0110803324099723,3.61,0.2063,5
"year","2021","prize1",361,78,"78",4,4,0.0110803324099723,0.0110803324099723,3.61,0.2063,5
"year","2021","prize1",361,88,"88",4,4,0.0110803324099723,0.0110803324099723,3.61,0.2063,5
"year","2021","prize1",361,96,"96",4,4,0.0110803324099723,0.0110803324099723,3.61,0.2063,5
"year","2021","prize1",361,99,"99",4,4,0.0110803324099723,0.0110803324099723,3.61,0.2063,5
"year","2021","prize1",361,7,"07",3,3,0.008310249307479225,0.008310249307479225,3.61,-0.3227,6
"year","2021","prize1",361,14,"14",3,3,0.008310249307479225,0.008310249307479225,3.61,-0.3227,6
"year","2021","prize1",361,18,"18",3,3,0.008310249307479225,0.008310249307479225,3.61,-0.3227,6
"year","2021","prize1",361,19,"19",3,3,0.008310249307479225,0.008310249307479225,3.61,-0.3227,6
"year","2021","prize1",361,30,"30",3,3,0.008310249307479225,0.008310249307479225,3.61,-0.3227,6
"year","2021","prize1",361,31,"31",3,3,0.008310249307479225,0.008310249307479225,3.61,-0.3227,6
"year","2021","prize1",361,33,"33",3,3,0.008310249307479225,0.008310249307479225,3.61,-0.3227,6
"year","2021","prize1",361,37,"37",3,3,0.008310249307479225,0.008310249307479225,3.61,-0.3227,6
"year","2021","prize1",361,41,"41",3,3,0.008310249307479225,0.008310249307479225,3.61,-0.3227,6
"year","2021","prize1",361,48,"48",3,3,0.008310249307479225,0.008310249307479225,3.61,-0.3227,6
"year","2021","prize1",361,58,"58",3,3,0.008310249307479225,0.008310249307479225,3.61,-0.3227,6
"year","2021","prize1",361,59,"59",3,3,0.008310249307479225,0.008310249307479225,3.61,-0.3227,6
"year","2021","prize1",361,65,"65",3,3,0.008310249307479225,0.008310249307479225,3.61,-0.3227,6
"year","2021","prize1",361,67,"67",3,3,0.008310249307479225,0.008310249307479225,3.61,-0.3227,6
"year","2021","prize1",361,70,"70",3,3,0.008310249307479225,0.008310249307479225,3.61,-0.3227,6
"year","2021","prize1",361,76,"76",3,3,0.008310249307479225,0.008310249307479225,3.61,-0.3227,6
"year","2021","prize1",361,79,"79",3,3,0.008310249307479225,0.008310249307479225,3.61,-0.3227,6
"year","2021","prize1",361,80,"80",3,3,0.008310249307479225,0.008310249307479225,3.61,-0.3227,6
"year","2021","prize1",361,83,"83",3,3,0.008310249307479225,0.008310249307479225,3.61,-0.3227,6
"year","2021","prize1",361,86,"86",3,3,0.008310249307479225,0.008310249307479225,3.61,-0.3227,6
"year","2021","prize1",361,90,"90",3,3,0.008310249307479225,0.008310249307479225,3.61,-0.3227,6
"year","2021","prize1",361,93,"93",3,3,0.008310249307479225,0.008310249307479225,3.61,-0.3227,6
"year","2021","prize1",361,94,"94",3,3,0.008310249307479225,0.008310249307479225,3.61,-0.3227,6
"year","2021","prize1",361,95,"95",3,3,0.008310249307479225,0.008310249307479225,3.61,-0.3227,6
"year","2021","prize1",361,0,"00",2,2,0.00554016620498615,0.00554016620498615,3.61,-0.8516,7
"year","2021","prize1",361,4,"04",2,2,0.00554016620498615,0.00554016620498615,3.61,-0.8516,7
"year","2021","prize1",361,6,"06",2,2,0.00554016620498615,0.00554016620498615,3.61,-0.8516,7
"year","2021","prize1",361,11,"11",2,2,0.00554016620498615,0.00554016620498615,3.61,-0.8516,7
"year","2021","prize1",361,17,"17",2,2,0.00554016620498615,0.00554016620498615,3.61,-0.8516,7
"year","2021","prize1",361,22,"22",2,2,0.00554016620498615,0.00554016620498615,3.61,-0.8516,7
"year","2021","prize1",361,35,"35",2,2,0.00554016620498615,0.00554016620498615,3.61,-0.8516,7
"year","2021","prize1",361,38,"38",2,2,0.00554016620498615,0.00554016620498615,3.61,-0.8516,7
"year","2021","prize1",361,40,"40",2,2,0.00554016620498615,0.00554016620498615,3.61,-0.8516,7
"year","2021","prize1",361,47,"47",2,2,0.00554016620498615,0.00554016620498615,3.61,-0.8516,7
"year","2021","prize1",361,53,"53",2,2,0.00554016620498615,0.00554016620498615,3.61,-0.8516,7
"year","2021","prize1",361,69,"69",2,2,0.00554016620498615,0.00554016620498615,3.61,-0.8516,7
"year","2021","prize1",361,73,"73",2,2,0.00554016620498615,0.00554016620498615,3.61,-0.8516,7
"year","2021","prize1",361,91,"91",2,2,0.00554016620498615,0.00554016620498615,3.61,-0.8516,7
"year","2021","prize1",361,98,"98",2,2,0.00554016620498615,0.00554016620498615,3.61,-0.8516,7
"year","2021","prize1",361,3,"03",1,1,0.002770083102493075,0.002770083102493075,3.61,-1.3806,8
"year","2021","prize1",361,20,"20",1,1,0.002770083102493075,0.002770083102493075,3.61,-1.3806,8
"year","2021","prize1",361,21,"21",1,1,0.002770083102493075,0.002770083102493075,3.61,-1.3806,8
"year","2021","prize1",361,25,"25",1,1,0.002770083102493075,0.002770083102493075,3.61,-1.3806,8
"year","2021","prize1",361,26,"26",1,1,0.002770083102493075,0.002770083102493075,3.61,-1.3806,8
"year","2021","prize1",361,36,"36",1,1,0.002770083102493075,0.002770083102493075,3.61,-1.3806,8
"year","2021","prize1",361,89,"89",1,1,0.002770083102493075,0.002770083102493075,3.61,-1.3806,8
"year","2021","prize1",361,92,"92",1,1,0.002770083102493075,0.002770083102493075,3.61,-1.3806,8
"year","2021","prize1",361,97,"97",1,1,0.002770083102493075,0.002770083102493075,3.61,-1.3806,8
"year","2021","prize1",361,1,"01",0,0,0.0,0.0,3.61,-1.9096,9
"year","2021","prize1",361,57,"57",0,0,0.0,0.0,3.61,-1.9096,9
"year","2022","prize1",361,34,"34",9,9,0.024930747922437674,0.024930747922437674,3.61,2.8511,1
"year","2022","prize1",361,33,"33",8,8,0.0221606648199446,0.0221606648199446,3.61,2.3222,2
"year","2022","prize1",361,69,"69",8,8,0.0221606648199446,0.0221606648199446,3.61,2.3222,2
"year","2022","prize1",361,36,"36",7,7,0.019390581717451522,0.019390581717451522,3.61,1.7932,3
"year","2022","prize1",361,42,"42",7,7,0.019390581717451522,0.019390581717451522,3.61,1.7932,3
"year","2022","prize1",361,44,"44",7,7,0.019390581717451522,0.019390581717451522,3.61,1.7932,3
"year","2022","prize1",361,76,"76",7,7,0.019390581717451522,0.019390581717451522,3.61,1.7932,3
"year","2022","prize1",361,16,"16",6,6,0.01662049861495845,0.01662049861495845,3.61,1.2642,4
"year","2022","prize1",361,43,"43",6,6,0.01662049861495845,0.01662049861495845,3.61,1.2642,4
"year","2022","prize1",361,57,"57",6,6,0.01662049861495845,0.01662049861495845,3.61,1.2642,4
"year","2022","prize1",361,62,"62",6,6,0.01662049861495845,0.01662049861495845,3.61,1.2642,4
"year","2022","prize1",361,78,"78",6,6,0.01662049861495845,0.01662049861495845,3.61,1.2642,4
"year","2022","prize1",361,0,"00",5,5,0.013850415512465374,0.013850415512465374,3.61,0.7353,5
"year","2022","prize1",361,5,"05",5,5,0.013850415512465374,0.013850415512465374,3.61,0.7353,5
"year","2022","prize1",361,7,"07",5,5,0.013850415512465374,0.013850415512465374,3.61,0.7353,5
"year","2022","prize1",361,12,"12",5,5,0.013850415512465374,0.013850415512465374,3.61,0.7353,5
"year","2022","prize1",361,26,"26",5,5,0.013850415512465374,0.013850415512465374,3.61,0.7353,5
"year","2022","prize1",361,29,"29",5,5,0.013850415512465374,0.013850415512465374,3.61,0.7353,5
"year","2022","prize1",361,31,"31",5,5,0.013850415512465374,0.013850415512465374,3.61,0.7353,5
"year","2022","prize1",361,32,"32",5,5,0.013850415512465374,0.013850415512465374,3.61,0.7353,5
"year","2022","prize1",361,35,"35",5,5,0.013850415512465374,0.013850415512465374,3.61,0.7353,5
"year","2022","prize1",361,41,"41",5,5,0.013850415512465374,0.013850415512465374,3.61,0.7353,5
"year","2022","prize1",361,47,"47",5,5,0.013850415512465374,0.013850415512465374,3.61,0.7353,5
"year","2022","prize1",361,52,"52",5,5,0.013850415512465374,0.013850415512465374,3.61,0.7353,5
"year","2022","prize1",361,58,"58",5,5,0.013850415512465374,0.013850415512465374,3.61,0.7353,5
"year","2022","prize1",361,68,"68",5,5,0.013850415512465374,0.013850415512465374,3.61,0.7353,5
"year","2022","prize1",361,73,"73",5,5,0.013850415512465374,0.013850415512465374,3.61,0.7353,5
"year","2022","prize1",361,77,"77",5,5,0.013850415512465374,0.013850415512465374,3.61,0.7353,5
"year","2022","prize1",361,3,"03",4,4,0.0110803324099723,0.0110803324099723,3.61,0.2063,6
"year","2022","prize1",361,10,"10",4,4,0.0110803324099723,0.0110803324099723,3.61,0.2063,6
"year","2022","prize1",361,15,"15",4,4,0.0110803324099723,0.0110803324099723,3.61,0.2063,6
"year","2022","prize1",361,19,"19",4,4,0.0110803324099723,0.0110803324099723,3.61,0.2063,6
"year","2022","prize1",361,20,"20",4,4,0.0110803324099723,0.0110803324099723,3.61,0.2063,6
"year","2022","prize1",361,22,"22",4,4,0.0110803324099723,0.0110803324099723,3.61,0.2063,6
"year","2022","prize1",361,24,"24",4,4,0.0110803324099723,0.0110803324099723,3.61,0.2063,6
"year","2022","prize1",361,30,"30",4,4,0.0110803324099723,0.0110803324099723,3.61,0.2063,6
"year","2022","prize1",361,40,"40",4,4,0.0110803324099723,0.0110803324099723,3.61,0.2063,6
"year","2022","prize1",361,53,"53",4,4,0.0110803324099723,0.0110803324099723,3.61,0.2063,6
"year","2022","prize1",361,59,"59",4,4,0.0110803324099723,0.0110803324099723,3.61,0.2063,6
"year","2022","prize1",361,61,"61",4,4,0.0110803324099723,0.0110803324099723,3.61,0.2063,6
"year","2022","prize1",361,63,"63",4,4,0.0110803324099723,0.0110803324099723,3.61,0.2063,6
"year","2022","prize1",361,66,"66",4,4,0.0110803324099723,0.0110803324099723,3.61,0.2063,6
"year","2022","prize1",361,70,"70",4,4,0.0110803324099723,0.0110803324099723,3.61,0.2063,6
"year","2022","prize1",361,74,"74",4,4,0.0110803324099723,0.0110803324099723,3.61,0.2063,6
"year","2022","prize1",361,79,"79",4,4,0.0110803324099723,0.0110803324099723,3.61,0.2063,6
"year","2022","prize1",361,80,"80",4,4,0.0110803324099723,0.0110803324099723,3.61,0.2063,6
"year","2022","prize1",361,86,"86",4,4,0.0110803324099723,0.0110803324099723,3.61,0.2063,6
"year","2022","prize1",361,90,"90",4,4,0.0110803324099723,0.0110803324099723,3.61,0.2063,6
"year","2022","prize1",361,95,"95",4,4,0.0110803324099723,0.0110803324099723,3.61,0.2063,6
"year","2022","prize1",361,96,"96",4,4,0.0110803324099723,0.0110803324099723,3.61,0.2063,6
"year","2022","prize1",361,97,"97",4,4,0.0110803324099723,0.0110803324099723,3.61,0.2063,6
"year","2022","prize1",361,2,"02",3,3,0.008310249307479225,0.008310249307479225,3.61,-0.3227,7
"year","2022","prize1",361,4,"04",3,3,0.008310249307479225,0.008310249307479225,3.61,-0.3227,7
"year","2022","prize1",361,9,"09",3,3,0.008310249307479225,0.008310249307479225,3.61,-0.3227,7
"year","2022","prize1",361,17,"17",3,3,0.008310249307479225,0.008310249307479225,3.61,-0.3227,7
"year","2022","prize1",361,23,"23",3,3,0.008310249307479225,0.008310249307479225,3.61,-0.3227,7
"year","2022","prize1",361,27,"27",3,3,0.008310249307479225,0.008310249307479225,3.61,-0.3227,7
"year","2022","prize1",361,37,"37",3,3,0.008310249307479225,0.008310249307479225,3.61,-0.3227,7
"year","2022","prize1",361,38,"38",3,3,0.008310249307479225,0.008310249307479225,3.61,-0.3227,7
"year","2022","prize1",361,46,"46",3,3,0.008310249307479225,0.008310249307479225,3.61,-0.3227,7
"year","2022","prize1",361,49,"49",3,3,0.008310249307479225,0.008310249307479225,3.61,-0.3227,7
"year","2022","prize1",361,50,"50",3,3,0.008310249307479225,0.008310249307479225,3.61,-0.3227,7
"year","2022","prize1",361,54,"54",3,3,0.008310249307479225,0.008310249307479225,3.61,-0.3227,7
"year","2022","prize1",361,64,"64",3,3,0.008310249307479225,0.008310249307479225,3.61,-0.3227,7
"year","2022","prize1",361,65,"65",3,3,0.008310249307479225,0.008310249307479225,3.61,-0.3227,7
"year","2022","prize1",361,67,"67",3,3,0.008310249307479225,0.008310249307479225,3.61,-0.3227,7
"year","2022","prize1",361,71,"71",3,3,0.008310249307479225,0.008310249307479225,3.61,-0.3227,7
"year","2022","prize1",361,72,"72",3,3,0.008310249307479225,0.008310249307479225,3.61,-0.3227,7
"year","2022","prize1",361,84,"84",3,3,0.008310249307479225,0.008310249307479225,3.61,-0.3227,7
"year","2022","prize1",361,85,"85",3,3,0.008310249307479225,0.008310249307479225,3.61,-0.3227,7
"year","2022","prize1",361,87,"87",3,3,0.008310249307479225,0.008310249307479225,3.61,-0.3227,7
"year","2022","prize1",361,93,"93",3,3,0.008310249307479225,0.008310249307479225,3.61,-0.3227,7
"year","2022","prize1",361,94,"94",3,3,0.008310249307479225,0.008310249307479225,3.61,-0.3227,7
"year","2022","prize1",361,1,"01",2,2,0.00554016620498615,0.00554016620498615,3.61,-0.8516,8
"year","2022","prize1",361,6,"06",2,2,0.00554016620498615,0.00554016620498615,3.61,-0.8516,8
"year","2022","prize1",361,13,"13",2,2,0.00554016620498615,0.00554016620498615,3.61,-0.8516,8
"year","2022","prize1",361,18,"18",2,2,0.00554016620498615,0.00554016620498615,3.61,-0.8516,8
"year","2022","prize1",361,21,"21",2,2,0.00554016620498615,0.00554016620498615,3.61,-0.8516,8
"year","2022","prize1",361,28,"28",2,2,0.00554016620498615,0.00554016620498615,3.61,-0.8516,8
"year","2022","prize1",361,45,"45",2,2,0.00554016620498615,0.00554016620498615,3.61,-0.8516,8
"year","2022","prize1",361,51,"51",2,2,0.00554016620498615,0.00554016620498615,3.61,-0.8516,8
"year","2022","prize1",361,56,"56",2,2,0.00554016620498615,0.00554016620498615,3.61,-0.8516,8
"year","2022","prize1",361,75,"75",2,2,0.00554016620498615,0.00554016620498615,3.61,-0.8516,8
"year","2022","prize1",361,81,"81",2,2,0.00554016620498615,0.00554016620498615,3.61,-0.8516,8
"year","2022","prize1",361,83,"83",2,2,0.00554016620498615,0.00554016620498615,3.61,-0.8516,8
"year","2022","prize1",361,88,"88",2,2,0.00554016620498615,0.00554016620498615,3.61,-0.8516,8
"year","2022","prize1",361,91,"91",2,2,0.00554016620498615,0.00554016620498615,3.61,-0.8516,8
"year","2022","prize1",361,92,"92",2,2,0.00554016620498615,0.00554016620498615,3.61,-0.8516,8
"year","2022","prize1",361,99,"99",2,2,0.00554016620498615,0.00554016620498615,3.61,-0.8516,8
"year","2022","prize1",361,8,"08",1,1,0.002770083102493075,0.002770083102493075,3.61,-1.3806,9
"year","2022","prize1",361,14,"14",1,1,0.002770083102493075,0.002770083102493075,3.61,-1.3806,9
"year","2022","prize1",361,25,"25",1,1,0.002770083102493075,0.002770083102493075,3.61,-1.3806,9
"year","2022","prize1",361,48,"48",1,1,0.002770083102493075,0.002770083102493075,3.61,-1.3806,9
"year","2022","prize1",361,55,"55",1,1,0.002770083102493075,0.002770083102493075,3.61,-1.3806,9
"year","2022","prize1",361,60,"60",1,1,0.002770083102493075,0.002770083102493075,3.61,-1.3806,9
"year","2022","prize1",361,82,"82",1,1,0.002770083102493075,0.002770083102493075,3.61,-1.3806,9
"year","2022","prize1",361,98,"98",1,1,0.002770083102493075,0.002770083102493075,3.61,-1.3806,9
"year","2022","prize1",361,11,"11",0,0,0.0,0.0,3.61,-1.9096,10
"year","2022","prize1",361,39,"39",0,0,0.0,0.0,3.61,-1.9096,10
"year","2022","prize1",361,89,"89",0,0,0.0,0.0,3.61,-1.9096,10
"year","2023","prize1",361,86,"86",9,9,0.024930747922437674,0.024930747922437674,3.61,2.8511,1
"year","2023","prize1",361,13,"13",7,7,0.019390581717451522,0.019390581717451522,3.61,1.7932,2
"year","2023","prize1",361,48,"48",7,7,0.019390581717451522,0.019390581717451522,3.61,1.7932,2
"year","2023","prize1",361,70,"70",7,7,0.019390581717451522,0.019390581717451522,3.61,1.7932,2
"year","2023","prize1",361,72,"72",7,7,0.019390581717451522,0.019390581717451522,3.61,1.7932,2
"year","2023","prize1",361,75,"75",7,7,0.019390581717451522,0.019390581717451522,3.61,1.7932,2
"year","2023","prize1",361,79,"79",7,7,0.019390581717451522,0.019390581717451522,3.61,1.7932,2
"year","2023","prize1",361,88,"88",7,7,0.019390581717451522,0.019390581717451522,3.61,1.7932,2
"year","2023","prize1",361,11,"11",6,6,0.01662049861495845,0.01662049861495845,3.61,1.2642,3
"year","2023","prize1",361,36,"36",6,6,0.01662049861495845,0.01662049861495845,3.61,1.2642,3
"year","2023","prize1",361,43,"43",6,6,0.01662049861495845,0.01662049861495845,3.61,1.2642,3
"year","2023","prize1",361,61,"61",6,6,0.01662049861495845,0.01662049861495845,3.61,1.2642,3
"year","2023","prize1",361,85,"85",6,6,0.01662049861495845,0.01662049861495845,3.61,1.2642,3
"year","2023","prize1",361,3,"03",5,5,0.013850415512465374,0.013850415512465374,3.61,0.7353,4
"year","2023","prize1",361,8,"08",5,5,0.013850415512465374,0.013850415512465374,3.61,0.7353,4
"year","2023","prize1",361,17,"17",5,5,0.013850415512465374,0.013850415512465374,3.61,0.7353,4
"year","2023","prize1",361,33,"33",5,5,0.013850415512465374,0.013850415512465374,3.61,0.7353,4
"year","2023","prize1",361,34,"34",5,5,0.013850415512465374,0.013850415512465374,3.61,0.7353,4
"year","2023","prize1",361,38,"38",5,5,0.013850415512465374,0.013850415512465374,3.61,0.7353,4
"year","2023","prize1",361,39,"39",5,5,0.013850415512465374,0.013850415512465374,3.61,0.7353,4
"year","2023","prize1",361,40,"40",5,5,0.013850415512465374,0.013850415512465374,3.61,0.7353,4
"year","2023","prize1",361,44,"44",5,5,0.013850415512465374,0.013850415512465374,3.61,0.7353,4
"year","2023","prize1",361,46,"46",5,5,0.013850415512465374,0.013850415512465374,3.61,0.7353,4
"year","2023","prize1",361,49,"49",5,5,0.013850415512465374,0.013850415512465374,3.61,0.7353,4
"year","2023","prize1",361,62,"62",5,5,0.013850415512465374,0.013850415512465374,3.61,0.7353,4
"year","2023","prize1",361,64,"64",5,5,0.013850415512465374,0.013850415512465374,3.61,0.7353,4
"year","2023","prize1",361,66,"66",5,5,0.013850415512465374,0.013850415512465374,3.61,0.7353,4
"year","2023","prize1",361,82,"82",5,5,0.013850415512465374,0.013850415512465374,3.61,0.7353,4
"year","2023","prize1",361,87,"87",5,5,0.013850415512465374,0.013850415512465374,3.61,0.7353,4
"year","2023","prize1",361,98,"98",5,5,0.013850415512465374,0.013850415512465374,3.61,0.7353,4
"year","2023","prize1",361,1,"01",4,4,0.0110803324099723,0.0110803324099723,3.61,0.2063,5
"year","2023","prize1",361,2,"02",4,4,0.0110803324099723,0.0110803324099723,3.61,0.2063,5
"year","2023","prize1",361,6,"06",4,4,0.0110803324099723,0.0110803324099723,3.61,0.2063,5
"year","2023","prize1",361,9,"09",4,4,0.0110803324099723,0.0110803324099723,3.61,0.2063,5
"year","2023","prize1",361,10,"10",4,4,0.0110803324099723,0.0110803324099723,3.61,0.2063,5
"year","2023","prize1",361,22,"22",4,4,0.0110803324099723,0.0110803324099723,3.61,0.2063,5
"year","2023","prize1",361,23,"23",4,4,0.0110803324099723,0.0110803324099723,3.61,0.2063,5
"year","2023","prize1",361,24,"24",4,4,0.0110803324099723,0.0110803324099723,3.61,0.2063,5
"year","2023","prize1",361,27,"27",4,4,0.0110803324099723,0.0110803324099723,3.61,0.2063,5
"year","2023","prize1",361,29,"29",4,4,0.0110803324099723,0.0110803324099723,3.61,0.2063,5
"year","2023","prize1",361,32,"32",4,4,0.0110803324099723,0.0110803324099723,3.61,0.2063,5
"year","2023","prize1",361,42,"42",4,4,0.0110803324099723,0.0110803324099723,3.61,0.2063,5
"year","2023","prize1",361,47,"47",4,4,0.0110803324099723,0.0110803324099723,3.61,0.2063,5
"year","2023","prize1",361,51,"51",4,4,0.0110803324099723,0.0110803324099723,3.61,0.2063,5
"year","2023","prize1",361,52,"52",4,4,0.0110803324099723,0.0110803324099723,3.61,0.2063,5
"year","2023","prize1",361,56,"56",4,4,0.0110803324099723,0.0110803324099723,3.61,0.2063,5
"year","2023","prize1",361,58,"58",4,4,0.0110803324099723,0.0110803324099723,3.61,0.2063,5
"year","2023","prize1",361,59,"59",4,4,0.0110803324099723,0.0110803324099723,3.61,0.2063,5
"year","2023","prize1",361,77,"77",4,4,0.0110803324099723,0.0110803324099723,3.61,0.2063,5
"year","2023","prize1",361,84,"84",4,4,0.0110803324099723,0.0110803324099723,3.61,0.2063,5
"year","2023","prize1",361,0,"00",3,3,0.008310249307479225,0.008310249307479225,3.61,-0.3227,6
"year","2023","prize1",361,4,"04",3,3,0.008310249307479225,0.008310249307479225,3.61,-0.3227,6
"year","2023","prize1",361,12,"12",3,3,0.008310249307479225,0.008310249307479225,3.61,-0.3227,6
"year","2023","prize1",361,26,"26",3,3,0.008310249307479225,0.008310249307479225,3.61,-0.3227,6
"year","2023","prize1",361,28,"28",3,3,0.008310249307479225,0.008310249307479225,3.61,-0.3227,6
"year","2023","prize1",361,31,"31",3,3,0.008310249307479225,0.008310249307479225,3.61,-0.3227,6
"year","2023","prize1",361,35,"35",3,3,0.008310249307479225,0.008310249307479225,3.61,-0.3227,6
"year","2023","prize1",361,41,"41",3,3,0.008310249307479225,0.008310249307479225,3.61,-0.3227,6
"year","2023","prize1",361,45,"45",3,3,0.008310249307479225,0.008310249307479225,3.61,-0.3227,6
"year","2023","prize1",361,55,"55",3,3,0.008310249307479225,0.008310249307479225,3.61,-0.3227,6
"year","2023","prize1",361,63,"63",3,3,0.008310249307479225,0.008310249307479225,3.61,-0.3227,6
"year","2023","prize1",361,65,"65",3,3,0.008310249307479225,0.008310249307479225,3.61,-0.3227,6
"year","2023","prize1",361,68,"68",3,3,0.008310249307479225,0.008310249307479225,3.61,-0.3227,6
"year","2023","prize1",361,76,"76",3,3,0.008310249307479225,0.008310249307479225,3.61,-0.3227,6
"year","2023","prize1",361,80,"80",3,3,0.008310249307479225,0.008310249307479225,3.61,-0.3227,6
"year","2023","prize1",361,92,"92",3,3,0.008310249307479225,0.008310249307479225,3.61,-0.3227,6
"year","2023","prize1",361,93,"93",3,3,0.008310249307479225,0.008310249307479225,3.61,-0.3227,6
"year","2023","prize1",361,95,"95",3,3,0.008310249307479225,0.008310249307479225,3.61,-0.3227,6
"year","2023","prize1",361,96,"96",3,3,0.008310249307479225,0.008310249307479225,3.61,-0.3227,6
"year","2023","prize1",361,5,"05",2,2,0.00554016620498615,0.00554016620498615,3.61,-0.8516,7
"year","2023","prize1",361,7,"07",2,2,0.00554016620498615,0.00554016620498615,3.61,-0.8516,7
"year","2023","prize1",361,16,"16",2,2,0.00554016620498615,0.00554016620498615,3.61,-0.8516,7
"year","2023","prize1",361,18,"18",2,2,0.00554016620498615,0.00554016620498615,3.61,-0.8516,7
"year","2023","prize1",361,25,"25",2,2,0.00554016620498615,0.00554016620498615,3.61,-0.8516,7
"year","2023","prize1",361,30,"30",2,2,0.00554016620498615,0.00554016620498615,3.61,-0.8516,7
"year","2023","prize1",361,37,"37",2,2,0.00554016620498615,0.00554016620498615,3.61,-0.8516,7
"year","2023","prize1",361,53,"53",2,2,0.00554016620498615,0.00554016620498615,3.61,-0.8516,7
"year","2023","prize1",361,57,"57",2,2,0.00554016620498615,0.00554016620498615,3.61,-0.8516,7
"year","2023","prize1",361,60,"60",2,2,0.00554016620498615,0.00554016620498615,3.61,-0.8516,7
"year","2023","prize1",361,67,"67",2,2,0.00554016620498615,0.00554016620498615,3.61,-0.8516,7
"year","2023","prize1",361,69,"69",2,2,0.00554016620498615,0.00554016620498615,3.61,-0.8516,7
"year","2023","prize1",361,71,"71",2,2,0.00554016620498615,0.00554016620498615,3.61,-0.8516,7
"year","2023","prize1",361,73,"73",2,2,0.00554016620498615,0.00554016620498615,3.61,-0.8516,7
"year","2023","prize1",361,74,"74",2,2,0.00554016620498615,0.00554016620498615,3.61,-0.8516,7
"year","2023","prize1",361,78,"78",2,2,0.00554016620498615,0.00554016620498615,3.61,-0.8516,7
"year","2023","prize1",361,81,"81",2,2,0.00554016620498615,0.00554016620498615,3.61,-0.8516,7
"year","2023","prize1",361,89,"89",2,2,0.00554016620498615,0.00554016620498615,3.61,-0.8516,7
"year","2023","prize1",361,91,"91",2,2,0.00554016620498615,0.00554016620498615,3.61,-0.8516,7
"year","2023","prize1",361,94,"94",2,2,0.00554016620498615,0.00554016620498615,3.61,-0.8516,7
"year","2023","prize1",361,97,"97",2,2,0.00554016620498615,0.00554016620498615,3.61,-0.8516,7
"year","2023","prize1",361,99,"99",2,2,0.00554016620498615,0.00554016620498615,3.61,-0.8516,7
"year","2023","prize1",361,14,"14",1,1,0.002770083102493075,0.002770083102493075,3.61,-1.3806,8
"year","2023","prize1",361,15,"15",1,1,0.002770083102493075,0.002770083102493075,3.61,-1.3806,8
"year","2023","prize1",361,20,"20",1,1,0.002770083102493075,0.002770083102493075,3.61,-1.3806,8
"year","2023","prize1",361,21,"21",1,1,0.002770083102493075,0.002770083102493075,3.61,-1.3806,8
"year","2023","prize1",361,50,"50",1,1,0.002770083102493075,0.002770083102493075,3.61,-1.3806,8
"year","2023","prize1",361,54,"54",1,1,0.002770083102493075,0.002770083102493075,3.61,-1.3806,8
"year","2023","prize1",361,83,"83",1,1,0.002770083102493075,0.002770083102493075,3.61,-1.3806,8
"year","2023","prize1",361,19,"19",0,0,0.0,0.0,3.61,-1.9096,9
"year","2023","prize1",361,90,"90",0,0,0.0,0.0,3.61,-1.9096,9
"year","2024","prize1",362,18,"18",8,8,0.022099447513812154,0.022099447513812154,3.62,2.3137,1
"year","2024","prize1",362,69,"69",8,8,0.022099447513812154,0.022099447513812154,3.62,2.3137,1
"year","2024","prize1",362,74,"74",8,8,0.022099447513812154,0.022099447513812154,3.62,2.3137,1
"year","2024","prize1",362,86,"86",8,8,0.022099447513812154,0.022099447513812154,3.62,2.3137,1
"year","2024","prize1",362,4,"04",7,7,0.019337016574585635,0.019337016574585635,3.62,1.7854,2
"year","2024","prize1",362,13,"13",7,7,0.019337016574585635,0.019337016574585635,3.62,1.7854,2
"year","2024","prize1",362,22,"22",7,7,0.019337016574585635,0.019337016574585635,3.62,1.7854,2
"year","2024","prize1",362,47,"47",7,7,0.019337016574585635,0.019337016574585635,3.62,1.7854,2
"year","2024","prize1",362,14,"14",6,6,0.016574585635359115,0.016574585635359115,3.62,1.2572,3
"year","2024","prize1",362,39,"39",6,6,0.016574585635359115,0.016574585635359115,3.62,1.2572,3
"year","2024","prize1",362,45,"45",6,6,0.016574585635359115,0.016574585635359115,3.62,1.2572,3
"year","2024","prize1",362,85,"85",6,6,0.016574585635359115,0.016574585635359115,3.62,1.2572,3
"year","2024","prize1",362,9,"09",5,5,0.013812154696132596,0.013812154696132596,3.62,0.729,4
"year","2024","prize1",362,15,"15",5,5,0.013812154696132596,0.013812154696132596,3.62,0.729,4
"year","2024","prize1",362,16,"16",5,5,0.013812154696132596,0.013812154696132596,3.62,0.729,4
"year","2024","prize1",362,20,"20",5,5,0.013812154696132596,0.013812154696132596,3.62,0.729,4
"year","2024","prize1",362,21,"21",5,5,0.013812154696132596,0.013812154696132596,3.62,0.729,4
"year","2024","prize1",362,27,"27",5,5,0.013812154696132596,0.013812154696132596,3.62,0.729,4
"year","2024","prize1",362,29,"29",5,5,0.013812154696132596,0.013812154696132596,3.62,0.729,4
"year","2024","prize1",362,41,"41",5,5,0.013812154696132596,0.013812154696132596,3.62,0.729,4
"year","2024","prize1",362,49,"49",5,5,0.013812154696132596,0.013812154696132596,3.62,0.729,4
"year","2024","prize1",362,50,"50",5,5,0.013812154696132596,0.013812154696132596,3.62,0.729,4
"year","2024","prize1",362,56,"56",5,5,0.013812154696132596,0.013812154696132596,3.62,0.729,4
"year","2024","prize1",362,73,"73",5,5,0.013812154696132596,0.013812154696132596,3.62,0.729,4
"year","2024","prize1",362,87,"87",5,5,0.013812154696132596,0.013812154696132596,3.62,0.729,4
"year","2024","prize1",362,89,"89",5,5,0.013812154696132596,0.013812154696132596,3.62,0.729,4
"year","2024","prize1",362,94,"94",5,5,0.013812154696132596,0.013812154696132596,3.62,0.729,4
"year","2024","prize1",362,95,"95",5,5,0.013812154696132596,0.013812154696132596,3.62,0.729,4
"year","2024","prize1",362,99,"99",5,5,0.013812154696132596,0.013812154696132596,3.62,0.729,4
"year","2024","prize1",362,3,"03",4,4,0.011049723756906077,0.011049723756906077,3.62,0.2007,5
"year","2024","prize1",362,7,"07",4,4,0.011049723756906077,0.011049723756906077,3.62,0.2007,5
"year","2024","prize1",362,10,"10",4,4,0.011049723756906077,0.011049723756906077,3.62,0.2007,5
"year","2024","prize1",362,19,"19",4,4,0.011049723756906077,0.011049723756906077,3.62,0.2007,5
"year","2024","prize1",362,33,"33",4,4,0.011049723756906077,0.011049723756906077,3.62,0.2007,5
"year","2024","prize1",362,35,"35",4,4,0.011049723756906077,0.011049723756906077,3.62,0.2007,5
"year","2024","prize1",362,37,"37",4,4,0.011049723756906077,0.011049723756906077,3.62,0.2007,5
"year","2024","prize1",362,38,"38",4,4,0.011049723756906077,0.011049723756906077,3.62,0.2007,5
"year","2024","prize1",362,40,"40",4,4,0.011049723756906077,0.011049723756906077,3.62,0.2007,5
"year","2024","prize1",362,43,"43",4,4,0.011049723756906077,0.011049723756906077,3.62,0.2007,5
"year","2024","prize1",362,44,"44",4,4,0.011049723756906077,0.011049723756906077,3.62,0.2007,5
"year","2024","prize1",362,46,"46",4,4,0.011049723756906077,0.011049723756906077,3.62,0.2007,5
"year","2024","prize1",362,54,"54",4,4,0.011049723756906077,0.011049723756906077,3.62,0.2007,5
"year","2024","prize1",362,61,"61",4,4,0.011049723756906077,0.011049723756906077,3.62,0.2007,5
"year","2024","prize1",362,62,"62",4,4,0.011049723756906077,0.011049723756906077,3.62,0.2007,5
"year","2024","prize1",362,64,"64",4,4,0.011049723756906077,0.011049723756906077,3.62,0.2007,5
"year","2024","prize1",362,65,"65",4,4,0.011049723756906077,0.011049723756906077,3.62,0.2007,5
"year","2024","prize1",362,76,"76",4,4,0.011049723756906077,0.011049723756906077,3.62,0.2007,5
"year","2024","prize1",362,77,"77",4,4,0.011049723756906077,0.011049723756906077,3.62,0.2007,5
"year","2024","prize1",362,78,"78",4,4,0.011049723756906077,0.011049723756906077,3.62,0.2007,5
"year","2024","prize1",362,80,"80",4,4,0.011049723756906077,0.011049723756906077,3.62,0.2007,5
"year","2024","prize1",362,81,"81",4,4,0.011049723756906077,0.011049723756906077,3.62,0.2007,5
"year","2024","prize1",362,90,"90",4,4,0.011049723756906077,0.011049723756906077,3.62,0.2007,5
"year","2024","prize1",362,92,"92",4,4,0.011049723756906077,0.011049723756906077,3.62,0.2007,5
"year","2024","prize1",362,93,"93",4,4,0.011049723756906077,0.011049723756906077,3.62,0.2007,5
"year","2024","prize1",362,97,"97",4,4,0.011049723756906077,0.011049723756906077,3.62,0.2007,5
"year","2024","prize1",362,98,"98",4,4,0.011049723756906077,0.011049723756906077,3.62,0.2007,5
"year","2024","prize1",362,8,"08",3,3,0.008287292817679558,0.008287292817679558,3.62,-0.3275,6
"year","2024","prize1",362,11,"11",3,3,0.008287292817679558,0.008287292817679558,3.62,-0.3275,6
"year","2024","prize1",362,12,"12",3,3,0.008287292817679558,0.008287292817679558,3.62,-0.3275,6
"year","2024","prize1",362,23,"23",3,3,0.008287292817679558,0.008287292817679558,3.62,-0.3275,6
"year","2024","prize1",362,24,"24",3,3,0.008287292817679558,0.008287292817679558,3.62,-0.3275,6
"year","2024","prize1",362,28,"28",3,3,0.008287292817679558,0.008287292817679558,3.62,-0.3275,6
"year","2024","prize1",362,58,"58",3,3,0.008287292817679558,0.008287292817679558,3.62,-0.3275,6
"year","2024","prize1",362,66,"66",3,3,0.008287292817679558,0.008287292817679558,3.62,-0.3275,6
"year","2024","prize1",362,67,"67",3,3,0.008287292817679558,0.008287292817679558,3.62,-0.3275,6
"year","2024","prize1",362,72,"72",3,3,0.008287292817679558,0.008287292817679558,3.62,-0.3275,6
"year","2024","prize1",362,79,"79",3,3,0.008287292817679558,0.008287292817679558,3.62,-0.3275,6
"year","2024","prize1",362,82,"82",3,3,0.008287292817679558,0.008287292817679558,3.62,-0.3275,6
"year","2024","prize1",362,88,"88",3,3,0.008287292817679558,0.008287292817679558,3.62,-0.3275,6
"year","2024","prize1",362,91,"91",3,3,0.008287292817679558,0.008287292817679558,3.62,-0.3275,6
"year","2024","prize1",362,96,"96",3,3,0.008287292817679558,0.008287292817679558,3.62,-0.3275,6
"year","2024","prize1",362,5,"05",2,2,0.0055248618784530384,0.0055248618784530384,3.62,-0.8557,7
"year","2024","prize1",362,17,"17",2,2,0.0055248618784530384,0.0055248618784530384,3.62,-0.8557,7
"year","2024","prize1",362,25,"25",2,2,0.0055248618784530384,0.0055248618784530384,3.62,-0.8557,7
"year","2024","prize1",362,31,"31",2,2,0.0055248618784530384,0.0055248618784530384,3.62,-0.8557,7
"year","2024","prize1",362,32,"32",2,2,0.0055248618784530384,0.0055248618784530384,3.62,-0.8557,7
"year","2024","prize1",362,42,"42",2,2,0.0055248618784530384,0.0055248618784530384,3.62,-0.8557,7
"year","2024","prize1",362,51,"51",2,2,0.0055248618784530384,0.0055248618784530384,3.62,-0.8557,7
"year","2024","prize1",362,52,"52",2,2,0.0055248618784530384,0.0055248618784530384,3.62,-0.8557,7
"year","2024","prize1",362,55,"55",2,2,0.0055248618784530384,0.0055248618784530384,3.62,-0.8557,7
"year","2024","prize1",362,57,"57",2,2,0.0055248618784530384,0.0055248618784530384,3.62,-0.8557,7
"year","2024","prize1",362,63,"63",2,2,0.0055248618784530384,0.0055248618784530384,3.62,-0.8557,7
"year","2024","prize1",362,70,"70",2,2,0.0055248618784530384,0.0055248618784530384,3.62,-0.8557,7
"year","2024","prize1",362,71,"71",2,2,0.0055248618784530384,0.0055248618784530384,3.62,-0.8557,7
"year","2024","prize1",362,75,"75",2,2,0.0055248618784530384,0.0055248618784530384,3.62,-0.8557,7
"year","2024","prize1",362,83,"83",2,2,0.0055248618784530384,0.0055248618784530384,3.62,-0.8557,7
"year","2024","prize1",362,0,"00",1,1,0.0027624309392265192,0.0027624309392265192,3.62,-1.384,8
"year","2024","prize1",362,1,"01",1,1,0.0027624309392265192,0.0027624309392265192,3.62,-1.384,8
"year","2024","prize1",362,30,"30",1,1,0.0027624309392265192,0.0027624309392265192,3.62,-1.384,8
"year","2024","prize1",362,34,"34",1,1,0.0027624309392265192,0.0027624309392265192,3.62,-1.384,8
"year","2024","prize1",362,36,"36",1,1,0.0027624309392265192,0.0027624309392265192,3.62,-1.384,8
"year","2024","prize1",362,48,"48",1,1,0.0027624309392265192,0.0027624309392265192,3.62,-1.384,8
"year","2024","prize1",362,59,"59",1,1,0.0027624309392265192,0.0027624309392265192,3.62,-1.384,8
"year","2024","prize1",362,60,"60",1,1,0.0027624309392265192,0.0027624309392265192,3.62,-1.384,8
"year","2024","prize1",362,68,"68",1,1,0.0027624309392265192,0.0027624309392265192,3.62,-1.384,8
"year","2024","prize1",362,84,"84",1,1,0.0027624309392265192,0.0027624309392265192,3.62,-1.384,8
"year","2024","prize1",362,2,"02",0,0,0.0,0.0,3.62,-1.9122,9
"year","2024","prize1",362,6,"06",0,0,0.0,0.0,3.62,-1.9122,9
"year","2024","prize1",362,26,"26",0,0,0.0,0.0,3.62,-1.9122,9
"year","2024","prize1",362,53,"53",0,0,0.0,0.0,3.62,-1.9122,9
"year","2025","prize1",361,8,"08",9,9,0.024930747922437674,0.024930747922437674,3.61,2.8511,1
"year","2025","prize1",361,75,"75",9,9,0.024930747922437674,0.024930747922437674,3.61,2.8511,1
"year","2025","prize1",361,86,"86",9,9,0.024930747922437674,0.024930747922437674,3.61,2.8511,1
"year","2025","prize1",361,20,"20",8,8,0.0221606648199446,0.0221606648199446,3.61,2.3222,2
"year","2025","prize1",361,50,"50",7,7,0.019390581717451522,0.019390581717451522,3.61,1.7932,3
"year","2025","prize1",361,58,"58",7,7,0.019390581717451522,0.019390581717451522,3.61,1.7932,3
"year","2025","prize1",361,13,"13",6,6,0.01662049861495845,0.01662049861495845,3.61,1.2642,4
"year","2025","prize1",361,21,"21",6,6,0.01662049861495845,0.01662049861495845,3.61,1.2642,4
"year","2025","prize1",361,24,"24",6,6,0.01662049861495845,0.01662049861495845,3.61,1.2642,4
"year","2025","prize1",361,36,"36",6,6,0.01662049861495845,0.01662049861495845,3.61,1.2642,4
"year","2025","prize1",361,47,"47",6,6,0.01662049861495845,0.01662049861495845,3.61,1.2642,4
"year","2025","prize1",361,65,"65",6,6,0.01662049861495845,0.01662049861495845,3.61,1.2642,4
"year","2025","prize1",361,67,"67",6,6,0.01662049861495845,0.01662049861495845,3.61,1.2642,4
"year","2025","prize1",361,69,"69",6,6,0.01662049861495845,0.01662049861495845,3.61,1.2642,4
"year","2025","prize1",361,0,"00",5,5,0.013850415512465374,0.013850415512465374,3.61,0.7353,5
"year","2025","prize1",361,4,"04",5,5,0.013850415512465374,0.013850415512465374,3.61,0.7353,5
"year","2025","prize1",361,16,"16",5,5,0.013850415512465374,0.013850415512465374,3.61,0.7353,5
"year","2025","prize1",361,22,"22",5,5,0.013850415512465374,0.013850415512465374,3.61,0.7353,5
"year","2025","prize1",361,26,"26",5,5,0.013850415512465374,0.013850415512465374,3.61,0.7353,5
"year","2025","prize1",361,53,"53",5,5,0.013850415512465374,0.013850415512465374,3.61,0.7353,5
"year","2025","prize1",361,62,"62",5,5,0.013850415512465374,0.013850415512465374,3.61,0.7353,5
"year","2025","prize1",361,68,"68",5,5,0.013850415512465374,0.013850415512465374,3.61,0.7353,5
"year","2025","prize1",361,78,"78",5,5,0.013850415512465374,0.013850415512465374,3.61,0.7353,5
"year","2025","prize1",361,79,"79",5,5,0.013850415512465374,0.013850415512465374,3.61,0.7353,5
"year","2025","prize1",361,87,"87",5,5,0.013850415512465374,0.013850415512465374,3.61,0.7353,5
"year","2025","prize1",361,90,"90",5,5,0.013850415512465374,0.013850415512465374,3.61,0.7353,5
"year","2025","prize1",361,93,"93",5,5,0.013850415512465374,0.013850415512465374,3.61,0.7353,5
"year","2025","prize1",361,9,"09",4,4,0.0110803324099723,0.0110803324099723,3.61,0.2063,6
"year","2025","prize1",361,10,"10",4,4,0.0110803324099723,0.0110803324099723,3.61,0.2063,6
"year","2025","prize1",361,25,"25",4,4,0.0110803324099723,0.0110803324099723,3.61,0.2063,6
"year","2025","prize1",361,29,"29",4,4,0.0110803324099723,0.0110803324099723,3.61,0.2063,6
"year","2025","prize1",361,30,"30",4,4,0.0110803324099723,0.0110803324099723,3.61,0.2063,6
"year","2025","prize1",361,33,"33",4,4,0.0110803324099723,0.0110803324099723,3.61,0.2063,6
"year","2025","prize1",361,35,"35",4,4,0.0110803324099723,0.0110803324099723,3.61,0.2063,6
"year","2025","prize1",361,39,"39",4,4,0.0110803324099723,0.0110803324099723,3.61,0.2063,6
"year","2025","prize1",361,40,"40",4,4,0.0110803324099723,0.0110803324099723,3.61,0.2063,6
"year","2025","prize1",361,42,"42",4,4,0.0110803324099723,0.0110803324099723,3.61,0.2063,6
"year","2025","prize1",361,43,"43",4,4,0.0110803324099723,0.0110803324099723,3.61,0.2063,6
"year","2025","prize1",361,45,"45",4,4,0.0110803324099723,0.0110803324099723,3.61,0.2063,6
"year","2025","prize1",361,46,"46",4,4,0.0110803324099723,0.0110803324099723,3.61,0.2063,6
"year","2025","prize1",361,49,"49",4,4,0.0110803324099723,0.0110803324099723,3.61,0.2063,6
"year","2025","prize1",361,51,"51",4,4,0.0110803324099723,0.0110803324099723,3.61,0.2063,6
"year","2025","prize1",361,56,"56",4,4,0.0110803324099723,0.0110803324099723,3.61,0.2063,6
"year","2025","prize1",361,57,"57",4,4,0.0110803324099723,0.0110803324099723,3.61,0.2063,6
"year","2025","prize1",361,60,"60",4,4,0.0110803324099723,0.0110803324099723,3.61,0.2063,6
"year","2025","prize1",361,61,"61",4,4,0.0110803324099723,0.0110803324099723,3.61,0.2063,6
"year","2025","prize1",361,64,"64",4,4,0.0110803324099723,0.0110803324099723,3.61,0.2063,6
"year","2025","prize1",361,70,"70",4,4,0.0110803324099723,0.0110803324099723,3.61,0.2063,6
"year","2025","prize1",361,71,"71",4,4,0.0110803324099723,0.0110803324099723,3.61,0.2063,6
"year","2025","prize1",361,76,"76",4,4,0.0110803324099723,0.0110803324099723,3.61,0.2063,6
"year","2025","prize1",361,77,"77",4,4,0.0110803324099723,0.0110803324099723,3.61,0.2063,6
"year","2025","prize1",361,83,"83",4,4,0.0110803324099723,0.0110803324099723,3.61,0.2063,6
"year","2025","prize1",361,89,"89",4,4,0.0110803324099723,0.0110803324099723,3.61,0.2063,6
"year","2025","prize1",361,92,"92",4,4,0.0110803324099723,0.0110803324099723,3.61,0.2063,6
"year","2025","prize1",361,99,"99",4,4,0.0110803324099723,0.0110803324099723,3.61,0.2063,6
"year","2025","prize1",361,2,"02",3,3,0.008310249307479225,0.008310249307479225,3.61,-0.3227,7
"year","2025","prize1",361,3,"03",3,3,0.008310249307479225,0.008310249307479225,3.61,-0.3227,7
"year","2025","prize1",361,6,"06",3,3,0.008310249307479225,0.008310249307479225,3.61,-0.3227,7
"year","2025","prize1",361,17,"17",3,3,0.008310249307479225,0.008310249307479225,3.61,-0.3227,7
"year","2025","prize1",361,19,"19",3,3,0.008310249307479225,0.008310249307479225,3.61,-0.3227,7
"year","2025","prize1",361,31,"31",3,3,0.008310249307479225,0.008310249307479225,3.61,-0.3227,7
"year","2025","prize1",361,34,"34",3,3,0.008310249307479225,0.008310249307479225,3.61,-0.3227,7
"year","2025","prize1",361,41,"41",3,3,0.008310249307479225,0.008310249307479225,3.61,-0.3227,7
"year","2025","prize1",361,44,"44",3,3,0.008310249307479225,0.008310249307479225,3.61,-0.3227,7
"year","2025","prize1",361,54,"54",3,3,0.008310249307479225,0.008310249307479225,3.61,-0.3227,7
"year","2025","prize1",361,66,"66",3,3,0.008310249307479225,0.008310249307479225,3.61,-0.3227,7
"year","2025","prize1",361,72,"72",3,3,0.008310249307479225,0.008310249307479225,3.61,-0.3227,7
"year","2025","prize1",361,81,"81",3,3,0.008310249307479225,0.008310249307479225,3.61,-0.3227,7
"year","2025","prize1",361,91,"91",3,3,0.008310249307479225,0.008310249307479225,3.61,-0.3227,7
"year","2025","prize1",361,94,"94",3,3,0.008310249307479225,0.008310249307479225,3.61,-0.3227,7
"year","2025","prize1",361,95,"95",3,3,0.008310249307479225,0.008310249307479225,3.61,-0.3227,7
"year","2025","prize1",361,97,"97",3,3,0.008310249307479225,0.008310249307479225,3.61,-0.3227,7
"year","2025","prize1",361,5,"05",2,2,0.00554016620498615,0.00554016620498615,3.61,-0.8516,8
"year","2025","prize1",361,7,"07",2,2,0.00554016620498615,0.00554016620498615,3.61,-0.8516,8
"year","2025","prize1",361,14,"14",2,2,0.00554016620498615,0.00554016620498615,3.61,-0.8516,8
"year","2025","prize1",361,23,"23",2,2,0.00554016620498615,0.00554016620498615,3.61,-0.8516,8
"year","2025","prize1",361,27,"27",2,2,0.00554016620498615,0.00554016620498615,3.61,-0.8516,8
"year","2025","prize1",361,48,"48",2,2,0.00554016620498615,0.00554016620498615,3.61,-0.8516,8
"year","2025","prize1",361,55,"55",2,2,0.00554016620498615,0.00554016620498615,3.61,-0.8516,8
"year","2025","prize1",361,63,"63",2,2,0.00554016620498615,0.00554016620498615,3.61,-0.8516,8
"year","2025","prize1",361,74,"74",2,2,0.00554016620498615,0.00554016620498615,3.61,-0.8516,8
"year","2025","prize1",361,82,"82",2,2,0.00554016620498615,0.00554016620498615,3.61,-0.8516,8
"year","2025","prize1",361,88,"88",2,2,0.00554016620498615,0.00554016620498615,3.61,-0.8516,8
"year","2025","prize1",361,98,"98",2,2,0.00554016620498615,0.00554016620498615,3.61,-0.8516,8
"year","2025","prize1",361,1,"01",1,1,0.002770083102493075,0.002770083102493075,3.61,-1.3806,9
"year","2025","prize1",361,11,"11",1,1,0.002770083102493075,0.002770083102493075,3.61,-1.3806,9
"year","2025","prize1",361,12,"12",1,1,0.002770083102493075,0.002770083102493075,3.61,-1.3806,9
"year","2025","prize1",361,15,"15",1,1,0.002770083102493075,0.002770083102493075,3.61,-1.3806,9
"year","2025","prize1",361,18,"18",1,1,0.002770083102493075,0.002770083102493075,3.61,-1.3806,9
"year","2025","prize1",361,28,"28",1,1,0.002770083102493075,0.002770083102493075,3.61,-1.3806,9
"year","2025","prize1",361,32,"32",1,1,0.002770083102493075,0.002770083102493075,3.61,-1.3806,9
"year","2025","prize1",361,52,"52",1,1,0.002770083102493075,0.002770083102493075,3.61,-1.3806,9
"year","2025","prize1",361,59,"59",1,1,0.002770083102493075,0.002770083102493075,3.61,-1.3806,9
"year","2025","prize1",361,80,"80",1,1,0.002770083102493075,0.002770083102493075,3.61,-1.3806,9
"year","2025","prize1",361,84,"84",1,1,0.002770083102493075,0.002770083102493075,3.61,-1.3806,9
"year","2025","prize1",361,96,"96",1,1,0.002770083102493075,0.002770083102493075,3.61,-1.3806,9
"year","2025","prize1",361,37,"37",0,0,0.0,0.0,3.61,-1.9096,10
"year","2025","prize1",361,38,"38",0,0,0.0,0.0,3.61,-1.9096,10
"year","2025","prize1",361,73,"73",0,0,0.0,0.0,3.61,-1.9096,10
"year","2025","prize1",361,85,"85",0,0,0.0,0.0,3.61,-1.9096,10
"year","2026","prize1",261,49,"49",8,8,0.03065134099616858,0.03065134099616858,2.61,3.3531,1
"year","2026","prize1",261,50,"50",8,8,0.03065134099616858,0.03065134099616858,2.61,3.3531,1
"year","2026","prize1",261,17,"17",6,6,0.022988505747126436,0.022988505747126436,2.61,2.1089,2
"year","2026","prize1",261,45,"45",6,6,0.022988505747126436,0.022988505747126436,2.61,2.1089,2
"year","2026","prize1",261,83,"83",6,6,0.022988505747126436,0.022988505747126436,2.61,2.1089,2
"year","2026","prize1",261,14,"14",5,5,0.019157088122605363,0.019157088122605363,2.61,1.4868,3
"year","2026","prize1",261,41,"41",5,5,0.019157088122605363,0.019157088122605363,2.61,1.4868,3
"year","2026","prize1",261,60,"60",5,5,0.019157088122605363,0.019157088122605363,2.61,1.4868,3
"year","2026","prize1",261,78,"78",5,5,0.019157088122605363,0.019157088122605363,2.61,1.4868,3
"year","2026","prize1",261,99,"99",5,5,0.019157088122605363,0.019157088122605363,2.61,1.4868,3
"year","2026","prize1",261,3,"03",4,4,0.01532567049808429,0.01532567049808429,2.61,0.8647,4
"year","2026","prize1",261,16,"16",4,4,0.01532567049808429,0.01532567049808429,2.61,0.8647,4
"year","2026","prize1",261,20,"20",4,4,0.01532567049808429,0.01532567049808429,2.61,0.8647,4
"year","2026","prize1",261,29,"29",4,4,0.01532567049808429,0.01532567049808429,2.61,0.8647,4
"year","2026","prize1",261,33,"33",4,4,0.01532567049808429,0.01532567049808429,2.61,0.8647,4
"year","2026","prize1",261,51,"51",4,4,0.01532567049808429,0.01532567049808429,2.61,0.8647,4
"year","2026","prize1",261,56,"56",4,4,0.01532567049808429,0.01532567049808429,2.61,0.8647,4
"year","2026","prize1",261,57,"57",4,4,0.01532567049808429,0.01532567049808429,2.61,0.8647,4
"year","2026","prize1",261,59,"59",4,4,0.01532567049808429,0.01532567049808429,2.61,0.8647,4
"year","2026","prize1",261,72,"72",4,4,0.01532567049808429,0.01532567049808429,2.61,0.8647,4
"year","2026","prize1",261,80,"80",4,4,0.01532567049808429,0.01532567049808429,2.61,0.8647,4
"year","2026","prize1",261,92,"92",4,4,0.01532567049808429,0.01532567049808429,2.61,0.8647,4
"year","2026","prize1",261,96,"96",4,4,0.01532567049808429,0.01532567049808429,2.61,0.8647,4
"year","2026","prize1",261,97,"97",4,4,0.01532567049808429,0.01532567049808429,2.61,0.8647,4
"year","2026","prize1",261,4,"04",3,3,0.011494252873563218,0.011494252873563218,2.61,0.2426,5
"year","2026","prize1",261,5,"05",3,3,0.011494252873563218,0.011494252873563218,2.61,0.2426,5
"year","2026","prize1",261,6,"06",3,3,0.011494252873563218,0.011494252873563218,2.61,0.2426,5
"year","2026","prize1",261,8,"08",3,3,0.011494252873563218,0.011494252873563218,2.61,0.2426,5
"year","2026","prize1",261,9,"09",3,3,0.011494252873563218,0.011494252873563218,2.61,0.2426,5
"year","2026","prize1",261,26,"26",3,3,0.011494252873563218,0.011494252873563218,2.61,0.2426,5
"year","2026","prize1",261,27,"27",3,3,0.011494252873563218,0.011494252873563218,2.61,0.2426,5
"year","2026","prize1",261,32,"32",3,3,0.011494252873563218,0.011494252873563218,2.61,0.2426,5
"year","2026","prize1",261,35,"35",3,3,0.011494252873563218,0.011494252873563218,2.61,0.2426,5
"year","2026","prize1",261,40,"40",3,3,0.011494252873563218,0.011494252873563218,2.61,0.2426,5
"year","2026","prize1",261,52,"52",3,3,0.011494252873563218,0.011494252873563218,2.61,0.2426,5
"year","2026","prize1",261,61,"61",3,3,0.011494252873563218,0.011494252873563218,2.61,0.2426,5
"year","2026","prize1",261,62,"62",3,3,0.011494252873563218,0.011494252873563218,2.61,0.2426,5
"year","2026","prize1",261,64,"64",3,3,0.011494252873563218,0.011494252873563218,2.61,0.2426,5
"year","2026","prize1",261,65,"65",3,3,0.011494252873563218,0.011494252873563218,2.61,0.2426,5
"year","2026","prize1",261,66,"66",3,3,0.011494252873563218,0.011494252873563218,2.61,0.2426,5
"year","2026","prize1",261,68,"68",3,3,0.011494252873563218,0.011494252873563218,2.61,0.2426,5
"year","2026","prize1",261,70,"70",3,3,0.011494252873563218,0.011494252873563218,2.61,0.2426,5
"year","2026","prize1",261,73,"73",3,3,0.011494252873563218,0.011494252873563218,2.61,0.2426,5
"year","2026","prize1",261,75,"75",3,3,0.011494252873563218,0.011494252873563218,2.61,0.2426,5
"year","2026","prize1",261,76,"76",3,3,0.011494252873563218,0.011494252873563218,2.61,0.2426,5
"year","2026","prize1",261,77,"77",3,3,0.011494252873563218,0.011494252873563218,2.61,0.2426,5
"year","2026","prize1",261,88,"88",3,3,0.011494252873563218,0.011494252873563218,2.61,0.2426,5
"year","2026","prize1",261,89,"89",3,3,0.011494252873563218,0.011494252873563218,2.61,0.2426,5
"year","2026","prize1",261,90,"90",3,3,0.011494252873563218,0.011494252873563218,2.61,0.2426,5
"year","2026","prize1",261,91,"91",3,3,0.011494252873563218,0.011494252873563218,2.61,0.2426,5
"year","2026","prize1",261,94,"94",3,3,0.011494252873563218,0.011494252873563218,2.61,0.2426,5
"year","2026","prize1",261,0,"00",2,2,0.007662835249042145,0.007662835249042145,2.61,-0.3795,6
"year","2026","prize1",261,1,"01",2,2,0.007662835249042145,0.007662835249042145,2.61,-0.3795,6
"year","2026","prize1",261,7,"07",2,2,0.007662835249042145,0.007662835249042145,2.61,-0.3795,6
"year","2026","prize1",261,10,"10",2,2,0.007662835249042145,0.007662835249042145,2.61,-0.3795,6
"year","2026","prize1",261,13,"13",2,2,0.007662835249042145,0.007662835249042145,2.61,-0.3795,6
"year","2026","prize1",261,24,"24",2,2,0.007662835249042145,0.007662835249042145,2.61,-0.3795,6
"year","2026","prize1",261,28,"28",2,2,0.007662835249042145,0.007662835249042145,2.61,-0.3795,6
"year","2026","prize1",261,31,"31",2,2,0.007662835249042145,0.007662835249042145,2.61,-0.3795,6
"year","2026","prize1",261,42,"42",2,2,0.007662835249042145,0.007662835249042145,2.61,-0.3795,6
"year","2026","prize1",261,43,"43",2,2,0.007662835249042145,0.007662835249042145,2.61,-0.3795,6
"year","2026","prize1",261,44,"44",2,2,0.007662835249042145,0.007662835249042145,2.61,-0.3795,6
"year","2026","prize1",261,46,"46",2,2,0.007662835249042145,0.007662835249042145,2.61,-0.3795,6
"year","2026","prize1",261,48,"48",2,2,0.007662835249042145,0.007662835249042145,2.61,-0.3795,6
"year","2026","prize1",261,54,"54",2,2,0.007662835249042145,0.007662835249042145,2.61,-0.3795,6
"year","2026","prize1",261,55,"55",2,2,0.007662835249042145,0.007662835249042145,2.61,-0.3795,6
"year","2026","prize1",261,58,"58",2,2,0.007662835249042145,0.007662835249042145,2.61,-0.3795,6
"year","2026","prize1",261,71,"71",2,2,0.007662835249042145,0.007662835249042145,2.61,-0.3795,6
"year","2026","prize1",261,74,"74",2,2,0.007662835249042145,0.007662835249042145,2.61,-0.3795,6
"year","2026","prize1",261,79,"79",2,2,0.007662835249042145,0.007662835249042145,2.61,-0.3795,6
"year","2026","prize1",261,81,"81",2,2,0.007662835249042145,0.007662835249042145,2.61,-0.3795,6
"year","2026","prize1",261,82,"82",2,2,0.007662835249042145,0.007662835249042145,2.61,-0.3795,6
"year","2026","prize1",261,86,"86",2,2,0.007662835249042145,0.007662835249042145,2.61,-0.3795,6
"year","2026","prize1",261,87,"87",2,2,0.007662835249042145,0.007662835249042145,2.61,-0.3795,6
"year","2026","prize1",261,93,"93",2,2,0.007662835249042145,0.007662835249042145,2.61,-0.3795,6
"year","2026","prize1",261,95,"95",2,2,0.007662835249042145,0.007662835249042145,2.61,-0.3795,6
"year","2026","prize1",261,2,"02",1,1,0.0038314176245210726,0.0038314176245210726,2.61,-1.0016,7
"year","2026","prize1",261,11,"11",1,1,0.0038314176245210726,0.0038314176245210726,2.61,-1.0016,7
"year","2026","prize1",261,12,"12",1,1,0.0038314176245210726,0.0038314176245210726,2.61,-1.0016,7
"year","2026","prize1",261,18,"18",1,1,0.0038314176245210726,0.0038314176245210726,2.61,-1.0016,7
"year","2026","prize1",261,21,"21",1,1,0.0038314176245210726,0.0038314176245210726,2.61,-1.0016,7
"year","2026","prize1",261,22,"22",1,1,0.0038314176245210726,0.0038314176245210726,2.61,-1.0016,7
"year","2026","prize1",261,30,"30",1,1,0.0038314176245210726,0.0038314176245210726,2.61,-1.0016,7
"year","2026","prize1",261,34,"34",1,1,0.0038314176245210726,0.0038314176245210726,2.61,-1.0016,7
"year","2026","prize1",261,37,"37",1,1,0.0038314176245210726,0.0038314176245210726,2.61,-1.0016,7
"year","2026","prize1",261,38,"38",1,1,0.0038314176245210726,0.0038314176245210726,2.61,-1.0016,7
"year","2026","prize1",261,47,"47",1,1,0.0038314176245210726,0.0038314176245210726,2.61,-1.0016,7
"year","2026","prize1",261,53,"53",1,1,0.0038314176245210726,0.0038314176245210726,2.61,-1.0016,7
"year","2026","prize1",261,69,"69",1,1,0.0038314176245210726,0.0038314176245210726,2.61,-1.0016,7
"year","2026","prize1",261,85,"85",1,1,0.0038314176245210726,0.0038314176245210726,2.61,-1.0016,7
"year","2026","prize1",261,98,"98",1,1,0.0038314176245210726,0.0038314176245210726,2.61,-1.0016,7
"year","2026","prize1",261,15,"15",0,0,0.0,0.0,2.61,-1.6237,8
"year","2026","prize1",261,19,"19",0,0,0.0,0.0,2.61,-1.6237,8
"year","2026","prize1",261,23,"23",0,0,0.0,0.0,2.61,-1.6237,8
"year","2026","prize1",261,25,"25",0,0,0.0,0.0,2.61,-1.6237,8
"year","2026","prize1",261,36,"36",0,0,0.0,0.0,2.61,-1.6237,8
"year","2026","prize1",261,39,"39",0,0,0.0,0.0,2.61,-1.6237,8
"year","2026","prize1",261,63,"63",0,0,0.0,0.0,2.61,-1.6237,8
"year","2026","prize1",261,67,"67",0,0,0.0,0.0,2.61,-1.6237,8
"year","2026","prize1",261,84,"84",0,0,0.0,0.0,2.61,-1.6237,8
