"period_kind","period_key","mode","draws","number","number_str","freq","days_hit","hit_rate","avg_per_draw","expected_freq","z_score","rank_in_period"
"month","2020-01","loto",27,71,"71",15,10,0.37037037037037035,0.5555555555555556,7.29,2.8699,1
"month","2020-01","loto",27,51,"51",13,12,0.4444444444444444,0.48148148148148145,7.29,2.1255,2
"month","2020-01","loto",27,58,"58",13,12,0.4444444444444444,0.48148148148148145,7.29,2.1255,2
"month","2020-01","loto",27,12,"12",12,9,0.3333333333333333,0.4444444444444444,7.29,1.7532,3
"month","2020-01","loto",27,20,"20",12,10,0.37037037037037035,0.4444444444444444,7.29,1.7532,3
"month","2020-01","loto",27,49,"49",12,11,0.4074074074074074,0.4444444444444444,7.29,1.7532,3
"month","2020-01","loto",27,64,"64",12,10,0.37037037037037035,0.4444444444444444,7.29,1.7532,3
"month","2020-01","loto",27,81,"81",12,10,0.37037037037037035,0.4444444444444444,7.29,1.7532,3
"month","2020-01","loto",27,84,"84",12,10,0.37037037037037035,0.4444444444444444,7.29,1.7532,3
"month","2020-01","loto",27,11,"11",11,10,0.37037037037037035,0.4074074074074074,7.29,1.381,4
"month","2020-01","loto",27,70,"70",11,11,0.4074074074074074,0.4074074074074074,7.29,1.381,4
"month","2020-01","loto",27,89,"89",11,10,0.37037037037037035,0.4074074074074074,7.29,1.381,4
"month","2020-01","loto",27,94,"94",11,10,0.37037037037037035,0.4074074074074074,7.29,1.381,4
"month","2020-01","loto",27,7,"07",10,8,0.2962962962962963,0.37037037037037035,7.29,1.0088,5
"month","2020-01","loto",27,33,"33",10,7,0.25925925925925924,0.37037037037037035,7.29,1.0088,5
"month","2020-01","loto",27,37,"37",10,7,0.25925925925925924,0.37037037037037035,7.29,1.0088,5
"month","2020-01","loto",27,38,"38",10,9,0.3333333333333333,0.37037037037037035,7.29,1.0088,5
"month","2020-01","loto",27,74,"74",10,9,0.3333333333333333,0.37037037037037035,7.29,1.0088,5
"month","2020-01","loto",27,13,"13",9,8,0.2962962962962963,0.3333333333333333,7.29,0.6365,6
"month","2020-01","loto",27,21,"21",9,7,0.25925925925925924,0.3333333333333333,7.29,0.6365,6
"month","2020-01","loto",27,47,"47",9,6,0.2222222222222222,0.3333333333333333,7.29,0.6365,6
"month","2020-01","loto",27,69,"69",9,7,0.25925925925925924,0.3333333333333333,7.29,0.6365,6
"month","2020-01","loto",27,72,"72",9,7,0.25925925925925924,0.3333333333333333,7.29,0.6365,6
"month","2020-01","loto",27,75,"75",9,7,0.25925925925925924,0.3333333333333333,7.29,0.6365,6
"month","2020-01","loto",27,76,"76",9,8,0.2962962962962963,0.3333333333333333,7.29,0.6365,6
"month","2020-01","loto",27,83,"83",9,9,0.3333333333333333,0.3333333333333333,7.29,0.6365,6
"month","2020-01","loto",27,87,"87",9,8,0.2962962962962963,0.3333333333333333,7.29,0.6365,6
"month","2020-01","loto",27,97,"97",9,8,0.2962962962962963,0.3333333333333333,7.29,0.6365,6
"month","2020-01","loto",27,6,"06",8,8,0.2962962962962963,0.2962962962962963,7.29,0.2643,7
"month","2020-01","loto",27,8,"08",8,7,0.25925925925925924,0.2962962962962963,7.29,0.2643,7
"month","2020-01","loto",27,15,"15",8,6,0.2222222222222222,0.2962962962962963,7.29,0.2643,7
"month","2020-01","loto",27,19,"19",8,5,0.18518518518518517,0.2962962962962963,7.29,0.2643,7
"month","2020-01","loto",27,23,"23",8,6,0.2222222222222222,0.2962962962962963,7.29,0.2643,7
"month","2020-01","loto",27,28,"28",8,8,0.2962962962962963,0.2962962962962963,7.29,0.2643,7
"month","2020-01","loto",27,29,"29",8,8,0.2962962962962963,0.2962962962962963,7.29,0.2643,7
"month","2020-01","loto",27,35,"35",8,8,0.2962962962962963,0.2962962962962963,7.29,0.2643,7
"month","2020-01","loto",27,36,"36",8,8,0.2962962962962963,0.2962962962962963,7.29,0.2643,7
"month","2020-01","loto",27,44,"44",8,8,0.2962962962962963,0.2962962962962963,7.29,0.2643,7
"month","2020-01","loto",27,46,"46",8,8,0.2962962962962963,0.2962962962962963,7.29,0.2643,7
"month","2020-01","loto",27,48,"48",8,8,0.2962962962962963,0.2962962962962963,7.29,0.2643,7
"month","2020-01","loto",27,63,"63",8,7,0.25925925925925924,0.2962962962962963,7.29,0.2643,7
"month","2020-01","loto",27,82,"82",8,6,0.2222222222222222,0.2962962962962963,7.29,0.2643,7
"month","2020-01","loto",27,86,"86",8,6,0.2222222222222222,0.2962962962962963,7.29,0.2643,7
"month","2020-01","loto",27,88,"88",8,8,0.2962962962962963,0.2962962962962963,7.29,0.2643,7
"month","2020-01","loto",27,93,"93",8,6,0.2222222222222222,0.2962962962962963,7.29,0.2643,7
"month","2020-01","loto",27,2,"02",7,7,0.25925925925925924,0.25925925925925924,7.29,-0.1079,8
"month","2020-01","loto",27,4,"04",7,5,0.18518518518518517,0.25925925925925924,7.29,-0.1079,8
"month","2020-01","loto",27,5,"05",7,6,0.2222222222222222,0.25925925925925924,7.29,-0.1079,8
"month","2020-01","loto",27,10,"10",7,7,0.25925925925925924,0.25925925925925924,7.29,-0.1079,8
"month","2020-01","loto",27,18,"18",7,6,0.2222222222222222,0.25925925925925924,7.29,-0.1079,8
"month","2020-01","loto",27,30,"30",7,7,0.25925925925925924,0.25925925925925924,7.29,-0.1079,8
"month","2020-01","loto",27,41,"41",7,6,0.2222222222222222,0.25925925925925924,7.29,-0.1079,8
"month","2020-01","loto",27,43,"43",7,7,0.25925925925925924,0.25925925925925924,7.29,-0.1079,8
"month","2020-01","loto",27,54,"54",7,6,0.2222222222222222,0.25925925925925924,7.29,-0.1079,8
"month","2020-01","loto",27,59,"59",7,7,0.25925925925925924,0.25925925925925924,7.29,-0.1079,8
"month","2020-01","loto",27,90,"90",7,6,0.2222222222222222,0.25925925925925924,7.29,-0.1079,8
"month","2020-01","loto",27,91,"91",7,7,0.25925925925925924,0.25925925925925924,7.29,-0.1079,8
"month","2020-01","loto",27,92,"92",7,7,0.25925925925925924,0.25925925925925924,7.29,-0.1079,8
"month","2020-01","loto",27,95,"95",7,7,0.25925925925925924,0.25925925925925924,7.29,-0.1079,8
"month","2020-01","loto",27,98,"98",7,5,0.18518518518518517,0.25925925925925924,7.29,-0.1079,8
"month","2020-01","loto",27,9,"09",6,6,0.2222222222222222,0.2222222222222222,7.29,-0.4802,9
"month","2020-01","loto",27,24,"24",6,5,0.18518518518518517,0.2222222222222222,7.29,-0.4802,9
"month","2020-01","loto",27,31,"31",6,6,0.2222222222222222,0.2222222222222222,7.29,-0.4802,9
"month","2020-01","loto",27,42,"42",6,6,0.2222222222222222,0.2222222222222222,7.29,-0.4802,9
"month","2020-01","loto",27,50,"50",6,6,0.2222222222222222,0.2222222222222222,7.29,-0.4802,9
"month","2020-01","loto",27,56,"56",6,6,0.2222222222222222,0.2222222222222222,7.29,-0.4802,9
"month","2020-01","loto",27,61,"61",6,5,0.18518518518518517,0.2222222222222222,7.29,-0.4802,9
"month","2020-01","loto",27,62,"62",6,6,0.2222222222222222,0.2222222222222222,7.29,-0.4802,9
"month","2020-01","loto",27,65,"65",6,6,0.2222222222222222,0.2222222222222222,7.29,-0.4802,9
"month","2020-01","loto",27,77,"77",6,5,0.18518518518518517,0.2222222222222222,7.29,-0.4802,9
"month","2020-01","loto",27,80,"80",6,6,0.2222222222222222,0.2222222222222222,7.29,-0.4802,9
"month","2020-01","loto",27,99,"99",6,6,0.2222222222222222,0.2222222222222222,7.29,-0.4802,9
"month","2020-01","loto",27,1,"01",5,5,0.18518518518518517,0.18518518518518517,7.29,-0.8524,10
"month","2020-01","loto",27,3,"03",5,4,0.14814814814814814,0.18518518518518517,7.29,-0.8524,10
"month","2020-01","loto",27,14,"14",5,5,0.18518518518518517,0.18518518518518517,7.29,-0.8524,10
"month","2020-01","loto",27,17,"17",5,5,0.18518518518518517,0.18518518518518517,7.29,-0.8524,10
"month","2020-01","loto",27,34,"34",5,4,0.14814814814814814,0.18518518518518517,7.29,-0.8524,10
"month","2020-01","loto",27,39,"39",5,4,0.14814814814814814,0.18518518518518517,7.29,-0.8524,10
"month","2020-01","loto",27,40,"40",5,4,0.14814814814814814,0.18518518518518517,7.29,-0.8524,10
"month","2020-01","loto",27,45,"45",5,5,0.18518518518518517,0.18518518518518517,7.29,-0.8524,10
"month","2020-01","loto",27,60,"60",5,5,0.18518518518518517,0.18518518518518517,7.29,-0.8524,10
"month","2020-01","loto",27,67,"67",5,5,0.18518518518518517,0.18518518518518517,7.29,-0.8524,10
"month","2020-01","loto",27,73,"73",5,4,0.14814814814814814,0.18518518518518517,7.29,-0.8524,10
"month","2020-01","loto",27,78,"78",5,4,0.14814814814814814,0.18518518518518517,7.29,-0.8524,10
"month","2020-01","loto",27,85,"85",5,5,0.18518518518518517,0.18518518518518517,7.29,-0.8524,10
"month","2020-01","loto",27,96,"96",5,3,0.1111111111111111,0.18518518518518517,7.29,-0.8524,10
"month","2020-01","loto",27,16,"16",4,3,0.1111111111111111,0.14814814814814814,7.29,-1.2247,11
"month","2020-01","loto",27,22,"22",4,4,0.14814814814814814,0.14814814814814814,7.29,-1.2247,11
"month","2020-01","loto",27,27,"27",4,3,0.1111111111111111,0.14814814814814814,7.29,-1.2247,11
"month","2020-01","loto",27,32,"32",4,4,0.14814814814814814,0.14814814814814814,7.29,-1.2247,11
"month","2020-01","loto",27,53,"53",4,4,0.14814814814814814,0.14814814814814814,7.29,-1.2247,11
"month","2020-01","loto",27,55,"55",4,4,0.14814814814814814,0.14814814814814814,7.29,-1.2247,11
"month","2020-01","loto",27,68,"68",4,4,0.14814814814814814,0.14814814814814814,7.29,-1.2247,11
"month","2020-01","loto",27,79,"79",4,4,0.14814814814814814,0.14814814814814814,7.29,-1.2247,11
"month","2020-01","loto",27,0,"00",3,3,0.1111111111111111,0.1111111111111111,7.29,-1.5969,12
"month","2020-01","loto",27,25,"25",3,3,0.1111111111111111,0.1111111111111111,7.29,-1.5969,12
"month","2020-01","loto",27,26,"26",3,3,0.1111111111111111,0.1111111111111111,7.29,-1.5969,12
"month","2020-01","loto",27,52,"52",3,3,0.1111111111111111,0.1111111111111111,7.29,-1.5969,12
"month","2020-01","loto",27,57,"57",3,3,0.1111111111111111,0.1111111111111111,7.29,-1.5969,12
"month","2020-01","loto",27,66,"66",2,2,0.07407407407407407,0.07407407407407407,7.29,-1.9691,13
"month","2020-02","loto",29,5,"05",16,12,0.41379310344827586,0.5517241379310345,7.83,2.9344,1
"month","2020-02","loto",29,68,"68",16,15,0.5172413793103449,0.5517241379310345,7.83,2.9344,1
"month","2020-02","loto",29,40,"40",15,12,0.41379310344827586,0.5172413793103449,7.83,2.5753,2
"month","2020-02","loto",29,73,"73",14,12,0.41379310344827586,0.4827586206896552,7.83,2.2161,3
"month","2020-02","loto",29,41,"41",13,11,0.3793103448275862,0.4482758620689655,7.83,1.8569,4
"month","2020-02","loto",29,78,"78",13,10,0.3448275862068966,0.4482758620689655,7.83,1.8569,4
"month","2020-02","loto",29,96,"96",13,10,0.3448275862068966,0.4482758620689655,7.83,1.8569,4
"month","2020-02","loto",29,63,"63",12,11,0.3793103448275862,0.41379310344827586,7.83,1.4977,5
"month","2020-02","loto",29,76,"76",12,11,0.3793103448275862,0.41379310344827586,7.83,1.4977,5
"month","2020-02","loto",29,89,"89",12,11,0.3793103448275862,0.41379310344827586,7.83,1.4977,5
"month","2020-02","loto",29,10,"10",11,7,0.2413793103448276,0.3793103448275862,7.83,1.1386,6
"month","2020-02","loto",29,33,"33",11,10,0.3448275862068966,0.3793103448275862,7.83,1.1386,6
"month","2020-02","loto",29,49,"49",11,8,0.27586206896551724,0.3793103448275862,7.83,1.1386,6
"month","2020-02","loto",29,57,"57",11,10,0.3448275862068966,0.3793103448275862,7.83,1.1386,6
"month","2020-02","loto",29,70,"70",11,9,0.3103448275862069,0.3793103448275862,7.83,1.1386,6
"month","2020-02","loto",29,99,"99",11,10,0.3448275862068966,0.3793103448275862,7.83,1.1386,6
"month","2020-02","loto",29,7,"07",10,9,0.3103448275862069,0.3448275862068966,7.83,0.7794,7
"month","2020-02","loto",29,11,"11",10,7,0.2413793103448276,0.3448275862068966,7.83,0.7794,7
"month","2020-02","loto",29,12,"12",10,9,0.3103448275862069,0.3448275862068966,7.83,0.7794,7
"month","2020-02","loto",29,15,"15",10,9,0.3103448275862069,0.3448275862068966,7.83,0.7794,7
"month","2020-02","loto",29,39,"39",10,8,0.27586206896551724,0.3448275862068966,7.83,0.7794,7
"month","2020-02","loto",29,50,"50",10,9,0.3103448275862069,0.3448275862068966,7.83,0.7794,7
"month","2020-02","loto",29,59,"59",10,10,0.3448275862068966,0.3448275862068966,7.83,0.7794,7
"month","2020-02","loto",29,62,"62",10,9,0.3103448275862069,0.3448275862068966,7.83,0.7794,7
"month","2020-02","loto",29,65,"65",10,10,0.3448275862068966,0.3448275862068966,7.83,0.7794,7
"month","2020-02","loto",29,77,"77",10,9,0.3103448275862069,0.3448275862068966,7.83,0.7794,7
"month","2020-02","loto",29,82,"82",10,6,0.20689655172413793,0.3448275862068966,7.83,0.7794,7
"month","2020-02","loto",29,91,"91",10,8,0.27586206896551724,0.3448275862068966,7.83,0.7794,7
"month","2020-02","loto",29,94,"94",10,7,0.2413793103448276,0.3448275862068966,7.83,0.7794,7
"month","2020-02","loto",29,4,"04",9,8,0.27586206896551724,0.3103448275862069,7.83,0.4202,8
"month","2020-02","loto",29,23,"23",9,8,0.27586206896551724,0.3103448275862069,7.83,0.4202,8
"month","2020-02","loto",29,43,"43",9,5,0.1724137931034483,0.3103448275862069,7.83,0.4202,8
"month","2020-02","loto",29,48,"48",9,8,0.27586206896551724,0.3103448275862069,7.83,0.4202,8
"month","2020-02","loto",29,61,"61",9,7,0.2413793103448276,0.3103448275862069,7.83,0.4202,8
"month","2020-02","loto",29,92,"92",9,7,0.2413793103448276,0.3103448275862069,7.83,0.4202,8
"month","2020-02","loto",29,2,"02",8,7,0.2413793103448276,0.27586206896551724,7.83,0.0611,9
"month","2020-02","loto",29,6,"06",8,7,0.2413793103448276,0.27586206896551724,7.83,0.0611,9
"month","2020-02","loto",29,9,"09",8,8,0.27586206896551724,0.27586206896551724,7.83,0.0611,9
"month","2020-02","loto",29,18,"18",8,6,0.20689655172413793,0.27586206896551724,7.83,0.0611,9
"month","2020-02","loto",29,19,"19",8,7,0.2413793103448276,0.27586206896551724,7.83,0.0611,9
"month","2020-02","loto",29,25,"25",8,6,0.20689655172413793,0.27586206896551724,7.83,0.0611,9
"month","2020-02","loto",29,30,"30",8,7,0.2413793103448276,0.27586206896551724,7.83,0.0611,9
"month","2020-02","loto",29,32,"32",8,7,0.2413793103448276,0.27586206896551724,7.83,0.0611,9
"month","2020-02","loto",29,34,"34",8,7,0.2413793103448276,0.27586206896551724,7.83,0.0611,9
"month","2020-02","loto",29,46,"46",8,7,0.2413793103448276,0.27586206896551724,7.83,0.0611,9
"month","2020-02","loto",29,54,"54",8,8,0.27586206896551724,0.27586206896551724,7.83,0.0611,9
"month","2020-02","loto",29,64,"64",8,7,0.2413793103448276,0.27586206896551724,7.83,0.0611,9
"month","2020-02","loto",29,71,"71",8,8,0.27586206896551724,0.27586206896551724,7.83,0.0611,9
"month","2020-02","loto",29,75,"75",8,6,0.20689655172413793,0.27586206896551724,7.83,0.0611,9
"month","2020-02","loto",29,97,"97",8,7,0.2413793103448276,0.27586206896551724,7.83,0.0611,9
"month","2020-02","loto",29,0,"00",7,6,0.20689655172413793,0.2413793103448276,7.83,-0.2981,10
"month","2020-02","loto",29,16,"16",7,6,0.20689655172413793,0.2413793103448276,7.83,-0.2981,10
"month","2020-02","loto",29,17,"17",7,6,0.20689655172413793,0.2413793103448276,7.83,-0.2981,10
"month","2020-02","loto",29,21,"21",7,7,0.2413793103448276,0.2413793103448276,7.83,-0.2981,10
"month","2020-02","loto",29,22,"22",7,6,0.20689655172413793,0.2413793103448276,7.83,-0.2981,10
"month","2020-02","loto",29,42,"42",7,7,0.2413793103448276,0.2413793103448276,7.83,-0.2981,10
"month","2020-02","loto",29,47,"47",7,5,0.1724137931034483,0.2413793103448276,7.83,-0.2981,10
"month","2020-02","loto",29,52,"52",7,6,0.20689655172413793,0.2413793103448276,7.83,-0.2981,10
"month","2020-02","loto",29,53,"53",7,7,0.2413793103448276,0.2413793103448276,7.83,-0.2981,10
"month","2020-02","loto",29,60,"60",7,7,0.2413793103448276,0.2413793103448276,7.83,-0.2981,10
"month","2020-02","loto",29,66,"66",7,6,0.20689655172413793,0.2413793103448276,7.83,-0.2981,10
"month","2020-02","loto",29,69,"69",7,5,0.1724137931034483,0.2413793103448276,7.83,-0.2981,10
"month","2020-02","loto",29,84,"84",7,6,0.20689655172413793,0.2413793103448276,7.83,-0.2981,10
"month","2020-02","loto",29,87,"87",7,6,0.20689655172413793,0.2413793103448276,7.83,-0.2981,10
"month","2020-02","loto",29,88,"88",7,5,0.1724137931034483,0.2413793103448276,7.83,-0.2981,10
"month","2020-02","loto",29,93,"93",7,6,0.20689655172413793,0.2413793103448276,7.83,-0.2981,10
"month","2020-02","loto",29,1,"01",6,5,0.1724137931034483,0.20689655172413793,7.83,-0.6573,11
"month","2020-02","loto",29,3,"03",6,6,0.20689655172413793,0.20689655172413793,7.83,-0.6573,11
"month","2020-02","loto",29,36,"36",6,5,0.1724137931034483,0.20689655172413793,7.83,-0.6573,11
"month","2020-02","loto",29,37,"37",6,5,0.1724137931034483,0.20689655172413793,7.83,-0.6573,11
"month","2020-02","loto",29,38,"38",6,5,0.1724137931034483,0.20689655172413793,7.83,-0.6573,11
"month","2020-02","loto",29,44,"44",6,6,0.20689655172413793,0.20689655172413793,7.83,-0.6573,11
"month","2020-02","loto",29,51,"51",6,6,0.20689655172413793,0.20689655172413793,7.83,-0.6573,11
"month","2020-02","loto",29,55,"55",6,5,0.1724137931034483,0.20689655172413793,7.83,-0.6573,11
"month","2020-02","loto",29,79,"79",6,5,0.1724137931034483,0.20689655172413793,7.83,-0.6573,11
"month","2020-02","loto",29,81,"81",6,6,0.20689655172413793,0.20689655172413793,7.83,-0.6573,11
"month","2020-02","loto",29,83,"83",6,5,0.1724137931034483,0.20689655172413793,7.83,-0.6573,11
"month","2020-02","loto",29,85,"85",6,6,0.20689655172413793,0.20689655172413793,7.83,-0.6573,11
"month","2020-02","loto",29,86,"86",6,6,0.20689655172413793,0.20689655172413793,7.83,-0.6573,11
"month","2020-02","loto",29,95,"95",6,6,0.20689655172413793,0.20689655172413793,7.83,-0.6573,11
"month","2020-02","loto",29,8,"08",5,5,0.1724137931034483,0.1724137931034483,7.83,-1.0165,12
"month","2020-02","loto",29,20,"20",5,4,0.13793103448275862,0.1724137931034483,7.83,-1.0165,12
"month","2020-02","loto",29,26,"26",5,5,0.1724137931034483,0.1724137931034483,7.83,-1.0165,12
"month","2020-02","loto",29,56,"56",5,5,0.1724137931034483,0.1724137931034483,7.83,-1.0165,12
"month","2020-02","loto",29,67,"67",5,5,0.1724137931034483,0.1724137931034483,7.83,-1.0165,12
"month","2020-02","loto",29,74,"74",5,4,0.13793103448275862,0.1724137931034483,7.83,-1.0165,12
"month","2020-02","loto",29,80,"80",5,5,0.1724137931034483,0.1724137931034483,7.83,-1.0165,12
"month","2020-02","loto",29,98,"98",5,5,0.1724137931034483,0.1724137931034483,7.83,-1.0165,12
"month","2020-02","loto",29,13,"13",4,3,0.10344827586206896,0.13793103448275862,7.83,-1.3756,13
"month","2020-02","loto",29,14,"14",4,3,0.10344827586206896,0.13793103448275862,7.83,-1.3756,13
"month","2020-02","loto",29,24,"24",4,4,0.13793103448275862,0.13793103448275862,7.83,-1.3756,13
"month","2020-02","loto",29,31,"31",4,4,0.13793103448275862,0.13793103448275862,7.83,-1.3756,13
"month","2020-02","loto",29,45,"45",4,4,0.13793103448275862,0.13793103448275862,7.83,-1.3756,13
"month","2020-02","loto",29,27,"27",3,3,0.10344827586206896,0.10344827586206896,7.83,-1.7348,14
"month","2020-02","loto",29,28,"28",3,3,0.10344827586206896,0.10344827586206896,7.83,-1.7348,14
"month","2020-02","loto",29,29,"29",3,3,0.10344827586206896,0.10344827586206896,7.83,-1.7348,14
"month","2020-02","loto",29,35,"35",3,3,0.10344827586206896,0.10344827586206896,7.83,-1.7348,14
"month","2020-02","loto",29,58,"58",3,3,0.10344827586206896,0.10344827586206896,7.83,-1.7348,14
"month","2020-02","loto",29,72,"72",3,3,0.10344827586206896,0.10344827586206896,7.83,-1.7348,14
"month","2020-02","loto",29,90,"90",3,3,0.10344827586206896,0.10344827586206896,7.83,-1.7348,14
"month","2020-03","loto",31,14,"14",17,14,0.45161290322580644,0.5483870967741935,8.37,2.998,1
"month","2020-03","loto",31,79,"79",17,12,0.3870967741935484,0.5483870967741935,8.37,2.998,1
"month","2020-03","loto",31,15,"15",15,11,0.3548387096774194,0.4838709677419355,8.37,2.3032,2
"month","2020-03","loto",31,0,"00",13,9,0.2903225806451613,0.41935483870967744,8.37,1.6084,3
"month","2020-03","loto",31,21,"21",13,10,0.3225806451612903,0.41935483870967744,8.37,1.6084,3
"month","2020-03","loto",31,51,"51",13,10,0.3225806451612903,0.41935483870967744,8.37,1.6084,3
"month","2020-03","loto",31,74,"74",13,10,0.3225806451612903,0.41935483870967744,8.37,1.6084,3
"month","2020-03","loto",31,77,"77",13,11,0.3548387096774194,0.41935483870967744,8.37,1.6084,3
"month","2020-03","loto",31,98,"98",13,11,0.3548387096774194,0.41935483870967744,8.37,1.6084,3
"month","2020-03","loto",31,6,"06",12,11,0.3548387096774194,0.3870967741935484,8.37,1.261,4
"month","2020-03","loto",31,10,"10",12,12,0.3870967741935484,0.3870967741935484,8.37,1.261,4
"month","2020-03","loto",31,24,"24",12,10,0.3225806451612903,0.3870967741935484,8.37,1.261,4
"month","2020-03","loto",31,63,"63",12,11,0.3548387096774194,0.3870967741935484,8.37,1.261,4
"month","2020-03","loto",31,88,"88",12,11,0.3548387096774194,0.3870967741935484,8.37,1.261,4
"month","2020-03","loto",31,93,"93",12,10,0.3225806451612903,0.3870967741935484,8.37,1.261,4
"month","2020-03","loto",31,95,"95",12,9,0.2903225806451613,0.3870967741935484,8.37,1.261,4
"month","2020-03","loto",31,2,"02",11,10,0.3225806451612903,0.3548387096774194,8.37,0.9136,5
"month","2020-03","loto",31,11,"11",11,10,0.3225806451612903,0.3548387096774194,8.37,0.9136,5
"month","2020-03","loto",31,12,"12",11,10,0.3225806451612903,0.3548387096774194,8.37,0.9136,5
"month","2020-03","loto",31,35,"35",11,10,0.3225806451612903,0.3548387096774194,8.37,0.9136,5
"month","2020-03","loto",31,58,"58",11,11,0.3548387096774194,0.3548387096774194,8.37,0.9136,5
"month","2020-03","loto",31,73,"73",11,8,0.25806451612903225,0.3548387096774194,8.37,0.9136,5
"month","2020-03","loto",31,85,"85",11,9,0.2903225806451613,0.3548387096774194,8.37,0.9136,5
"month","2020-03","loto",31,94,"94",11,9,0.2903225806451613,0.3548387096774194,8.37,0.9136,5
"month","2020-03","loto",31,4,"04",10,9,0.2903225806451613,0.3225806451612903,8.37,0.5662,6
"month","2020-03","loto",31,19,"19",10,9,0.2903225806451613,0.3225806451612903,8.37,0.5662,6
"month","2020-03","loto",31,23,"23",10,10,0.3225806451612903,0.3225806451612903,8.37,0.5662,6
"month","2020-03","loto",31,38,"38",10,8,0.25806451612903225,0.3225806451612903,8.37,0.5662,6
"month","2020-03","loto",31,53,"53",10,9,0.2903225806451613,0.3225806451612903,8.37,0.5662,6
"month","2020-03","loto",31,55,"55",10,9,0.2903225806451613,0.3225806451612903,8.37,0.5662,6
"month","2020-03","loto",31,56,"56",10,9,0.2903225806451613,0.3225806451612903,8.37,0.5662,6
"month","2020-03","loto",31,59,"59",10,7,0.22580645161290322,0.3225806451612903,8.37,0.5662,6
"month","2020-03","loto",31,72,"72",10,9,0.2903225806451613,0.3225806451612903,8.37,0.5662,6
"month","2020-03","loto",31,82,"82",10,9,0.2903225806451613,0.3225806451612903,8.37,0.5662,6
"month","2020-03","loto",31,90,"90",10,8,0.25806451612903225,0.3225806451612903,8.37,0.5662,6
"month","2020-03","loto",31,9,"09",9,9,0.2903225806451613,0.2903225806451613,8.37,0.2189,7
"month","2020-03","loto",31,18,"18",9,8,0.25806451612903225,0.2903225806451613,8.37,0.2189,7
"month","2020-03","loto",31,22,"22",9,8,0.25806451612903225,0.2903225806451613,8.37,0.2189,7
"month","2020-03","loto",31,29,"29",9,8,0.25806451612903225,0.2903225806451613,8.37,0.2189,7
"month","2020-03","loto",31,37,"37",9,9,0.2903225806451613,0.2903225806451613,8.37,0.2189,7
"month","2020-03","loto",31,57,"57",9,7,0.22580645161290322,0.2903225806451613,8.37,0.2189,7
"month","2020-03","loto",31,61,"61",9,8,0.25806451612903225,0.2903225806451613,8.37,0.2189,7
"month","2020-03","loto",31,65,"65",9,9,0.2903225806451613,0.2903225806451613,8.37,0.2189,7
"month","2020-03","loto",31,66,"66",9,7,0.22580645161290322,0.2903225806451613,8.37,0.2189,7
"month","2020-03","loto",31,76,"76",9,9,0.2903225806451613,0.2903225806451613,8.37,0.2189,7
"month","2020-03","loto",31,81,"81",9,9,0.2903225806451613,0.2903225806451613,8.37,0.2189,7
"month","2020-03","loto",31,87,"87",9,7,0.22580645161290322,0.2903225806451613,8.37,0.2189,7
"month","2020-03","loto",31,91,"91",9,7,0.22580645161290322,0.2903225806451613,8.37,0.2189,7
"month","2020-03","loto",31,3,"03",8,8,0.25806451612903225,0.25806451612903225,8.37,-0.1285,8
"month","2020-03","loto",31,13,"13",8,7,0.22580645161290322,0.25806451612903225,8.37,-0.1285,8
"month","2020-03","loto",31,28,"28",8,8,0.25806451612903225,0.25806451612903225,8.37,-0.1285,8
"month","2020-03","loto",31,31,"31",8,7,0.22580645161290322,0.25806451612903225,8.37,-0.1285,8
"month","2020-03","loto",31,40,"40",8,7,0.22580645161290322,0.25806451612903225,8.37,-0.1285,8
"month","2020-03","loto",31,54,"54",8,8,0.25806451612903225,0.25806451612903225,8.37,-0.1285,8
"month","2020-03","loto",31,64,"64",8,6,0.1935483870967742,0.25806451612903225,8.37,-0.1285,8
"month","2020-03","loto",31,71,"71",8,8,0.25806451612903225,0.25806451612903225,8.37,-0.1285,8
"month","2020-03","loto",31,84,"84",8,7,0.22580645161290322,0.25806451612903225,8.37,-0.1285,8
"month","2020-03","loto",31,89,"89",8,8,0.25806451612903225,0.25806451612903225,8.37,-0.1285,8
"month","2020-03","loto",31,96,"96",8,7,0.22580645161290322,0.25806451612903225,8.37,-0.1285,8
"month","2020-03","loto",31,97,"97",8,6,0.1935483870967742,0.25806451612903225,8.37,-0.1285,8
"month","2020-03","loto",31,99,"99",8,8,0.25806451612903225,0.25806451612903225,8.37,-0.1285,8
"month","2020-03","loto",31,5,"05",7,6,0.1935483870967742,0.22580645161290322,8.37,-0.4759,9
"month","2020-03","loto",31,42,"42",7,7,0.22580645161290322,0.22580645161290322,8.37,-0.4759,9
"month","2020-03","loto",31,43,"43",7,6,0.1935483870967742,0.22580645161290322,8.37,-0.4759,9
"month","2020-03","loto",31,45,"45",7,6,0.1935483870967742,0.22580645161290322,8.37,-0.4759,9
"month","2020-03","loto",31,46,"46",7,6,0.1935483870967742,0.22580645161290322,8.37,-0.4759,9
"month","2020-03","loto",31,48,"48",7,7,0.22580645161290322,0.22580645161290322,8.37,-0.4759,9
"month","2020-03","loto",31,49,"49",7,6,0.1935483870967742,0.22580645161290322,8.37,-0.4759,9
"month","2020-03","loto",31,62,"62",7,7,0.22580645161290322,0.22580645161290322,8.37,-0.4759,9
"month","2020-03","loto",31,78,"78",7,6,0.1935483870967742,0.22580645161290322,8.37,-0.4759,9
"month","2020-03","loto",31,1,"01",6,6,0.1935483870967742,0.1935483870967742,8.37,-0.8233,10
"month","2020-03","loto",31,8,"08",6,6,0.1935483870967742,0.1935483870967742,8.37,-0.8233,10
"month","2020-03","loto",31,16,"16",6,6,0.1935483870967742,0.1935483870967742,8.37,-0.8233,10
"month","2020-03","loto",31,17,"17",6,6,0.1935483870967742,0.1935483870967742,8.37,-0.8233,10
"month","2020-03","loto",31,26,"26",6,6,0.1935483870967742,0.1935483870967742,8.37,-0.8233,10
"month","2020-03","loto",31,30,"30",6,6,0.1935483870967742,0.1935483870967742,8.37,-0.8233,10
"month","2020-03","loto",31,32,"32",6,5,0.16129032258064516,0.1935483870967742,8.37,-0.8233,10
"month","2020-03","loto",31,47,"47",6,6,0.1935483870967742,0.1935483870967742,8.37,-0.8233,10
"month","2020-03","loto",31,60,"60",6,6,0.1935483870967742,0.1935483870967742,8.37,-0.8233,10
"month","2020-03","loto",31,68,"68",6,4,0.12903225806451613,0.1935483870967742,8.37,-0.8233,10
"month","2020-03","loto",31,80,"80",6,6,0.1935483870967742,0.1935483870967742,8.37,-0.8233,10
"month","2020-03","loto",31,83,"83",6,6,0.1935483870967742,0.1935483870967742,8.37,-0.8233,10
"month","2020-03","loto",31,92,"92",6,5,0.16129032258064516,0.1935483870967742,8.37,-0.8233,10
"month","2020-03","loto",31,33,"33",5,5,0.16129032258064516,0.16129032258064516,8.37,-1.1707,11
"month","2020-03","loto",31,34,"34",5,5,0.16129032258064516,0.16129032258064516,8.37,-1.1707,11
"month","2020-03","loto",31,36,"36",5,5,0.16129032258064516,0.16129032258064516,8.37,-1.1707,11
"month","2020-03","loto",31,41,"41",5,5,0.16129032258064516,0.16129032258064516,8.37,-1.1707,11
"month","2020-03","loto",31,44,"44",5,4,0.12903225806451613,0.16129032258064516,8.37,-1.1707,11
"month","2020-03","loto",31,7,"07",4,4,0.12903225806451613,0.12903225806451613,8.37,-1.5181,12
"month","2020-03","loto",31,25,"25",4,3,0.0967741935483871,0.12903225806451613,8.37,-1.5181,12
"month","2020-03","loto",31,52,"52",4,4,0.12903225806451613,0.12903225806451613,8.37,-1.5181,12
"month","2020-03","loto",31,67,"67",4,4,0.12903225806451613,0.12903225806451613,8.37,-1.5181,12
"month","2020-03","loto",31,75,"75",4,4,0.12903225806451613,0.12903225806451613,8.37,-1.5181,12
"month","2020-03","loto",31,20,"20",3,3,0.0967741935483871,0.0967741935483871,8.37,-1.8655,13
"month","2020-03","loto",31,27,"27",3,3,0.0967741935483871,0.0967741935483871,8.37,-1.8655,13
"month","2020-03","loto",31,39,"39",3,3,0.0967741935483871,0.0967741935483871,8.37,-1.8655,13
"month","2020-03","loto",31,50,"50",3,3,0.0967741935483871,0.0967741935483871,8.37,-1.8655,13
"month","2020-03","loto",31,69,"69",3,3,0.0967741935483871,0.0967741935483871,8.37,-1.8655,13
"month","2020-03","loto",31,70,"70",3,3,0.0967741935483871,0.0967741935483871,8.37,-1.8655,13
"month","2020-03","loto",31,86,"86",3,3,0.0967741935483871,0.0967741935483871,8.37,-1.8655,13
"month","2020-04","loto",8,3,"03",7,4,0.5,0.875,2.16,3.3098,1
"month","2020-04","loto",8,6,"06",6,5,0.625,0.75,2.16,2.626,2
"month","2020-04","loto",8,18,"18",6,4,0.5,0.75,2.16,2.626,2
"month","2020-04","loto",8,58,"58",6,5,0.625,0.75,2.16,2.626,2
"month","2020-04","loto",8,80,"80",5,4,0.5,0.625,2.16,1.9421,3
"month","2020-04","loto",8,22,"22",4,4,0.5,0.5,2.16,1.2583,4
"month","2020-04","loto",8,33,"33",4,4,0.5,0.5,2.16,1.2583,4
"month","2020-04","loto",8,34,"34",4,4,0.5,0.5,2.16,1.2583,4
"month","2020-04","loto",8,40,"40",4,3,0.375,0.5,2.16,1.2583,4
"month","2020-04","loto",8,42,"42",4,3,0.375,0.5,2.16,1.2583,4
"month","2020-04","loto",8,46,"46",4,4,0.5,0.5,2.16,1.2583,4
"month","2020-04","loto",8,61,"61",4,3,0.375,0.5,2.16,1.2583,4
"month","2020-04","loto",8,62,"62",4,3,0.375,0.5,2.16,1.2583,4
"month","2020-04","loto",8,71,"71",4,2,0.25,0.5,2.16,1.2583,4
"month","2020-04","loto",8,72,"72",4,3,0.375,0.5,2.16,1.2583,4
"month","2020-04","loto",8,73,"73",4,3,0.375,0.5,2.16,1.2583,4
"month","2020-04","loto",8,88,"88",4,4,0.5,0.5,2.16,1.2583,4
"month","2020-04","loto",8,95,"95",4,4,0.5,0.5,2.16,1.2583,4
"month","2020-04","loto",8,98,"98",4,3,0.375,0.5,2.16,1.2583,4
"month","2020-04","loto",8,2,"02",3,3,0.375,0.375,2.16,0.5744,5
"month","2020-04","loto",8,8,"08",3,2,0.25,0.375,2.16,0.5744,5
"month","2020-04","loto",8,10,"10",3,3,0.375,0.375,2.16,0.5744,5
"month","2020-04","loto",8,16,"16",3,3,0.375,0.375,2.16,0.5744,5
"month","2020-04","loto",8,19,"19",3,3,0.375,0.375,2.16,0.5744,5
"month","2020-04","loto",8,25,"25",3,3,0.375,0.375,2.16,0.5744,5
"month","2020-04","loto",8,27,"27",3,3,0.375,0.375,2.16,0.5744,5
"month","2020-04","loto",8,36,"36",3,2,0.25,0.375,2.16,0.5744,5
"month","2020-04","loto",8,37,"37",3,3,0.375,0.375,2.16,0.5744,5
"month","2020-04","loto",8,41,"41",3,2,0.25,0.375,2.16,0.5744,5
"month","2020-04","loto",8,45,"45",3,3,0.375,0.375,2.16,0.5744,5
"month","2020-04","loto",8,50,"50",3,2,0.25,0.375,2.16,0.5744,5
"month","2020-04","loto",8,55,"55",3,3,0.375,0.375,2.16,0.5744,5
"month","2020-04","loto",8,60,"60",3,3,0.375,0.375,2.16,0.5744,5
"month","2020-04","loto",8,68,"68",3,3,0.375,0.375,2.16,0.5744,5
"month","2020-04","loto",8,69,"69",3,3,0.375,0.375,2.16,0.5744,5
"month","2020-04","loto",8,70,"70",3,3,0.375,0.375,2.16,0.5744,5
"month","2020-04","loto",8,75,"75",3,3,0.375,0.375,2.16,0.5744,5
"month","2020-04","loto",8,81,"81",3,2,0.25,0.375,2.16,0.5744,5
"month","2020-04","loto",8,83,"83",3,3,0.375,0.375,2.16,0.5744,5
"month","2020-04","loto",8,91,"91",3,2,0.25,0.375,2.16,0.5744,5
"month","2020-04","loto",8,94,"94",3,3,0.375,0.375,2.16,0.5744,5
"month","2020-04","loto",8,7,"07",2,2,0.25,0.25,2.16,-0.1094,6
"month","2020-04","loto",8,9,"09",2,2,0.25,0.25,2.16,-0.1094,6
"month","2020-04","loto",8,12,"12",2,2,0.25,0.25,2.16,-0.1094,6
"month","2020-04","loto",8,13,"13",2,2,0.25,0.25,2.16,-0.1094,6
"month","2020-04","loto",8,17,"17",2,2,0.25,0.25,2.16,-0.1094,6
"month","2020-04","loto",8,23,"23",2,2,0.25,0.25,2.16,-0.1094,6
"month","2020-04","loto",8,28,"28",2,2,0.25,0.25,2.16,-0.1094,6
"month","2020-04","loto",8,31,"31",2,2,0.25,0.25,2.16,-0.1094,6
"month","2020-04","loto",8,32,"32",2,2,0.25,0.25,2.16,-0.1094,6
"month","2020-04","loto",8,47,"47",2,2,0.25,0.25,2.16,-0.1094,6
"month","2020-04","loto",8,49,"49",2,2,0.25,0.25,2.16,-0.1094,6
"month","2020-04","loto",8,63,"63",2,2,0.25,0.25,2.16,-0.1094,6
"month","2020-04","loto",8,64,"64",2,2,0.25,0.25,2.16,-0.1094,6
"month","2020-04","loto",8,67,"67",2,1,0.125,0.25,2.16,-0.1094,6
"month","2020-04","loto",8,78,"78",2,2,0.25,0.25,2.16,-0.1094,6
"month","2020-04","loto",8,85,"85",2,2,0.25,0.25,2.16,-0.1094,6
"month","2020-04","loto",8,86,"86",2,2,0.25,0.25,2.16,-0.1094,6
"month","2020-04","loto",8,87,"87",2,2,0.25,0.25,2.16,-0.1094,6
"month","2020-04","loto",8,89,"89",2,1,0.125,0.25,2.16,-0.1094,6
"month","2020-04","loto",8,90,"90",2,2,0.25,0.25,2.16,-0.1094,6
"month","2020-04","loto",8,93,"93",2,2,0.25,0.25,2.16,-0.1094,6
"month","2020-04","loto",8,99,"99",2,2,0.25,0.25,2.16,-0.1094,6
"month","2020-04","loto",8,1,"01",1,1,0.125,0.125,2.16,-0.7933,7
"month","2020-04","loto",8,5,"05",1,1,0.125,0.125,2.16,-0.7933,7
"month","2020-04","loto",8,14,"14",1,1,0.125,0.125,2.16,-0.7933,7
"month","2020-04","loto",8,20,"20",1,1,0.125,0.125,2.16,-0.7933,7
"month","2020-04","loto",8,21,"21",1,1,0.125,0.125,2.16,-0.7933,7
"month","2020-04","loto",8,24,"24",1,1,0.125,0.125,2.16,-0.7933,7
"month","2020-04","loto",8,26,"26",1,1,0.125,0.125,2.16,-0.7933,7
"month","2020-04","loto",8,29,"29",1,1,0.125,0.125,2.16,-0.7933,7
"month","2020-04","loto",8,39,"39",1,1,0.125,0.125,2.16,-0.7933,7
"month","2020-04","loto",8,44,"44",1,1,0.125,0.125,2.16,-0.7933,7
"month","2020-04","loto",8,51,"51",1,1,0.125,0.125,2.16,-0.7933,7
"month","2020-04","loto",8,52,"52",1,1,0.125,0.125,2.16,-0.7933,7
"month","2020-04","loto",8,56,"56",1,1,0.125,0.125,2.16,-0.7933,7
"month","2020-04","loto",8,59,"59",1,1,0.125,0.125,2.16,-0.7933,7
"month","2020-04","loto",8,77,"77",1,1,0.125,0.125,2.16,-0.7933,7
"month","2020-04","loto",8,79,"79",1,1,0.125,0.125,2.16,-0.7933,7
"month","2020-04","loto",8,84,"84",1,1,0.125,0.125,2.16,-0.7933,7
"month","2020-04","loto",8,92,"92",1,1,0.125,0.125,2.16,-0.7933,7
"month","2020-04","loto",8,96,"96",1,1,0.125,0.125,2.16,-0.7933,7
"month","2020-04","loto",8,97,"97",1,1,0.125,0.125,2.16,-0.7933,7
"month","2020-04","loto",8,0,"00",0,0,0.0,0.0,2.16,-1.4771,8
"month","2020-04","loto",8,4,"04",0,0,0.0,0.0,2.16,-1.4771,8
"month","2020-04","loto",8,11,"11",0,0,0.0,0.0,2.16,-1.4771,8
"month","2020-04","loto",8,15,"15",0,0,0.0,0.0,2.16,-1.4771,8
"month","2020-04","loto",8,30,"30",0,0,0.0,0.0,2.16,-1.4771,8
"month","2020-04","loto",8,35,"35",0,0,0.0,0.0,2.16,-1.4771,8
"month","2020-04","loto",8,38,"38",0,0,0.0,0.0,2.16,-1.4771,8
"month","2020-04","loto",8,43,"43",0,0,0.0,0.0,2.16,-1.4771,8
"month","2020-04","loto",8,48,"48",0,0,0.0,0.0,2.16,-1.4771,8
"month","2020-04","loto",8,53,"53",0,0,0.0,0.0,2.16,-1.4771,8
"month","2020-04","loto",8,54,"54",0,0,0.0,0.0,2.16,-1.4771,8
"month","2020-04","loto",8,57,"57",0,0,0.0,0.0,2.16,-1.4771,8
"month","2020-04","loto",8,65,"65",0,0,0.0,0.0,2.16,-1.4771,8
"month","2020-04","loto",8,66,"66",0,0,0.0,0.0,2.16,-1.4771,8
"month","2020-04","loto",8,74,"74",0,0,0.0,0.0,2.16,-1.4771,8
"month","2020-04","loto",8,76,"76",0,0,0.0,0.0,2.16,-1.4771,8
"month","2020-04","loto",8,82,"82",0,0,0.0,0.0,2.16,-1.4771,8
"month","2020-05","loto",31,22,"22",15,10,0.3225806451612903,0.4838709677419355,8.37,2.3032,1
"month","2020-05","loto",31,10,"10",14,12,0.3870967741935484,0.45161290322580644,8.37,1.9558,2
"month","2020-05","loto",31,25,"25",14,12,0.3870967741935484,0.45161290322580644,8.37,1.9558,2
"month","2020-05","loto",31,42,"42",14,11,0.3548387096774194,0.45161290322580644,8.37,1.9558,2
"month","2020-05","loto",31,80,"80",14,10,0.3225806451612903,0.45161290322580644,8.37,1.9558,2
"month","2020-05","loto",31,71,"71",13,11,0.3548387096774194,0.41935483870967744,8.37,1.6084,3
"month","2020-05","loto",31,79,"79",13,11,0.3548387096774194,0.41935483870967744,8.37,1.6084,3
"month","2020-05","loto",31,24,"24",12,10,0.3225806451612903,0.3870967741935484,8.37,1.261,4
"month","2020-05","loto",31,34,"34",12,10,0.3225806451612903,0.3870967741935484,8.37,1.261,4
"month","2020-05","loto",31,43,"43",12,10,0.3225806451612903,0.3870967741935484,8.37,1.261,4
"month","2020-05","loto",31,37,"37",11,9,0.2903225806451613,0.3548387096774194,8.37,0.9136,5
"month","2020-05","loto",31,39,"39",11,10,0.3225806451612903,0.3548387096774194,8.37,0.9136,5
"month","2020-05","loto",31,41,"41",11,10,0.3225806451612903,0.3548387096774194,8.37,0.9136,5
"month","2020-05","loto",31,48,"48",11,10,0.3225806451612903,0.3548387096774194,8.37,0.9136,5
"month","2020-05","loto",31,51,"51",11,9,0.2903225806451613,0.3548387096774194,8.37,0.9136,5
"month","2020-05","loto",31,55,"55",11,9,0.2903225806451613,0.3548387096774194,8.37,0.9136,5
"month","2020-05","loto",31,61,"61",11,9,0.2903225806451613,0.3548387096774194,8.37,0.9136,5
"month","2020-05","loto",31,63,"63",11,9,0.2903225806451613,0.3548387096774194,8.37,0.9136,5
"month","2020-05","loto",31,64,"64",11,11,0.3548387096774194,0.3548387096774194,8.37,0.9136,5
"month","2020-05","loto",31,68,"68",11,11,0.3548387096774194,0.3548387096774194,8.37,0.9136,5
"month","2020-05","loto",31,81,"81",11,10,0.3225806451612903,0.3548387096774194,8.37,0.9136,5
"month","2020-05","loto",31,84,"84",11,10,0.3225806451612903,0.3548387096774194,8.37,0.9136,5
"month","2020-05","loto",31,85,"85",11,10,0.3225806451612903,0.3548387096774194,8.37,0.9136,5
"month","2020-05","loto",31,93,"93",11,8,0.25806451612903225,0.3548387096774194,8.37,0.9136,5
"month","2020-05","loto",31,94,"94",11,9,0.2903225806451613,0.3548387096774194,8.37,0.9136,5
"month","2020-05","loto",31,98,"98",11,7,0.22580645161290322,0.3548387096774194,8.37,0.9136,5
"month","2020-05","loto",31,2,"02",10,8,0.25806451612903225,0.3225806451612903,8.37,0.5662,6
"month","2020-05","loto",31,11,"11",10,7,0.22580645161290322,0.3225806451612903,8.37,0.5662,6
"month","2020-05","loto",31,12,"12",10,9,0.2903225806451613,0.3225806451612903,8.37,0.5662,6
"month","2020-05","loto",31,15,"15",10,10,0.3225806451612903,0.3225806451612903,8.37,0.5662,6
"month","2020-05","loto",31,31,"31",10,9,0.2903225806451613,0.3225806451612903,8.37,0.5662,6
"month","2020-05","loto",31,44,"44",10,10,0.3225806451612903,0.3225806451612903,8.37,0.5662,6
"month","2020-05","loto",31,45,"45",10,7,0.22580645161290322,0.3225806451612903,8.37,0.5662,6
"month","2020-05","loto",31,46,"46",10,9,0.2903225806451613,0.3225806451612903,8.37,0.5662,6
"month","2020-05","loto",31,65,"65",10,9,0.2903225806451613,0.3225806451612903,8.37,0.5662,6
"month","2020-05","loto",31,74,"74",10,9,0.2903225806451613,0.3225806451612903,8.37,0.5662,6
"month","2020-05","loto",31,88,"88",10,9,0.2903225806451613,0.3225806451612903,8.37,0.5662,6
"month","2020-05","loto",31,95,"95",10,8,0.25806451612903225,0.3225806451612903,8.37,0.5662,6
"month","2020-05","loto",31,0,"00",9,8,0.25806451612903225,0.2903225806451613,8.37,0.2189,7
"month","2020-05","loto",31,8,"08",9,8,0.25806451612903225,0.2903225806451613,8.37,0.2189,7
"month","2020-05","loto",31,13,"13",9,7,0.22580645161290322,0.2903225806451613,8.37,0.2189,7
"month","2020-05","loto",31,16,"16",9,6,0.1935483870967742,0.2903225806451613,8.37,0.2189,7
"month","2020-05","loto",31,17,"17",9,9,0.2903225806451613,0.2903225806451613,8.37,0.2189,7
"month","2020-05","loto",31,26,"26",9,7,0.22580645161290322,0.2903225806451613,8.37,0.2189,7
"month","2020-05","loto",31,36,"36",9,8,0.25806451612903225,0.2903225806451613,8.37,0.2189,7
"month","2020-05","loto",31,54,"54",9,8,0.25806451612903225,0.2903225806451613,8.37,0.2189,7
"month","2020-05","loto",31,57,"57",9,6,0.1935483870967742,0.2903225806451613,8.37,0.2189,7
"month","2020-05","loto",31,72,"72",9,8,0.25806451612903225,0.2903225806451613,8.37,0.2189,7
"month","2020-05","loto",31,78,"78",9,8,0.25806451612903225,0.2903225806451613,8.37,0.2189,7
"month","2020-05","loto",31,82,"82",9,7,0.22580645161290322,0.2903225806451613,8.37,0.2189,7
"month","2020-05","loto",31,87,"87",9,7,0.22580645161290322,0.2903225806451613,8.37,0.2189,7
"month","2020-05","loto",31,97,"97",9,9,0.2903225806451613,0.2903225806451613,8.37,0.2189,7
"month","2020-05","loto",31,3,"03",8,7,0.22580645161290322,0.25806451612903225,8.37,-0.1285,8
"month","2020-05","loto",31,7,"07",8,6,0.1935483870967742,0.25806451612903225,8.37,-0.1285,8
"month","2020-05","loto",31,28,"28",8,6,0.1935483870967742,0.25806451612903225,8.37,-0.1285,8
"month","2020-05","loto",31,38,"38",8,7,0.22580645161290322,0.25806451612903225,8.37,-0.1285,8
"month","2020-05","loto",31,59,"59",8,7,0.22580645161290322,0.25806451612903225,8.37,-0.1285,8
"month","2020-05","loto",31,73,"73",8,7,0.22580645161290322,0.25806451612903225,8.37,-0.1285,8
"month","2020-05","loto",31,75,"75",8,7,0.22580645161290322,0.25806451612903225,8.37,-0.1285,8
"month","2020-05","loto",31,76,"76",8,8,0.25806451612903225,0.25806451612903225,8.37,-0.1285,8
"month","2020-05","loto",31,83,"83",8,7,0.22580645161290322,0.25806451612903225,8.37,-0.1285,8
"month","2020-05","loto",31,1,"01",7,7,0.22580645161290322,0.22580645161290322,8.37,-0.4759,9
"month","2020-05","loto",31,9,"09",7,6,0.1935483870967742,0.22580645161290322,8.37,-0.4759,9
"month","2020-05","loto",31,14,"14",7,6,0.1935483870967742,0.22580645161290322,8.37,-0.4759,9
"month","2020-05","loto",31,18,"18",7,6,0.1935483870967742,0.22580645161290322,8.37,-0.4759,9
"month","2020-05","loto",31,30,"30",7,6,0.1935483870967742,0.22580645161290322,8.37,-0.4759,9
"month","2020-05","loto",31,35,"35",7,6,0.1935483870967742,0.22580645161290322,8.37,-0.4759,9
"month","2020-05","loto",31,50,"50",7,7,0.22580645161290322,0.22580645161290322,8.37,-0.4759,9
"month","2020-05","loto",31,69,"69",7,6,0.1935483870967742,0.22580645161290322,8.37,-0.4759,9
"month","2020-05","loto",31,77,"77",7,6,0.1935483870967742,0.22580645161290322,8.37,-0.4759,9
"month","2020-05","loto",31,5,"05",6,5,0.16129032258064516,0.1935483870967742,8.37,-0.8233,10
"month","2020-05","loto",31,19,"19",6,5,0.16129032258064516,0.1935483870967742,8.37,-0.8233,10
"month","2020-05","loto",31,20,"20",6,6,0.1935483870967742,0.1935483870967742,8.37,-0.8233,10
"month","2020-05","loto",31,40,"40",6,4,0.12903225806451613,0.1935483870967742,8.37,-0.8233,10
"month","2020-05","loto",31,47,"47",6,5,0.16129032258064516,0.1935483870967742,8.37,-0.8233,10
"month","2020-05","loto",31,52,"52",6,6,0.1935483870967742,0.1935483870967742,8.37,-0.8233,10
"month","2020-05","loto",31,56,"56",6,6,0.1935483870967742,0.1935483870967742,8.37,-0.8233,10
"month","2020-05","loto",31,62,"62",6,6,0.1935483870967742,0.1935483870967742,8.37,-0.8233,10
"month","2020-05","loto",31,66,"66",6,6,0.1935483870967742,0.1935483870967742,8.37,-0.8233,10
"month","2020-05","loto",31,67,"67",6,5,0.16129032258064516,0.1935483870967742,8.37,-0.8233,10
"month","2020-05","loto",31,70,"70",6,4,0.12903225806451613,0.1935483870967742,8.37,-0.8233,10
"month","2020-05","loto",31,92,"92",6,5,0.16129032258064516,0.1935483870967742,8.37,-0.8233,10
"month","2020-05","loto",31,99,"99",6,5,0.16129032258064516,0.1935483870967742,8.37,-0.8233,10
"month","2020-05","loto",31,23,"23",5,4,0.12903225806451613,0.16129032258064516,8.37,-1.1707,11
"month","2020-05","loto",31,29,"29",5,4,0.12903225806451613,0.16129032258064516,8.37,-1.1707,11
"month","2020-05","loto",31,33,"33",5,4,0.12903225806451613,0.16129032258064516,8.37,-1.1707,11
"month","2020-05","loto",31,49,"49",5,4,0.12903225806451613,0.16129032258064516,8.37,-1.1707,11
"month","2020-05","loto",31,53,"53",5,4,0.12903225806451613,0.16129032258064516,8.37,-1.1707,11
"month","2020-05","loto",31,58,"58",5,5,0.16129032258064516,0.16129032258064516,8.37,-1.1707,11
"month","2020-05","loto",31,89,"89",5,5,0.16129032258064516,0.16129032258064516,8.37,-1.1707,11
"month","2020-05","loto",31,91,"91",5,5,0.16129032258064516,0.16129032258064516,8.37,-1.1707,11
"month","2020-05","loto",31,4,"04",4,4,0.12903225806451613,0.12903225806451613,8.37,-1.5181,12
"month","2020-05","loto",31,21,"21",4,3,0.0967741935483871,0.12903225806451613,8.37,-1.5181,12
"month","2020-05","loto",31,32,"32",4,4,0.12903225806451613,0.12903225806451613,8.37,-1.5181,12
"month","2020-05","loto",31,60,"60",4,4,0.12903225806451613,0.12903225806451613,8.37,-1.5181,12
"month","2020-05","loto",31,86,"86",4,4,0.12903225806451613,0.12903225806451613,8.37,-1.5181,12
"month","2020-05","loto",31,90,"90",4,4,0.12903225806451613,0.12903225806451613,8.37,-1.5181,12
"month","2020-05","loto",31,27,"27",2,2,0.06451612903225806,0.06451612903225806,8.37,-2.2129,13
"month","2020-05","loto",31,96,"96",2,2,0.06451612903225806,0.06451612903225806,8.37,-2.2129,13
"month","2020-05","loto",31,6,"06",1,1,0.03225806451612903,0.03225806451612903,8.37,-2.5603,14
"month","2020-06","loto",30,38,"38",17,13,0.43333333333333335,0.5666666666666667,8.1,3.1429,1
"month","2020-06","loto",30,30,"30",14,12,0.4,0.4666666666666667,8.1,2.0835,2
"month","2020-06","loto",30,59,"59",14,11,0.36666666666666664,0.4666666666666667,8.1,2.0835,2
"month","2020-06","loto",30,78,"78",14,12,0.4,0.4666666666666667,8.1,2.0835,2
"month","2020-06","loto",30,20,"20",13,11,0.36666666666666664,0.43333333333333335,8.1,1.7304,3
"month","2020-06","loto",30,36,"36",13,10,0.3333333333333333,0.43333333333333335,8.1,1.7304,3
"month","2020-06","loto",30,64,"64",13,10,0.3333333333333333,0.43333333333333335,8.1,1.7304,3
"month","2020-06","loto",30,19,"19",12,9,0.3,0.4,8.1,1.3772,4
"month","2020-06","loto",30,28,"28",12,9,0.3,0.4,8.1,1.3772,4
"month","2020-06","loto",30,49,"49",12,9,0.3,0.4,8.1,1.3772,4
"month","2020-06","loto",30,77,"77",12,8,0.26666666666666666,0.4,8.1,1.3772,4
"month","2020-06","loto",30,79,"79",12,11,0.36666666666666664,0.4,8.1,1.3772,4
"month","2020-06","loto",30,3,"03",11,10,0.3333333333333333,0.36666666666666664,8.1,1.0241,5
"month","2020-06","loto",30,6,"06",11,9,0.3,0.36666666666666664,8.1,1.0241,5
"month","2020-06","loto",30,7,"07",11,8,0.26666666666666666,0.36666666666666664,8.1,1.0241,5
"month","2020-06","loto",30,8,"08",11,10,0.3333333333333333,0.36666666666666664,8.1,1.0241,5
"month","2020-06","loto",30,9,"09",11,10,0.3333333333333333,0.36666666666666664,8.1,1.0241,5
"month","2020-06","loto",30,13,"13",11,8,0.26666666666666666,0.36666666666666664,8.1,1.0241,5
"month","2020-06","loto",30,27,"27",11,9,0.3,0.36666666666666664,8.1,1.0241,5
"month","2020-06","loto",30,31,"31",11,10,0.3333333333333333,0.36666666666666664,8.1,1.0241,5
"month","2020-06","loto",30,39,"39",11,10,0.3333333333333333,0.36666666666666664,8.1,1.0241,5
"month","2020-06","loto",30,42,"42",11,10,0.3333333333333333,0.36666666666666664,8.1,1.0241,5
"month","2020-06","loto",30,53,"53",11,9,0.3,0.36666666666666664,8.1,1.0241,5
"month","2020-06","loto",30,61,"61",11,8,0.26666666666666666,0.36666666666666664,8.1,1.0241,5
"month","2020-06","loto",30,90,"90",11,9,0.3,0.36666666666666664,8.1,1.0241,5
"month","2020-06","loto",30,4,"04",10,9,0.3,0.3333333333333333,8.1,0.671,6
"month","2020-06","loto",30,17,"17",10,9,0.3,0.3333333333333333,8.1,0.671,6
"month","2020-06","loto",30,21,"21",10,9,0.3,0.3333333333333333,8.1,0.671,6
"month","2020-06","loto",30,33,"33",10,7,0.23333333333333334,0.3333333333333333,8.1,0.671,6
"month","2020-06","loto",30,34,"34",10,8,0.26666666666666666,0.3333333333333333,8.1,0.671,6
"month","2020-06","loto",30,46,"46",10,8,0.26666666666666666,0.3333333333333333,8.1,0.671,6
"month","2020-06","loto",30,66,"66",10,10,0.3333333333333333,0.3333333333333333,8.1,0.671,6
"month","2020-06","loto",30,67,"67",10,9,0.3,0.3333333333333333,8.1,0.671,6
"month","2020-06","loto",30,80,"80",10,8,0.26666666666666666,0.3333333333333333,8.1,0.671,6
"month","2020-06","loto",30,95,"95",10,9,0.3,0.3333333333333333,8.1,0.671,6
"month","2020-06","loto",30,14,"14",9,7,0.23333333333333334,0.3,8.1,0.3178,7
"month","2020-06","loto",30,22,"22",9,9,0.3,0.3,8.1,0.3178,7
"month","2020-06","loto",30,32,"32",9,8,0.26666666666666666,0.3,8.1,0.3178,7
"month","2020-06","loto",30,37,"37",9,9,0.3,0.3,8.1,0.3178,7
"month","2020-06","loto",30,43,"43",9,7,0.23333333333333334,0.3,8.1,0.3178,7
"month","2020-06","loto",30,48,"48",9,9,0.3,0.3,8.1,0.3178,7
"month","2020-06","loto",30,50,"50",9,9,0.3,0.3,8.1,0.3178,7
"month","2020-06","loto",30,52,"52",9,8,0.26666666666666666,0.3,8.1,0.3178,7
"month","2020-06","loto",30,93,"93",9,8,0.26666666666666666,0.3,8.1,0.3178,7
"month","2020-06","loto",30,94,"94",9,7,0.23333333333333334,0.3,8.1,0.3178,7
"month","2020-06","loto",30,26,"26",8,7,0.23333333333333334,0.26666666666666666,8.1,-0.0353,8
"month","2020-06","loto",30,35,"35",8,7,0.23333333333333334,0.26666666666666666,8.1,-0.0353,8
"month","2020-06","loto",30,41,"41",8,8,0.26666666666666666,0.26666666666666666,8.1,-0.0353,8
"month","2020-06","loto",30,45,"45",8,7,0.23333333333333334,0.26666666666666666,8.1,-0.0353,8
"month","2020-06","loto",30,51,"51",8,7,0.23333333333333334,0.26666666666666666,8.1,-0.0353,8
"month","2020-06","loto",30,56,"56",8,7,0.23333333333333334,0.26666666666666666,8.1,-0.0353,8
"month","2020-06","loto",30,72,"72",8,7,0.23333333333333334,0.26666666666666666,8.1,-0.0353,8
"month","2020-06","loto",30,83,"83",8,8,0.26666666666666666,0.26666666666666666,8.1,-0.0353,8
"month","2020-06","loto",30,92,"92",8,7,0.23333333333333334,0.26666666666666666,8.1,-0.0353,8
"month","2020-06","loto",30,98,"98",8,7,0.23333333333333334,0.26666666666666666,8.1,-0.0353,8
"month","2020-06","loto",30,0,"00",7,7,0.23333333333333334,0.23333333333333334,8.1,-0.3884,9
"month","2020-06","loto",30,1,"01",7,6,0.2,0.23333333333333334,8.1,-0.3884,9
"month","2020-06","loto",30,2,"02",7,6,0.2,0.23333333333333334,8.1,-0.3884,9
"month","2020-06","loto",30,10,"10",7,7,0.23333333333333334,0.23333333333333334,8.1,-0.3884,9
"month","2020-06","loto",30,18,"18",7,6,0.2,0.23333333333333334,8.1,-0.3884,9
"month","2020-06","loto",30,23,"23",7,7,0.23333333333333334,0.23333333333333334,8.1,-0.3884,9
"month","2020-06","loto",30,54,"54",7,7,0.23333333333333334,0.23333333333333334,8.1,-0.3884,9
"month","2020-06","loto",30,62,"62",7,7,0.23333333333333334,0.23333333333333334,8.1,-0.3884,9
"month","2020-06","loto",30,70,"70",7,7,0.23333333333333334,0.23333333333333334,8.1,-0.3884,9
"month","2020-06","loto",30,74,"74",7,6,0.2,0.23333333333333334,8.1,-0.3884,9
"month","2020-06","loto",30,76,"76",7,7,0.23333333333333334,0.23333333333333334,8.1,-0.3884,9
"month","2020-06","loto",30,87,"87",7,7,0.23333333333333334,0.23333333333333334,8.1,-0.3884,9
"month","2020-06","loto",30,88,"88",7,6,0.2,0.23333333333333334,8.1,-0.3884,9
"month","2020-06","loto",30,99,"99",7,7,0.23333333333333334,0.23333333333333334,8.1,-0.3884,9
"month","2020-06","loto",30,5,"05",6,4,0.13333333333333333,0.2,8.1,-0.7416,10
"month","2020-06","loto",30,12,"12",6,5,0.16666666666666666,0.2,8.1,-0.7416,10
"month","2020-06","loto",30,40,"40",6,5,0.16666666666666666,0.2,8.1,-0.7416,10
"month","2020-06","loto",30,44,"44",6,5,0.16666666666666666,0.2,8.1,-0.7416,10
"month","2020-06","loto",30,60,"60",6,6,0.2,0.2,8.1,-0.7416,10
"month","2020-06","loto",30,81,"81",6,6,0.2,0.2,8.1,-0.7416,10
"month","2020-06","loto",30,97,"97",6,6,0.2,0.2,8.1,-0.7416,10
"month","2020-06","loto",30,24,"24",5,5,0.16666666666666666,0.16666666666666666,8.1,-1.0947,11
"month","2020-06","loto",30,25,"25",5,4,0.13333333333333333,0.16666666666666666,8.1,-1.0947,11
"month","2020-06","loto",30,29,"29",5,5,0.16666666666666666,0.16666666666666666,8.1,-1.0947,11
"month","2020-06","loto",30,47,"47",5,3,0.1,0.16666666666666666,8.1,-1.0947,11
"month","2020-06","loto",30,57,"57",5,5,0.16666666666666666,0.16666666666666666,8.1,-1.0947,11
"month","2020-06","loto",30,63,"63",5,4,0.13333333333333333,0.16666666666666666,8.1,-1.0947,11
"month","2020-06","loto",30,71,"71",5,5,0.16666666666666666,0.16666666666666666,8.1,-1.0947,11
"month","2020-06","loto",30,84,"84",5,4,0.13333333333333333,0.16666666666666666,8.1,-1.0947,11
"month","2020-06","loto",30,89,"89",5,4,0.13333333333333333,0.16666666666666666,8.1,-1.0947,11
"month","2020-06","loto",30,96,"96",5,4,0.13333333333333333,0.16666666666666666,8.1,-1.0947,11
"month","2020-06","loto",30,11,"11",4,4,0.13333333333333333,0.13333333333333333,8.1,-1.4479,12
"month","2020-06","loto",30,16,"16",4,3,0.1,0.13333333333333333,8.1,-1.4479,12
"month","2020-06","loto",30,55,"55",4,4,0.13333333333333333,0.13333333333333333,8.1,-1.4479,12
"month","2020-06","loto",30,58,"58",4,3,0.1,0.13333333333333333,8.1,-1.4479,12
"month","2020-06","loto",30,68,"68",4,4,0.13333333333333333,0.13333333333333333,8.1,-1.4479,12
"month","2020-06","loto",30,75,"75",4,4,0.13333333333333333,0.13333333333333333,8.1,-1.4479,12
"month","2020-06","loto",30,82,"82",4,4,0.13333333333333333,0.13333333333333333,8.1,-1.4479,12
"month","2020-06","loto",30,85,"85",4,3,0.1,0.13333333333333333,8.1,-1.4479,12
"month","2020-06","loto",30,91,"91",4,4,0.13333333333333333,0.13333333333333333,8.1,-1.4479,12
"month","2020-06","loto",30,65,"65",3,3,0.1,0.1,8.1,-1.801,13
"month","2020-06","loto",30,69,"69",3,3,0.1,0.1,8.1,-1.801,13
"month","2020-06","loto",30,73,"73",3,3,0.1,0.1,8.1,-1.801,13
"month","2020-06","loto",30,15,"15",2,2,0.06666666666666667,0.06666666666666667,8.1,-2.1541,14
"month","2020-06","loto",30,86,"86",2,2,0.06666666666666667,0.06666666666666667,8.1,-2.1541,14
"month","2020-07","loto",31,17,"17",16,14,0.45161290322580644,0.5161290322580645,8.37,2.6506,1
"month","2020-07","loto",31,11,"11",14,12,0.3870967741935484,0.45161290322580644,8.37,1.9558,2
"month","2020-07","loto",31,16,"16",14,11,0.3548387096774194,0.45161290322580644,8.37,1.9558,2
"month","2020-07","loto",31,41,"41",14,10,0.3225806451612903,0.45161290322580644,8.37,1.9558,2
"month","2020-07","loto",31,90,"90",14,12,0.3870967741935484,0.45161290322580644,8.37,1.9558,2
"month","2020-07","loto",31,8,"08",13,8,0.25806451612903225,0.41935483870967744,8.37,1.6084,3
"month","2020-07","loto",31,28,"28",13,10,0.3225806451612903,0.41935483870967744,8.37,1.6084,3
"month","2020-07","loto",31,86,"86",13,11,0.3548387096774194,0.41935483870967744,8.37,1.6084,3
"month","2020-07","loto",31,87,"87",13,11,0.3548387096774194,0.41935483870967744,8.37,1.6084,3
"month","2020-07","loto",31,35,"35",12,10,0.3225806451612903,0.3870967741935484,8.37,1.261,4
"month","2020-07","loto",31,55,"55",12,9,0.2903225806451613,0.3870967741935484,8.37,1.261,4
"month","2020-07","loto",31,97,"97",12,12,0.3870967741935484,0.3870967741935484,8.37,1.261,4
"month","2020-07","loto",31,0,"00",11,10,0.3225806451612903,0.3548387096774194,8.37,0.9136,5
"month","2020-07","loto",31,7,"07",11,9,0.2903225806451613,0.3548387096774194,8.37,0.9136,5
"month","2020-07","loto",31,42,"42",11,10,0.3225806451612903,0.3548387096774194,8.37,0.9136,5
"month","2020-07","loto",31,70,"70",11,10,0.3225806451612903,0.3548387096774194,8.37,0.9136,5
"month","2020-07","loto",31,71,"71",11,9,0.2903225806451613,0.3548387096774194,8.37,0.9136,5
"month","2020-07","loto",31,79,"79",11,10,0.3225806451612903,0.3548387096774194,8.37,0.9136,5
"month","2020-07","loto",31,2,"02",10,10,0.3225806451612903,0.3225806451612903,8.37,0.5662,6
"month","2020-07","loto",31,19,"19",10,10,0.3225806451612903,0.3225806451612903,8.37,0.5662,6
"month","2020-07","loto",31,22,"22",10,9,0.2903225806451613,0.3225806451612903,8.37,0.5662,6
"month","2020-07","loto",31,23,"23",10,8,0.25806451612903225,0.3225806451612903,8.37,0.5662,6
"month","2020-07","loto",31,50,"50",10,8,0.25806451612903225,0.3225806451612903,8.37,0.5662,6
"month","2020-07","loto",31,88,"88",10,10,0.3225806451612903,0.3225806451612903,8.37,0.5662,6
"month","2020-07","loto",31,92,"92",10,8,0.25806451612903225,0.3225806451612903,8.37,0.5662,6
"month","2020-07","loto",31,93,"93",10,8,0.25806451612903225,0.3225806451612903,8.37,0.5662,6
"month","2020-07","loto",31,1,"01",9,9,0.2903225806451613,0.2903225806451613,8.37,0.2189,7
"month","2020-07","loto",31,4,"04",9,9,0.2903225806451613,0.2903225806451613,8.37,0.2189,7
"month","2020-07","loto",31,6,"06",9,9,0.2903225806451613,0.2903225806451613,8.37,0.2189,7
"month","2020-07","loto",31,9,"09",9,8,0.25806451612903225,0.2903225806451613,8.37,0.2189,7
"month","2020-07","loto",31,12,"12",9,9,0.2903225806451613,0.2903225806451613,8.37,0.2189,7
"month","2020-07","loto",31,15,"15",9,8,0.25806451612903225,0.2903225806451613,8.37,0.2189,7
"month","2020-07","loto",31,32,"32",9,8,0.25806451612903225,0.2903225806451613,8.37,0.2189,7
"month","2020-07","loto",31,43,"43",9,8,0.25806451612903225,0.2903225806451613,8.37,0.2189,7
"month","2020-07","loto",31,47,"47",9,8,0.25806451612903225,0.2903225806451613,8.37,0.2189,7
"month","2020-07","loto",31,56,"56",9,8,0.25806451612903225,0.2903225806451613,8.37,0.2189,7
"month","2020-07","loto",31,59,"59",9,9,0.2903225806451613,0.2903225806451613,8.37,0.2189,7
"month","2020-07","loto",31,72,"72",9,7,0.22580645161290322,0.2903225806451613,8.37,0.2189,7
"month","2020-07","loto",31,80,"80",9,9,0.2903225806451613,0.2903225806451613,8.37,0.2189,7
"month","2020-07","loto",31,83,"83",9,8,0.25806451612903225,0.2903225806451613,8.37,0.2189,7
"month","2020-07","loto",31,89,"89",9,9,0.2903225806451613,0.2903225806451613,8.37,0.2189,7
"month","2020-07","loto",31,94,"94",9,8,0.25806451612903225,0.2903225806451613,8.37,0.2189,7
"month","2020-07","loto",31,98,"98",9,8,0.25806451612903225,0.2903225806451613,8.37,0.2189,7
"month","2020-07","loto",31,3,"03",8,7,0.22580645161290322,0.25806451612903225,8.37,-0.1285,8
"month","2020-07","loto",31,5,"05",8,8,0.25806451612903225,0.25806451612903225,8.37,-0.1285,8
"month","2020-07","loto",31,13,"13",8,7,0.22580645161290322,0.25806451612903225,8.37,-0.1285,8
"month","2020-07","loto",31,21,"21",8,8,0.25806451612903225,0.25806451612903225,8.37,-0.1285,8
"month","2020-07","loto",31,29,"29",8,7,0.22580645161290322,0.25806451612903225,8.37,-0.1285,8
"month","2020-07","loto",31,33,"33",8,8,0.25806451612903225,0.25806451612903225,8.37,-0.1285,8
"month","2020-07","loto",31,36,"36",8,6,0.1935483870967742,0.25806451612903225,8.37,-0.1285,8
"month","2020-07","loto",31,37,"37",8,7,0.22580645161290322,0.25806451612903225,8.37,-0.1285,8
"month","2020-07","loto",31,39,"39",8,6,0.1935483870967742,0.25806451612903225,8.37,-0.1285,8
"month","2020-07","loto",31,49,"49",8,7,0.22580645161290322,0.25806451612903225,8.37,-0.1285,8
"month","2020-07","loto",31,52,"52",8,6,0.1935483870967742,0.25806451612903225,8.37,-0.1285,8
"month","2020-07","loto",31,54,"54",8,7,0.22580645161290322,0.25806451612903225,8.37,-0.1285,8
"month","2020-07","loto",31,62,"62",8,8,0.25806451612903225,0.25806451612903225,8.37,-0.1285,8
"month","2020-07","loto",31,64,"64",8,6,0.1935483870967742,0.25806451612903225,8.37,-0.1285,8
"month","2020-07","loto",31,67,"67",8,7,0.22580645161290322,0.25806451612903225,8.37,-0.1285,8
"month","2020-07","loto",31,74,"74",8,7,0.22580645161290322,0.25806451612903225,8.37,-0.1285,8
"month","2020-07","loto",31,81,"81",8,8,0.25806451612903225,0.25806451612903225,8.37,-0.1285,8
"month","2020-07","loto",31,82,"82",8,7,0.22580645161290322,0.25806451612903225,8.37,-0.1285,8
"month","2020-07","loto",31,85,"85",8,8,0.25806451612903225,0.25806451612903225,8.37,-0.1285,8
"month","2020-07","loto",31,91,"91",8,8,0.25806451612903225,0.25806451612903225,8.37,-0.1285,8
"month","2020-07","loto",31,95,"95",8,8,0.25806451612903225,0.25806451612903225,8.37,-0.1285,8
"month","2020-07","loto",31,96,"96",8,6,0.1935483870967742,0.25806451612903225,8.37,-0.1285,8
"month","2020-07","loto",31,24,"24",7,6,0.1935483870967742,0.22580645161290322,8.37,-0.4759,9
"month","2020-07","loto",31,25,"25",7,7,0.22580645161290322,0.22580645161290322,8.37,-0.4759,9
"month","2020-07","loto",31,26,"26",7,7,0.22580645161290322,0.22580645161290322,8.37,-0.4759,9
"month","2020-07","loto",31,38,"38",7,7,0.22580645161290322,0.22580645161290322,8.37,-0.4759,9
"month","2020-07","loto",31,44,"44",7,6,0.1935483870967742,0.22580645161290322,8.37,-0.4759,9
"month","2020-07","loto",31,48,"48",7,7,0.22580645161290322,0.22580645161290322,8.37,-0.4759,9
"month","2020-07","loto",31,53,"53",7,7,0.22580645161290322,0.22580645161290322,8.37,-0.4759,9
"month","2020-07","loto",31,57,"57",7,6,0.1935483870967742,0.22580645161290322,8.37,-0.4759,9
"month","2020-07","loto",31,60,"60",7,6,0.1935483870967742,0.22580645161290322,8.37,-0.4759,9
"month","2020-07","loto",31,78,"78",7,6,0.1935483870967742,0.22580645161290322,8.37,-0.4759,9
"month","2020-07","loto",31,99,"99",7,6,0.1935483870967742,0.22580645161290322,8.37,-0.4759,9
"month","2020-07","loto",31,14,"14",6,5,0.16129032258064516,0.1935483870967742,8.37,-0.8233,10
"month","2020-07","loto",31,27,"27",6,5,0.16129032258064516,0.1935483870967742,8.37,-0.8233,10
"month","2020-07","loto",31,31,"31",6,6,0.1935483870967742,0.1935483870967742,8.37,-0.8233,10
"month","2020-07","loto",31,34,"34",6,5,0.16129032258064516,0.1935483870967742,8.37,-0.8233,10
"month","2020-07","loto",31,51,"51",6,4,0.12903225806451613,0.1935483870967742,8.37,-0.8233,10
"month","2020-07","loto",31,58,"58",6,6,0.1935483870967742,0.1935483870967742,8.37,-0.8233,10
"month","2020-07","loto",31,61,"61",6,5,0.16129032258064516,0.1935483870967742,8.37,-0.8233,10
"month","2020-07","loto",31,65,"65",6,6,0.1935483870967742,0.1935483870967742,8.37,-0.8233,10
"month","2020-07","loto",31,66,"66",6,5,0.16129032258064516,0.1935483870967742,8.37,-0.8233,10
"month","2020-07","loto",31,68,"68",6,6,0.1935483870967742,0.1935483870967742,8.37,-0.8233,10
"month","2020-07","loto",31,77,"77",6,6,0.1935483870967742,0.1935483870967742,8.37,-0.8233,10
"month","2020-07","loto",31,84,"84",6,6,0.1935483870967742,0.1935483870967742,8.37,-0.8233,10
"month","2020-07","loto",31,18,"18",5,5,0.16129032258064516,0.16129032258064516,8.37,-1.1707,11
"month","2020-07","loto",31,20,"20",5,3,0.0967741935483871,0.16129032258064516,8.37,-1.1707,11
"month","2020-07","loto",31,30,"30",5,4,0.12903225806451613,0.16129032258064516,8.37,-1.1707,11
"month","2020-07","loto",31,40,"40",5,4,0.12903225806451613,0.16129032258064516,8.37,-1.1707,11
"month","2020-07","loto",31,46,"46",5,5,0.16129032258064516,0.16129032258064516,8.37,-1.1707,11
"month","2020-07","loto",31,69,"69",5,5,0.16129032258064516,0.16129032258064516,8.37,-1.1707,11
"month","2020-07","loto",31,75,"75",5,4,0.12903225806451613,0.16129032258064516,8.37,-1.1707,11
"month","2020-07","loto",31,10,"10",4,4,0.12903225806451613,0.12903225806451613,8.37,-1.5181,12
"month","2020-07","loto",31,73,"73",4,4,0.12903225806451613,0.12903225806451613,8.37,-1.5181,12
"month","2020-07","loto",31,76,"76",4,4,0.12903225806451613,0.12903225806451613,8.37,-1.5181,12
"month","2020-07","loto",31,45,"45",3,3,0.0967741935483871,0.0967741935483871,8.37,-1.8655,13
"month","2020-07","loto",31,63,"63",3,3,0.0967741935483871,0.0967741935483871,8.37,-1.8655,13
"month","2020-08","loto",31,48,"48",18,14,0.45161290322580644,0.5806451612903226,8.37,3.3454,1
"month","2020-08","loto",31,88,"88",18,14,0.45161290322580644,0.5806451612903226,8.37,3.3454,1
"month","2020-08","loto",31,52,"52",15,11,0.3548387096774194,0.4838709677419355,8.37,2.3032,2
"month","2020-08","loto",31,1,"01",14,8,0.25806451612903225,0.45161290322580644,8.37,1.9558,3
"month","2020-08","loto",31,6,"06",14,13,0.41935483870967744,0.45161290322580644,8.37,1.9558,3
"month","2020-08","loto",31,14,"14",14,9,0.2903225806451613,0.45161290322580644,8.37,1.9558,3
"month","2020-08","loto",31,45,"45",14,11,0.3548387096774194,0.45161290322580644,8.37,1.9558,3
"month","2020-08","loto",31,75,"75",14,12,0.3870967741935484,0.45161290322580644,8.37,1.9558,3
"month","2020-08","loto",31,38,"38",13,11,0.3548387096774194,0.41935483870967744,8.37,1.6084,4
"month","2020-08","loto",31,55,"55",13,13,0.41935483870967744,0.41935483870967744,8.37,1.6084,4
"month","2020-08","loto",31,23,"23",12,12,0.3870967741935484,0.3870967741935484,8.37,1.261,5
"month","2020-08","loto",31,39,"39",12,10,0.3225806451612903,0.3870967741935484,8.37,1.261,5
"month","2020-08","loto",31,59,"59",12,11,0.3548387096774194,0.3870967741935484,8.37,1.261,5
"month","2020-08","loto",31,70,"70",12,12,0.3870967741935484,0.3870967741935484,8.37,1.261,5
"month","2020-08","loto",31,83,"83",12,11,0.3548387096774194,0.3870967741935484,8.37,1.261,5
"month","2020-08","loto",31,90,"90",12,10,0.3225806451612903,0.3870967741935484,8.37,1.261,5
"month","2020-08","loto",31,4,"04",11,10,0.3225806451612903,0.3548387096774194,8.37,0.9136,6
"month","2020-08","loto",31,28,"28",11,10,0.3225806451612903,0.3548387096774194,8.37,0.9136,6
"month","2020-08","loto",31,44,"44",11,9,0.2903225806451613,0.3548387096774194,8.37,0.9136,6
"month","2020-08","loto",31,57,"57",11,11,0.3548387096774194,0.3548387096774194,8.37,0.9136,6
"month","2020-08","loto",31,84,"84",11,11,0.3548387096774194,0.3548387096774194,8.37,0.9136,6
"month","2020-08","loto",31,91,"91",11,10,0.3225806451612903,0.3548387096774194,8.37,0.9136,6
"month","2020-08","loto",31,5,"05",10,10,0.3225806451612903,0.3225806451612903,8.37,0.5662,7
"month","2020-08","loto",31,8,"08",10,10,0.3225806451612903,0.3225806451612903,8.37,0.5662,7
"month","2020-08","loto",31,12,"12",10,9,0.2903225806451613,0.3225806451612903,8.37,0.5662,7
"month","2020-08","loto",31,21,"21",10,9,0.2903225806451613,0.3225806451612903,8.37,0.5662,7
"month","2020-08","loto",31,22,"22",10,8,0.25806451612903225,0.3225806451612903,8.37,0.5662,7
"month","2020-08","loto",31,29,"29",10,7,0.22580645161290322,0.3225806451612903,8.37,0.5662,7
"month","2020-08","loto",31,35,"35",10,8,0.25806451612903225,0.3225806451612903,8.37,0.5662,7
"month","2020-08","loto",31,47,"47",10,8,0.25806451612903225,0.3225806451612903,8.37,0.5662,7
"month","2020-08","loto",31,65,"65",10,9,0.2903225806451613,0.3225806451612903,8.37,0.5662,7
"month","2020-08","loto",31,95,"95",10,10,0.3225806451612903,0.3225806451612903,8.37,0.5662,7
"month","2020-08","loto",31,96,"96",10,9,0.2903225806451613,0.3225806451612903,8.37,0.5662,7
"month","2020-08","loto",31,7,"07",9,8,0.25806451612903225,0.2903225806451613,8.37,0.2189,8
"month","2020-08","loto",31,9,"09",9,7,0.22580645161290322,0.2903225806451613,8.37,0.2189,8
"month","2020-08","loto",31,11,"11",9,8,0.25806451612903225,0.2903225806451613,8.37,0.2189,8
"month","2020-08","loto",31,19,"19",9,8,0.25806451612903225,0.2903225806451613,8.37,0.2189,8
"month","2020-08","loto",31,36,"36",9,7,0.22580645161290322,0.2903225806451613,8.37,0.2189,8
"month","2020-08","loto",31,43,"43",9,7,0.22580645161290322,0.2903225806451613,8.37,0.2189,8
"month","2020-08","loto",31,60,"60",9,8,0.25806451612903225,0.2903225806451613,8.37,0.2189,8
"month","2020-08","loto",31,61,"61",9,8,0.25806451612903225,0.2903225806451613,8.37,0.2189,8
"month","2020-08","loto",31,74,"74",9,9,0.2903225806451613,0.2903225806451613,8.37,0.2189,8
"month","2020-08","loto",31,79,"79",9,8,0.25806451612903225,0.2903225806451613,8.37,0.2189,8
"month","2020-08","loto",31,86,"86",9,7,0.22580645161290322,0.2903225806451613,8.37,0.2189,8
"month","2020-08","loto",31,0,"00",8,7,0.22580645161290322,0.25806451612903225,8.37,-0.1285,9
"month","2020-08","loto",31,3,"03",8,8,0.25806451612903225,0.25806451612903225,8.37,-0.1285,9
"month","2020-08","loto",31,13,"13",8,8,0.25806451612903225,0.25806451612903225,8.37,-0.1285,9
"month","2020-08","loto",31,16,"16",8,7,0.22580645161290322,0.25806451612903225,8.37,-0.1285,9
"month","2020-08","loto",31,24,"24",8,8,0.25806451612903225,0.25806451612903225,8.37,-0.1285,9
"month","2020-08","loto",31,25,"25",8,8,0.25806451612903225,0.25806451612903225,8.37,-0.1285,9
"month","2020-08","loto",31,30,"30",8,7,0.22580645161290322,0.25806451612903225,8.37,-0.1285,9
"month","2020-08","loto",31,41,"41",8,8,0.25806451612903225,0.25806451612903225,8.37,-0.1285,9
"month","2020-08","loto",31,53,"53",8,8,0.25806451612903225,0.25806451612903225,8.37,-0.1285,9
"month","2020-08","loto",31,54,"54",8,7,0.22580645161290322,0.25806451612903225,8.37,-0.1285,9
"month","2020-08","loto",31,56,"56",8,8,0.25806451612903225,0.25806451612903225,8.37,-0.1285,9
"month","2020-08","loto",31,58,"58",8,7,0.22580645161290322,0.25806451612903225,8.37,-0.1285,9
"month","2020-08","loto",31,64,"64",8,8,0.25806451612903225,0.25806451612903225,8.37,-0.1285,9
"month","2020-08","loto",31,71,"71",8,8,0.25806451612903225,0.25806451612903225,8.37,-0.1285,9
"month","2020-08","loto",31,80,"80",8,8,0.25806451612903225,0.25806451612903225,8.37,-0.1285,9
"month","2020-08","loto",31,97,"97",8,7,0.22580645161290322,0.25806451612903225,8.37,-0.1285,9
"month","2020-08","loto",31,2,"02",7,6,0.1935483870967742,0.22580645161290322,8.37,-0.4759,10
"month","2020-08","loto",31,17,"17",7,7,0.22580645161290322,0.22580645161290322,8.37,-0.4759,10
"month","2020-08","loto",31,26,"26",7,7,0.22580645161290322,0.22580645161290322,8.37,-0.4759,10
"month","2020-08","loto",31,27,"27",7,6,0.1935483870967742,0.22580645161290322,8.37,-0.4759,10
"month","2020-08","loto",31,34,"34",7,7,0.22580645161290322,0.22580645161290322,8.37,-0.4759,10
"month","2020-08","loto",31,40,"40",7,7,0.22580645161290322,0.22580645161290322,8.37,-0.4759,10
"month","2020-08","loto",31,51,"51",7,7,0.22580645161290322,0.22580645161290322,8.37,-0.4759,10
"month","2020-08","loto",31,68,"68",7,6,0.1935483870967742,0.22580645161290322,8.37,-0.4759,10
"month","2020-08","loto",31,69,"69",7,6,0.1935483870967742,0.22580645161290322,8.37,-0.4759,10
"month","2020-08","loto",31,73,"73",7,5,0.16129032258064516,0.22580645161290322,8.37,-0.4759,10
"month","2020-08","loto",31,82,"82",7,7,0.22580645161290322,0.22580645161290322,8.37,-0.4759,10
"month","2020-08","loto",31,89,"89",7,7,0.22580645161290322,0.22580645161290322,8.37,-0.4759,10
"month","2020-08","loto",31,92,"92",7,7,0.22580645161290322,0.22580645161290322,8.37,-0.4759,10
"month","2020-08","loto",31,99,"99",7,6,0.1935483870967742,0.22580645161290322,8.37,-0.4759,10
"month","2020-08","loto",31,10,"10",6,6,0.1935483870967742,0.1935483870967742,8.37,-0.8233,11
"month","2020-08","loto",31,18,"18",6,5,0.16129032258064516,0.1935483870967742,8.37,-0.8233,11
"month","2020-08","loto",31,31,"31",6,5,0.16129032258064516,0.1935483870967742,8.37,-0.8233,11
"month","2020-08","loto",31,33,"33",6,6,0.1935483870967742,0.1935483870967742,8.37,-0.8233,11
"month","2020-08","loto",31,62,"62",6,6,0.1935483870967742,0.1935483870967742,8.37,-0.8233,11
"month","2020-08","loto",31,67,"67",6,6,0.1935483870967742,0.1935483870967742,8.37,-0.8233,11
"month","2020-08","loto",31,76,"76",6,5,0.16129032258064516,0.1935483870967742,8.37,-0.8233,11
"month","2020-08","loto",31,85,"85",6,6,0.1935483870967742,0.1935483870967742,8.37,-0.8233,11
"month","2020-08","loto",31,37,"37",5,5,0.16129032258064516,0.16129032258064516,8.37,-1.1707,12
"month","2020-08","loto",31,50,"50",5,5,0.16129032258064516,0.16129032258064516,8.37,-1.1707,12
"month","2020-08","loto",31,72,"72",5,5,0.16129032258064516,0.16129032258064516,8.37,-1.1707,12
"month","2020-08","loto",31,77,"77",5,5,0.16129032258064516,0.16129032258064516,8.37,-1.1707,12
"month","2020-08","loto",31,81,"81",5,4,0.12903225806451613,0.16129032258064516,8.37,-1.1707,12
"month","2020-08","loto",31,98,"98",5,4,0.12903225806451613,0.16129032258064516,8.37,-1.1707,12
"month","2020-08","loto",31,15,"15",4,3,0.0967741935483871,0.12903225806451613,8.37,-1.5181,13
"month","2020-08","loto",31,20,"20",4,4,0.12903225806451613,0.12903225806451613,8.37,-1.5181,13
"month","2020-08","loto",31,32,"32",4,4,0.12903225806451613,0.12903225806451613,8.37,-1.5181,13
"month","2020-08","loto",31,42,"42",4,4,0.12903225806451613,0.12903225806451613,8.37,-1.5181,13
"month","2020-08","loto",31,63,"63",4,4,0.12903225806451613,0.12903225806451613,8.37,-1.5181,13
"month","2020-08","loto",31,87,"87",4,4,0.12903225806451613,0.12903225806451613,8.37,-1.5181,13
"month","2020-08","loto",31,93,"93",4,4,0.12903225806451613,0.12903225806451613,8.37,-1.5181,13
"month","2020-08","loto",31,46,"46",3,3,0.0967741935483871,0.0967741935483871,8.37,-1.8655,14
"month","2020-08","loto",31,49,"49",3,3,0.0967741935483871,0.0967741935483871,8.37,-1.8655,14
"month","2020-08","loto",31,66,"66",3,3,0.0967741935483871,0.0967741935483871,8.37,-1.8655,14
"month","2020-08","loto",31,94,"94",2,2,0.06451612903225806,0.06451612903225806,8.37,-2.2129,15
"month","2020-08","loto",31,78,"78",0,0,0.0,0.0,8.37,-2.9077,16
"month","2020-09","loto",30,93,"93",20,16,0.5333333333333333,0.6666666666666666,8.1,4.2023,1
"month","2020-09","loto",30,61,"61",17,13,0.43333333333333335,0.5666666666666667,8.1,3.1429,2
"month","2020-09","loto",30,97,"97",15,11,0.36666666666666664,0.5,8.1,2.4366,3
"month","2020-09","loto",30,11,"11",14,12,0.4,0.4666666666666667,8.1,2.0835,4
"month","2020-09","loto",30,21,"21",14,11,0.36666666666666664,0.4666666666666667,8.1,2.0835,4
"month","2020-09","loto",30,91,"91",14,11,0.36666666666666664,0.4666666666666667,8.1,2.0835,4
"month","2020-09","loto",30,33,"33",13,11,0.36666666666666664,0.43333333333333335,8.1,1.7304,5
"month","2020-09","loto",30,40,"40",13,10,0.3333333333333333,0.43333333333333335,8.1,1.7304,5
"month","2020-09","loto",30,31,"31",12,10,0.3333333333333333,0.4,8.1,1.3772,6
"month","2020-09","loto",30,42,"42",12,9,0.3,0.4,8.1,1.3772,6
"month","2020-09","loto",30,52,"52",12,9,0.3,0.4,8.1,1.3772,6
"month","2020-09","loto",30,53,"53",12,10,0.3333333333333333,0.4,8.1,1.3772,6
"month","2020-09","loto",30,68,"68",12,9,0.3,0.4,8.1,1.3772,6
"month","2020-09","loto",30,69,"69",12,10,0.3333333333333333,0.4,8.1,1.3772,6
"month","2020-09","loto",30,86,"86",12,8,0.26666666666666666,0.4,8.1,1.3772,6
"month","2020-09","loto",30,49,"49",11,10,0.3333333333333333,0.36666666666666664,8.1,1.0241,7
"month","2020-09","loto",30,78,"78",11,10,0.3333333333333333,0.36666666666666664,8.1,1.0241,7
"month","2020-09","loto",30,82,"82",11,10,0.3333333333333333,0.36666666666666664,8.1,1.0241,7
"month","2020-09","loto",30,34,"34",10,8,0.26666666666666666,0.3333333333333333,8.1,0.671,8
"month","2020-09","loto",30,74,"74",10,10,0.3333333333333333,0.3333333333333333,8.1,0.671,8
"month","2020-09","loto",30,80,"80",10,8,0.26666666666666666,0.3333333333333333,8.1,0.671,8
"month","2020-09","loto",30,88,"88",10,10,0.3333333333333333,0.3333333333333333,8.1,0.671,8
"month","2020-09","loto",30,92,"92",10,8,0.26666666666666666,0.3333333333333333,8.1,0.671,8
"month","2020-09","loto",30,94,"94",10,10,0.3333333333333333,0.3333333333333333,8.1,0.671,8
"month","2020-09","loto",30,1,"01",9,7,0.23333333333333334,0.3,8.1,0.3178,9
"month","2020-09","loto",30,5,"05",9,8,0.26666666666666666,0.3,8.1,0.3178,9
"month","2020-09","loto",30,12,"12",9,7,0.23333333333333334,0.3,8.1,0.3178,9
"month","2020-09","loto",30,13,"13",9,8,0.26666666666666666,0.3,8.1,0.3178,9
"month","2020-09","loto",30,19,"19",9,9,0.3,0.3,8.1,0.3178,9
"month","2020-09","loto",30,23,"23",9,8,0.26666666666666666,0.3,8.1,0.3178,9
"month","2020-09","loto",30,36,"36",9,9,0.3,0.3,8.1,0.3178,9
"month","2020-09","loto",30,37,"37",9,8,0.26666666666666666,0.3,8.1,0.3178,9
"month","2020-09","loto",30,41,"41",9,9,0.3,0.3,8.1,0.3178,9
"month","2020-09","loto",30,48,"48",9,9,0.3,0.3,8.1,0.3178,9
"month","2020-09","loto",30,54,"54",9,9,0.3,0.3,8.1,0.3178,9
"month","2020-09","loto",30,56,"56",9,7,0.23333333333333334,0.3,8.1,0.3178,9
"month","2020-09","loto",30,57,"57",9,7,0.23333333333333334,0.3,8.1,0.3178,9
"month","2020-09","loto",30,64,"64",9,8,0.26666666666666666,0.3,8.1,0.3178,9
"month","2020-09","loto",30,67,"67",9,6,0.2,0.3,8.1,0.3178,9
"month","2020-09","loto",30,83,"83",9,6,0.2,0.3,8.1,0.3178,9
"month","2020-09","loto",30,84,"84",9,9,0.3,0.3,8.1,0.3178,9
"month","2020-09","loto",30,85,"85",9,7,0.23333333333333334,0.3,8.1,0.3178,9
"month","2020-09","loto",30,87,"87",9,9,0.3,0.3,8.1,0.3178,9
"month","2020-09","loto",30,95,"95",9,8,0.26666666666666666,0.3,8.1,0.3178,9
"month","2020-09","loto",30,98,"98",9,8,0.26666666666666666,0.3,8.1,0.3178,9
"month","2020-09","loto",30,99,"99",9,7,0.23333333333333334,0.3,8.1,0.3178,9
"month","2020-09","loto",30,0,"00",8,8,0.26666666666666666,0.26666666666666666,8.1,-0.0353,10
"month","2020-09","loto",30,9,"09",8,7,0.23333333333333334,0.26666666666666666,8.1,-0.0353,10
"month","2020-09","loto",30,20,"20",8,7,0.23333333333333334,0.26666666666666666,8.1,-0.0353,10
"month","2020-09","loto",30,30,"30",8,7,0.23333333333333334,0.26666666666666666,8.1,-0.0353,10
"month","2020-09","loto",30,35,"35",8,8,0.26666666666666666,0.26666666666666666,8.1,-0.0353,10
"month","2020-09","loto",30,43,"43",8,8,0.26666666666666666,0.26666666666666666,8.1,-0.0353,10
"month","2020-09","loto",30,58,"58",8,7,0.23333333333333334,0.26666666666666666,8.1,-0.0353,10
"month","2020-09","loto",30,59,"59",8,8,0.26666666666666666,0.26666666666666666,8.1,-0.0353,10
"month","2020-09","loto",30,79,"79",8,8,0.26666666666666666,0.26666666666666666,8.1,-0.0353,10
"month","2020-09","loto",30,89,"89",8,7,0.23333333333333334,0.26666666666666666,8.1,-0.0353,10
"month","2020-09","loto",30,2,"02",7,7,0.23333333333333334,0.23333333333333334,8.1,-0.3884,11
"month","2020-09","loto",30,6,"06",7,6,0.2,0.23333333333333334,8.1,-0.3884,11
"month","2020-09","loto",30,24,"24",7,6,0.2,0.23333333333333334,8.1,-0.3884,11
"month","2020-09","loto",30,29,"29",7,7,0.23333333333333334,0.23333333333333334,8.1,-0.3884,11
"month","2020-09","loto",30,32,"32",7,7,0.23333333333333334,0.23333333333333334,8.1,-0.3884,11
"month","2020-09","loto",30,38,"38",7,6,0.2,0.23333333333333334,8.1,-0.3884,11
"month","2020-09","loto",30,39,"39",7,7,0.23333333333333334,0.23333333333333334,8.1,-0.3884,11
"month","2020-09","loto",30,51,"51",7,7,0.23333333333333334,0.23333333333333334,8.1,-0.3884,11
"month","2020-09","loto",30,73,"73",7,6,0.2,0.23333333333333334,8.1,-0.3884,11
"month","2020-09","loto",30,96,"96",7,6,0.2,0.23333333333333334,8.1,-0.3884,11
"month","2020-09","loto",30,4,"04",6,5,0.16666666666666666,0.2,8.1,-0.7416,12
"month","2020-09","loto",30,8,"08",6,6,0.2,0.2,8.1,-0.7416,12
"month","2020-09","loto",30,14,"14",6,6,0.2,0.2,8.1,-0.7416,12
"month","2020-09","loto",30,15,"15",6,5,0.16666666666666666,0.2,8.1,-0.7416,12
"month","2020-09","loto",30,17,"17",6,6,0.2,0.2,8.1,-0.7416,12
"month","2020-09","loto",30,18,"18",6,4,0.13333333333333333,0.2,8.1,-0.7416,12
"month","2020-09","loto",30,25,"25",6,6,0.2,0.2,8.1,-0.7416,12
"month","2020-09","loto",30,55,"55",6,3,0.1,0.2,8.1,-0.7416,12
"month","2020-09","loto",30,63,"63",6,6,0.2,0.2,8.1,-0.7416,12
"month","2020-09","loto",30,70,"70",6,5,0.16666666666666666,0.2,8.1,-0.7416,12
"month","2020-09","loto",30,76,"76",6,6,0.2,0.2,8.1,-0.7416,12
"month","2020-09","loto",30,81,"81",6,6,0.2,0.2,8.1,-0.7416,12
"month","2020-09","loto",30,3,"03",5,5,0.16666666666666666,0.16666666666666666,8.1,-1.0947,13
"month","2020-09","loto",30,7,"07",5,3,0.1,0.16666666666666666,8.1,-1.0947,13
"month","2020-09","loto",30,16,"16",5,5,0.16666666666666666,0.16666666666666666,8.1,-1.0947,13
"month","2020-09","loto",30,28,"28",5,5,0.16666666666666666,0.16666666666666666,8.1,-1.0947,13
"month","2020-09","loto",30,45,"45",5,4,0.13333333333333333,0.16666666666666666,8.1,-1.0947,13
"month","2020-09","loto",30,50,"50",5,5,0.16666666666666666,0.16666666666666666,8.1,-1.0947,13
"month","2020-09","loto",30,66,"66",5,4,0.13333333333333333,0.16666666666666666,8.1,-1.0947,13
"month","2020-09","loto",30,71,"71",5,5,0.16666666666666666,0.16666666666666666,8.1,-1.0947,13
"month","2020-09","loto",30,72,"72",5,4,0.13333333333333333,0.16666666666666666,8.1,-1.0947,13
"month","2020-09","loto",30,75,"75",5,5,0.16666666666666666,0.16666666666666666,8.1,-1.0947,13
"month","2020-09","loto",30,90,"90",5,4,0.13333333333333333,0.16666666666666666,8.1,-1.0947,13
"month","2020-09","loto",30,10,"10",4,4,0.13333333333333333,0.13333333333333333,8.1,-1.4479,14
"month","2020-09","loto",30,22,"22",4,4,0.13333333333333333,0.13333333333333333,8.1,-1.4479,14
"month","2020-09","loto",30,27,"27",4,4,0.13333333333333333,0.13333333333333333,8.1,-1.4479,14
"month","2020-09","loto",30,46,"46",4,4,0.13333333333333333,0.13333333333333333,8.1,-1.4479,14
"month","2020-09","loto",30,47,"47",4,3,0.1,0.13333333333333333,8.1,-1.4479,14
"month","2020-09","loto",30,65,"65",4,4,0.13333333333333333,0.13333333333333333,8.1,-1.4479,14
"month","2020-09","loto",30,26,"26",3,3,0.1,0.1,8.1,-1.801,15
"month","2020-09","loto",30,44,"44",3,3,0.1,0.1,8.1,-1.801,15
"month","2020-09","loto",30,60,"60",3,3,0.1,0.1,8.1,-1.801,15
"month","2020-09","loto",30,62,"62",3,3,0.1,0.1,8.1,-1.801,15
"month","2020-09","loto",30,77,"77",2,2,0.06666666666666667,0.06666666666666667,8.1,-2.1541,16
"month","2020-10","loto",31,4,"04",16,14,0.45161290322580644,0.5161290322580645,8.37,2.6506,1
"month","2020-10","loto",31,94,"94",16,13,0.41935483870967744,0.5161290322580645,8.37,2.6506,1
"month","2020-10","loto",31,38,"38",15,12,0.3870967741935484,0.4838709677419355,8.37,2.3032,2
"month","2020-10","loto",31,79,"79",15,11,0.3548387096774194,0.4838709677419355,8.37,2.3032,2
"month","2020-10","loto",31,81,"81",14,11,0.3548387096774194,0.45161290322580644,8.37,1.9558,3
"month","2020-10","loto",31,90,"90",14,11,0.3548387096774194,0.45161290322580644,8.37,1.9558,3
"month","2020-10","loto",31,16,"16",13,8,0.25806451612903225,0.41935483870967744,8.37,1.6084,4
"month","2020-10","loto",31,92,"92",13,12,0.3870967741935484,0.41935483870967744,8.37,1.6084,4
"month","2020-10","loto",31,1,"01",12,11,0.3548387096774194,0.3870967741935484,8.37,1.261,5
"month","2020-10","loto",31,13,"13",12,12,0.3870967741935484,0.3870967741935484,8.37,1.261,5
"month","2020-10","loto",31,25,"25",12,10,0.3225806451612903,0.3870967741935484,8.37,1.261,5
"month","2020-10","loto",31,26,"26",12,10,0.3225806451612903,0.3870967741935484,8.37,1.261,5
"month","2020-10","loto",31,48,"48",12,10,0.3225806451612903,0.3870967741935484,8.37,1.261,5
"month","2020-10","loto",31,0,"00",11,9,0.2903225806451613,0.3548387096774194,8.37,0.9136,6
"month","2020-10","loto",31,2,"02",11,10,0.3225806451612903,0.3548387096774194,8.37,0.9136,6
"month","2020-10","loto",31,18,"18",11,8,0.25806451612903225,0.3548387096774194,8.37,0.9136,6
"month","2020-10","loto",31,21,"21",11,7,0.22580645161290322,0.3548387096774194,8.37,0.9136,6
"month","2020-10","loto",31,57,"57",11,10,0.3225806451612903,0.3548387096774194,8.37,0.9136,6
"month","2020-10","loto",31,65,"65",11,9,0.2903225806451613,0.3548387096774194,8.37,0.9136,6
"month","2020-10","loto",31,71,"71",11,9,0.2903225806451613,0.3548387096774194,8.37,0.9136,6
"month","2020-10","loto",31,76,"76",11,9,0.2903225806451613,0.3548387096774194,8.37,0.9136,6
"month","2020-10","loto",31,84,"84",11,9,0.2903225806451613,0.3548387096774194,8.37,0.9136,6
"month","2020-10","loto",31,95,"95",11,11,0.3548387096774194,0.3548387096774194,8.37,0.9136,6
"month","2020-10","loto",31,8,"08",10,8,0.25806451612903225,0.3225806451612903,8.37,0.5662,7
"month","2020-10","loto",31,15,"15",10,7,0.22580645161290322,0.3225806451612903,8.37,0.5662,7
"month","2020-10","loto",31,30,"30",10,10,0.3225806451612903,0.3225806451612903,8.37,0.5662,7
"month","2020-10","loto",31,34,"34",10,8,0.25806451612903225,0.3225806451612903,8.37,0.5662,7
"month","2020-10","loto",31,35,"35",10,9,0.2903225806451613,0.3225806451612903,8.37,0.5662,7
"month","2020-10","loto",31,42,"42",10,10,0.3225806451612903,0.3225806451612903,8.37,0.5662,7
"month","2020-10","loto",31,60,"60",10,9,0.2903225806451613,0.3225806451612903,8.37,0.5662,7
"month","2020-10","loto",31,61,"61",10,8,0.25806451612903225,0.3225806451612903,8.37,0.5662,7
"month","2020-10","loto",31,6,"06",9,9,0.2903225806451613,0.2903225806451613,8.37,0.2189,8
"month","2020-10","loto",31,9,"09",9,9,0.2903225806451613,0.2903225806451613,8.37,0.2189,8
"month","2020-10","loto",31,12,"12",9,8,0.25806451612903225,0.2903225806451613,8.37,0.2189,8
"month","2020-10","loto",31,19,"19",9,8,0.25806451612903225,0.2903225806451613,8.37,0.2189,8
"month","2020-10","loto",31,23,"23",9,7,0.22580645161290322,0.2903225806451613,8.37,0.2189,8
"month","2020-10","loto",31,28,"28",9,9,0.2903225806451613,0.2903225806451613,8.37,0.2189,8
"month","2020-10","loto",31,31,"31",9,9,0.2903225806451613,0.2903225806451613,8.37,0.2189,8
"month","2020-10","loto",31,40,"40",9,8,0.25806451612903225,0.2903225806451613,8.37,0.2189,8
"month","2020-10","loto",31,46,"46",9,8,0.25806451612903225,0.2903225806451613,8.37,0.2189,8
"month","2020-10","loto",31,49,"49",9,7,0.22580645161290322,0.2903225806451613,8.37,0.2189,8
"month","2020-10","loto",31,51,"51",9,7,0.22580645161290322,0.2903225806451613,8.37,0.2189,8
"month","2020-10","loto",31,62,"62",9,8,0.25806451612903225,0.2903225806451613,8.37,0.2189,8
"month","2020-10","loto",31,63,"63",9,9,0.2903225806451613,0.2903225806451613,8.37,0.2189,8
"month","2020-10","loto",31,83,"83",9,9,0.2903225806451613,0.2903225806451613,8.37,0.2189,8
"month","2020-10","loto",31,85,"85",9,9,0.2903225806451613,0.2903225806451613,8.37,0.2189,8
"month","2020-10","loto",31,89,"89",9,7,0.22580645161290322,0.2903225806451613,8.37,0.2189,8
"month","2020-10","loto",31,96,"96",9,6,0.1935483870967742,0.2903225806451613,8.37,0.2189,8
"month","2020-10","loto",31,20,"20",8,7,0.22580645161290322,0.25806451612903225,8.37,-0.1285,9
"month","2020-10","loto",31,36,"36",8,7,0.22580645161290322,0.25806451612903225,8.37,-0.1285,9
"month","2020-10","loto",31,37,"37",8,7,0.22580645161290322,0.25806451612903225,8.37,-0.1285,9
"month","2020-10","loto",31,53,"53",8,7,0.22580645161290322,0.25806451612903225,8.37,-0.1285,9
"month","2020-10","loto",31,66,"66",8,8,0.25806451612903225,0.25806451612903225,8.37,-0.1285,9
"month","2020-10","loto",31,70,"70",8,6,0.1935483870967742,0.25806451612903225,8.37,-0.1285,9
"month","2020-10","loto",31,75,"75",8,8,0.25806451612903225,0.25806451612903225,8.37,-0.1285,9
"month","2020-10","loto",31,80,"80",8,7,0.22580645161290322,0.25806451612903225,8.37,-0.1285,9
"month","2020-10","loto",31,91,"91",8,7,0.22580645161290322,0.25806451612903225,8.37,-0.1285,9
"month","2020-10","loto",31,5,"05",7,6,0.1935483870967742,0.22580645161290322,8.37,-0.4759,10
"month","2020-10","loto",31,10,"10",7,5,0.16129032258064516,0.22580645161290322,8.37,-0.4759,10
"month","2020-10","loto",31,11,"11",7,6,0.1935483870967742,0.22580645161290322,8.37,-0.4759,10
"month","2020-10","loto",31,14,"14",7,7,0.22580645161290322,0.22580645161290322,8.37,-0.4759,10
"month","2020-10","loto",31,39,"39",7,5,0.16129032258064516,0.22580645161290322,8.37,-0.4759,10
"month","2020-10","loto",31,41,"41",7,7,0.22580645161290322,0.22580645161290322,8.37,-0.4759,10
"month","2020-10","loto",31,54,"54",7,7,0.22580645161290322,0.22580645161290322,8.37,-0.4759,10
"month","2020-10","loto",31,64,"64",7,6,0.1935483870967742,0.22580645161290322,8.37,-0.4759,10
"month","2020-10","loto",31,67,"67",7,6,0.1935483870967742,0.22580645161290322,8.37,-0.4759,10
"month","2020-10","loto",31,68,"68",7,7,0.22580645161290322,0.22580645161290322,8.37,-0.4759,10
"month","2020-10","loto",31,69,"69",7,6,0.1935483870967742,0.22580645161290322,8.37,-0.4759,10
"month","2020-10","loto",31,72,"72",7,7,0.22580645161290322,0.22580645161290322,8.37,-0.4759,10
"month","2020-10","loto",31,82,"82",7,6,0.1935483870967742,0.22580645161290322,8.37,-0.4759,10
"month","2020-10","loto",31,87,"87",7,7,0.22580645161290322,0.22580645161290322,8.37,-0.4759,10
"month","2020-10","loto",31,88,"88",7,6,0.1935483870967742,0.22580645161290322,8.37,-0.4759,10
"month","2020-10","loto",31,7,"07",6,6,0.1935483870967742,0.1935483870967742,8.37,-0.8233,11
"month","2020-10","loto",31,24,"24",6,5,0.16129032258064516,0.1935483870967742,8.37,-0.8233,11
"month","2020-10","loto",31,27,"27",6,6,0.1935483870967742,0.1935483870967742,8.37,-0.8233,11
"month","2020-10","loto",31,29,"29",6,6,0.1935483870967742,0.1935483870967742,8.37,-0.8233,11
"month","2020-10","loto",31,33,"33",6,6,0.1935483870967742,0.1935483870967742,8.37,-0.8233,11
"month","2020-10","loto",31,44,"44",6,5,0.16129032258064516,0.1935483870967742,8.37,-0.8233,11
"month","2020-10","loto",31,45,"45",6,5,0.16129032258064516,0.1935483870967742,8.37,-0.8233,11
"month","2020-10","loto",31,47,"47",6,4,0.12903225806451613,0.1935483870967742,8.37,-0.8233,11
"month","2020-10","loto",31,77,"77",6,5,0.16129032258064516,0.1935483870967742,8.37,-0.8233,11
"month","2020-10","loto",31,78,"78",6,6,0.1935483870967742,0.1935483870967742,8.37,-0.8233,11
"month","2020-10","loto",31,86,"86",6,6,0.1935483870967742,0.1935483870967742,8.37,-0.8233,11
"month","2020-10","loto",31,97,"97",6,5,0.16129032258064516,0.1935483870967742,8.37,-0.8233,11
"month","2020-10","loto",31,3,"03",5,5,0.16129032258064516,0.16129032258064516,8.37,-1.1707,12
"month","2020-10","loto",31,22,"22",5,5,0.16129032258064516,0.16129032258064516,8.37,-1.1707,12
"month","2020-10","loto",31,50,"50",5,5,0.16129032258064516,0.16129032258064516,8.37,-1.1707,12
"month","2020-10","loto",31,52,"52",5,4,0.12903225806451613,0.16129032258064516,8.37,-1.1707,12
"month","2020-10","loto",31,56,"56",5,5,0.16129032258064516,0.16129032258064516,8.37,-1.1707,12
"month","2020-10","loto",31,58,"58",5,5,0.16129032258064516,0.16129032258064516,8.37,-1.1707,12
"month","2020-10","loto",31,59,"59",5,5,0.16129032258064516,0.16129032258064516,8.37,-1.1707,12
"month","2020-10","loto",31,98,"98",5,5,0.16129032258064516,0.16129032258064516,8.37,-1.1707,12
"month","2020-10","loto",31,32,"32",4,4,0.12903225806451613,0.12903225806451613,8.37,-1.5181,13
"month","2020-10","loto",31,43,"43",4,4,0.12903225806451613,0.12903225806451613,8.37,-1.5181,13
"month","2020-10","loto",31,55,"55",4,4,0.12903225806451613,0.12903225806451613,8.37,-1.5181,13
"month","2020-10","loto",31,73,"73",4,3,0.0967741935483871,0.12903225806451613,8.37,-1.5181,13
"month","2020-10","loto",31,93,"93",4,4,0.12903225806451613,0.12903225806451613,8.37,-1.5181,13
"month","2020-10","loto",31,17,"17",3,3,0.0967741935483871,0.0967741935483871,8.37,-1.8655,14
"month","2020-10","loto",31,74,"74",3,2,0.06451612903225806,0.0967741935483871,8.37,-1.8655,14
"month","2020-10","loto",31,99,"99",3,3,0.0967741935483871,0.0967741935483871,8.37,-1.8655,14
"month","2020-11","loto",30,96,"96",15,13,0.43333333333333335,0.5,8.1,2.4366,1
"month","2020-11","loto",30,48,"48",14,11,0.36666666666666664,0.4666666666666667,8.1,2.0835,2
"month","2020-11","loto",30,56,"56",14,12,0.4,0.4666666666666667,8.1,2.0835,2
"month","2020-11","loto",30,86,"86",14,13,0.43333333333333335,0.4666666666666667,8.1,2.0835,2
"month","2020-11","loto",30,30,"30",13,11,0.36666666666666664,0.43333333333333335,8.1,1.7304,3
"month","2020-11","loto",30,64,"64",13,11,0.36666666666666664,0.43333333333333335,8.1,1.7304,3
"month","2020-11","loto",30,5,"05",12,9,0.3,0.4,8.1,1.3772,4
"month","2020-11","loto",30,26,"26",12,9,0.3,0.4,8.1,1.3772,4
"month","2020-11","loto",30,42,"42",12,11,0.36666666666666664,0.4,8.1,1.3772,4
"month","2020-11","loto",30,45,"45",12,11,0.36666666666666664,0.4,8.1,1.3772,4
"month","2020-11","loto",30,67,"67",12,10,0.3333333333333333,0.4,8.1,1.3772,4
"month","2020-11","loto",30,69,"69",12,9,0.3,0.4,8.1,1.3772,4
"month","2020-11","loto",30,88,"88",12,11,0.36666666666666664,0.4,8.1,1.3772,4
"month","2020-11","loto",30,12,"12",11,8,0.26666666666666666,0.36666666666666664,8.1,1.0241,5
"month","2020-11","loto",30,18,"18",11,10,0.3333333333333333,0.36666666666666664,8.1,1.0241,5
"month","2020-11","loto",30,27,"27",11,9,0.3,0.36666666666666664,8.1,1.0241,5
"month","2020-11","loto",30,40,"40",11,9,0.3,0.36666666666666664,8.1,1.0241,5
"month","2020-11","loto",30,49,"49",11,9,0.3,0.36666666666666664,8.1,1.0241,5
"month","2020-11","loto",30,73,"73",11,10,0.3333333333333333,0.36666666666666664,8.1,1.0241,5
"month","2020-11","loto",30,87,"87",11,9,0.3,0.36666666666666664,8.1,1.0241,5
"month","2020-11","loto",30,99,"99",11,11,0.36666666666666664,0.36666666666666664,8.1,1.0241,5
"month","2020-11","loto",30,2,"02",10,10,0.3333333333333333,0.3333333333333333,8.1,0.671,6
"month","2020-11","loto",30,4,"04",10,10,0.3333333333333333,0.3333333333333333,8.1,0.671,6
"month","2020-11","loto",30,8,"08",10,8,0.26666666666666666,0.3333333333333333,8.1,0.671,6
"month","2020-11","loto",30,54,"54",10,9,0.3,0.3333333333333333,8.1,0.671,6
"month","2020-11","loto",30,68,"68",10,8,0.26666666666666666,0.3333333333333333,8.1,0.671,6
"month","2020-11","loto",30,70,"70",10,10,0.3333333333333333,0.3333333333333333,8.1,0.671,6
"month","2020-11","loto",30,71,"71",10,9,0.3,0.3333333333333333,8.1,0.671,6
"month","2020-11","loto",30,85,"85",10,9,0.3,0.3333333333333333,8.1,0.671,6
"month","2020-11","loto",30,92,"92",10,8,0.26666666666666666,0.3333333333333333,8.1,0.671,6
"month","2020-11","loto",30,1,"01",9,8,0.26666666666666666,0.3,8.1,0.3178,7
"month","2020-11","loto",30,6,"06",9,7,0.23333333333333334,0.3,8.1,0.3178,7
"month","2020-11","loto",30,41,"41",9,8,0.26666666666666666,0.3,8.1,0.3178,7
"month","2020-11","loto",30,53,"53",9,7,0.23333333333333334,0.3,8.1,0.3178,7
"month","2020-11","loto",30,57,"57",9,9,0.3,0.3,8.1,0.3178,7
"month","2020-11","loto",30,72,"72",9,7,0.23333333333333334,0.3,8.1,0.3178,7
"month","2020-11","loto",30,83,"83",9,9,0.3,0.3,8.1,0.3178,7
"month","2020-11","loto",30,91,"91",9,9,0.3,0.3,8.1,0.3178,7
"month","2020-11","loto",30,98,"98",9,8,0.26666666666666666,0.3,8.1,0.3178,7
"month","2020-11","loto",30,9,"09",8,6,0.2,0.26666666666666666,8.1,-0.0353,8
"month","2020-11","loto",30,16,"16",8,7,0.23333333333333334,0.26666666666666666,8.1,-0.0353,8
"month","2020-11","loto",30,17,"17",8,7,0.23333333333333334,0.26666666666666666,8.1,-0.0353,8
"month","2020-11","loto",30,22,"22",8,6,0.2,0.26666666666666666,8.1,-0.0353,8
"month","2020-11","loto",30,25,"25",8,8,0.26666666666666666,0.26666666666666666,8.1,-0.0353,8
"month","2020-11","loto",30,32,"32",8,7,0.23333333333333334,0.26666666666666666,8.1,-0.0353,8
"month","2020-11","loto",30,35,"35",8,8,0.26666666666666666,0.26666666666666666,8.1,-0.0353,8
"month","2020-11","loto",30,46,"46",8,8,0.26666666666666666,0.26666666666666666,8.1,-0.0353,8
"month","2020-11","loto",30,47,"47",8,8,0.26666666666666666,0.26666666666666666,8.1,-0.0353,8
"month","2020-11","loto",30,58,"58",8,7,0.23333333333333334,0.26666666666666666,8.1,-0.0353,8
"month","2020-11","loto",30,62,"62",8,7,0.23333333333333334,0.26666666666666666,8.1,-0.0353,8
"month","2020-11","loto",30,77,"77",8,7,0.23333333333333334,0.26666666666666666,8.1,-0.0353,8
"month","2020-11","loto",30,81,"81",8,8,0.26666666666666666,0.26666666666666666,8.1,-0.0353,8
"month","2020-11","loto",30,84,"84",8,7,0.23333333333333334,0.26666666666666666,8.1,-0.0353,8
"month","2020-11","loto",30,90,"90",8,8,0.26666666666666666,0.26666666666666666,8.1,-0.0353,8
"month","2020-11","loto",30,93,"93",8,7,0.23333333333333334,0.26666666666666666,8.1,-0.0353,8
"month","2020-11","loto",30,97,"97",8,8,0.26666666666666666,0.26666666666666666,8.1,-0.0353,8
"month","2020-11","loto",30,7,"07",7,6,0.2,0.23333333333333334,8.1,-0.3884,9
"month","2020-11","loto",30,13,"13",7,6,0.2,0.23333333333333334,8.1,-0.3884,9
"month","2020-11","loto",30,20,"20",7,7,0.23333333333333334,0.23333333333333334,8.1,-0.3884,9
"month","2020-11","loto",30,37,"37",7,7,0.23333333333333334,0.23333333333333334,8.1,-0.3884,9
"month","2020-11","loto",30,38,"38",7,7,0.23333333333333334,0.23333333333333334,8.1,-0.3884,9
"month","2020-11","loto",30,44,"44",7,7,0.23333333333333334,0.23333333333333334,8.1,-0.3884,9
"month","2020-11","loto",30,59,"59",7,7,0.23333333333333334,0.23333333333333334,8.1,-0.3884,9
"month","2020-11","loto",30,63,"63",7,6,0.2,0.23333333333333334,8.1,-0.3884,9
"month","2020-11","loto",30,80,"80",7,7,0.23333333333333334,0.23333333333333334,8.1,-0.3884,9
"month","2020-11","loto",30,95,"95",7,6,0.2,0.23333333333333334,8.1,-0.3884,9
"month","2020-11","loto",30,10,"10",6,6,0.2,0.2,8.1,-0.7416,10
"month","2020-11","loto",30,11,"11",6,6,0.2,0.2,8.1,-0.7416,10
"month","2020-11","loto",30,23,"23",6,6,0.2,0.2,8.1,-0.7416,10
"month","2020-11","loto",30,24,"24",6,5,0.16666666666666666,0.2,8.1,-0.7416,10
"month","2020-11","loto",30,33,"33",6,6,0.2,0.2,8.1,-0.7416,10
"month","2020-11","loto",30,39,"39",6,5,0.16666666666666666,0.2,8.1,-0.7416,10
"month","2020-11","loto",30,43,"43",6,6,0.2,0.2,8.1,-0.7416,10
"month","2020-11","loto",30,51,"51",6,6,0.2,0.2,8.1,-0.7416,10
"month","2020-11","loto",30,55,"55",6,6,0.2,0.2,8.1,-0.7416,10
"month","2020-11","loto",30,60,"60",6,6,0.2,0.2,8.1,-0.7416,10
"month","2020-11","loto",30,61,"61",6,6,0.2,0.2,8.1,-0.7416,10
"month","2020-11","loto",30,66,"66",6,6,0.2,0.2,8.1,-0.7416,10
"month","2020-11","loto",30,74,"74",6,6,0.2,0.2,8.1,-0.7416,10
"month","2020-11","loto",30,78,"78",6,5,0.16666666666666666,0.2,8.1,-0.7416,10
"month","2020-11","loto",30,89,"89",6,6,0.2,0.2,8.1,-0.7416,10
"month","2020-11","loto",30,94,"94",6,6,0.2,0.2,8.1,-0.7416,10
"month","2020-11","loto",30,3,"03",5,5,0.16666666666666666,0.16666666666666666,8.1,-1.0947,11
"month","2020-11","loto",30,15,"15",5,5,0.16666666666666666,0.16666666666666666,8.1,-1.0947,11
"month","2020-11","loto",30,19,"19",5,5,0.16666666666666666,0.16666666666666666,8.1,-1.0947,11
"month","2020-11","loto",30,21,"21",5,4,0.13333333333333333,0.16666666666666666,8.1,-1.0947,11
"month","2020-11","loto",30,28,"28",5,5,0.16666666666666666,0.16666666666666666,8.1,-1.0947,11
"month","2020-11","loto",30,34,"34",5,4,0.13333333333333333,0.16666666666666666,8.1,-1.0947,11
"month","2020-11","loto",30,36,"36",5,5,0.16666666666666666,0.16666666666666666,8.1,-1.0947,11
"month","2020-11","loto",30,52,"52",5,5,0.16666666666666666,0.16666666666666666,8.1,-1.0947,11
"month","2020-11","loto",30,76,"76",5,5,0.16666666666666666,0.16666666666666666,8.1,-1.0947,11
"month","2020-11","loto",30,79,"79",5,5,0.16666666666666666,0.16666666666666666,8.1,-1.0947,11
"month","2020-11","loto",30,82,"82",5,5,0.16666666666666666,0.16666666666666666,8.1,-1.0947,11
"month","2020-11","loto",30,0,"00",4,4,0.13333333333333333,0.13333333333333333,8.1,-1.4479,12
"month","2020-11","loto",30,14,"14",4,4,0.13333333333333333,0.13333333333333333,8.1,-1.4479,12
"month","2020-11","loto",30,29,"29",4,3,0.1,0.13333333333333333,8.1,-1.4479,12
"month","2020-11","loto",30,31,"31",4,4,0.13333333333333333,0.13333333333333333,8.1,-1.4479,12
"month","2020-11","loto",30,65,"65",4,4,0.13333333333333333,0.13333333333333333,8.1,-1.4479,12
"month","2020-11","loto",30,75,"75",4,4,0.13333333333333333,0.13333333333333333,8.1,-1.4479,12
"month","2020-11","loto",30,50,"50",3,3,0.1,0.1,8.1,-1.801,13
"month","2020-12","loto",31,97,"97",19,12,0.3870967741935484,0.6129032258064516,8.37,3.6928,1
"month","2020-12","loto",31,11,"11",15,13,0.41935483870967744,0.4838709677419355,8.37,2.3032,2
"month","2020-12","loto",31,49,"49",14,11,0.3548387096774194,0.45161290322580644,8.37,1.9558,3
"month","2020-12","loto",31,7,"07",13,11,0.3548387096774194,0.41935483870967744,8.37,1.6084,4
"month","2020-12","loto",31,26,"26",13,9,0.2903225806451613,0.41935483870967744,8.37,1.6084,4
"month","2020-12","loto",31,48,"48",13,8,0.25806451612903225,0.41935483870967744,8.37,1.6084,4
"month","2020-12","loto",31,85,"85",13,9,0.2903225806451613,0.41935483870967744,8.37,1.6084,4
"month","2020-12","loto",31,2,"02",12,10,0.3225806451612903,0.3870967741935484,8.37,1.261,5
"month","2020-12","loto",31,12,"12",12,11,0.3548387096774194,0.3870967741935484,8.37,1.261,5
"month","2020-12","loto",31,13,"13",12,11,0.3548387096774194,0.3870967741935484,8.37,1.261,5
"month","2020-12","loto",31,35,"35",12,10,0.3225806451612903,0.3870967741935484,8.37,1.261,5
"month","2020-12","loto",31,74,"74",12,12,0.3870967741935484,0.3870967741935484,8.37,1.261,5
"month","2020-12","loto",31,76,"76",12,11,0.3548387096774194,0.3870967741935484,8.37,1.261,5
"month","2020-12","loto",31,86,"86",12,10,0.3225806451612903,0.3870967741935484,8.37,1.261,5
"month","2020-12","loto",31,87,"87",12,11,0.3548387096774194,0.3870967741935484,8.37,1.261,5
"month","2020-12","loto",31,92,"92",12,9,0.2903225806451613,0.3870967741935484,8.37,1.261,5
"month","2020-12","loto",31,98,"98",12,7,0.22580645161290322,0.3870967741935484,8.37,1.261,5
"month","2020-12","loto",31,17,"17",11,9,0.2903225806451613,0.3548387096774194,8.37,0.9136,6
"month","2020-12","loto",31,20,"20",11,10,0.3225806451612903,0.3548387096774194,8.37,0.9136,6
"month","2020-12","loto",31,33,"33",11,7,0.22580645161290322,0.3548387096774194,8.37,0.9136,6
"month","2020-12","loto",31,47,"47",11,10,0.3225806451612903,0.3548387096774194,8.37,0.9136,6
"month","2020-12","loto",31,58,"58",11,9,0.2903225806451613,0.3548387096774194,8.37,0.9136,6
"month","2020-12","loto",31,0,"00",10,10,0.3225806451612903,0.3225806451612903,8.37,0.5662,7
"month","2020-12","loto",31,9,"09",10,9,0.2903225806451613,0.3225806451612903,8.37,0.5662,7
"month","2020-12","loto",31,10,"10",10,8,0.25806451612903225,0.3225806451612903,8.37,0.5662,7
"month","2020-12","loto",31,36,"36",10,8,0.25806451612903225,0.3225806451612903,8.37,0.5662,7
"month","2020-12","loto",31,50,"50",10,9,0.2903225806451613,0.3225806451612903,8.37,0.5662,7
"month","2020-12","loto",31,79,"79",10,7,0.22580645161290322,0.3225806451612903,8.37,0.5662,7
"month","2020-12","loto",31,89,"89",10,8,0.25806451612903225,0.3225806451612903,8.37,0.5662,7
"month","2020-12","loto",31,4,"04",9,7,0.22580645161290322,0.2903225806451613,8.37,0.2189,8
"month","2020-12","loto",31,19,"19",9,9,0.2903225806451613,0.2903225806451613,8.37,0.2189,8
"month","2020-12","loto",31,24,"24",9,7,0.22580645161290322,0.2903225806451613,8.37,0.2189,8
"month","2020-12","loto",31,28,"28",9,8,0.25806451612903225,0.2903225806451613,8.37,0.2189,8
"month","2020-12","loto",31,29,"29",9,7,0.22580645161290322,0.2903225806451613,8.37,0.2189,8
"month","2020-12","loto",31,31,"31",9,8,0.25806451612903225,0.2903225806451613,8.37,0.2189,8
"month","2020-12","loto",31,32,"32",9,9,0.2903225806451613,0.2903225806451613,8.37,0.2189,8
"month","2020-12","loto",31,38,"38",9,7,0.22580645161290322,0.2903225806451613,8.37,0.2189,8
"month","2020-12","loto",31,45,"45",9,8,0.25806451612903225,0.2903225806451613,8.37,0.2189,8
"month","2020-12","loto",31,62,"62",9,6,0.1935483870967742,0.2903225806451613,8.37,0.2189,8
"month","2020-12","loto",31,80,"80",9,9,0.2903225806451613,0.2903225806451613,8.37,0.2189,8
"month","2020-12","loto",31,90,"90",9,9,0.2903225806451613,0.2903225806451613,8.37,0.2189,8
"month","2020-12","loto",31,3,"03",8,7,0.22580645161290322,0.25806451612903225,8.37,-0.1285,9
"month","2020-12","loto",31,5,"05",8,7,0.22580645161290322,0.25806451612903225,8.37,-0.1285,9
"month","2020-12","loto",31,8,"08",8,7,0.22580645161290322,0.25806451612903225,8.37,-0.1285,9
"month","2020-12","loto",31,14,"14",8,8,0.25806451612903225,0.25806451612903225,8.37,-0.1285,9
"month","2020-12","loto",31,16,"16",8,8,0.25806451612903225,0.25806451612903225,8.37,-0.1285,9
"month","2020-12","loto",31,27,"27",8,8,0.25806451612903225,0.25806451612903225,8.37,-0.1285,9
"month","2020-12","loto",31,39,"39",8,7,0.22580645161290322,0.25806451612903225,8.37,-0.1285,9
"month","2020-12","loto",31,41,"41",8,7,0.22580645161290322,0.25806451612903225,8.37,-0.1285,9
"month","2020-12","loto",31,43,"43",8,7,0.22580645161290322,0.25806451612903225,8.37,-0.1285,9
"month","2020-12","loto",31,55,"55",8,7,0.22580645161290322,0.25806451612903225,8.37,-0.1285,9
"month","2020-12","loto",31,61,"61",8,8,0.25806451612903225,0.25806451612903225,8.37,-0.1285,9
"month","2020-12","loto",31,68,"68",8,7,0.22580645161290322,0.25806451612903225,8.37,-0.1285,9
"month","2020-12","loto",31,71,"71",8,8,0.25806451612903225,0.25806451612903225,8.37,-0.1285,9
"month","2020-12","loto",31,82,"82",8,8,0.25806451612903225,0.25806451612903225,8.37,-0.1285,9
"month","2020-12","loto",31,93,"93",8,7,0.22580645161290322,0.25806451612903225,8.37,-0.1285,9
"month","2020-12","loto",31,95,"95",8,6,0.1935483870967742,0.25806451612903225,8.37,-0.1285,9
"month","2020-12","loto",31,6,"06",7,7,0.22580645161290322,0.22580645161290322,8.37,-0.4759,10
"month","2020-12","loto",31,18,"18",7,6,0.1935483870967742,0.22580645161290322,8.37,-0.4759,10
"month","2020-12","loto",31,21,"21",7,6,0.1935483870967742,0.22580645161290322,8.37,-0.4759,10
"month","2020-12","loto",31,25,"25",7,6,0.1935483870967742,0.22580645161290322,8.37,-0.4759,10
"month","2020-12","loto",31,37,"37",7,7,0.22580645161290322,0.22580645161290322,8.37,-0.4759,10
"month","2020-12","loto",31,44,"44",7,7,0.22580645161290322,0.22580645161290322,8.37,-0.4759,10
"month","2020-12","loto",31,54,"54",7,7,0.22580645161290322,0.22580645161290322,8.37,-0.4759,10
"month","2020-12","loto",31,57,"57",7,6,0.1935483870967742,0.22580645161290322,8.37,-0.4759,10
"month","2020-12","loto",31,59,"59",7,7,0.22580645161290322,0.22580645161290322,8.37,-0.4759,10
"month","2020-12","loto",31,64,"64",7,7,0.22580645161290322,0.22580645161290322,8.37,-0.4759,10
"month","2020-12","loto",31,65,"65",7,6,0.1935483870967742,0.22580645161290322,8.37,-0.4759,10
"month","2020-12","loto",31,66,"66",7,7,0.22580645161290322,0.22580645161290322,8.37,-0.4759,10
"month","2020-12","loto",31,75,"75",7,6,0.1935483870967742,0.22580645161290322,8.37,-0.4759,10
"month","2020-12","loto",31,88,"88",7,7,0.22580645161290322,0.22580645161290322,8.37,-0.4759,10
"month","2020-12","loto",31,94,"94",7,6,0.1935483870967742,0.22580645161290322,8.37,-0.4759,10
"month","2020-12","loto",31,96,"96",7,7,0.22580645161290322,0.22580645161290322,8.37,-0.4759,10
"month","2020-12","loto",31,99,"99",7,7,0.22580645161290322,0.22580645161290322,8.37,-0.4759,10
"month","2020-12","loto",31,1,"01",6,5,0.16129032258064516,0.1935483870967742,8.37,-0.8233,11
"month","2020-12","loto",31,15,"15",6,5,0.16129032258064516,0.1935483870967742,8.37,-0.8233,11
"month","2020-12","loto",31,22,"22",6,6,0.1935483870967742,0.1935483870967742,8.37,-0.8233,11
"month","2020-12","loto",31,30,"30",6,4,0.12903225806451613,0.1935483870967742,8.37,-0.8233,11
"month","2020-12","loto",31,34,"34",6,6,0.1935483870967742,0.1935483870967742,8.37,-0.8233,11
"month","2020-12","loto",31,51,"51",6,6,0.1935483870967742,0.1935483870967742,8.37,-0.8233,11
"month","2020-12","loto",31,52,"52",6,6,0.1935483870967742,0.1935483870967742,8.37,-0.8233,11
"month","2020-12","loto",31,53,"53",6,6,0.1935483870967742,0.1935483870967742,8.37,-0.8233,11
"month","2020-12","loto",31,60,"60",6,6,0.1935483870967742,0.1935483870967742,8.37,-0.8233,11
"month","2020-12","loto",31,63,"63",6,6,0.1935483870967742,0.1935483870967742,8.37,-0.8233,11
"month","2020-12","loto",31,69,"69",6,4,0.12903225806451613,0.1935483870967742,8.37,-0.8233,11
"month","2020-12","loto",31,70,"70",6,6,0.1935483870967742,0.1935483870967742,8.37,-0.8233,11
"month","2020-12","loto",31,77,"77",6,6,0.1935483870967742,0.1935483870967742,8.37,-0.8233,11
"month","2020-12","loto",31,78,"78",6,5,0.16129032258064516,0.1935483870967742,8.37,-0.8233,11
"month","2020-12","loto",31,83,"83",6,5,0.16129032258064516,0.1935483870967742,8.37,-0.8233,11
"month","2020-12","loto",31,40,"40",5,5,0.16129032258064516,0.16129032258064516,8.37,-1.1707,12
"month","2020-12","loto",31,42,"42",5,5,0.16129032258064516,0.16129032258064516,8.37,-1.1707,12
"month","2020-12","loto",31,46,"46",5,5,0.16129032258064516,0.16129032258064516,8.37,-1.1707,12
"month","2020-12","loto",31,67,"67",5,5,0.16129032258064516,0.16129032258064516,8.37,-1.1707,12
"month","2020-12","loto",31,81,"81",5,4,0.12903225806451613,0.16129032258064516,8.37,-1.1707,12
"month","2020-12","loto",31,84,"84",5,5,0.16129032258064516,0.16129032258064516,8.37,-1.1707,12
"month","2020-12","loto",31,23,"23",4,4,0.12903225806451613,0.12903225806451613,8.37,-1.5181,13
"month","2020-12","loto",31,91,"91",4,4,0.12903225806451613,0.12903225806451613,8.37,-1.5181,13
"month","2020-12","loto",31,56,"56",3,3,0.0967741935483871,0.0967741935483871,8.37,-1.8655,14
"month","2020-12","loto",31,72,"72",3,3,0.0967741935483871,0.0967741935483871,8.37,-1.8655,14
"month","2020-12","loto",31,73,"73",3,3,0.0967741935483871,0.0967741935483871,8.37,-1.8655,14
"month","2021-01","loto",31,14,"14",18,13,0.41935483870967744,0.5806451612903226,8.37,3.3454,1
"month","2021-01","loto",31,81,"81",18,12,0.3870967741935484,0.5806451612903226,8.37,3.3454,1
"month","2021-01","loto",31,71,"71",15,13,0.41935483870967744,0.4838709677419355,8.37,2.3032,2
"month","2021-01","loto",31,8,"08",13,12,0.3870967741935484,0.41935483870967744,8.37,1.6084,3
"month","2021-01","loto",31,41,"41",13,9,0.2903225806451613,0.41935483870967744,8.37,1.6084,3
"month","2021-01","loto",31,95,"95",13,11,0.3548387096774194,0.41935483870967744,8.37,1.6084,3
"month","2021-01","loto",31,11,"11",12,10,0.3225806451612903,0.3870967741935484,8.37,1.261,4
"month","2021-01","loto",31,16,"16",12,12,0.3870967741935484,0.3870967741935484,8.37,1.261,4
"month","2021-01","loto",31,38,"38",12,11,0.3548387096774194,0.3870967741935484,8.37,1.261,4
"month","2021-01","loto",31,48,"48",12,10,0.3225806451612903,0.3870967741935484,8.37,1.261,4
"month","2021-01","loto",31,53,"53",12,8,0.25806451612903225,0.3870967741935484,8.37,1.261,4
"month","2021-01","loto",31,54,"54",12,10,0.3225806451612903,0.3870967741935484,8.37,1.261,4
"month","2021-01","loto",31,55,"55",12,11,0.3548387096774194,0.3870967741935484,8.37,1.261,4
"month","2021-01","loto",31,80,"80",12,11,0.3548387096774194,0.3870967741935484,8.37,1.261,4
"month","2021-01","loto",31,88,"88",12,10,0.3225806451612903,0.3870967741935484,8.37,1.261,4
"month","2021-01","loto",31,9,"09",11,9,0.2903225806451613,0.3548387096774194,8.37,0.9136,5
"month","2021-01","loto",31,30,"30",11,10,0.3225806451612903,0.3548387096774194,8.37,0.9136,5
"month","2021-01","loto",31,49,"49",11,9,0.2903225806451613,0.3548387096774194,8.37,0.9136,5
"month","2021-01","loto",31,60,"60",11,10,0.3225806451612903,0.3548387096774194,8.37,0.9136,5
"month","2021-01","loto",31,68,"68",11,9,0.2903225806451613,0.3548387096774194,8.37,0.9136,5
"month","2021-01","loto",31,79,"79",11,8,0.25806451612903225,0.3548387096774194,8.37,0.9136,5
"month","2021-01","loto",31,15,"15",10,9,0.2903225806451613,0.3225806451612903,8.37,0.5662,6
"month","2021-01","loto",31,40,"40",10,10,0.3225806451612903,0.3225806451612903,8.37,0.5662,6
"month","2021-01","loto",31,67,"67",10,10,0.3225806451612903,0.3225806451612903,8.37,0.5662,6
"month","2021-01","loto",31,70,"70",10,8,0.25806451612903225,0.3225806451612903,8.37,0.5662,6
"month","2021-01","loto",31,83,"83",10,8,0.25806451612903225,0.3225806451612903,8.37,0.5662,6
"month","2021-01","loto",31,85,"85",10,8,0.25806451612903225,0.3225806451612903,8.37,0.5662,6
"month","2021-01","loto",31,97,"97",10,10,0.3225806451612903,0.3225806451612903,8.37,0.5662,6
"month","2021-01","loto",31,1,"01",9,7,0.22580645161290322,0.2903225806451613,8.37,0.2189,7
"month","2021-01","loto",31,2,"02",9,9,0.2903225806451613,0.2903225806451613,8.37,0.2189,7
"month","2021-01","loto",31,10,"10",9,8,0.25806451612903225,0.2903225806451613,8.37,0.2189,7
"month","2021-01","loto",31,13,"13",9,8,0.25806451612903225,0.2903225806451613,8.37,0.2189,7
"month","2021-01","loto",31,17,"17",9,7,0.22580645161290322,0.2903225806451613,8.37,0.2189,7
"month","2021-01","loto",31,19,"19",9,6,0.1935483870967742,0.2903225806451613,8.37,0.2189,7
"month","2021-01","loto",31,21,"21",9,7,0.22580645161290322,0.2903225806451613,8.37,0.2189,7
"month","2021-01","loto",31,27,"27",9,8,0.25806451612903225,0.2903225806451613,8.37,0.2189,7
"month","2021-01","loto",31,29,"29",9,8,0.25806451612903225,0.2903225806451613,8.37,0.2189,7
"month","2021-01","loto",31,36,"36",9,9,0.2903225806451613,0.2903225806451613,8.37,0.2189,7
"month","2021-01","loto",31,47,"47",9,8,0.25806451612903225,0.2903225806451613,8.37,0.2189,7
"month","2021-01","loto",31,62,"62",9,6,0.1935483870967742,0.2903225806451613,8.37,0.2189,7
"month","2021-01","loto",31,63,"63",9,7,0.22580645161290322,0.2903225806451613,8.37,0.2189,7
"month","2021-01","loto",31,64,"64",9,8,0.25806451612903225,0.2903225806451613,8.37,0.2189,7
"month","2021-01","loto",31,65,"65",9,9,0.2903225806451613,0.2903225806451613,8.37,0.2189,7
"month","2021-01","loto",31,77,"77",9,9,0.2903225806451613,0.2903225806451613,8.37,0.2189,7
"month","2021-01","loto",31,84,"84",9,8,0.25806451612903225,0.2903225806451613,8.37,0.2189,7
"month","2021-01","loto",31,96,"96",9,9,0.2903225806451613,0.2903225806451613,8.37,0.2189,7
"month","2021-01","loto",31,4,"04",8,7,0.22580645161290322,0.25806451612903225,8.37,-0.1285,8
"month","2021-01","loto",31,20,"20",8,8,0.25806451612903225,0.25806451612903225,8.37,-0.1285,8
"month","2021-01","loto",31,23,"23",8,8,0.25806451612903225,0.25806451612903225,8.37,-0.1285,8
"month","2021-01","loto",31,24,"24",8,7,0.22580645161290322,0.25806451612903225,8.37,-0.1285,8
"month","2021-01","loto",31,28,"28",8,7,0.22580645161290322,0.25806451612903225,8.37,-0.1285,8
"month","2021-01","loto",31,46,"46",8,8,0.25806451612903225,0.25806451612903225,8.37,-0.1285,8
"month","2021-01","loto",31,57,"57",8,8,0.25806451612903225,0.25806451612903225,8.37,-0.1285,8
"month","2021-01","loto",31,66,"66",8,7,0.22580645161290322,0.25806451612903225,8.37,-0.1285,8
"month","2021-01","loto",31,72,"72",8,7,0.22580645161290322,0.25806451612903225,8.37,-0.1285,8
"month","2021-01","loto",31,75,"75",8,8,0.25806451612903225,0.25806451612903225,8.37,-0.1285,8
"month","2021-01","loto",31,76,"76",8,7,0.22580645161290322,0.25806451612903225,8.37,-0.1285,8
"month","2021-01","loto",31,86,"86",8,8,0.25806451612903225,0.25806451612903225,8.37,-0.1285,8
"month","2021-01","loto",31,87,"87",8,8,0.25806451612903225,0.25806451612903225,8.37,-0.1285,8
"month","2021-01","loto",31,98,"98",8,7,0.22580645161290322,0.25806451612903225,8.37,-0.1285,8
"month","2021-01","loto",31,7,"07",7,6,0.1935483870967742,0.22580645161290322,8.37,-0.4759,9
"month","2021-01","loto",31,25,"25",7,7,0.22580645161290322,0.22580645161290322,8.37,-0.4759,9
"month","2021-01","loto",31,26,"26",7,6,0.1935483870967742,0.22580645161290322,8.37,-0.4759,9
"month","2021-01","loto",31,32,"32",7,7,0.22580645161290322,0.22580645161290322,8.37,-0.4759,9
"month","2021-01","loto",31,33,"33",7,7,0.22580645161290322,0.22580645161290322,8.37,-0.4759,9
"month","2021-01","loto",31,42,"42",7,7,0.22580645161290322,0.22580645161290322,8.37,-0.4759,9
"month","2021-01","loto",31,51,"51",7,7,0.22580645161290322,0.22580645161290322,8.37,-0.4759,9
"month","2021-01","loto",31,52,"52",7,5,0.16129032258064516,0.22580645161290322,8.37,-0.4759,9
"month","2021-01","loto",31,59,"59",7,7,0.22580645161290322,0.22580645161290322,8.37,-0.4759,9
"month","2021-01","loto",31,69,"69",7,6,0.1935483870967742,0.22580645161290322,8.37,-0.4759,9
"month","2021-01","loto",31,78,"78",7,7,0.22580645161290322,0.22580645161290322,8.37,-0.4759,9
"month","2021-01","loto",31,99,"99",7,7,0.22580645161290322,0.22580645161290322,8.37,-0.4759,9
"month","2021-01","loto",31,0,"00",6,6,0.1935483870967742,0.1935483870967742,8.37,-0.8233,10
"month","2021-01","loto",31,5,"05",6,6,0.1935483870967742,0.1935483870967742,8.37,-0.8233,10
"month","2021-01","loto",31,6,"06",6,6,0.1935483870967742,0.1935483870967742,8.37,-0.8233,10
"month","2021-01","loto",31,12,"12",6,5,0.16129032258064516,0.1935483870967742,8.37,-0.8233,10
"month","2021-01","loto",31,37,"37",6,6,0.1935483870967742,0.1935483870967742,8.37,-0.8233,10
"month","2021-01","loto",31,39,"39",6,5,0.16129032258064516,0.1935483870967742,8.37,-0.8233,10
"month","2021-01","loto",31,43,"43",6,6,0.1935483870967742,0.1935483870967742,8.37,-0.8233,10
"month","2021-01","loto",31,56,"56",6,6,0.1935483870967742,0.1935483870967742,8.37,-0.8233,10
"month","2021-01","loto",31,61,"61",6,5,0.16129032258064516,0.1935483870967742,8.37,-0.8233,10
"month","2021-01","loto",31,74,"74",6,6,0.1935483870967742,0.1935483870967742,8.37,-0.8233,10
"month","2021-01","loto",31,90,"90",6,5,0.16129032258064516,0.1935483870967742,8.37,-0.8233,10
"month","2021-01","loto",31,94,"94",6,6,0.1935483870967742,0.1935483870967742,8.37,-0.8233,10
"month","2021-01","loto",31,18,"18",5,5,0.16129032258064516,0.16129032258064516,8.37,-1.1707,11
"month","2021-01","loto",31,22,"22",5,5,0.16129032258064516,0.16129032258064516,8.37,-1.1707,11
"month","2021-01","loto",31,31,"31",5,5,0.16129032258064516,0.16129032258064516,8.37,-1.1707,11
"month","2021-01","loto",31,34,"34",5,5,0.16129032258064516,0.16129032258064516,8.37,-1.1707,11
"month","2021-01","loto",31,50,"50",5,5,0.16129032258064516,0.16129032258064516,8.37,-1.1707,11
"month","2021-01","loto",31,58,"58",5,4,0.12903225806451613,0.16129032258064516,8.37,-1.1707,11
"month","2021-01","loto",31,82,"82",5,4,0.12903225806451613,0.16129032258064516,8.37,-1.1707,11
"month","2021-01","loto",31,91,"91",5,5,0.16129032258064516,0.16129032258064516,8.37,-1.1707,11
"month","2021-01","loto",31,92,"92",5,4,0.12903225806451613,0.16129032258064516,8.37,-1.1707,11
"month","2021-01","loto",31,93,"93",5,5,0.16129032258064516,0.16129032258064516,8.37,-1.1707,11
"month","2021-01","loto",31,3,"03",4,3,0.0967741935483871,0.12903225806451613,8.37,-1.5181,12
"month","2021-01","loto",31,35,"35",4,4,0.12903225806451613,0.12903225806451613,8.37,-1.5181,12
"month","2021-01","loto",31,45,"45",4,4,0.12903225806451613,0.12903225806451613,8.37,-1.5181,12
"month","2021-01","loto",31,73,"73",4,4,0.12903225806451613,0.12903225806451613,8.37,-1.5181,12
"month","2021-01","loto",31,89,"89",4,4,0.12903225806451613,0.12903225806451613,8.37,-1.5181,12
"month","2021-01","loto",31,44,"44",3,3,0.0967741935483871,0.0967741935483871,8.37,-1.8655,13
"month","2021-02","loto",24,32,"32",16,12,0.5,0.6666666666666666,6.48,3.7586,1
"month","2021-02","loto",24,33,"33",16,12,0.5,0.6666666666666666,6.48,3.7586,1
"month","2021-02","loto",24,82,"82",14,12,0.5,0.5833333333333334,6.48,2.969,2
"month","2021-02","loto",24,8,"08",13,9,0.375,0.5416666666666666,6.48,2.5742,3
"month","2021-02","loto",24,43,"43",13,10,0.4166666666666667,0.5416666666666666,6.48,2.5742,3
"month","2021-02","loto",24,64,"64",12,11,0.4583333333333333,0.5,6.48,2.1794,4
"month","2021-02","loto",24,75,"75",12,10,0.4166666666666667,0.5,6.48,2.1794,4
"month","2021-02","loto",24,18,"18",11,8,0.3333333333333333,0.4583333333333333,6.48,1.7846,5
"month","2021-02","loto",24,69,"69",11,9,0.375,0.4583333333333333,6.48,1.7846,5
"month","2021-02","loto",24,77,"77",11,9,0.375,0.4583333333333333,6.48,1.7846,5
"month","2021-02","loto",24,89,"89",11,9,0.375,0.4583333333333333,6.48,1.7846,5
"month","2021-02","loto",24,6,"06",10,9,0.375,0.4166666666666667,6.48,1.3898,6
"month","2021-02","loto",24,78,"78",10,9,0.375,0.4166666666666667,6.48,1.3898,6
"month","2021-02","loto",24,7,"07",9,8,0.3333333333333333,0.375,6.48,0.9949,7
"month","2021-02","loto",24,9,"09",9,6,0.25,0.375,6.48,0.9949,7
"month","2021-02","loto",24,25,"25",9,7,0.2916666666666667,0.375,6.48,0.9949,7
"month","2021-02","loto",24,86,"86",9,7,0.2916666666666667,0.375,6.48,0.9949,7
"month","2021-02","loto",24,10,"10",8,7,0.2916666666666667,0.3333333333333333,6.48,0.6001,8
"month","2021-02","loto",24,20,"20",8,5,0.20833333333333334,0.3333333333333333,6.48,0.6001,8
"month","2021-02","loto",24,41,"41",8,5,0.20833333333333334,0.3333333333333333,6.48,0.6001,8
"month","2021-02","loto",24,47,"47",8,6,0.25,0.3333333333333333,6.48,0.6001,8
"month","2021-02","loto",24,58,"58",8,7,0.2916666666666667,0.3333333333333333,6.48,0.6001,8
"month","2021-02","loto",24,65,"65",8,6,0.25,0.3333333333333333,6.48,0.6001,8
"month","2021-02","loto",24,66,"66",8,6,0.25,0.3333333333333333,6.48,0.6001,8
"month","2021-02","loto",24,68,"68",8,6,0.25,0.3333333333333333,6.48,0.6001,8
"month","2021-02","loto",24,90,"90",8,6,0.25,0.3333333333333333,6.48,0.6001,8
"month","2021-02","loto",24,91,"91",8,7,0.2916666666666667,0.3333333333333333,6.48,0.6001,8
"month","2021-02","loto",24,98,"98",8,8,0.3333333333333333,0.3333333333333333,6.48,0.6001,8
"month","2021-02","loto",24,11,"11",7,4,0.16666666666666666,0.2916666666666667,6.48,0.2053,9
"month","2021-02","loto",24,14,"14",7,6,0.25,0.2916666666666667,6.48,0.2053,9
"month","2021-02","loto",24,16,"16",7,6,0.25,0.2916666666666667,6.48,0.2053,9
"month","2021-02","loto",24,17,"17",7,6,0.25,0.2916666666666667,6.48,0.2053,9
"month","2021-02","loto",24,29,"29",7,7,0.2916666666666667,0.2916666666666667,6.48,0.2053,9
"month","2021-02","loto",24,38,"38",7,6,0.25,0.2916666666666667,6.48,0.2053,9
"month","2021-02","loto",24,40,"40",7,6,0.25,0.2916666666666667,6.48,0.2053,9
"month","2021-02","loto",24,44,"44",7,7,0.2916666666666667,0.2916666666666667,6.48,0.2053,9
"month","2021-02","loto",24,54,"54",7,7,0.2916666666666667,0.2916666666666667,6.48,0.2053,9
"month","2021-02","loto",24,67,"67",7,7,0.2916666666666667,0.2916666666666667,6.48,0.2053,9
"month","2021-02","loto",24,70,"70",7,7,0.2916666666666667,0.2916666666666667,6.48,0.2053,9
"month","2021-02","loto",24,71,"71",7,6,0.25,0.2916666666666667,6.48,0.2053,9
"month","2021-02","loto",24,87,"87",7,7,0.2916666666666667,0.2916666666666667,6.48,0.2053,9
"month","2021-02","loto",24,88,"88",7,6,0.25,0.2916666666666667,6.48,0.2053,9
"month","2021-02","loto",24,93,"93",7,6,0.25,0.2916666666666667,6.48,0.2053,9
"month","2021-02","loto",24,3,"03",6,4,0.16666666666666666,0.25,6.48,-0.1895,10
"month","2021-02","loto",24,5,"05",6,5,0.20833333333333334,0.25,6.48,-0.1895,10
"month","2021-02","loto",24,13,"13",6,6,0.25,0.25,6.48,-0.1895,10
"month","2021-02","loto",24,15,"15",6,6,0.25,0.25,6.48,-0.1895,10
"month","2021-02","loto",24,21,"21",6,6,0.25,0.25,6.48,-0.1895,10
"month","2021-02","loto",24,22,"22",6,6,0.25,0.25,6.48,-0.1895,10
"month","2021-02","loto",24,24,"24",6,6,0.25,0.25,6.48,-0.1895,10
"month","2021-02","loto",24,26,"26",6,6,0.25,0.25,6.48,-0.1895,10
"month","2021-02","loto",24,27,"27",6,6,0.25,0.25,6.48,-0.1895,10
"month","2021-02","loto",24,34,"34",6,5,0.20833333333333334,0.25,6.48,-0.1895,10
"month","2021-02","loto",24,42,"42",6,6,0.25,0.25,6.48,-0.1895,10
"month","2021-02","loto",24,45,"45",6,5,0.20833333333333334,0.25,6.48,-0.1895,10
"month","2021-02","loto",24,46,"46",6,6,0.25,0.25,6.48,-0.1895,10
"month","2021-02","loto",24,50,"50",6,5,0.20833333333333334,0.25,6.48,-0.1895,10
"month","2021-02","loto",24,52,"52",6,6,0.25,0.25,6.48,-0.1895,10
"month","2021-02","loto",24,55,"55",6,5,0.20833333333333334,0.25,6.48,-0.1895,10
"month","2021-02","loto",24,63,"63",6,6,0.25,0.25,6.48,-0.1895,10
"month","2021-02","loto",24,72,"72",6,6,0.25,0.25,6.48,-0.1895,10
"month","2021-02","loto",24,84,"84",6,5,0.20833333333333334,0.25,6.48,-0.1895,10
"month","2021-02","loto",24,85,"85",6,5,0.20833333333333334,0.25,6.48,-0.1895,10
"month","2021-02","loto",24,19,"19",5,5,0.20833333333333334,0.20833333333333334,6.48,-0.5843,11
"month","2021-02","loto",24,23,"23",5,5,0.20833333333333334,0.20833333333333334,6.48,-0.5843,11
"month","2021-02","loto",24,36,"36",5,4,0.16666666666666666,0.20833333333333334,6.48,-0.5843,11
"month","2021-02","loto",24,39,"39",5,5,0.20833333333333334,0.20833333333333334,6.48,-0.5843,11
"month","2021-02","loto",24,60,"60",5,5,0.20833333333333334,0.20833333333333334,6.48,-0.5843,11
"month","2021-02","loto",24,62,"62",5,5,0.20833333333333334,0.20833333333333334,6.48,-0.5843,11
"month","2021-02","loto",24,76,"76",5,5,0.20833333333333334,0.20833333333333334,6.48,-0.5843,11
"month","2021-02","loto",24,81,"81",5,5,0.20833333333333334,0.20833333333333334,6.48,-0.5843,11
"month","2021-02","loto",24,83,"83",5,4,0.16666666666666666,0.20833333333333334,6.48,-0.5843,11
"month","2021-02","loto",24,92,"92",5,5,0.20833333333333334,0.20833333333333334,6.48,-0.5843,11
"month","2021-02","loto",24,94,"94",5,5,0.20833333333333334,0.20833333333333334,6.48,-0.5843,11
"month","2021-02","loto",24,99,"99",5,5,0.20833333333333334,0.20833333333333334,6.48,-0.5843,11
"month","2021-02","loto",24,0,"00",4,4,0.16666666666666666,0.16666666666666666,6.48,-0.9791,12
"month","2021-02","loto",24,4,"04",4,4,0.16666666666666666,0.16666666666666666,6.48,-0.9791,12
"month","2021-02","loto",24,12,"12",4,4,0.16666666666666666,0.16666666666666666,6.48,-0.9791,12
"month","2021-02","loto",24,28,"28",4,4,0.16666666666666666,0.16666666666666666,6.48,-0.9791,12
"month","2021-02","loto",24,30,"30",4,4,0.16666666666666666,0.16666666666666666,6.48,-0.9791,12
"month","2021-02","loto",24,35,"35",4,4,0.16666666666666666,0.16666666666666666,6.48,-0.9791,12
"month","2021-02","loto",24,37,"37",4,3,0.125,0.16666666666666666,6.48,-0.9791,12
"month","2021-02","loto",24,49,"49",4,3,0.125,0.16666666666666666,6.48,-0.9791,12
"month","2021-02","loto",24,57,"57",4,4,0.16666666666666666,0.16666666666666666,6.48,-0.9791,12
"month","2021-02","loto",24,59,"59",4,3,0.125,0.16666666666666666,6.48,-0.9791,12
"month","2021-02","loto",24,74,"74",4,4,0.16666666666666666,0.16666666666666666,6.48,-0.9791,12
"month","2021-02","loto",24,79,"79",4,4,0.16666666666666666,0.16666666666666666,6.48,-0.9791,12
"month","2021-02","loto",24,80,"80",4,4,0.16666666666666666,0.16666666666666666,6.48,-0.9791,12
"month","2021-02","loto",24,31,"31",3,3,0.125,0.125,6.48,-1.374,13
"month","2021-02","loto",24,61,"61",3,3,0.125,0.125,6.48,-1.374,13
"month","2021-02","loto",24,73,"73",3,3,0.125,0.125,6.48,-1.374,13
"month","2021-02","loto",24,97,"97",3,3,0.125,0.125,6.48,-1.374,13
"month","2021-02","loto",24,1,"01",2,1,0.041666666666666664,0.08333333333333333,6.48,-1.7688,14
"month","2021-02","loto",24,2,"02",2,2,0.08333333333333333,0.08333333333333333,6.48,-1.7688,14
"month","2021-02","loto",24,48,"48",2,2,0.08333333333333333,0.08333333333333333,6.48,-1.7688,14
"month","2021-02","loto",24,51,"51",2,2,0.08333333333333333,0.08333333333333333,6.48,-1.7688,14
"month","2021-02","loto",24,53,"53",2,2,0.08333333333333333,0.08333333333333333,6.48,-1.7688,14
"month","2021-02","loto",24,95,"95",2,2,0.08333333333333333,0.08333333333333333,6.48,-1.7688,14
"month","2021-02","loto",24,96,"96",2,2,0.08333333333333333,0.08333333333333333,6.48,-1.7688,14
"month","2021-02","loto",24,56,"56",1,1,0.041666666666666664,0.041666666666666664,6.48,-2.1636,15
"month","2021-03","loto",31,38,"38",17,13,0.41935483870967744,0.5483870967741935,8.37,2.998,1
"month","2021-03","loto",31,40,"40",16,12,0.3870967741935484,0.5161290322580645,8.37,2.6506,2
"month","2021-03","loto",31,68,"68",15,12,0.3870967741935484,0.4838709677419355,8.37,2.3032,3
"month","2021-03","loto",31,39,"39",14,13,0.41935483870967744,0.45161290322580644,8.37,1.9558,4
"month","2021-03","loto",31,62,"62",14,10,0.3225806451612903,0.45161290322580644,8.37,1.9558,4
"month","2021-03","loto",31,70,"70",14,10,0.3225806451612903,0.45161290322580644,8.37,1.9558,4
"month","2021-03","loto",31,63,"63",13,10,0.3225806451612903,0.41935483870967744,8.37,1.6084,5
"month","2021-03","loto",31,66,"66",13,12,0.3870967741935484,0.41935483870967744,8.37,1.6084,5
"month","2021-03","loto",31,88,"88",13,12,0.3870967741935484,0.41935483870967744,8.37,1.6084,5
"month","2021-03","loto",31,89,"89",13,11,0.3548387096774194,0.41935483870967744,8.37,1.6084,5
"month","2021-03","loto",31,33,"33",12,11,0.3548387096774194,0.3870967741935484,8.37,1.261,6
"month","2021-03","loto",31,59,"59",12,10,0.3225806451612903,0.3870967741935484,8.37,1.261,6
"month","2021-03","loto",31,84,"84",12,10,0.3225806451612903,0.3870967741935484,8.37,1.261,6
"month","2021-03","loto",31,9,"09",11,9,0.2903225806451613,0.3548387096774194,8.37,0.9136,7
"month","2021-03","loto",31,11,"11",11,10,0.3225806451612903,0.3548387096774194,8.37,0.9136,7
"month","2021-03","loto",31,18,"18",11,10,0.3225806451612903,0.3548387096774194,8.37,0.9136,7
"month","2021-03","loto",31,69,"69",11,10,0.3225806451612903,0.3548387096774194,8.37,0.9136,7
"month","2021-03","loto",31,93,"93",11,10,0.3225806451612903,0.3548387096774194,8.37,0.9136,7
"month","2021-03","loto",31,2,"02",10,9,0.2903225806451613,0.3225806451612903,8.37,0.5662,8
"month","2021-03","loto",31,3,"03",10,9,0.2903225806451613,0.3225806451612903,8.37,0.5662,8
"month","2021-03","loto",31,6,"06",10,10,0.3225806451612903,0.3225806451612903,8.37,0.5662,8
"month","2021-03","loto",31,14,"14",10,8,0.25806451612903225,0.3225806451612903,8.37,0.5662,8
"month","2021-03","loto",31,16,"16",10,7,0.22580645161290322,0.3225806451612903,8.37,0.5662,8
"month","2021-03","loto",31,29,"29",10,8,0.25806451612903225,0.3225806451612903,8.37,0.5662,8
"month","2021-03","loto",31,42,"42",10,9,0.2903225806451613,0.3225806451612903,8.37,0.5662,8
"month","2021-03","loto",31,43,"43",10,8,0.25806451612903225,0.3225806451612903,8.37,0.5662,8
"month","2021-03","loto",31,46,"46",10,7,0.22580645161290322,0.3225806451612903,8.37,0.5662,8
"month","2021-03","loto",31,51,"51",10,10,0.3225806451612903,0.3225806451612903,8.37,0.5662,8
"month","2021-03","loto",31,54,"54",10,7,0.22580645161290322,0.3225806451612903,8.37,0.5662,8
"month","2021-03","loto",31,71,"71",10,9,0.2903225806451613,0.3225806451612903,8.37,0.5662,8
"month","2021-03","loto",31,5,"05",9,8,0.25806451612903225,0.2903225806451613,8.37,0.2189,9
"month","2021-03","loto",31,8,"08",9,7,0.22580645161290322,0.2903225806451613,8.37,0.2189,9
"month","2021-03","loto",31,10,"10",9,8,0.25806451612903225,0.2903225806451613,8.37,0.2189,9
"month","2021-03","loto",31,26,"26",9,8,0.25806451612903225,0.2903225806451613,8.37,0.2189,9
"month","2021-03","loto",31,31,"31",9,7,0.22580645161290322,0.2903225806451613,8.37,0.2189,9
"month","2021-03","loto",31,55,"55",9,7,0.22580645161290322,0.2903225806451613,8.37,0.2189,9
"month","2021-03","loto",31,60,"60",9,7,0.22580645161290322,0.2903225806451613,8.37,0.2189,9
"month","2021-03","loto",31,67,"67",9,6,0.1935483870967742,0.2903225806451613,8.37,0.2189,9
"month","2021-03","loto",31,75,"75",9,7,0.22580645161290322,0.2903225806451613,8.37,0.2189,9
"month","2021-03","loto",31,77,"77",9,8,0.25806451612903225,0.2903225806451613,8.37,0.2189,9
"month","2021-03","loto",31,78,"78",9,7,0.22580645161290322,0.2903225806451613,8.37,0.2189,9
"month","2021-03","loto",31,90,"90",9,8,0.25806451612903225,0.2903225806451613,8.37,0.2189,9
"month","2021-03","loto",31,13,"13",8,8,0.25806451612903225,0.25806451612903225,8.37,-0.1285,10
"month","2021-03","loto",31,17,"17",8,7,0.22580645161290322,0.25806451612903225,8.37,-0.1285,10
"month","2021-03","loto",31,22,"22",8,8,0.25806451612903225,0.25806451612903225,8.37,-0.1285,10
"month","2021-03","loto",31,25,"25",8,8,0.25806451612903225,0.25806451612903225,8.37,-0.1285,10
"month","2021-03","loto",31,36,"36",8,7,0.22580645161290322,0.25806451612903225,8.37,-0.1285,10
"month","2021-03","loto",31,37,"37",8,7,0.22580645161290322,0.25806451612903225,8.37,-0.1285,10
"month","2021-03","loto",31,41,"41",8,8,0.25806451612903225,0.25806451612903225,8.37,-0.1285,10
"month","2021-03","loto",31,44,"44",8,6,0.1935483870967742,0.25806451612903225,8.37,-0.1285,10
"month","2021-03","loto",31,45,"45",8,6,0.1935483870967742,0.25806451612903225,8.37,-0.1285,10
"month","2021-03","loto",31,52,"52",8,6,0.1935483870967742,0.25806451612903225,8.37,-0.1285,10
"month","2021-03","loto",31,56,"56",8,8,0.25806451612903225,0.25806451612903225,8.37,-0.1285,10
"month","2021-03","loto",31,57,"57",8,8,0.25806451612903225,0.25806451612903225,8.37,-0.1285,10
"month","2021-03","loto",31,58,"58",8,7,0.22580645161290322,0.25806451612903225,8.37,-0.1285,10
"month","2021-03","loto",31,64,"64",8,7,0.22580645161290322,0.25806451612903225,8.37,-0.1285,10
"month","2021-03","loto",31,76,"76",8,8,0.25806451612903225,0.25806451612903225,8.37,-0.1285,10
"month","2021-03","loto",31,94,"94",8,7,0.22580645161290322,0.25806451612903225,8.37,-0.1285,10
"month","2021-03","loto",31,97,"97",8,7,0.22580645161290322,0.25806451612903225,8.37,-0.1285,10
"month","2021-03","loto",31,98,"98",8,7,0.22580645161290322,0.25806451612903225,8.37,-0.1285,10
"month","2021-03","loto",31,99,"99",8,6,0.1935483870967742,0.25806451612903225,8.37,-0.1285,10
"month","2021-03","loto",31,20,"20",7,7,0.22580645161290322,0.22580645161290322,8.37,-0.4759,11
"month","2021-03","loto",31,24,"24",7,6,0.1935483870967742,0.22580645161290322,8.37,-0.4759,11
"month","2021-03","loto",31,27,"27",7,7,0.22580645161290322,0.22580645161290322,8.37,-0.4759,11
"month","2021-03","loto",31,32,"32",7,7,0.22580645161290322,0.22580645161290322,8.37,-0.4759,11
"month","2021-03","loto",31,34,"34",7,7,0.22580645161290322,0.22580645161290322,8.37,-0.4759,11
"month","2021-03","loto",31,49,"49",7,7,0.22580645161290322,0.22580645161290322,8.37,-0.4759,11
"month","2021-03","loto",31,50,"50",7,7,0.22580645161290322,0.22580645161290322,8.37,-0.4759,11
"month","2021-03","loto",31,72,"72",7,6,0.1935483870967742,0.22580645161290322,8.37,-0.4759,11
"month","2021-03","loto",31,74,"74",7,7,0.22580645161290322,0.22580645161290322,8.37,-0.4759,11
"month","2021-03","loto",31,79,"79",7,6,0.1935483870967742,0.22580645161290322,8.37,-0.4759,11
"month","2021-03","loto",31,80,"80",7,5,0.16129032258064516,0.22580645161290322,8.37,-0.4759,11
"month","2021-03","loto",31,81,"81",7,5,0.16129032258064516,0.22580645161290322,8.37,-0.4759,11
"month","2021-03","loto",31,83,"83",7,7,0.22580645161290322,0.22580645161290322,8.37,-0.4759,11
"month","2021-03","loto",31,85,"85",7,7,0.22580645161290322,0.22580645161290322,8.37,-0.4759,11
"month","2021-03","loto",31,92,"92",7,6,0.1935483870967742,0.22580645161290322,8.37,-0.4759,11
"month","2021-03","loto",31,95,"95",7,6,0.1935483870967742,0.22580645161290322,8.37,-0.4759,11
"month","2021-03","loto",31,0,"00",6,6,0.1935483870967742,0.1935483870967742,8.37,-0.8233,12
"month","2021-03","loto",31,12,"12",6,6,0.1935483870967742,0.1935483870967742,8.37,-0.8233,12
"month","2021-03","loto",31,15,"15",6,6,0.1935483870967742,0.1935483870967742,8.37,-0.8233,12
"month","2021-03","loto",31,53,"53",6,5,0.16129032258064516,0.1935483870967742,8.37,-0.8233,12
"month","2021-03","loto",31,61,"61",6,6,0.1935483870967742,0.1935483870967742,8.37,-0.8233,12
"month","2021-03","loto",31,86,"86",6,6,0.1935483870967742,0.1935483870967742,8.37,-0.8233,12
"month","2021-03","loto",31,87,"87",6,4,0.12903225806451613,0.1935483870967742,8.37,-0.8233,12
"month","2021-03","loto",31,91,"91",6,6,0.1935483870967742,0.1935483870967742,8.37,-0.8233,12
"month","2021-03","loto",31,1,"01",5,5,0.16129032258064516,0.16129032258064516,8.37,-1.1707,13
"month","2021-03","loto",31,4,"04",5,5,0.16129032258064516,0.16129032258064516,8.37,-1.1707,13
"month","2021-03","loto",31,7,"07",5,5,0.16129032258064516,0.16129032258064516,8.37,-1.1707,13
"month","2021-03","loto",31,28,"28",5,5,0.16129032258064516,0.16129032258064516,8.37,-1.1707,13
"month","2021-03","loto",31,47,"47",5,5,0.16129032258064516,0.16129032258064516,8.37,-1.1707,13
"month","2021-03","loto",31,48,"48",5,3,0.0967741935483871,0.16129032258064516,8.37,-1.1707,13
"month","2021-03","loto",31,82,"82",5,4,0.12903225806451613,0.16129032258064516,8.37,-1.1707,13
"month","2021-03","loto",31,19,"19",4,4,0.12903225806451613,0.12903225806451613,8.37,-1.5181,14
"month","2021-03","loto",31,21,"21",4,4,0.12903225806451613,0.12903225806451613,8.37,-1.5181,14
"month","2021-03","loto",31,35,"35",4,4,0.12903225806451613,0.12903225806451613,8.37,-1.5181,14
"month","2021-03","loto",31,65,"65",4,4,0.12903225806451613,0.12903225806451613,8.37,-1.5181,14
"month","2021-03","loto",31,73,"73",4,4,0.12903225806451613,0.12903225806451613,8.37,-1.5181,14
"month","2021-03","loto",31,96,"96",4,4,0.12903225806451613,0.12903225806451613,8.37,-1.5181,14
"month","2021-03","loto",31,30,"30",3,3,0.0967741935483871,0.0967741935483871,8.37,-1.8655,15
"month","2021-03","loto",31,23,"23",2,2,0.06451612903225806,0.06451612903225806,8.37,-2.2129,16
"month","2021-04","loto",30,36,"36",14,12,0.4,0.4666666666666667,8.1,2.0835,1
"month","2021-04","loto",30,37,"37",14,10,0.3333333333333333,0.4666666666666667,8.1,2.0835,1
"month","2021-04","loto",30,52,"52",14,12,0.4,0.4666666666666667,8.1,2.0835,1
"month","2021-04","loto",30,16,"16",13,9,0.3,0.43333333333333335,8.1,1.7304,2
"month","2021-04","loto",30,82,"82",13,12,0.4,0.43333333333333335,8.1,1.7304,2
"month","2021-04","loto",30,11,"11",12,12,0.4,0.4,8.1,1.3772,3
"month","2021-04","loto",30,29,"29",12,8,0.26666666666666666,0.4,8.1,1.3772,3
"month","2021-04","loto",30,67,"67",12,11,0.36666666666666664,0.4,8.1,1.3772,3
"month","2021-04","loto",30,10,"10",11,8,0.26666666666666666,0.36666666666666664,8.1,1.0241,4
"month","2021-04","loto",30,21,"21",11,9,0.3,0.36666666666666664,8.1,1.0241,4
"month","2021-04","loto",30,48,"48",11,9,0.3,0.36666666666666664,8.1,1.0241,4
"month","2021-04","loto",30,51,"51",11,11,0.36666666666666664,0.36666666666666664,8.1,1.0241,4
"month","2021-04","loto",30,56,"56",11,10,0.3333333333333333,0.36666666666666664,8.1,1.0241,4
"month","2021-04","loto",30,80,"80",11,7,0.23333333333333334,0.36666666666666664,8.1,1.0241,4
"month","2021-04","loto",30,84,"84",11,10,0.3333333333333333,0.36666666666666664,8.1,1.0241,4
"month","2021-04","loto",30,86,"86",11,10,0.3333333333333333,0.36666666666666664,8.1,1.0241,4
"month","2021-04","loto",30,88,"88",11,10,0.3333333333333333,0.36666666666666664,8.1,1.0241,4
"month","2021-04","loto",30,99,"99",11,10,0.3333333333333333,0.36666666666666664,8.1,1.0241,4
"month","2021-04","loto",30,0,"00",10,10,0.3333333333333333,0.3333333333333333,8.1,0.671,5
"month","2021-04","loto",30,6,"06",10,8,0.26666666666666666,0.3333333333333333,8.1,0.671,5
"month","2021-04","loto",30,13,"13",10,10,0.3333333333333333,0.3333333333333333,8.1,0.671,5
"month","2021-04","loto",30,15,"15",10,9,0.3,0.3333333333333333,8.1,0.671,5
"month","2021-04","loto",30,42,"42",10,9,0.3,0.3333333333333333,8.1,0.671,5
"month","2021-04","loto",30,46,"46",10,9,0.3,0.3333333333333333,8.1,0.671,5
"month","2021-04","loto",30,53,"53",10,8,0.26666666666666666,0.3333333333333333,8.1,0.671,5
"month","2021-04","loto",30,77,"77",10,8,0.26666666666666666,0.3333333333333333,8.1,0.671,5
"month","2021-04","loto",30,95,"95",10,10,0.3333333333333333,0.3333333333333333,8.1,0.671,5
"month","2021-04","loto",30,98,"98",10,9,0.3,0.3333333333333333,8.1,0.671,5
"month","2021-04","loto",30,1,"01",9,6,0.2,0.3,8.1,0.3178,6
"month","2021-04","loto",30,7,"07",9,7,0.23333333333333334,0.3,8.1,0.3178,6
"month","2021-04","loto",30,8,"08",9,7,0.23333333333333334,0.3,8.1,0.3178,6
"month","2021-04","loto",30,19,"19",9,9,0.3,0.3,8.1,0.3178,6
"month","2021-04","loto",30,23,"23",9,9,0.3,0.3,8.1,0.3178,6
"month","2021-04","loto",30,32,"32",9,8,0.26666666666666666,0.3,8.1,0.3178,6
"month","2021-04","loto",30,33,"33",9,9,0.3,0.3,8.1,0.3178,6
"month","2021-04","loto",30,44,"44",9,6,0.2,0.3,8.1,0.3178,6
"month","2021-04","loto",30,60,"60",9,8,0.26666666666666666,0.3,8.1,0.3178,6
"month","2021-04","loto",30,71,"71",9,8,0.26666666666666666,0.3,8.1,0.3178,6
"month","2021-04","loto",30,81,"81",9,9,0.3,0.3,8.1,0.3178,6
"month","2021-04","loto",30,91,"91",9,7,0.23333333333333334,0.3,8.1,0.3178,6
"month","2021-04","loto",30,96,"96",9,9,0.3,0.3,8.1,0.3178,6
"month","2021-04","loto",30,4,"04",8,8,0.26666666666666666,0.26666666666666666,8.1,-0.0353,7
"month","2021-04","loto",30,5,"05",8,7,0.23333333333333334,0.26666666666666666,8.1,-0.0353,7
"month","2021-04","loto",30,25,"25",8,8,0.26666666666666666,0.26666666666666666,8.1,-0.0353,7
"month","2021-04","loto",30,35,"35",8,8,0.26666666666666666,0.26666666666666666,8.1,-0.0353,7
"month","2021-04","loto",30,38,"38",8,7,0.23333333333333334,0.26666666666666666,8.1,-0.0353,7
"month","2021-04","loto",30,41,"41",8,5,0.16666666666666666,0.26666666666666666,8.1,-0.0353,7
"month","2021-04","loto",30,45,"45",8,6,0.2,0.26666666666666666,8.1,-0.0353,7
"month","2021-04","loto",30,47,"47",8,8,0.26666666666666666,0.26666666666666666,8.1,-0.0353,7
"month","2021-04","loto",30,49,"49",8,8,0.26666666666666666,0.26666666666666666,8.1,-0.0353,7
"month","2021-04","loto",30,59,"59",8,7,0.23333333333333334,0.26666666666666666,8.1,-0.0353,7
"month","2021-04","loto",30,62,"62",8,8,0.26666666666666666,0.26666666666666666,8.1,-0.0353,7
"month","2021-04","loto",30,68,"68",8,6,0.2,0.26666666666666666,8.1,-0.0353,7
"month","2021-04","loto",30,75,"75",8,7,0.23333333333333334,0.26666666666666666,8.1,-0.0353,7
"month","2021-04","loto",30,83,"83",8,8,0.26666666666666666,0.26666666666666666,8.1,-0.0353,7
"month","2021-04","loto",30,97,"97",8,8,0.26666666666666666,0.26666666666666666,8.1,-0.0353,7
"month","2021-04","loto",30,2,"02",7,7,0.23333333333333334,0.23333333333333334,8.1,-0.3884,8
"month","2021-04","loto",30,3,"03",7,7,0.23333333333333334,0.23333333333333334,8.1,-0.3884,8
"month","2021-04","loto",30,12,"12",7,6,0.2,0.23333333333333334,8.1,-0.3884,8
"month","2021-04","loto",30,14,"14",7,7,0.23333333333333334,0.23333333333333334,8.1,-0.3884,8
"month","2021-04","loto",30,17,"17",7,7,0.23333333333333334,0.23333333333333334,8.1,-0.3884,8
"month","2021-04","loto",30,18,"18",7,6,0.2,0.23333333333333334,8.1,-0.3884,8
"month","2021-04","loto",30,22,"22",7,6,0.2,0.23333333333333334,8.1,-0.3884,8
"month","2021-04","loto",30,27,"27",7,6,0.2,0.23333333333333334,8.1,-0.3884,8
"month","2021-04","loto",30,39,"39",7,7,0.23333333333333334,0.23333333333333334,8.1,-0.3884,8
"month","2021-04","loto",30,43,"43",7,6,0.2,0.23333333333333334,8.1,-0.3884,8
"month","2021-04","loto",30,54,"54",7,7,0.23333333333333334,0.23333333333333334,8.1,-0.3884,8
"month","2021-04","loto",30,58,"58",7,7,0.23333333333333334,0.23333333333333334,8.1,-0.3884,8
"month","2021-04","loto",30,65,"65",7,7,0.23333333333333334,0.23333333333333334,8.1,-0.3884,8
"month","2021-04","loto",30,66,"66",7,7,0.23333333333333334,0.23333333333333334,8.1,-0.3884,8
"month","2021-04","loto",30,73,"73",7,6,0.2,0.23333333333333334,8.1,-0.3884,8
"month","2021-04","loto",30,74,"74",7,6,0.2,0.23333333333333334,8.1,-0.3884,8
"month","2021-04","loto",30,76,"76",7,7,0.23333333333333334,0.23333333333333334,8.1,-0.3884,8
"month","2021-04","loto",30,78,"78",7,6,0.2,0.23333333333333334,8.1,-0.3884,8
"month","2021-04","loto",30,79,"79",7,6,0.2,0.23333333333333334,8.1,-0.3884,8
"month","2021-04","loto",30,89,"89",7,7,0.23333333333333334,0.23333333333333334,8.1,-0.3884,8
"month","2021-04","loto",30,90,"90",7,7,0.23333333333333334,0.23333333333333334,8.1,-0.3884,8
"month","2021-04","loto",30,20,"20",6,5,0.16666666666666666,0.2,8.1,-0.7416,9
"month","2021-04","loto",30,26,"26",6,5,0.16666666666666666,0.2,8.1,-0.7416,9
"month","2021-04","loto",30,28,"28",6,6,0.2,0.2,8.1,-0.7416,9
"month","2021-04","loto",30,30,"30",6,5,0.16666666666666666,0.2,8.1,-0.7416,9
"month","2021-04","loto",30,64,"64",6,6,0.2,0.2,8.1,-0.7416,9
"month","2021-04","loto",30,70,"70",6,4,0.13333333333333333,0.2,8.1,-0.7416,9
"month","2021-04","loto",30,92,"92",6,6,0.2,0.2,8.1,-0.7416,9
"month","2021-04","loto",30,93,"93",6,5,0.16666666666666666,0.2,8.1,-0.7416,9
"month","2021-04","loto",30,9,"09",5,5,0.16666666666666666,0.16666666666666666,8.1,-1.0947,10
"month","2021-04","loto",30,34,"34",5,5,0.16666666666666666,0.16666666666666666,8.1,-1.0947,10
"month","2021-04","loto",30,40,"40",5,4,0.13333333333333333,0.16666666666666666,8.1,-1.0947,10
"month","2021-04","loto",30,50,"50",5,5,0.16666666666666666,0.16666666666666666,8.1,-1.0947,10
"month","2021-04","loto",30,55,"55",5,5,0.16666666666666666,0.16666666666666666,8.1,-1.0947,10
"month","2021-04","loto",30,61,"61",5,4,0.13333333333333333,0.16666666666666666,8.1,-1.0947,10
"month","2021-04","loto",30,63,"63",5,5,0.16666666666666666,0.16666666666666666,8.1,-1.0947,10
"month","2021-04","loto",30,72,"72",5,5,0.16666666666666666,0.16666666666666666,8.1,-1.0947,10
"month","2021-04","loto",30,87,"87",5,5,0.16666666666666666,0.16666666666666666,8.1,-1.0947,10
"month","2021-04","loto",30,94,"94",5,5,0.16666666666666666,0.16666666666666666,8.1,-1.0947,10
"month","2021-04","loto",30,57,"57",4,4,0.13333333333333333,0.13333333333333333,8.1,-1.4479,11
"month","2021-04","loto",30,69,"69",4,4,0.13333333333333333,0.13333333333333333,8.1,-1.4479,11
"month","2021-04","loto",30,24,"24",3,3,0.1,0.1,8.1,-1.801,12
"month","2021-04","loto",30,31,"31",3,3,0.1,0.1,8.1,-1.801,12
"month","2021-04","loto",30,85,"85",0,0,0.0,0.0,8.1,-2.8604,13
"month","2021-05","loto",31,13,"13",16,11,0.3548387096774194,0.5161290322580645,8.37,2.6506,1
"month","2021-05","loto",31,10,"10",13,11,0.3548387096774194,0.41935483870967744,8.37,1.6084,2
"month","2021-05","loto",31,29,"29",13,13,0.41935483870967744,0.41935483870967744,8.37,1.6084,2
"month","2021-05","loto",31,41,"41",13,11,0.3548387096774194,0.41935483870967744,8.37,1.6084,2
"month","2021-05","loto",31,31,"31",12,11,0.3548387096774194,0.3870967741935484,8.37,1.261,3
"month","2021-05","loto",31,33,"33",12,10,0.3225806451612903,0.3870967741935484,8.37,1.261,3
"month","2021-05","loto",31,47,"47",12,11,0.3548387096774194,0.3870967741935484,8.37,1.261,3
"month","2021-05","loto",31,66,"66",12,10,0.3225806451612903,0.3870967741935484,8.37,1.261,3
"month","2021-05","loto",31,67,"67",12,11,0.3548387096774194,0.3870967741935484,8.37,1.261,3
"month","2021-05","loto",31,79,"79",12,10,0.3225806451612903,0.3870967741935484,8.37,1.261,3
"month","2021-05","loto",31,87,"87",12,10,0.3225806451612903,0.3870967741935484,8.37,1.261,3
"month","2021-05","loto",31,2,"02",11,9,0.2903225806451613,0.3548387096774194,8.37,0.9136,4
"month","2021-05","loto",31,20,"20",11,8,0.25806451612903225,0.3548387096774194,8.37,0.9136,4
"month","2021-05","loto",31,28,"28",11,8,0.25806451612903225,0.3548387096774194,8.37,0.9136,4
"month","2021-05","loto",31,40,"40",11,10,0.3225806451612903,0.3548387096774194,8.37,0.9136,4
"month","2021-05","loto",31,44,"44",11,9,0.2903225806451613,0.3548387096774194,8.37,0.9136,4
"month","2021-05","loto",31,45,"45",11,9,0.2903225806451613,0.3548387096774194,8.37,0.9136,4
"month","2021-05","loto",31,49,"49",11,10,0.3225806451612903,0.3548387096774194,8.37,0.9136,4
"month","2021-05","loto",31,50,"50",11,9,0.2903225806451613,0.3548387096774194,8.37,0.9136,4
"month","2021-05","loto",31,72,"72",11,8,0.25806451612903225,0.3548387096774194,8.37,0.9136,4
"month","2021-05","loto",31,75,"75",11,9,0.2903225806451613,0.3548387096774194,8.37,0.9136,4
"month","2021-05","loto",31,80,"80",11,9,0.2903225806451613,0.3548387096774194,8.37,0.9136,4
"month","2021-05","loto",31,82,"82",11,11,0.3548387096774194,0.3548387096774194,8.37,0.9136,4
"month","2021-05","loto",31,88,"88",11,10,0.3225806451612903,0.3548387096774194,8.37,0.9136,4
"month","2021-05","loto",31,93,"93",11,9,0.2903225806451613,0.3548387096774194,8.37,0.9136,4
"month","2021-05","loto",31,4,"04",10,9,0.2903225806451613,0.3225806451612903,8.37,0.5662,5
"month","2021-05","loto",31,36,"36",10,9,0.2903225806451613,0.3225806451612903,8.37,0.5662,5
"month","2021-05","loto",31,59,"59",10,9,0.2903225806451613,0.3225806451612903,8.37,0.5662,5
"month","2021-05","loto",31,65,"65",10,9,0.2903225806451613,0.3225806451612903,8.37,0.5662,5
"month","2021-05","loto",31,69,"69",10,8,0.25806451612903225,0.3225806451612903,8.37,0.5662,5
"month","2021-05","loto",31,83,"83",10,8,0.25806451612903225,0.3225806451612903,8.37,0.5662,5
"month","2021-05","loto",31,86,"86",10,9,0.2903225806451613,0.3225806451612903,8.37,0.5662,5
"month","2021-05","loto",31,89,"89",10,8,0.25806451612903225,0.3225806451612903,8.37,0.5662,5
"month","2021-05","loto",31,17,"17",9,8,0.25806451612903225,0.2903225806451613,8.37,0.2189,6
"month","2021-05","loto",31,46,"46",9,8,0.25806451612903225,0.2903225806451613,8.37,0.2189,6
"month","2021-05","loto",31,51,"51",9,8,0.25806451612903225,0.2903225806451613,8.37,0.2189,6
"month","2021-05","loto",31,53,"53",9,8,0.25806451612903225,0.2903225806451613,8.37,0.2189,6
"month","2021-05","loto",31,74,"74",9,9,0.2903225806451613,0.2903225806451613,8.37,0.2189,6
"month","2021-05","loto",31,76,"76",9,8,0.25806451612903225,0.2903225806451613,8.37,0.2189,6
"month","2021-05","loto",31,98,"98",9,8,0.25806451612903225,0.2903225806451613,8.37,0.2189,6
"month","2021-05","loto",31,99,"99",9,9,0.2903225806451613,0.2903225806451613,8.37,0.2189,6
"month","2021-05","loto",31,7,"07",8,7,0.22580645161290322,0.25806451612903225,8.37,-0.1285,7
"month","2021-05","loto",31,8,"08",8,8,0.25806451612903225,0.25806451612903225,8.37,-0.1285,7
"month","2021-05","loto",31,11,"11",8,7,0.22580645161290322,0.25806451612903225,8.37,-0.1285,7
"month","2021-05","loto",31,12,"12",8,7,0.22580645161290322,0.25806451612903225,8.37,-0.1285,7
"month","2021-05","loto",31,14,"14",8,7,0.22580645161290322,0.25806451612903225,8.37,-0.1285,7
"month","2021-05","loto",31,15,"15",8,8,0.25806451612903225,0.25806451612903225,8.37,-0.1285,7
"month","2021-05","loto",31,21,"21",8,8,0.25806451612903225,0.25806451612903225,8.37,-0.1285,7
"month","2021-05","loto",31,37,"37",8,8,0.25806451612903225,0.25806451612903225,8.37,-0.1285,7
"month","2021-05","loto",31,56,"56",8,8,0.25806451612903225,0.25806451612903225,8.37,-0.1285,7
"month","2021-05","loto",31,57,"57",8,6,0.1935483870967742,0.25806451612903225,8.37,-0.1285,7
"month","2021-05","loto",31,64,"64",8,8,0.25806451612903225,0.25806451612903225,8.37,-0.1285,7
"month","2021-05","loto",31,71,"71",8,8,0.25806451612903225,0.25806451612903225,8.37,-0.1285,7
"month","2021-05","loto",31,78,"78",8,6,0.1935483870967742,0.25806451612903225,8.37,-0.1285,7
"month","2021-05","loto",31,81,"81",8,8,0.25806451612903225,0.25806451612903225,8.37,-0.1285,7
"month","2021-05","loto",31,85,"85",8,6,0.1935483870967742,0.25806451612903225,8.37,-0.1285,7
"month","2021-05","loto",31,95,"95",8,7,0.22580645161290322,0.25806451612903225,8.37,-0.1285,7
"month","2021-05","loto",31,96,"96",8,7,0.22580645161290322,0.25806451612903225,8.37,-0.1285,7
"month","2021-05","loto",31,0,"00",7,7,0.22580645161290322,0.22580645161290322,8.37,-0.4759,8
"month","2021-05","loto",31,6,"06",7,7,0.22580645161290322,0.22580645161290322,8.37,-0.4759,8
"month","2021-05","loto",31,9,"09",7,6,0.1935483870967742,0.22580645161290322,8.37,-0.4759,8
"month","2021-05","loto",31,16,"16",7,6,0.1935483870967742,0.22580645161290322,8.37,-0.4759,8
"month","2021-05","loto",31,26,"26",7,6,0.1935483870967742,0.22580645161290322,8.37,-0.4759,8
"month","2021-05","loto",31,27,"27",7,5,0.16129032258064516,0.22580645161290322,8.37,-0.4759,8
"month","2021-05","loto",31,39,"39",7,6,0.1935483870967742,0.22580645161290322,8.37,-0.4759,8
"month","2021-05","loto",31,52,"52",7,7,0.22580645161290322,0.22580645161290322,8.37,-0.4759,8
"month","2021-05","loto",31,55,"55",7,7,0.22580645161290322,0.22580645161290322,8.37,-0.4759,8
"month","2021-05","loto",31,60,"60",7,6,0.1935483870967742,0.22580645161290322,8.37,-0.4759,8
"month","2021-05","loto",31,61,"61",7,7,0.22580645161290322,0.22580645161290322,8.37,-0.4759,8
"month","2021-05","loto",31,63,"63",7,7,0.22580645161290322,0.22580645161290322,8.37,-0.4759,8
"month","2021-05","loto",31,68,"68",7,7,0.22580645161290322,0.22580645161290322,8.37,-0.4759,8
"month","2021-05","loto",31,73,"73",7,5,0.16129032258064516,0.22580645161290322,8.37,-0.4759,8
"month","2021-05","loto",31,90,"90",7,6,0.1935483870967742,0.22580645161290322,8.37,-0.4759,8
"month","2021-05","loto",31,92,"92",7,7,0.22580645161290322,0.22580645161290322,8.37,-0.4759,8
"month","2021-05","loto",31,97,"97",7,6,0.1935483870967742,0.22580645161290322,8.37,-0.4759,8
"month","2021-05","loto",31,3,"03",6,6,0.1935483870967742,0.1935483870967742,8.37,-0.8233,9
"month","2021-05","loto",31,5,"05",6,6,0.1935483870967742,0.1935483870967742,8.37,-0.8233,9
"month","2021-05","loto",31,18,"18",6,6,0.1935483870967742,0.1935483870967742,8.37,-0.8233,9
"month","2021-05","loto",31,19,"19",6,6,0.1935483870967742,0.1935483870967742,8.37,-0.8233,9
"month","2021-05","loto",31,22,"22",6,6,0.1935483870967742,0.1935483870967742,8.37,-0.8233,9
"month","2021-05","loto",31,32,"32",6,6,0.1935483870967742,0.1935483870967742,8.37,-0.8233,9
"month","2021-05","loto",31,35,"35",6,5,0.16129032258064516,0.1935483870967742,8.37,-0.8233,9
"month","2021-05","loto",31,38,"38",6,6,0.1935483870967742,0.1935483870967742,8.37,-0.8233,9
"month","2021-05","loto",31,42,"42",6,4,0.12903225806451613,0.1935483870967742,8.37,-0.8233,9
"month","2021-05","loto",31,43,"43",6,6,0.1935483870967742,0.1935483870967742,8.37,-0.8233,9
"month","2021-05","loto",31,54,"54",6,5,0.16129032258064516,0.1935483870967742,8.37,-0.8233,9
"month","2021-05","loto",31,58,"58",6,6,0.1935483870967742,0.1935483870967742,8.37,-0.8233,9
"month","2021-05","loto",31,77,"77",6,5,0.16129032258064516,0.1935483870967742,8.37,-0.8233,9
"month","2021-05","loto",31,84,"84",6,5,0.16129032258064516,0.1935483870967742,8.37,-0.8233,9
"month","2021-05","loto",31,91,"91",6,4,0.12903225806451613,0.1935483870967742,8.37,-0.8233,9
"month","2021-05","loto",31,94,"94",6,6,0.1935483870967742,0.1935483870967742,8.37,-0.8233,9
"month","2021-05","loto",31,1,"01",5,5,0.16129032258064516,0.16129032258064516,8.37,-1.1707,10
"month","2021-05","loto",31,23,"23",5,4,0.12903225806451613,0.16129032258064516,8.37,-1.1707,10
"month","2021-05","loto",31,25,"25",5,5,0.16129032258064516,0.16129032258064516,8.37,-1.1707,10
"month","2021-05","loto",31,34,"34",5,5,0.16129032258064516,0.16129032258064516,8.37,-1.1707,10
"month","2021-05","loto",31,48,"48",5,5,0.16129032258064516,0.16129032258064516,8.37,-1.1707,10
"month","2021-05","loto",31,62,"62",5,5,0.16129032258064516,0.16129032258064516,8.37,-1.1707,10
"month","2021-05","loto",31,70,"70",5,5,0.16129032258064516,0.16129032258064516,8.37,-1.1707,10
"month","2021-05","loto",31,24,"24",4,3,0.0967741935483871,0.12903225806451613,8.37,-1.5181,11
"month","2021-05","loto",31,30,"30",2,2,0.06451612903225806,0.06451612903225806,8.37,-2.2129,12
"month","2021-06","loto",30,22,"22",14,10,0.3333333333333333,0.4666666666666667,8.1,2.0835,1
"month","2021-06","loto",30,63,"63",14,11,0.36666666666666664,0.4666666666666667,8.1,2.0835,1
"month","2021-06","loto",30,39,"39",13,11,0.36666666666666664,0.43333333333333335,8.1,1.7304,2
"month","2021-06","loto",30,41,"41",13,11,0.36666666666666664,0.43333333333333335,8.1,1.7304,2
"month","2021-06","loto",30,3,"03",12,10,0.3333333333333333,0.4,8.1,1.3772,3
"month","2021-06","loto",30,35,"35",12,9,0.3,0.4,8.1,1.3772,3
"month","2021-06","loto",30,43,"43",12,11,0.36666666666666664,0.4,8.1,1.3772,3
"month","2021-06","loto",30,48,"48",12,12,0.4,0.4,8.1,1.3772,3
"month","2021-06","loto",30,49,"49",12,8,0.26666666666666666,0.4,8.1,1.3772,3
"month","2021-06","loto",30,60,"60",12,12,0.4,0.4,8.1,1.3772,3
"month","2021-06","loto",30,82,"82",12,12,0.4,0.4,8.1,1.3772,3
"month","2021-06","loto",30,2,"02",11,10,0.3333333333333333,0.36666666666666664,8.1,1.0241,4
"month","2021-06","loto",30,10,"10",11,9,0.3,0.36666666666666664,8.1,1.0241,4
"month","2021-06","loto",30,17,"17",11,8,0.26666666666666666,0.36666666666666664,8.1,1.0241,4
"month","2021-06","loto",30,25,"25",11,9,0.3,0.36666666666666664,8.1,1.0241,4
"month","2021-06","loto",30,45,"45",11,10,0.3333333333333333,0.36666666666666664,8.1,1.0241,4
"month","2021-06","loto",30,84,"84",11,9,0.3,0.36666666666666664,8.1,1.0241,4
"month","2021-06","loto",30,98,"98",11,10,0.3333333333333333,0.36666666666666664,8.1,1.0241,4
"month","2021-06","loto",30,99,"99",11,9,0.3,0.36666666666666664,8.1,1.0241,4
"month","2021-06","loto",30,15,"15",10,9,0.3,0.3333333333333333,8.1,0.671,5
"month","2021-06","loto",30,18,"18",10,9,0.3,0.3333333333333333,8.1,0.671,5
"month","2021-06","loto",30,19,"19",10,8,0.26666666666666666,0.3333333333333333,8.1,0.671,5
"month","2021-06","loto",30,21,"21",10,8,0.26666666666666666,0.3333333333333333,8.1,0.671,5
"month","2021-06","loto",30,50,"50",10,9,0.3,0.3333333333333333,8.1,0.671,5
"month","2021-06","loto",30,52,"52",10,9,0.3,0.3333333333333333,8.1,0.671,5
"month","2021-06","loto",30,67,"67",10,10,0.3333333333333333,0.3333333333333333,8.1,0.671,5
"month","2021-06","loto",30,80,"80",10,9,0.3,0.3333333333333333,8.1,0.671,5
"month","2021-06","loto",30,96,"96",10,9,0.3,0.3333333333333333,8.1,0.671,5
"month","2021-06","loto",30,1,"01",9,8,0.26666666666666666,0.3,8.1,0.3178,6
"month","2021-06","loto",30,5,"05",9,9,0.3,0.3,8.1,0.3178,6
"month","2021-06","loto",30,7,"07",9,6,0.2,0.3,8.1,0.3178,6
"month","2021-06","loto",30,8,"08",9,7,0.23333333333333334,0.3,8.1,0.3178,6
"month","2021-06","loto",30,16,"16",9,8,0.26666666666666666,0.3,8.1,0.3178,6
"month","2021-06","loto",30,23,"23",9,9,0.3,0.3,8.1,0.3178,6
"month","2021-06","loto",30,24,"24",9,8,0.26666666666666666,0.3,8.1,0.3178,6
"month","2021-06","loto",30,30,"30",9,8,0.26666666666666666,0.3,8.1,0.3178,6
"month","2021-06","loto",30,36,"36",9,9,0.3,0.3,8.1,0.3178,6
"month","2021-06","loto",30,54,"54",9,9,0.3,0.3,8.1,0.3178,6
"month","2021-06","loto",30,59,"59",9,9,0.3,0.3,8.1,0.3178,6
"month","2021-06","loto",30,64,"64",9,9,0.3,0.3,8.1,0.3178,6
"month","2021-06","loto",30,66,"66",9,8,0.26666666666666666,0.3,8.1,0.3178,6
"month","2021-06","loto",30,75,"75",9,7,0.23333333333333334,0.3,8.1,0.3178,6
"month","2021-06","loto",30,77,"77",9,9,0.3,0.3,8.1,0.3178,6
"month","2021-06","loto",30,78,"78",9,8,0.26666666666666666,0.3,8.1,0.3178,6
"month","2021-06","loto",30,4,"04",8,8,0.26666666666666666,0.26666666666666666,8.1,-0.0353,7
"month","2021-06","loto",30,9,"09",8,7,0.23333333333333334,0.26666666666666666,8.1,-0.0353,7
"month","2021-06","loto",30,11,"11",8,7,0.23333333333333334,0.26666666666666666,8.1,-0.0353,7
"month","2021-06","loto",30,12,"12",8,6,0.2,0.26666666666666666,8.1,-0.0353,7
"month","2021-06","loto",30,31,"31",8,6,0.2,0.26666666666666666,8.1,-0.0353,7
"month","2021-06","loto",30,32,"32",8,8,0.26666666666666666,0.26666666666666666,8.1,-0.0353,7
"month","2021-06","loto",30,37,"37",8,8,0.26666666666666666,0.26666666666666666,8.1,-0.0353,7
"month","2021-06","loto",30,46,"46",8,7,0.23333333333333334,0.26666666666666666,8.1,-0.0353,7
"month","2021-06","loto",30,47,"47",8,6,0.2,0.26666666666666666,8.1,-0.0353,7
"month","2021-06","loto",30,55,"55",8,8,0.26666666666666666,0.26666666666666666,8.1,-0.0353,7
"month","2021-06","loto",30,65,"65",8,8,0.26666666666666666,0.26666666666666666,8.1,-0.0353,7
"month","2021-06","loto",30,68,"68",8,8,0.26666666666666666,0.26666666666666666,8.1,-0.0353,7
"month","2021-06","loto",30,79,"79",8,8,0.26666666666666666,0.26666666666666666,8.1,-0.0353,7
"month","2021-06","loto",30,89,"89",8,6,0.2,0.26666666666666666,8.1,-0.0353,7
"month","2021-06","loto",30,90,"90",8,7,0.23333333333333334,0.26666666666666666,8.1,-0.0353,7
"month","2021-06","loto",30,94,"94",8,7,0.23333333333333334,0.26666666666666666,8.1,-0.0353,7
"month","2021-06","loto",30,6,"06",7,7,0.23333333333333334,0.23333333333333334,8.1,-0.3884,8
"month","2021-06","loto",30,14,"14",7,5,0.16666666666666666,0.23333333333333334,8.1,-0.3884,8
"month","2021-06","loto",30,20,"20",7,6,0.2,0.23333333333333334,8.1,-0.3884,8
"month","2021-06","loto",30,26,"26",7,7,0.23333333333333334,0.23333333333333334,8.1,-0.3884,8
"month","2021-06","loto",30,29,"29",7,6,0.2,0.23333333333333334,8.1,-0.3884,8
"month","2021-06","loto",30,33,"33",7,7,0.23333333333333334,0.23333333333333334,8.1,-0.3884,8
"month","2021-06","loto",30,42,"42",7,6,0.2,0.23333333333333334,8.1,-0.3884,8
"month","2021-06","loto",30,44,"44",7,6,0.2,0.23333333333333334,8.1,-0.3884,8
"month","2021-06","loto",30,61,"61",7,7,0.23333333333333334,0.23333333333333334,8.1,-0.3884,8
"month","2021-06","loto",30,70,"70",7,7,0.23333333333333334,0.23333333333333334,8.1,-0.3884,8
"month","2021-06","loto",30,72,"72",7,5,0.16666666666666666,0.23333333333333334,8.1,-0.3884,8
"month","2021-06","loto",30,74,"74",7,7,0.23333333333333334,0.23333333333333334,8.1,-0.3884,8
"month","2021-06","loto",30,83,"83",7,7,0.23333333333333334,0.23333333333333334,8.1,-0.3884,8
"month","2021-06","loto",30,85,"85",7,6,0.2,0.23333333333333334,8.1,-0.3884,8
"month","2021-06","loto",30,0,"00",6,6,0.2,0.2,8.1,-0.7416,9
"month","2021-06","loto",30,56,"56",6,6,0.2,0.2,8.1,-0.7416,9
"month","2021-06","loto",30,58,"58",6,5,0.16666666666666666,0.2,8.1,-0.7416,9
"month","2021-06","loto",30,71,"71",6,6,0.2,0.2,8.1,-0.7416,9
"month","2021-06","loto",30,76,"76",6,6,0.2,0.2,8.1,-0.7416,9
"month","2021-06","loto",30,81,"81",6,6,0.2,0.2,8.1,-0.7416,9
"month","2021-06","loto",30,87,"87",6,5,0.16666666666666666,0.2,8.1,-0.7416,9
"month","2021-06","loto",30,92,"92",6,6,0.2,0.2,8.1,-0.7416,9
"month","2021-06","loto",30,93,"93",6,6,0.2,0.2,8.1,-0.7416,9
"month","2021-06","loto",30,95,"95",6,5,0.16666666666666666,0.2,8.1,-0.7416,9
"month","2021-06","loto",30,13,"13",5,5,0.16666666666666666,0.16666666666666666,8.1,-1.0947,10
"month","2021-06","loto",30,27,"27",5,5,0.16666666666666666,0.16666666666666666,8.1,-1.0947,10
"month","2021-06","loto",30,38,"38",5,5,0.16666666666666666,0.16666666666666666,8.1,-1.0947,10
"month","2021-06","loto",30,57,"57",5,5,0.16666666666666666,0.16666666666666666,8.1,-1.0947,10
"month","2021-06","loto",30,69,"69",5,4,0.13333333333333333,0.16666666666666666,8.1,-1.0947,10
"month","2021-06","loto",30,73,"73",5,5,0.16666666666666666,0.16666666666666666,8.1,-1.0947,10
"month","2021-06","loto",30,86,"86",5,5,0.16666666666666666,0.16666666666666666,8.1,-1.0947,10
"month","2021-06","loto",30,91,"91",5,5,0.16666666666666666,0.16666666666666666,8.1,-1.0947,10
"month","2021-06","loto",30,40,"40",4,4,0.13333333333333333,0.13333333333333333,8.1,-1.4479,11
"month","2021-06","loto",30,62,"62",4,4,0.13333333333333333,0.13333333333333333,8.1,-1.4479,11
"month","2021-06","loto",30,97,"97",4,4,0.13333333333333333,0.13333333333333333,8.1,-1.4479,11
"month","2021-06","loto",30,34,"34",3,3,0.1,0.1,8.1,-1.801,12
"month","2021-06","loto",30,53,"53",3,3,0.1,0.1,8.1,-1.801,12
"month","2021-06","loto",30,88,"88",3,3,0.1,0.1,8.1,-1.801,12
"month","2021-06","loto",30,51,"51",2,2,0.06666666666666667,0.06666666666666667,8.1,-2.1541,13
"month","2021-06","loto",30,28,"28",1,1,0.03333333333333333,0.03333333333333333,8.1,-2.5073,14
"month","2021-07","loto",31,46,"46",15,10,0.3225806451612903,0.4838709677419355,8.37,2.3032,1
"month","2021-07","loto",31,96,"96",15,13,0.41935483870967744,0.4838709677419355,8.37,2.3032,1
"month","2021-07","loto",31,42,"42",14,13,0.41935483870967744,0.45161290322580644,8.37,1.9558,2
"month","2021-07","loto",31,44,"44",14,10,0.3225806451612903,0.45161290322580644,8.37,1.9558,2
"month","2021-07","loto",31,39,"39",13,9,0.2903225806451613,0.41935483870967744,8.37,1.6084,3
"month","2021-07","loto",31,75,"75",13,11,0.3548387096774194,0.41935483870967744,8.37,1.6084,3
"month","2021-07","loto",31,18,"18",12,11,0.3548387096774194,0.3870967741935484,8.37,1.261,4
"month","2021-07","loto",31,21,"21",12,10,0.3225806451612903,0.3870967741935484,8.37,1.261,4
"month","2021-07","loto",31,31,"31",12,8,0.25806451612903225,0.3870967741935484,8.37,1.261,4
"month","2021-07","loto",31,35,"35",12,11,0.3548387096774194,0.3870967741935484,8.37,1.261,4
"month","2021-07","loto",31,81,"81",12,9,0.2903225806451613,0.3870967741935484,8.37,1.261,4
"month","2021-07","loto",31,82,"82",12,11,0.3548387096774194,0.3870967741935484,8.37,1.261,4
"month","2021-07","loto",31,85,"85",12,11,0.3548387096774194,0.3870967741935484,8.37,1.261,4
"month","2021-07","loto",31,99,"99",12,11,0.3548387096774194,0.3870967741935484,8.37,1.261,4
"month","2021-07","loto",31,3,"03",11,8,0.25806451612903225,0.3548387096774194,8.37,0.9136,5
"month","2021-07","loto",31,4,"04",11,8,0.25806451612903225,0.3548387096774194,8.37,0.9136,5
"month","2021-07","loto",31,8,"08",11,10,0.3225806451612903,0.3548387096774194,8.37,0.9136,5
"month","2021-07","loto",31,33,"33",11,10,0.3225806451612903,0.3548387096774194,8.37,0.9136,5
"month","2021-07","loto",31,63,"63",11,10,0.3225806451612903,0.3548387096774194,8.37,0.9136,5
"month","2021-07","loto",31,71,"71",11,11,0.3548387096774194,0.3548387096774194,8.37,0.9136,5
"month","2021-07","loto",31,72,"72",11,8,0.25806451612903225,0.3548387096774194,8.37,0.9136,5
"month","2021-07","loto",31,80,"80",11,9,0.2903225806451613,0.3548387096774194,8.37,0.9136,5
"month","2021-07","loto",31,88,"88",11,9,0.2903225806451613,0.3548387096774194,8.37,0.9136,5
"month","2021-07","loto",31,90,"90",11,10,0.3225806451612903,0.3548387096774194,8.37,0.9136,5
"month","2021-07","loto",31,2,"02",10,10,0.3225806451612903,0.3225806451612903,8.37,0.5662,6
"month","2021-07","loto",31,7,"07",10,9,0.2903225806451613,0.3225806451612903,8.37,0.5662,6
"month","2021-07","loto",31,30,"30",10,9,0.2903225806451613,0.3225806451612903,8.37,0.5662,6
"month","2021-07","loto",31,36,"36",10,9,0.2903225806451613,0.3225806451612903,8.37,0.5662,6
"month","2021-07","loto",31,52,"52",10,9,0.2903225806451613,0.3225806451612903,8.37,0.5662,6
"month","2021-07","loto",31,56,"56",10,8,0.25806451612903225,0.3225806451612903,8.37,0.5662,6
"month","2021-07","loto",31,84,"84",10,10,0.3225806451612903,0.3225806451612903,8.37,0.5662,6
"month","2021-07","loto",31,94,"94",10,8,0.25806451612903225,0.3225806451612903,8.37,0.5662,6
"month","2021-07","loto",31,97,"97",10,9,0.2903225806451613,0.3225806451612903,8.37,0.5662,6
"month","2021-07","loto",31,10,"10",9,7,0.22580645161290322,0.2903225806451613,8.37,0.2189,7
"month","2021-07","loto",31,15,"15",9,8,0.25806451612903225,0.2903225806451613,8.37,0.2189,7
"month","2021-07","loto",31,16,"16",9,6,0.1935483870967742,0.2903225806451613,8.37,0.2189,7
"month","2021-07","loto",31,19,"19",9,8,0.25806451612903225,0.2903225806451613,8.37,0.2189,7
"month","2021-07","loto",31,37,"37",9,8,0.25806451612903225,0.2903225806451613,8.37,0.2189,7
"month","2021-07","loto",31,43,"43",9,8,0.25806451612903225,0.2903225806451613,8.37,0.2189,7
"month","2021-07","loto",31,48,"48",9,7,0.22580645161290322,0.2903225806451613,8.37,0.2189,7
"month","2021-07","loto",31,49,"49",9,9,0.2903225806451613,0.2903225806451613,8.37,0.2189,7
"month","2021-07","loto",31,55,"55",9,8,0.25806451612903225,0.2903225806451613,8.37,0.2189,7
"month","2021-07","loto",31,62,"62",9,9,0.2903225806451613,0.2903225806451613,8.37,0.2189,7
"month","2021-07","loto",31,66,"66",9,7,0.22580645161290322,0.2903225806451613,8.37,0.2189,7
"month","2021-07","loto",31,69,"69",9,9,0.2903225806451613,0.2903225806451613,8.37,0.2189,7
"month","2021-07","loto",31,77,"77",9,8,0.25806451612903225,0.2903225806451613,8.37,0.2189,7
"month","2021-07","loto",31,11,"11",8,8,0.25806451612903225,0.25806451612903225,8.37,-0.1285,8
"month","2021-07","loto",31,22,"22",8,7,0.22580645161290322,0.25806451612903225,8.37,-0.1285,8
"month","2021-07","loto",31,23,"23",8,7,0.22580645161290322,0.25806451612903225,8.37,-0.1285,8
"month","2021-07","loto",31,24,"24",8,7,0.22580645161290322,0.25806451612903225,8.37,-0.1285,8
"month","2021-07","loto",31,27,"27",8,8,0.25806451612903225,0.25806451612903225,8.37,-0.1285,8
"month","2021-07","loto",31,28,"28",8,6,0.1935483870967742,0.25806451612903225,8.37,-0.1285,8
"month","2021-07","loto",31,29,"29",8,8,0.25806451612903225,0.25806451612903225,8.37,-0.1285,8
"month","2021-07","loto",31,32,"32",8,7,0.22580645161290322,0.25806451612903225,8.37,-0.1285,8
"month","2021-07","loto",31,45,"45",8,6,0.1935483870967742,0.25806451612903225,8.37,-0.1285,8
"month","2021-07","loto",31,47,"47",8,7,0.22580645161290322,0.25806451612903225,8.37,-0.1285,8
"month","2021-07","loto",31,64,"64",8,7,0.22580645161290322,0.25806451612903225,8.37,-0.1285,8
"month","2021-07","loto",31,67,"67",8,7,0.22580645161290322,0.25806451612903225,8.37,-0.1285,8
"month","2021-07","loto",31,68,"68",8,7,0.22580645161290322,0.25806451612903225,8.37,-0.1285,8
"month","2021-07","loto",31,87,"87",8,7,0.22580645161290322,0.25806451612903225,8.37,-0.1285,8
"month","2021-07","loto",31,95,"95",8,8,0.25806451612903225,0.25806451612903225,8.37,-0.1285,8
"month","2021-07","loto",31,1,"01",7,6,0.1935483870967742,0.22580645161290322,8.37,-0.4759,9
"month","2021-07","loto",31,14,"14",7,5,0.16129032258064516,0.22580645161290322,8.37,-0.4759,9
"month","2021-07","loto",31,38,"38",7,6,0.1935483870967742,0.22580645161290322,8.37,-0.4759,9
"month","2021-07","loto",31,50,"50",7,6,0.1935483870967742,0.22580645161290322,8.37,-0.4759,9
"month","2021-07","loto",31,53,"53",7,7,0.22580645161290322,0.22580645161290322,8.37,-0.4759,9
"month","2021-07","loto",31,54,"54",7,7,0.22580645161290322,0.22580645161290322,8.37,-0.4759,9
"month","2021-07","loto",31,59,"59",7,7,0.22580645161290322,0.22580645161290322,8.37,-0.4759,9
"month","2021-07","loto",31,76,"76",7,6,0.1935483870967742,0.22580645161290322,8.37,-0.4759,9
"month","2021-07","loto",31,78,"78",7,7,0.22580645161290322,0.22580645161290322,8.37,-0.4759,9
"month","2021-07","loto",31,79,"79",7,7,0.22580645161290322,0.22580645161290322,8.37,-0.4759,9
"month","2021-07","loto",31,83,"83",7,7,0.22580645161290322,0.22580645161290322,8.37,-0.4759,9
"month","2021-07","loto",31,91,"91",7,5,0.16129032258064516,0.22580645161290322,8.37,-0.4759,9
"month","2021-07","loto",31,93,"93",7,6,0.1935483870967742,0.22580645161290322,8.37,-0.4759,9
"month","2021-07","loto",31,17,"17",6,6,0.1935483870967742,0.1935483870967742,8.37,-0.8233,10
"month","2021-07","loto",31,20,"20",6,5,0.16129032258064516,0.1935483870967742,8.37,-0.8233,10
"month","2021-07","loto",31,25,"25",6,6,0.1935483870967742,0.1935483870967742,8.37,-0.8233,10
"month","2021-07","loto",31,34,"34",6,6,0.1935483870967742,0.1935483870967742,8.37,-0.8233,10
"month","2021-07","loto",31,40,"40",6,5,0.16129032258064516,0.1935483870967742,8.37,-0.8233,10
"month","2021-07","loto",31,70,"70",6,6,0.1935483870967742,0.1935483870967742,8.37,-0.8233,10
"month","2021-07","loto",31,73,"73",6,5,0.16129032258064516,0.1935483870967742,8.37,-0.8233,10
"month","2021-07","loto",31,86,"86",6,4,0.12903225806451613,0.1935483870967742,8.37,-0.8233,10
"month","2021-07","loto",31,89,"89",6,5,0.16129032258064516,0.1935483870967742,8.37,-0.8233,10
"month","2021-07","loto",31,98,"98",6,6,0.1935483870967742,0.1935483870967742,8.37,-0.8233,10
"month","2021-07","loto",31,5,"05",5,4,0.12903225806451613,0.16129032258064516,8.37,-1.1707,11
"month","2021-07","loto",31,6,"06",5,5,0.16129032258064516,0.16129032258064516,8.37,-1.1707,11
"month","2021-07","loto",31,9,"09",5,5,0.16129032258064516,0.16129032258064516,8.37,-1.1707,11
"month","2021-07","loto",31,12,"12",5,5,0.16129032258064516,0.16129032258064516,8.37,-1.1707,11
"month","2021-07","loto",31,57,"57",5,5,0.16129032258064516,0.16129032258064516,8.37,-1.1707,11
"month","2021-07","loto",31,60,"60",5,5,0.16129032258064516,0.16129032258064516,8.37,-1.1707,11
"month","2021-07","loto",31,65,"65",5,5,0.16129032258064516,0.16129032258064516,8.37,-1.1707,11
"month","2021-07","loto",31,74,"74",5,5,0.16129032258064516,0.16129032258064516,8.37,-1.1707,11
"month","2021-07","loto",31,13,"13",4,4,0.12903225806451613,0.12903225806451613,8.37,-1.5181,12
"month","2021-07","loto",31,26,"26",4,4,0.12903225806451613,0.12903225806451613,8.37,-1.5181,12
"month","2021-07","loto",31,41,"41",4,4,0.12903225806451613,0.12903225806451613,8.37,-1.5181,12
"month","2021-07","loto",31,61,"61",4,4,0.12903225806451613,0.12903225806451613,8.37,-1.5181,12
"month","2021-07","loto",31,92,"92",4,4,0.12903225806451613,0.12903225806451613,8.37,-1.5181,12
"month","2021-07","loto",31,0,"00",3,3,0.0967741935483871,0.0967741935483871,8.37,-1.8655,13
"month","2021-07","loto",31,51,"51",3,2,0.06451612903225806,0.0967741935483871,8.37,-1.8655,13
"month","2021-07","loto",31,58,"58",3,3,0.0967741935483871,0.0967741935483871,8.37,-1.8655,13
"month","2021-08","loto",31,2,"02",17,11,0.3548387096774194,0.5483870967741935,8.37,2.998,1
"month","2021-08","loto",31,86,"86",16,12,0.3870967741935484,0.5161290322580645,8.37,2.6506,2
"month","2021-08","loto",31,45,"45",15,10,0.3225806451612903,0.4838709677419355,8.37,2.3032,3
"month","2021-08","loto",31,63,"63",15,12,0.3870967741935484,0.4838709677419355,8.37,2.3032,3
"month","2021-08","loto",31,70,"70",15,12,0.3870967741935484,0.4838709677419355,8.37,2.3032,3
"month","2021-08","loto",31,20,"20",13,10,0.3225806451612903,0.41935483870967744,8.37,1.6084,4
"month","2021-08","loto",31,55,"55",13,10,0.3225806451612903,0.41935483870967744,8.37,1.6084,4
"month","2021-08","loto",31,59,"59",13,10,0.3225806451612903,0.41935483870967744,8.37,1.6084,4
"month","2021-08","loto",31,93,"93",13,12,0.3870967741935484,0.41935483870967744,8.37,1.6084,4
"month","2021-08","loto",31,98,"98",13,12,0.3870967741935484,0.41935483870967744,8.37,1.6084,4
"month","2021-08","loto",31,11,"11",12,11,0.3548387096774194,0.3870967741935484,8.37,1.261,5
"month","2021-08","loto",31,51,"51",12,10,0.3225806451612903,0.3870967741935484,8.37,1.261,5
"month","2021-08","loto",31,57,"57",12,12,0.3870967741935484,0.3870967741935484,8.37,1.261,5
"month","2021-08","loto",31,4,"04",11,10,0.3225806451612903,0.3548387096774194,8.37,0.9136,6
"month","2021-08","loto",31,24,"24",11,11,0.3548387096774194,0.3548387096774194,8.37,0.9136,6
"month","2021-08","loto",31,27,"27",11,9,0.2903225806451613,0.3548387096774194,8.37,0.9136,6
"month","2021-08","loto",31,74,"74",11,10,0.3225806451612903,0.3548387096774194,8.37,0.9136,6
"month","2021-08","loto",31,83,"83",11,10,0.3225806451612903,0.3548387096774194,8.37,0.9136,6
"month","2021-08","loto",31,84,"84",11,9,0.2903225806451613,0.3548387096774194,8.37,0.9136,6
"month","2021-08","loto",31,90,"90",11,10,0.3225806451612903,0.3548387096774194,8.37,0.9136,6
"month","2021-08","loto",31,91,"91",11,9,0.2903225806451613,0.3548387096774194,8.37,0.9136,6
"month","2021-08","loto",31,96,"96",11,10,0.3225806451612903,0.3548387096774194,8.37,0.9136,6
"month","2021-08","loto",31,29,"29",10,10,0.3225806451612903,0.3225806451612903,8.37,0.5662,7
"month","2021-08","loto",31,31,"31",10,10,0.3225806451612903,0.3225806451612903,8.37,0.5662,7
"month","2021-08","loto",31,41,"41",10,9,0.2903225806451613,0.3225806451612903,8.37,0.5662,7
"month","2021-08","loto",31,66,"66",10,9,0.2903225806451613,0.3225806451612903,8.37,0.5662,7
"month","2021-08","loto",31,69,"69",10,10,0.3225806451612903,0.3225806451612903,8.37,0.5662,7
"month","2021-08","loto",31,73,"73",10,8,0.25806451612903225,0.3225806451612903,8.37,0.5662,7
"month","2021-08","loto",31,78,"78",10,9,0.2903225806451613,0.3225806451612903,8.37,0.5662,7
"month","2021-08","loto",31,82,"82",10,9,0.2903225806451613,0.3225806451612903,8.37,0.5662,7
"month","2021-08","loto",31,85,"85",10,9,0.2903225806451613,0.3225806451612903,8.37,0.5662,7
"month","2021-08","loto",31,99,"99",10,9,0.2903225806451613,0.3225806451612903,8.37,0.5662,7
"month","2021-08","loto",31,0,"00",9,7,0.22580645161290322,0.2903225806451613,8.37,0.2189,8
"month","2021-08","loto",31,1,"01",9,8,0.25806451612903225,0.2903225806451613,8.37,0.2189,8
"month","2021-08","loto",31,6,"06",9,8,0.25806451612903225,0.2903225806451613,8.37,0.2189,8
"month","2021-08","loto",31,13,"13",9,7,0.22580645161290322,0.2903225806451613,8.37,0.2189,8
"month","2021-08","loto",31,14,"14",9,7,0.22580645161290322,0.2903225806451613,8.37,0.2189,8
"month","2021-08","loto",31,15,"15",9,8,0.25806451612903225,0.2903225806451613,8.37,0.2189,8
"month","2021-08","loto",31,26,"26",9,9,0.2903225806451613,0.2903225806451613,8.37,0.2189,8
"month","2021-08","loto",31,35,"35",9,9,0.2903225806451613,0.2903225806451613,8.37,0.2189,8
"month","2021-08","loto",31,36,"36",9,9,0.2903225806451613,0.2903225806451613,8.37,0.2189,8
"month","2021-08","loto",31,46,"46",9,8,0.25806451612903225,0.2903225806451613,8.37,0.2189,8
"month","2021-08","loto",31,60,"60",9,8,0.25806451612903225,0.2903225806451613,8.37,0.2189,8
"month","2021-08","loto",31,67,"67",9,8,0.25806451612903225,0.2903225806451613,8.37,0.2189,8
"month","2021-08","loto",31,80,"80",9,9,0.2903225806451613,0.2903225806451613,8.37,0.2189,8
"month","2021-08","loto",31,81,"81",9,8,0.25806451612903225,0.2903225806451613,8.37,0.2189,8
"month","2021-08","loto",31,97,"97",9,8,0.25806451612903225,0.2903225806451613,8.37,0.2189,8
"month","2021-08","loto",31,5,"05",8,7,0.22580645161290322,0.25806451612903225,8.37,-0.1285,9
"month","2021-08","loto",31,9,"09",8,8,0.25806451612903225,0.25806451612903225,8.37,-0.1285,9
"month","2021-08","loto",31,12,"12",8,6,0.1935483870967742,0.25806451612903225,8.37,-0.1285,9
"month","2021-08","loto",31,17,"17",8,6,0.1935483870967742,0.25806451612903225,8.37,-0.1285,9
"month","2021-08","loto",31,30,"30",8,7,0.22580645161290322,0.25806451612903225,8.37,-0.1285,9
"month","2021-08","loto",31,32,"32",8,8,0.25806451612903225,0.25806451612903225,8.37,-0.1285,9
"month","2021-08","loto",31,34,"34",8,8,0.25806451612903225,0.25806451612903225,8.37,-0.1285,9
"month","2021-08","loto",31,40,"40",8,8,0.25806451612903225,0.25806451612903225,8.37,-0.1285,9
"month","2021-08","loto",31,47,"47",8,8,0.25806451612903225,0.25806451612903225,8.37,-0.1285,9
"month","2021-08","loto",31,50,"50",8,8,0.25806451612903225,0.25806451612903225,8.37,-0.1285,9
"month","2021-08","loto",31,53,"53",8,8,0.25806451612903225,0.25806451612903225,8.37,-0.1285,9
"month","2021-08","loto",31,58,"58",8,8,0.25806451612903225,0.25806451612903225,8.37,-0.1285,9
"month","2021-08","loto",31,68,"68",8,7,0.22580645161290322,0.25806451612903225,8.37,-0.1285,9
"month","2021-08","loto",31,87,"87",8,7,0.22580645161290322,0.25806451612903225,8.37,-0.1285,9
"month","2021-08","loto",31,18,"18",7,6,0.1935483870967742,0.22580645161290322,8.37,-0.4759,10
"month","2021-08","loto",31,19,"19",7,6,0.1935483870967742,0.22580645161290322,8.37,-0.4759,10
"month","2021-08","loto",31,28,"28",7,7,0.22580645161290322,0.22580645161290322,8.37,-0.4759,10
"month","2021-08","loto",31,43,"43",7,6,0.1935483870967742,0.22580645161290322,8.37,-0.4759,10
"month","2021-08","loto",31,54,"54",7,5,0.16129032258064516,0.22580645161290322,8.37,-0.4759,10
"month","2021-08","loto",31,71,"71",7,6,0.1935483870967742,0.22580645161290322,8.37,-0.4759,10
"month","2021-08","loto",31,75,"75",7,7,0.22580645161290322,0.22580645161290322,8.37,-0.4759,10
"month","2021-08","loto",31,89,"89",7,7,0.22580645161290322,0.22580645161290322,8.37,-0.4759,10
"month","2021-08","loto",31,3,"03",6,6,0.1935483870967742,0.1935483870967742,8.37,-0.8233,11
"month","2021-08","loto",31,7,"07",6,6,0.1935483870967742,0.1935483870967742,8.37,-0.8233,11
"month","2021-08","loto",31,22,"22",6,5,0.16129032258064516,0.1935483870967742,8.37,-0.8233,11
"month","2021-08","loto",31,23,"23",6,6,0.1935483870967742,0.1935483870967742,8.37,-0.8233,11
"month","2021-08","loto",31,33,"33",6,6,0.1935483870967742,0.1935483870967742,8.37,-0.8233,11
"month","2021-08","loto",31,37,"37",6,6,0.1935483870967742,0.1935483870967742,8.37,-0.8233,11
"month","2021-08","loto",31,39,"39",6,6,0.1935483870967742,0.1935483870967742,8.37,-0.8233,11
"month","2021-08","loto",31,48,"48",6,6,0.1935483870967742,0.1935483870967742,8.37,-0.8233,11
"month","2021-08","loto",31,61,"61",6,4,0.12903225806451613,0.1935483870967742,8.37,-0.8233,11
"month","2021-08","loto",31,64,"64",6,6,0.1935483870967742,0.1935483870967742,8.37,-0.8233,11
"month","2021-08","loto",31,65,"65",6,5,0.16129032258064516,0.1935483870967742,8.37,-0.8233,11
"month","2021-08","loto",31,76,"76",6,6,0.1935483870967742,0.1935483870967742,8.37,-0.8233,11
"month","2021-08","loto",31,79,"79",6,5,0.16129032258064516,0.1935483870967742,8.37,-0.8233,11
"month","2021-08","loto",31,88,"88",6,4,0.12903225806451613,0.1935483870967742,8.37,-0.8233,11
"month","2021-08","loto",31,95,"95",6,6,0.1935483870967742,0.1935483870967742,8.37,-0.8233,11
"month","2021-08","loto",31,10,"10",5,5,0.16129032258064516,0.16129032258064516,8.37,-1.1707,12
"month","2021-08","loto",31,21,"21",5,5,0.16129032258064516,0.16129032258064516,8.37,-1.1707,12
"month","2021-08","loto",31,25,"25",5,5,0.16129032258064516,0.16129032258064516,8.37,-1.1707,12
"month","2021-08","loto",31,38,"38",5,4,0.12903225806451613,0.16129032258064516,8.37,-1.1707,12
"month","2021-08","loto",31,44,"44",5,5,0.16129032258064516,0.16129032258064516,8.37,-1.1707,12
"month","2021-08","loto",31,56,"56",5,4,0.12903225806451613,0.16129032258064516,8.37,-1.1707,12
"month","2021-08","loto",31,62,"62",5,5,0.16129032258064516,0.16129032258064516,8.37,-1.1707,12
"month","2021-08","loto",31,92,"92",5,5,0.16129032258064516,0.16129032258064516,8.37,-1.1707,12
"month","2021-08","loto",31,94,"94",5,5,0.16129032258064516,0.16129032258064516,8.37,-1.1707,12
"month","2021-08","loto",31,16,"16",4,4,0.12903225806451613,0.12903225806451613,8.37,-1.5181,13
"month","2021-08","loto",31,49,"49",4,4,0.12903225806451613,0.12903225806451613,8.37,-1.5181,13
"month","2021-08","loto",31,72,"72",4,4,0.12903225806451613,0.12903225806451613,8.37,-1.5181,13
"month","2021-08","loto",31,8,"08",3,2,0.06451612903225806,0.0967741935483871,8.37,-1.8655,14
"month","2021-08","loto",31,42,"42",3,3,0.0967741935483871,0.0967741935483871,8.37,-1.8655,14
"month","2021-08","loto",31,52,"52",2,2,0.06451612903225806,0.06451612903225806,8.37,-2.2129,15
"month","2021-08","loto",31,77,"77",1,1,0.03225806451612903,0.03225806451612903,8.37,-2.5603,16
"month","2021-09","loto",30,19,"19",17,13,0.43333333333333335,0.5666666666666667,8.1,3.1429,1
"month","2021-09","loto",30,83,"83",17,11,0.36666666666666664,0.5666666666666667,8.1,3.1429,1
"month","2021-09","loto",30,74,"74",15,10,0.3333333333333333,0.5,8.1,2.4366,2
"month","2021-09","loto",30,84,"84",15,11,0.36666666666666664,0.5,8.1,2.4366,2
"month","2021-09","loto",30,30,"30",14,11,0.36666666666666664,0.4666666666666667,8.1,2.0835,3
"month","2021-09","loto",30,65,"65",14,12,0.4,0.4666666666666667,8.1,2.0835,3
"month","2021-09","loto",30,11,"11",13,10,0.3333333333333333,0.43333333333333335,8.1,1.7304,4
"month","2021-09","loto",30,42,"42",12,11,0.36666666666666664,0.4,8.1,1.3772,5
"month","2021-09","loto",30,8,"08",11,10,0.3333333333333333,0.36666666666666664,8.1,1.0241,6
"month","2021-09","loto",30,27,"27",11,10,0.3333333333333333,0.36666666666666664,8.1,1.0241,6
"month","2021-09","loto",30,34,"34",11,9,0.3,0.36666666666666664,8.1,1.0241,6
"month","2021-09","loto",30,41,"41",11,10,0.3333333333333333,0.36666666666666664,8.1,1.0241,6
"month","2021-09","loto",30,43,"43",11,10,0.3333333333333333,0.36666666666666664,8.1,1.0241,6
"month","2021-09","loto",30,63,"63",11,10,0.3333333333333333,0.36666666666666664,8.1,1.0241,6
"month","2021-09","loto",30,75,"75",11,10,0.3333333333333333,0.36666666666666664,8.1,1.0241,6
"month","2021-09","loto",30,94,"94",11,9,0.3,0.36666666666666664,8.1,1.0241,6
"month","2021-09","loto",30,5,"05",10,7,0.23333333333333334,0.3333333333333333,8.1,0.671,7
"month","2021-09","loto",30,12,"12",10,10,0.3333333333333333,0.3333333333333333,8.1,0.671,7
"month","2021-09","loto",30,13,"13",10,8,0.26666666666666666,0.3333333333333333,8.1,0.671,7
"month","2021-09","loto",30,28,"28",10,8,0.26666666666666666,0.3333333333333333,8.1,0.671,7
"month","2021-09","loto",30,45,"45",10,8,0.26666666666666666,0.3333333333333333,8.1,0.671,7
"month","2021-09","loto",30,47,"47",10,8,0.26666666666666666,0.3333333333333333,8.1,0.671,7
"month","2021-09","loto",30,67,"67",10,10,0.3333333333333333,0.3333333333333333,8.1,0.671,7
"month","2021-09","loto",30,69,"69",10,7,0.23333333333333334,0.3333333333333333,8.1,0.671,7
"month","2021-09","loto",30,72,"72",10,8,0.26666666666666666,0.3333333333333333,8.1,0.671,7
"month","2021-09","loto",30,77,"77",10,9,0.3,0.3333333333333333,8.1,0.671,7
"month","2021-09","loto",30,78,"78",10,9,0.3,0.3333333333333333,8.1,0.671,7
"month","2021-09","loto",30,92,"92",10,8,0.26666666666666666,0.3333333333333333,8.1,0.671,7
"month","2021-09","loto",30,1,"01",9,9,0.3,0.3,8.1,0.3178,8
"month","2021-09","loto",30,7,"07",9,8,0.26666666666666666,0.3,8.1,0.3178,8
"month","2021-09","loto",30,10,"10",9,7,0.23333333333333334,0.3,8.1,0.3178,8
"month","2021-09","loto",30,36,"36",9,9,0.3,0.3,8.1,0.3178,8
"month","2021-09","loto",30,39,"39",9,9,0.3,0.3,8.1,0.3178,8
"month","2021-09","loto",30,50,"50",9,8,0.26666666666666666,0.3,8.1,0.3178,8
"month","2021-09","loto",30,66,"66",9,9,0.3,0.3,8.1,0.3178,8
"month","2021-09","loto",30,68,"68",9,8,0.26666666666666666,0.3,8.1,0.3178,8
"month","2021-09","loto",30,71,"71",9,9,0.3,0.3,8.1,0.3178,8
"month","2021-09","loto",30,73,"73",9,8,0.26666666666666666,0.3,8.1,0.3178,8
"month","2021-09","loto",30,80,"80",9,8,0.26666666666666666,0.3,8.1,0.3178,8
"month","2021-09","loto",30,81,"81",9,9,0.3,0.3,8.1,0.3178,8
"month","2021-09","loto",30,90,"90",9,8,0.26666666666666666,0.3,8.1,0.3178,8
"month","2021-09","loto",30,0,"00",8,7,0.23333333333333334,0.26666666666666666,8.1,-0.0353,9
"month","2021-09","loto",30,15,"15",8,7,0.23333333333333334,0.26666666666666666,8.1,-0.0353,9
"month","2021-09","loto",30,18,"18",8,7,0.23333333333333334,0.26666666666666666,8.1,-0.0353,9
"month","2021-09","loto",30,21,"21",8,7,0.23333333333333334,0.26666666666666666,8.1,-0.0353,9
"month","2021-09","loto",30,25,"25",8,8,0.26666666666666666,0.26666666666666666,8.1,-0.0353,9
"month","2021-09","loto",30,31,"31",8,6,0.2,0.26666666666666666,8.1,-0.0353,9
"month","2021-09","loto",30,32,"32",8,5,0.16666666666666666,0.26666666666666666,8.1,-0.0353,9
"month","2021-09","loto",30,38,"38",8,8,0.26666666666666666,0.26666666666666666,8.1,-0.0353,9
"month","2021-09","loto",30,51,"51",8,7,0.23333333333333334,0.26666666666666666,8.1,-0.0353,9
"month","2021-09","loto",30,55,"55",8,7,0.23333333333333334,0.26666666666666666,8.1,-0.0353,9
"month","2021-09","loto",30,61,"61",8,8,0.26666666666666666,0.26666666666666666,8.1,-0.0353,9
"month","2021-09","loto",30,70,"70",8,8,0.26666666666666666,0.26666666666666666,8.1,-0.0353,9
"month","2021-09","loto",30,82,"82",8,6,0.2,0.26666666666666666,8.1,-0.0353,9
"month","2021-09","loto",30,86,"86",8,8,0.26666666666666666,0.26666666666666666,8.1,-0.0353,9
"month","2021-09","loto",30,96,"96",8,8,0.26666666666666666,0.26666666666666666,8.1,-0.0353,9
"month","2021-09","loto",30,99,"99",8,7,0.23333333333333334,0.26666666666666666,8.1,-0.0353,9
"month","2021-09","loto",30,4,"04",7,7,0.23333333333333334,0.23333333333333334,8.1,-0.3884,10
"month","2021-09","loto",30,6,"06",7,7,0.23333333333333334,0.23333333333333334,8.1,-0.3884,10
"month","2021-09","loto",30,9,"09",7,7,0.23333333333333334,0.23333333333333334,8.1,-0.3884,10
"month","2021-09","loto",30,24,"24",7,4,0.13333333333333333,0.23333333333333334,8.1,-0.3884,10
"month","2021-09","loto",30,26,"26",7,6,0.2,0.23333333333333334,8.1,-0.3884,10
"month","2021-09","loto",30,40,"40",7,6,0.2,0.23333333333333334,8.1,-0.3884,10
"month","2021-09","loto",30,53,"53",7,7,0.23333333333333334,0.23333333333333334,8.1,-0.3884,10
"month","2021-09","loto",30,56,"56",7,6,0.2,0.23333333333333334,8.1,-0.3884,10
"month","2021-09","loto",30,59,"59",7,6,0.2,0.23333333333333334,8.1,-0.3884,10
"month","2021-09","loto",30,60,"60",7,7,0.23333333333333334,0.23333333333333334,8.1,-0.3884,10
"month","2021-09","loto",30,62,"62",7,6,0.2,0.23333333333333334,8.1,-0.3884,10
"month","2021-09","loto",30,76,"76",7,7,0.23333333333333334,0.23333333333333334,8.1,-0.3884,10
"month","2021-09","loto",30,79,"79",7,6,0.2,0.23333333333333334,8.1,-0.3884,10
"month","2021-09","loto",30,85,"85",7,7,0.23333333333333334,0.23333333333333334,8.1,-0.3884,10
"month","2021-09","loto",30,93,"93",7,7,0.23333333333333334,0.23333333333333334,8.1,-0.3884,10
"month","2021-09","loto",30,95,"95",7,6,0.2,0.23333333333333334,8.1,-0.3884,10
"month","2021-09","loto",30,97,"97",7,5,0.16666666666666666,0.23333333333333334,8.1,-0.3884,10
"month","2021-09","loto",30,3,"03",6,6,0.2,0.2,8.1,-0.7416,11
"month","2021-09","loto",30,17,"17",6,6,0.2,0.2,8.1,-0.7416,11
"month","2021-09","loto",30,35,"35",6,6,0.2,0.2,8.1,-0.7416,11
"month","2021-09","loto",30,37,"37",6,6,0.2,0.2,8.1,-0.7416,11
"month","2021-09","loto",30,49,"49",6,6,0.2,0.2,8.1,-0.7416,11
"month","2021-09","loto",30,52,"52",6,5,0.16666666666666666,0.2,8.1,-0.7416,11
"month","2021-09","loto",30,58,"58",6,6,0.2,0.2,8.1,-0.7416,11
"month","2021-09","loto",30,91,"91",6,5,0.16666666666666666,0.2,8.1,-0.7416,11
"month","2021-09","loto",30,98,"98",6,4,0.13333333333333333,0.2,8.1,-0.7416,11
"month","2021-09","loto",30,22,"22",5,5,0.16666666666666666,0.16666666666666666,8.1,-1.0947,12
"month","2021-09","loto",30,23,"23",5,5,0.16666666666666666,0.16666666666666666,8.1,-1.0947,12
"month","2021-09","loto",30,29,"29",5,5,0.16666666666666666,0.16666666666666666,8.1,-1.0947,12
"month","2021-09","loto",30,57,"57",5,5,0.16666666666666666,0.16666666666666666,8.1,-1.0947,12
"month","2021-09","loto",30,88,"88",5,5,0.16666666666666666,0.16666666666666666,8.1,-1.0947,12
"month","2021-09","loto",30,89,"89",5,5,0.16666666666666666,0.16666666666666666,8.1,-1.0947,12
"month","2021-09","loto",30,2,"02",4,4,0.13333333333333333,0.13333333333333333,8.1,-1.4479,13
"month","2021-09","loto",30,14,"14",4,4,0.13333333333333333,0.13333333333333333,8.1,-1.4479,13
"month","2021-09","loto",30,16,"16",4,4,0.13333333333333333,0.13333333333333333,8.1,-1.4479,13
"month","2021-09","loto",30,46,"46",4,3,0.1,0.13333333333333333,8.1,-1.4479,13
"month","2021-09","loto",30,48,"48",4,4,0.13333333333333333,0.13333333333333333,8.1,-1.4479,13
"month","2021-09","loto",30,54,"54",4,3,0.1,0.13333333333333333,8.1,-1.4479,13
"month","2021-09","loto",30,87,"87",4,4,0.13333333333333333,0.13333333333333333,8.1,-1.4479,13
"month","2021-09","loto",30,44,"44",3,3,0.1,0.1,8.1,-1.801,14
"month","2021-09","loto",30,64,"64",3,3,0.1,0.1,8.1,-1.801,14
"month","2021-09","loto",30,33,"33",2,2,0.06666666666666667,0.06666666666666667,8.1,-2.1541,15
"month","2021-09","loto",30,20,"20",1,1,0.03333333333333333,0.03333333333333333,8.1,-2.5073,16
"month","2021-10","loto",31,7,"07",17,12,0.3870967741935484,0.5483870967741935,8.37,2.998,1
"month","2021-10","loto",31,23,"23",17,10,0.3225806451612903,0.5483870967741935,8.37,2.998,1
"month","2021-10","loto",31,20,"20",16,13,0.41935483870967744,0.5161290322580645,8.37,2.6506,2
"month","2021-10","loto",31,42,"42",16,12,0.3870967741935484,0.5161290322580645,8.37,2.6506,2
"month","2021-10","loto",31,68,"68",14,12,0.3870967741935484,0.45161290322580644,8.37,1.9558,3
"month","2021-10","loto",31,13,"13",13,11,0.3548387096774194,0.41935483870967744,8.37,1.6084,4
"month","2021-10","loto",31,27,"27",13,13,0.41935483870967744,0.41935483870967744,8.37,1.6084,4
"month","2021-10","loto",31,30,"30",13,12,0.3870967741935484,0.41935483870967744,8.37,1.6084,4
"month","2021-10","loto",31,55,"55",13,11,0.3548387096774194,0.41935483870967744,8.37,1.6084,4
"month","2021-10","loto",31,11,"11",12,10,0.3225806451612903,0.3870967741935484,8.37,1.261,5
"month","2021-10","loto",31,22,"22",12,11,0.3548387096774194,0.3870967741935484,8.37,1.261,5
"month","2021-10","loto",31,26,"26",12,11,0.3548387096774194,0.3870967741935484,8.37,1.261,5
"month","2021-10","loto",31,38,"38",12,11,0.3548387096774194,0.3870967741935484,8.37,1.261,5
"month","2021-10","loto",31,49,"49",12,10,0.3225806451612903,0.3870967741935484,8.37,1.261,5
"month","2021-10","loto",31,9,"09",11,9,0.2903225806451613,0.3548387096774194,8.37,0.9136,6
"month","2021-10","loto",31,18,"18",11,11,0.3548387096774194,0.3548387096774194,8.37,0.9136,6
"month","2021-10","loto",31,45,"45",11,10,0.3225806451612903,0.3548387096774194,8.37,0.9136,6
"month","2021-10","loto",31,47,"47",11,11,0.3548387096774194,0.3548387096774194,8.37,0.9136,6
"month","2021-10","loto",31,58,"58",11,10,0.3225806451612903,0.3548387096774194,8.37,0.9136,6
"month","2021-10","loto",31,60,"60",11,7,0.22580645161290322,0.3548387096774194,8.37,0.9136,6
"month","2021-10","loto",31,61,"61",11,10,0.3225806451612903,0.3548387096774194,8.37,0.9136,6
"month","2021-10","loto",31,62,"62",11,11,0.3548387096774194,0.3548387096774194,8.37,0.9136,6
"month","2021-10","loto",31,87,"87",11,10,0.3225806451612903,0.3548387096774194,8.37,0.9136,6
"month","2021-10","loto",31,93,"93",11,10,0.3225806451612903,0.3548387096774194,8.37,0.9136,6
"month","2021-10","loto",31,97,"97",11,10,0.3225806451612903,0.3548387096774194,8.37,0.9136,6
"month","2021-10","loto",31,1,"01",10,10,0.3225806451612903,0.3225806451612903,8.37,0.5662,7
"month","2021-10","loto",31,14,"14",10,8,0.25806451612903225,0.3225806451612903,8.37,0.5662,7
"month","2021-10","loto",31,28,"28",10,9,0.2903225806451613,0.3225806451612903,8.37,0.5662,7
"month","2021-10","loto",31,35,"35",10,8,0.25806451612903225,0.3225806451612903,8.37,0.5662,7
"month","2021-10","loto",31,50,"50",10,10,0.3225806451612903,0.3225806451612903,8.37,0.5662,7
"month","2021-10","loto",31,56,"56",10,8,0.25806451612903225,0.3225806451612903,8.37,0.5662,7
"month","2021-10","loto",31,71,"71",10,8,0.25806451612903225,0.3225806451612903,8.37,0.5662,7
"month","2021-10","loto",31,12,"12",9,9,0.2903225806451613,0.2903225806451613,8.37,0.2189,8
"month","2021-10","loto",31,15,"15",9,9,0.2903225806451613,0.2903225806451613,8.37,0.2189,8
"month","2021-10","loto",31,16,"16",9,7,0.22580645161290322,0.2903225806451613,8.37,0.2189,8
"month","2021-10","loto",31,19,"19",9,8,0.25806451612903225,0.2903225806451613,8.37,0.2189,8
"month","2021-10","loto",31,39,"39",9,8,0.25806451612903225,0.2903225806451613,8.37,0.2189,8
"month","2021-10","loto",31,46,"46",9,8,0.25806451612903225,0.2903225806451613,8.37,0.2189,8
"month","2021-10","loto",31,48,"48",9,8,0.25806451612903225,0.2903225806451613,8.37,0.2189,8
"month","2021-10","loto",31,54,"54",9,7,0.22580645161290322,0.2903225806451613,8.37,0.2189,8
"month","2021-10","loto",31,64,"64",9,9,0.2903225806451613,0.2903225806451613,8.37,0.2189,8
"month","2021-10","loto",31,65,"65",9,8,0.25806451612903225,0.2903225806451613,8.37,0.2189,8
"month","2021-10","loto",31,70,"70",9,8,0.25806451612903225,0.2903225806451613,8.37,0.2189,8
"month","2021-10","loto",31,85,"85",9,6,0.1935483870967742,0.2903225806451613,8.37,0.2189,8
"month","2021-10","loto",31,94,"94",9,9,0.2903225806451613,0.2903225806451613,8.37,0.2189,8
"month","2021-10","loto",31,4,"04",8,6,0.1935483870967742,0.25806451612903225,8.37,-0.1285,9
"month","2021-10","loto",31,8,"08",8,8,0.25806451612903225,0.25806451612903225,8.37,-0.1285,9
"month","2021-10","loto",31,24,"24",8,7,0.22580645161290322,0.25806451612903225,8.37,-0.1285,9
"month","2021-10","loto",31,31,"31",8,7,0.22580645161290322,0.25806451612903225,8.37,-0.1285,9
"month","2021-10","loto",31,34,"34",8,8,0.25806451612903225,0.25806451612903225,8.37,-0.1285,9
"month","2021-10","loto",31,44,"44",8,7,0.22580645161290322,0.25806451612903225,8.37,-0.1285,9
"month","2021-10","loto",31,57,"57",8,7,0.22580645161290322,0.25806451612903225,8.37,-0.1285,9
"month","2021-10","loto",31,66,"66",8,6,0.1935483870967742,0.25806451612903225,8.37,-0.1285,9
"month","2021-10","loto",31,72,"72",8,8,0.25806451612903225,0.25806451612903225,8.37,-0.1285,9
"month","2021-10","loto",31,74,"74",8,8,0.25806451612903225,0.25806451612903225,8.37,-0.1285,9
"month","2021-10","loto",31,78,"78",8,7,0.22580645161290322,0.25806451612903225,8.37,-0.1285,9
"month","2021-10","loto",31,81,"81",8,8,0.25806451612903225,0.25806451612903225,8.37,-0.1285,9
"month","2021-10","loto",31,84,"84",8,7,0.22580645161290322,0.25806451612903225,8.37,-0.1285,9
"month","2021-10","loto",31,86,"86",8,6,0.1935483870967742,0.25806451612903225,8.37,-0.1285,9
"month","2021-10","loto",31,90,"90",8,8,0.25806451612903225,0.25806451612903225,8.37,-0.1285,9
"month","2021-10","loto",31,91,"91",8,8,0.25806451612903225,0.25806451612903225,8.37,-0.1285,9
"month","2021-10","loto",31,6,"06",7,7,0.22580645161290322,0.22580645161290322,8.37,-0.4759,10
"month","2021-10","loto",31,25,"25",7,7,0.22580645161290322,0.22580645161290322,8.37,-0.4759,10
"month","2021-10","loto",31,33,"33",7,7,0.22580645161290322,0.22580645161290322,8.37,-0.4759,10
"month","2021-10","loto",31,41,"41",7,7,0.22580645161290322,0.22580645161290322,8.37,-0.4759,10
"month","2021-10","loto",31,51,"51",7,6,0.1935483870967742,0.22580645161290322,8.37,-0.4759,10
"month","2021-10","loto",31,63,"63",7,7,0.22580645161290322,0.22580645161290322,8.37,-0.4759,10
"month","2021-10","loto",31,69,"69",7,5,0.16129032258064516,0.22580645161290322,8.37,-0.4759,10
"month","2021-10","loto",31,76,"76",7,6,0.1935483870967742,0.22580645161290322,8.37,-0.4759,10
"month","2021-10","loto",31,79,"79",7,7,0.22580645161290322,0.22580645161290322,8.37,-0.4759,10
"month","2021-10","loto",31,88,"88",7,6,0.1935483870967742,0.22580645161290322,8.37,-0.4759,10
"month","2021-10","loto",31,17,"17",6,5,0.16129032258064516,0.1935483870967742,8.37,-0.8233,11
"month","2021-10","loto",31,21,"21",6,5,0.16129032258064516,0.1935483870967742,8.37,-0.8233,11
"month","2021-10","loto",31,29,"29",6,5,0.16129032258064516,0.1935483870967742,8.37,-0.8233,11
"month","2021-10","loto",31,32,"32",6,6,0.1935483870967742,0.1935483870967742,8.37,-0.8233,11
"month","2021-10","loto",31,59,"59",6,5,0.16129032258064516,0.1935483870967742,8.37,-0.8233,11
"month","2021-10","loto",31,67,"67",6,6,0.1935483870967742,0.1935483870967742,8.37,-0.8233,11
"month","2021-10","loto",31,77,"77",6,5,0.16129032258064516,0.1935483870967742,8.37,-0.8233,11
"month","2021-10","loto",31,80,"80",6,5,0.16129032258064516,0.1935483870967742,8.37,-0.8233,11
"month","2021-10","loto",31,89,"89",6,6,0.1935483870967742,0.1935483870967742,8.37,-0.8233,11
"month","2021-10","loto",31,98,"98",6,6,0.1935483870967742,0.1935483870967742,8.37,-0.8233,11
"month","2021-10","loto",31,3,"03",5,4,0.12903225806451613,0.16129032258064516,8.37,-1.1707,12
"month","2021-10","loto",31,5,"05",5,4,0.12903225806451613,0.16129032258064516,8.37,-1.1707,12
"month","2021-10","loto",31,37,"37",5,5,0.16129032258064516,0.16129032258064516,8.37,-1.1707,12
"month","2021-10","loto",31,53,"53",5,4,0.12903225806451613,0.16129032258064516,8.37,-1.1707,12
"month","2021-10","loto",31,73,"73",5,5,0.16129032258064516,0.16129032258064516,8.37,-1.1707,12
"month","2021-10","loto",31,82,"82",5,4,0.12903225806451613,0.16129032258064516,8.37,-1.1707,12
"month","2021-10","loto",31,99,"99",5,4,0.12903225806451613,0.16129032258064516,8.37,-1.1707,12
"month","2021-10","loto",31,0,"00",4,4,0.12903225806451613,0.12903225806451613,8.37,-1.5181,13
"month","2021-10","loto",31,10,"10",4,4,0.12903225806451613,0.12903225806451613,8.37,-1.5181,13
"month","2021-10","loto",31,36,"36",4,3,0.0967741935483871,0.12903225806451613,8.37,-1.5181,13
"month","2021-10","loto",31,40,"40",4,3,0.0967741935483871,0.12903225806451613,8.37,-1.5181,13
"month","2021-10","loto",31,43,"43",4,3,0.0967741935483871,0.12903225806451613,8.37,-1.5181,13
"month","2021-10","loto",31,52,"52",4,4,0.12903225806451613,0.12903225806451613,8.37,-1.5181,13
"month","2021-10","loto",31,75,"75",4,4,0.12903225806451613,0.12903225806451613,8.37,-1.5181,13
"month","2021-10","loto",31,83,"83",4,4,0.12903225806451613,0.12903225806451613,8.37,-1.5181,13
"month","2021-10","loto",31,96,"96",4,4,0.12903225806451613,0.12903225806451613,8.37,-1.5181,13
"month","2021-10","loto",31,2,"02",3,3,0.0967741935483871,0.0967741935483871,8.37,-1.8655,14
"month","2021-10","loto",31,95,"95",3,3,0.0967741935483871,0.0967741935483871,8.37,-1.8655,14
"month","2021-10","loto",31,92,"92",2,2,0.06451612903225806,0.06451612903225806,8.37,-2.2129,15
"month","2021-11","loto",30,10,"10",17,13,0.43333333333333335,0.5666666666666667,8.1,3.1429,1
"month","2021-11","loto",30,30,"30",15,13,0.43333333333333335,0.5,8.1,2.4366,2
"month","2021-11","loto",30,47,"47",14,12,0.4,0.4666666666666667,8.1,2.0835,3
"month","2021-11","loto",30,66,"66",14,11,0.36666666666666664,0.4666666666666667,8.1,2.0835,3
"month","2021-11","loto",30,71,"71",14,10,0.3333333333333333,0.4666666666666667,8.1,2.0835,3
"month","2021-11","loto",30,72,"72",14,11,0.36666666666666664,0.4666666666666667,8.1,2.0835,3
"month","2021-11","loto",30,44,"44",13,9,0.3,0.43333333333333335,8.1,1.7304,4
"month","2021-11","loto",30,27,"27",12,9,0.3,0.4,8.1,1.3772,5
"month","2021-11","loto",30,31,"31",12,10,0.3333333333333333,0.4,8.1,1.3772,5
"month","2021-11","loto",30,61,"61",12,11,0.36666666666666664,0.4,8.1,1.3772,5
"month","2021-11","loto",30,63,"63",12,10,0.3333333333333333,0.4,8.1,1.3772,5
"month","2021-11","loto",30,90,"90",12,9,0.3,0.4,8.1,1.3772,5
"month","2021-11","loto",30,92,"92",12,11,0.36666666666666664,0.4,8.1,1.3772,5
"month","2021-11","loto",30,21,"21",11,10,0.3333333333333333,0.36666666666666664,8.1,1.0241,6
"month","2021-11","loto",30,60,"60",11,10,0.3333333333333333,0.36666666666666664,8.1,1.0241,6
"month","2021-11","loto",30,76,"76",11,9,0.3,0.36666666666666664,8.1,1.0241,6
"month","2021-11","loto",30,84,"84",11,10,0.3333333333333333,0.36666666666666664,8.1,1.0241,6
"month","2021-11","loto",30,88,"88",11,7,0.23333333333333334,0.36666666666666664,8.1,1.0241,6
"month","2021-11","loto",30,3,"03",10,8,0.26666666666666666,0.3333333333333333,8.1,0.671,7
"month","2021-11","loto",30,4,"04",10,8,0.26666666666666666,0.3333333333333333,8.1,0.671,7
"month","2021-11","loto",30,5,"05",10,8,0.26666666666666666,0.3333333333333333,8.1,0.671,7
"month","2021-11","loto",30,16,"16",10,9,0.3,0.3333333333333333,8.1,0.671,7
"month","2021-11","loto",30,24,"24",10,8,0.26666666666666666,0.3333333333333333,8.1,0.671,7
"month","2021-11","loto",30,32,"32",10,9,0.3,0.3333333333333333,8.1,0.671,7
"month","2021-11","loto",30,46,"46",10,8,0.26666666666666666,0.3333333333333333,8.1,0.671,7
"month","2021-11","loto",30,83,"83",10,8,0.26666666666666666,0.3333333333333333,8.1,0.671,7
"month","2021-11","loto",30,95,"95",10,8,0.26666666666666666,0.3333333333333333,8.1,0.671,7
"month","2021-11","loto",30,0,"00",9,9,0.3,0.3,8.1,0.3178,8
"month","2021-11","loto",30,6,"06",9,8,0.26666666666666666,0.3,8.1,0.3178,8
"month","2021-11","loto",30,11,"11",9,8,0.26666666666666666,0.3,8.1,0.3178,8
"month","2021-11","loto",30,13,"13",9,9,0.3,0.3,8.1,0.3178,8
"month","2021-11","loto",30,15,"15",9,7,0.23333333333333334,0.3,8.1,0.3178,8
"month","2021-11","loto",30,40,"40",9,8,0.26666666666666666,0.3,8.1,0.3178,8
"month","2021-11","loto",30,50,"50",9,7,0.23333333333333334,0.3,8.1,0.3178,8
"month","2021-11","loto",30,56,"56",9,9,0.3,0.3,8.1,0.3178,8
"month","2021-11","loto",30,75,"75",9,9,0.3,0.3,8.1,0.3178,8
"month","2021-11","loto",30,80,"80",9,8,0.26666666666666666,0.3,8.1,0.3178,8
"month","2021-11","loto",30,87,"87",9,8,0.26666666666666666,0.3,8.1,0.3178,8
"month","2021-11","loto",30,89,"89",9,7,0.23333333333333334,0.3,8.1,0.3178,8
"month","2021-11","loto",30,93,"93",9,7,0.23333333333333334,0.3,8.1,0.3178,8
"month","2021-11","loto",30,96,"96",9,8,0.26666666666666666,0.3,8.1,0.3178,8
"month","2021-11","loto",30,1,"01",8,5,0.16666666666666666,0.26666666666666666,8.1,-0.0353,9
"month","2021-11","loto",30,12,"12",8,7,0.23333333333333334,0.26666666666666666,8.1,-0.0353,9
"month","2021-11","loto",30,33,"33",8,8,0.26666666666666666,0.26666666666666666,8.1,-0.0353,9
"month","2021-11","loto",30,41,"41",8,8,0.26666666666666666,0.26666666666666666,8.1,-0.0353,9
"month","2021-11","loto",30,43,"43",8,7,0.23333333333333334,0.26666666666666666,8.1,-0.0353,9
"month","2021-11","loto",30,55,"55",8,6,0.2,0.26666666666666666,8.1,-0.0353,9
"month","2021-11","loto",30,57,"57",8,8,0.26666666666666666,0.26666666666666666,8.1,-0.0353,9
"month","2021-11","loto",30,62,"62",8,8,0.26666666666666666,0.26666666666666666,8.1,-0.0353,9
"month","2021-11","loto",30,69,"69",8,8,0.26666666666666666,0.26666666666666666,8.1,-0.0353,9
"month","2021-11","loto",30,73,"73",8,6,0.2,0.26666666666666666,8.1,-0.0353,9
"month","2021-11","loto",30,79,"79",8,7,0.23333333333333334,0.26666666666666666,8.1,-0.0353,9
"month","2021-11","loto",30,2,"02",7,7,0.23333333333333334,0.23333333333333334,8.1,-0.3884,10
"month","2021-11","loto",30,7,"07",7,5,0.16666666666666666,0.23333333333333334,8.1,-0.3884,10
"month","2021-11","loto",30,19,"19",7,6,0.2,0.23333333333333334,8.1,-0.3884,10
"month","2021-11","loto",30,20,"20",7,7,0.23333333333333334,0.23333333333333334,8.1,-0.3884,10
"month","2021-11","loto",30,23,"23",7,7,0.23333333333333334,0.23333333333333334,8.1,-0.3884,10
"month","2021-11","loto",30,26,"26",7,5,0.16666666666666666,0.23333333333333334,8.1,-0.3884,10
"month","2021-11","loto",30,28,"28",7,7,0.23333333333333334,0.23333333333333334,8.1,-0.3884,10
"month","2021-11","loto",30,29,"29",7,7,0.23333333333333334,0.23333333333333334,8.1,-0.3884,10
"month","2021-11","loto",30,34,"34",7,7,0.23333333333333334,0.23333333333333334,8.1,-0.3884,10
"month","2021-11","loto",30,37,"37",7,7,0.23333333333333334,0.23333333333333334,8.1,-0.3884,10
"month","2021-11","loto",30,42,"42",7,6,0.2,0.23333333333333334,8.1,-0.3884,10
"month","2021-11","loto",30,45,"45",7,6,0.2,0.23333333333333334,8.1,-0.3884,10
"month","2021-11","loto",30,52,"52",7,7,0.23333333333333334,0.23333333333333334,8.1,-0.3884,10
"month","2021-11","loto",30,67,"67",7,7,0.23333333333333334,0.23333333333333334,8.1,-0.3884,10
"month","2021-11","loto",30,70,"70",7,5,0.16666666666666666,0.23333333333333334,8.1,-0.3884,10
"month","2021-11","loto",30,82,"82",7,6,0.2,0.23333333333333334,8.1,-0.3884,10
"month","2021-11","loto",30,85,"85",7,7,0.23333333333333334,0.23333333333333334,8.1,-0.3884,10
"month","2021-11","loto",30,98,"98",7,7,0.23333333333333334,0.23333333333333334,8.1,-0.3884,10
"month","2021-11","loto",30,38,"38",6,5,0.16666666666666666,0.2,8.1,-0.7416,11
"month","2021-11","loto",30,64,"64",6,5,0.16666666666666666,0.2,8.1,-0.7416,11
"month","2021-11","loto",30,68,"68",6,5,0.16666666666666666,0.2,8.1,-0.7416,11
"month","2021-11","loto",30,74,"74",6,6,0.2,0.2,8.1,-0.7416,11
"month","2021-11","loto",30,78,"78",6,5,0.16666666666666666,0.2,8.1,-0.7416,11
"month","2021-11","loto",30,81,"81",6,6,0.2,0.2,8.1,-0.7416,11
"month","2021-11","loto",30,91,"91",6,6,0.2,0.2,8.1,-0.7416,11
"month","2021-11","loto",30,94,"94",6,6,0.2,0.2,8.1,-0.7416,11
"month","2021-11","loto",30,97,"97",6,5,0.16666666666666666,0.2,8.1,-0.7416,11
"month","2021-11","loto",30,99,"99",6,6,0.2,0.2,8.1,-0.7416,11
"month","2021-11","loto",30,8,"08",5,5,0.16666666666666666,0.16666666666666666,8.1,-1.0947,12
"month","2021-11","loto",30,9,"09",5,5,0.16666666666666666,0.16666666666666666,8.1,-1.0947,12
"month","2021-11","loto",30,14,"14",5,5,0.16666666666666666,0.16666666666666666,8.1,-1.0947,12
"month","2021-11","loto",30,17,"17",5,4,0.13333333333333333,0.16666666666666666,8.1,-1.0947,12
"month","2021-11","loto",30,22,"22",5,5,0.16666666666666666,0.16666666666666666,8.1,-1.0947,12
"month","2021-11","loto",30,25,"25",5,5,0.16666666666666666,0.16666666666666666,8.1,-1.0947,12
"month","2021-11","loto",30,35,"35",5,4,0.13333333333333333,0.16666666666666666,8.1,-1.0947,12
"month","2021-11","loto",30,36,"36",5,4,0.13333333333333333,0.16666666666666666,8.1,-1.0947,12
"month","2021-11","loto",30,39,"39",5,4,0.13333333333333333,0.16666666666666666,8.1,-1.0947,12
"month","2021-11","loto",30,49,"49",5,5,0.16666666666666666,0.16666666666666666,8.1,-1.0947,12
"month","2021-11","loto",30,54,"54",5,5,0.16666666666666666,0.16666666666666666,8.1,-1.0947,12
"month","2021-11","loto",30,65,"65",5,5,0.16666666666666666,0.16666666666666666,8.1,-1.0947,12
"month","2021-11","loto",30,77,"77",5,4,0.13333333333333333,0.16666666666666666,8.1,-1.0947,12
"month","2021-11","loto",30,86,"86",5,4,0.13333333333333333,0.16666666666666666,8.1,-1.0947,12
"month","2021-11","loto",30,18,"18",4,4,0.13333333333333333,0.13333333333333333,8.1,-1.4479,13
"month","2021-11","loto",30,48,"48",4,4,0.13333333333333333,0.13333333333333333,8.1,-1.4479,13
"month","2021-11","loto",30,53,"53",4,4,0.13333333333333333,0.13333333333333333,8.1,-1.4479,13
"month","2021-11","loto",30,58,"58",4,4,0.13333333333333333,0.13333333333333333,8.1,-1.4479,13
"month","2021-11","loto",30,59,"59",4,4,0.13333333333333333,0.13333333333333333,8.1,-1.4479,13
"month","2021-11","loto",30,51,"51",2,2,0.06666666666666667,0.06666666666666667,8.1,-2.1541,14
"month","2021-12","loto",31,76,"76",18,15,0.4838709677419355,0.5806451612903226,8.37,3.3454,1
"month","2021-12","loto",31,81,"81",15,13,0.41935483870967744,0.4838709677419355,8.37,2.3032,2
"month","2021-12","loto",31,12,"12",14,12,0.3870967741935484,0.45161290322580644,8.37,1.9558,3
"month","2021-12","loto",31,68,"68",14,11,0.3548387096774194,0.45161290322580644,8.37,1.9558,3
"month","2021-12","loto",31,3,"03",13,11,0.3548387096774194,0.41935483870967744,8.37,1.6084,4
"month","2021-12","loto",31,42,"42",13,11,0.3548387096774194,0.41935483870967744,8.37,1.6084,4
"month","2021-12","loto",31,61,"61",13,10,0.3225806451612903,0.41935483870967744,8.37,1.6084,4
"month","2021-12","loto",31,85,"85",13,10,0.3225806451612903,0.41935483870967744,8.37,1.6084,4
"month","2021-12","loto",31,0,"00",12,10,0.3225806451612903,0.3870967741935484,8.37,1.261,5
"month","2021-12","loto",31,11,"11",12,9,0.2903225806451613,0.3870967741935484,8.37,1.261,5
"month","2021-12","loto",31,17,"17",12,11,0.3548387096774194,0.3870967741935484,8.37,1.261,5
"month","2021-12","loto",31,23,"23",12,11,0.3548387096774194,0.3870967741935484,8.37,1.261,5
"month","2021-12","loto",31,32,"32",12,8,0.25806451612903225,0.3870967741935484,8.37,1.261,5
"month","2021-12","loto",31,67,"67",12,11,0.3548387096774194,0.3870967741935484,8.37,1.261,5
"month","2021-12","loto",31,45,"45",11,10,0.3225806451612903,0.3548387096774194,8.37,0.9136,6
"month","2021-12","loto",31,52,"52",11,9,0.2903225806451613,0.3548387096774194,8.37,0.9136,6
"month","2021-12","loto",31,70,"70",11,9,0.2903225806451613,0.3548387096774194,8.37,0.9136,6
"month","2021-12","loto",31,74,"74",11,8,0.25806451612903225,0.3548387096774194,8.37,0.9136,6
"month","2021-12","loto",31,79,"79",11,9,0.2903225806451613,0.3548387096774194,8.37,0.9136,6
"month","2021-12","loto",31,80,"80",11,9,0.2903225806451613,0.3548387096774194,8.37,0.9136,6
"month","2021-12","loto",31,90,"90",11,9,0.2903225806451613,0.3548387096774194,8.37,0.9136,6
"month","2021-12","loto",31,5,"05",10,8,0.25806451612903225,0.3225806451612903,8.37,0.5662,7
"month","2021-12","loto",31,31,"31",10,10,0.3225806451612903,0.3225806451612903,8.37,0.5662,7
"month","2021-12","loto",31,41,"41",10,9,0.2903225806451613,0.3225806451612903,8.37,0.5662,7
"month","2021-12","loto",31,44,"44",10,7,0.22580645161290322,0.3225806451612903,8.37,0.5662,7
"month","2021-12","loto",31,46,"46",10,10,0.3225806451612903,0.3225806451612903,8.37,0.5662,7
"month","2021-12","loto",31,69,"69",10,7,0.22580645161290322,0.3225806451612903,8.37,0.5662,7
"month","2021-12","loto",31,88,"88",10,9,0.2903225806451613,0.3225806451612903,8.37,0.5662,7
"month","2021-12","loto",31,93,"93",10,10,0.3225806451612903,0.3225806451612903,8.37,0.5662,7
"month","2021-12","loto",31,94,"94",10,8,0.25806451612903225,0.3225806451612903,8.37,0.5662,7
"month","2021-12","loto",31,97,"97",10,8,0.25806451612903225,0.3225806451612903,8.37,0.5662,7
"month","2021-12","loto",31,14,"14",9,9,0.2903225806451613,0.2903225806451613,8.37,0.2189,8
"month","2021-12","loto",31,15,"15",9,8,0.25806451612903225,0.2903225806451613,8.37,0.2189,8
"month","2021-12","loto",31,21,"21",9,6,0.1935483870967742,0.2903225806451613,8.37,0.2189,8
"month","2021-12","loto",31,25,"25",9,8,0.25806451612903225,0.2903225806451613,8.37,0.2189,8
"month","2021-12","loto",31,37,"37",9,9,0.2903225806451613,0.2903225806451613,8.37,0.2189,8
"month","2021-12","loto",31,49,"49",9,7,0.22580645161290322,0.2903225806451613,8.37,0.2189,8
"month","2021-12","loto",31,62,"62",9,6,0.1935483870967742,0.2903225806451613,8.37,0.2189,8
"month","2021-12","loto",31,63,"63",9,9,0.2903225806451613,0.2903225806451613,8.37,0.2189,8
"month","2021-12","loto",31,71,"71",9,7,0.22580645161290322,0.2903225806451613,8.37,0.2189,8
"month","2021-12","loto",31,77,"77",9,6,0.1935483870967742,0.2903225806451613,8.37,0.2189,8
"month","2021-12","loto",31,87,"87",9,8,0.25806451612903225,0.2903225806451613,8.37,0.2189,8
"month","2021-12","loto",31,2,"02",8,6,0.1935483870967742,0.25806451612903225,8.37,-0.1285,9
"month","2021-12","loto",31,4,"04",8,6,0.1935483870967742,0.25806451612903225,8.37,-0.1285,9
"month","2021-12","loto",31,6,"06",8,6,0.1935483870967742,0.25806451612903225,8.37,-0.1285,9
"month","2021-12","loto",31,16,"16",8,6,0.1935483870967742,0.25806451612903225,8.37,-0.1285,9
"month","2021-12","loto",31,22,"22",8,7,0.22580645161290322,0.25806451612903225,8.37,-0.1285,9
"month","2021-12","loto",31,24,"24",8,6,0.1935483870967742,0.25806451612903225,8.37,-0.1285,9
"month","2021-12","loto",31,29,"29",8,7,0.22580645161290322,0.25806451612903225,8.37,-0.1285,9
"month","2021-12","loto",31,33,"33",8,6,0.1935483870967742,0.25806451612903225,8.37,-0.1285,9
"month","2021-12","loto",31,34,"34",8,8,0.25806451612903225,0.25806451612903225,8.37,-0.1285,9
"month","2021-12","loto",31,35,"35",8,7,0.22580645161290322,0.25806451612903225,8.37,-0.1285,9
"month","2021-12","loto",31,43,"43",8,8,0.25806451612903225,0.25806451612903225,8.37,-0.1285,9
"month","2021-12","loto",31,47,"47",8,7,0.22580645161290322,0.25806451612903225,8.37,-0.1285,9
"month","2021-12","loto",31,53,"53",8,8,0.25806451612903225,0.25806451612903225,8.37,-0.1285,9
"month","2021-12","loto",31,57,"57",8,7,0.22580645161290322,0.25806451612903225,8.37,-0.1285,9
"month","2021-12","loto",31,64,"64",8,8,0.25806451612903225,0.25806451612903225,8.37,-0.1285,9
"month","2021-12","loto",31,73,"73",8,8,0.25806451612903225,0.25806451612903225,8.37,-0.1285,9
"month","2021-12","loto",31,78,"78",8,5,0.16129032258064516,0.25806451612903225,8.37,-0.1285,9
"month","2021-12","loto",31,89,"89",8,7,0.22580645161290322,0.25806451612903225,8.37,-0.1285,9
"month","2021-12","loto",31,92,"92",8,7,0.22580645161290322,0.25806451612903225,8.37,-0.1285,9
"month","2021-12","loto",31,99,"99",8,7,0.22580645161290322,0.25806451612903225,8.37,-0.1285,9
"month","2021-12","loto",31,7,"07",7,7,0.22580645161290322,0.22580645161290322,8.37,-0.4759,10
"month","2021-12","loto",31,8,"08",7,7,0.22580645161290322,0.22580645161290322,8.37,-0.4759,10
"month","2021-12","loto",31,9,"09",7,6,0.1935483870967742,0.22580645161290322,8.37,-0.4759,10
"month","2021-12","loto",31,10,"10",7,6,0.1935483870967742,0.22580645161290322,8.37,-0.4759,10
"month","2021-12","loto",31,20,"20",7,7,0.22580645161290322,0.22580645161290322,8.37,-0.4759,10
"month","2021-12","loto",31,26,"26",7,7,0.22580645161290322,0.22580645161290322,8.37,-0.4759,10
"month","2021-12","loto",31,27,"27",7,6,0.1935483870967742,0.22580645161290322,8.37,-0.4759,10
"month","2021-12","loto",31,51,"51",7,7,0.22580645161290322,0.22580645161290322,8.37,-0.4759,10
"month","2021-12","loto",31,54,"54",7,6,0.1935483870967742,0.22580645161290322,8.37,-0.4759,10
"month","2021-12","loto",31,59,"59",7,6,0.1935483870967742,0.22580645161290322,8.37,-0.4759,10
"month","2021-12","loto",31,65,"65",7,6,0.1935483870967742,0.22580645161290322,8.37,-0.4759,10
"month","2021-12","loto",31,83,"83",7,7,0.22580645161290322,0.22580645161290322,8.37,-0.4759,10
"month","2021-12","loto",31,91,"91",7,7,0.22580645161290322,0.22580645161290322,8.37,-0.4759,10
"month","2021-12","loto",31,95,"95",7,7,0.22580645161290322,0.22580645161290322,8.37,-0.4759,10
"month","2021-12","loto",31,28,"28",6,5,0.16129032258064516,0.1935483870967742,8.37,-0.8233,11
"month","2021-12","loto",31,30,"30",6,5,0.16129032258064516,0.1935483870967742,8.37,-0.8233,11
"month","2021-12","loto",31,50,"50",6,5,0.16129032258064516,0.1935483870967742,8.37,-0.8233,11
"month","2021-12","loto",31,56,"56",6,5,0.16129032258064516,0.1935483870967742,8.37,-0.8233,11
"month","2021-12","loto",31,66,"66",6,5,0.16129032258064516,0.1935483870967742,8.37,-0.8233,11
"month","2021-12","loto",31,72,"72",6,5,0.16129032258064516,0.1935483870967742,8.37,-0.8233,11
"month","2021-12","loto",31,98,"98",6,6,0.1935483870967742,0.1935483870967742,8.37,-0.8233,11
"month","2021-12","loto",31,1,"01",5,5,0.16129032258064516,0.16129032258064516,8.37,-1.1707,12
"month","2021-12","loto",31,18,"18",5,5,0.16129032258064516,0.16129032258064516,8.37,-1.1707,12
"month","2021-12","loto",31,36,"36",5,5,0.16129032258064516,0.16129032258064516,8.37,-1.1707,12
"month","2021-12","loto",31,38,"38",5,3,0.0967741935483871,0.16129032258064516,8.37,-1.1707,12
"month","2021-12","loto",31,40,"40",5,4,0.12903225806451613,0.16129032258064516,8.37,-1.1707,12
"month","2021-12","loto",31,48,"48",5,5,0.16129032258064516,0.16129032258064516,8.37,-1.1707,12
"month","2021-12","loto",31,58,"58",5,5,0.16129032258064516,0.16129032258064516,8.37,-1.1707,12
"month","2021-12","loto",31,60,"60",5,5,0.16129032258064516,0.16129032258064516,8.37,-1.1707,12
"month","2021-12","loto",31,75,"75",5,5,0.16129032258064516,0.16129032258064516,8.37,-1.1707,12
"month","2021-12","loto",31,86,"86",5,4,0.12903225806451613,0.16129032258064516,8.37,-1.1707,12
"month","2021-12","loto",31,13,"13",4,4,0.12903225806451613,0.12903225806451613,8.37,-1.5181,13
"month","2021-12","loto",31,39,"39",4,3,0.0967741935483871,0.12903225806451613,8.37,-1.5181,13
"month","2021-12","loto",31,82,"82",4,3,0.0967741935483871,0.12903225806451613,8.37,-1.5181,13
"month","2021-12","loto",31,84,"84",4,4,0.12903225806451613,0.12903225806451613,8.37,-1.5181,13
"month","2021-12","loto",31,96,"96",4,3,0.0967741935483871,0.12903225806451613,8.37,-1.5181,13
"month","2021-12","loto",31,19,"19",3,3,0.0967741935483871,0.0967741935483871,8.37,-1.8655,14
"month","2021-12","loto",31,55,"55",3,2,0.06451612903225806,0.0967741935483871,8.37,-1.8655,14
"month","2022-01","loto",30,64,"64",14,9,0.3,0.4666666666666667,8.1,2.0835,1
"month","2022-01","loto",30,92,"92",14,12,0.4,0.4666666666666667,8.1,2.0835,1
"month","2022-01","loto",30,18,"18",13,10,0.3333333333333333,0.43333333333333335,8.1,1.7304,2
"month","2022-01","loto",30,38,"38",13,12,0.4,0.43333333333333335,8.1,1.7304,2
"month","2022-01","loto",30,40,"40",13,10,0.3333333333333333,0.43333333333333335,8.1,1.7304,2
"month","2022-01","loto",30,71,"71",13,10,0.3333333333333333,0.43333333333333335,8.1,1.7304,2
"month","2022-01","loto",30,22,"22",12,12,0.4,0.4,8.1,1.3772,3
"month","2022-01","loto",30,41,"41",12,8,0.26666666666666666,0.4,8.1,1.3772,3
"month","2022-01","loto",30,58,"58",12,11,0.36666666666666664,0.4,8.1,1.3772,3
"month","2022-01","loto",30,89,"89",12,8,0.26666666666666666,0.4,8.1,1.3772,3
"month","2022-01","loto",30,1,"01",11,9,0.3,0.36666666666666664,8.1,1.0241,4
"month","2022-01","loto",30,2,"02",11,10,0.3333333333333333,0.36666666666666664,8.1,1.0241,4
"month","2022-01","loto",30,4,"04",11,10,0.3333333333333333,0.36666666666666664,8.1,1.0241,4
"month","2022-01","loto",30,5,"05",11,10,0.3333333333333333,0.36666666666666664,8.1,1.0241,4
"month","2022-01","loto",30,16,"16",11,10,0.3333333333333333,0.36666666666666664,8.1,1.0241,4
"month","2022-01","loto",30,25,"25",11,9,0.3,0.36666666666666664,8.1,1.0241,4
"month","2022-01","loto",30,28,"28",11,8,0.26666666666666666,0.36666666666666664,8.1,1.0241,4
"month","2022-01","loto",30,30,"30",11,11,0.36666666666666664,0.36666666666666664,8.1,1.0241,4
"month","2022-01","loto",30,44,"44",11,9,0.3,0.36666666666666664,8.1,1.0241,4
"month","2022-01","loto",30,52,"52",11,9,0.3,0.36666666666666664,8.1,1.0241,4
"month","2022-01","loto",30,84,"84",11,11,0.36666666666666664,0.36666666666666664,8.1,1.0241,4
"month","2022-01","loto",30,99,"99",11,10,0.3333333333333333,0.36666666666666664,8.1,1.0241,4
"month","2022-01","loto",30,7,"07",10,9,0.3,0.3333333333333333,8.1,0.671,5
"month","2022-01","loto",30,8,"08",10,9,0.3,0.3333333333333333,8.1,0.671,5
"month","2022-01","loto",30,19,"19",10,9,0.3,0.3333333333333333,8.1,0.671,5
"month","2022-01","loto",30,33,"33",10,9,0.3,0.3333333333333333,8.1,0.671,5
"month","2022-01","loto",30,36,"36",10,10,0.3333333333333333,0.3333333333333333,8.1,0.671,5
"month","2022-01","loto",30,39,"39",10,8,0.26666666666666666,0.3333333333333333,8.1,0.671,5
"month","2022-01","loto",30,51,"51",10,10,0.3333333333333333,0.3333333333333333,8.1,0.671,5
"month","2022-01","loto",30,55,"55",10,9,0.3,0.3333333333333333,8.1,0.671,5
"month","2022-01","loto",30,0,"00",9,7,0.23333333333333334,0.3,8.1,0.3178,6
"month","2022-01","loto",30,6,"06",9,8,0.26666666666666666,0.3,8.1,0.3178,6
"month","2022-01","loto",30,21,"21",9,9,0.3,0.3,8.1,0.3178,6
"month","2022-01","loto",30,27,"27",9,8,0.26666666666666666,0.3,8.1,0.3178,6
"month","2022-01","loto",30,46,"46",9,8,0.26666666666666666,0.3,8.1,0.3178,6
"month","2022-01","loto",30,53,"53",9,8,0.26666666666666666,0.3,8.1,0.3178,6
"month","2022-01","loto",30,54,"54",9,8,0.26666666666666666,0.3,8.1,0.3178,6
"month","2022-01","loto",30,56,"56",9,9,0.3,0.3,8.1,0.3178,6
"month","2022-01","loto",30,77,"77",9,9,0.3,0.3,8.1,0.3178,6
"month","2022-01","loto",30,81,"81",9,7,0.23333333333333334,0.3,8.1,0.3178,6
"month","2022-01","loto",30,94,"94",9,9,0.3,0.3,8.1,0.3178,6
"month","2022-01","loto",30,20,"20",8,8,0.26666666666666666,0.26666666666666666,8.1,-0.0353,7
"month","2022-01","loto",30,37,"37",8,7,0.23333333333333334,0.26666666666666666,8.1,-0.0353,7
"month","2022-01","loto",30,43,"43",8,7,0.23333333333333334,0.26666666666666666,8.1,-0.0353,7
"month","2022-01","loto",30,48,"48",8,6,0.2,0.26666666666666666,8.1,-0.0353,7
"month","2022-01","loto",30,60,"60",8,8,0.26666666666666666,0.26666666666666666,8.1,-0.0353,7
"month","2022-01","loto",30,61,"61",8,8,0.26666666666666666,0.26666666666666666,8.1,-0.0353,7
"month","2022-01","loto",30,62,"62",8,7,0.23333333333333334,0.26666666666666666,8.1,-0.0353,7
"month","2022-01","loto",30,65,"65",8,8,0.26666666666666666,0.26666666666666666,8.1,-0.0353,7
"month","2022-01","loto",30,68,"68",8,8,0.26666666666666666,0.26666666666666666,8.1,-0.0353,7
"month","2022-01","loto",30,69,"69",8,8,0.26666666666666666,0.26666666666666666,8.1,-0.0353,7
"month","2022-01","loto",30,78,"78",8,7,0.23333333333333334,0.26666666666666666,8.1,-0.0353,7
"month","2022-01","loto",30,87,"87",8,5,0.16666666666666666,0.26666666666666666,8.1,-0.0353,7
"month","2022-01","loto",30,95,"95",8,6,0.2,0.26666666666666666,8.1,-0.0353,7
"month","2022-01","loto",30,97,"97",8,7,0.23333333333333334,0.26666666666666666,8.1,-0.0353,7
"month","2022-01","loto",30,9,"09",7,7,0.23333333333333334,0.23333333333333334,8.1,-0.3884,8
"month","2022-01","loto",30,24,"24",7,7,0.23333333333333334,0.23333333333333334,8.1,-0.3884,8
"month","2022-01","loto",30,26,"26",7,5,0.16666666666666666,0.23333333333333334,8.1,-0.3884,8
"month","2022-01","loto",30,29,"29",7,6,0.2,0.23333333333333334,8.1,-0.3884,8
"month","2022-01","loto",30,45,"45",7,6,0.2,0.23333333333333334,8.1,-0.3884,8
"month","2022-01","loto",30,57,"57",7,7,0.23333333333333334,0.23333333333333334,8.1,-0.3884,8
"month","2022-01","loto",30,59,"59",7,7,0.23333333333333334,0.23333333333333334,8.1,-0.3884,8
"month","2022-01","loto",30,63,"63",7,6,0.2,0.23333333333333334,8.1,-0.3884,8
"month","2022-01","loto",30,66,"66",7,5,0.16666666666666666,0.23333333333333334,8.1,-0.3884,8
"month","2022-01","loto",30,67,"67",7,6,0.2,0.23333333333333334,8.1,-0.3884,8
"month","2022-01","loto",30,76,"76",7,6,0.2,0.23333333333333334,8.1,-0.3884,8
"month","2022-01","loto",30,79,"79",7,5,0.16666666666666666,0.23333333333333334,8.1,-0.3884,8
"month","2022-01","loto",30,82,"82",7,6,0.2,0.23333333333333334,8.1,-0.3884,8
"month","2022-01","loto",30,88,"88",7,6,0.2,0.23333333333333334,8.1,-0.3884,8
"month","2022-01","loto",30,93,"93",7,6,0.2,0.23333333333333334,8.1,-0.3884,8
"month","2022-01","loto",30,96,"96",7,7,0.23333333333333334,0.23333333333333334,8.1,-0.3884,8
"month","2022-01","loto",30,98,"98",7,6,0.2,0.23333333333333334,8.1,-0.3884,8
"month","2022-01","loto",30,3,"03",6,6,0.2,0.2,8.1,-0.7416,9
"month","2022-01","loto",30,23,"23",6,6,0.2,0.2,8.1,-0.7416,9
"month","2022-01","loto",30,31,"31",6,6,0.2,0.2,8.1,-0.7416,9
"month","2022-01","loto",30,32,"32",6,6,0.2,0.2,8.1,-0.7416,9
"month","2022-01","loto",30,35,"35",6,6,0.2,0.2,8.1,-0.7416,9
"month","2022-01","loto",30,47,"47",6,6,0.2,0.2,8.1,-0.7416,9
"month","2022-01","loto",30,49,"49",6,6,0.2,0.2,8.1,-0.7416,9
"month","2022-01","loto",30,70,"70",6,6,0.2,0.2,8.1,-0.7416,9
"month","2022-01","loto",30,72,"72",6,6,0.2,0.2,8.1,-0.7416,9
"month","2022-01","loto",30,73,"73",6,5,0.16666666666666666,0.2,8.1,-0.7416,9
"month","2022-01","loto",30,74,"74",6,5,0.16666666666666666,0.2,8.1,-0.7416,9
"month","2022-01","loto",30,75,"75",6,6,0.2,0.2,8.1,-0.7416,9
"month","2022-01","loto",30,86,"86",6,5,0.16666666666666666,0.2,8.1,-0.7416,9
"month","2022-01","loto",30,90,"90",6,6,0.2,0.2,8.1,-0.7416,9
"month","2022-01","loto",30,10,"10",5,5,0.16666666666666666,0.16666666666666666,8.1,-1.0947,10
"month","2022-01","loto",30,12,"12",5,3,0.1,0.16666666666666666,8.1,-1.0947,10
"month","2022-01","loto",30,13,"13",5,5,0.16666666666666666,0.16666666666666666,8.1,-1.0947,10
"month","2022-01","loto",30,14,"14",5,5,0.16666666666666666,0.16666666666666666,8.1,-1.0947,10
"month","2022-01","loto",30,34,"34",5,4,0.13333333333333333,0.16666666666666666,8.1,-1.0947,10
"month","2022-01","loto",30,85,"85",5,4,0.13333333333333333,0.16666666666666666,8.1,-1.0947,10
"month","2022-01","loto",30,91,"91",5,5,0.16666666666666666,0.16666666666666666,8.1,-1.0947,10
"month","2022-01","loto",30,11,"11",4,4,0.13333333333333333,0.13333333333333333,8.1,-1.4479,11
"month","2022-01","loto",30,17,"17",4,4,0.13333333333333333,0.13333333333333333,8.1,-1.4479,11
"month","2022-01","loto",30,50,"50",4,4,0.13333333333333333,0.13333333333333333,8.1,-1.4479,11
"month","2022-01","loto",30,80,"80",3,2,0.06666666666666667,0.1,8.1,-1.801,12
"month","2022-01","loto",30,15,"15",2,2,0.06666666666666667,0.06666666666666667,8.1,-2.1541,13
"month","2022-01","loto",30,42,"42",2,2,0.06666666666666667,0.06666666666666667,8.1,-2.1541,13
"month","2022-01","loto",30,83,"83",2,2,0.06666666666666667,0.06666666666666667,8.1,-2.1541,13
"month","2022-02","loto",25,97,"97",14,13,0.52,0.56,6.75,2.8046,1
"month","2022-02","loto",25,65,"65",13,12,0.48,0.52,6.75,2.4177,2
"month","2022-02","loto",25,27,"27",12,9,0.36,0.48,6.75,2.0309,3
"month","2022-02","loto",25,98,"98",12,10,0.4,0.48,6.75,2.0309,3
"month","2022-02","loto",25,34,"34",11,10,0.4,0.44,6.75,1.6441,4
"month","2022-02","loto",25,54,"54",11,11,0.44,0.44,6.75,1.6441,4
"month","2022-02","loto",25,96,"96",11,7,0.28,0.44,6.75,1.6441,4
"month","2022-02","loto",25,3,"03",10,9,0.36,0.4,6.75,1.2572,5
"month","2022-02","loto",25,18,"18",10,8,0.32,0.4,6.75,1.2572,5
"month","2022-02","loto",25,24,"24",10,7,0.28,0.4,6.75,1.2572,5
"month","2022-02","loto",25,64,"64",10,9,0.36,0.4,6.75,1.2572,5
"month","2022-02","loto",25,68,"68",10,7,0.28,0.4,6.75,1.2572,5
"month","2022-02","loto",25,72,"72",10,7,0.28,0.4,6.75,1.2572,5
"month","2022-02","loto",25,91,"91",10,10,0.4,0.4,6.75,1.2572,5
"month","2022-02","loto",25,92,"92",10,10,0.4,0.4,6.75,1.2572,5
"month","2022-02","loto",25,1,"01",9,8,0.32,0.36,6.75,0.8704,6
"month","2022-02","loto",25,15,"15",9,8,0.32,0.36,6.75,0.8704,6
"month","2022-02","loto",25,19,"19",9,8,0.32,0.36,6.75,0.8704,6
"month","2022-02","loto",25,26,"26",9,6,0.24,0.36,6.75,0.8704,6
"month","2022-02","loto",25,28,"28",9,7,0.28,0.36,6.75,0.8704,6
"month","2022-02","loto",25,32,"32",9,7,0.28,0.36,6.75,0.8704,6
"month","2022-02","loto",25,53,"53",9,8,0.32,0.36,6.75,0.8704,6
"month","2022-02","loto",25,59,"59",9,8,0.32,0.36,6.75,0.8704,6
"month","2022-02","loto",25,67,"67",9,8,0.32,0.36,6.75,0.8704,6
"month","2022-02","loto",25,71,"71",9,9,0.36,0.36,6.75,0.8704,6
"month","2022-02","loto",25,76,"76",9,8,0.32,0.36,6.75,0.8704,6
"month","2022-02","loto",25,79,"79",9,6,0.24,0.36,6.75,0.8704,6
"month","2022-02","loto",25,4,"04",8,8,0.32,0.32,6.75,0.4835,7
"month","2022-02","loto",25,5,"05",8,8,0.32,0.32,6.75,0.4835,7
"month","2022-02","loto",25,20,"20",8,8,0.32,0.32,6.75,0.4835,7
"month","2022-02","loto",25,33,"33",8,7,0.28,0.32,6.75,0.4835,7
"month","2022-02","loto",25,48,"48",8,8,0.32,0.32,6.75,0.4835,7
"month","2022-02","loto",25,49,"49",8,8,0.32,0.32,6.75,0.4835,7
"month","2022-02","loto",25,50,"50",8,7,0.28,0.32,6.75,0.4835,7
"month","2022-02","loto",25,57,"57",8,7,0.28,0.32,6.75,0.4835,7
"month","2022-02","loto",25,60,"60",8,7,0.28,0.32,6.75,0.4835,7
"month","2022-02","loto",25,62,"62",8,6,0.24,0.32,6.75,0.4835,7
"month","2022-02","loto",25,77,"77",8,8,0.32,0.32,6.75,0.4835,7
"month","2022-02","loto",25,87,"87",8,8,0.32,0.32,6.75,0.4835,7
"month","2022-02","loto",25,93,"93",8,7,0.28,0.32,6.75,0.4835,7
"month","2022-02","loto",25,94,"94",8,7,0.28,0.32,6.75,0.4835,7
"month","2022-02","loto",25,2,"02",7,6,0.24,0.28,6.75,0.0967,8
"month","2022-02","loto",25,9,"09",7,5,0.2,0.28,6.75,0.0967,8
"month","2022-02","loto",25,31,"31",7,6,0.24,0.28,6.75,0.0967,8
"month","2022-02","loto",25,37,"37",7,7,0.28,0.28,6.75,0.0967,8
"month","2022-02","loto",25,47,"47",7,7,0.28,0.28,6.75,0.0967,8
"month","2022-02","loto",25,61,"61",7,6,0.24,0.28,6.75,0.0967,8
"month","2022-02","loto",25,63,"63",7,7,0.28,0.28,6.75,0.0967,8
"month","2022-02","loto",25,80,"80",7,5,0.2,0.28,6.75,0.0967,8
"month","2022-02","loto",25,7,"07",6,4,0.16,0.24,6.75,-0.2901,9
"month","2022-02","loto",25,12,"12",6,6,0.24,0.24,6.75,-0.2901,9
"month","2022-02","loto",25,17,"17",6,4,0.16,0.24,6.75,-0.2901,9
"month","2022-02","loto",25,25,"25",6,6,0.24,0.24,6.75,-0.2901,9
"month","2022-02","loto",25,38,"38",6,5,0.2,0.24,6.75,-0.2901,9
"month","2022-02","loto",25,39,"39",6,6,0.24,0.24,6.75,-0.2901,9
"month","2022-02","loto",25,40,"40",6,5,0.2,0.24,6.75,-0.2901,9
"month","2022-02","loto",25,41,"41",6,4,0.16,0.24,6.75,-0.2901,9
"month","2022-02","loto",25,43,"43",6,6,0.24,0.24,6.75,-0.2901,9
"month","2022-02","loto",25,51,"51",6,5,0.2,0.24,6.75,-0.2901,9
"month","2022-02","loto",25,55,"55",6,6,0.24,0.24,6.75,-0.2901,9
"month","2022-02","loto",25,56,"56",6,5,0.2,0.24,6.75,-0.2901,9
"month","2022-02","loto",25,58,"58",6,5,0.2,0.24,6.75,-0.2901,9
"month","2022-02","loto",25,73,"73",6,6,0.24,0.24,6.75,-0.2901,9
"month","2022-02","loto",25,75,"75",6,5,0.2,0.24,6.75,-0.2901,9
"month","2022-02","loto",25,83,"83",6,6,0.24,0.24,6.75,-0.2901,9
"month","2022-02","loto",25,84,"84",6,5,0.2,0.24,6.75,-0.2901,9
"month","2022-02","loto",25,99,"99",6,6,0.24,0.24,6.75,-0.2901,9
"month","2022-02","loto",25,0,"00",5,4,0.16,0.2,6.75,-0.677,10
"month","2022-02","loto",25,8,"08",5,4,0.16,0.2,6.75,-0.677,10
"month","2022-02","loto",25,10,"10",5,4,0.16,0.2,6.75,-0.677,10
"month","2022-02","loto",25,14,"14",5,5,0.2,0.2,6.75,-0.677,10
"month","2022-02","loto",25,46,"46",5,5,0.2,0.2,6.75,-0.677,10
"month","2022-02","loto",25,81,"81",5,5,0.2,0.2,6.75,-0.677,10
"month","2022-02","loto",25,89,"89",5,5,0.2,0.2,6.75,-0.677,10
"month","2022-02","loto",25,95,"95",5,5,0.2,0.2,6.75,-0.677,10
"month","2022-02","loto",25,11,"11",4,3,0.12,0.16,6.75,-1.0638,11
"month","2022-02","loto",25,16,"16",4,3,0.12,0.16,6.75,-1.0638,11
"month","2022-02","loto",25,21,"21",4,3,0.12,0.16,6.75,-1.0638,11
"month","2022-02","loto",25,22,"22",4,2,0.08,0.16,6.75,-1.0638,11
"month","2022-02","loto",25,29,"29",4,4,0.16,0.16,6.75,-1.0638,11
"month","2022-02","loto",25,30,"30",4,3,0.12,0.16,6.75,-1.0638,11
"month","2022-02","loto",25,42,"42",4,4,0.16,0.16,6.75,-1.0638,11
"month","2022-02","loto",25,44,"44",4,4,0.16,0.16,6.75,-1.0638,11
"month","2022-02","loto",25,45,"45",4,4,0.16,0.16,6.75,-1.0638,11
"month","2022-02","loto",25,52,"52",4,4,0.16,0.16,6.75,-1.0638,11
"month","2022-02","loto",25,70,"70",4,4,0.16,0.16,6.75,-1.0638,11
"month","2022-02","loto",25,74,"74",4,4,0.16,0.16,6.75,-1.0638,11
"month","2022-02","loto",25,85,"85",4,4,0.16,0.16,6.75,-1.0638,11
"month","2022-02","loto",25,88,"88",4,4,0.16,0.16,6.75,-1.0638,11
"month","2022-02","loto",25,6,"06",3,3,0.12,0.12,6.75,-1.4506,12
"month","2022-02","loto",25,13,"13",3,3,0.12,0.12,6.75,-1.4506,12
"month","2022-02","loto",25,23,"23",3,3,0.12,0.12,6.75,-1.4506,12
"month","2022-02","loto",25,66,"66",3,3,0.12,0.12,6.75,-1.4506,12
"month","2022-02","loto",25,69,"69",3,3,0.12,0.12,6.75,-1.4506,12
"month","2022-02","loto",25,78,"78",3,3,0.12,0.12,6.75,-1.4506,12
"month","2022-02","loto",25,82,"82",3,3,0.12,0.12,6.75,-1.4506,12
"month","2022-02","loto",25,86,"86",3,2,0.08,0.12,6.75,-1.4506,12
"month","2022-02","loto",25,90,"90",3,3,0.12,0.12,6.75,-1.4506,12
"month","2022-02","loto",25,35,"35",2,2,0.08,0.08,6.75,-1.8375,13
"month","2022-02","loto",25,36,"36",2,2,0.08,0.08,6.75,-1.8375,13
"month","2022-03","loto",31,18,"18",17,13,0.41935483870967744,0.5483870967741935,8.37,2.998,1
"month","2022-03","loto",31,12,"12",15,12,0.3870967741935484,0.4838709677419355,8.37,2.3032,2
"month","2022-03","loto",31,13,"13",15,13,0.41935483870967744,0.4838709677419355,8.37,2.3032,2
"month","2022-03","loto",31,48,"48",14,10,0.3225806451612903,0.45161290322580644,8.37,1.9558,3
"month","2022-03","loto",31,54,"54",14,13,0.41935483870967744,0.45161290322580644,8.37,1.9558,3
"month","2022-03","loto",31,63,"63",13,13,0.41935483870967744,0.41935483870967744,8.37,1.6084,4
"month","2022-03","loto",31,74,"74",13,11,0.3548387096774194,0.41935483870967744,8.37,1.6084,4
"month","2022-03","loto",31,2,"02",12,9,0.2903225806451613,0.3870967741935484,8.37,1.261,5
"month","2022-03","loto",31,33,"33",12,9,0.2903225806451613,0.3870967741935484,8.37,1.261,5
"month","2022-03","loto",31,68,"68",12,9,0.2903225806451613,0.3870967741935484,8.37,1.261,5
"month","2022-03","loto",31,70,"70",12,10,0.3225806451612903,0.3870967741935484,8.37,1.261,5
"month","2022-03","loto",31,79,"79",12,10,0.3225806451612903,0.3870967741935484,8.37,1.261,5
"month","2022-03","loto",31,90,"90",12,10,0.3225806451612903,0.3870967741935484,8.37,1.261,5
"month","2022-03","loto",31,7,"07",11,10,0.3225806451612903,0.3548387096774194,8.37,0.9136,6
"month","2022-03","loto",31,10,"10",11,10,0.3225806451612903,0.3548387096774194,8.37,0.9136,6
"month","2022-03","loto",31,23,"23",11,11,0.3548387096774194,0.3548387096774194,8.37,0.9136,6
"month","2022-03","loto",31,25,"25",11,11,0.3548387096774194,0.3548387096774194,8.37,0.9136,6
"month","2022-03","loto",31,28,"28",11,10,0.3225806451612903,0.3548387096774194,8.37,0.9136,6
"month","2022-03","loto",31,32,"32",11,10,0.3225806451612903,0.3548387096774194,8.37,0.9136,6
"month","2022-03","loto",31,52,"52",11,10,0.3225806451612903,0.3548387096774194,8.37,0.9136,6
"month","2022-03","loto",31,65,"65",11,7,0.22580645161290322,0.3548387096774194,8.37,0.9136,6
"month","2022-03","loto",31,72,"72",11,8,0.25806451612903225,0.3548387096774194,8.37,0.9136,6
"month","2022-03","loto",31,29,"29",10,10,0.3225806451612903,0.3225806451612903,8.37,0.5662,7
"month","2022-03","loto",31,41,"41",10,8,0.25806451612903225,0.3225806451612903,8.37,0.5662,7
"month","2022-03","loto",31,47,"47",10,9,0.2903225806451613,0.3225806451612903,8.37,0.5662,7
"month","2022-03","loto",31,49,"49",10,9,0.2903225806451613,0.3225806451612903,8.37,0.5662,7
"month","2022-03","loto",31,60,"60",10,10,0.3225806451612903,0.3225806451612903,8.37,0.5662,7
"month","2022-03","loto",31,76,"76",10,8,0.25806451612903225,0.3225806451612903,8.37,0.5662,7
"month","2022-03","loto",31,77,"77",10,8,0.25806451612903225,0.3225806451612903,8.37,0.5662,7
"month","2022-03","loto",31,93,"93",10,8,0.25806451612903225,0.3225806451612903,8.37,0.5662,7
"month","2022-03","loto",31,8,"08",9,9,0.2903225806451613,0.2903225806451613,8.37,0.2189,8
"month","2022-03","loto",31,19,"19",9,8,0.25806451612903225,0.2903225806451613,8.37,0.2189,8
"month","2022-03","loto",31,26,"26",9,8,0.25806451612903225,0.2903225806451613,8.37,0.2189,8
"month","2022-03","loto",31,34,"34",9,8,0.25806451612903225,0.2903225806451613,8.37,0.2189,8
"month","2022-03","loto",31,39,"39",9,9,0.2903225806451613,0.2903225806451613,8.37,0.2189,8
"month","2022-03","loto",31,46,"46",9,6,0.1935483870967742,0.2903225806451613,8.37,0.2189,8
"month","2022-03","loto",31,66,"66",9,8,0.25806451612903225,0.2903225806451613,8.37,0.2189,8
"month","2022-03","loto",31,69,"69",9,8,0.25806451612903225,0.2903225806451613,8.37,0.2189,8
"month","2022-03","loto",31,71,"71",9,9,0.2903225806451613,0.2903225806451613,8.37,0.2189,8
"month","2022-03","loto",31,73,"73",9,9,0.2903225806451613,0.2903225806451613,8.37,0.2189,8
"month","2022-03","loto",31,75,"75",9,9,0.2903225806451613,0.2903225806451613,8.37,0.2189,8
"month","2022-03","loto",31,80,"80",9,7,0.22580645161290322,0.2903225806451613,8.37,0.2189,8
"month","2022-03","loto",31,88,"88",9,7,0.22580645161290322,0.2903225806451613,8.37,0.2189,8
"month","2022-03","loto",31,89,"89",9,8,0.25806451612903225,0.2903225806451613,8.37,0.2189,8
"month","2022-03","loto",31,92,"92",9,8,0.25806451612903225,0.2903225806451613,8.37,0.2189,8
"month","2022-03","loto",31,97,"97",9,9,0.2903225806451613,0.2903225806451613,8.37,0.2189,8
"month","2022-03","loto",31,98,"98",9,9,0.2903225806451613,0.2903225806451613,8.37,0.2189,8
"month","2022-03","loto",31,5,"05",8,7,0.22580645161290322,0.25806451612903225,8.37,-0.1285,9
"month","2022-03","loto",31,14,"14",8,6,0.1935483870967742,0.25806451612903225,8.37,-0.1285,9
"month","2022-03","loto",31,20,"20",8,6,0.1935483870967742,0.25806451612903225,8.37,-0.1285,9
"month","2022-03","loto",31,31,"31",8,8,0.25806451612903225,0.25806451612903225,8.37,-0.1285,9
"month","2022-03","loto",31,36,"36",8,6,0.1935483870967742,0.25806451612903225,8.37,-0.1285,9
"month","2022-03","loto",31,40,"40",8,6,0.1935483870967742,0.25806451612903225,8.37,-0.1285,9
"month","2022-03","loto",31,51,"51",8,7,0.22580645161290322,0.25806451612903225,8.37,-0.1285,9
"month","2022-03","loto",31,53,"53",8,8,0.25806451612903225,0.25806451612903225,8.37,-0.1285,9
"month","2022-03","loto",31,59,"59",8,7,0.22580645161290322,0.25806451612903225,8.37,-0.1285,9
"month","2022-03","loto",31,67,"67",8,7,0.22580645161290322,0.25806451612903225,8.37,-0.1285,9
"month","2022-03","loto",31,82,"82",8,7,0.22580645161290322,0.25806451612903225,8.37,-0.1285,9
"month","2022-03","loto",31,85,"85",8,7,0.22580645161290322,0.25806451612903225,8.37,-0.1285,9
"month","2022-03","loto",31,91,"91",8,7,0.22580645161290322,0.25806451612903225,8.37,-0.1285,9
"month","2022-03","loto",31,94,"94",8,7,0.22580645161290322,0.25806451612903225,8.37,-0.1285,9
"month","2022-03","loto",31,1,"01",7,6,0.1935483870967742,0.22580645161290322,8.37,-0.4759,10
"month","2022-03","loto",31,9,"09",7,6,0.1935483870967742,0.22580645161290322,8.37,-0.4759,10
"month","2022-03","loto",31,15,"15",7,5,0.16129032258064516,0.22580645161290322,8.37,-0.4759,10
"month","2022-03","loto",31,24,"24",7,6,0.1935483870967742,0.22580645161290322,8.37,-0.4759,10
"month","2022-03","loto",31,30,"30",7,5,0.16129032258064516,0.22580645161290322,8.37,-0.4759,10
"month","2022-03","loto",31,37,"37",7,6,0.1935483870967742,0.22580645161290322,8.37,-0.4759,10
"month","2022-03","loto",31,38,"38",7,6,0.1935483870967742,0.22580645161290322,8.37,-0.4759,10
"month","2022-03","loto",31,43,"43",7,7,0.22580645161290322,0.22580645161290322,8.37,-0.4759,10
"month","2022-03","loto",31,58,"58",7,7,0.22580645161290322,0.22580645161290322,8.37,-0.4759,10
"month","2022-03","loto",31,81,"81",7,7,0.22580645161290322,0.22580645161290322,8.37,-0.4759,10
"month","2022-03","loto",31,95,"95",7,6,0.1935483870967742,0.22580645161290322,8.37,-0.4759,10
"month","2022-03","loto",31,96,"96",7,7,0.22580645161290322,0.22580645161290322,8.37,-0.4759,10
"month","2022-03","loto",31,0,"00",6,5,0.16129032258064516,0.1935483870967742,8.37,-0.8233,11
"month","2022-03","loto",31,22,"22",6,6,0.1935483870967742,0.1935483870967742,8.37,-0.8233,11
"month","2022-03","loto",31,35,"35",6,5,0.16129032258064516,0.1935483870967742,8.37,-0.8233,11
"month","2022-03","loto",31,44,"44",6,5,0.16129032258064516,0.1935483870967742,8.37,-0.8233,11
"month","2022-03","loto",31,50,"50",6,4,0.12903225806451613,0.1935483870967742,8.37,-0.8233,11
"month","2022-03","loto",31,57,"57",6,6,0.1935483870967742,0.1935483870967742,8.37,-0.8233,11
"month","2022-03","loto",31,61,"61",6,5,0.16129032258064516,0.1935483870967742,8.37,-0.8233,11
"month","2022-03","loto",31,62,"62",6,4,0.12903225806451613,0.1935483870967742,8.37,-0.8233,11
"month","2022-03","loto",31,64,"64",6,6,0.1935483870967742,0.1935483870967742,8.37,-0.8233,11
"month","2022-03","loto",31,83,"83",6,6,0.1935483870967742,0.1935483870967742,8.37,-0.8233,11
"month","2022-03","loto",31,87,"87",6,5,0.16129032258064516,0.1935483870967742,8.37,-0.8233,11
"month","2022-03","loto",31,99,"99",6,6,0.1935483870967742,0.1935483870967742,8.37,-0.8233,11
"month","2022-03","loto",31,3,"03",5,4,0.12903225806451613,0.16129032258064516,8.37,-1.1707,12
"month","2022-03","loto",31,4,"04",5,5,0.16129032258064516,0.16129032258064516,8.37,-1.1707,12
"month","2022-03","loto",31,6,"06",5,5,0.16129032258064516,0.16129032258064516,8.37,-1.1707,12
"month","2022-03","loto",31,17,"17",5,5,0.16129032258064516,0.16129032258064516,8.37,-1.1707,12
"month","2022-03","loto",31,27,"27",5,5,0.16129032258064516,0.16129032258064516,8.37,-1.1707,12
"month","2022-03","loto",31,42,"42",5,5,0.16129032258064516,0.16129032258064516,8.37,-1.1707,12
"month","2022-03","loto",31,56,"56",5,5,0.16129032258064516,0.16129032258064516,8.37,-1.1707,12
"month","2022-03","loto",31,84,"84",5,5,0.16129032258064516,0.16129032258064516,8.37,-1.1707,12
"month","2022-03","loto",31,45,"45",4,4,0.12903225806451613,0.12903225806451613,8.37,-1.5181,13
"month","2022-03","loto",31,55,"55",4,4,0.12903225806451613,0.12903225806451613,8.37,-1.5181,13
"month","2022-03","loto",31,86,"86",4,3,0.0967741935483871,0.12903225806451613,8.37,-1.5181,13
"month","2022-03","loto",31,11,"11",3,3,0.0967741935483871,0.0967741935483871,8.37,-1.8655,14
"month","2022-03","loto",31,16,"16",3,3,0.0967741935483871,0.0967741935483871,8.37,-1.8655,14
"month","2022-03","loto",31,21,"21",3,3,0.0967741935483871,0.0967741935483871,8.37,-1.8655,14
"month","2022-03","loto",31,78,"78",3,3,0.0967741935483871,0.0967741935483871,8.37,-1.8655,14
"month","2022-04","loto",30,18,"18",17,13,0.43333333333333335,0.5666666666666667,8.1,3.1429,1
"month","2022-04","loto",30,41,"41",17,15,0.5,0.5666666666666667,8.1,3.1429,1
"month","2022-04","loto",30,7,"07",14,12,0.4,0.4666666666666667,8.1,2.0835,2
"month","2022-04","loto",30,47,"47",14,9,0.3,0.4666666666666667,8.1,2.0835,2
"month","2022-04","loto",30,70,"70",14,12,0.4,0.4666666666666667,8.1,2.0835,2
"month","2022-04","loto",30,50,"50",13,12,0.4,0.43333333333333335,8.1,1.7304,3
"month","2022-04","loto",30,63,"63",13,9,0.3,0.43333333333333335,8.1,1.7304,3
"month","2022-04","loto",30,66,"66",13,11,0.36666666666666664,0.43333333333333335,8.1,1.7304,3
"month","2022-04","loto",30,1,"01",12,10,0.3333333333333333,0.4,8.1,1.3772,4
"month","2022-04","loto",30,10,"10",12,10,0.3333333333333333,0.4,8.1,1.3772,4
"month","2022-04","loto",30,35,"35",12,11,0.36666666666666664,0.4,8.1,1.3772,4
"month","2022-04","loto",30,45,"45",12,9,0.3,0.4,8.1,1.3772,4
"month","2022-04","loto",30,46,"46",12,11,0.36666666666666664,0.4,8.1,1.3772,4
"month","2022-04","loto",30,55,"55",12,10,0.3333333333333333,0.4,8.1,1.3772,4
"month","2022-04","loto",30,60,"60",12,9,0.3,0.4,8.1,1.3772,4
"month","2022-04","loto",30,65,"65",12,10,0.3333333333333333,0.4,8.1,1.3772,4
"month","2022-04","loto",30,95,"95",12,10,0.3333333333333333,0.4,8.1,1.3772,4
"month","2022-04","loto",30,8,"08",11,10,0.3333333333333333,0.36666666666666664,8.1,1.0241,5
"month","2022-04","loto",30,11,"11",11,10,0.3333333333333333,0.36666666666666664,8.1,1.0241,5
"month","2022-04","loto",30,31,"31",11,8,0.26666666666666666,0.36666666666666664,8.1,1.0241,5
"month","2022-04","loto",30,72,"72",11,9,0.3,0.36666666666666664,8.1,1.0241,5
"month","2022-04","loto",30,75,"75",11,9,0.3,0.36666666666666664,8.1,1.0241,5
"month","2022-04","loto",30,94,"94",11,9,0.3,0.36666666666666664,8.1,1.0241,5
"month","2022-04","loto",30,6,"06",10,8,0.26666666666666666,0.3333333333333333,8.1,0.671,6
"month","2022-04","loto",30,17,"17",10,9,0.3,0.3333333333333333,8.1,0.671,6
"month","2022-04","loto",30,22,"22",10,9,0.3,0.3333333333333333,8.1,0.671,6
"month","2022-04","loto",30,38,"38",10,9,0.3,0.3333333333333333,8.1,0.671,6
"month","2022-04","loto",30,48,"48",10,7,0.23333333333333334,0.3333333333333333,8.1,0.671,6
"month","2022-04","loto",30,62,"62",10,7,0.23333333333333334,0.3333333333333333,8.1,0.671,6
"month","2022-04","loto",30,69,"69",10,8,0.26666666666666666,0.3333333333333333,8.1,0.671,6
"month","2022-04","loto",30,71,"71",10,8,0.26666666666666666,0.3333333333333333,8.1,0.671,6
"month","2022-04","loto",30,76,"76",10,10,0.3333333333333333,0.3333333333333333,8.1,0.671,6
"month","2022-04","loto",30,91,"91",10,8,0.26666666666666666,0.3333333333333333,8.1,0.671,6
"month","2022-04","loto",30,98,"98",10,8,0.26666666666666666,0.3333333333333333,8.1,0.671,6
"month","2022-04","loto",30,5,"05",9,8,0.26666666666666666,0.3,8.1,0.3178,7
"month","2022-04","loto",30,28,"28",9,9,0.3,0.3,8.1,0.3178,7
"month","2022-04","loto",30,36,"36",9,8,0.26666666666666666,0.3,8.1,0.3178,7
"month","2022-04","loto",30,42,"42",9,7,0.23333333333333334,0.3,8.1,0.3178,7
"month","2022-04","loto",30,43,"43",9,8,0.26666666666666666,0.3,8.1,0.3178,7
"month","2022-04","loto",30,53,"53",9,8,0.26666666666666666,0.3,8.1,0.3178,7
"month","2022-04","loto",30,58,"58",9,8,0.26666666666666666,0.3,8.1,0.3178,7
"month","2022-04","loto",30,64,"64",9,9,0.3,0.3,8.1,0.3178,7
"month","2022-04","loto",30,68,"68",9,8,0.26666666666666666,0.3,8.1,0.3178,7
"month","2022-04","loto",30,77,"77",9,8,0.26666666666666666,0.3,8.1,0.3178,7
"month","2022-04","loto",30,83,"83",9,8,0.26666666666666666,0.3,8.1,0.3178,7
"month","2022-04","loto",30,88,"88",9,7,0.23333333333333334,0.3,8.1,0.3178,7
"month","2022-04","loto",30,0,"00",8,8,0.26666666666666666,0.26666666666666666,8.1,-0.0353,8
"month","2022-04","loto",30,2,"02",8,8,0.26666666666666666,0.26666666666666666,8.1,-0.0353,8
"month","2022-04","loto",30,19,"19",8,8,0.26666666666666666,0.26666666666666666,8.1,-0.0353,8
"month","2022-04","loto",30,33,"33",8,6,0.2,0.26666666666666666,8.1,-0.0353,8
"month","2022-04","loto",30,40,"40",8,8,0.26666666666666666,0.26666666666666666,8.1,-0.0353,8
"month","2022-04","loto",30,54,"54",8,8,0.26666666666666666,0.26666666666666666,8.1,-0.0353,8
"month","2022-04","loto",30,67,"67",8,8,0.26666666666666666,0.26666666666666666,8.1,-0.0353,8
"month","2022-04","loto",30,90,"90",8,8,0.26666666666666666,0.26666666666666666,8.1,-0.0353,8
"month","2022-04","loto",30,97,"97",8,8,0.26666666666666666,0.26666666666666666,8.1,-0.0353,8
"month","2022-04","loto",30,9,"09",7,6,0.2,0.23333333333333334,8.1,-0.3884,9
"month","2022-04","loto",30,15,"15",7,6,0.2,0.23333333333333334,8.1,-0.3884,9
"month","2022-04","loto",30,16,"16",7,6,0.2,0.23333333333333334,8.1,-0.3884,9
"month","2022-04","loto",30,23,"23",7,6,0.2,0.23333333333333334,8.1,-0.3884,9
"month","2022-04","loto",30,24,"24",7,6,0.2,0.23333333333333334,8.1,-0.3884,9
"month","2022-04","loto",30,25,"25",7,6,0.2,0.23333333333333334,8.1,-0.3884,9
"month","2022-04","loto",30,34,"34",7,6,0.2,0.23333333333333334,8.1,-0.3884,9
"month","2022-04","loto",30,37,"37",7,6,0.2,0.23333333333333334,8.1,-0.3884,9
"month","2022-04","loto",30,51,"51",7,6,0.2,0.23333333333333334,8.1,-0.3884,9
"month","2022-04","loto",30,52,"52",7,5,0.16666666666666666,0.23333333333333334,8.1,-0.3884,9
"month","2022-04","loto",30,61,"61",7,6,0.2,0.23333333333333334,8.1,-0.3884,9
"month","2022-04","loto",30,78,"78",7,7,0.23333333333333334,0.23333333333333334,8.1,-0.3884,9
"month","2022-04","loto",30,80,"80",7,6,0.2,0.23333333333333334,8.1,-0.3884,9
"month","2022-04","loto",30,81,"81",7,5,0.16666666666666666,0.23333333333333334,8.1,-0.3884,9
"month","2022-04","loto",30,85,"85",7,7,0.23333333333333334,0.23333333333333334,8.1,-0.3884,9
"month","2022-04","loto",30,92,"92",7,7,0.23333333333333334,0.23333333333333334,8.1,-0.3884,9
"month","2022-04","loto",30,20,"20",6,6,0.2,0.2,8.1,-0.7416,10
"month","2022-04","loto",30,26,"26",6,6,0.2,0.2,8.1,-0.7416,10
"month","2022-04","loto",30,32,"32",6,5,0.16666666666666666,0.2,8.1,-0.7416,10
"month","2022-04","loto",30,49,"49",6,5,0.16666666666666666,0.2,8.1,-0.7416,10
"month","2022-04","loto",30,86,"86",6,6,0.2,0.2,8.1,-0.7416,10
"month","2022-04","loto",30,4,"04",5,5,0.16666666666666666,0.16666666666666666,8.1,-1.0947,11
"month","2022-04","loto",30,12,"12",5,5,0.16666666666666666,0.16666666666666666,8.1,-1.0947,11
"month","2022-04","loto",30,13,"13",5,5,0.16666666666666666,0.16666666666666666,8.1,-1.0947,11
"month","2022-04","loto",30,30,"30",5,4,0.13333333333333333,0.16666666666666666,8.1,-1.0947,11
"month","2022-04","loto",30,73,"73",5,5,0.16666666666666666,0.16666666666666666,8.1,-1.0947,11
"month","2022-04","loto",30,74,"74",5,5,0.16666666666666666,0.16666666666666666,8.1,-1.0947,11
"month","2022-04","loto",30,79,"79",5,5,0.16666666666666666,0.16666666666666666,8.1,-1.0947,11
"month","2022-04","loto",30,14,"14",4,4,0.13333333333333333,0.13333333333333333,8.1,-1.4479,12
"month","2022-04","loto",30,21,"21",4,4,0.13333333333333333,0.13333333333333333,8.1,-1.4479,12
"month","2022-04","loto",30,29,"29",4,4,0.13333333333333333,0.13333333333333333,8.1,-1.4479,12
"month","2022-04","loto",30,56,"56",4,4,0.13333333333333333,0.13333333333333333,8.1,-1.4479,12
"month","2022-04","loto",30,57,"57",4,3,0.1,0.13333333333333333,8.1,-1.4479,12
"month","2022-04","loto",30,82,"82",4,4,0.13333333333333333,0.13333333333333333,8.1,-1.4479,12
"month","2022-04","loto",30,84,"84",4,4,0.13333333333333333,0.13333333333333333,8.1,-1.4479,12
"month","2022-04","loto",30,89,"89",4,4,0.13333333333333333,0.13333333333333333,8.1,-1.4479,12
"month","2022-04","loto",30,93,"93",4,4,0.13333333333333333,0.13333333333333333,8.1,-1.4479,12
"month","2022-04","loto",30,27,"27",3,3,0.1,0.1,8.1,-1.801,13
"month","2022-04","loto",30,39,"39",3,3,0.1,0.1,8.1,-1.801,13
"month","2022-04","loto",30,96,"96",3,3,0.1,0.1,8.1,-1.801,13
"month","2022-04","loto",30,44,"44",2,2,0.06666666666666667,0.06666666666666667,8.1,-2.1541,14
"month","2022-04","loto",30,59,"59",2,2,0.06666666666666667,0.06666666666666667,8.1,-2.1541,14
"month","2022-04","loto",30,87,"87",2,2,0.06666666666666667,0.06666666666666667,8.1,-2.1541,14
"month","2022-04","loto",30,99,"99",2,2,0.06666666666666667,0.06666666666666667,8.1,-2.1541,14
"month","2022-04","loto",30,3,"03",1,1,0.03333333333333333,0.03333333333333333,8.1,-2.5073,15
"month","2022-05","loto",31,13,"13",21,17,0.5483870967741935,0.6774193548387096,8.37,4.3876,1
"month","2022-05","loto",31,48,"48",16,11,0.3548387096774194,0.5161290322580645,8.37,2.6506,2
"month","2022-05","loto",31,38,"38",15,12,0.3870967741935484,0.4838709677419355,8.37,2.3032,3
"month","2022-05","loto",31,11,"11",14,9,0.2903225806451613,0.45161290322580644,8.37,1.9558,4
"month","2022-05","loto",31,57,"57",14,12,0.3870967741935484,0.45161290322580644,8.37,1.9558,4
"month","2022-05","loto",31,92,"92",14,12,0.3870967741935484,0.45161290322580644,8.37,1.9558,4
"month","2022-05","loto",31,1,"01",13,11,0.3548387096774194,0.41935483870967744,8.37,1.6084,5
"month","2022-05","loto",31,56,"56",13,11,0.3548387096774194,0.41935483870967744,8.37,1.6084,5
"month","2022-05","loto",31,77,"77",13,12,0.3870967741935484,0.41935483870967744,8.37,1.6084,5
"month","2022-05","loto",31,99,"99",13,11,0.3548387096774194,0.41935483870967744,8.37,1.6084,5
"month","2022-05","loto",31,53,"53",12,11,0.3548387096774194,0.3870967741935484,8.37,1.261,6
"month","2022-05","loto",31,59,"59",12,10,0.3225806451612903,0.3870967741935484,8.37,1.261,6
"month","2022-05","loto",31,71,"71",12,11,0.3548387096774194,0.3870967741935484,8.37,1.261,6
"month","2022-05","loto",31,4,"04",11,9,0.2903225806451613,0.3548387096774194,8.37,0.9136,7
"month","2022-05","loto",31,10,"10",11,10,0.3225806451612903,0.3548387096774194,8.37,0.9136,7
"month","2022-05","loto",31,19,"19",11,8,0.25806451612903225,0.3548387096774194,8.37,0.9136,7
"month","2022-05","loto",31,54,"54",11,11,0.3548387096774194,0.3548387096774194,8.37,0.9136,7
"month","2022-05","loto",31,64,"64",11,9,0.2903225806451613,0.3548387096774194,8.37,0.9136,7
"month","2022-05","loto",31,74,"74",11,9,0.2903225806451613,0.3548387096774194,8.37,0.9136,7
"month","2022-05","loto",31,79,"79",11,10,0.3225806451612903,0.3548387096774194,8.37,0.9136,7
"month","2022-05","loto",31,12,"12",10,9,0.2903225806451613,0.3225806451612903,8.37,0.5662,8
"month","2022-05","loto",31,16,"16",10,9,0.2903225806451613,0.3225806451612903,8.37,0.5662,8
"month","2022-05","loto",31,25,"25",10,9,0.2903225806451613,0.3225806451612903,8.37,0.5662,8
"month","2022-05","loto",31,36,"36",10,8,0.25806451612903225,0.3225806451612903,8.37,0.5662,8
"month","2022-05","loto",31,39,"39",10,7,0.22580645161290322,0.3225806451612903,8.37,0.5662,8
"month","2022-05","loto",31,43,"43",10,9,0.2903225806451613,0.3225806451612903,8.37,0.5662,8
"month","2022-05","loto",31,47,"47",10,9,0.2903225806451613,0.3225806451612903,8.37,0.5662,8
"month","2022-05","loto",31,60,"60",10,9,0.2903225806451613,0.3225806451612903,8.37,0.5662,8
"month","2022-05","loto",31,66,"66",10,9,0.2903225806451613,0.3225806451612903,8.37,0.5662,8
"month","2022-05","loto",31,76,"76",10,8,0.25806451612903225,0.3225806451612903,8.37,0.5662,8
"month","2022-05","loto",31,91,"91",10,10,0.3225806451612903,0.3225806451612903,8.37,0.5662,8
"month","2022-05","loto",31,95,"95",10,10,0.3225806451612903,0.3225806451612903,8.37,0.5662,8
"month","2022-05","loto",31,6,"06",9,9,0.2903225806451613,0.2903225806451613,8.37,0.2189,9
"month","2022-05","loto",31,9,"09",9,9,0.2903225806451613,0.2903225806451613,8.37,0.2189,9
"month","2022-05","loto",31,15,"15",9,7,0.22580645161290322,0.2903225806451613,8.37,0.2189,9
"month","2022-05","loto",31,18,"18",9,9,0.2903225806451613,0.2903225806451613,8.37,0.2189,9
"month","2022-05","loto",31,26,"26",9,9,0.2903225806451613,0.2903225806451613,8.37,0.2189,9
"month","2022-05","loto",31,31,"31",9,9,0.2903225806451613,0.2903225806451613,8.37,0.2189,9
"month","2022-05","loto",31,44,"44",9,7,0.22580645161290322,0.2903225806451613,8.37,0.2189,9
"month","2022-05","loto",31,46,"46",9,9,0.2903225806451613,0.2903225806451613,8.37,0.2189,9
"month","2022-05","loto",31,58,"58",9,8,0.25806451612903225,0.2903225806451613,8.37,0.2189,9
"month","2022-05","loto",31,90,"90",9,7,0.22580645161290322,0.2903225806451613,8.37,0.2189,9
"month","2022-05","loto",31,93,"93",9,6,0.1935483870967742,0.2903225806451613,8.37,0.2189,9
"month","2022-05","loto",31,8,"08",8,8,0.25806451612903225,0.25806451612903225,8.37,-0.1285,10
"month","2022-05","loto",31,21,"21",8,7,0.22580645161290322,0.25806451612903225,8.37,-0.1285,10
"month","2022-05","loto",31,29,"29",8,7,0.22580645161290322,0.25806451612903225,8.37,-0.1285,10
"month","2022-05","loto",31,30,"30",8,6,0.1935483870967742,0.25806451612903225,8.37,-0.1285,10
"month","2022-05","loto",31,41,"41",8,8,0.25806451612903225,0.25806451612903225,8.37,-0.1285,10
"month","2022-05","loto",31,42,"42",8,6,0.1935483870967742,0.25806451612903225,8.37,-0.1285,10
"month","2022-05","loto",31,49,"49",8,7,0.22580645161290322,0.25806451612903225,8.37,-0.1285,10
"month","2022-05","loto",31,51,"51",8,8,0.25806451612903225,0.25806451612903225,8.37,-0.1285,10
"month","2022-05","loto",31,69,"69",8,5,0.16129032258064516,0.25806451612903225,8.37,-0.1285,10
"month","2022-05","loto",31,72,"72",8,6,0.1935483870967742,0.25806451612903225,8.37,-0.1285,10
"month","2022-05","loto",31,5,"05",7,5,0.16129032258064516,0.22580645161290322,8.37,-0.4759,11
"month","2022-05","loto",31,7,"07",7,6,0.1935483870967742,0.22580645161290322,8.37,-0.4759,11
"month","2022-05","loto",31,14,"14",7,7,0.22580645161290322,0.22580645161290322,8.37,-0.4759,11
"month","2022-05","loto",31,17,"17",7,7,0.22580645161290322,0.22580645161290322,8.37,-0.4759,11
"month","2022-05","loto",31,20,"20",7,6,0.1935483870967742,0.22580645161290322,8.37,-0.4759,11
"month","2022-05","loto",31,27,"27",7,5,0.16129032258064516,0.22580645161290322,8.37,-0.4759,11
"month","2022-05","loto",31,28,"28",7,4,0.12903225806451613,0.22580645161290322,8.37,-0.4759,11
"month","2022-05","loto",31,33,"33",7,7,0.22580645161290322,0.22580645161290322,8.37,-0.4759,11
"month","2022-05","loto",31,50,"50",7,5,0.16129032258064516,0.22580645161290322,8.37,-0.4759,11
"month","2022-05","loto",31,52,"52",7,7,0.22580645161290322,0.22580645161290322,8.37,-0.4759,11
"month","2022-05","loto",31,68,"68",7,7,0.22580645161290322,0.22580645161290322,8.37,-0.4759,11
"month","2022-05","loto",31,78,"78",7,6,0.1935483870967742,0.22580645161290322,8.37,-0.4759,11
"month","2022-05","loto",31,85,"85",7,6,0.1935483870967742,0.22580645161290322,8.37,-0.4759,11
"month","2022-05","loto",31,86,"86",7,6,0.1935483870967742,0.22580645161290322,8.37,-0.4759,11
"month","2022-05","loto",31,87,"87",7,6,0.1935483870967742,0.22580645161290322,8.37,-0.4759,11
"month","2022-05","loto",31,88,"88",7,7,0.22580645161290322,0.22580645161290322,8.37,-0.4759,11
"month","2022-05","loto",31,94,"94",7,6,0.1935483870967742,0.22580645161290322,8.37,-0.4759,11
"month","2022-05","loto",31,96,"96",7,7,0.22580645161290322,0.22580645161290322,8.37,-0.4759,11
"month","2022-05","loto",31,98,"98",7,6,0.1935483870967742,0.22580645161290322,8.37,-0.4759,11
"month","2022-05","loto",31,3,"03",6,6,0.1935483870967742,0.1935483870967742,8.37,-0.8233,12
"month","2022-05","loto",31,22,"22",6,6,0.1935483870967742,0.1935483870967742,8.37,-0.8233,12
"month","2022-05","loto",31,23,"23",6,6,0.1935483870967742,0.1935483870967742,8.37,-0.8233,12
"month","2022-05","loto",31,24,"24",6,5,0.16129032258064516,0.1935483870967742,8.37,-0.8233,12
"month","2022-05","loto",31,32,"32",6,5,0.16129032258064516,0.1935483870967742,8.37,-0.8233,12
"month","2022-05","loto",31,34,"34",6,6,0.1935483870967742,0.1935483870967742,8.37,-0.8233,12
"month","2022-05","loto",31,35,"35",6,5,0.16129032258064516,0.1935483870967742,8.37,-0.8233,12
"month","2022-05","loto",31,63,"63",6,6,0.1935483870967742,0.1935483870967742,8.37,-0.8233,12
"month","2022-05","loto",31,73,"73",6,6,0.1935483870967742,0.1935483870967742,8.37,-0.8233,12
"month","2022-05","loto",31,80,"80",6,5,0.16129032258064516,0.1935483870967742,8.37,-0.8233,12
"month","2022-05","loto",31,82,"82",6,5,0.16129032258064516,0.1935483870967742,8.37,-0.8233,12
"month","2022-05","loto",31,84,"84",6,6,0.1935483870967742,0.1935483870967742,8.37,-0.8233,12
"month","2022-05","loto",31,89,"89",6,4,0.12903225806451613,0.1935483870967742,8.37,-0.8233,12
"month","2022-05","loto",31,2,"02",5,4,0.12903225806451613,0.16129032258064516,8.37,-1.1707,13
"month","2022-05","loto",31,37,"37",5,5,0.16129032258064516,0.16129032258064516,8.37,-1.1707,13
"month","2022-05","loto",31,40,"40",5,4,0.12903225806451613,0.16129032258064516,8.37,-1.1707,13
"month","2022-05","loto",31,45,"45",5,4,0.12903225806451613,0.16129032258064516,8.37,-1.1707,13
"month","2022-05","loto",31,55,"55",5,5,0.16129032258064516,0.16129032258064516,8.37,-1.1707,13
"month","2022-05","loto",31,61,"61",5,5,0.16129032258064516,0.16129032258064516,8.37,-1.1707,13
"month","2022-05","loto",31,65,"65",5,5,0.16129032258064516,0.16129032258064516,8.37,-1.1707,13
"month","2022-05","loto",31,67,"67",5,5,0.16129032258064516,0.16129032258064516,8.37,-1.1707,13
"month","2022-05","loto",31,75,"75",5,5,0.16129032258064516,0.16129032258064516,8.37,-1.1707,13
"month","2022-05","loto",31,97,"97",5,5,0.16129032258064516,0.16129032258064516,8.37,-1.1707,13
"month","2022-05","loto",31,0,"00",4,4,0.12903225806451613,0.12903225806451613,8.37,-1.5181,14
"month","2022-05","loto",31,81,"81",4,4,0.12903225806451613,0.12903225806451613,8.37,-1.5181,14
"month","2022-05","loto",31,83,"83",4,4,0.12903225806451613,0.12903225806451613,8.37,-1.5181,14
"month","2022-05","loto",31,62,"62",3,3,0.0967741935483871,0.0967741935483871,8.37,-1.8655,15
"month","2022-05","loto",31,70,"70",3,3,0.0967741935483871,0.0967741935483871,8.37,-1.8655,15
"month","2022-06","loto",30,95,"95",15,14,0.4666666666666667,0.5,8.1,2.4366,1
"month","2022-06","loto",30,74,"74",14,11,0.36666666666666664,0.4666666666666667,8.1,2.0835,2
"month","2022-06","loto",30,8,"08",13,13,0.43333333333333335,0.43333333333333335,8.1,1.7304,3
"month","2022-06","loto",30,40,"40",13,11,0.36666666666666664,0.43333333333333335,8.1,1.7304,3
"month","2022-06","loto",30,77,"77",13,10,0.3333333333333333,0.43333333333333335,8.1,1.7304,3
"month","2022-06","loto",30,92,"92",13,11,0.36666666666666664,0.43333333333333335,8.1,1.7304,3
"month","2022-06","loto",30,12,"12",12,9,0.3,0.4,8.1,1.3772,4
"month","2022-06","loto",30,13,"13",12,11,0.36666666666666664,0.4,8.1,1.3772,4
"month","2022-06","loto",30,25,"25",12,12,0.4,0.4,8.1,1.3772,4
"month","2022-06","loto",30,32,"32",12,10,0.3333333333333333,0.4,8.1,1.3772,4
"month","2022-06","loto",30,33,"33",12,10,0.3333333333333333,0.4,8.1,1.3772,4
"month","2022-06","loto",30,43,"43",12,9,0.3,0.4,8.1,1.3772,4
"month","2022-06","loto",30,64,"64",12,9,0.3,0.4,8.1,1.3772,4
"month","2022-06","loto",30,70,"70",12,10,0.3333333333333333,0.4,8.1,1.3772,4
"month","2022-06","loto",30,85,"85",12,10,0.3333333333333333,0.4,8.1,1.3772,4
"month","2022-06","loto",30,4,"04",11,10,0.3333333333333333,0.36666666666666664,8.1,1.0241,5
"month","2022-06","loto",30,10,"10",11,11,0.36666666666666664,0.36666666666666664,8.1,1.0241,5
"month","2022-06","loto",30,18,"18",11,10,0.3333333333333333,0.36666666666666664,8.1,1.0241,5
"month","2022-06","loto",30,29,"29",11,9,0.3,0.36666666666666664,8.1,1.0241,5
"month","2022-06","loto",30,48,"48",11,10,0.3333333333333333,0.36666666666666664,8.1,1.0241,5
"month","2022-06","loto",30,66,"66",11,10,0.3333333333333333,0.36666666666666664,8.1,1.0241,5
"month","2022-06","loto",30,90,"90",11,9,0.3,0.36666666666666664,8.1,1.0241,5
"month","2022-06","loto",30,99,"99",11,9,0.3,0.36666666666666664,8.1,1.0241,5
"month","2022-06","loto",30,0,"00",10,7,0.23333333333333334,0.3333333333333333,8.1,0.671,6
"month","2022-06","loto",30,1,"01",10,9,0.3,0.3333333333333333,8.1,0.671,6
"month","2022-06","loto",30,19,"19",10,10,0.3333333333333333,0.3333333333333333,8.1,0.671,6
"month","2022-06","loto",30,23,"23",10,9,0.3,0.3333333333333333,8.1,0.671,6
"month","2022-06","loto",30,24,"24",10,8,0.26666666666666666,0.3333333333333333,8.1,0.671,6
"month","2022-06","loto",30,28,"28",10,8,0.26666666666666666,0.3333333333333333,8.1,0.671,6
"month","2022-06","loto",30,49,"49",10,8,0.26666666666666666,0.3333333333333333,8.1,0.671,6
"month","2022-06","loto",30,51,"51",10,9,0.3,0.3333333333333333,8.1,0.671,6
"month","2022-06","loto",30,72,"72",10,10,0.3333333333333333,0.3333333333333333,8.1,0.671,6
"month","2022-06","loto",30,5,"05",9,5,0.16666666666666666,0.3,8.1,0.3178,7
"month","2022-06","loto",30,16,"16",9,7,0.23333333333333334,0.3,8.1,0.3178,7
"month","2022-06","loto",30,37,"37",9,9,0.3,0.3,8.1,0.3178,7
"month","2022-06","loto",30,41,"41",9,8,0.26666666666666666,0.3,8.1,0.3178,7
"month","2022-06","loto",30,42,"42",9,7,0.23333333333333334,0.3,8.1,0.3178,7
"month","2022-06","loto",30,44,"44",9,9,0.3,0.3,8.1,0.3178,7
"month","2022-06","loto",30,46,"46",9,9,0.3,0.3,8.1,0.3178,7
"month","2022-06","loto",30,54,"54",9,6,0.2,0.3,8.1,0.3178,7
"month","2022-06","loto",30,55,"55",9,8,0.26666666666666666,0.3,8.1,0.3178,7
"month","2022-06","loto",30,58,"58",9,9,0.3,0.3,8.1,0.3178,7
"month","2022-06","loto",30,59,"59",9,9,0.3,0.3,8.1,0.3178,7
"month","2022-06","loto",30,76,"76",9,8,0.26666666666666666,0.3,8.1,0.3178,7
"month","2022-06","loto",30,78,"78",9,6,0.2,0.3,8.1,0.3178,7
"month","2022-06","loto",30,87,"87",9,8,0.26666666666666666,0.3,8.1,0.3178,7
"month","2022-06","loto",30,94,"94",9,9,0.3,0.3,8.1,0.3178,7
"month","2022-06","loto",30,30,"30",8,7,0.23333333333333334,0.26666666666666666,8.1,-0.0353,8
"month","2022-06","loto",30,31,"31",8,8,0.26666666666666666,0.26666666666666666,8.1,-0.0353,8
"month","2022-06","loto",30,36,"36",8,7,0.23333333333333334,0.26666666666666666,8.1,-0.0353,8
"month","2022-06","loto",30,38,"38",8,8,0.26666666666666666,0.26666666666666666,8.1,-0.0353,8
"month","2022-06","loto",30,39,"39",8,7,0.23333333333333334,0.26666666666666666,8.1,-0.0353,8
"month","2022-06","loto",30,45,"45",8,6,0.2,0.26666666666666666,8.1,-0.0353,8
"month","2022-06","loto",30,50,"50",8,8,0.26666666666666666,0.26666666666666666,8.1,-0.0353,8
"month","2022-06","loto",30,53,"53",8,8,0.26666666666666666,0.26666666666666666,8.1,-0.0353,8
"month","2022-06","loto",30,60,"60",8,6,0.2,0.26666666666666666,8.1,-0.0353,8
"month","2022-06","loto",30,65,"65",8,7,0.23333333333333334,0.26666666666666666,8.1,-0.0353,8
"month","2022-06","loto",30,68,"68",8,7,0.23333333333333334,0.26666666666666666,8.1,-0.0353,8
"month","2022-06","loto",30,84,"84",8,7,0.23333333333333334,0.26666666666666666,8.1,-0.0353,8
"month","2022-06","loto",30,88,"88",8,5,0.16666666666666666,0.26666666666666666,8.1,-0.0353,8
"month","2022-06","loto",30,91,"91",8,7,0.23333333333333334,0.26666666666666666,8.1,-0.0353,8
"month","2022-06","loto",30,96,"96",8,7,0.23333333333333334,0.26666666666666666,8.1,-0.0353,8
"month","2022-06","loto",30,2,"02",7,6,0.2,0.23333333333333334,8.1,-0.3884,9
"month","2022-06","loto",30,17,"17",7,6,0.2,0.23333333333333334,8.1,-0.3884,9
"month","2022-06","loto",30,22,"22",7,7,0.23333333333333334,0.23333333333333334,8.1,-0.3884,9
"month","2022-06","loto",30,27,"27",7,5,0.16666666666666666,0.23333333333333334,8.1,-0.3884,9
"month","2022-06","loto",30,47,"47",7,7,0.23333333333333334,0.23333333333333334,8.1,-0.3884,9
"month","2022-06","loto",30,61,"61",7,7,0.23333333333333334,0.23333333333333334,8.1,-0.3884,9
"month","2022-06","loto",30,63,"63",7,7,0.23333333333333334,0.23333333333333334,8.1,-0.3884,9
"month","2022-06","loto",30,3,"03",6,6,0.2,0.2,8.1,-0.7416,10
"month","2022-06","loto",30,6,"06",6,5,0.16666666666666666,0.2,8.1,-0.7416,10
"month","2022-06","loto",30,11,"11",6,5,0.16666666666666666,0.2,8.1,-0.7416,10
"month","2022-06","loto",30,26,"26",6,4,0.13333333333333333,0.2,8.1,-0.7416,10
"month","2022-06","loto",30,35,"35",6,5,0.16666666666666666,0.2,8.1,-0.7416,10
"month","2022-06","loto",30,62,"62",6,5,0.16666666666666666,0.2,8.1,-0.7416,10
"month","2022-06","loto",30,67,"67",6,6,0.2,0.2,8.1,-0.7416,10
"month","2022-06","loto",30,93,"93",6,6,0.2,0.2,8.1,-0.7416,10
"month","2022-06","loto",30,7,"07",5,5,0.16666666666666666,0.16666666666666666,8.1,-1.0947,11
"month","2022-06","loto",30,34,"34",5,5,0.16666666666666666,0.16666666666666666,8.1,-1.0947,11
"month","2022-06","loto",30,52,"52",5,5,0.16666666666666666,0.16666666666666666,8.1,-1.0947,11
"month","2022-06","loto",30,57,"57",5,5,0.16666666666666666,0.16666666666666666,8.1,-1.0947,11
"month","2022-06","loto",30,69,"69",5,5,0.16666666666666666,0.16666666666666666,8.1,-1.0947,11
"month","2022-06","loto",30,71,"71",5,5,0.16666666666666666,0.16666666666666666,8.1,-1.0947,11
"month","2022-06","loto",30,79,"79",5,5,0.16666666666666666,0.16666666666666666,8.1,-1.0947,11
"month","2022-06","loto",30,80,"80",5,5,0.16666666666666666,0.16666666666666666,8.1,-1.0947,11
"month","2022-06","loto",30,82,"82",5,5,0.16666666666666666,0.16666666666666666,8.1,-1.0947,11
"month","2022-06","loto",30,15,"15",4,3,0.1,0.13333333333333333,8.1,-1.4479,12
"month","2022-06","loto",30,21,"21",4,4,0.13333333333333333,0.13333333333333333,8.1,-1.4479,12
"month","2022-06","loto",30,73,"73",4,4,0.13333333333333333,0.13333333333333333,8.1,-1.4479,12
"month","2022-06","loto",30,81,"81",4,4,0.13333333333333333,0.13333333333333333,8.1,-1.4479,12
"month","2022-06","loto",30,89,"89",4,4,0.13333333333333333,0.13333333333333333,8.1,-1.4479,12
"month","2022-06","loto",30,97,"97",4,4,0.13333333333333333,0.13333333333333333,8.1,-1.4479,12
"month","2022-06","loto",30,98,"98",4,4,0.13333333333333333,0.13333333333333333,8.1,-1.4479,12
"month","2022-06","loto",30,9,"09",3,3,0.1,0.1,8.1,-1.801,13
"month","2022-06","loto",30,20,"20",3,3,0.1,0.1,8.1,-1.801,13
"month","2022-06","loto",30,56,"56",3,3,0.1,0.1,8.1,-1.801,13
"month","2022-06","loto",30,75,"75",3,3,0.1,0.1,8.1,-1.801,13
"month","2022-06","loto",30,86,"86",3,2,0.06666666666666667,0.1,8.1,-1.801,13
"month","2022-06","loto",30,83,"83",2,2,0.06666666666666667,0.06666666666666667,8.1,-2.1541,14
"month","2022-06","loto",30,14,"14",1,1,0.03333333333333333,0.03333333333333333,8.1,-2.5073,15
"month","2022-07","loto",31,10,"10",16,14,0.45161290322580644,0.5161290322580645,8.37,2.6506,1
"month","2022-07","loto",31,32,"32",16,13,0.41935483870967744,0.5161290322580645,8.37,2.6506,1
"month","2022-07","loto",31,55,"55",16,13,0.41935483870967744,0.5161290322580645,8.37,2.6506,1
"month","2022-07","loto",31,90,"90",15,13,0.41935483870967744,0.4838709677419355,8.37,2.3032,2
"month","2022-07","loto",31,0,"00",14,10,0.3225806451612903,0.45161290322580644,8.37,1.9558,3
"month","2022-07","loto",31,38,"38",14,11,0.3548387096774194,0.45161290322580644,8.37,1.9558,3
"month","2022-07","loto",31,54,"54",14,11,0.3548387096774194,0.45161290322580644,8.37,1.9558,3
"month","2022-07","loto",31,14,"14",13,12,0.3870967741935484,0.41935483870967744,8.37,1.6084,4
"month","2022-07","loto",31,40,"40",13,10,0.3225806451612903,0.41935483870967744,8.37,1.6084,4
"month","2022-07","loto",31,50,"50",13,10,0.3225806451612903,0.41935483870967744,8.37,1.6084,4
"month","2022-07","loto",31,93,"93",13,13,0.41935483870967744,0.41935483870967744,8.37,1.6084,4
"month","2022-07","loto",31,13,"13",12,10,0.3225806451612903,0.3870967741935484,8.37,1.261,5
"month","2022-07","loto",31,15,"15",12,9,0.2903225806451613,0.3870967741935484,8.37,1.261,5
"month","2022-07","loto",31,20,"20",12,11,0.3548387096774194,0.3870967741935484,8.37,1.261,5
"month","2022-07","loto",31,35,"35",12,9,0.2903225806451613,0.3870967741935484,8.37,1.261,5
"month","2022-07","loto",31,46,"46",12,8,0.25806451612903225,0.3870967741935484,8.37,1.261,5
"month","2022-07","loto",31,60,"60",12,10,0.3225806451612903,0.3870967741935484,8.37,1.261,5
"month","2022-07","loto",31,96,"96",12,12,0.3870967741935484,0.3870967741935484,8.37,1.261,5
"month","2022-07","loto",31,12,"12",11,11,0.3548387096774194,0.3548387096774194,8.37,0.9136,6
"month","2022-07","loto",31,27,"27",11,10,0.3225806451612903,0.3548387096774194,8.37,0.9136,6
"month","2022-07","loto",31,31,"31",11,8,0.25806451612903225,0.3548387096774194,8.37,0.9136,6
"month","2022-07","loto",31,71,"71",11,10,0.3225806451612903,0.3548387096774194,8.37,0.9136,6
"month","2022-07","loto",31,85,"85",11,10,0.3225806451612903,0.3548387096774194,8.37,0.9136,6
"month","2022-07","loto",31,94,"94",11,8,0.25806451612903225,0.3548387096774194,8.37,0.9136,6
"month","2022-07","loto",31,98,"98",11,9,0.2903225806451613,0.3548387096774194,8.37,0.9136,6
"month","2022-07","loto",31,1,"01",10,9,0.2903225806451613,0.3225806451612903,8.37,0.5662,7
"month","2022-07","loto",31,19,"19",10,10,0.3225806451612903,0.3225806451612903,8.37,0.5662,7
"month","2022-07","loto",31,26,"26",10,7,0.22580645161290322,0.3225806451612903,8.37,0.5662,7
"month","2022-07","loto",31,29,"29",10,7,0.22580645161290322,0.3225806451612903,8.37,0.5662,7
"month","2022-07","loto",31,37,"37",10,9,0.2903225806451613,0.3225806451612903,8.37,0.5662,7
"month","2022-07","loto",31,41,"41",10,10,0.3225806451612903,0.3225806451612903,8.37,0.5662,7
"month","2022-07","loto",31,52,"52",10,9,0.2903225806451613,0.3225806451612903,8.37,0.5662,7
"month","2022-07","loto",31,61,"61",10,9,0.2903225806451613,0.3225806451612903,8.37,0.5662,7
"month","2022-07","loto",31,64,"64",10,9,0.2903225806451613,0.3225806451612903,8.37,0.5662,7
"month","2022-07","loto",31,66,"66",10,9,0.2903225806451613,0.3225806451612903,8.37,0.5662,7
"month","2022-07","loto",31,87,"87",10,9,0.2903225806451613,0.3225806451612903,8.37,0.5662,7
"month","2022-07","loto",31,95,"95",10,8,0.25806451612903225,0.3225806451612903,8.37,0.5662,7
"month","2022-07","loto",31,97,"97",10,10,0.3225806451612903,0.3225806451612903,8.37,0.5662,7
"month","2022-07","loto",31,39,"39",9,9,0.2903225806451613,0.2903225806451613,8.37,0.2189,8
"month","2022-07","loto",31,53,"53",9,8,0.25806451612903225,0.2903225806451613,8.37,0.2189,8
"month","2022-07","loto",31,69,"69",9,7,0.22580645161290322,0.2903225806451613,8.37,0.2189,8
"month","2022-07","loto",31,72,"72",9,9,0.2903225806451613,0.2903225806451613,8.37,0.2189,8
"month","2022-07","loto",31,75,"75",9,9,0.2903225806451613,0.2903225806451613,8.37,0.2189,8
"month","2022-07","loto",31,2,"02",8,6,0.1935483870967742,0.25806451612903225,8.37,-0.1285,9
"month","2022-07","loto",31,6,"06",8,8,0.25806451612903225,0.25806451612903225,8.37,-0.1285,9
"month","2022-07","loto",31,7,"07",8,8,0.25806451612903225,0.25806451612903225,8.37,-0.1285,9
"month","2022-07","loto",31,16,"16",8,8,0.25806451612903225,0.25806451612903225,8.37,-0.1285,9
"month","2022-07","loto",31,18,"18",8,7,0.22580645161290322,0.25806451612903225,8.37,-0.1285,9
"month","2022-07","loto",31,25,"25",8,7,0.22580645161290322,0.25806451612903225,8.37,-0.1285,9
"month","2022-07","loto",31,44,"44",8,6,0.1935483870967742,0.25806451612903225,8.37,-0.1285,9
"month","2022-07","loto",31,48,"48",8,8,0.25806451612903225,0.25806451612903225,8.37,-0.1285,9
"month","2022-07","loto",31,49,"49",8,6,0.1935483870967742,0.25806451612903225,8.37,-0.1285,9
"month","2022-07","loto",31,56,"56",8,7,0.22580645161290322,0.25806451612903225,8.37,-0.1285,9
"month","2022-07","loto",31,57,"57",8,6,0.1935483870967742,0.25806451612903225,8.37,-0.1285,9
"month","2022-07","loto",31,58,"58",8,8,0.25806451612903225,0.25806451612903225,8.37,-0.1285,9
"month","2022-07","loto",31,62,"62",8,8,0.25806451612903225,0.25806451612903225,8.37,-0.1285,9
"month","2022-07","loto",31,77,"77",8,8,0.25806451612903225,0.25806451612903225,8.37,-0.1285,9
"month","2022-07","loto",31,80,"80",8,8,0.25806451612903225,0.25806451612903225,8.37,-0.1285,9
"month","2022-07","loto",31,86,"86",8,6,0.1935483870967742,0.25806451612903225,8.37,-0.1285,9
"month","2022-07","loto",31,5,"05",7,7,0.22580645161290322,0.22580645161290322,8.37,-0.4759,10
"month","2022-07","loto",31,17,"17",7,6,0.1935483870967742,0.22580645161290322,8.37,-0.4759,10
"month","2022-07","loto",31,24,"24",7,6,0.1935483870967742,0.22580645161290322,8.37,-0.4759,10
"month","2022-07","loto",31,30,"30",7,6,0.1935483870967742,0.22580645161290322,8.37,-0.4759,10
"month","2022-07","loto",31,33,"33",7,7,0.22580645161290322,0.22580645161290322,8.37,-0.4759,10
"month","2022-07","loto",31,59,"59",7,6,0.1935483870967742,0.22580645161290322,8.37,-0.4759,10
"month","2022-07","loto",31,67,"67",7,6,0.1935483870967742,0.22580645161290322,8.37,-0.4759,10
"month","2022-07","loto",31,79,"79",7,7,0.22580645161290322,0.22580645161290322,8.37,-0.4759,10
"month","2022-07","loto",31,81,"81",7,6,0.1935483870967742,0.22580645161290322,8.37,-0.4759,10
"month","2022-07","loto",31,84,"84",7,7,0.22580645161290322,0.22580645161290322,8.37,-0.4759,10
"month","2022-07","loto",31,91,"91",7,7,0.22580645161290322,0.22580645161290322,8.37,-0.4759,10
"month","2022-07","loto",31,3,"03",6,5,0.16129032258064516,0.1935483870967742,8.37,-0.8233,11
"month","2022-07","loto",31,4,"04",6,4,0.12903225806451613,0.1935483870967742,8.37,-0.8233,11
"month","2022-07","loto",31,34,"34",6,6,0.1935483870967742,0.1935483870967742,8.37,-0.8233,11
"month","2022-07","loto",31,36,"36",6,6,0.1935483870967742,0.1935483870967742,8.37,-0.8233,11
"month","2022-07","loto",31,42,"42",6,6,0.1935483870967742,0.1935483870967742,8.37,-0.8233,11
"month","2022-07","loto",31,76,"76",6,6,0.1935483870967742,0.1935483870967742,8.37,-0.8233,11
"month","2022-07","loto",31,82,"82",6,5,0.16129032258064516,0.1935483870967742,8.37,-0.8233,11
"month","2022-07","loto",31,83,"83",6,6,0.1935483870967742,0.1935483870967742,8.37,-0.8233,11
"month","2022-07","loto",31,89,"89",6,6,0.1935483870967742,0.1935483870967742,8.37,-0.8233,11
"month","2022-07","loto",31,99,"99",6,6,0.1935483870967742,0.1935483870967742,8.37,-0.8233,11
"month","2022-07","loto",31,9,"09",5,4,0.12903225806451613,0.16129032258064516,8.37,-1.1707,12
"month","2022-07","loto",31,43,"43",5,5,0.16129032258064516,0.16129032258064516,8.37,-1.1707,12
"month","2022-07","loto",31,68,"68",5,4,0.12903225806451613,0.16129032258064516,8.37,-1.1707,12
"month","2022-07","loto",31,70,"70",5,5,0.16129032258064516,0.16129032258064516,8.37,-1.1707,12
"month","2022-07","loto",31,73,"73",5,5,0.16129032258064516,0.16129032258064516,8.37,-1.1707,12
"month","2022-07","loto",31,74,"74",5,4,0.12903225806451613,0.16129032258064516,8.37,-1.1707,12
"month","2022-07","loto",31,78,"78",5,4,0.12903225806451613,0.16129032258064516,8.37,-1.1707,12
"month","2022-07","loto",31,11,"11",4,4,0.12903225806451613,0.12903225806451613,8.37,-1.5181,13
"month","2022-07","loto",31,22,"22",4,4,0.12903225806451613,0.12903225806451613,8.37,-1.5181,13
"month","2022-07","loto",31,28,"28",4,4,0.12903225806451613,0.12903225806451613,8.37,-1.5181,13
"month","2022-07","loto",31,45,"45",4,4,0.12903225806451613,0.12903225806451613,8.37,-1.5181,13
"month","2022-07","loto",31,47,"47",4,4,0.12903225806451613,0.12903225806451613,8.37,-1.5181,13
"month","2022-07","loto",31,51,"51",4,4,0.12903225806451613,0.12903225806451613,8.37,-1.5181,13
"month","2022-07","loto",31,88,"88",4,4,0.12903225806451613,0.12903225806451613,8.37,-1.5181,13
"month","2022-07","loto",31,92,"92",4,4,0.12903225806451613,0.12903225806451613,8.37,-1.5181,13
"month","2022-07","loto",31,8,"08",3,3,0.0967741935483871,0.0967741935483871,8.37,-1.8655,14
"month","2022-07","loto",31,23,"23",3,3,0.0967741935483871,0.0967741935483871,8.37,-1.8655,14
"month","2022-07","loto",31,65,"65",3,3,0.0967741935483871,0.0967741935483871,8.37,-1.8655,14
"month","2022-07","loto",31,63,"63",2,2,0.06451612903225806,0.06451612903225806,8.37,-2.2129,15
"month","2022-07","loto",31,21,"21",1,1,0.03225806451612903,0.03225806451612903,8.37,-2.5603,16
"month","2022-08","loto",31,91,"91",17,13,0.41935483870967744,0.5483870967741935,8.37,2.998,1
"month","2022-08","loto",31,31,"31",15,15,0.4838709677419355,0.4838709677419355,8.37,2.3032,2
"month","2022-08","loto",31,34,"34",15,13,0.41935483870967744,0.4838709677419355,8.37,2.3032,2
"month","2022-08","loto",31,15,"15",14,10,0.3225806451612903,0.45161290322580644,8.37,1.9558,3
"month","2022-08","loto",31,43,"43",14,13,0.41935483870967744,0.45161290322580644,8.37,1.9558,3
"month","2022-08","loto",31,74,"74",14,11,0.3548387096774194,0.45161290322580644,8.37,1.9558,3
"month","2022-08","loto",31,75,"75",14,10,0.3225806451612903,0.45161290322580644,8.37,1.9558,3
"month","2022-08","loto",31,22,"22",13,10,0.3225806451612903,0.41935483870967744,8.37,1.6084,4
"month","2022-08","loto",31,93,"93",13,9,0.2903225806451613,0.41935483870967744,8.37,1.6084,4
"month","2022-08","loto",31,14,"14",12,11,0.3548387096774194,0.3870967741935484,8.37,1.261,5
"month","2022-08","loto",31,21,"21",12,10,0.3225806451612903,0.3870967741935484,8.37,1.261,5
"month","2022-08","loto",31,26,"26",12,11,0.3548387096774194,0.3870967741935484,8.37,1.261,5
"month","2022-08","loto",31,30,"30",12,12,0.3870967741935484,0.3870967741935484,8.37,1.261,5
"month","2022-08","loto",31,70,"70",12,11,0.3548387096774194,0.3870967741935484,8.37,1.261,5
"month","2022-08","loto",31,73,"73",12,11,0.3548387096774194,0.3870967741935484,8.37,1.261,5
"month","2022-08","loto",31,3,"03",11,10,0.3225806451612903,0.3548387096774194,8.37,0.9136,6
"month","2022-08","loto",31,13,"13",11,9,0.2903225806451613,0.3548387096774194,8.37,0.9136,6
"month","2022-08","loto",31,17,"17",11,9,0.2903225806451613,0.3548387096774194,8.37,0.9136,6
"month","2022-08","loto",31,29,"29",11,10,0.3225806451612903,0.3548387096774194,8.37,0.9136,6
"month","2022-08","loto",31,56,"56",11,10,0.3225806451612903,0.3548387096774194,8.37,0.9136,6
"month","2022-08","loto",31,92,"92",11,10,0.3225806451612903,0.3548387096774194,8.37,0.9136,6
"month","2022-08","loto",31,7,"07",10,8,0.25806451612903225,0.3225806451612903,8.37,0.5662,7
"month","2022-08","loto",31,20,"20",10,10,0.3225806451612903,0.3225806451612903,8.37,0.5662,7
"month","2022-08","loto",31,40,"40",10,9,0.2903225806451613,0.3225806451612903,8.37,0.5662,7
"month","2022-08","loto",31,44,"44",10,9,0.2903225806451613,0.3225806451612903,8.37,0.5662,7
"month","2022-08","loto",31,52,"52",10,10,0.3225806451612903,0.3225806451612903,8.37,0.5662,7
"month","2022-08","loto",31,89,"89",10,9,0.2903225806451613,0.3225806451612903,8.37,0.5662,7
"month","2022-08","loto",31,1,"01",9,8,0.25806451612903225,0.2903225806451613,8.37,0.2189,8
"month","2022-08","loto",31,5,"05",9,9,0.2903225806451613,0.2903225806451613,8.37,0.2189,8
"month","2022-08","loto",31,6,"06",9,9,0.2903225806451613,0.2903225806451613,8.37,0.2189,8
"month","2022-08","loto",31,18,"18",9,9,0.2903225806451613,0.2903225806451613,8.37,0.2189,8
"month","2022-08","loto",31,24,"24",9,9,0.2903225806451613,0.2903225806451613,8.37,0.2189,8
"month","2022-08","loto",31,25,"25",9,8,0.25806451612903225,0.2903225806451613,8.37,0.2189,8
"month","2022-08","loto",31,33,"33",9,8,0.25806451612903225,0.2903225806451613,8.37,0.2189,8
"month","2022-08","loto",31,35,"35",9,8,0.25806451612903225,0.2903225806451613,8.37,0.2189,8
"month","2022-08","loto",31,37,"37",9,8,0.25806451612903225,0.2903225806451613,8.37,0.2189,8
"month","2022-08","loto",31,42,"42",9,8,0.25806451612903225,0.2903225806451613,8.37,0.2189,8
"month","2022-08","loto",31,45,"45",9,9,0.2903225806451613,0.2903225806451613,8.37,0.2189,8
"month","2022-08","loto",31,50,"50",9,8,0.25806451612903225,0.2903225806451613,8.37,0.2189,8
"month","2022-08","loto",31,57,"57",9,9,0.2903225806451613,0.2903225806451613,8.37,0.2189,8
"month","2022-08","loto",31,66,"66",9,8,0.25806451612903225,0.2903225806451613,8.37,0.2189,8
"month","2022-08","loto",31,69,"69",9,8,0.25806451612903225,0.2903225806451613,8.37,0.2189,8
"month","2022-08","loto",31,78,"78",9,7,0.22580645161290322,0.2903225806451613,8.37,0.2189,8
"month","2022-08","loto",31,85,"85",9,9,0.2903225806451613,0.2903225806451613,8.37,0.2189,8
"month","2022-08","loto",31,90,"90",9,9,0.2903225806451613,0.2903225806451613,8.37,0.2189,8
"month","2022-08","loto",31,4,"04",8,8,0.25806451612903225,0.25806451612903225,8.37,-0.1285,9
"month","2022-08","loto",31,9,"09",8,7,0.22580645161290322,0.25806451612903225,8.37,-0.1285,9
"month","2022-08","loto",31,23,"23",8,6,0.1935483870967742,0.25806451612903225,8.37,-0.1285,9
"month","2022-08","loto",31,28,"28",8,7,0.22580645161290322,0.25806451612903225,8.37,-0.1285,9
"month","2022-08","loto",31,38,"38",8,8,0.25806451612903225,0.25806451612903225,8.37,-0.1285,9
"month","2022-08","loto",31,59,"59",8,8,0.25806451612903225,0.25806451612903225,8.37,-0.1285,9
"month","2022-08","loto",31,67,"67",8,8,0.25806451612903225,0.25806451612903225,8.37,-0.1285,9
"month","2022-08","loto",31,81,"81",8,7,0.22580645161290322,0.25806451612903225,8.37,-0.1285,9
"month","2022-08","loto",31,82,"82",8,8,0.25806451612903225,0.25806451612903225,8.37,-0.1285,9
"month","2022-08","loto",31,88,"88",8,7,0.22580645161290322,0.25806451612903225,8.37,-0.1285,9
"month","2022-08","loto",31,94,"94",8,8,0.25806451612903225,0.25806451612903225,8.37,-0.1285,9
"month","2022-08","loto",31,95,"95",8,7,0.22580645161290322,0.25806451612903225,8.37,-0.1285,9
"month","2022-08","loto",31,97,"97",8,5,0.16129032258064516,0.25806451612903225,8.37,-0.1285,9
"month","2022-08","loto",31,8,"08",7,6,0.1935483870967742,0.22580645161290322,8.37,-0.4759,10
"month","2022-08","loto",31,12,"12",7,6,0.1935483870967742,0.22580645161290322,8.37,-0.4759,10
"month","2022-08","loto",31,16,"16",7,6,0.1935483870967742,0.22580645161290322,8.37,-0.4759,10
"month","2022-08","loto",31,27,"27",7,7,0.22580645161290322,0.22580645161290322,8.37,-0.4759,10
"month","2022-08","loto",31,36,"36",7,7,0.22580645161290322,0.22580645161290322,8.37,-0.4759,10
"month","2022-08","loto",31,47,"47",7,6,0.1935483870967742,0.22580645161290322,8.37,-0.4759,10
"month","2022-08","loto",31,55,"55",7,5,0.16129032258064516,0.22580645161290322,8.37,-0.4759,10
"month","2022-08","loto",31,60,"60",7,5,0.16129032258064516,0.22580645161290322,8.37,-0.4759,10
"month","2022-08","loto",31,62,"62",7,6,0.1935483870967742,0.22580645161290322,8.37,-0.4759,10
"month","2022-08","loto",31,63,"63",7,6,0.1935483870967742,0.22580645161290322,8.37,-0.4759,10
"month","2022-08","loto",31,64,"64",7,7,0.22580645161290322,0.22580645161290322,8.37,-0.4759,10
"month","2022-08","loto",31,71,"71",7,7,0.22580645161290322,0.22580645161290322,8.37,-0.4759,10
"month","2022-08","loto",31,72,"72",7,6,0.1935483870967742,0.22580645161290322,8.37,-0.4759,10
"month","2022-08","loto",31,76,"76",7,7,0.22580645161290322,0.22580645161290322,8.37,-0.4759,10
"month","2022-08","loto",31,80,"80",7,7,0.22580645161290322,0.22580645161290322,8.37,-0.4759,10
"month","2022-08","loto",31,84,"84",7,5,0.16129032258064516,0.22580645161290322,8.37,-0.4759,10
"month","2022-08","loto",31,86,"86",7,5,0.16129032258064516,0.22580645161290322,8.37,-0.4759,10
"month","2022-08","loto",31,99,"99",7,7,0.22580645161290322,0.22580645161290322,8.37,-0.4759,10
"month","2022-08","loto",31,0,"00",6,6,0.1935483870967742,0.1935483870967742,8.37,-0.8233,11
"month","2022-08","loto",31,10,"10",6,5,0.16129032258064516,0.1935483870967742,8.37,-0.8233,11
"month","2022-08","loto",31,19,"19",6,6,0.1935483870967742,0.1935483870967742,8.37,-0.8233,11
"month","2022-08","loto",31,39,"39",6,6,0.1935483870967742,0.1935483870967742,8.37,-0.8233,11
"month","2022-08","loto",31,46,"46",6,6,0.1935483870967742,0.1935483870967742,8.37,-0.8233,11
"month","2022-08","loto",31,48,"48",6,5,0.16129032258064516,0.1935483870967742,8.37,-0.8233,11
"month","2022-08","loto",31,53,"53",6,5,0.16129032258064516,0.1935483870967742,8.37,-0.8233,11
"month","2022-08","loto",31,58,"58",6,6,0.1935483870967742,0.1935483870967742,8.37,-0.8233,11
"month","2022-08","loto",31,83,"83",6,6,0.1935483870967742,0.1935483870967742,8.37,-0.8233,11
"month","2022-08","loto",31,98,"98",6,5,0.16129032258064516,0.1935483870967742,8.37,-0.8233,11
"month","2022-08","loto",31,2,"02",5,4,0.12903225806451613,0.16129032258064516,8.37,-1.1707,12
"month","2022-08","loto",31,11,"11",5,5,0.16129032258064516,0.16129032258064516,8.37,-1.1707,12
"month","2022-08","loto",31,32,"32",5,5,0.16129032258064516,0.16129032258064516,8.37,-1.1707,12
"month","2022-08","loto",31,51,"51",5,5,0.16129032258064516,0.16129032258064516,8.37,-1.1707,12
"month","2022-08","loto",31,68,"68",5,5,0.16129032258064516,0.16129032258064516,8.37,-1.1707,12
"month","2022-08","loto",31,77,"77",5,5,0.16129032258064516,0.16129032258064516,8.37,-1.1707,12
"month","2022-08","loto",31,87,"87",5,4,0.12903225806451613,0.16129032258064516,8.37,-1.1707,12
"month","2022-08","loto",31,96,"96",5,5,0.16129032258064516,0.16129032258064516,8.37,-1.1707,12
"month","2022-08","loto",31,54,"54",4,4,0.12903225806451613,0.12903225806451613,8.37,-1.5181,13
"month","2022-08","loto",31,49,"49",3,2,0.06451612903225806,0.0967741935483871,8.37,-1.8655,14
"month","2022-08","loto",31,61,"61",3,3,0.0967741935483871,0.0967741935483871,8.37,-1.8655,14
"month","2022-08","loto",31,65,"65",3,3,0.0967741935483871,0.0967741935483871,8.37,-1.8655,14
"month","2022-08","loto",31,79,"79",3,3,0.0967741935483871,0.0967741935483871,8.37,-1.8655,14
"month","2022-08","loto",31,41,"41",2,2,0.06451612903225806,0.06451612903225806,8.37,-2.2129,15
"month","2022-09","loto",30,26,"26",14,12,0.4,0.4666666666666667,8.1,2.0835,1
"month","2022-09","loto",30,43,"43",14,12,0.4,0.4666666666666667,8.1,2.0835,1
"month","2022-09","loto",30,92,"92",14,12,0.4,0.4666666666666667,8.1,2.0835,1
"month","2022-09","loto",30,16,"16",13,8,0.26666666666666666,0.43333333333333335,8.1,1.7304,2
"month","2022-09","loto",30,23,"23",13,10,0.3333333333333333,0.43333333333333335,8.1,1.7304,2
"month","2022-09","loto",30,67,"67",13,11,0.36666666666666664,0.43333333333333335,8.1,1.7304,2
"month","2022-09","loto",30,71,"71",13,12,0.4,0.43333333333333335,8.1,1.7304,2
"month","2022-09","loto",30,84,"84",13,11,0.36666666666666664,0.43333333333333335,8.1,1.7304,2
"month","2022-09","loto",30,2,"02",12,10,0.3333333333333333,0.4,8.1,1.3772,3
"month","2022-09","loto",30,21,"21",12,11,0.36666666666666664,0.4,8.1,1.3772,3
"month","2022-09","loto",30,37,"37",12,9,0.3,0.4,8.1,1.3772,3
"month","2022-09","loto",30,50,"50",12,10,0.3333333333333333,0.4,8.1,1.3772,3
"month","2022-09","loto",30,55,"55",12,10,0.3333333333333333,0.4,8.1,1.3772,3
"month","2022-09","loto",30,65,"65",12,11,0.36666666666666664,0.4,8.1,1.3772,3
"month","2022-09","loto",30,86,"86",12,9,0.3,0.4,8.1,1.3772,3
"month","2022-09","loto",30,88,"88",12,11,0.36666666666666664,0.4,8.1,1.3772,3
"month","2022-09","loto",30,4,"04",11,10,0.3333333333333333,0.36666666666666664,8.1,1.0241,4
"month","2022-09","loto",30,17,"17",11,10,0.3333333333333333,0.36666666666666664,8.1,1.0241,4
"month","2022-09","loto",30,35,"35",11,11,0.36666666666666664,0.36666666666666664,8.1,1.0241,4
"month","2022-09","loto",30,36,"36",11,11,0.36666666666666664,0.36666666666666664,8.1,1.0241,4
"month","2022-09","loto",30,40,"40",11,9,0.3,0.36666666666666664,8.1,1.0241,4
"month","2022-09","loto",30,48,"48",11,10,0.3333333333333333,0.36666666666666664,8.1,1.0241,4
"month","2022-09","loto",30,83,"83",11,10,0.3333333333333333,0.36666666666666664,8.1,1.0241,4
"month","2022-09","loto",30,99,"99",11,7,0.23333333333333334,0.36666666666666664,8.1,1.0241,4
"month","2022-09","loto",30,0,"00",10,9,0.3,0.3333333333333333,8.1,0.671,5
"month","2022-09","loto",30,3,"03",10,9,0.3,0.3333333333333333,8.1,0.671,5
"month","2022-09","loto",30,11,"11",10,10,0.3333333333333333,0.3333333333333333,8.1,0.671,5
"month","2022-09","loto",30,49,"49",10,7,0.23333333333333334,0.3333333333333333,8.1,0.671,5
"month","2022-09","loto",30,64,"64",10,9,0.3,0.3333333333333333,8.1,0.671,5
"month","2022-09","loto",30,66,"66",10,9,0.3,0.3333333333333333,8.1,0.671,5
"month","2022-09","loto",30,94,"94",10,7,0.23333333333333334,0.3333333333333333,8.1,0.671,5
"month","2022-09","loto",30,5,"05",9,9,0.3,0.3,8.1,0.3178,6
"month","2022-09","loto",30,10,"10",9,8,0.26666666666666666,0.3,8.1,0.3178,6
"month","2022-09","loto",30,27,"27",9,8,0.26666666666666666,0.3,8.1,0.3178,6
"month","2022-09","loto",30,34,"34",9,8,0.26666666666666666,0.3,8.1,0.3178,6
"month","2022-09","loto",30,39,"39",9,7,0.23333333333333334,0.3,8.1,0.3178,6
"month","2022-09","loto",30,42,"42",9,9,0.3,0.3,8.1,0.3178,6
"month","2022-09","loto",30,68,"68",9,7,0.23333333333333334,0.3,8.1,0.3178,6
"month","2022-09","loto",30,82,"82",9,6,0.2,0.3,8.1,0.3178,6
"month","2022-09","loto",30,87,"87",9,7,0.23333333333333334,0.3,8.1,0.3178,6
"month","2022-09","loto",30,90,"90",9,8,0.26666666666666666,0.3,8.1,0.3178,6
"month","2022-09","loto",30,95,"95",9,8,0.26666666666666666,0.3,8.1,0.3178,6
"month","2022-09","loto",30,1,"01",8,8,0.26666666666666666,0.26666666666666666,8.1,-0.0353,7
"month","2022-09","loto",30,6,"06",8,8,0.26666666666666666,0.26666666666666666,8.1,-0.0353,7
"month","2022-09","loto",30,8,"08",8,6,0.2,0.26666666666666666,8.1,-0.0353,7
"month","2022-09","loto",30,9,"09",8,7,0.23333333333333334,0.26666666666666666,8.1,-0.0353,7
"month","2022-09","loto",30,14,"14",8,8,0.26666666666666666,0.26666666666666666,8.1,-0.0353,7
"month","2022-09","loto",30,22,"22",8,8,0.26666666666666666,0.26666666666666666,8.1,-0.0353,7
"month","2022-09","loto",30,24,"24",8,8,0.26666666666666666,0.26666666666666666,8.1,-0.0353,7
"month","2022-09","loto",30,38,"38",8,7,0.23333333333333334,0.26666666666666666,8.1,-0.0353,7
"month","2022-09","loto",30,46,"46",8,8,0.26666666666666666,0.26666666666666666,8.1,-0.0353,7
"month","2022-09","loto",30,47,"47",8,7,0.23333333333333334,0.26666666666666666,8.1,-0.0353,7
"month","2022-09","loto",30,51,"51",8,8,0.26666666666666666,0.26666666666666666,8.1,-0.0353,7
"month","2022-09","loto",30,54,"54",8,8,0.26666666666666666,0.26666666666666666,8.1,-0.0353,7
"month","2022-09","loto",30,56,"56",8,8,0.26666666666666666,0.26666666666666666,8.1,-0.0353,7
"month","2022-09","loto",30,62,"62",8,8,0.26666666666666666,0.26666666666666666,8.1,-0.0353,7
"month","2022-09","loto",30,70,"70",8,7,0.23333333333333334,0.26666666666666666,8.1,-0.0353,7
"month","2022-09","loto",30,72,"72",8,7,0.23333333333333334,0.26666666666666666,8.1,-0.0353,7
"month","2022-09","loto",30,74,"74",8,8,0.26666666666666666,0.26666666666666666,8.1,-0.0353,7
"month","2022-09","loto",30,76,"76",8,8,0.26666666666666666,0.26666666666666666,8.1,-0.0353,7
"month","2022-09","loto",30,77,"77",8,8,0.26666666666666666,0.26666666666666666,8.1,-0.0353,7
"month","2022-09","loto",30,80,"80",8,7,0.23333333333333334,0.26666666666666666,8.1,-0.0353,7
"month","2022-09","loto",30,85,"85",8,6,0.2,0.26666666666666666,8.1,-0.0353,7
"month","2022-09","loto",30,7,"07",7,6,0.2,0.23333333333333334,8.1,-0.3884,8
"month","2022-09","loto",30,15,"15",7,6,0.2,0.23333333333333334,8.1,-0.3884,8
"month","2022-09","loto",30,18,"18",7,7,0.23333333333333334,0.23333333333333334,8.1,-0.3884,8
"month","2022-09","loto",30,20,"20",7,7,0.23333333333333334,0.23333333333333334,8.1,-0.3884,8
"month","2022-09","loto",30,53,"53",7,6,0.2,0.23333333333333334,8.1,-0.3884,8
"month","2022-09","loto",30,69,"69",7,7,0.23333333333333334,0.23333333333333334,8.1,-0.3884,8
"month","2022-09","loto",30,78,"78",7,7,0.23333333333333334,0.23333333333333334,8.1,-0.3884,8
"month","2022-09","loto",30,13,"13",6,6,0.2,0.2,8.1,-0.7416,9
"month","2022-09","loto",30,19,"19",6,4,0.13333333333333333,0.2,8.1,-0.7416,9
"month","2022-09","loto",30,28,"28",6,6,0.2,0.2,8.1,-0.7416,9
"month","2022-09","loto",30,29,"29",6,6,0.2,0.2,8.1,-0.7416,9
"month","2022-09","loto",30,31,"31",6,6,0.2,0.2,8.1,-0.7416,9
"month","2022-09","loto",30,33,"33",6,5,0.16666666666666666,0.2,8.1,-0.7416,9
"month","2022-09","loto",30,60,"60",6,6,0.2,0.2,8.1,-0.7416,9
"month","2022-09","loto",30,63,"63",6,5,0.16666666666666666,0.2,8.1,-0.7416,9
"month","2022-09","loto",30,81,"81",6,6,0.2,0.2,8.1,-0.7416,9
"month","2022-09","loto",30,89,"89",6,6,0.2,0.2,8.1,-0.7416,9
"month","2022-09","loto",30,96,"96",6,6,0.2,0.2,8.1,-0.7416,9
"month","2022-09","loto",30,45,"45",5,5,0.16666666666666666,0.16666666666666666,8.1,-1.0947,10
"month","2022-09","loto",30,57,"57",5,4,0.13333333333333333,0.16666666666666666,8.1,-1.0947,10
"month","2022-09","loto",30,75,"75",5,5,0.16666666666666666,0.16666666666666666,8.1,-1.0947,10
"month","2022-09","loto",30,93,"93",5,5,0.16666666666666666,0.16666666666666666,8.1,-1.0947,10
"month","2022-09","loto",30,12,"12",4,4,0.13333333333333333,0.13333333333333333,8.1,-1.4479,11
"month","2022-09","loto",30,32,"32",4,4,0.13333333333333333,0.13333333333333333,8.1,-1.4479,11
"month","2022-09","loto",30,41,"41",4,4,0.13333333333333333,0.13333333333333333,8.1,-1.4479,11
"month","2022-09","loto",30,61,"61",4,4,0.13333333333333333,0.13333333333333333,8.1,-1.4479,11
"month","2022-09","loto",30,79,"79",4,4,0.13333333333333333,0.13333333333333333,8.1,-1.4479,11
"month","2022-09","loto",30,97,"97",4,3,0.1,0.13333333333333333,8.1,-1.4479,11
"month","2022-09","loto",30,98,"98",4,4,0.13333333333333333,0.13333333333333333,8.1,-1.4479,11
"month","2022-09","loto",30,25,"25",3,3,0.1,0.1,8.1,-1.801,12
"month","2022-09","loto",30,58,"58",3,3,0.1,0.1,8.1,-1.801,12
"month","2022-09","loto",30,59,"59",3,3,0.1,0.1,8.1,-1.801,12
"month","2022-09","loto",30,91,"91",3,3,0.1,0.1,8.1,-1.801,12
"month","2022-09","loto",30,44,"44",2,2,0.06666666666666667,0.06666666666666667,8.1,-2.1541,13
"month","2022-09","loto",30,52,"52",2,2,0.06666666666666667,0.06666666666666667,8.1,-2.1541,13
"month","2022-09","loto",30,73,"73",2,2,0.06666666666666667,0.06666666666666667,8.1,-2.1541,13
"month","2022-09","loto",30,30,"30",1,1,0.03333333333333333,0.03333333333333333,8.1,-2.5073,14
"month","2022-10","loto",31,91,"91",15,13,0.41935483870967744,0.4838709677419355,8.37,2.3032,1
"month","2022-10","loto",31,59,"59",14,11,0.3548387096774194,0.45161290322580644,8.37,1.9558,2
"month","2022-10","loto",31,70,"70",14,11,0.3548387096774194,0.45161290322580644,8.37,1.9558,2
"month","2022-10","loto",31,12,"12",13,12,0.3870967741935484,0.41935483870967744,8.37,1.6084,3
"month","2022-10","loto",31,68,"68",13,10,0.3225806451612903,0.41935483870967744,8.37,1.6084,3
"month","2022-10","loto",31,1,"01",12,11,0.3548387096774194,0.3870967741935484,8.37,1.261,4
"month","2022-10","loto",31,26,"26",12,10,0.3225806451612903,0.3870967741935484,8.37,1.261,4
"month","2022-10","loto",31,29,"29",12,11,0.3548387096774194,0.3870967741935484,8.37,1.261,4
"month","2022-10","loto",31,49,"49",12,8,0.25806451612903225,0.3870967741935484,8.37,1.261,4
"month","2022-10","loto",31,58,"58",12,11,0.3548387096774194,0.3870967741935484,8.37,1.261,4
"month","2022-10","loto",31,77,"77",12,11,0.3548387096774194,0.3870967741935484,8.37,1.261,4
"month","2022-10","loto",31,78,"78",12,11,0.3548387096774194,0.3870967741935484,8.37,1.261,4
"month","2022-10","loto",31,84,"84",12,10,0.3225806451612903,0.3870967741935484,8.37,1.261,4
"month","2022-10","loto",31,96,"96",12,9,0.2903225806451613,0.3870967741935484,8.37,1.261,4
"month","2022-10","loto",31,9,"09",11,9,0.2903225806451613,0.3548387096774194,8.37,0.9136,5
"month","2022-10","loto",31,16,"16",11,9,0.2903225806451613,0.3548387096774194,8.37,0.9136,5
"month","2022-10","loto",31,20,"20",11,9,0.2903225806451613,0.3548387096774194,8.37,0.9136,5
"month","2022-10","loto",31,30,"30",11,8,0.25806451612903225,0.3548387096774194,8.37,0.9136,5
"month","2022-10","loto",31,31,"31",11,11,0.3548387096774194,0.3548387096774194,8.37,0.9136,5
"month","2022-10","loto",31,40,"40",11,11,0.3548387096774194,0.3548387096774194,8.37,0.9136,5
"month","2022-10","loto",31,41,"41",11,8,0.25806451612903225,0.3548387096774194,8.37,0.9136,5
"month","2022-10","loto",31,46,"46",11,9,0.2903225806451613,0.3548387096774194,8.37,0.9136,5
"month","2022-10","loto",31,47,"47",11,10,0.3225806451612903,0.3548387096774194,8.37,0.9136,5
"month","2022-10","loto",31,51,"51",11,9,0.2903225806451613,0.3548387096774194,8.37,0.9136,5
"month","2022-10","loto",31,55,"55",11,10,0.3225806451612903,0.3548387096774194,8.37,0.9136,5
"month","2022-10","loto",31,69,"69",11,9,0.2903225806451613,0.3548387096774194,8.37,0.9136,5
"month","2022-10","loto",31,72,"72",11,10,0.3225806451612903,0.3548387096774194,8.37,0.9136,5
"month","2022-10","loto",31,76,"76",11,10,0.3225806451612903,0.3548387096774194,8.37,0.9136,5
"month","2022-10","loto",31,98,"98",11,10,0.3225806451612903,0.3548387096774194,8.37,0.9136,5
"month","2022-10","loto",31,99,"99",11,9,0.2903225806451613,0.3548387096774194,8.37,0.9136,5
"month","2022-10","loto",31,4,"04",10,10,0.3225806451612903,0.3225806451612903,8.37,0.5662,6
"month","2022-10","loto",31,18,"18",10,9,0.2903225806451613,0.3225806451612903,8.37,0.5662,6
"month","2022-10","loto",31,65,"65",10,9,0.2903225806451613,0.3225806451612903,8.37,0.5662,6
"month","2022-10","loto",31,66,"66",10,9,0.2903225806451613,0.3225806451612903,8.37,0.5662,6
"month","2022-10","loto",31,67,"67",10,9,0.2903225806451613,0.3225806451612903,8.37,0.5662,6
"month","2022-10","loto",31,92,"92",10,9,0.2903225806451613,0.3225806451612903,8.37,0.5662,6
"month","2022-10","loto",31,13,"13",9,9,0.2903225806451613,0.2903225806451613,8.37,0.2189,7
"month","2022-10","loto",31,14,"14",9,8,0.25806451612903225,0.2903225806451613,8.37,0.2189,7
"month","2022-10","loto",31,19,"19",9,9,0.2903225806451613,0.2903225806451613,8.37,0.2189,7
"month","2022-10","loto",31,42,"42",9,6,0.1935483870967742,0.2903225806451613,8.37,0.2189,7
"month","2022-10","loto",31,44,"44",9,7,0.22580645161290322,0.2903225806451613,8.37,0.2189,7
"month","2022-10","loto",31,62,"62",9,9,0.2903225806451613,0.2903225806451613,8.37,0.2189,7
"month","2022-10","loto",31,93,"93",9,6,0.1935483870967742,0.2903225806451613,8.37,0.2189,7
"month","2022-10","loto",31,97,"97",9,9,0.2903225806451613,0.2903225806451613,8.37,0.2189,7
"month","2022-10","loto",31,11,"11",8,7,0.22580645161290322,0.25806451612903225,8.37,-0.1285,8
"month","2022-10","loto",31,15,"15",8,6,0.1935483870967742,0.25806451612903225,8.37,-0.1285,8
"month","2022-10","loto",31,25,"25",8,8,0.25806451612903225,0.25806451612903225,8.37,-0.1285,8
"month","2022-10","loto",31,28,"28",8,8,0.25806451612903225,0.25806451612903225,8.37,-0.1285,8
"month","2022-10","loto",31,34,"34",8,8,0.25806451612903225,0.25806451612903225,8.37,-0.1285,8
"month","2022-10","loto",31,36,"36",8,8,0.25806451612903225,0.25806451612903225,8.37,-0.1285,8
"month","2022-10","loto",31,38,"38",8,7,0.22580645161290322,0.25806451612903225,8.37,-0.1285,8
"month","2022-10","loto",31,50,"50",8,7,0.22580645161290322,0.25806451612903225,8.37,-0.1285,8
"month","2022-10","loto",31,52,"52",8,8,0.25806451612903225,0.25806451612903225,8.37,-0.1285,8
"month","2022-10","loto",31,53,"53",8,8,0.25806451612903225,0.25806451612903225,8.37,-0.1285,8
"month","2022-10","loto",31,54,"54",8,7,0.22580645161290322,0.25806451612903225,8.37,-0.1285,8
"month","2022-10","loto",31,57,"57",8,6,0.1935483870967742,0.25806451612903225,8.37,-0.1285,8
"month","2022-10","loto",31,74,"74",8,7,0.22580645161290322,0.25806451612903225,8.37,-0.1285,8
"month","2022-10","loto",31,79,"79",8,8,0.25806451612903225,0.25806451612903225,8.37,-0.1285,8
"month","2022-10","loto",31,80,"80",8,7,0.22580645161290322,0.25806451612903225,8.37,-0.1285,8
"month","2022-10","loto",31,87,"87",8,6,0.1935483870967742,0.25806451612903225,8.37,-0.1285,8
"month","2022-10","loto",31,0,"00",7,6,0.1935483870967742,0.22580645161290322,8.37,-0.4759,9
"month","2022-10","loto",31,5,"05",7,7,0.22580645161290322,0.22580645161290322,8.37,-0.4759,9
"month","2022-10","loto",31,7,"07",7,7,0.22580645161290322,0.22580645161290322,8.37,-0.4759,9
"month","2022-10","loto",31,10,"10",7,7,0.22580645161290322,0.22580645161290322,8.37,-0.4759,9
"month","2022-10","loto",31,17,"17",7,6,0.1935483870967742,0.22580645161290322,8.37,-0.4759,9
"month","2022-10","loto",31,21,"21",7,7,0.22580645161290322,0.22580645161290322,8.37,-0.4759,9
"month","2022-10","loto",31,22,"22",7,7,0.22580645161290322,0.22580645161290322,8.37,-0.4759,9
"month","2022-10","loto",31,24,"24",7,5,0.16129032258064516,0.22580645161290322,8.37,-0.4759,9
"month","2022-10","loto",31,43,"43",7,6,0.1935483870967742,0.22580645161290322,8.37,-0.4759,9
"month","2022-10","loto",31,45,"45",7,5,0.16129032258064516,0.22580645161290322,8.37,-0.4759,9
"month","2022-10","loto",31,71,"71",7,7,0.22580645161290322,0.22580645161290322,8.37,-0.4759,9
"month","2022-10","loto",31,86,"86",7,6,0.1935483870967742,0.22580645161290322,8.37,-0.4759,9
"month","2022-10","loto",31,88,"88",7,7,0.22580645161290322,0.22580645161290322,8.37,-0.4759,9
"month","2022-10","loto",31,2,"02",6,6,0.1935483870967742,0.1935483870967742,8.37,-0.8233,10
"month","2022-10","loto",31,32,"32",6,6,0.1935483870967742,0.1935483870967742,8.37,-0.8233,10
"month","2022-10","loto",31,35,"35",6,5,0.16129032258064516,0.1935483870967742,8.37,-0.8233,10
"month","2022-10","loto",31,37,"37",6,5,0.16129032258064516,0.1935483870967742,8.37,-0.8233,10
"month","2022-10","loto",31,39,"39",6,5,0.16129032258064516,0.1935483870967742,8.37,-0.8233,10
"month","2022-10","loto",31,48,"48",6,6,0.1935483870967742,0.1935483870967742,8.37,-0.8233,10
"month","2022-10","loto",31,56,"56",6,6,0.1935483870967742,0.1935483870967742,8.37,-0.8233,10
"month","2022-10","loto",31,64,"64",6,6,0.1935483870967742,0.1935483870967742,8.37,-0.8233,10
"month","2022-10","loto",31,83,"83",6,6,0.1935483870967742,0.1935483870967742,8.37,-0.8233,10
"month","2022-10","loto",31,94,"94",6,6,0.1935483870967742,0.1935483870967742,8.37,-0.8233,10
"month","2022-10","loto",31,3,"03",5,4,0.12903225806451613,0.16129032258064516,8.37,-1.1707,11
"month","2022-10","loto",31,23,"23",5,5,0.16129032258064516,0.16129032258064516,8.37,-1.1707,11
"month","2022-10","loto",31,60,"60",5,5,0.16129032258064516,0.16129032258064516,8.37,-1.1707,11
"month","2022-10","loto",31,61,"61",5,4,0.12903225806451613,0.16129032258064516,8.37,-1.1707,11
"month","2022-10","loto",31,73,"73",5,4,0.12903225806451613,0.16129032258064516,8.37,-1.1707,11
"month","2022-10","loto",31,75,"75",5,5,0.16129032258064516,0.16129032258064516,8.37,-1.1707,11
"month","2022-10","loto",31,81,"81",5,5,0.16129032258064516,0.16129032258064516,8.37,-1.1707,11
"month","2022-10","loto",31,82,"82",5,5,0.16129032258064516,0.16129032258064516,8.37,-1.1707,11
"month","2022-10","loto",31,89,"89",5,5,0.16129032258064516,0.16129032258064516,8.37,-1.1707,11
"month","2022-10","loto",31,95,"95",5,5,0.16129032258064516,0.16129032258064516,8.37,-1.1707,11
"month","2022-10","loto",31,8,"08",4,4,0.12903225806451613,0.12903225806451613,8.37,-1.5181,12
"month","2022-10","loto",31,33,"33",4,4,0.12903225806451613,0.12903225806451613,8.37,-1.5181,12
"month","2022-10","loto",31,63,"63",4,4,0.12903225806451613,0.12903225806451613,8.37,-1.5181,12
"month","2022-10","loto",31,27,"27",3,3,0.0967741935483871,0.0967741935483871,8.37,-1.8655,13
"month","2022-10","loto",31,85,"85",3,3,0.0967741935483871,0.0967741935483871,8.37,-1.8655,13
"month","2022-10","loto",31,90,"90",3,3,0.0967741935483871,0.0967741935483871,8.37,-1.8655,13
"month","2022-10","loto",31,6,"06",2,2,0.06451612903225806,0.06451612903225806,8.37,-2.2129,14
"month","2022-11","loto",30,76,"76",16,13,0.43333333333333335,0.5333333333333333,8.1,2.7898,1
"month","2022-11","loto",30,21,"21",15,11,0.36666666666666664,0.5,8.1,2.4366,2
"month","2022-11","loto",30,36,"36",13,10,0.3333333333333333,0.43333333333333335,8.1,1.7304,3
"month","2022-11","loto",30,70,"70",13,11,0.36666666666666664,0.43333333333333335,8.1,1.7304,3
"month","2022-11","loto",30,90,"90",13,9,0.3,0.43333333333333335,8.1,1.7304,3
"month","2022-11","loto",30,96,"96",13,12,0.4,0.43333333333333335,8.1,1.7304,3
"month","2022-11","loto",30,0,"00",12,9,0.3,0.4,8.1,1.3772,4
"month","2022-11","loto",30,53,"53",12,9,0.3,0.4,8.1,1.3772,4
"month","2022-11","loto",30,66,"66",12,11,0.36666666666666664,0.4,8.1,1.3772,4
"month","2022-11","loto",30,82,"82",12,9,0.3,0.4,8.1,1.3772,4
"month","2022-11","loto",30,83,"83",12,9,0.3,0.4,8.1,1.3772,4
"month","2022-11","loto",30,3,"03",11,9,0.3,0.36666666666666664,8.1,1.0241,5
"month","2022-11","loto",30,7,"07",11,8,0.26666666666666666,0.36666666666666664,8.1,1.0241,5
"month","2022-11","loto",30,20,"20",11,9,0.3,0.36666666666666664,8.1,1.0241,5
"month","2022-11","loto",30,33,"33",11,10,0.3333333333333333,0.36666666666666664,8.1,1.0241,5
"month","2022-11","loto",30,34,"34",11,9,0.3,0.36666666666666664,8.1,1.0241,5
"month","2022-11","loto",30,41,"41",11,9,0.3,0.36666666666666664,8.1,1.0241,5
"month","2022-11","loto",30,42,"42",11,8,0.26666666666666666,0.36666666666666664,8.1,1.0241,5
"month","2022-11","loto",30,46,"46",11,10,0.3333333333333333,0.36666666666666664,8.1,1.0241,5
"month","2022-11","loto",30,50,"50",11,10,0.3333333333333333,0.36666666666666664,8.1,1.0241,5
"month","2022-11","loto",30,51,"51",11,11,0.36666666666666664,0.36666666666666664,8.1,1.0241,5
"month","2022-11","loto",30,57,"57",11,10,0.3333333333333333,0.36666666666666664,8.1,1.0241,5
"month","2022-11","loto",30,64,"64",11,9,0.3,0.36666666666666664,8.1,1.0241,5
"month","2022-11","loto",30,78,"78",11,9,0.3,0.36666666666666664,8.1,1.0241,5
"month","2022-11","loto",30,4,"04",10,8,0.26666666666666666,0.3333333333333333,8.1,0.671,6
"month","2022-11","loto",30,13,"13",10,8,0.26666666666666666,0.3333333333333333,8.1,0.671,6
"month","2022-11","loto",30,30,"30",10,9,0.3,0.3333333333333333,8.1,0.671,6
"month","2022-11","loto",30,39,"39",10,9,0.3,0.3333333333333333,8.1,0.671,6
"month","2022-11","loto",30,43,"43",10,10,0.3333333333333333,0.3333333333333333,8.1,0.671,6
"month","2022-11","loto",30,61,"61",10,10,0.3333333333333333,0.3333333333333333,8.1,0.671,6
"month","2022-11","loto",30,67,"67",10,9,0.3,0.3333333333333333,8.1,0.671,6
"month","2022-11","loto",30,73,"73",10,9,0.3,0.3333333333333333,8.1,0.671,6
"month","2022-11","loto",30,5,"05",9,7,0.23333333333333334,0.3,8.1,0.3178,7
"month","2022-11","loto",30,11,"11",9,9,0.3,0.3,8.1,0.3178,7
"month","2022-11","loto",30,12,"12",9,8,0.26666666666666666,0.3,8.1,0.3178,7
"month","2022-11","loto",30,14,"14",9,7,0.23333333333333334,0.3,8.1,0.3178,7
"month","2022-11","loto",30,23,"23",9,8,0.26666666666666666,0.3,8.1,0.3178,7
"month","2022-11","loto",30,24,"24",9,8,0.26666666666666666,0.3,8.1,0.3178,7
"month","2022-11","loto",30,25,"25",9,5,0.16666666666666666,0.3,8.1,0.3178,7
"month","2022-11","loto",30,26,"26",9,9,0.3,0.3,8.1,0.3178,7
"month","2022-11","loto",30,31,"31",9,8,0.26666666666666666,0.3,8.1,0.3178,7
"month","2022-11","loto",30,55,"55",9,6,0.2,0.3,8.1,0.3178,7
"month","2022-11","loto",30,65,"65",9,8,0.26666666666666666,0.3,8.1,0.3178,7
"month","2022-11","loto",30,71,"71",9,8,0.26666666666666666,0.3,8.1,0.3178,7
"month","2022-11","loto",30,72,"72",9,9,0.3,0.3,8.1,0.3178,7
"month","2022-11","loto",30,74,"74",9,7,0.23333333333333334,0.3,8.1,0.3178,7
"month","2022-11","loto",30,79,"79",9,8,0.26666666666666666,0.3,8.1,0.3178,7
"month","2022-11","loto",30,87,"87",9,7,0.23333333333333334,0.3,8.1,0.3178,7
"month","2022-11","loto",30,91,"91",9,7,0.23333333333333334,0.3,8.1,0.3178,7
"month","2022-11","loto",30,92,"92",9,9,0.3,0.3,8.1,0.3178,7
"month","2022-11","loto",30,94,"94",9,9,0.3,0.3,8.1,0.3178,7
"month","2022-11","loto",30,2,"02",8,7,0.23333333333333334,0.26666666666666666,8.1,-0.0353,8
"month","2022-11","loto",30,6,"06",8,7,0.23333333333333334,0.26666666666666666,8.1,-0.0353,8
"month","2022-11","loto",30,8,"08",8,8,0.26666666666666666,0.26666666666666666,8.1,-0.0353,8
"month","2022-11","loto",30,54,"54",8,6,0.2,0.26666666666666666,8.1,-0.0353,8
"month","2022-11","loto",30,59,"59",8,7,0.23333333333333334,0.26666666666666666,8.1,-0.0353,8
"month","2022-11","loto",30,98,"98",8,8,0.26666666666666666,0.26666666666666666,8.1,-0.0353,8
"month","2022-11","loto",30,99,"99",8,8,0.26666666666666666,0.26666666666666666,8.1,-0.0353,8
"month","2022-11","loto",30,10,"10",7,7,0.23333333333333334,0.23333333333333334,8.1,-0.3884,9
"month","2022-11","loto",30,19,"19",7,7,0.23333333333333334,0.23333333333333334,8.1,-0.3884,9
"month","2022-11","loto",30,22,"22",7,7,0.23333333333333334,0.23333333333333334,8.1,-0.3884,9
"month","2022-11","loto",30,28,"28",7,7,0.23333333333333334,0.23333333333333334,8.1,-0.3884,9
"month","2022-11","loto",30,32,"32",7,6,0.2,0.23333333333333334,8.1,-0.3884,9
"month","2022-11","loto",30,38,"38",7,7,0.23333333333333334,0.23333333333333334,8.1,-0.3884,9
"month","2022-11","loto",30,48,"48",7,6,0.2,0.23333333333333334,8.1,-0.3884,9
"month","2022-11","loto",30,52,"52",7,7,0.23333333333333334,0.23333333333333334,8.1,-0.3884,9
"month","2022-11","loto",30,58,"58",7,6,0.2,0.23333333333333334,8.1,-0.3884,9
"month","2022-11","loto",30,62,"62",7,6,0.2,0.23333333333333334,8.1,-0.3884,9
"month","2022-11","loto",30,69,"69",7,5,0.16666666666666666,0.23333333333333334,8.1,-0.3884,9
"month","2022-11","loto",30,80,"80",7,7,0.23333333333333334,0.23333333333333334,8.1,-0.3884,9
"month","2022-11","loto",30,81,"81",7,7,0.23333333333333334,0.23333333333333334,8.1,-0.3884,9
"month","2022-11","loto",30,89,"89",7,6,0.2,0.23333333333333334,8.1,-0.3884,9
"month","2022-11","loto",30,40,"40",6,5,0.16666666666666666,0.2,8.1,-0.7416,10
"month","2022-11","loto",30,60,"60",6,6,0.2,0.2,8.1,-0.7416,10
"month","2022-11","loto",30,75,"75",6,6,0.2,0.2,8.1,-0.7416,10
"month","2022-11","loto",30,77,"77",6,5,0.16666666666666666,0.2,8.1,-0.7416,10
"month","2022-11","loto",30,95,"95",6,5,0.16666666666666666,0.2,8.1,-0.7416,10
"month","2022-11","loto",30,97,"97",6,5,0.16666666666666666,0.2,8.1,-0.7416,10
"month","2022-11","loto",30,9,"09",5,5,0.16666666666666666,0.16666666666666666,8.1,-1.0947,11
"month","2022-11","loto",30,16,"16",5,5,0.16666666666666666,0.16666666666666666,8.1,-1.0947,11
"month","2022-11","loto",30,29,"29",5,5,0.16666666666666666,0.16666666666666666,8.1,-1.0947,11
"month","2022-11","loto",30,37,"37",5,4,0.13333333333333333,0.16666666666666666,8.1,-1.0947,11
"month","2022-11","loto",30,44,"44",5,5,0.16666666666666666,0.16666666666666666,8.1,-1.0947,11
"month","2022-11","loto",30,47,"47",5,4,0.13333333333333333,0.16666666666666666,8.1,-1.0947,11
"month","2022-11","loto",30,84,"84",5,4,0.13333333333333333,0.16666666666666666,8.1,-1.0947,11
"month","2022-11","loto",30,85,"85",5,5,0.16666666666666666,0.16666666666666666,8.1,-1.0947,11
"month","2022-11","loto",30,15,"15",4,4,0.13333333333333333,0.13333333333333333,8.1,-1.4479,12
"month","2022-11","loto",30,17,"17",4,4,0.13333333333333333,0.13333333333333333,8.1,-1.4479,12
"month","2022-11","loto",30,35,"35",4,4,0.13333333333333333,0.13333333333333333,8.1,-1.4479,12
"month","2022-11","loto",30,56,"56",4,4,0.13333333333333333,0.13333333333333333,8.1,-1.4479,12
"month","2022-11","loto",30,68,"68",4,3,0.1,0.13333333333333333,8.1,-1.4479,12
"month","2022-11","loto",30,86,"86",4,3,0.1,0.13333333333333333,8.1,-1.4479,12
"month","2022-11","loto",30,1,"01",3,3,0.1,0.1,8.1,-1.801,13
"month","2022-11","loto",30,18,"18",3,3,0.1,0.1,8.1,-1.801,13
"month","2022-11","loto",30,45,"45",3,3,0.1,0.1,8.1,-1.801,13
"month","2022-11","loto",30,49,"49",3,3,0.1,0.1,8.1,-1.801,13
"month","2022-11","loto",30,27,"27",2,2,0.06666666666666667,0.06666666666666667,8.1,-2.1541,14
"month","2022-11","loto",30,88,"88",2,2,0.06666666666666667,0.06666666666666667,8.1,-2.1541,14
"month","2022-11","loto",30,93,"93",2,2,0.06666666666666667,0.06666666666666667,8.1,-2.1541,14
"month","2022-11","loto",30,63,"63",1,1,0.03333333333333333,0.03333333333333333,8.1,-2.5073,15
"month","2022-12","loto",31,82,"82",15,13,0.41935483870967744,0.4838709677419355,8.37,2.3032,1
"month","2022-12","loto",31,60,"60",14,12,0.3870967741935484,0.45161290322580644,8.37,1.9558,2
"month","2022-12","loto",31,28,"28",13,11,0.3548387096774194,0.41935483870967744,8.37,1.6084,3
"month","2022-12","loto",31,38,"38",13,12,0.3870967741935484,0.41935483870967744,8.37,1.6084,3
"month","2022-12","loto",31,88,"88",13,9,0.2903225806451613,0.41935483870967744,8.37,1.6084,3
"month","2022-12","loto",31,15,"15",12,11,0.3548387096774194,0.3870967741935484,8.37,1.261,4
"month","2022-12","loto",31,34,"34",12,12,0.3870967741935484,0.3870967741935484,8.37,1.261,4
"month","2022-12","loto",31,36,"36",12,11,0.3548387096774194,0.3870967741935484,8.37,1.261,4
"month","2022-12","loto",31,54,"54",12,9,0.2903225806451613,0.3870967741935484,8.37,1.261,4
"month","2022-12","loto",31,64,"64",12,10,0.3225806451612903,0.3870967741935484,8.37,1.261,4
"month","2022-12","loto",31,73,"73",12,8,0.25806451612903225,0.3870967741935484,8.37,1.261,4
"month","2022-12","loto",31,18,"18",11,11,0.3548387096774194,0.3548387096774194,8.37,0.9136,5
"month","2022-12","loto",31,27,"27",11,10,0.3225806451612903,0.3548387096774194,8.37,0.9136,5
"month","2022-12","loto",31,44,"44",11,7,0.22580645161290322,0.3548387096774194,8.37,0.9136,5
"month","2022-12","loto",31,83,"83",11,9,0.2903225806451613,0.3548387096774194,8.37,0.9136,5
"month","2022-12","loto",31,85,"85",11,8,0.25806451612903225,0.3548387096774194,8.37,0.9136,5
"month","2022-12","loto",31,91,"91",11,10,0.3225806451612903,0.3548387096774194,8.37,0.9136,5
"month","2022-12","loto",31,92,"92",11,8,0.25806451612903225,0.3548387096774194,8.37,0.9136,5
"month","2022-12","loto",31,93,"93",11,10,0.3225806451612903,0.3548387096774194,8.37,0.9136,5
"month","2022-12","loto",31,95,"95",11,10,0.3225806451612903,0.3548387096774194,8.37,0.9136,5
"month","2022-12","loto",31,12,"12",10,9,0.2903225806451613,0.3225806451612903,8.37,0.5662,6
"month","2022-12","loto",31,17,"17",10,9,0.2903225806451613,0.3225806451612903,8.37,0.5662,6
"month","2022-12","loto",31,20,"20",10,8,0.25806451612903225,0.3225806451612903,8.37,0.5662,6
"month","2022-12","loto",31,30,"30",10,10,0.3225806451612903,0.3225806451612903,8.37,0.5662,6
"month","2022-12","loto",31,33,"33",10,8,0.25806451612903225,0.3225806451612903,8.37,0.5662,6
"month","2022-12","loto",31,41,"41",10,10,0.3225806451612903,0.3225806451612903,8.37,0.5662,6
"month","2022-12","loto",31,46,"46",10,10,0.3225806451612903,0.3225806451612903,8.37,0.5662,6
"month","2022-12","loto",31,56,"56",10,10,0.3225806451612903,0.3225806451612903,8.37,0.5662,6
"month","2022-12","loto",31,61,"61",10,9,0.2903225806451613,0.3225806451612903,8.37,0.5662,6
"month","2022-12","loto",31,65,"65",10,9,0.2903225806451613,0.3225806451612903,8.37,0.5662,6
"month","2022-12","loto",31,67,"67",10,7,0.22580645161290322,0.3225806451612903,8.37,0.5662,6
"month","2022-12","loto",31,68,"68",10,9,0.2903225806451613,0.3225806451612903,8.37,0.5662,6
"month","2022-12","loto",31,71,"71",10,8,0.25806451612903225,0.3225806451612903,8.37,0.5662,6
"month","2022-12","loto",31,79,"79",10,8,0.25806451612903225,0.3225806451612903,8.37,0.5662,6
"month","2022-12","loto",31,80,"80",10,9,0.2903225806451613,0.3225806451612903,8.37,0.5662,6
"month","2022-12","loto",31,89,"89",10,7,0.22580645161290322,0.3225806451612903,8.37,0.5662,6
"month","2022-12","loto",31,96,"96",10,10,0.3225806451612903,0.3225806451612903,8.37,0.5662,6
"month","2022-12","loto",31,7,"07",9,6,0.1935483870967742,0.2903225806451613,8.37,0.2189,7
"month","2022-12","loto",31,10,"10",9,8,0.25806451612903225,0.2903225806451613,8.37,0.2189,7
"month","2022-12","loto",31,21,"21",9,8,0.25806451612903225,0.2903225806451613,8.37,0.2189,7
"month","2022-12","loto",31,24,"24",9,8,0.25806451612903225,0.2903225806451613,8.37,0.2189,7
"month","2022-12","loto",31,25,"25",9,8,0.25806451612903225,0.2903225806451613,8.37,0.2189,7
"month","2022-12","loto",31,26,"26",9,8,0.25806451612903225,0.2903225806451613,8.37,0.2189,7
"month","2022-12","loto",31,40,"40",9,9,0.2903225806451613,0.2903225806451613,8.37,0.2189,7
"month","2022-12","loto",31,42,"42",9,7,0.22580645161290322,0.2903225806451613,8.37,0.2189,7
"month","2022-12","loto",31,55,"55",9,7,0.22580645161290322,0.2903225806451613,8.37,0.2189,7
"month","2022-12","loto",31,58,"58",9,8,0.25806451612903225,0.2903225806451613,8.37,0.2189,7
"month","2022-12","loto",31,62,"62",9,9,0.2903225806451613,0.2903225806451613,8.37,0.2189,7
"month","2022-12","loto",31,70,"70",9,8,0.25806451612903225,0.2903225806451613,8.37,0.2189,7
"month","2022-12","loto",31,78,"78",9,7,0.22580645161290322,0.2903225806451613,8.37,0.2189,7
"month","2022-12","loto",31,1,"01",8,8,0.25806451612903225,0.25806451612903225,8.37,-0.1285,8
"month","2022-12","loto",31,2,"02",8,6,0.1935483870967742,0.25806451612903225,8.37,-0.1285,8
"month","2022-12","loto",31,5,"05",8,7,0.22580645161290322,0.25806451612903225,8.37,-0.1285,8
"month","2022-12","loto",31,6,"06",8,8,0.25806451612903225,0.25806451612903225,8.37,-0.1285,8
"month","2022-12","loto",31,9,"09",8,8,0.25806451612903225,0.25806451612903225,8.37,-0.1285,8
"month","2022-12","loto",31,29,"29",8,8,0.25806451612903225,0.25806451612903225,8.37,-0.1285,8
"month","2022-12","loto",31,31,"31",8,6,0.1935483870967742,0.25806451612903225,8.37,-0.1285,8
"month","2022-12","loto",31,32,"32",8,6,0.1935483870967742,0.25806451612903225,8.37,-0.1285,8
"month","2022-12","loto",31,47,"47",8,7,0.22580645161290322,0.25806451612903225,8.37,-0.1285,8
"month","2022-12","loto",31,51,"51",8,8,0.25806451612903225,0.25806451612903225,8.37,-0.1285,8
"month","2022-12","loto",31,59,"59",8,6,0.1935483870967742,0.25806451612903225,8.37,-0.1285,8
"month","2022-12","loto",31,72,"72",8,8,0.25806451612903225,0.25806451612903225,8.37,-0.1285,8
"month","2022-12","loto",31,8,"08",7,6,0.1935483870967742,0.22580645161290322,8.37,-0.4759,9
"month","2022-12","loto",31,22,"22",7,7,0.22580645161290322,0.22580645161290322,8.37,-0.4759,9
"month","2022-12","loto",31,35,"35",7,6,0.1935483870967742,0.22580645161290322,8.37,-0.4759,9
"month","2022-12","loto",31,37,"37",7,6,0.1935483870967742,0.22580645161290322,8.37,-0.4759,9
"month","2022-12","loto",31,39,"39",7,6,0.1935483870967742,0.22580645161290322,8.37,-0.4759,9
"month","2022-12","loto",31,45,"45",7,6,0.1935483870967742,0.22580645161290322,8.37,-0.4759,9
"month","2022-12","loto",31,90,"90",7,7,0.22580645161290322,0.22580645161290322,8.37,-0.4759,9
"month","2022-12","loto",31,97,"97",7,6,0.1935483870967742,0.22580645161290322,8.37,-0.4759,9
"month","2022-12","loto",31,99,"99",7,6,0.1935483870967742,0.22580645161290322,8.37,-0.4759,9
"month","2022-12","loto",31,3,"03",6,6,0.1935483870967742,0.1935483870967742,8.37,-0.8233,10
"month","2022-12","loto",31,11,"11",6,5,0.16129032258064516,0.1935483870967742,8.37,-0.8233,10
"month","2022-12","loto",31,13,"13",6,5,0.16129032258064516,0.1935483870967742,8.37,-0.8233,10
"month","2022-12","loto",31,16,"16",6,6,0.1935483870967742,0.1935483870967742,8.37,-0.8233,10
"month","2022-12","loto",31,19,"19",6,6,0.1935483870967742,0.1935483870967742,8.37,-0.8233,10
"month","2022-12","loto",31,23,"23",6,6,0.1935483870967742,0.1935483870967742,8.37,-0.8233,10
"month","2022-12","loto",31,48,"48",6,5,0.16129032258064516,0.1935483870967742,8.37,-0.8233,10
"month","2022-12","loto",31,52,"52",6,6,0.1935483870967742,0.1935483870967742,8.37,-0.8233,10
"month","2022-12","loto",31,53,"53",6,6,0.1935483870967742,0.1935483870967742,8.37,-0.8233,10
"month","2022-12","loto",31,63,"63",6,5,0.16129032258064516,0.1935483870967742,8.37,-0.8233,10
"month","2022-12","loto",31,75,"75",6,6,0.1935483870967742,0.1935483870967742,8.37,-0.8233,10
"month","2022-12","loto",31,76,"76",6,6,0.1935483870967742,0.1935483870967742,8.37,-0.8233,10
"month","2022-12","loto",31,81,"81",6,6,0.1935483870967742,0.1935483870967742,8.37,-0.8233,10
"month","2022-12","loto",31,86,"86",6,6,0.1935483870967742,0.1935483870967742,8.37,-0.8233,10
"month","2022-12","loto",31,87,"87",6,6,0.1935483870967742,0.1935483870967742,8.37,-0.8233,10
"month","2022-12","loto",31,94,"94",6,6,0.1935483870967742,0.1935483870967742,8.37,-0.8233,10
"month","2022-12","loto",31,98,"98",6,5,0.16129032258064516,0.1935483870967742,8.37,-0.8233,10
"month","2022-12","loto",31,0,"00",5,5,0.16129032258064516,0.16129032258064516,8.37,-1.1707,11
"month","2022-12","loto",31,14,"14",5,4,0.12903225806451613,0.16129032258064516,8.37,-1.1707,11
"month","2022-12","loto",31,43,"43",5,4,0.12903225806451613,0.16129032258064516,8.37,-1.1707,11
"month","2022-12","loto",31,50,"50",5,3,0.0967741935483871,0.16129032258064516,8.37,-1.1707,11
"month","2022-12","loto",31,57,"57",5,5,0.16129032258064516,0.16129032258064516,8.37,-1.1707,11
"month","2022-12","loto",31,74,"74",5,5,0.16129032258064516,0.16129032258064516,8.37,-1.1707,11
"month","2022-12","loto",31,49,"49",4,4,0.12903225806451613,0.12903225806451613,8.37,-1.5181,12
"month","2022-12","loto",31,77,"77",4,4,0.12903225806451613,0.12903225806451613,8.37,-1.5181,12
"month","2022-12","loto",31,4,"04",3,3,0.0967741935483871,0.0967741935483871,8.37,-1.8655,13
"month","2022-12","loto",31,66,"66",3,3,0.0967741935483871,0.0967741935483871,8.37,-1.8655,13
"month","2022-12","loto",31,69,"69",3,3,0.0967741935483871,0.0967741935483871,8.37,-1.8655,13
"month","2022-12","loto",31,84,"84",3,3,0.0967741935483871,0.0967741935483871,8.37,-1.8655,13
"month","2023-01","loto",27,42,"42",14,13,0.48148148148148145,0.5185185185185185,7.29,2.4977,1
"month","2023-01","loto",27,57,"57",14,11,0.4074074074074074,0.5185185185185185,7.29,2.4977,1
"month","2023-01","loto",27,79,"79",14,12,0.4444444444444444,0.5185185185185185,7.29,2.4977,1
"month","2023-01","loto",27,34,"34",13,9,0.3333333333333333,0.48148148148148145,7.29,2.1255,2
"month","2023-01","loto",27,35,"35",13,9,0.3333333333333333,0.48148148148148145,7.29,2.1255,2
"month","2023-01","loto",27,40,"40",13,11,0.4074074074074074,0.48148148148148145,7.29,2.1255,2
"month","2023-01","loto",27,16,"16",12,10,0.37037037037037035,0.4444444444444444,7.29,1.7532,3
"month","2023-01","loto",27,82,"82",12,12,0.4444444444444444,0.4444444444444444,7.29,1.7532,3
"month","2023-01","loto",27,91,"91",12,10,0.37037037037037035,0.4444444444444444,7.29,1.7532,3
"month","2023-01","loto",27,10,"10",11,10,0.37037037037037035,0.4074074074074074,7.29,1.381,4
"month","2023-01","loto",27,55,"55",11,10,0.37037037037037035,0.4074074074074074,7.29,1.381,4
"month","2023-01","loto",27,18,"18",10,8,0.2962962962962963,0.37037037037037035,7.29,1.0088,5
"month","2023-01","loto",27,38,"38",10,8,0.2962962962962963,0.37037037037037035,7.29,1.0088,5
"month","2023-01","loto",27,49,"49",10,10,0.37037037037037035,0.37037037037037035,7.29,1.0088,5
"month","2023-01","loto",27,12,"12",9,8,0.2962962962962963,0.3333333333333333,7.29,0.6365,6
"month","2023-01","loto",27,20,"20",9,8,0.2962962962962963,0.3333333333333333,7.29,0.6365,6
"month","2023-01","loto",27,26,"26",9,9,0.3333333333333333,0.3333333333333333,7.29,0.6365,6
"month","2023-01","loto",27,32,"32",9,8,0.2962962962962963,0.3333333333333333,7.29,0.6365,6
"month","2023-01","loto",27,48,"48",9,7,0.25925925925925924,0.3333333333333333,7.29,0.6365,6
"month","2023-01","loto",27,56,"56",9,7,0.25925925925925924,0.3333333333333333,7.29,0.6365,6
"month","2023-01","loto",27,64,"64",9,8,0.2962962962962963,0.3333333333333333,7.29,0.6365,6
"month","2023-01","loto",27,65,"65",9,7,0.25925925925925924,0.3333333333333333,7.29,0.6365,6
"month","2023-01","loto",27,66,"66",9,9,0.3333333333333333,0.3333333333333333,7.29,0.6365,6
"month","2023-01","loto",27,70,"70",9,8,0.2962962962962963,0.3333333333333333,7.29,0.6365,6
"month","2023-01","loto",27,75,"75",9,7,0.25925925925925924,0.3333333333333333,7.29,0.6365,6
"month","2023-01","loto",27,95,"95",9,7,0.25925925925925924,0.3333333333333333,7.29,0.6365,6
"month","2023-01","loto",27,1,"01",8,8,0.2962962962962963,0.2962962962962963,7.29,0.2643,7
"month","2023-01","loto",27,5,"05",8,7,0.25925925925925924,0.2962962962962963,7.29,0.2643,7
"month","2023-01","loto",27,11,"11",8,7,0.25925925925925924,0.2962962962962963,7.29,0.2643,7
"month","2023-01","loto",27,13,"13",8,7,0.25925925925925924,0.2962962962962963,7.29,0.2643,7
"month","2023-01","loto",27,25,"25",8,8,0.2962962962962963,0.2962962962962963,7.29,0.2643,7
"month","2023-01","loto",27,31,"31",8,6,0.2222222222222222,0.2962962962962963,7.29,0.2643,7
"month","2023-01","loto",27,52,"52",8,7,0.25925925925925924,0.2962962962962963,7.29,0.2643,7
"month","2023-01","loto",27,67,"67",8,6,0.2222222222222222,0.2962962962962963,7.29,0.2643,7
"month","2023-01","loto",27,74,"74",8,8,0.2962962962962963,0.2962962962962963,7.29,0.2643,7
"month","2023-01","loto",27,77,"77",8,7,0.25925925925925924,0.2962962962962963,7.29,0.2643,7
"month","2023-01","loto",27,81,"81",8,7,0.25925925925925924,0.2962962962962963,7.29,0.2643,7
"month","2023-01","loto",27,83,"83",8,8,0.2962962962962963,0.2962962962962963,7.29,0.2643,7
"month","2023-01","loto",27,84,"84",8,8,0.2962962962962963,0.2962962962962963,7.29,0.2643,7
"month","2023-01","loto",27,86,"86",8,8,0.2962962962962963,0.2962962962962963,7.29,0.2643,7
"month","2023-01","loto",27,88,"88",8,6,0.2222222222222222,0.2962962962962963,7.29,0.2643,7
"month","2023-01","loto",27,94,"94",8,8,0.2962962962962963,0.2962962962962963,7.29,0.2643,7
"month","2023-01","loto",27,96,"96",8,8,0.2962962962962963,0.2962962962962963,7.29,0.2643,7
"month","2023-01","loto",27,97,"97",8,6,0.2222222222222222,0.2962962962962963,7.29,0.2643,7
"month","2023-01","loto",27,4,"04",7,5,0.18518518518518517,0.25925925925925924,7.29,-0.1079,8
"month","2023-01","loto",27,7,"07",7,5,0.18518518518518517,0.25925925925925924,7.29,-0.1079,8
"month","2023-01","loto",27,15,"15",7,6,0.2222222222222222,0.25925925925925924,7.29,-0.1079,8
"month","2023-01","loto",27,22,"22",7,7,0.25925925925925924,0.25925925925925924,7.29,-0.1079,8
"month","2023-01","loto",27,29,"29",7,6,0.2222222222222222,0.25925925925925924,7.29,-0.1079,8
"month","2023-01","loto",27,30,"30",7,7,0.25925925925925924,0.25925925925925924,7.29,-0.1079,8
"month","2023-01","loto",27,43,"43",7,6,0.2222222222222222,0.25925925925925924,7.29,-0.1079,8
"month","2023-01","loto",27,44,"44",7,7,0.25925925925925924,0.25925925925925924,7.29,-0.1079,8
"month","2023-01","loto",27,45,"45",7,6,0.2222222222222222,0.25925925925925924,7.29,-0.1079,8
"month","2023-01","loto",27,59,"59",7,6,0.2222222222222222,0.25925925925925924,7.29,-0.1079,8
"month","2023-01","loto",27,69,"69",7,7,0.25925925925925924,0.25925925925925924,7.29,-0.1079,8
"month","2023-01","loto",27,73,"73",7,6,0.2222222222222222,0.25925925925925924,7.29,-0.1079,8
"month","2023-01","loto",27,87,"87",7,5,0.18518518518518517,0.25925925925925924,7.29,-0.1079,8
"month","2023-01","loto",27,89,"89",7,7,0.25925925925925924,0.25925925925925924,7.29,-0.1079,8
"month","2023-01","loto",27,92,"92",7,6,0.2222222222222222,0.25925925925925924,7.29,-0.1079,8
"month","2023-01","loto",27,93,"93",7,7,0.25925925925925924,0.25925925925925924,7.29,-0.1079,8
"month","2023-01","loto",27,0,"00",6,5,0.18518518518518517,0.2222222222222222,7.29,-0.4802,9
"month","2023-01","loto",27,8,"08",6,6,0.2222222222222222,0.2222222222222222,7.29,-0.4802,9
"month","2023-01","loto",27,21,"21",6,6,0.2222222222222222,0.2222222222222222,7.29,-0.4802,9
"month","2023-01","loto",27,23,"23",6,5,0.18518518518518517,0.2222222222222222,7.29,-0.4802,9
"month","2023-01","loto",27,27,"27",6,6,0.2222222222222222,0.2222222222222222,7.29,-0.4802,9
"month","2023-01","loto",27,41,"41",6,6,0.2222222222222222,0.2222222222222222,7.29,-0.4802,9
"month","2023-01","loto",27,46,"46",6,5,0.18518518518518517,0.2222222222222222,7.29,-0.4802,9
"month","2023-01","loto",27,50,"50",6,5,0.18518518518518517,0.2222222222222222,7.29,-0.4802,9
"month","2023-01","loto",27,51,"51",6,5,0.18518518518518517,0.2222222222222222,7.29,-0.4802,9
"month","2023-01","loto",27,53,"53",6,6,0.2222222222222222,0.2222222222222222,7.29,-0.4802,9
"month","2023-01","loto",27,54,"54",6,6,0.2222222222222222,0.2222222222222222,7.29,-0.4802,9
"month","2023-01","loto",27,60,"60",6,6,0.2222222222222222,0.2222222222222222,7.29,-0.4802,9
"month","2023-01","loto",27,61,"61",6,5,0.18518518518518517,0.2222222222222222,7.29,-0.4802,9
"month","2023-01","loto",27,63,"63",6,5,0.18518518518518517,0.2222222222222222,7.29,-0.4802,9
"month","2023-01","loto",27,68,"68",6,5,0.18518518518518517,0.2222222222222222,7.29,-0.4802,9
"month","2023-01","loto",27,80,"80",6,6,0.2222222222222222,0.2222222222222222,7.29,-0.4802,9
"month","2023-01","loto",27,85,"85",6,6,0.2222222222222222,0.2222222222222222,7.29,-0.4802,9
"month","2023-01","loto",27,2,"02",5,4,0.14814814814814814,0.18518518518518517,7.29,-0.8524,10
"month","2023-01","loto",27,3,"03",5,5,0.18518518518518517,0.18518518518518517,7.29,-0.8524,10
"month","2023-01","loto",27,6,"06",5,5,0.18518518518518517,0.18518518518518517,7.29,-0.8524,10
"month","2023-01","loto",27,14,"14",5,5,0.18518518518518517,0.18518518518518517,7.29,-0.8524,10
"month","2023-01","loto",27,24,"24",5,4,0.14814814814814814,0.18518518518518517,7.29,-0.8524,10
"month","2023-01","loto",27,47,"47",5,4,0.14814814814814814,0.18518518518518517,7.29,-0.8524,10
"month","2023-01","loto",27,62,"62",5,2,0.07407407407407407,0.18518518518518517,7.29,-0.8524,10
"month","2023-01","loto",27,78,"78",5,5,0.18518518518518517,0.18518518518518517,7.29,-0.8524,10
"month","2023-01","loto",27,98,"98",5,5,0.18518518518518517,0.18518518518518517,7.29,-0.8524,10
"month","2023-01","loto",27,99,"99",5,5,0.18518518518518517,0.18518518518518517,7.29,-0.8524,10
"month","2023-01","loto",27,9,"09",4,4,0.14814814814814814,0.14814814814814814,7.29,-1.2247,11
"month","2023-01","loto",27,17,"17",4,3,0.1111111111111111,0.14814814814814814,7.29,-1.2247,11
"month","2023-01","loto",27,28,"28",4,4,0.14814814814814814,0.14814814814814814,7.29,-1.2247,11
"month","2023-01","loto",27,36,"36",4,4,0.14814814814814814,0.14814814814814814,7.29,-1.2247,11
"month","2023-01","loto",27,37,"37",4,4,0.14814814814814814,0.14814814814814814,7.29,-1.2247,11
"month","2023-01","loto",27,39,"39",4,4,0.14814814814814814,0.14814814814814814,7.29,-1.2247,11
"month","2023-01","loto",27,58,"58",4,4,0.14814814814814814,0.14814814814814814,7.29,-1.2247,11
"month","2023-01","loto",27,71,"71",4,4,0.14814814814814814,0.14814814814814814,7.29,-1.2247,11
"month","2023-01","loto",27,19,"19",3,3,0.1111111111111111,0.1111111111111111,7.29,-1.5969,12
"month","2023-01","loto",27,76,"76",3,3,0.1111111111111111,0.1111111111111111,7.29,-1.5969,12
"month","2023-01","loto",27,90,"90",3,3,0.1111111111111111,0.1111111111111111,7.29,-1.5969,12
"month","2023-01","loto",27,72,"72",2,2,0.07407407407407407,0.07407407407407407,7.29,-1.9691,13
"month","2023-01","loto",27,33,"33",1,1,0.037037037037037035,0.037037037037037035,7.29,-2.3414,14
"month","2023-02","loto",28,4,"04",17,13,0.4642857142857143,0.6071428571428571,7.56,3.4506,1
"month","2023-02","loto",28,79,"79",15,12,0.42857142857142855,0.5357142857142857,7.56,2.7195,2
"month","2023-02","loto",28,16,"16",14,11,0.39285714285714285,0.5,7.56,2.354,3
"month","2023-02","loto",28,10,"10",13,9,0.32142857142857145,0.4642857142857143,7.56,1.9885,4
"month","2023-02","loto",28,17,"17",13,11,0.39285714285714285,0.4642857142857143,7.56,1.9885,4
"month","2023-02","loto",28,34,"34",13,10,0.35714285714285715,0.4642857142857143,7.56,1.9885,4
"month","2023-02","loto",28,62,"62",13,10,0.35714285714285715,0.4642857142857143,7.56,1.9885,4
"month","2023-02","loto",28,74,"74",13,11,0.39285714285714285,0.4642857142857143,7.56,1.9885,4
"month","2023-02","loto",28,90,"90",13,11,0.39285714285714285,0.4642857142857143,7.56,1.9885,4
"month","2023-02","loto",28,35,"35",12,10,0.35714285714285715,0.42857142857142855,7.56,1.6229,5
"month","2023-02","loto",28,65,"65",12,10,0.35714285714285715,0.42857142857142855,7.56,1.6229,5
"month","2023-02","loto",28,94,"94",12,9,0.32142857142857145,0.42857142857142855,7.56,1.6229,5
"month","2023-02","loto",28,41,"41",11,7,0.25,0.39285714285714285,7.56,1.2574,6
"month","2023-02","loto",28,54,"54",11,10,0.35714285714285715,0.39285714285714285,7.56,1.2574,6
"month","2023-02","loto",28,60,"60",11,9,0.32142857142857145,0.39285714285714285,7.56,1.2574,6
"month","2023-02","loto",28,64,"64",11,10,0.35714285714285715,0.39285714285714285,7.56,1.2574,6
"month","2023-02","loto",28,82,"82",11,8,0.2857142857142857,0.39285714285714285,7.56,1.2574,6
"month","2023-02","loto",28,9,"09",10,9,0.32142857142857145,0.35714285714285715,7.56,0.8919,7
"month","2023-02","loto",28,38,"38",10,9,0.32142857142857145,0.35714285714285715,7.56,0.8919,7
"month","2023-02","loto",28,40,"40",10,8,0.2857142857142857,0.35714285714285715,7.56,0.8919,7
"month","2023-02","loto",28,42,"42",10,10,0.35714285714285715,0.35714285714285715,7.56,0.8919,7
"month","2023-02","loto",28,44,"44",10,9,0.32142857142857145,0.35714285714285715,7.56,0.8919,7
"month","2023-02","loto",28,68,"68",10,9,0.32142857142857145,0.35714285714285715,7.56,0.8919,7
"month","2023-02","loto",28,88,"88",10,10,0.35714285714285715,0.35714285714285715,7.56,0.8919,7
"month","2023-02","loto",28,99,"99",10,9,0.32142857142857145,0.35714285714285715,7.56,0.8919,7
"month","2023-02","loto",28,6,"06",9,9,0.32142857142857145,0.32142857142857145,7.56,0.5264,8
"month","2023-02","loto",28,11,"11",9,9,0.32142857142857145,0.32142857142857145,7.56,0.5264,8
"month","2023-02","loto",28,13,"13",9,7,0.25,0.32142857142857145,7.56,0.5264,8
"month","2023-02","loto",28,14,"14",9,7,0.25,0.32142857142857145,7.56,0.5264,8
"month","2023-02","loto",28,15,"15",9,7,0.25,0.32142857142857145,7.56,0.5264,8
"month","2023-02","loto",28,19,"19",9,6,0.21428571428571427,0.32142857142857145,7.56,0.5264,8
"month","2023-02","loto",28,58,"58",9,8,0.2857142857142857,0.32142857142857145,7.56,0.5264,8
"month","2023-02","loto",28,61,"61",9,8,0.2857142857142857,0.32142857142857145,7.56,0.5264,8
"month","2023-02","loto",28,63,"63",9,9,0.32142857142857145,0.32142857142857145,7.56,0.5264,8
"month","2023-02","loto",28,78,"78",9,7,0.25,0.32142857142857145,7.56,0.5264,8
"month","2023-02","loto",28,92,"92",9,7,0.25,0.32142857142857145,7.56,0.5264,8
"month","2023-02","loto",28,8,"08",8,6,0.21428571428571427,0.2857142857142857,7.56,0.1608,9
"month","2023-02","loto",28,20,"20",8,6,0.21428571428571427,0.2857142857142857,7.56,0.1608,9
"month","2023-02","loto",28,30,"30",8,5,0.17857142857142858,0.2857142857142857,7.56,0.1608,9
"month","2023-02","loto",28,37,"37",8,8,0.2857142857142857,0.2857142857142857,7.56,0.1608,9
"month","2023-02","loto",28,39,"39",8,7,0.25,0.2857142857142857,7.56,0.1608,9
"month","2023-02","loto",28,43,"43",8,7,0.25,0.2857142857142857,7.56,0.1608,9
"month","2023-02","loto",28,56,"56",8,6,0.21428571428571427,0.2857142857142857,7.56,0.1608,9
"month","2023-02","loto",28,70,"70",8,7,0.25,0.2857142857142857,7.56,0.1608,9
"month","2023-02","loto",28,72,"72",8,6,0.21428571428571427,0.2857142857142857,7.56,0.1608,9
"month","2023-02","loto",28,86,"86",8,6,0.21428571428571427,0.2857142857142857,7.56,0.1608,9
"month","2023-02","loto",28,89,"89",8,6,0.21428571428571427,0.2857142857142857,7.56,0.1608,9
"month","2023-02","loto",28,95,"95",8,7,0.25,0.2857142857142857,7.56,0.1608,9
"month","2023-02","loto",28,33,"33",7,7,0.25,0.25,7.56,-0.2047,10
"month","2023-02","loto",28,47,"47",7,7,0.25,0.25,7.56,-0.2047,10
"month","2023-02","loto",28,53,"53",7,6,0.21428571428571427,0.25,7.56,-0.2047,10
"month","2023-02","loto",28,55,"55",7,7,0.25,0.25,7.56,-0.2047,10
"month","2023-02","loto",28,67,"67",7,7,0.25,0.25,7.56,-0.2047,10
"month","2023-02","loto",28,80,"80",7,7,0.25,0.25,7.56,-0.2047,10
"month","2023-02","loto",28,85,"85",7,6,0.21428571428571427,0.25,7.56,-0.2047,10
"month","2023-02","loto",28,87,"87",7,7,0.25,0.25,7.56,-0.2047,10
"month","2023-02","loto",28,91,"91",7,6,0.21428571428571427,0.25,7.56,-0.2047,10
"month","2023-02","loto",28,93,"93",7,7,0.25,0.25,7.56,-0.2047,10
"month","2023-02","loto",28,96,"96",7,7,0.25,0.25,7.56,-0.2047,10
"month","2023-02","loto",28,98,"98",7,7,0.25,0.25,7.56,-0.2047,10
"month","2023-02","loto",28,0,"00",6,5,0.17857142857142858,0.21428571428571427,7.56,-0.5702,11
"month","2023-02","loto",28,27,"27",6,6,0.21428571428571427,0.21428571428571427,7.56,-0.5702,11
"month","2023-02","loto",28,29,"29",6,6,0.21428571428571427,0.21428571428571427,7.56,-0.5702,11
"month","2023-02","loto",28,31,"31",6,6,0.21428571428571427,0.21428571428571427,7.56,-0.5702,11
"month","2023-02","loto",28,48,"48",6,6,0.21428571428571427,0.21428571428571427,7.56,-0.5702,11
"month","2023-02","loto",28,49,"49",6,6,0.21428571428571427,0.21428571428571427,7.56,-0.5702,11
"month","2023-02","loto",28,66,"66",6,6,0.21428571428571427,0.21428571428571427,7.56,-0.5702,11
"month","2023-02","loto",28,71,"71",6,4,0.14285714285714285,0.21428571428571427,7.56,-0.5702,11
"month","2023-02","loto",28,75,"75",6,6,0.21428571428571427,0.21428571428571427,7.56,-0.5702,11
"month","2023-02","loto",28,83,"83",6,6,0.21428571428571427,0.21428571428571427,7.56,-0.5702,11
"month","2023-02","loto",28,84,"84",6,5,0.17857142857142858,0.21428571428571427,7.56,-0.5702,11
"month","2023-02","loto",28,97,"97",6,5,0.17857142857142858,0.21428571428571427,7.56,-0.5702,11
"month","2023-02","loto",28,1,"01",5,5,0.17857142857142858,0.17857142857142858,7.56,-0.9358,12
"month","2023-02","loto",28,2,"02",5,5,0.17857142857142858,0.17857142857142858,7.56,-0.9358,12
"month","2023-02","loto",28,3,"03",5,5,0.17857142857142858,0.17857142857142858,7.56,-0.9358,12
"month","2023-02","loto",28,5,"05",5,5,0.17857142857142858,0.17857142857142858,7.56,-0.9358,12
"month","2023-02","loto",28,18,"18",5,4,0.14285714285714285,0.17857142857142858,7.56,-0.9358,12
"month","2023-02","loto",28,21,"21",5,5,0.17857142857142858,0.17857142857142858,7.56,-0.9358,12
"month","2023-02","loto",28,32,"32",5,5,0.17857142857142858,0.17857142857142858,7.56,-0.9358,12
"month","2023-02","loto",28,36,"36",5,5,0.17857142857142858,0.17857142857142858,7.56,-0.9358,12
"month","2023-02","loto",28,45,"45",5,5,0.17857142857142858,0.17857142857142858,7.56,-0.9358,12
"month","2023-02","loto",28,46,"46",5,4,0.14285714285714285,0.17857142857142858,7.56,-0.9358,12
"month","2023-02","loto",28,57,"57",5,5,0.17857142857142858,0.17857142857142858,7.56,-0.9358,12
"month","2023-02","loto",28,77,"77",5,4,0.14285714285714285,0.17857142857142858,7.56,-0.9358,12
"month","2023-02","loto",28,12,"12",4,4,0.14285714285714285,0.14285714285714285,7.56,-1.3013,13
"month","2023-02","loto",28,22,"22",4,4,0.14285714285714285,0.14285714285714285,7.56,-1.3013,13
"month","2023-02","loto",28,23,"23",4,4,0.14285714285714285,0.14285714285714285,7.56,-1.3013,13
"month","2023-02","loto",28,24,"24",4,4,0.14285714285714285,0.14285714285714285,7.56,-1.3013,13
"month","2023-02","loto",28,25,"25",4,4,0.14285714285714285,0.14285714285714285,7.56,-1.3013,13
"month","2023-02","loto",28,50,"50",4,4,0.14285714285714285,0.14285714285714285,7.56,-1.3013,13
"month","2023-02","loto",28,51,"51",4,4,0.14285714285714285,0.14285714285714285,7.56,-1.3013,13
"month","2023-02","loto",28,52,"52",4,4,0.14285714285714285,0.14285714285714285,7.56,-1.3013,13
"month","2023-02","loto",28,69,"69",4,4,0.14285714285714285,0.14285714285714285,7.56,-1.3013,13
"month","2023-02","loto",28,76,"76",4,4,0.14285714285714285,0.14285714285714285,7.56,-1.3013,13
"month","2023-02","loto",28,7,"07",3,3,0.10714285714285714,0.10714285714285714,7.56,-1.6668,14
"month","2023-02","loto",28,28,"28",3,3,0.10714285714285714,0.10714285714285714,7.56,-1.6668,14
"month","2023-02","loto",28,73,"73",2,2,0.07142857142857142,0.07142857142857142,7.56,-2.0323,15
"month","2023-02","loto",28,59,"59",1,1,0.03571428571428571,0.03571428571428571,7.56,-2.3979,16
"month","2023-02","loto",28,81,"81",1,1,0.03571428571428571,0.03571428571428571,7.56,-2.3979,16
"month","2023-02","loto",28,26,"26",0,0,0.0,0.0,7.56,-2.7634,17
"month","2023-03","loto",31,56,"56",17,12,0.3870967741935484,0.5483870967741935,8.37,2.998,1
"month","2023-03","loto",31,26,"26",15,13,0.41935483870967744,0.4838709677419355,8.37,2.3032,2
"month","2023-03","loto",31,46,"46",15,13,0.41935483870967744,0.4838709677419355,8.37,2.3032,2
"month","2023-03","loto",31,74,"74",15,14,0.45161290322580644,0.4838709677419355,8.37,2.3032,2
"month","2023-03","loto",31,85,"85",14,11,0.3548387096774194,0.45161290322580644,8.37,1.9558,3
"month","2023-03","loto",31,92,"92",14,11,0.3548387096774194,0.45161290322580644,8.37,1.9558,3
"month","2023-03","loto",31,44,"44",13,11,0.3548387096774194,0.41935483870967744,8.37,1.6084,4
"month","2023-03","loto",31,23,"23",12,11,0.3548387096774194,0.3870967741935484,8.37,1.261,5
"month","2023-03","loto",31,34,"34",12,11,0.3548387096774194,0.3870967741935484,8.37,1.261,5
"month","2023-03","loto",31,95,"95",12,11,0.3548387096774194,0.3870967741935484,8.37,1.261,5
"month","2023-03","loto",31,97,"97",12,10,0.3225806451612903,0.3870967741935484,8.37,1.261,5
"month","2023-03","loto",31,5,"05",11,10,0.3225806451612903,0.3548387096774194,8.37,0.9136,6
"month","2023-03","loto",31,20,"20",11,10,0.3225806451612903,0.3548387096774194,8.37,0.9136,6
"month","2023-03","loto",31,22,"22",11,11,0.3548387096774194,0.3548387096774194,8.37,0.9136,6
"month","2023-03","loto",31,33,"33",11,8,0.25806451612903225,0.3548387096774194,8.37,0.9136,6
"month","2023-03","loto",31,39,"39",11,10,0.3225806451612903,0.3548387096774194,8.37,0.9136,6
"month","2023-03","loto",31,47,"47",11,8,0.25806451612903225,0.3548387096774194,8.37,0.9136,6
"month","2023-03","loto",31,49,"49",11,7,0.22580645161290322,0.3548387096774194,8.37,0.9136,6
"month","2023-03","loto",31,58,"58",11,9,0.2903225806451613,0.3548387096774194,8.37,0.9136,6
"month","2023-03","loto",31,60,"60",11,10,0.3225806451612903,0.3548387096774194,8.37,0.9136,6
"month","2023-03","loto",31,63,"63",11,10,0.3225806451612903,0.3548387096774194,8.37,0.9136,6
"month","2023-03","loto",31,81,"81",11,7,0.22580645161290322,0.3548387096774194,8.37,0.9136,6
"month","2023-03","loto",31,89,"89",11,11,0.3548387096774194,0.3548387096774194,8.37,0.9136,6
"month","2023-03","loto",31,4,"04",10,8,0.25806451612903225,0.3225806451612903,8.37,0.5662,7
"month","2023-03","loto",31,8,"08",10,8,0.25806451612903225,0.3225806451612903,8.37,0.5662,7
"month","2023-03","loto",31,9,"09",10,9,0.2903225806451613,0.3225806451612903,8.37,0.5662,7
"month","2023-03","loto",31,10,"10",10,9,0.2903225806451613,0.3225806451612903,8.37,0.5662,7
"month","2023-03","loto",31,16,"16",10,7,0.22580645161290322,0.3225806451612903,8.37,0.5662,7
"month","2023-03","loto",31,17,"17",10,10,0.3225806451612903,0.3225806451612903,8.37,0.5662,7
"month","2023-03","loto",31,41,"41",10,9,0.2903225806451613,0.3225806451612903,8.37,0.5662,7
"month","2023-03","loto",31,57,"57",10,8,0.25806451612903225,0.3225806451612903,8.37,0.5662,7
"month","2023-03","loto",31,73,"73",10,9,0.2903225806451613,0.3225806451612903,8.37,0.5662,7
"month","2023-03","loto",31,78,"78",10,9,0.2903225806451613,0.3225806451612903,8.37,0.5662,7
"month","2023-03","loto",31,79,"79",10,9,0.2903225806451613,0.3225806451612903,8.37,0.5662,7
"month","2023-03","loto",31,96,"96",10,9,0.2903225806451613,0.3225806451612903,8.37,0.5662,7
"month","2023-03","loto",31,3,"03",9,9,0.2903225806451613,0.2903225806451613,8.37,0.2189,8
"month","2023-03","loto",31,11,"11",9,6,0.1935483870967742,0.2903225806451613,8.37,0.2189,8
"month","2023-03","loto",31,38,"38",9,9,0.2903225806451613,0.2903225806451613,8.37,0.2189,8
"month","2023-03","loto",31,48,"48",9,7,0.22580645161290322,0.2903225806451613,8.37,0.2189,8
"month","2023-03","loto",31,52,"52",9,7,0.22580645161290322,0.2903225806451613,8.37,0.2189,8
"month","2023-03","loto",31,68,"68",9,9,0.2903225806451613,0.2903225806451613,8.37,0.2189,8
"month","2023-03","loto",31,72,"72",9,8,0.25806451612903225,0.2903225806451613,8.37,0.2189,8
"month","2023-03","loto",31,83,"83",9,9,0.2903225806451613,0.2903225806451613,8.37,0.2189,8
"month","2023-03","loto",31,86,"86",9,9,0.2903225806451613,0.2903225806451613,8.37,0.2189,8
"month","2023-03","loto",31,91,"91",9,7,0.22580645161290322,0.2903225806451613,8.37,0.2189,8
"month","2023-03","loto",31,2,"02",8,8,0.25806451612903225,0.25806451612903225,8.37,-0.1285,9
"month","2023-03","loto",31,12,"12",8,8,0.25806451612903225,0.25806451612903225,8.37,-0.1285,9
"month","2023-03","loto",31,18,"18",8,8,0.25806451612903225,0.25806451612903225,8.37,-0.1285,9
"month","2023-03","loto",31,30,"30",8,6,0.1935483870967742,0.25806451612903225,8.37,-0.1285,9
"month","2023-03","loto",31,32,"32",8,8,0.25806451612903225,0.25806451612903225,8.37,-0.1285,9
"month","2023-03","loto",31,37,"37",8,8,0.25806451612903225,0.25806451612903225,8.37,-0.1285,9
"month","2023-03","loto",31,42,"42",8,7,0.22580645161290322,0.25806451612903225,8.37,-0.1285,9
"month","2023-03","loto",31,43,"43",8,8,0.25806451612903225,0.25806451612903225,8.37,-0.1285,9
"month","2023-03","loto",31,45,"45",8,7,0.22580645161290322,0.25806451612903225,8.37,-0.1285,9
"month","2023-03","loto",31,50,"50",8,8,0.25806451612903225,0.25806451612903225,8.37,-0.1285,9
"month","2023-03","loto",31,55,"55",8,7,0.22580645161290322,0.25806451612903225,8.37,-0.1285,9
"month","2023-03","loto",31,64,"64",8,8,0.25806451612903225,0.25806451612903225,8.37,-0.1285,9
"month","2023-03","loto",31,69,"69",8,8,0.25806451612903225,0.25806451612903225,8.37,-0.1285,9
"month","2023-03","loto",31,70,"70",8,8,0.25806451612903225,0.25806451612903225,8.37,-0.1285,9
"month","2023-03","loto",31,77,"77",8,8,0.25806451612903225,0.25806451612903225,8.37,-0.1285,9
"month","2023-03","loto",31,94,"94",8,7,0.22580645161290322,0.25806451612903225,8.37,-0.1285,9
"month","2023-03","loto",31,1,"01",7,7,0.22580645161290322,0.22580645161290322,8.37,-0.4759,10
"month","2023-03","loto",31,13,"13",7,7,0.22580645161290322,0.22580645161290322,8.37,-0.4759,10
"month","2023-03","loto",31,29,"29",7,5,0.16129032258064516,0.22580645161290322,8.37,-0.4759,10
"month","2023-03","loto",31,35,"35",7,7,0.22580645161290322,0.22580645161290322,8.37,-0.4759,10
"month","2023-03","loto",31,59,"59",7,5,0.16129032258064516,0.22580645161290322,8.37,-0.4759,10
"month","2023-03","loto",31,61,"61",7,7,0.22580645161290322,0.22580645161290322,8.37,-0.4759,10
"month","2023-03","loto",31,62,"62",7,6,0.1935483870967742,0.22580645161290322,8.37,-0.4759,10
"month","2023-03","loto",31,66,"66",7,6,0.1935483870967742,0.22580645161290322,8.37,-0.4759,10
"month","2023-03","loto",31,75,"75",7,7,0.22580645161290322,0.22580645161290322,8.37,-0.4759,10
"month","2023-03","loto",31,84,"84",7,6,0.1935483870967742,0.22580645161290322,8.37,-0.4759,10
"month","2023-03","loto",31,87,"87",7,7,0.22580645161290322,0.22580645161290322,8.37,-0.4759,10
"month","2023-03","loto",31,88,"88",7,7,0.22580645161290322,0.22580645161290322,8.37,-0.4759,10
"month","2023-03","loto",31,99,"99",7,6,0.1935483870967742,0.22580645161290322,8.37,-0.4759,10
"month","2023-03","loto",31,0,"00",6,5,0.16129032258064516,0.1935483870967742,8.37,-0.8233,11
"month","2023-03","loto",31,7,"07",6,6,0.1935483870967742,0.1935483870967742,8.37,-0.8233,11
"month","2023-03","loto",31,25,"25",6,5,0.16129032258064516,0.1935483870967742,8.37,-0.8233,11
"month","2023-03","loto",31,28,"28",6,6,0.1935483870967742,0.1935483870967742,8.37,-0.8233,11
"month","2023-03","loto",31,40,"40",6,6,0.1935483870967742,0.1935483870967742,8.37,-0.8233,11
"month","2023-03","loto",31,53,"53",6,5,0.16129032258064516,0.1935483870967742,8.37,-0.8233,11
"month","2023-03","loto",31,54,"54",6,6,0.1935483870967742,0.1935483870967742,8.37,-0.8233,11
"month","2023-03","loto",31,65,"65",6,6,0.1935483870967742,0.1935483870967742,8.37,-0.8233,11
"month","2023-03","loto",31,67,"67",6,6,0.1935483870967742,0.1935483870967742,8.37,-0.8233,11
"month","2023-03","loto",31,90,"90",6,6,0.1935483870967742,0.1935483870967742,8.37,-0.8233,11
"month","2023-03","loto",31,6,"06",5,4,0.12903225806451613,0.16129032258064516,8.37,-1.1707,12
"month","2023-03","loto",31,19,"19",5,5,0.16129032258064516,0.16129032258064516,8.37,-1.1707,12
"month","2023-03","loto",31,21,"21",5,4,0.12903225806451613,0.16129032258064516,8.37,-1.1707,12
"month","2023-03","loto",31,36,"36",5,5,0.16129032258064516,0.16129032258064516,8.37,-1.1707,12
"month","2023-03","loto",31,71,"71",5,4,0.12903225806451613,0.16129032258064516,8.37,-1.1707,12
"month","2023-03","loto",31,93,"93",5,4,0.12903225806451613,0.16129032258064516,8.37,-1.1707,12
"month","2023-03","loto",31,98,"98",5,5,0.16129032258064516,0.16129032258064516,8.37,-1.1707,12
"month","2023-03","loto",31,14,"14",4,3,0.0967741935483871,0.12903225806451613,8.37,-1.5181,13
"month","2023-03","loto",31,27,"27",4,3,0.0967741935483871,0.12903225806451613,8.37,-1.5181,13
"month","2023-03","loto",31,31,"31",4,4,0.12903225806451613,0.12903225806451613,8.37,-1.5181,13
"month","2023-03","loto",31,51,"51",4,4,0.12903225806451613,0.12903225806451613,8.37,-1.5181,13
"month","2023-03","loto",31,24,"24",3,2,0.06451612903225806,0.0967741935483871,8.37,-1.8655,14
"month","2023-03","loto",31,76,"76",3,3,0.0967741935483871,0.0967741935483871,8.37,-1.8655,14
"month","2023-03","loto",31,80,"80",3,3,0.0967741935483871,0.0967741935483871,8.37,-1.8655,14
"month","2023-03","loto",31,82,"82",3,3,0.0967741935483871,0.0967741935483871,8.37,-1.8655,14
"month","2023-03","loto",31,15,"15",2,2,0.06451612903225806,0.06451612903225806,8.37,-2.2129,15
"month","2023-04","loto",30,70,"70",14,11,0.36666666666666664,0.4666666666666667,8.1,2.0835,1
"month","2023-04","loto",30,23,"23",12,10,0.3333333333333333,0.4,8.1,1.3772,2
"month","2023-04","loto",30,24,"24",12,8,0.26666666666666666,0.4,8.1,1.3772,2
"month","2023-04","loto",30,29,"29",12,11,0.36666666666666664,0.4,8.1,1.3772,2
"month","2023-04","loto",30,38,"38",12,10,0.3333333333333333,0.4,8.1,1.3772,2
"month","2023-04","loto",30,39,"39",12,11,0.36666666666666664,0.4,8.1,1.3772,2
"month","2023-04","loto",30,50,"50",12,11,0.36666666666666664,0.4,8.1,1.3772,2
"month","2023-04","loto",30,58,"58",12,11,0.36666666666666664,0.4,8.1,1.3772,2
"month","2023-04","loto",30,60,"60",12,9,0.3,0.4,8.1,1.3772,2
"month","2023-04","loto",30,3,"03",11,10,0.3333333333333333,0.36666666666666664,8.1,1.0241,3
"month","2023-04","loto",30,17,"17",11,9,0.3,0.36666666666666664,8.1,1.0241,3
"month","2023-04","loto",30,19,"19",11,10,0.3333333333333333,0.36666666666666664,8.1,1.0241,3
"month","2023-04","loto",30,21,"21",11,11,0.36666666666666664,0.36666666666666664,8.1,1.0241,3
"month","2023-04","loto",30,44,"44",11,10,0.3333333333333333,0.36666666666666664,8.1,1.0241,3
"month","2023-04","loto",30,86,"86",11,10,0.3333333333333333,0.36666666666666664,8.1,1.0241,3
"month","2023-04","loto",30,96,"96",11,9,0.3,0.36666666666666664,8.1,1.0241,3
"month","2023-04","loto",30,6,"06",10,8,0.26666666666666666,0.3333333333333333,8.1,0.671,4
"month","2023-04","loto",30,11,"11",10,9,0.3,0.3333333333333333,8.1,0.671,4
"month","2023-04","loto",30,12,"12",10,8,0.26666666666666666,0.3333333333333333,8.1,0.671,4
"month","2023-04","loto",30,14,"14",10,7,0.23333333333333334,0.3333333333333333,8.1,0.671,4
"month","2023-04","loto",30,16,"16",10,9,0.3,0.3333333333333333,8.1,0.671,4
"month","2023-04","loto",30,42,"42",10,10,0.3333333333333333,0.3333333333333333,8.1,0.671,4
"month","2023-04","loto",30,52,"52",10,6,0.2,0.3333333333333333,8.1,0.671,4
"month","2023-04","loto",30,53,"53",10,9,0.3,0.3333333333333333,8.1,0.671,4
"month","2023-04","loto",30,57,"57",10,9,0.3,0.3333333333333333,8.1,0.671,4
"month","2023-04","loto",30,63,"63",10,10,0.3333333333333333,0.3333333333333333,8.1,0.671,4
"month","2023-04","loto",30,84,"84",10,8,0.26666666666666666,0.3333333333333333,8.1,0.671,4
"month","2023-04","loto",30,0,"00",9,9,0.3,0.3,8.1,0.3178,5
"month","2023-04","loto",30,9,"09",9,8,0.26666666666666666,0.3,8.1,0.3178,5
"month","2023-04","loto",30,15,"15",9,9,0.3,0.3,8.1,0.3178,5
"month","2023-04","loto",30,26,"26",9,7,0.23333333333333334,0.3,8.1,0.3178,5
"month","2023-04","loto",30,32,"32",9,7,0.23333333333333334,0.3,8.1,0.3178,5
"month","2023-04","loto",30,33,"33",9,8,0.26666666666666666,0.3,8.1,0.3178,5
"month","2023-04","loto",30,34,"34",9,8,0.26666666666666666,0.3,8.1,0.3178,5
"month","2023-04","loto",30,35,"35",9,7,0.23333333333333334,0.3,8.1,0.3178,5
"month","2023-04","loto",30,48,"48",9,8,0.26666666666666666,0.3,8.1,0.3178,5
"month","2023-04","loto",30,49,"49",9,8,0.26666666666666666,0.3,8.1,0.3178,5
"month","2023-04","loto",30,55,"55",9,9,0.3,0.3,8.1,0.3178,5
"month","2023-04","loto",30,59,"59",9,6,0.2,0.3,8.1,0.3178,5
"month","2023-04","loto",30,65,"65",9,8,0.26666666666666666,0.3,8.1,0.3178,5
"month","2023-04","loto",30,69,"69",9,8,0.26666666666666666,0.3,8.1,0.3178,5
"month","2023-04","loto",30,75,"75",9,9,0.3,0.3,8.1,0.3178,5
"month","2023-04","loto",30,88,"88",9,7,0.23333333333333334,0.3,8.1,0.3178,5
"month","2023-04","loto",30,1,"01",8,8,0.26666666666666666,0.26666666666666666,8.1,-0.0353,6
"month","2023-04","loto",30,4,"04",8,8,0.26666666666666666,0.26666666666666666,8.1,-0.0353,6
"month","2023-04","loto",30,7,"07",8,6,0.2,0.26666666666666666,8.1,-0.0353,6
"month","2023-04","loto",30,10,"10",8,7,0.23333333333333334,0.26666666666666666,8.1,-0.0353,6
"month","2023-04","loto",30,31,"31",8,7,0.23333333333333334,0.26666666666666666,8.1,-0.0353,6
"month","2023-04","loto",30,41,"41",8,7,0.23333333333333334,0.26666666666666666,8.1,-0.0353,6
"month","2023-04","loto",30,45,"45",8,6,0.2,0.26666666666666666,8.1,-0.0353,6
"month","2023-04","loto",30,56,"56",8,8,0.26666666666666666,0.26666666666666666,8.1,-0.0353,6
"month","2023-04","loto",30,62,"62",8,8,0.26666666666666666,0.26666666666666666,8.1,-0.0353,6
"month","2023-04","loto",30,71,"71",8,6,0.2,0.26666666666666666,8.1,-0.0353,6
"month","2023-04","loto",30,73,"73",8,6,0.2,0.26666666666666666,8.1,-0.0353,6
"month","2023-04","loto",30,76,"76",8,7,0.23333333333333334,0.26666666666666666,8.1,-0.0353,6
"month","2023-04","loto",30,77,"77",8,6,0.2,0.26666666666666666,8.1,-0.0353,6
"month","2023-04","loto",30,80,"80",8,8,0.26666666666666666,0.26666666666666666,8.1,-0.0353,6
"month","2023-04","loto",30,81,"81",8,7,0.23333333333333334,0.26666666666666666,8.1,-0.0353,6
"month","2023-04","loto",30,91,"91",8,7,0.23333333333333334,0.26666666666666666,8.1,-0.0353,6
"month","2023-04","loto",30,93,"93",8,7,0.23333333333333334,0.26666666666666666,8.1,-0.0353,6
"month","2023-04","loto",30,95,"95",8,8,0.26666666666666666,0.26666666666666666,8.1,-0.0353,6
"month","2023-04","loto",30,99,"99",8,7,0.23333333333333334,0.26666666666666666,8.1,-0.0353,6
"month","2023-04","loto",30,2,"02",7,6,0.2,0.23333333333333334,8.1,-0.3884,7
"month","2023-04","loto",30,5,"05",7,6,0.2,0.23333333333333334,8.1,-0.3884,7
"month","2023-04","loto",30,13,"13",7,6,0.2,0.23333333333333334,8.1,-0.3884,7
"month","2023-04","loto",30,22,"22",7,7,0.23333333333333334,0.23333333333333334,8.1,-0.3884,7
"month","2023-04","loto",30,27,"27",7,7,0.23333333333333334,0.23333333333333334,8.1,-0.3884,7
"month","2023-04","loto",30,30,"30",7,7,0.23333333333333334,0.23333333333333334,8.1,-0.3884,7
"month","2023-04","loto",30,36,"36",7,6,0.2,0.23333333333333334,8.1,-0.3884,7
"month","2023-04","loto",30,43,"43",7,7,0.23333333333333334,0.23333333333333334,8.1,-0.3884,7
"month","2023-04","loto",30,46,"46",7,7,0.23333333333333334,0.23333333333333334,8.1,-0.3884,7
"month","2023-04","loto",30,51,"51",7,5,0.16666666666666666,0.23333333333333334,8.1,-0.3884,7
"month","2023-04","loto",30,61,"61",7,6,0.2,0.23333333333333334,8.1,-0.3884,7
"month","2023-04","loto",30,68,"68",7,7,0.23333333333333334,0.23333333333333334,8.1,-0.3884,7
"month","2023-04","loto",30,72,"72",7,7,0.23333333333333334,0.23333333333333334,8.1,-0.3884,7
"month","2023-04","loto",30,89,"89",7,7,0.23333333333333334,0.23333333333333334,8.1,-0.3884,7
"month","2023-04","loto",30,90,"90",7,7,0.23333333333333334,0.23333333333333334,8.1,-0.3884,7
"month","2023-04","loto",30,97,"97",7,5,0.16666666666666666,0.23333333333333334,8.1,-0.3884,7
"month","2023-04","loto",30,20,"20",6,6,0.2,0.2,8.1,-0.7416,8
"month","2023-04","loto",30,25,"25",6,6,0.2,0.2,8.1,-0.7416,8
"month","2023-04","loto",30,47,"47",6,4,0.13333333333333333,0.2,8.1,-0.7416,8
"month","2023-04","loto",30,66,"66",6,6,0.2,0.2,8.1,-0.7416,8
"month","2023-04","loto",30,74,"74",6,5,0.16666666666666666,0.2,8.1,-0.7416,8
"month","2023-04","loto",30,83,"83",6,5,0.16666666666666666,0.2,8.1,-0.7416,8
"month","2023-04","loto",30,85,"85",6,5,0.16666666666666666,0.2,8.1,-0.7416,8
"month","2023-04","loto",30,87,"87",6,5,0.16666666666666666,0.2,8.1,-0.7416,8
"month","2023-04","loto",30,28,"28",5,5,0.16666666666666666,0.16666666666666666,8.1,-1.0947,9
"month","2023-04","loto",30,40,"40",5,4,0.13333333333333333,0.16666666666666666,8.1,-1.0947,9
"month","2023-04","loto",30,54,"54",5,4,0.13333333333333333,0.16666666666666666,8.1,-1.0947,9
"month","2023-04","loto",30,64,"64",5,5,0.16666666666666666,0.16666666666666666,8.1,-1.0947,9
"month","2023-04","loto",30,79,"79",5,5,0.16666666666666666,0.16666666666666666,8.1,-1.0947,9
"month","2023-04","loto",30,98,"98",5,5,0.16666666666666666,0.16666666666666666,8.1,-1.0947,9
"month","2023-04","loto",30,8,"08",4,4,0.13333333333333333,0.13333333333333333,8.1,-1.4479,10
"month","2023-04","loto",30,18,"18",4,4,0.13333333333333333,0.13333333333333333,8.1,-1.4479,10
"month","2023-04","loto",30,67,"67",4,4,0.13333333333333333,0.13333333333333333,8.1,-1.4479,10
"month","2023-04","loto",30,78,"78",4,4,0.13333333333333333,0.13333333333333333,8.1,-1.4479,10
"month","2023-04","loto",30,82,"82",4,4,0.13333333333333333,0.13333333333333333,8.1,-1.4479,10
"month","2023-04","loto",30,37,"37",3,3,0.1,0.1,8.1,-1.801,11
"month","2023-04","loto",30,92,"92",3,3,0.1,0.1,8.1,-1.801,11
"month","2023-04","loto",30,94,"94",1,1,0.03333333333333333,0.03333333333333333,8.1,-2.5073,12
"month","2023-05","loto",31,67,"67",17,15,0.4838709677419355,0.5483870967741935,8.37,2.998,1
"month","2023-05","loto",31,42,"42",16,10,0.3225806451612903,0.5161290322580645,8.37,2.6506,2
"month","2023-05","loto",31,87,"87",15,10,0.3225806451612903,0.4838709677419355,8.37,2.3032,3
"month","2023-05","loto",31,0,"00",14,10,0.3225806451612903,0.45161290322580644,8.37,1.9558,4
"month","2023-05","loto",31,56,"56",14,11,0.3548387096774194,0.45161290322580644,8.37,1.9558,4
"month","2023-05","loto",31,84,"84",14,10,0.3225806451612903,0.45161290322580644,8.37,1.9558,4
"month","2023-05","loto",31,8,"08",13,10,0.3225806451612903,0.41935483870967744,8.37,1.6084,5
"month","2023-05","loto",31,36,"36",13,11,0.3548387096774194,0.41935483870967744,8.37,1.6084,5
"month","2023-05","loto",31,43,"43",13,12,0.3870967741935484,0.41935483870967744,8.37,1.6084,5
"month","2023-05","loto",31,49,"49",13,10,0.3225806451612903,0.41935483870967744,8.37,1.6084,5
"month","2023-05","loto",31,62,"62",13,10,0.3225806451612903,0.41935483870967744,8.37,1.6084,5
"month","2023-05","loto",31,91,"91",13,11,0.3548387096774194,0.41935483870967744,8.37,1.6084,5
"month","2023-05","loto",31,16,"16",12,11,0.3548387096774194,0.3870967741935484,8.37,1.261,6
"month","2023-05","loto",31,21,"21",12,11,0.3548387096774194,0.3870967741935484,8.37,1.261,6
"month","2023-05","loto",31,37,"37",12,11,0.3548387096774194,0.3870967741935484,8.37,1.261,6
"month","2023-05","loto",31,61,"61",12,10,0.3225806451612903,0.3870967741935484,8.37,1.261,6
"month","2023-05","loto",31,27,"27",11,10,0.3225806451612903,0.3548387096774194,8.37,0.9136,7
"month","2023-05","loto",31,40,"40",11,10,0.3225806451612903,0.3548387096774194,8.37,0.9136,7
"month","2023-05","loto",31,41,"41",11,9,0.2903225806451613,0.3548387096774194,8.37,0.9136,7
"month","2023-05","loto",31,53,"53",11,9,0.2903225806451613,0.3548387096774194,8.37,0.9136,7
"month","2023-05","loto",31,60,"60",11,9,0.2903225806451613,0.3548387096774194,8.37,0.9136,7
"month","2023-05","loto",31,65,"65",11,9,0.2903225806451613,0.3548387096774194,8.37,0.9136,7
"month","2023-05","loto",31,71,"71",11,10,0.3225806451612903,0.3548387096774194,8.37,0.9136,7
"month","2023-05","loto",31,2,"02",10,8,0.25806451612903225,0.3225806451612903,8.37,0.5662,8
"month","2023-05","loto",31,18,"18",10,9,0.2903225806451613,0.3225806451612903,8.37,0.5662,8
"month","2023-05","loto",31,30,"30",10,9,0.2903225806451613,0.3225806451612903,8.37,0.5662,8
"month","2023-05","loto",31,32,"32",10,7,0.22580645161290322,0.3225806451612903,8.37,0.5662,8
"month","2023-05","loto",31,38,"38",10,8,0.25806451612903225,0.3225806451612903,8.37,0.5662,8
"month","2023-05","loto",31,44,"44",10,10,0.3225806451612903,0.3225806451612903,8.37,0.5662,8
"month","2023-05","loto",31,54,"54",10,9,0.2903225806451613,0.3225806451612903,8.37,0.5662,8
"month","2023-05","loto",31,90,"90",10,8,0.25806451612903225,0.3225806451612903,8.37,0.5662,8
"month","2023-05","loto",31,96,"96",10,9,0.2903225806451613,0.3225806451612903,8.37,0.5662,8
"month","2023-05","loto",31,97,"97",10,9,0.2903225806451613,0.3225806451612903,8.37,0.5662,8
"month","2023-05","loto",31,12,"12",9,8,0.25806451612903225,0.2903225806451613,8.37,0.2189,9
"month","2023-05","loto",31,13,"13",9,8,0.25806451612903225,0.2903225806451613,8.37,0.2189,9
"month","2023-05","loto",31,19,"19",9,7,0.22580645161290322,0.2903225806451613,8.37,0.2189,9
"month","2023-05","loto",31,51,"51",9,9,0.2903225806451613,0.2903225806451613,8.37,0.2189,9
"month","2023-05","loto",31,52,"52",9,9,0.2903225806451613,0.2903225806451613,8.37,0.2189,9
"month","2023-05","loto",31,59,"59",9,8,0.25806451612903225,0.2903225806451613,8.37,0.2189,9
"month","2023-05","loto",31,64,"64",9,8,0.25806451612903225,0.2903225806451613,8.37,0.2189,9
"month","2023-05","loto",31,70,"70",9,8,0.25806451612903225,0.2903225806451613,8.37,0.2189,9
"month","2023-05","loto",31,76,"76",9,8,0.25806451612903225,0.2903225806451613,8.37,0.2189,9
"month","2023-05","loto",31,79,"79",9,7,0.22580645161290322,0.2903225806451613,8.37,0.2189,9
"month","2023-05","loto",31,80,"80",9,7,0.22580645161290322,0.2903225806451613,8.37,0.2189,9
"month","2023-05","loto",31,93,"93",9,9,0.2903225806451613,0.2903225806451613,8.37,0.2189,9
"month","2023-05","loto",31,26,"26",8,8,0.25806451612903225,0.25806451612903225,8.37,-0.1285,10
"month","2023-05","loto",31,28,"28",8,5,0.16129032258064516,0.25806451612903225,8.37,-0.1285,10
"month","2023-05","loto",31,31,"31",8,7,0.22580645161290322,0.25806451612903225,8.37,-0.1285,10
"month","2023-05","loto",31,48,"48",8,6,0.1935483870967742,0.25806451612903225,8.37,-0.1285,10
"month","2023-05","loto",31,50,"50",8,7,0.22580645161290322,0.25806451612903225,8.37,-0.1285,10
"month","2023-05","loto",31,58,"58",8,7,0.22580645161290322,0.25806451612903225,8.37,-0.1285,10
"month","2023-05","loto",31,68,"68",8,6,0.1935483870967742,0.25806451612903225,8.37,-0.1285,10
"month","2023-05","loto",31,72,"72",8,7,0.22580645161290322,0.25806451612903225,8.37,-0.1285,10
"month","2023-05","loto",31,74,"74",8,8,0.25806451612903225,0.25806451612903225,8.37,-0.1285,10
"month","2023-05","loto",31,77,"77",8,6,0.1935483870967742,0.25806451612903225,8.37,-0.1285,10
"month","2023-05","loto",31,81,"81",8,8,0.25806451612903225,0.25806451612903225,8.37,-0.1285,10
"month","2023-05","loto",31,1,"01",7,7,0.22580645161290322,0.22580645161290322,8.37,-0.4759,11
"month","2023-05","loto",31,6,"06",7,7,0.22580645161290322,0.22580645161290322,8.37,-0.4759,11
"month","2023-05","loto",31,7,"07",7,6,0.1935483870967742,0.22580645161290322,8.37,-0.4759,11
"month","2023-05","loto",31,15,"15",7,5,0.16129032258064516,0.22580645161290322,8.37,-0.4759,11
"month","2023-05","loto",31,24,"24",7,7,0.22580645161290322,0.22580645161290322,8.37,-0.4759,11
"month","2023-05","loto",31,39,"39",7,6,0.1935483870967742,0.22580645161290322,8.37,-0.4759,11
"month","2023-05","loto",31,57,"57",7,6,0.1935483870967742,0.22580645161290322,8.37,-0.4759,11
"month","2023-05","loto",31,66,"66",7,7,0.22580645161290322,0.22580645161290322,8.37,-0.4759,11
"month","2023-05","loto",31,78,"78",7,7,0.22580645161290322,0.22580645161290322,8.37,-0.4759,11
"month","2023-05","loto",31,88,"88",7,7,0.22580645161290322,0.22580645161290322,8.37,-0.4759,11
"month","2023-05","loto",31,89,"89",7,6,0.1935483870967742,0.22580645161290322,8.37,-0.4759,11
"month","2023-05","loto",31,10,"10",6,5,0.16129032258064516,0.1935483870967742,8.37,-0.8233,12
"month","2023-05","loto",31,11,"11",6,6,0.1935483870967742,0.1935483870967742,8.37,-0.8233,12
"month","2023-05","loto",31,14,"14",6,6,0.1935483870967742,0.1935483870967742,8.37,-0.8233,12
"month","2023-05","loto",31,33,"33",6,6,0.1935483870967742,0.1935483870967742,8.37,-0.8233,12
"month","2023-05","loto",31,34,"34",6,5,0.16129032258064516,0.1935483870967742,8.37,-0.8233,12
"month","2023-05","loto",31,45,"45",6,6,0.1935483870967742,0.1935483870967742,8.37,-0.8233,12
"month","2023-05","loto",31,55,"55",6,5,0.16129032258064516,0.1935483870967742,8.37,-0.8233,12
"month","2023-05","loto",31,63,"63",6,6,0.1935483870967742,0.1935483870967742,8.37,-0.8233,12
"month","2023-05","loto",31,82,"82",6,4,0.12903225806451613,0.1935483870967742,8.37,-0.8233,12
"month","2023-05","loto",31,83,"83",6,5,0.16129032258064516,0.1935483870967742,8.37,-0.8233,12
"month","2023-05","loto",31,86,"86",6,5,0.16129032258064516,0.1935483870967742,8.37,-0.8233,12
"month","2023-05","loto",31,92,"92",6,6,0.1935483870967742,0.1935483870967742,8.37,-0.8233,12
"month","2023-05","loto",31,94,"94",6,6,0.1935483870967742,0.1935483870967742,8.37,-0.8233,12
"month","2023-05","loto",31,95,"95",6,6,0.1935483870967742,0.1935483870967742,8.37,-0.8233,12
"month","2023-05","loto",31,3,"03",5,4,0.12903225806451613,0.16129032258064516,8.37,-1.1707,13
"month","2023-05","loto",31,4,"04",5,5,0.16129032258064516,0.16129032258064516,8.37,-1.1707,13
"month","2023-05","loto",31,5,"05",5,4,0.12903225806451613,0.16129032258064516,8.37,-1.1707,13
"month","2023-05","loto",31,9,"09",5,4,0.12903225806451613,0.16129032258064516,8.37,-1.1707,13
"month","2023-05","loto",31,17,"17",5,5,0.16129032258064516,0.16129032258064516,8.37,-1.1707,13
"month","2023-05","loto",31,20,"20",5,5,0.16129032258064516,0.16129032258064516,8.37,-1.1707,13
"month","2023-05","loto",31,22,"22",5,5,0.16129032258064516,0.16129032258064516,8.37,-1.1707,13
"month","2023-05","loto",31,25,"25",5,5,0.16129032258064516,0.16129032258064516,8.37,-1.1707,13
"month","2023-05","loto",31,35,"35",5,5,0.16129032258064516,0.16129032258064516,8.37,-1.1707,13
"month","2023-05","loto",31,46,"46",5,5,0.16129032258064516,0.16129032258064516,8.37,-1.1707,13
"month","2023-05","loto",31,47,"47",5,5,0.16129032258064516,0.16129032258064516,8.37,-1.1707,13
"month","2023-05","loto",31,75,"75",5,5,0.16129032258064516,0.16129032258064516,8.37,-1.1707,13
"month","2023-05","loto",31,99,"99",5,5,0.16129032258064516,0.16129032258064516,8.37,-1.1707,13
"month","2023-05","loto",31,23,"23",4,3,0.0967741935483871,0.12903225806451613,8.37,-1.5181,14
"month","2023-05","loto",31,69,"69",4,4,0.12903225806451613,0.12903225806451613,8.37,-1.5181,14
"month","2023-05","loto",31,85,"85",4,4,0.12903225806451613,0.12903225806451613,8.37,-1.5181,14
"month","2023-05","loto",31,98,"98",4,4,0.12903225806451613,0.12903225806451613,8.37,-1.5181,14
"month","2023-05","loto",31,29,"29",3,3,0.0967741935483871,0.0967741935483871,8.37,-1.8655,15
"month","2023-05","loto",31,73,"73",3,3,0.0967741935483871,0.0967741935483871,8.37,-1.8655,15
"month","2023-06","loto",30,5,"05",15,10,0.3333333333333333,0.5,8.1,2.4366,1
"month","2023-06","loto",30,7,"07",14,12,0.4,0.4666666666666667,8.1,2.0835,2
"month","2023-06","loto",30,57,"57",14,11,0.36666666666666664,0.4666666666666667,8.1,2.0835,2
"month","2023-06","loto",30,34,"34",13,10,0.3333333333333333,0.43333333333333335,8.1,1.7304,3
"month","2023-06","loto",30,44,"44",13,11,0.36666666666666664,0.43333333333333335,8.1,1.7304,3
"month","2023-06","loto",30,68,"68",13,12,0.4,0.43333333333333335,8.1,1.7304,3
"month","2023-06","loto",30,20,"20",12,10,0.3333333333333333,0.4,8.1,1.3772,4
"month","2023-06","loto",30,48,"48",12,11,0.36666666666666664,0.4,8.1,1.3772,4
"month","2023-06","loto",30,81,"81",12,11,0.36666666666666664,0.4,8.1,1.3772,4
"month","2023-06","loto",30,82,"82",12,11,0.36666666666666664,0.4,8.1,1.3772,4
"month","2023-06","loto",30,83,"83",12,9,0.3,0.4,8.1,1.3772,4
"month","2023-06","loto",30,2,"02",11,8,0.26666666666666666,0.36666666666666664,8.1,1.0241,5
"month","2023-06","loto",30,6,"06",11,10,0.3333333333333333,0.36666666666666664,8.1,1.0241,5
"month","2023-06","loto",30,13,"13",11,11,0.36666666666666664,0.36666666666666664,8.1,1.0241,5
"month","2023-06","loto",30,24,"24",11,10,0.3333333333333333,0.36666666666666664,8.1,1.0241,5
"month","2023-06","loto",30,39,"39",11,10,0.3333333333333333,0.36666666666666664,8.1,1.0241,5
"month","2023-06","loto",30,61,"61",11,9,0.3,0.36666666666666664,8.1,1.0241,5
"month","2023-06","loto",30,63,"63",11,9,0.3,0.36666666666666664,8.1,1.0241,5
"month","2023-06","loto",30,66,"66",11,10,0.3333333333333333,0.36666666666666664,8.1,1.0241,5
"month","2023-06","loto",30,79,"79",11,10,0.3333333333333333,0.36666666666666664,8.1,1.0241,5
"month","2023-06","loto",30,84,"84",11,11,0.36666666666666664,0.36666666666666664,8.1,1.0241,5
"month","2023-06","loto",30,88,"88",11,9,0.3,0.36666666666666664,8.1,1.0241,5
"month","2023-06","loto",30,98,"98",11,8,0.26666666666666666,0.36666666666666664,8.1,1.0241,5
"month","2023-06","loto",30,25,"25",10,10,0.3333333333333333,0.3333333333333333,8.1,0.671,6
"month","2023-06","loto",30,43,"43",10,9,0.3,0.3333333333333333,8.1,0.671,6
"month","2023-06","loto",30,46,"46",10,8,0.26666666666666666,0.3333333333333333,8.1,0.671,6
"month","2023-06","loto",30,47,"47",10,8,0.26666666666666666,0.3333333333333333,8.1,0.671,6
"month","2023-06","loto",30,51,"51",10,9,0.3,0.3333333333333333,8.1,0.671,6
"month","2023-06","loto",30,58,"58",10,10,0.3333333333333333,0.3333333333333333,8.1,0.671,6
"month","2023-06","loto",30,70,"70",10,10,0.3333333333333333,0.3333333333333333,8.1,0.671,6
"month","2023-06","loto",30,73,"73",10,9,0.3,0.3333333333333333,8.1,0.671,6
"month","2023-06","loto",30,95,"95",10,10,0.3333333333333333,0.3333333333333333,8.1,0.671,6
"month","2023-06","loto",30,1,"01",9,9,0.3,0.3,8.1,0.3178,7
"month","2023-06","loto",30,8,"08",9,8,0.26666666666666666,0.3,8.1,0.3178,7
"month","2023-06","loto",30,15,"15",9,8,0.26666666666666666,0.3,8.1,0.3178,7
"month","2023-06","loto",30,16,"16",9,7,0.23333333333333334,0.3,8.1,0.3178,7
"month","2023-06","loto",30,19,"19",9,7,0.23333333333333334,0.3,8.1,0.3178,7
"month","2023-06","loto",30,22,"22",9,8,0.26666666666666666,0.3,8.1,0.3178,7
"month","2023-06","loto",30,26,"26",9,8,0.26666666666666666,0.3,8.1,0.3178,7
"month","2023-06","loto",30,36,"36",9,6,0.2,0.3,8.1,0.3178,7
"month","2023-06","loto",30,42,"42",9,8,0.26666666666666666,0.3,8.1,0.3178,7
"month","2023-06","loto",30,49,"49",9,9,0.3,0.3,8.1,0.3178,7
"month","2023-06","loto",30,52,"52",9,8,0.26666666666666666,0.3,8.1,0.3178,7
"month","2023-06","loto",30,72,"72",9,8,0.26666666666666666,0.3,8.1,0.3178,7
"month","2023-06","loto",30,89,"89",9,7,0.23333333333333334,0.3,8.1,0.3178,7
"month","2023-06","loto",30,99,"99",9,7,0.23333333333333334,0.3,8.1,0.3178,7
"month","2023-06","loto",30,18,"18",8,8,0.26666666666666666,0.26666666666666666,8.1,-0.0353,8
"month","2023-06","loto",30,30,"30",8,8,0.26666666666666666,0.26666666666666666,8.1,-0.0353,8
"month","2023-06","loto",30,41,"41",8,7,0.23333333333333334,0.26666666666666666,8.1,-0.0353,8
"month","2023-06","loto",30,50,"50",8,8,0.26666666666666666,0.26666666666666666,8.1,-0.0353,8
"month","2023-06","loto",30,54,"54",8,7,0.23333333333333334,0.26666666666666666,8.1,-0.0353,8
"month","2023-06","loto",30,62,"62",8,7,0.23333333333333334,0.26666666666666666,8.1,-0.0353,8
"month","2023-06","loto",30,69,"69",8,7,0.23333333333333334,0.26666666666666666,8.1,-0.0353,8
"month","2023-06","loto",30,76,"76",8,8,0.26666666666666666,0.26666666666666666,8.1,-0.0353,8
"month","2023-06","loto",30,87,"87",8,8,0.26666666666666666,0.26666666666666666,8.1,-0.0353,8
"month","2023-06","loto",30,92,"92",8,6,0.2,0.26666666666666666,8.1,-0.0353,8
"month","2023-06","loto",30,93,"93",8,5,0.16666666666666666,0.26666666666666666,8.1,-0.0353,8
"month","2023-06","loto",30,96,"96",8,8,0.26666666666666666,0.26666666666666666,8.1,-0.0353,8
"month","2023-06","loto",30,0,"00",7,6,0.2,0.23333333333333334,8.1,-0.3884,9
"month","2023-06","loto",30,17,"17",7,6,0.2,0.23333333333333334,8.1,-0.3884,9
"month","2023-06","loto",30,21,"21",7,6,0.2,0.23333333333333334,8.1,-0.3884,9
"month","2023-06","loto",30,37,"37",7,6,0.2,0.23333333333333334,8.1,-0.3884,9
"month","2023-06","loto",30,45,"45",7,6,0.2,0.23333333333333334,8.1,-0.3884,9
"month","2023-06","loto",30,67,"67",7,6,0.2,0.23333333333333334,8.1,-0.3884,9
"month","2023-06","loto",30,77,"77",7,6,0.2,0.23333333333333334,8.1,-0.3884,9
"month","2023-06","loto",30,91,"91",7,7,0.23333333333333334,0.23333333333333334,8.1,-0.3884,9
"month","2023-06","loto",30,3,"03",6,6,0.2,0.2,8.1,-0.7416,10
"month","2023-06","loto",30,4,"04",6,6,0.2,0.2,8.1,-0.7416,10
"month","2023-06","loto",30,9,"09",6,5,0.16666666666666666,0.2,8.1,-0.7416,10
"month","2023-06","loto",30,23,"23",6,6,0.2,0.2,8.1,-0.7416,10
"month","2023-06","loto",30,28,"28",6,5,0.16666666666666666,0.2,8.1,-0.7416,10
"month","2023-06","loto",30,33,"33",6,6,0.2,0.2,8.1,-0.7416,10
"month","2023-06","loto",30,35,"35",6,6,0.2,0.2,8.1,-0.7416,10
"month","2023-06","loto",30,55,"55",6,6,0.2,0.2,8.1,-0.7416,10
"month","2023-06","loto",30,56,"56",6,5,0.16666666666666666,0.2,8.1,-0.7416,10
"month","2023-06","loto",30,59,"59",6,6,0.2,0.2,8.1,-0.7416,10
"month","2023-06","loto",30,64,"64",6,6,0.2,0.2,8.1,-0.7416,10
"month","2023-06","loto",30,71,"71",6,5,0.16666666666666666,0.2,8.1,-0.7416,10
"month","2023-06","loto",30,75,"75",6,6,0.2,0.2,8.1,-0.7416,10
"month","2023-06","loto",30,78,"78",6,5,0.16666666666666666,0.2,8.1,-0.7416,10
"month","2023-06","loto",30,90,"90",6,5,0.16666666666666666,0.2,8.1,-0.7416,10
"month","2023-06","loto",30,97,"97",6,6,0.2,0.2,8.1,-0.7416,10
"month","2023-06","loto",30,11,"11",5,5,0.16666666666666666,0.16666666666666666,8.1,-1.0947,11
"month","2023-06","loto",30,14,"14",5,5,0.16666666666666666,0.16666666666666666,8.1,-1.0947,11
"month","2023-06","loto",30,27,"27",5,5,0.16666666666666666,0.16666666666666666,8.1,-1.0947,11
"month","2023-06","loto",30,29,"29",5,5,0.16666666666666666,0.16666666666666666,8.1,-1.0947,11
"month","2023-06","loto",30,53,"53",5,5,0.16666666666666666,0.16666666666666666,8.1,-1.0947,11
"month","2023-06","loto",30,60,"60",5,5,0.16666666666666666,0.16666666666666666,8.1,-1.0947,11
"month","2023-06","loto",30,86,"86",5,5,0.16666666666666666,0.16666666666666666,8.1,-1.0947,11
"month","2023-06","loto",30,94,"94",5,4,0.13333333333333333,0.16666666666666666,8.1,-1.0947,11
"month","2023-06","loto",30,31,"31",4,4,0.13333333333333333,0.13333333333333333,8.1,-1.4479,12
"month","2023-06","loto",30,32,"32",4,4,0.13333333333333333,0.13333333333333333,8.1,-1.4479,12
"month","2023-06","loto",30,38,"38",4,4,0.13333333333333333,0.13333333333333333,8.1,-1.4479,12
"month","2023-06","loto",30,40,"40",4,4,0.13333333333333333,0.13333333333333333,8.1,-1.4479,12
"month","2023-06","loto",30,65,"65",4,4,0.13333333333333333,0.13333333333333333,8.1,-1.4479,12
"month","2023-06","loto",30,74,"74",4,4,0.13333333333333333,0.13333333333333333,8.1,-1.4479,12
"month","2023-06","loto",30,85,"85",4,4,0.13333333333333333,0.13333333333333333,8.1,-1.4479,12
"month","2023-06","loto",30,10,"10",2,2,0.06666666666666667,0.06666666666666667,8.1,-2.1541,13
"month","2023-06","loto",30,12,"12",2,2,0.06666666666666667,0.06666666666666667,8.1,-2.1541,13
"month","2023-06","loto",30,80,"80",0,0,0.0,0.0,8.1,-2.8604,14
"month","2023-07","loto",31,60,"60",17,13,0.41935483870967744,0.5483870967741935,8.37,2.998,1
"month","2023-07","loto",31,8,"08",15,9,0.2903225806451613,0.4838709677419355,8.37,2.3032,2
"month","2023-07","loto",31,52,"52",15,11,0.3548387096774194,0.4838709677419355,8.37,2.3032,2
"month","2023-07","loto",31,61,"61",15,11,0.3548387096774194,0.4838709677419355,8.37,2.3032,2
"month","2023-07","loto",31,83,"83",15,12,0.3870967741935484,0.4838709677419355,8.37,2.3032,2
"month","2023-07","loto",31,19,"19",14,11,0.3548387096774194,0.45161290322580644,8.37,1.9558,3
"month","2023-07","loto",31,22,"22",13,11,0.3548387096774194,0.41935483870967744,8.37,1.6084,4
"month","2023-07","loto",31,72,"72",13,9,0.2903225806451613,0.41935483870967744,8.37,1.6084,4
"month","2023-07","loto",31,5,"05",12,9,0.2903225806451613,0.3870967741935484,8.37,1.261,5
"month","2023-07","loto",31,24,"24",12,8,0.25806451612903225,0.3870967741935484,8.37,1.261,5
"month","2023-07","loto",31,26,"26",12,10,0.3225806451612903,0.3870967741935484,8.37,1.261,5
"month","2023-07","loto",31,42,"42",12,9,0.2903225806451613,0.3870967741935484,8.37,1.261,5
"month","2023-07","loto",31,64,"64",12,10,0.3225806451612903,0.3870967741935484,8.37,1.261,5
"month","2023-07","loto",31,57,"57",11,10,0.3225806451612903,0.3548387096774194,8.37,0.9136,6
"month","2023-07","loto",31,90,"90",11,9,0.2903225806451613,0.3548387096774194,8.37,0.9136,6
"month","2023-07","loto",31,92,"92",11,10,0.3225806451612903,0.3548387096774194,8.37,0.9136,6
"month","2023-07","loto",31,95,"95",11,7,0.22580645161290322,0.3548387096774194,8.37,0.9136,6
"month","2023-07","loto",31,1,"01",10,9,0.2903225806451613,0.3225806451612903,8.37,0.5662,7
"month","2023-07","loto",31,2,"02",10,8,0.25806451612903225,0.3225806451612903,8.37,0.5662,7
"month","2023-07","loto",31,6,"06",10,9,0.2903225806451613,0.3225806451612903,8.37,0.5662,7
"month","2023-07","loto",31,18,"18",10,10,0.3225806451612903,0.3225806451612903,8.37,0.5662,7
"month","2023-07","loto",31,21,"21",10,9,0.2903225806451613,0.3225806451612903,8.37,0.5662,7
"month","2023-07","loto",31,34,"34",10,8,0.25806451612903225,0.3225806451612903,8.37,0.5662,7
"month","2023-07","loto",31,49,"49",10,8,0.25806451612903225,0.3225806451612903,8.37,0.5662,7
"month","2023-07","loto",31,67,"67",10,10,0.3225806451612903,0.3225806451612903,8.37,0.5662,7
"month","2023-07","loto",31,71,"71",10,10,0.3225806451612903,0.3225806451612903,8.37,0.5662,7
"month","2023-07","loto",31,87,"87",10,9,0.2903225806451613,0.3225806451612903,8.37,0.5662,7
"month","2023-07","loto",31,89,"89",10,10,0.3225806451612903,0.3225806451612903,8.37,0.5662,7
"month","2023-07","loto",31,96,"96",10,7,0.22580645161290322,0.3225806451612903,8.37,0.5662,7
"month","2023-07","loto",31,3,"03",9,9,0.2903225806451613,0.2903225806451613,8.37,0.2189,8
"month","2023-07","loto",31,28,"28",9,7,0.22580645161290322,0.2903225806451613,8.37,0.2189,8
"month","2023-07","loto",31,35,"35",9,7,0.22580645161290322,0.2903225806451613,8.37,0.2189,8
"month","2023-07","loto",31,36,"36",9,8,0.25806451612903225,0.2903225806451613,8.37,0.2189,8
"month","2023-07","loto",31,37,"37",9,9,0.2903225806451613,0.2903225806451613,8.37,0.2189,8
"month","2023-07","loto",31,47,"47",9,7,0.22580645161290322,0.2903225806451613,8.37,0.2189,8
"month","2023-07","loto",31,56,"56",9,9,0.2903225806451613,0.2903225806451613,8.37,0.2189,8
"month","2023-07","loto",31,59,"59",9,8,0.25806451612903225,0.2903225806451613,8.37,0.2189,8
"month","2023-07","loto",31,66,"66",9,9,0.2903225806451613,0.2903225806451613,8.37,0.2189,8
"month","2023-07","loto",31,69,"69",9,7,0.22580645161290322,0.2903225806451613,8.37,0.2189,8
"month","2023-07","loto",31,78,"78",9,7,0.22580645161290322,0.2903225806451613,8.37,0.2189,8
"month","2023-07","loto",31,93,"93",9,8,0.25806451612903225,0.2903225806451613,8.37,0.2189,8
"month","2023-07","loto",31,94,"94",9,8,0.25806451612903225,0.2903225806451613,8.37,0.2189,8
"month","2023-07","loto",31,9,"09",8,6,0.1935483870967742,0.25806451612903225,8.37,-0.1285,9
"month","2023-07","loto",31,13,"13",8,7,0.22580645161290322,0.25806451612903225,8.37,-0.1285,9
"month","2023-07","loto",31,14,"14",8,8,0.25806451612903225,0.25806451612903225,8.37,-0.1285,9
"month","2023-07","loto",31,23,"23",8,6,0.1935483870967742,0.25806451612903225,8.37,-0.1285,9
"month","2023-07","loto",31,31,"31",8,8,0.25806451612903225,0.25806451612903225,8.37,-0.1285,9
"month","2023-07","loto",31,39,"39",8,6,0.1935483870967742,0.25806451612903225,8.37,-0.1285,9
"month","2023-07","loto",31,40,"40",8,8,0.25806451612903225,0.25806451612903225,8.37,-0.1285,9
"month","2023-07","loto",31,43,"43",8,8,0.25806451612903225,0.25806451612903225,8.37,-0.1285,9
"month","2023-07","loto",31,46,"46",8,8,0.25806451612903225,0.25806451612903225,8.37,-0.1285,9
"month","2023-07","loto",31,48,"48",8,8,0.25806451612903225,0.25806451612903225,8.37,-0.1285,9
"month","2023-07","loto",31,50,"50",8,8,0.25806451612903225,0.25806451612903225,8.37,-0.1285,9
"month","2023-07","loto",31,53,"53",8,6,0.1935483870967742,0.25806451612903225,8.37,-0.1285,9
"month","2023-07","loto",31,55,"55",8,7,0.22580645161290322,0.25806451612903225,8.37,-0.1285,9
"month","2023-07","loto",31,62,"62",8,8,0.25806451612903225,0.25806451612903225,8.37,-0.1285,9
"month","2023-07","loto",31,68,"68",8,7,0.22580645161290322,0.25806451612903225,8.37,-0.1285,9
"month","2023-07","loto",31,73,"73",8,6,0.1935483870967742,0.25806451612903225,8.37,-0.1285,9
"month","2023-07","loto",31,79,"79",8,6,0.1935483870967742,0.25806451612903225,8.37,-0.1285,9
"month","2023-07","loto",31,85,"85",8,8,0.25806451612903225,0.25806451612903225,8.37,-0.1285,9
"month","2023-07","loto",31,4,"04",7,7,0.22580645161290322,0.22580645161290322,8.37,-0.4759,10
"month","2023-07","loto",31,12,"12",7,7,0.22580645161290322,0.22580645161290322,8.37,-0.4759,10
"month","2023-07","loto",31,15,"15",7,7,0.22580645161290322,0.22580645161290322,8.37,-0.4759,10
"month","2023-07","loto",31,29,"29",7,7,0.22580645161290322,0.22580645161290322,8.37,-0.4759,10
"month","2023-07","loto",31,33,"33",7,7,0.22580645161290322,0.22580645161290322,8.37,-0.4759,10
"month","2023-07","loto",31,38,"38",7,6,0.1935483870967742,0.22580645161290322,8.37,-0.4759,10
"month","2023-07","loto",31,45,"45",7,6,0.1935483870967742,0.22580645161290322,8.37,-0.4759,10
"month","2023-07","loto",31,51,"51",7,5,0.16129032258064516,0.22580645161290322,8.37,-0.4759,10
"month","2023-07","loto",31,54,"54",7,7,0.22580645161290322,0.22580645161290322,8.37,-0.4759,10
"month","2023-07","loto",31,58,"58",7,6,0.1935483870967742,0.22580645161290322,8.37,-0.4759,10
"month","2023-07","loto",31,75,"75",7,7,0.22580645161290322,0.22580645161290322,8.37,-0.4759,10
"month","2023-07","loto",31,80,"80",7,7,0.22580645161290322,0.22580645161290322,8.37,-0.4759,10
"month","2023-07","loto",31,97,"97",7,6,0.1935483870967742,0.22580645161290322,8.37,-0.4759,10
"month","2023-07","loto",31,10,"10",6,6,0.1935483870967742,0.1935483870967742,8.37,-0.8233,11
"month","2023-07","loto",31,16,"16",6,6,0.1935483870967742,0.1935483870967742,8.37,-0.8233,11
"month","2023-07","loto",31,20,"20",6,4,0.12903225806451613,0.1935483870967742,8.37,-0.8233,11
"month","2023-07","loto",31,30,"30",6,6,0.1935483870967742,0.1935483870967742,8.37,-0.8233,11
"month","2023-07","loto",31,32,"32",6,6,0.1935483870967742,0.1935483870967742,8.37,-0.8233,11
"month","2023-07","loto",31,44,"44",6,6,0.1935483870967742,0.1935483870967742,8.37,-0.8233,11
"month","2023-07","loto",31,65,"65",6,6,0.1935483870967742,0.1935483870967742,8.37,-0.8233,11
"month","2023-07","loto",31,70,"70",6,6,0.1935483870967742,0.1935483870967742,8.37,-0.8233,11
"month","2023-07","loto",31,76,"76",6,6,0.1935483870967742,0.1935483870967742,8.37,-0.8233,11
"month","2023-07","loto",31,81,"81",6,6,0.1935483870967742,0.1935483870967742,8.37,-0.8233,11
"month","2023-07","loto",31,82,"82",6,6,0.1935483870967742,0.1935483870967742,8.37,-0.8233,11
"month","2023-07","loto",31,84,"84",6,5,0.16129032258064516,0.1935483870967742,8.37,-0.8233,11
"month","2023-07","loto",31,86,"86",6,6,0.1935483870967742,0.1935483870967742,8.37,-0.8233,11
"month","2023-07","loto",31,88,"88",6,6,0.1935483870967742,0.1935483870967742,8.37,-0.8233,11
"month","2023-07","loto",31,91,"91",6,6,0.1935483870967742,0.1935483870967742,8.37,-0.8233,11
"month","2023-07","loto",31,98,"98",6,6,0.1935483870967742,0.1935483870967742,8.37,-0.8233,11
"month","2023-07","loto",31,7,"07",5,5,0.16129032258064516,0.16129032258064516,8.37,-1.1707,12
"month","2023-07","loto",31,11,"11",5,4,0.12903225806451613,0.16129032258064516,8.37,-1.1707,12
"month","2023-07","loto",31,17,"17",5,4,0.12903225806451613,0.16129032258064516,8.37,-1.1707,12
"month","2023-07","loto",31,27,"27",5,5,0.16129032258064516,0.16129032258064516,8.37,-1.1707,12
"month","2023-07","loto",31,63,"63",5,5,0.16129032258064516,0.16129032258064516,8.37,-1.1707,12
"month","2023-07","loto",31,74,"74",5,5,0.16129032258064516,0.16129032258064516,8.37,-1.1707,12
"month","2023-07","loto",31,25,"25",4,4,0.12903225806451613,0.12903225806451613,8.37,-1.5181,13
"month","2023-07","loto",31,41,"41",4,3,0.0967741935483871,0.12903225806451613,8.37,-1.5181,13
"month","2023-07","loto",31,99,"99",4,2,0.06451612903225806,0.12903225806451613,8.37,-1.5181,13
"month","2023-07","loto",31,0,"00",3,3,0.0967741935483871,0.0967741935483871,8.37,-1.8655,14
"month","2023-07","loto",31,77,"77",3,3,0.0967741935483871,0.0967741935483871,8.37,-1.8655,14
"month","2023-08","loto",31,62,"62",20,15,0.4838709677419355,0.6451612903225806,8.37,4.0402,1
"month","2023-08","loto",31,30,"30",16,13,0.41935483870967744,0.5161290322580645,8.37,2.6506,2
"month","2023-08","loto",31,80,"80",15,12,0.3870967741935484,0.4838709677419355,8.37,2.3032,3
"month","2023-08","loto",31,15,"15",14,12,0.3870967741935484,0.45161290322580644,8.37,1.9558,4
"month","2023-08","loto",31,43,"43",14,12,0.3870967741935484,0.45161290322580644,8.37,1.9558,4
"month","2023-08","loto",31,51,"51",14,13,0.41935483870967744,0.45161290322580644,8.37,1.9558,4
"month","2023-08","loto",31,8,"08",13,10,0.3225806451612903,0.41935483870967744,8.37,1.6084,5
"month","2023-08","loto",31,67,"67",13,12,0.3870967741935484,0.41935483870967744,8.37,1.6084,5
"month","2023-08","loto",31,72,"72",13,12,0.3870967741935484,0.41935483870967744,8.37,1.6084,5
"month","2023-08","loto",31,32,"32",12,8,0.25806451612903225,0.3870967741935484,8.37,1.261,6
"month","2023-08","loto",31,37,"37",12,12,0.3870967741935484,0.3870967741935484,8.37,1.261,6
"month","2023-08","loto",31,79,"79",12,11,0.3548387096774194,0.3870967741935484,8.37,1.261,6
"month","2023-08","loto",31,84,"84",12,9,0.2903225806451613,0.3870967741935484,8.37,1.261,6
"month","2023-08","loto",31,86,"86",12,10,0.3225806451612903,0.3870967741935484,8.37,1.261,6
"month","2023-08","loto",31,36,"36",11,9,0.2903225806451613,0.3548387096774194,8.37,0.9136,7
"month","2023-08","loto",31,70,"70",11,10,0.3225806451612903,0.3548387096774194,8.37,0.9136,7
"month","2023-08","loto",31,71,"71",11,9,0.2903225806451613,0.3548387096774194,8.37,0.9136,7
"month","2023-08","loto",31,73,"73",11,11,0.3548387096774194,0.3548387096774194,8.37,0.9136,7
"month","2023-08","loto",31,87,"87",11,11,0.3548387096774194,0.3548387096774194,8.37,0.9136,7
"month","2023-08","loto",31,0,"00",10,9,0.2903225806451613,0.3225806451612903,8.37,0.5662,8
"month","2023-08","loto",31,2,"02",10,8,0.25806451612903225,0.3225806451612903,8.37,0.5662,8
"month","2023-08","loto",31,3,"03",10,8,0.25806451612903225,0.3225806451612903,8.37,0.5662,8
"month","2023-08","loto",31,4,"04",10,10,0.3225806451612903,0.3225806451612903,8.37,0.5662,8
"month","2023-08","loto",31,17,"17",10,8,0.25806451612903225,0.3225806451612903,8.37,0.5662,8
"month","2023-08","loto",31,29,"29",10,10,0.3225806451612903,0.3225806451612903,8.37,0.5662,8
"month","2023-08","loto",31,45,"45",10,8,0.25806451612903225,0.3225806451612903,8.37,0.5662,8
"month","2023-08","loto",31,46,"46",10,9,0.2903225806451613,0.3225806451612903,8.37,0.5662,8
"month","2023-08","loto",31,48,"48",10,9,0.2903225806451613,0.3225806451612903,8.37,0.5662,8
"month","2023-08","loto",31,55,"55",10,9,0.2903225806451613,0.3225806451612903,8.37,0.5662,8
"month","2023-08","loto",31,57,"57",10,9,0.2903225806451613,0.3225806451612903,8.37,0.5662,8
"month","2023-08","loto",31,61,"61",10,9,0.2903225806451613,0.3225806451612903,8.37,0.5662,8
"month","2023-08","loto",31,68,"68",10,10,0.3225806451612903,0.3225806451612903,8.37,0.5662,8
"month","2023-08","loto",31,75,"75",10,9,0.2903225806451613,0.3225806451612903,8.37,0.5662,8
"month","2023-08","loto",31,88,"88",10,9,0.2903225806451613,0.3225806451612903,8.37,0.5662,8
"month","2023-08","loto",31,5,"05",9,7,0.22580645161290322,0.2903225806451613,8.37,0.2189,9
"month","2023-08","loto",31,9,"09",9,8,0.25806451612903225,0.2903225806451613,8.37,0.2189,9
"month","2023-08","loto",31,18,"18",9,8,0.25806451612903225,0.2903225806451613,8.37,0.2189,9
"month","2023-08","loto",31,22,"22",9,9,0.2903225806451613,0.2903225806451613,8.37,0.2189,9
"month","2023-08","loto",31,26,"26",9,7,0.22580645161290322,0.2903225806451613,8.37,0.2189,9
"month","2023-08","loto",31,27,"27",9,9,0.2903225806451613,0.2903225806451613,8.37,0.2189,9
"month","2023-08","loto",31,40,"40",9,8,0.25806451612903225,0.2903225806451613,8.37,0.2189,9
"month","2023-08","loto",31,47,"47",9,8,0.25806451612903225,0.2903225806451613,8.37,0.2189,9
"month","2023-08","loto",31,59,"59",9,7,0.22580645161290322,0.2903225806451613,8.37,0.2189,9
"month","2023-08","loto",31,65,"65",9,7,0.22580645161290322,0.2903225806451613,8.37,0.2189,9
"month","2023-08","loto",31,74,"74",9,9,0.2903225806451613,0.2903225806451613,8.37,0.2189,9
"month","2023-08","loto",31,78,"78",9,7,0.22580645161290322,0.2903225806451613,8.37,0.2189,9
"month","2023-08","loto",31,82,"82",9,9,0.2903225806451613,0.2903225806451613,8.37,0.2189,9
"month","2023-08","loto",31,89,"89",9,9,0.2903225806451613,0.2903225806451613,8.37,0.2189,9
"month","2023-08","loto",31,96,"96",9,9,0.2903225806451613,0.2903225806451613,8.37,0.2189,9
"month","2023-08","loto",31,97,"97",9,8,0.25806451612903225,0.2903225806451613,8.37,0.2189,9
"month","2023-08","loto",31,10,"10",8,6,0.1935483870967742,0.25806451612903225,8.37,-0.1285,10
"month","2023-08","loto",31,11,"11",8,7,0.22580645161290322,0.25806451612903225,8.37,-0.1285,10
"month","2023-08","loto",31,14,"14",8,6,0.1935483870967742,0.25806451612903225,8.37,-0.1285,10
"month","2023-08","loto",31,19,"19",8,8,0.25806451612903225,0.25806451612903225,8.37,-0.1285,10
"month","2023-08","loto",31,52,"52",8,8,0.25806451612903225,0.25806451612903225,8.37,-0.1285,10
"month","2023-08","loto",31,56,"56",8,6,0.1935483870967742,0.25806451612903225,8.37,-0.1285,10
"month","2023-08","loto",31,66,"66",8,5,0.16129032258064516,0.25806451612903225,8.37,-0.1285,10
"month","2023-08","loto",31,77,"77",8,8,0.25806451612903225,0.25806451612903225,8.37,-0.1285,10
"month","2023-08","loto",31,99,"99",8,8,0.25806451612903225,0.25806451612903225,8.37,-0.1285,10
"month","2023-08","loto",31,12,"12",7,6,0.1935483870967742,0.22580645161290322,8.37,-0.4759,11
"month","2023-08","loto",31,20,"20",7,7,0.22580645161290322,0.22580645161290322,8.37,-0.4759,11
"month","2023-08","loto",31,28,"28",7,6,0.1935483870967742,0.22580645161290322,8.37,-0.4759,11
"month","2023-08","loto",31,31,"31",7,6,0.1935483870967742,0.22580645161290322,8.37,-0.4759,11
"month","2023-08","loto",31,39,"39",7,6,0.1935483870967742,0.22580645161290322,8.37,-0.4759,11
"month","2023-08","loto",31,53,"53",7,5,0.16129032258064516,0.22580645161290322,8.37,-0.4759,11
"month","2023-08","loto",31,83,"83",7,7,0.22580645161290322,0.22580645161290322,8.37,-0.4759,11
"month","2023-08","loto",31,93,"93",7,7,0.22580645161290322,0.22580645161290322,8.37,-0.4759,11
"month","2023-08","loto",31,94,"94",7,6,0.1935483870967742,0.22580645161290322,8.37,-0.4759,11
"month","2023-08","loto",31,98,"98",7,6,0.1935483870967742,0.22580645161290322,8.37,-0.4759,11
"month","2023-08","loto",31,1,"01",6,5,0.16129032258064516,0.1935483870967742,8.37,-0.8233,12
"month","2023-08","loto",31,6,"06",6,6,0.1935483870967742,0.1935483870967742,8.37,-0.8233,12
"month","2023-08","loto",31,13,"13",6,5,0.16129032258064516,0.1935483870967742,8.37,-0.8233,12
"month","2023-08","loto",31,21,"21",6,6,0.1935483870967742,0.1935483870967742,8.37,-0.8233,12
"month","2023-08","loto",31,24,"24",6,5,0.16129032258064516,0.1935483870967742,8.37,-0.8233,12
"month","2023-08","loto",31,25,"25",6,6,0.1935483870967742,0.1935483870967742,8.37,-0.8233,12
"month","2023-08","loto",31,34,"34",6,6,0.1935483870967742,0.1935483870967742,8.37,-0.8233,12
"month","2023-08","loto",31,35,"35",6,6,0.1935483870967742,0.1935483870967742,8.37,-0.8233,12
"month","2023-08","loto",31,44,"44",6,5,0.16129032258064516,0.1935483870967742,8.37,-0.8233,12
"month","2023-08","loto",31,50,"50",6,6,0.1935483870967742,0.1935483870967742,8.37,-0.8233,12
"month","2023-08","loto",31,58,"58",6,6,0.1935483870967742,0.1935483870967742,8.37,-0.8233,12
"month","2023-08","loto",31,85,"85",6,6,0.1935483870967742,0.1935483870967742,8.37,-0.8233,12
"month","2023-08","loto",31,7,"07",5,5,0.16129032258064516,0.16129032258064516,8.37,-1.1707,13
"month","2023-08","loto",31,16,"16",5,5,0.16129032258064516,0.16129032258064516,8.37,-1.1707,13
"month","2023-08","loto",31,38,"38",5,5,0.16129032258064516,0.16129032258064516,8.37,-1.1707,13
"month","2023-08","loto",31,41,"41",5,4,0.12903225806451613,0.16129032258064516,8.37,-1.1707,13
"month","2023-08","loto",31,49,"49",5,5,0.16129032258064516,0.16129032258064516,8.37,-1.1707,13
"month","2023-08","loto",31,76,"76",5,5,0.16129032258064516,0.16129032258064516,8.37,-1.1707,13
"month","2023-08","loto",31,91,"91",5,5,0.16129032258064516,0.16129032258064516,8.37,-1.1707,13
"month","2023-08","loto",31,92,"92",5,5,0.16129032258064516,0.16129032258064516,8.37,-1.1707,13
"month","2023-08","loto",31,95,"95",5,5,0.16129032258064516,0.16129032258064516,8.37,-1.1707,13
"month","2023-08","loto",31,23,"23",4,4,0.12903225806451613,0.12903225806451613,8.37,-1.5181,14
"month","2023-08","loto",31,42,"42",4,4,0.12903225806451613,0.12903225806451613,8.37,-1.5181,14
"month","2023-08","loto",31,54,"54",4,4,0.12903225806451613,0.12903225806451613,8.37,-1.5181,14
"month","2023-08","loto",31,60,"60",4,4,0.12903225806451613,0.12903225806451613,8.37,-1.5181,14
"month","2023-08","loto",31,69,"69",4,4,0.12903225806451613,0.12903225806451613,8.37,-1.5181,14
"month","2023-08","loto",31,81,"81",4,3,0.0967741935483871,0.12903225806451613,8.37,-1.5181,14
"month","2023-08","loto",31,90,"90",4,4,0.12903225806451613,0.12903225806451613,8.37,-1.5181,14
"month","2023-08","loto",31,33,"33",3,3,0.0967741935483871,0.0967741935483871,8.37,-1.8655,15
"month","2023-08","loto",31,63,"63",3,3,0.0967741935483871,0.0967741935483871,8.37,-1.8655,15
"month","2023-08","loto",31,64,"64",3,3,0.0967741935483871,0.0967741935483871,8.37,-1.8655,15
"month","2023-09","loto",30,97,"97",19,17,0.5666666666666667,0.6333333333333333,8.1,3.8492,1
"month","2023-09","loto",30,66,"66",15,11,0.36666666666666664,0.5,8.1,2.4366,2
"month","2023-09","loto",30,5,"05",13,9,0.3,0.43333333333333335,8.1,1.7304,3
"month","2023-09","loto",30,14,"14",13,12,0.4,0.43333333333333335,8.1,1.7304,3
"month","2023-09","loto",30,23,"23",13,10,0.3333333333333333,0.43333333333333335,8.1,1.7304,3
"month","2023-09","loto",30,24,"24",13,11,0.36666666666666664,0.43333333333333335,8.1,1.7304,3
"month","2023-09","loto",30,80,"80",13,10,0.3333333333333333,0.43333333333333335,8.1,1.7304,3
"month","2023-09","loto",30,7,"07",12,10,0.3333333333333333,0.4,8.1,1.3772,4
"month","2023-09","loto",30,10,"10",12,11,0.36666666666666664,0.4,8.1,1.3772,4
"month","2023-09","loto",30,75,"75",12,11,0.36666666666666664,0.4,8.1,1.3772,4
"month","2023-09","loto",30,92,"92",12,11,0.36666666666666664,0.4,8.1,1.3772,4
"month","2023-09","loto",30,21,"21",11,9,0.3,0.36666666666666664,8.1,1.0241,5
"month","2023-09","loto",30,33,"33",11,10,0.3333333333333333,0.36666666666666664,8.1,1.0241,5
"month","2023-09","loto",30,40,"40",11,9,0.3,0.36666666666666664,8.1,1.0241,5
"month","2023-09","loto",30,50,"50",11,10,0.3333333333333333,0.36666666666666664,8.1,1.0241,5
"month","2023-09","loto",30,69,"69",11,8,0.26666666666666666,0.36666666666666664,8.1,1.0241,5
"month","2023-09","loto",30,3,"03",10,8,0.26666666666666666,0.3333333333333333,8.1,0.671,6
"month","2023-09","loto",30,9,"09",10,8,0.26666666666666666,0.3333333333333333,8.1,0.671,6
"month","2023-09","loto",30,11,"11",10,7,0.23333333333333334,0.3333333333333333,8.1,0.671,6
"month","2023-09","loto",30,16,"16",10,9,0.3,0.3333333333333333,8.1,0.671,6
"month","2023-09","loto",30,32,"32",10,8,0.26666666666666666,0.3333333333333333,8.1,0.671,6
"month","2023-09","loto",30,54,"54",10,8,0.26666666666666666,0.3333333333333333,8.1,0.671,6
"month","2023-09","loto",30,93,"93",10,10,0.3333333333333333,0.3333333333333333,8.1,0.671,6
"month","2023-09","loto",30,94,"94",10,7,0.23333333333333334,0.3333333333333333,8.1,0.671,6
"month","2023-09","loto",30,0,"00",9,9,0.3,0.3,8.1,0.3178,7
"month","2023-09","loto",30,4,"04",9,9,0.3,0.3,8.1,0.3178,7
"month","2023-09","loto",30,22,"22",9,9,0.3,0.3,8.1,0.3178,7
"month","2023-09","loto",30,28,"28",9,8,0.26666666666666666,0.3,8.1,0.3178,7
"month","2023-09","loto",30,34,"34",9,8,0.26666666666666666,0.3,8.1,0.3178,7
"month","2023-09","loto",30,41,"41",9,9,0.3,0.3,8.1,0.3178,7
"month","2023-09","loto",30,42,"42",9,7,0.23333333333333334,0.3,8.1,0.3178,7
"month","2023-09","loto",30,43,"43",9,7,0.23333333333333334,0.3,8.1,0.3178,7
"month","2023-09","loto",30,48,"48",9,7,0.23333333333333334,0.3,8.1,0.3178,7
"month","2023-09","loto",30,49,"49",9,6,0.2,0.3,8.1,0.3178,7
"month","2023-09","loto",30,51,"51",9,7,0.23333333333333334,0.3,8.1,0.3178,7
"month","2023-09","loto",30,52,"52",9,9,0.3,0.3,8.1,0.3178,7
"month","2023-09","loto",30,62,"62",9,8,0.26666666666666666,0.3,8.1,0.3178,7
"month","2023-09","loto",30,63,"63",9,8,0.26666666666666666,0.3,8.1,0.3178,7
"month","2023-09","loto",30,68,"68",9,8,0.26666666666666666,0.3,8.1,0.3178,7
"month","2023-09","loto",30,72,"72",9,7,0.23333333333333334,0.3,8.1,0.3178,7
"month","2023-09","loto",30,78,"78",9,8,0.26666666666666666,0.3,8.1,0.3178,7
"month","2023-09","loto",30,79,"79",9,7,0.23333333333333334,0.3,8.1,0.3178,7
"month","2023-09","loto",30,81,"81",9,9,0.3,0.3,8.1,0.3178,7
"month","2023-09","loto",30,12,"12",8,6,0.2,0.26666666666666666,8.1,-0.0353,8
"month","2023-09","loto",30,17,"17",8,8,0.26666666666666666,0.26666666666666666,8.1,-0.0353,8
"month","2023-09","loto",30,20,"20",8,7,0.23333333333333334,0.26666666666666666,8.1,-0.0353,8
"month","2023-09","loto",30,31,"31",8,8,0.26666666666666666,0.26666666666666666,8.1,-0.0353,8
"month","2023-09","loto",30,36,"36",8,8,0.26666666666666666,0.26666666666666666,8.1,-0.0353,8
"month","2023-09","loto",30,46,"46",8,7,0.23333333333333334,0.26666666666666666,8.1,-0.0353,8
"month","2023-09","loto",30,56,"56",8,8,0.26666666666666666,0.26666666666666666,8.1,-0.0353,8
"month","2023-09","loto",30,64,"64",8,8,0.26666666666666666,0.26666666666666666,8.1,-0.0353,8
"month","2023-09","loto",30,74,"74",8,8,0.26666666666666666,0.26666666666666666,8.1,-0.0353,8
"month","2023-09","loto",30,76,"76",8,8,0.26666666666666666,0.26666666666666666,8.1,-0.0353,8
"month","2023-09","loto",30,83,"83",8,7,0.23333333333333334,0.26666666666666666,8.1,-0.0353,8
"month","2023-09","loto",30,86,"86",8,7,0.23333333333333334,0.26666666666666666,8.1,-0.0353,8
"month","2023-09","loto",30,88,"88",8,6,0.2,0.26666666666666666,8.1,-0.0353,8
"month","2023-09","loto",30,91,"91",8,7,0.23333333333333334,0.26666666666666666,8.1,-0.0353,8
"month","2023-09","loto",30,2,"02",7,5,0.16666666666666666,0.23333333333333334,8.1,-0.3884,9
"month","2023-09","loto",30,8,"08",7,7,0.23333333333333334,0.23333333333333334,8.1,-0.3884,9
"month","2023-09","loto",30,15,"15",7,7,0.23333333333333334,0.23333333333333334,8.1,-0.3884,9
"month","2023-09","loto",30,19,"19",7,6,0.2,0.23333333333333334,8.1,-0.3884,9
"month","2023-09","loto",30,25,"25",7,7,0.23333333333333334,0.23333333333333334,8.1,-0.3884,9
"month","2023-09","loto",30,26,"26",7,7,0.23333333333333334,0.23333333333333334,8.1,-0.3884,9
"month","2023-09","loto",30,27,"27",7,6,0.2,0.23333333333333334,8.1,-0.3884,9
"month","2023-09","loto",30,30,"30",7,7,0.23333333333333334,0.23333333333333334,8.1,-0.3884,9
"month","2023-09","loto",30,35,"35",7,7,0.23333333333333334,0.23333333333333334,8.1,-0.3884,9
"month","2023-09","loto",30,44,"44",7,5,0.16666666666666666,0.23333333333333334,8.1,-0.3884,9
"month","2023-09","loto",30,53,"53",7,6,0.2,0.23333333333333334,8.1,-0.3884,9
"month","2023-09","loto",30,59,"59",7,7,0.23333333333333334,0.23333333333333334,8.1,-0.3884,9
"month","2023-09","loto",30,84,"84",7,7,0.23333333333333334,0.23333333333333334,8.1,-0.3884,9
"month","2023-09","loto",30,89,"89",7,5,0.16666666666666666,0.23333333333333334,8.1,-0.3884,9
"month","2023-09","loto",30,95,"95",7,7,0.23333333333333334,0.23333333333333334,8.1,-0.3884,9
"month","2023-09","loto",30,98,"98",7,7,0.23333333333333334,0.23333333333333334,8.1,-0.3884,9
"month","2023-09","loto",30,99,"99",7,7,0.23333333333333334,0.23333333333333334,8.1,-0.3884,9
"month","2023-09","loto",30,6,"06",6,5,0.16666666666666666,0.2,8.1,-0.7416,10
"month","2023-09","loto",30,13,"13",6,6,0.2,0.2,8.1,-0.7416,10
"month","2023-09","loto",30,38,"38",6,6,0.2,0.2,8.1,-0.7416,10
"month","2023-09","loto",30,39,"39",6,5,0.16666666666666666,0.2,8.1,-0.7416,10
"month","2023-09","loto",30,57,"57",6,5,0.16666666666666666,0.2,8.1,-0.7416,10
"month","2023-09","loto",30,67,"67",6,6,0.2,0.2,8.1,-0.7416,10
"month","2023-09","loto",30,71,"71",6,6,0.2,0.2,8.1,-0.7416,10
"month","2023-09","loto",30,85,"85",6,6,0.2,0.2,8.1,-0.7416,10
"month","2023-09","loto",30,87,"87",6,5,0.16666666666666666,0.2,8.1,-0.7416,10
"month","2023-09","loto",30,96,"96",6,5,0.16666666666666666,0.2,8.1,-0.7416,10
"month","2023-09","loto",30,1,"01",5,5,0.16666666666666666,0.16666666666666666,8.1,-1.0947,11
"month","2023-09","loto",30,18,"18",5,5,0.16666666666666666,0.16666666666666666,8.1,-1.0947,11
"month","2023-09","loto",30,29,"29",5,5,0.16666666666666666,0.16666666666666666,8.1,-1.0947,11
"month","2023-09","loto",30,55,"55",5,5,0.16666666666666666,0.16666666666666666,8.1,-1.0947,11
"month","2023-09","loto",30,61,"61",5,5,0.16666666666666666,0.16666666666666666,8.1,-1.0947,11
"month","2023-09","loto",30,65,"65",5,4,0.13333333333333333,0.16666666666666666,8.1,-1.0947,11
"month","2023-09","loto",30,73,"73",5,4,0.13333333333333333,0.16666666666666666,8.1,-1.0947,11
"month","2023-09","loto",30,90,"90",5,5,0.16666666666666666,0.16666666666666666,8.1,-1.0947,11
"month","2023-09","loto",30,37,"37",4,4,0.13333333333333333,0.13333333333333333,8.1,-1.4479,12
"month","2023-09","loto",30,58,"58",4,4,0.13333333333333333,0.13333333333333333,8.1,-1.4479,12
"month","2023-09","loto",30,70,"70",4,4,0.13333333333333333,0.13333333333333333,8.1,-1.4479,12
"month","2023-09","loto",30,77,"77",4,4,0.13333333333333333,0.13333333333333333,8.1,-1.4479,12
"month","2023-09","loto",30,82,"82",4,4,0.13333333333333333,0.13333333333333333,8.1,-1.4479,12
"month","2023-09","loto",30,60,"60",3,3,0.1,0.1,8.1,-1.801,13
"month","2023-09","loto",30,47,"47",2,2,0.06666666666666667,0.06666666666666667,8.1,-2.1541,14
"month","2023-09","loto",30,45,"45",1,1,0.03333333333333333,0.03333333333333333,8.1,-2.5073,15
"month","2023-10","loto",31,73,"73",16,14,0.45161290322580644,0.5161290322580645,8.37,2.6506,1
"month","2023-10","loto",31,56,"56",15,11,0.3548387096774194,0.4838709677419355,8.37,2.3032,2
"month","2023-10","loto",31,93,"93",15,14,0.45161290322580644,0.4838709677419355,8.37,2.3032,2
"month","2023-10","loto",31,49,"49",14,11,0.3548387096774194,0.45161290322580644,8.37,1.9558,3
"month","2023-10","loto",31,76,"76",14,11,0.3548387096774194,0.45161290322580644,8.37,1.9558,3
"month","2023-10","loto",31,79,"79",14,12,0.3870967741935484,0.45161290322580644,8.37,1.9558,3
"month","2023-10","loto",31,27,"27",13,12,0.3870967741935484,0.41935483870967744,8.37,1.6084,4
"month","2023-10","loto",31,29,"29",13,9,0.2903225806451613,0.41935483870967744,8.37,1.6084,4
"month","2023-10","loto",31,83,"83",13,10,0.3225806451612903,0.41935483870967744,8.37,1.6084,4
"month","2023-10","loto",31,0,"00",12,9,0.2903225806451613,0.3870967741935484,8.37,1.261,5
"month","2023-10","loto",31,8,"08",12,10,0.3225806451612903,0.3870967741935484,8.37,1.261,5
"month","2023-10","loto",31,40,"40",12,11,0.3548387096774194,0.3870967741935484,8.37,1.261,5
"month","2023-10","loto",31,65,"65",12,10,0.3225806451612903,0.3870967741935484,8.37,1.261,5
"month","2023-10","loto",31,72,"72",12,10,0.3225806451612903,0.3870967741935484,8.37,1.261,5
"month","2023-10","loto",31,82,"82",12,12,0.3870967741935484,0.3870967741935484,8.37,1.261,5
"month","2023-10","loto",31,98,"98",12,8,0.25806451612903225,0.3870967741935484,8.37,1.261,5
"month","2023-10","loto",31,3,"03",11,10,0.3225806451612903,0.3548387096774194,8.37,0.9136,6
"month","2023-10","loto",31,11,"11",11,11,0.3548387096774194,0.3548387096774194,8.37,0.9136,6
"month","2023-10","loto",31,19,"19",11,10,0.3225806451612903,0.3548387096774194,8.37,0.9136,6
"month","2023-10","loto",31,22,"22",11,10,0.3225806451612903,0.3548387096774194,8.37,0.9136,6
"month","2023-10","loto",31,25,"25",11,11,0.3548387096774194,0.3548387096774194,8.37,0.9136,6
"month","2023-10","loto",31,32,"32",11,10,0.3225806451612903,0.3548387096774194,8.37,0.9136,6
"month","2023-10","loto",31,38,"38",11,7,0.22580645161290322,0.3548387096774194,8.37,0.9136,6
"month","2023-10","loto",31,50,"50",11,9,0.2903225806451613,0.3548387096774194,8.37,0.9136,6
"month","2023-10","loto",31,59,"59",11,10,0.3225806451612903,0.3548387096774194,8.37,0.9136,6
"month","2023-10","loto",31,60,"60",11,9,0.2903225806451613,0.3548387096774194,8.37,0.9136,6
"month","2023-10","loto",31,74,"74",11,10,0.3225806451612903,0.3548387096774194,8.37,0.9136,6
"month","2023-10","loto",31,88,"88",11,11,0.3548387096774194,0.3548387096774194,8.37,0.9136,6
"month","2023-10","loto",31,6,"06",10,9,0.2903225806451613,0.3225806451612903,8.37,0.5662,7
"month","2023-10","loto",31,9,"09",10,8,0.25806451612903225,0.3225806451612903,8.37,0.5662,7
"month","2023-10","loto",31,18,"18",10,9,0.2903225806451613,0.3225806451612903,8.37,0.5662,7
"month","2023-10","loto",31,20,"20",10,10,0.3225806451612903,0.3225806451612903,8.37,0.5662,7
"month","2023-10","loto",31,44,"44",10,9,0.2903225806451613,0.3225806451612903,8.37,0.5662,7
"month","2023-10","loto",31,55,"55",10,10,0.3225806451612903,0.3225806451612903,8.37,0.5662,7
"month","2023-10","loto",31,94,"94",10,9,0.2903225806451613,0.3225806451612903,8.37,0.5662,7
"month","2023-10","loto",31,2,"02",9,9,0.2903225806451613,0.2903225806451613,8.37,0.2189,8
"month","2023-10","loto",31,7,"07",9,7,0.22580645161290322,0.2903225806451613,8.37,0.2189,8
"month","2023-10","loto",31,35,"35",9,7,0.22580645161290322,0.2903225806451613,8.37,0.2189,8
"month","2023-10","loto",31,53,"53",9,8,0.25806451612903225,0.2903225806451613,8.37,0.2189,8
"month","2023-10","loto",31,54,"54",9,9,0.2903225806451613,0.2903225806451613,8.37,0.2189,8
"month","2023-10","loto",31,77,"77",9,7,0.22580645161290322,0.2903225806451613,8.37,0.2189,8
"month","2023-10","loto",31,81,"81",9,8,0.25806451612903225,0.2903225806451613,8.37,0.2189,8
"month","2023-10","loto",31,84,"84",9,9,0.2903225806451613,0.2903225806451613,8.37,0.2189,8
"month","2023-10","loto",31,10,"10",8,7,0.22580645161290322,0.25806451612903225,8.37,-0.1285,9
"month","2023-10","loto",31,13,"13",8,7,0.22580645161290322,0.25806451612903225,8.37,-0.1285,9
"month","2023-10","loto",31,16,"16",8,7,0.22580645161290322,0.25806451612903225,8.37,-0.1285,9
"month","2023-10","loto",31,17,"17",8,8,0.25806451612903225,0.25806451612903225,8.37,-0.1285,9
"month","2023-10","loto",31,24,"24",8,8,0.25806451612903225,0.25806451612903225,8.37,-0.1285,9
"month","2023-10","loto",31,33,"33",8,6,0.1935483870967742,0.25806451612903225,8.37,-0.1285,9
"month","2023-10","loto",31,36,"36",8,8,0.25806451612903225,0.25806451612903225,8.37,-0.1285,9
"month","2023-10","loto",31,43,"43",8,8,0.25806451612903225,0.25806451612903225,8.37,-0.1285,9
"month","2023-10","loto",31,47,"47",8,7,0.22580645161290322,0.25806451612903225,8.37,-0.1285,9
"month","2023-10","loto",31,52,"52",8,6,0.1935483870967742,0.25806451612903225,8.37,-0.1285,9
"month","2023-10","loto",31,67,"67",8,7,0.22580645161290322,0.25806451612903225,8.37,-0.1285,9
"month","2023-10","loto",31,68,"68",8,8,0.25806451612903225,0.25806451612903225,8.37,-0.1285,9
"month","2023-10","loto",31,86,"86",8,7,0.22580645161290322,0.25806451612903225,8.37,-0.1285,9
"month","2023-10","loto",31,87,"87",8,8,0.25806451612903225,0.25806451612903225,8.37,-0.1285,9
"month","2023-10","loto",31,30,"30",7,7,0.22580645161290322,0.22580645161290322,8.37,-0.4759,10
"month","2023-10","loto",31,39,"39",7,6,0.1935483870967742,0.22580645161290322,8.37,-0.4759,10
"month","2023-10","loto",31,41,"41",7,5,0.16129032258064516,0.22580645161290322,8.37,-0.4759,10
"month","2023-10","loto",31,51,"51",7,6,0.1935483870967742,0.22580645161290322,8.37,-0.4759,10
"month","2023-10","loto",31,57,"57",7,5,0.16129032258064516,0.22580645161290322,8.37,-0.4759,10
"month","2023-10","loto",31,63,"63",7,7,0.22580645161290322,0.22580645161290322,8.37,-0.4759,10
"month","2023-10","loto",31,64,"64",7,6,0.1935483870967742,0.22580645161290322,8.37,-0.4759,10
"month","2023-10","loto",31,70,"70",7,6,0.1935483870967742,0.22580645161290322,8.37,-0.4759,10
"month","2023-10","loto",31,75,"75",7,6,0.1935483870967742,0.22580645161290322,8.37,-0.4759,10
"month","2023-10","loto",31,80,"80",7,7,0.22580645161290322,0.22580645161290322,8.37,-0.4759,10
"month","2023-10","loto",31,96,"96",7,7,0.22580645161290322,0.22580645161290322,8.37,-0.4759,10
"month","2023-10","loto",31,99,"99",7,6,0.1935483870967742,0.22580645161290322,8.37,-0.4759,10
"month","2023-10","loto",31,14,"14",6,6,0.1935483870967742,0.1935483870967742,8.37,-0.8233,11
"month","2023-10","loto",31,21,"21",6,6,0.1935483870967742,0.1935483870967742,8.37,-0.8233,11
"month","2023-10","loto",31,23,"23",6,6,0.1935483870967742,0.1935483870967742,8.37,-0.8233,11
"month","2023-10","loto",31,37,"37",6,5,0.16129032258064516,0.1935483870967742,8.37,-0.8233,11
"month","2023-10","loto",31,46,"46",6,6,0.1935483870967742,0.1935483870967742,8.37,-0.8233,11
"month","2023-10","loto",31,62,"62",6,6,0.1935483870967742,0.1935483870967742,8.37,-0.8233,11
"month","2023-10","loto",31,71,"71",6,6,0.1935483870967742,0.1935483870967742,8.37,-0.8233,11
"month","2023-10","loto",31,91,"91",6,5,0.16129032258064516,0.1935483870967742,8.37,-0.8233,11
"month","2023-10","loto",31,92,"92",6,6,0.1935483870967742,0.1935483870967742,8.37,-0.8233,11
"month","2023-10","loto",31,95,"95",6,6,0.1935483870967742,0.1935483870967742,8.37,-0.8233,11
"month","2023-10","loto",31,97,"97",6,5,0.16129032258064516,0.1935483870967742,8.37,-0.8233,11
"month","2023-10","loto",31,1,"01",5,3,0.0967741935483871,0.16129032258064516,8.37,-1.1707,12
"month","2023-10","loto",31,4,"04",5,5,0.16129032258064516,0.16129032258064516,8.37,-1.1707,12
"month","2023-10","loto",31,5,"05",5,3,0.0967741935483871,0.16129032258064516,8.37,-1.1707,12
"month","2023-10","loto",31,12,"12",5,5,0.16129032258064516,0.16129032258064516,8.37,-1.1707,12
"month","2023-10","loto",31,15,"15",5,5,0.16129032258064516,0.16129032258064516,8.37,-1.1707,12
"month","2023-10","loto",31,26,"26",5,5,0.16129032258064516,0.16129032258064516,8.37,-1.1707,12
"month","2023-10","loto",31,28,"28",5,5,0.16129032258064516,0.16129032258064516,8.37,-1.1707,12
"month","2023-10","loto",31,31,"31",5,5,0.16129032258064516,0.16129032258064516,8.37,-1.1707,12
"month","2023-10","loto",31,42,"42",5,4,0.12903225806451613,0.16129032258064516,8.37,-1.1707,12
"month","2023-10","loto",31,45,"45",5,4,0.12903225806451613,0.16129032258064516,8.37,-1.1707,12
"month","2023-10","loto",31,48,"48",5,5,0.16129032258064516,0.16129032258064516,8.37,-1.1707,12
"month","2023-10","loto",31,69,"69",5,4,0.12903225806451613,0.16129032258064516,8.37,-1.1707,12
"month","2023-10","loto",31,89,"89",5,5,0.16129032258064516,0.16129032258064516,8.37,-1.1707,12
"month","2023-10","loto",31,90,"90",5,5,0.16129032258064516,0.16129032258064516,8.37,-1.1707,12
"month","2023-10","loto",31,61,"61",4,4,0.12903225806451613,0.12903225806451613,8.37,-1.5181,13
"month","2023-10","loto",31,66,"66",4,4,0.12903225806451613,0.12903225806451613,8.37,-1.5181,13
"month","2023-10","loto",31,78,"78",4,4,0.12903225806451613,0.12903225806451613,8.37,-1.5181,13
"month","2023-10","loto",31,85,"85",4,3,0.0967741935483871,0.12903225806451613,8.37,-1.5181,13
"month","2023-10","loto",31,34,"34",2,2,0.06451612903225806,0.06451612903225806,8.37,-2.2129,14
"month","2023-10","loto",31,58,"58",2,2,0.06451612903225806,0.06451612903225806,8.37,-2.2129,14
"month","2023-11","loto",30,10,"10",15,15,0.5,0.5,8.1,2.4366,1
"month","2023-11","loto",30,36,"36",14,11,0.36666666666666664,0.4666666666666667,8.1,2.0835,2
"month","2023-11","loto",30,44,"44",14,12,0.4,0.4666666666666667,8.1,2.0835,2
"month","2023-11","loto",30,52,"52",14,12,0.4,0.4666666666666667,8.1,2.0835,2
"month","2023-11","loto",30,43,"43",13,11,0.36666666666666664,0.43333333333333335,8.1,1.7304,3
"month","2023-11","loto",30,82,"82",13,9,0.3,0.43333333333333335,8.1,1.7304,3
"month","2023-11","loto",30,99,"99",13,11,0.36666666666666664,0.43333333333333335,8.1,1.7304,3
"month","2023-11","loto",30,29,"29",12,10,0.3333333333333333,0.4,8.1,1.3772,4
"month","2023-11","loto",30,62,"62",12,11,0.36666666666666664,0.4,8.1,1.3772,4
"month","2023-11","loto",30,70,"70",12,11,0.36666666666666664,0.4,8.1,1.3772,4
"month","2023-11","loto",30,73,"73",12,10,0.3333333333333333,0.4,8.1,1.3772,4
"month","2023-11","loto",30,79,"79",12,11,0.36666666666666664,0.4,8.1,1.3772,4
"month","2023-11","loto",30,83,"83",12,8,0.26666666666666666,0.4,8.1,1.3772,4
"month","2023-11","loto",30,97,"97",12,9,0.3,0.4,8.1,1.3772,4
"month","2023-11","loto",30,13,"13",11,7,0.23333333333333334,0.36666666666666664,8.1,1.0241,5
"month","2023-11","loto",30,24,"24",11,9,0.3,0.36666666666666664,8.1,1.0241,5
"month","2023-11","loto",30,45,"45",11,9,0.3,0.36666666666666664,8.1,1.0241,5
"month","2023-11","loto",30,48,"48",11,11,0.36666666666666664,0.36666666666666664,8.1,1.0241,5
"month","2023-11","loto",30,91,"91",11,10,0.3333333333333333,0.36666666666666664,8.1,1.0241,5
"month","2023-11","loto",30,96,"96",11,10,0.3333333333333333,0.36666666666666664,8.1,1.0241,5
"month","2023-11","loto",30,7,"07",10,9,0.3,0.3333333333333333,8.1,0.671,6
"month","2023-11","loto",30,12,"12",10,8,0.26666666666666666,0.3333333333333333,8.1,0.671,6
"month","2023-11","loto",30,26,"26",10,9,0.3,0.3333333333333333,8.1,0.671,6
"month","2023-11","loto",30,53,"53",10,9,0.3,0.3333333333333333,8.1,0.671,6
"month","2023-11","loto",30,77,"77",10,9,0.3,0.3333333333333333,8.1,0.671,6
"month","2023-11","loto",30,90,"90",10,9,0.3,0.3333333333333333,8.1,0.671,6
"month","2023-11","loto",30,98,"98",10,7,0.23333333333333334,0.3333333333333333,8.1,0.671,6
"month","2023-11","loto",30,3,"03",9,7,0.23333333333333334,0.3,8.1,0.3178,7
"month","2023-11","loto",30,14,"14",9,7,0.23333333333333334,0.3,8.1,0.3178,7
"month","2023-11","loto",30,28,"28",9,9,0.3,0.3,8.1,0.3178,7
"month","2023-11","loto",30,32,"32",9,9,0.3,0.3,8.1,0.3178,7
"month","2023-11","loto",30,35,"35",9,9,0.3,0.3,8.1,0.3178,7
"month","2023-11","loto",30,55,"55",9,9,0.3,0.3,8.1,0.3178,7
"month","2023-11","loto",30,58,"58",9,7,0.23333333333333334,0.3,8.1,0.3178,7
"month","2023-11","loto",30,59,"59",9,6,0.2,0.3,8.1,0.3178,7
"month","2023-11","loto",30,69,"69",9,9,0.3,0.3,8.1,0.3178,7
"month","2023-11","loto",30,71,"71",9,7,0.23333333333333334,0.3,8.1,0.3178,7
"month","2023-11","loto",30,72,"72",9,9,0.3,0.3,8.1,0.3178,7
"month","2023-11","loto",30,1,"01",8,7,0.23333333333333334,0.26666666666666666,8.1,-0.0353,8
"month","2023-11","loto",30,2,"02",8,7,0.23333333333333334,0.26666666666666666,8.1,-0.0353,8
"month","2023-11","loto",30,5,"05",8,8,0.26666666666666666,0.26666666666666666,8.1,-0.0353,8
"month","2023-11","loto",30,15,"15",8,7,0.23333333333333334,0.26666666666666666,8.1,-0.0353,8
"month","2023-11","loto",30,18,"18",8,8,0.26666666666666666,0.26666666666666666,8.1,-0.0353,8
"month","2023-11","loto",30,27,"27",8,7,0.23333333333333334,0.26666666666666666,8.1,-0.0353,8
"month","2023-11","loto",30,30,"30",8,8,0.26666666666666666,0.26666666666666666,8.1,-0.0353,8
"month","2023-11","loto",30,49,"49",8,7,0.23333333333333334,0.26666666666666666,8.1,-0.0353,8
"month","2023-11","loto",30,57,"57",8,8,0.26666666666666666,0.26666666666666666,8.1,-0.0353,8
"month","2023-11","loto",30,60,"60",8,6,0.2,0.26666666666666666,8.1,-0.0353,8
"month","2023-11","loto",30,64,"64",8,8,0.26666666666666666,0.26666666666666666,8.1,-0.0353,8
"month","2023-11","loto",30,65,"65",8,5,0.16666666666666666,0.26666666666666666,8.1,-0.0353,8
"month","2023-11","loto",30,66,"66",8,7,0.23333333333333334,0.26666666666666666,8.1,-0.0353,8
"month","2023-11","loto",30,68,"68",8,7,0.23333333333333334,0.26666666666666666,8.1,-0.0353,8
"month","2023-11","loto",30,86,"86",8,8,0.26666666666666666,0.26666666666666666,8.1,-0.0353,8
"month","2023-11","loto",30,87,"87",8,8,0.26666666666666666,0.26666666666666666,8.1,-0.0353,8
"month","2023-11","loto",30,89,"89",8,7,0.23333333333333334,0.26666666666666666,8.1,-0.0353,8
"month","2023-11","loto",30,92,"92",8,8,0.26666666666666666,0.26666666666666666,8.1,-0.0353,8
"month","2023-11","loto",30,4,"04",7,7,0.23333333333333334,0.23333333333333334,8.1,-0.3884,9
"month","2023-11","loto",30,6,"06",7,7,0.23333333333333334,0.23333333333333334,8.1,-0.3884,9
"month","2023-11","loto",30,8,"08",7,7,0.23333333333333334,0.23333333333333334,8.1,-0.3884,9
"month","2023-11","loto",30,9,"09",7,4,0.13333333333333333,0.23333333333333334,8.1,-0.3884,9
"month","2023-11","loto",30,17,"17",7,6,0.2,0.23333333333333334,8.1,-0.3884,9
"month","2023-11","loto",30,19,"19",7,6,0.2,0.23333333333333334,8.1,-0.3884,9
"month","2023-11","loto",30,31,"31",7,7,0.23333333333333334,0.23333333333333334,8.1,-0.3884,9
"month","2023-11","loto",30,33,"33",7,6,0.2,0.23333333333333334,8.1,-0.3884,9
"month","2023-11","loto",30,46,"46",7,7,0.23333333333333334,0.23333333333333334,8.1,-0.3884,9
"month","2023-11","loto",30,47,"47",7,7,0.23333333333333334,0.23333333333333334,8.1,-0.3884,9
"month","2023-11","loto",30,56,"56",7,6,0.2,0.23333333333333334,8.1,-0.3884,9
"month","2023-11","loto",30,61,"61",7,5,0.16666666666666666,0.23333333333333334,8.1,-0.3884,9
"month","2023-11","loto",30,94,"94",7,6,0.2,0.23333333333333334,8.1,-0.3884,9
"month","2023-11","loto",30,0,"00",6,4,0.13333333333333333,0.2,8.1,-0.7416,10
"month","2023-11","loto",30,16,"16",6,6,0.2,0.2,8.1,-0.7416,10
"month","2023-11","loto",30,20,"20",6,6,0.2,0.2,8.1,-0.7416,10
"month","2023-11","loto",30,23,"23",6,5,0.16666666666666666,0.2,8.1,-0.7416,10
"month","2023-11","loto",30,41,"41",6,6,0.2,0.2,8.1,-0.7416,10
"month","2023-11","loto",30,50,"50",6,6,0.2,0.2,8.1,-0.7416,10
"month","2023-11","loto",30,54,"54",6,6,0.2,0.2,8.1,-0.7416,10
"month","2023-11","loto",30,63,"63",6,5,0.16666666666666666,0.2,8.1,-0.7416,10
"month","2023-11","loto",30,75,"75",6,5,0.16666666666666666,0.2,8.1,-0.7416,10
"month","2023-11","loto",30,78,"78",6,6,0.2,0.2,8.1,-0.7416,10
"month","2023-11","loto",30,80,"80",6,6,0.2,0.2,8.1,-0.7416,10
"month","2023-11","loto",30,81,"81",6,6,0.2,0.2,8.1,-0.7416,10
"month","2023-11","loto",30,84,"84",6,6,0.2,0.2,8.1,-0.7416,10
"month","2023-11","loto",30,85,"85",6,5,0.16666666666666666,0.2,8.1,-0.7416,10
"month","2023-11","loto",30,88,"88",6,6,0.2,0.2,8.1,-0.7416,10
"month","2023-11","loto",30,11,"11",5,5,0.16666666666666666,0.16666666666666666,8.1,-1.0947,11
"month","2023-11","loto",30,21,"21",5,5,0.16666666666666666,0.16666666666666666,8.1,-1.0947,11
"month","2023-11","loto",30,37,"37",5,3,0.1,0.16666666666666666,8.1,-1.0947,11
"month","2023-11","loto",30,38,"38",5,4,0.13333333333333333,0.16666666666666666,8.1,-1.0947,11
"month","2023-11","loto",30,39,"39",5,5,0.16666666666666666,0.16666666666666666,8.1,-1.0947,11
"month","2023-11","loto",30,40,"40",5,5,0.16666666666666666,0.16666666666666666,8.1,-1.0947,11
"month","2023-11","loto",30,42,"42",5,4,0.13333333333333333,0.16666666666666666,8.1,-1.0947,11
"month","2023-11","loto",30,74,"74",5,4,0.13333333333333333,0.16666666666666666,8.1,-1.0947,11
"month","2023-11","loto",30,93,"93",5,5,0.16666666666666666,0.16666666666666666,8.1,-1.0947,11
"month","2023-11","loto",30,95,"95",5,5,0.16666666666666666,0.16666666666666666,8.1,-1.0947,11
"month","2023-11","loto",30,22,"22",4,4,0.13333333333333333,0.13333333333333333,8.1,-1.4479,12
"month","2023-11","loto",30,25,"25",4,4,0.13333333333333333,0.13333333333333333,8.1,-1.4479,12
"month","2023-11","loto",30,67,"67",4,4,0.13333333333333333,0.13333333333333333,8.1,-1.4479,12
"month","2023-11","loto",30,76,"76",4,4,0.13333333333333333,0.13333333333333333,8.1,-1.4479,12
"month","2023-11","loto",30,34,"34",2,2,0.06666666666666667,0.06666666666666667,8.1,-2.1541,13
"month","2023-11","loto",30,51,"51",2,2,0.06666666666666667,0.06666666666666667,8.1,-2.1541,13
"month","2023-12","loto",31,63,"63",16,12,0.3870967741935484,0.5161290322580645,8.37,2.6506,1
"month","2023-12","loto",31,17,"17",15,11,0.3548387096774194,0.4838709677419355,8.37,2.3032,2
"month","2023-12","loto",31,20,"20",15,13,0.41935483870967744,0.4838709677419355,8.37,2.3032,2
"month","2023-12","loto",31,6,"06",13,8,0.25806451612903225,0.41935483870967744,8.37,1.6084,3
"month","2023-12","loto",31,47,"47",13,13,0.41935483870967744,0.41935483870967744,8.37,1.6084,3
"month","2023-12","loto",31,61,"61",13,11,0.3548387096774194,0.41935483870967744,8.37,1.6084,3
"month","2023-12","loto",31,62,"62",13,11,0.3548387096774194,0.41935483870967744,8.37,1.6084,3
"month","2023-12","loto",31,16,"16",12,9,0.2903225806451613,0.3870967741935484,8.37,1.261,4
"month","2023-12","loto",31,32,"32",12,9,0.2903225806451613,0.3870967741935484,8.37,1.261,4
"month","2023-12","loto",31,36,"36",12,11,0.3548387096774194,0.3870967741935484,8.37,1.261,4
"month","2023-12","loto",31,44,"44",12,10,0.3225806451612903,0.3870967741935484,8.37,1.261,4
"month","2023-12","loto",31,51,"51",12,9,0.2903225806451613,0.3870967741935484,8.37,1.261,4
"month","2023-12","loto",31,89,"89",12,8,0.25806451612903225,0.3870967741935484,8.37,1.261,4
"month","2023-12","loto",31,94,"94",12,9,0.2903225806451613,0.3870967741935484,8.37,1.261,4
"month","2023-12","loto",31,19,"19",11,11,0.3548387096774194,0.3548387096774194,8.37,0.9136,5
"month","2023-12","loto",31,25,"25",11,9,0.2903225806451613,0.3548387096774194,8.37,0.9136,5
"month","2023-12","loto",31,41,"41",11,11,0.3548387096774194,0.3548387096774194,8.37,0.9136,5
"month","2023-12","loto",31,46,"46",11,7,0.22580645161290322,0.3548387096774194,8.37,0.9136,5
"month","2023-12","loto",31,82,"82",11,10,0.3225806451612903,0.3548387096774194,8.37,0.9136,5
"month","2023-12","loto",31,86,"86",11,7,0.22580645161290322,0.3548387096774194,8.37,0.9136,5
"month","2023-12","loto",31,90,"90",11,8,0.25806451612903225,0.3548387096774194,8.37,0.9136,5
"month","2023-12","loto",31,4,"04",10,8,0.25806451612903225,0.3225806451612903,8.37,0.5662,6
"month","2023-12","loto",31,12,"12",10,10,0.3225806451612903,0.3225806451612903,8.37,0.5662,6
"month","2023-12","loto",31,18,"18",10,8,0.25806451612903225,0.3225806451612903,8.37,0.5662,6
"month","2023-12","loto",31,21,"21",10,9,0.2903225806451613,0.3225806451612903,8.37,0.5662,6
"month","2023-12","loto",31,28,"28",10,7,0.22580645161290322,0.3225806451612903,8.37,0.5662,6
"month","2023-12","loto",31,37,"37",10,9,0.2903225806451613,0.3225806451612903,8.37,0.5662,6
"month","2023-12","loto",31,43,"43",10,7,0.22580645161290322,0.3225806451612903,8.37,0.5662,6
"month","2023-12","loto",31,65,"65",10,7,0.22580645161290322,0.3225806451612903,8.37,0.5662,6
"month","2023-12","loto",31,66,"66",10,8,0.25806451612903225,0.3225806451612903,8.37,0.5662,6
"month","2023-12","loto",31,75,"75",10,9,0.2903225806451613,0.3225806451612903,8.37,0.5662,6
"month","2023-12","loto",31,79,"79",10,9,0.2903225806451613,0.3225806451612903,8.37,0.5662,6
"month","2023-12","loto",31,85,"85",10,9,0.2903225806451613,0.3225806451612903,8.37,0.5662,6
"month","2023-12","loto",31,7,"07",9,9,0.2903225806451613,0.2903225806451613,8.37,0.2189,7
"month","2023-12","loto",31,8,"08",9,7,0.22580645161290322,0.2903225806451613,8.37,0.2189,7
"month","2023-12","loto",31,33,"33",9,7,0.22580645161290322,0.2903225806451613,8.37,0.2189,7
"month","2023-12","loto",31,38,"38",9,7,0.22580645161290322,0.2903225806451613,8.37,0.2189,7
"month","2023-12","loto",31,48,"48",9,8,0.25806451612903225,0.2903225806451613,8.37,0.2189,7
"month","2023-12","loto",31,55,"55",9,8,0.25806451612903225,0.2903225806451613,8.37,0.2189,7
"month","2023-12","loto",31,73,"73",9,6,0.1935483870967742,0.2903225806451613,8.37,0.2189,7
"month","2023-12","loto",31,81,"81",9,8,0.25806451612903225,0.2903225806451613,8.37,0.2189,7
"month","2023-12","loto",31,84,"84",9,7,0.22580645161290322,0.2903225806451613,8.37,0.2189,7
"month","2023-12","loto",31,87,"87",9,7,0.22580645161290322,0.2903225806451613,8.37,0.2189,7
"month","2023-12","loto",31,88,"88",9,8,0.25806451612903225,0.2903225806451613,8.37,0.2189,7
"month","2023-12","loto",31,92,"92",9,9,0.2903225806451613,0.2903225806451613,8.37,0.2189,7
"month","2023-12","loto",31,95,"95",9,7,0.22580645161290322,0.2903225806451613,8.37,0.2189,7
"month","2023-12","loto",31,1,"01",8,6,0.1935483870967742,0.25806451612903225,8.37,-0.1285,8
"month","2023-12","loto",31,10,"10",8,7,0.22580645161290322,0.25806451612903225,8.37,-0.1285,8
"month","2023-12","loto",31,11,"11",8,5,0.16129032258064516,0.25806451612903225,8.37,-0.1285,8
"month","2023-12","loto",31,13,"13",8,8,0.25806451612903225,0.25806451612903225,8.37,-0.1285,8
"month","2023-12","loto",31,14,"14",8,7,0.22580645161290322,0.25806451612903225,8.37,-0.1285,8
"month","2023-12","loto",31,23,"23",8,8,0.25806451612903225,0.25806451612903225,8.37,-0.1285,8
"month","2023-12","loto",31,24,"24",8,7,0.22580645161290322,0.25806451612903225,8.37,-0.1285,8
"month","2023-12","loto",31,27,"27",8,6,0.1935483870967742,0.25806451612903225,8.37,-0.1285,8
"month","2023-12","loto",31,40,"40",8,6,0.1935483870967742,0.25806451612903225,8.37,-0.1285,8
"month","2023-12","loto",31,42,"42",8,7,0.22580645161290322,0.25806451612903225,8.37,-0.1285,8
"month","2023-12","loto",31,45,"45",8,7,0.22580645161290322,0.25806451612903225,8.37,-0.1285,8
"month","2023-12","loto",31,52,"52",8,8,0.25806451612903225,0.25806451612903225,8.37,-0.1285,8
"month","2023-12","loto",31,59,"59",8,8,0.25806451612903225,0.25806451612903225,8.37,-0.1285,8
"month","2023-12","loto",31,64,"64",8,7,0.22580645161290322,0.25806451612903225,8.37,-0.1285,8
"month","2023-12","loto",31,78,"78",8,8,0.25806451612903225,0.25806451612903225,8.37,-0.1285,8
"month","2023-12","loto",31,0,"00",7,7,0.22580645161290322,0.22580645161290322,8.37,-0.4759,9
"month","2023-12","loto",31,5,"05",7,6,0.1935483870967742,0.22580645161290322,8.37,-0.4759,9
"month","2023-12","loto",31,30,"30",7,6,0.1935483870967742,0.22580645161290322,8.37,-0.4759,9
"month","2023-12","loto",31,31,"31",7,5,0.16129032258064516,0.22580645161290322,8.37,-0.4759,9
"month","2023-12","loto",31,34,"34",7,7,0.22580645161290322,0.22580645161290322,8.37,-0.4759,9
"month","2023-12","loto",31,54,"54",7,6,0.1935483870967742,0.22580645161290322,8.37,-0.4759,9
"month","2023-12","loto",31,58,"58",7,7,0.22580645161290322,0.22580645161290322,8.37,-0.4759,9
"month","2023-12","loto",31,60,"60",7,7,0.22580645161290322,0.22580645161290322,8.37,-0.4759,9
"month","2023-12","loto",31,76,"76",7,7,0.22580645161290322,0.22580645161290322,8.37,-0.4759,9
"month","2023-12","loto",31,77,"77",7,7,0.22580645161290322,0.22580645161290322,8.37,-0.4759,9
"month","2023-12","loto",31,93,"93",7,7,0.22580645161290322,0.22580645161290322,8.37,-0.4759,9
"month","2023-12","loto",31,98,"98",7,7,0.22580645161290322,0.22580645161290322,8.37,-0.4759,9
"month","2023-12","loto",31,99,"99",7,7,0.22580645161290322,0.22580645161290322,8.37,-0.4759,9
"month","2023-12","loto",31,3,"03",6,5,0.16129032258064516,0.1935483870967742,8.37,-0.8233,10
"month","2023-12","loto",31,29,"29",6,5,0.16129032258064516,0.1935483870967742,8.37,-0.8233,10
"month","2023-12","loto",31,39,"39",6,6,0.1935483870967742,0.1935483870967742,8.37,-0.8233,10
"month","2023-12","loto",31,49,"49",6,6,0.1935483870967742,0.1935483870967742,8.37,-0.8233,10
"month","2023-12","loto",31,56,"56",6,6,0.1935483870967742,0.1935483870967742,8.37,-0.8233,10
"month","2023-12","loto",31,57,"57",6,5,0.16129032258064516,0.1935483870967742,8.37,-0.8233,10
"month","2023-12","loto",31,68,"68",6,6,0.1935483870967742,0.1935483870967742,8.37,-0.8233,10
"month","2023-12","loto",31,72,"72",6,6,0.1935483870967742,0.1935483870967742,8.37,-0.8233,10
"month","2023-12","loto",31,74,"74",6,5,0.16129032258064516,0.1935483870967742,8.37,-0.8233,10
"month","2023-12","loto",31,80,"80",6,5,0.16129032258064516,0.1935483870967742,8.37,-0.8233,10
"month","2023-12","loto",31,83,"83",6,5,0.16129032258064516,0.1935483870967742,8.37,-0.8233,10
"month","2023-12","loto",31,96,"96",6,5,0.16129032258064516,0.1935483870967742,8.37,-0.8233,10
"month","2023-12","loto",31,9,"09",5,4,0.12903225806451613,0.16129032258064516,8.37,-1.1707,11
"month","2023-12","loto",31,15,"15",5,5,0.16129032258064516,0.16129032258064516,8.37,-1.1707,11
"month","2023-12","loto",31,35,"35",5,5,0.16129032258064516,0.16129032258064516,8.37,-1.1707,11
"month","2023-12","loto",31,67,"67",5,5,0.16129032258064516,0.16129032258064516,8.37,-1.1707,11
"month","2023-12","loto",31,69,"69",5,5,0.16129032258064516,0.16129032258064516,8.37,-1.1707,11
"month","2023-12","loto",31,70,"70",5,5,0.16129032258064516,0.16129032258064516,8.37,-1.1707,11
"month","2023-12","loto",31,91,"91",5,5,0.16129032258064516,0.16129032258064516,8.37,-1.1707,11
"month","2023-12","loto",31,26,"26",4,4,0.12903225806451613,0.12903225806451613,8.37,-1.5181,12
"month","2023-12","loto",31,53,"53",4,4,0.12903225806451613,0.12903225806451613,8.37,-1.5181,12
"month","2023-12","loto",31,71,"71",4,3,0.0967741935483871,0.12903225806451613,8.37,-1.5181,12
"month","2023-12","loto",31,97,"97",4,3,0.0967741935483871,0.12903225806451613,8.37,-1.5181,12
"month","2023-12","loto",31,22,"22",3,3,0.0967741935483871,0.0967741935483871,8.37,-1.8655,13
"month","2023-12","loto",31,2,"02",2,2,0.06451612903225806,0.06451612903225806,8.37,-2.2129,14
"month","2023-12","loto",31,50,"50",2,2,0.06451612903225806,0.06451612903225806,8.37,-2.2129,14
"month","2024-01","loto",31,75,"75",18,15,0.4838709677419355,0.5806451612903226,8.37,3.3454,1
"month","2024-01","loto",31,11,"11",14,13,0.41935483870967744,0.45161290322580644,8.37,1.9558,2
"month","2024-01","loto",31,53,"53",14,12,0.3870967741935484,0.45161290322580644,8.37,1.9558,2
"month","2024-01","loto",31,15,"15",13,10,0.3225806451612903,0.41935483870967744,8.37,1.6084,3
"month","2024-01","loto",31,17,"17",13,11,0.3548387096774194,0.41935483870967744,8.37,1.6084,3
"month","2024-01","loto",31,21,"21",13,11,0.3548387096774194,0.41935483870967744,8.37,1.6084,3
"month","2024-01","loto",31,47,"47",13,10,0.3225806451612903,0.41935483870967744,8.37,1.6084,3
"month","2024-01","loto",31,65,"65",13,12,0.3870967741935484,0.41935483870967744,8.37,1.6084,3
"month","2024-01","loto",31,91,"91",13,11,0.3548387096774194,0.41935483870967744,8.37,1.6084,3
"month","2024-01","loto",31,56,"56",12,10,0.3225806451612903,0.3870967741935484,8.37,1.261,4
"month","2024-01","loto",31,3,"03",11,8,0.25806451612903225,0.3548387096774194,8.37,0.9136,5
"month","2024-01","loto",31,14,"14",11,9,0.2903225806451613,0.3548387096774194,8.37,0.9136,5
"month","2024-01","loto",31,32,"32",11,10,0.3225806451612903,0.3548387096774194,8.37,0.9136,5
"month","2024-01","loto",31,35,"35",11,9,0.2903225806451613,0.3548387096774194,8.37,0.9136,5
"month","2024-01","loto",31,36,"36",11,10,0.3225806451612903,0.3548387096774194,8.37,0.9136,5
"month","2024-01","loto",31,41,"41",11,11,0.3548387096774194,0.3548387096774194,8.37,0.9136,5
"month","2024-01","loto",31,59,"59",11,11,0.3548387096774194,0.3548387096774194,8.37,0.9136,5
"month","2024-01","loto",31,69,"69",11,9,0.2903225806451613,0.3548387096774194,8.37,0.9136,5
"month","2024-01","loto",31,81,"81",11,10,0.3225806451612903,0.3548387096774194,8.37,0.9136,5
"month","2024-01","loto",31,0,"00",10,7,0.22580645161290322,0.3225806451612903,8.37,0.5662,6
"month","2024-01","loto",31,12,"12",10,7,0.22580645161290322,0.3225806451612903,8.37,0.5662,6
"month","2024-01","loto",31,13,"13",10,10,0.3225806451612903,0.3225806451612903,8.37,0.5662,6
"month","2024-01","loto",31,16,"16",10,9,0.2903225806451613,0.3225806451612903,8.37,0.5662,6
"month","2024-01","loto",31,18,"18",10,8,0.25806451612903225,0.3225806451612903,8.37,0.5662,6
"month","2024-01","loto",31,27,"27",10,8,0.25806451612903225,0.3225806451612903,8.37,0.5662,6
"month","2024-01","loto",31,31,"31",10,10,0.3225806451612903,0.3225806451612903,8.37,0.5662,6
"month","2024-01","loto",31,34,"34",10,8,0.25806451612903225,0.3225806451612903,8.37,0.5662,6
"month","2024-01","loto",31,37,"37",10,8,0.25806451612903225,0.3225806451612903,8.37,0.5662,6
"month","2024-01","loto",31,43,"43",10,10,0.3225806451612903,0.3225806451612903,8.37,0.5662,6
"month","2024-01","loto",31,49,"49",10,9,0.2903225806451613,0.3225806451612903,8.37,0.5662,6
"month","2024-01","loto",31,61,"61",10,10,0.3225806451612903,0.3225806451612903,8.37,0.5662,6
"month","2024-01","loto",31,67,"67",10,8,0.25806451612903225,0.3225806451612903,8.37,0.5662,6
"month","2024-01","loto",31,79,"79",10,10,0.3225806451612903,0.3225806451612903,8.37,0.5662,6
"month","2024-01","loto",31,86,"86",10,9,0.2903225806451613,0.3225806451612903,8.37,0.5662,6
"month","2024-01","loto",31,90,"90",10,9,0.2903225806451613,0.3225806451612903,8.37,0.5662,6
"month","2024-01","loto",31,2,"02",9,8,0.25806451612903225,0.2903225806451613,8.37,0.2189,7
"month","2024-01","loto",31,9,"09",9,7,0.22580645161290322,0.2903225806451613,8.37,0.2189,7
"month","2024-01","loto",31,20,"20",9,9,0.2903225806451613,0.2903225806451613,8.37,0.2189,7
"month","2024-01","loto",31,23,"23",9,9,0.2903225806451613,0.2903225806451613,8.37,0.2189,7
"month","2024-01","loto",31,25,"25",9,8,0.25806451612903225,0.2903225806451613,8.37,0.2189,7
"month","2024-01","loto",31,26,"26",9,8,0.25806451612903225,0.2903225806451613,8.37,0.2189,7
"month","2024-01","loto",31,44,"44",9,9,0.2903225806451613,0.2903225806451613,8.37,0.2189,7
"month","2024-01","loto",31,45,"45",9,8,0.25806451612903225,0.2903225806451613,8.37,0.2189,7
"month","2024-01","loto",31,63,"63",9,7,0.22580645161290322,0.2903225806451613,8.37,0.2189,7
"month","2024-01","loto",31,71,"71",9,8,0.25806451612903225,0.2903225806451613,8.37,0.2189,7
"month","2024-01","loto",31,74,"74",9,9,0.2903225806451613,0.2903225806451613,8.37,0.2189,7
"month","2024-01","loto",31,83,"83",9,7,0.22580645161290322,0.2903225806451613,8.37,0.2189,7
"month","2024-01","loto",31,87,"87",9,9,0.2903225806451613,0.2903225806451613,8.37,0.2189,7
"month","2024-01","loto",31,93,"93",9,8,0.25806451612903225,0.2903225806451613,8.37,0.2189,7
"month","2024-01","loto",31,96,"96",9,8,0.25806451612903225,0.2903225806451613,8.37,0.2189,7
"month","2024-01","loto",31,98,"98",9,7,0.22580645161290322,0.2903225806451613,8.37,0.2189,7
"month","2024-01","loto",31,10,"10",8,8,0.25806451612903225,0.25806451612903225,8.37,-0.1285,8
"month","2024-01","loto",31,38,"38",8,8,0.25806451612903225,0.25806451612903225,8.37,-0.1285,8
"month","2024-01","loto",31,39,"39",8,6,0.1935483870967742,0.25806451612903225,8.37,-0.1285,8
"month","2024-01","loto",31,64,"64",8,7,0.22580645161290322,0.25806451612903225,8.37,-0.1285,8
"month","2024-01","loto",31,68,"68",8,8,0.25806451612903225,0.25806451612903225,8.37,-0.1285,8
"month","2024-01","loto",31,84,"84",8,8,0.25806451612903225,0.25806451612903225,8.37,-0.1285,8
"month","2024-01","loto",31,85,"85",8,6,0.1935483870967742,0.25806451612903225,8.37,-0.1285,8
"month","2024-01","loto",31,95,"95",8,8,0.25806451612903225,0.25806451612903225,8.37,-0.1285,8
"month","2024-01","loto",31,97,"97",8,8,0.25806451612903225,0.25806451612903225,8.37,-0.1285,8
"month","2024-01","loto",31,99,"99",8,8,0.25806451612903225,0.25806451612903225,8.37,-0.1285,8
"month","2024-01","loto",31,4,"04",7,5,0.16129032258064516,0.22580645161290322,8.37,-0.4759,9
"month","2024-01","loto",31,6,"06",7,7,0.22580645161290322,0.22580645161290322,8.37,-0.4759,9
"month","2024-01","loto",31,24,"24",7,6,0.1935483870967742,0.22580645161290322,8.37,-0.4759,9
"month","2024-01","loto",31,28,"28",7,6,0.1935483870967742,0.22580645161290322,8.37,-0.4759,9
"month","2024-01","loto",31,33,"33",7,7,0.22580645161290322,0.22580645161290322,8.37,-0.4759,9
"month","2024-01","loto",31,42,"42",7,7,0.22580645161290322,0.22580645161290322,8.37,-0.4759,9
"month","2024-01","loto",31,52,"52",7,7,0.22580645161290322,0.22580645161290322,8.37,-0.4759,9
"month","2024-01","loto",31,55,"55",7,7,0.22580645161290322,0.22580645161290322,8.37,-0.4759,9
"month","2024-01","loto",31,58,"58",7,7,0.22580645161290322,0.22580645161290322,8.37,-0.4759,9
"month","2024-01","loto",31,66,"66",7,5,0.16129032258064516,0.22580645161290322,8.37,-0.4759,9
"month","2024-01","loto",31,77,"77",7,5,0.16129032258064516,0.22580645161290322,8.37,-0.4759,9
"month","2024-01","loto",31,82,"82",7,7,0.22580645161290322,0.22580645161290322,8.37,-0.4759,9
"month","2024-01","loto",31,1,"01",6,6,0.1935483870967742,0.1935483870967742,8.37,-0.8233,10
"month","2024-01","loto",31,19,"19",6,5,0.16129032258064516,0.1935483870967742,8.37,-0.8233,10
"month","2024-01","loto",31,40,"40",6,5,0.16129032258064516,0.1935483870967742,8.37,-0.8233,10
"month","2024-01","loto",31,48,"48",6,5,0.16129032258064516,0.1935483870967742,8.37,-0.8233,10
"month","2024-01","loto",31,50,"50",6,6,0.1935483870967742,0.1935483870967742,8.37,-0.8233,10
"month","2024-01","loto",31,70,"70",6,4,0.12903225806451613,0.1935483870967742,8.37,-0.8233,10
"month","2024-01","loto",31,72,"72",6,6,0.1935483870967742,0.1935483870967742,8.37,-0.8233,10
"month","2024-01","loto",31,76,"76",6,6,0.1935483870967742,0.1935483870967742,8.37,-0.8233,10
"month","2024-01","loto",31,78,"78",6,5,0.16129032258064516,0.1935483870967742,8.37,-0.8233,10
"month","2024-01","loto",31,88,"88",6,6,0.1935483870967742,0.1935483870967742,8.37,-0.8233,10
"month","2024-01","loto",31,89,"89",6,5,0.16129032258064516,0.1935483870967742,8.37,-0.8233,10
"month","2024-01","loto",31,94,"94",6,6,0.1935483870967742,0.1935483870967742,8.37,-0.8233,10
"month","2024-01","loto",31,22,"22",5,5,0.16129032258064516,0.16129032258064516,8.37,-1.1707,11
"month","2024-01","loto",31,29,"29",5,5,0.16129032258064516,0.16129032258064516,8.37,-1.1707,11
"month","2024-01","loto",31,30,"30",5,5,0.16129032258064516,0.16129032258064516,8.37,-1.1707,11
"month","2024-01","loto",31,46,"46",5,5,0.16129032258064516,0.16129032258064516,8.37,-1.1707,11
"month","2024-01","loto",31,51,"51",5,4,0.12903225806451613,0.16129032258064516,8.37,-1.1707,11
"month","2024-01","loto",31,73,"73",5,4,0.12903225806451613,0.16129032258064516,8.37,-1.1707,11
"month","2024-01","loto",31,7,"07",4,4,0.12903225806451613,0.12903225806451613,8.37,-1.5181,12
"month","2024-01","loto",31,8,"08",4,4,0.12903225806451613,0.12903225806451613,8.37,-1.5181,12
"month","2024-01","loto",31,54,"54",4,4,0.12903225806451613,0.12903225806451613,8.37,-1.5181,12
"month","2024-01","loto",31,57,"57",4,4,0.12903225806451613,0.12903225806451613,8.37,-1.5181,12
"month","2024-01","loto",31,60,"60",4,4,0.12903225806451613,0.12903225806451613,8.37,-1.5181,12
"month","2024-01","loto",31,62,"62",4,3,0.0967741935483871,0.12903225806451613,8.37,-1.5181,12
"month","2024-01","loto",31,5,"05",3,3,0.0967741935483871,0.0967741935483871,8.37,-1.8655,13
"month","2024-01","loto",31,80,"80",3,3,0.0967741935483871,0.0967741935483871,8.37,-1.8655,13
"month","2024-01","loto",31,92,"92",2,1,0.03225806451612903,0.06451612903225806,8.37,-2.2129,14
"month","2024-02","loto",25,90,"90",13,11,0.44,0.52,6.75,2.4177,1
"month","2024-02","loto",25,31,"31",12,11,0.44,0.48,6.75,2.0309,2
"month","2024-02","loto",25,62,"62",12,9,0.36,0.48,6.75,2.0309,2
"month","2024-02","loto",25,88,"88",12,8,0.32,0.48,6.75,2.0309,2
"month","2024-02","loto",25,20,"20",11,10,0.4,0.44,6.75,1.6441,3
"month","2024-02","loto",25,41,"41",11,9,0.36,0.44,6.75,1.6441,3
"month","2024-02","loto",25,42,"42",11,10,0.4,0.44,6.75,1.6441,3
"month","2024-02","loto",25,51,"51",11,11,0.44,0.44,6.75,1.6441,3
"month","2024-02","loto",25,61,"61",11,11,0.44,0.44,6.75,1.6441,3
"month","2024-02","loto",25,76,"76",11,9,0.36,0.44,6.75,1.6441,3
"month","2024-02","loto",25,89,"89",11,8,0.32,0.44,6.75,1.6441,3
"month","2024-02","loto",25,4,"04",10,8,0.32,0.4,6.75,1.2572,4
"month","2024-02","loto",25,5,"05",10,9,0.36,0.4,6.75,1.2572,4
"month","2024-02","loto",25,18,"18",10,9,0.36,0.4,6.75,1.2572,4
"month","2024-02","loto",25,35,"35",10,7,0.28,0.4,6.75,1.2572,4
"month","2024-02","loto",25,67,"67",10,9,0.36,0.4,6.75,1.2572,4
"month","2024-02","loto",25,80,"80",10,8,0.32,0.4,6.75,1.2572,4
"month","2024-02","loto",25,92,"92",10,8,0.32,0.4,6.75,1.2572,4
"month","2024-02","loto",25,97,"97",10,7,0.28,0.4,6.75,1.2572,4
"month","2024-02","loto",25,24,"24",9,6,0.24,0.36,6.75,0.8704,5
"month","2024-02","loto",25,52,"52",9,8,0.32,0.36,6.75,0.8704,5
"month","2024-02","loto",25,70,"70",9,9,0.36,0.36,6.75,0.8704,5
"month","2024-02","loto",25,78,"78",9,7,0.28,0.36,6.75,0.8704,5
"month","2024-02","loto",25,10,"10",8,6,0.24,0.32,6.75,0.4835,6
"month","2024-02","loto",25,14,"14",8,7,0.28,0.32,6.75,0.4835,6
"month","2024-02","loto",25,19,"19",8,8,0.32,0.32,6.75,0.4835,6
"month","2024-02","loto",25,39,"39",8,6,0.24,0.32,6.75,0.4835,6
"month","2024-02","loto",25,40,"40",8,7,0.28,0.32,6.75,0.4835,6
"month","2024-02","loto",25,45,"45",8,7,0.28,0.32,6.75,0.4835,6
"month","2024-02","loto",25,54,"54",8,6,0.24,0.32,6.75,0.4835,6
"month","2024-02","loto",25,56,"56",8,7,0.28,0.32,6.75,0.4835,6
"month","2024-02","loto",25,66,"66",8,8,0.32,0.32,6.75,0.4835,6
"month","2024-02","loto",25,95,"95",8,7,0.28,0.32,6.75,0.4835,6
"month","2024-02","loto",25,2,"02",7,7,0.28,0.28,6.75,0.0967,7
"month","2024-02","loto",25,3,"03",7,5,0.2,0.28,6.75,0.0967,7
"month","2024-02","loto",25,16,"16",7,7,0.28,0.28,6.75,0.0967,7
"month","2024-02","loto",25,22,"22",7,7,0.28,0.28,6.75,0.0967,7
"month","2024-02","loto",25,26,"26",7,5,0.2,0.28,6.75,0.0967,7
"month","2024-02","loto",25,32,"32",7,6,0.24,0.28,6.75,0.0967,7
"month","2024-02","loto",25,33,"33",7,7,0.28,0.28,6.75,0.0967,7
"month","2024-02","loto",25,37,"37",7,6,0.24,0.28,6.75,0.0967,7
"month","2024-02","loto",25,44,"44",7,6,0.24,0.28,6.75,0.0967,7
"month","2024-02","loto",25,49,"49",7,6,0.24,0.28,6.75,0.0967,7
"month","2024-02","loto",25,50,"50",7,6,0.24,0.28,6.75,0.0967,7
"month","2024-02","loto",25,53,"53",7,7,0.28,0.28,6.75,0.0967,7
"month","2024-02","loto",25,59,"59",7,5,0.2,0.28,6.75,0.0967,7
"month","2024-02","loto",25,64,"64",7,6,0.24,0.28,6.75,0.0967,7
"month","2024-02","loto",25,73,"73",7,6,0.24,0.28,6.75,0.0967,7
"month","2024-02","loto",25,77,"77",7,6,0.24,0.28,6.75,0.0967,7
"month","2024-02","loto",25,82,"82",7,5,0.2,0.28,6.75,0.0967,7
"month","2024-02","loto",25,83,"83",7,7,0.28,0.28,6.75,0.0967,7
"month","2024-02","loto",25,84,"84",7,6,0.24,0.28,6.75,0.0967,7
"month","2024-02","loto",25,87,"87",7,6,0.24,0.28,6.75,0.0967,7
"month","2024-02","loto",25,99,"99",7,7,0.28,0.28,6.75,0.0967,7
"month","2024-02","loto",25,6,"06",6,5,0.2,0.24,6.75,-0.2901,8
"month","2024-02","loto",25,8,"08",6,6,0.24,0.24,6.75,-0.2901,8
"month","2024-02","loto",25,11,"11",6,5,0.2,0.24,6.75,-0.2901,8
"month","2024-02","loto",25,15,"15",6,6,0.24,0.24,6.75,-0.2901,8
"month","2024-02","loto",25,21,"21",6,5,0.2,0.24,6.75,-0.2901,8
"month","2024-02","loto",25,46,"46",6,5,0.2,0.24,6.75,-0.2901,8
"month","2024-02","loto",25,47,"47",6,5,0.2,0.24,6.75,-0.2901,8
"month","2024-02","loto",25,60,"60",6,6,0.24,0.24,6.75,-0.2901,8
"month","2024-02","loto",25,68,"68",6,6,0.24,0.24,6.75,-0.2901,8
"month","2024-02","loto",25,69,"69",6,6,0.24,0.24,6.75,-0.2901,8
"month","2024-02","loto",25,79,"79",6,6,0.24,0.24,6.75,-0.2901,8
"month","2024-02","loto",25,93,"93",6,6,0.24,0.24,6.75,-0.2901,8
"month","2024-02","loto",25,94,"94",6,6,0.24,0.24,6.75,-0.2901,8
"month","2024-02","loto",25,98,"98",6,5,0.2,0.24,6.75,-0.2901,8
"month","2024-02","loto",25,7,"07",5,4,0.16,0.2,6.75,-0.677,9
"month","2024-02","loto",25,12,"12",5,5,0.2,0.2,6.75,-0.677,9
"month","2024-02","loto",25,28,"28",5,4,0.16,0.2,6.75,-0.677,9
"month","2024-02","loto",25,34,"34",5,5,0.2,0.2,6.75,-0.677,9
"month","2024-02","loto",25,58,"58",5,5,0.2,0.2,6.75,-0.677,9
"month","2024-02","loto",25,65,"65",5,3,0.12,0.2,6.75,-0.677,9
"month","2024-02","loto",25,74,"74",5,3,0.12,0.2,6.75,-0.677,9
"month","2024-02","loto",25,81,"81",5,5,0.2,0.2,6.75,-0.677,9
"month","2024-02","loto",25,96,"96",5,5,0.2,0.2,6.75,-0.677,9
"month","2024-02","loto",25,0,"00",4,4,0.16,0.16,6.75,-1.0638,10
"month","2024-02","loto",25,13,"13",4,4,0.16,0.16,6.75,-1.0638,10
"month","2024-02","loto",25,23,"23",4,4,0.16,0.16,6.75,-1.0638,10
"month","2024-02","loto",25,29,"29",4,4,0.16,0.16,6.75,-1.0638,10
"month","2024-02","loto",25,30,"30",4,4,0.16,0.16,6.75,-1.0638,10
"month","2024-02","loto",25,36,"36",4,4,0.16,0.16,6.75,-1.0638,10
"month","2024-02","loto",25,43,"43",4,3,0.12,0.16,6.75,-1.0638,10
"month","2024-02","loto",25,48,"48",4,3,0.12,0.16,6.75,-1.0638,10
"month","2024-02","loto",25,63,"63",4,4,0.16,0.16,6.75,-1.0638,10
"month","2024-02","loto",25,71,"71",4,4,0.16,0.16,6.75,-1.0638,10
"month","2024-02","loto",25,1,"01",3,3,0.12,0.12,6.75,-1.4506,11
"month","2024-02","loto",25,9,"09",3,3,0.12,0.12,6.75,-1.4506,11
"month","2024-02","loto",25,25,"25",3,3,0.12,0.12,6.75,-1.4506,11
"month","2024-02","loto",25,27,"27",3,3,0.12,0.12,6.75,-1.4506,11
"month","2024-02","loto",25,38,"38",3,3,0.12,0.12,6.75,-1.4506,11
"month","2024-02","loto",25,55,"55",3,2,0.08,0.12,6.75,-1.4506,11
"month","2024-02","loto",25,57,"57",3,3,0.12,0.12,6.75,-1.4506,11
"month","2024-02","loto",25,75,"75",3,3,0.12,0.12,6.75,-1.4506,11
"month","2024-02","loto",25,85,"85",3,3,0.12,0.12,6.75,-1.4506,11
"month","2024-02","loto",25,86,"86",3,3,0.12,0.12,6.75,-1.4506,11
"month","2024-02","loto",25,91,"91",3,2,0.08,0.12,6.75,-1.4506,11
"month","2024-02","loto",25,17,"17",2,2,0.08,0.08,6.75,-1.8375,12
"month","2024-02","loto",25,72,"72",2,2,0.08,0.08,6.75,-1.8375,12
"month","2024-03","loto",31,79,"79",18,14,0.45161290322580644,0.5806451612903226,8.37,3.3454,1
"month","2024-03","loto",31,25,"25",14,13,0.41935483870967744,0.45161290322580644,8.37,1.9558,2
"month","2024-03","loto",31,26,"26",14,11,0.3548387096774194,0.45161290322580644,8.37,1.9558,2
"month","2024-03","loto",31,99,"99",14,11,0.3548387096774194,0.45161290322580644,8.37,1.9558,2
"month","2024-03","loto",31,0,"00",13,11,0.3548387096774194,0.41935483870967744,8.37,1.6084,3
"month","2024-03","loto",31,2,"02",13,11,0.3548387096774194,0.41935483870967744,8.37,1.6084,3
"month","2024-03","loto",31,89,"89",13,10,0.3225806451612903,0.41935483870967744,8.37,1.6084,3
"month","2024-03","loto",31,20,"20",12,8,0.25806451612903225,0.3870967741935484,8.37,1.261,4
"month","2024-03","loto",31,29,"29",12,11,0.3548387096774194,0.3870967741935484,8.37,1.261,4
"month","2024-03","loto",31,42,"42",12,10,0.3225806451612903,0.3870967741935484,8.37,1.261,4
"month","2024-03","loto",31,63,"63",12,11,0.3548387096774194,0.3870967741935484,8.37,1.261,4
"month","2024-03","loto",31,71,"71",12,9,0.2903225806451613,0.3870967741935484,8.37,1.261,4
"month","2024-03","loto",31,86,"86",12,11,0.3548387096774194,0.3870967741935484,8.37,1.261,4
"month","2024-03","loto",31,7,"07",11,11,0.3548387096774194,0.3548387096774194,8.37,0.9136,5
"month","2024-03","loto",31,11,"11",11,10,0.3225806451612903,0.3548387096774194,8.37,0.9136,5
"month","2024-03","loto",31,28,"28",11,10,0.3225806451612903,0.3548387096774194,8.37,0.9136,5
"month","2024-03","loto",31,49,"49",11,11,0.3548387096774194,0.3548387096774194,8.37,0.9136,5
"month","2024-03","loto",31,82,"82",11,9,0.2903225806451613,0.3548387096774194,8.37,0.9136,5
"month","2024-03","loto",31,84,"84",11,11,0.3548387096774194,0.3548387096774194,8.37,0.9136,5
"month","2024-03","loto",31,87,"87",11,8,0.25806451612903225,0.3548387096774194,8.37,0.9136,5
"month","2024-03","loto",31,3,"03",10,8,0.25806451612903225,0.3225806451612903,8.37,0.5662,6
"month","2024-03","loto",31,9,"09",10,9,0.2903225806451613,0.3225806451612903,8.37,0.5662,6
"month","2024-03","loto",31,19,"19",10,7,0.22580645161290322,0.3225806451612903,8.37,0.5662,6
"month","2024-03","loto",31,23,"23",10,6,0.1935483870967742,0.3225806451612903,8.37,0.5662,6
"month","2024-03","loto",31,27,"27",10,9,0.2903225806451613,0.3225806451612903,8.37,0.5662,6
"month","2024-03","loto",31,39,"39",10,10,0.3225806451612903,0.3225806451612903,8.37,0.5662,6
"month","2024-03","loto",31,41,"41",10,8,0.25806451612903225,0.3225806451612903,8.37,0.5662,6
"month","2024-03","loto",31,59,"59",10,8,0.25806451612903225,0.3225806451612903,8.37,0.5662,6
"month","2024-03","loto",31,83,"83",10,7,0.22580645161290322,0.3225806451612903,8.37,0.5662,6
"month","2024-03","loto",31,91,"91",10,9,0.2903225806451613,0.3225806451612903,8.37,0.5662,6
"month","2024-03","loto",31,5,"05",9,9,0.2903225806451613,0.2903225806451613,8.37,0.2189,7
"month","2024-03","loto",31,13,"13",9,8,0.25806451612903225,0.2903225806451613,8.37,0.2189,7
"month","2024-03","loto",31,14,"14",9,8,0.25806451612903225,0.2903225806451613,8.37,0.2189,7
"month","2024-03","loto",31,33,"33",9,8,0.25806451612903225,0.2903225806451613,8.37,0.2189,7
"month","2024-03","loto",31,43,"43",9,8,0.25806451612903225,0.2903225806451613,8.37,0.2189,7
"month","2024-03","loto",31,50,"50",9,9,0.2903225806451613,0.2903225806451613,8.37,0.2189,7
"month","2024-03","loto",31,52,"52",9,9,0.2903225806451613,0.2903225806451613,8.37,0.2189,7
"month","2024-03","loto",31,54,"54",9,8,0.25806451612903225,0.2903225806451613,8.37,0.2189,7
"month","2024-03","loto",31,56,"56",9,8,0.25806451612903225,0.2903225806451613,8.37,0.2189,7
"month","2024-03","loto",31,60,"60",9,7,0.22580645161290322,0.2903225806451613,8.37,0.2189,7
"month","2024-03","loto",31,61,"61",9,8,0.25806451612903225,0.2903225806451613,8.37,0.2189,7
"month","2024-03","loto",31,69,"69",9,9,0.2903225806451613,0.2903225806451613,8.37,0.2189,7
"month","2024-03","loto",31,74,"74",9,7,0.22580645161290322,0.2903225806451613,8.37,0.2189,7
"month","2024-03","loto",31,78,"78",9,7,0.22580645161290322,0.2903225806451613,8.37,0.2189,7
"month","2024-03","loto",31,85,"85",9,6,0.1935483870967742,0.2903225806451613,8.37,0.2189,7
"month","2024-03","loto",31,92,"92",9,7,0.22580645161290322,0.2903225806451613,8.37,0.2189,7
"month","2024-03","loto",31,94,"94",9,7,0.22580645161290322,0.2903225806451613,8.37,0.2189,7
"month","2024-03","loto",31,95,"95",9,8,0.25806451612903225,0.2903225806451613,8.37,0.2189,7
"month","2024-03","loto",31,8,"08",8,6,0.1935483870967742,0.25806451612903225,8.37,-0.1285,8
"month","2024-03","loto",31,10,"10",8,4,0.12903225806451613,0.25806451612903225,8.37,-0.1285,8
"month","2024-03","loto",31,15,"15",8,7,0.22580645161290322,0.25806451612903225,8.37,-0.1285,8
"month","2024-03","loto",31,16,"16",8,7,0.22580645161290322,0.25806451612903225,8.37,-0.1285,8
"month","2024-03","loto",31,21,"21",8,7,0.22580645161290322,0.25806451612903225,8.37,-0.1285,8
"month","2024-03","loto",31,32,"32",8,7,0.22580645161290322,0.25806451612903225,8.37,-0.1285,8
"month","2024-03","loto",31,38,"38",8,8,0.25806451612903225,0.25806451612903225,8.37,-0.1285,8
"month","2024-03","loto",31,40,"40",8,8,0.25806451612903225,0.25806451612903225,8.37,-0.1285,8
"month","2024-03","loto",31,44,"44",8,7,0.22580645161290322,0.25806451612903225,8.37,-0.1285,8
"month","2024-03","loto",31,64,"64",8,6,0.1935483870967742,0.25806451612903225,8.37,-0.1285,8
"month","2024-03","loto",31,65,"65",8,8,0.25806451612903225,0.25806451612903225,8.37,-0.1285,8
"month","2024-03","loto",31,72,"72",8,8,0.25806451612903225,0.25806451612903225,8.37,-0.1285,8
"month","2024-03","loto",31,90,"90",8,8,0.25806451612903225,0.25806451612903225,8.37,-0.1285,8
"month","2024-03","loto",31,97,"97",8,8,0.25806451612903225,0.25806451612903225,8.37,-0.1285,8
"month","2024-03","loto",31,30,"30",7,6,0.1935483870967742,0.22580645161290322,8.37,-0.4759,9
"month","2024-03","loto",31,31,"31",7,6,0.1935483870967742,0.22580645161290322,8.37,-0.4759,9
"month","2024-03","loto",31,37,"37",7,6,0.1935483870967742,0.22580645161290322,8.37,-0.4759,9
"month","2024-03","loto",31,47,"47",7,7,0.22580645161290322,0.22580645161290322,8.37,-0.4759,9
"month","2024-03","loto",31,51,"51",7,6,0.1935483870967742,0.22580645161290322,8.37,-0.4759,9
"month","2024-03","loto",31,53,"53",7,6,0.1935483870967742,0.22580645161290322,8.37,-0.4759,9
"month","2024-03","loto",31,57,"57",7,6,0.1935483870967742,0.22580645161290322,8.37,-0.4759,9
"month","2024-03","loto",31,67,"67",7,5,0.16129032258064516,0.22580645161290322,8.37,-0.4759,9
"month","2024-03","loto",31,75,"75",7,6,0.1935483870967742,0.22580645161290322,8.37,-0.4759,9
"month","2024-03","loto",31,77,"77",7,7,0.22580645161290322,0.22580645161290322,8.37,-0.4759,9
"month","2024-03","loto",31,81,"81",7,6,0.1935483870967742,0.22580645161290322,8.37,-0.4759,9
"month","2024-03","loto",31,88,"88",7,6,0.1935483870967742,0.22580645161290322,8.37,-0.4759,9
"month","2024-03","loto",31,93,"93",7,7,0.22580645161290322,0.22580645161290322,8.37,-0.4759,9
"month","2024-03","loto",31,96,"96",7,7,0.22580645161290322,0.22580645161290322,8.37,-0.4759,9
"month","2024-03","loto",31,98,"98",7,6,0.1935483870967742,0.22580645161290322,8.37,-0.4759,9
"month","2024-03","loto",31,17,"17",6,6,0.1935483870967742,0.1935483870967742,8.37,-0.8233,10
"month","2024-03","loto",31,18,"18",6,5,0.16129032258064516,0.1935483870967742,8.37,-0.8233,10
"month","2024-03","loto",31,22,"22",6,6,0.1935483870967742,0.1935483870967742,8.37,-0.8233,10
"month","2024-03","loto",31,35,"35",6,6,0.1935483870967742,0.1935483870967742,8.37,-0.8233,10
"month","2024-03","loto",31,45,"45",6,5,0.16129032258064516,0.1935483870967742,8.37,-0.8233,10
"month","2024-03","loto",31,46,"46",6,6,0.1935483870967742,0.1935483870967742,8.37,-0.8233,10
"month","2024-03","loto",31,48,"48",6,5,0.16129032258064516,0.1935483870967742,8.37,-0.8233,10
"month","2024-03","loto",31,66,"66",6,6,0.1935483870967742,0.1935483870967742,8.37,-0.8233,10
"month","2024-03","loto",31,70,"70",6,5,0.16129032258064516,0.1935483870967742,8.37,-0.8233,10
"month","2024-03","loto",31,73,"73",6,5,0.16129032258064516,0.1935483870967742,8.37,-0.8233,10
"month","2024-03","loto",31,12,"12",5,4,0.12903225806451613,0.16129032258064516,8.37,-1.1707,11
"month","2024-03","loto",31,34,"34",5,5,0.16129032258064516,0.16129032258064516,8.37,-1.1707,11
"month","2024-03","loto",31,62,"62",5,5,0.16129032258064516,0.16129032258064516,8.37,-1.1707,11
"month","2024-03","loto",31,1,"01",4,4,0.12903225806451613,0.12903225806451613,8.37,-1.5181,12
"month","2024-03","loto",31,6,"06",4,4,0.12903225806451613,0.12903225806451613,8.37,-1.5181,12
"month","2024-03","loto",31,55,"55",4,4,0.12903225806451613,0.12903225806451613,8.37,-1.5181,12
"month","2024-03","loto",31,68,"68",4,4,0.12903225806451613,0.12903225806451613,8.37,-1.5181,12
"month","2024-03","loto",31,80,"80",4,3,0.0967741935483871,0.12903225806451613,8.37,-1.5181,12
"month","2024-03","loto",31,4,"04",3,3,0.0967741935483871,0.0967741935483871,8.37,-1.8655,13
"month","2024-03","loto",31,24,"24",3,3,0.0967741935483871,0.0967741935483871,8.37,-1.8655,13
"month","2024-03","loto",31,36,"36",3,3,0.0967741935483871,0.0967741935483871,8.37,-1.8655,13
"month","2024-03","loto",31,58,"58",3,3,0.0967741935483871,0.0967741935483871,8.37,-1.8655,13
"month","2024-03","loto",31,76,"76",3,3,0.0967741935483871,0.0967741935483871,8.37,-1.8655,13
"month","2024-04","loto",30,57,"57",17,15,0.5,0.5666666666666667,8.1,3.1429,1
"month","2024-04","loto",30,10,"10",16,12,0.4,0.5333333333333333,8.1,2.7898,2
"month","2024-04","loto",30,22,"22",15,13,0.43333333333333335,0.5,8.1,2.4366,3
"month","2024-04","loto",30,69,"69",14,11,0.36666666666666664,0.4666666666666667,8.1,2.0835,4
"month","2024-04","loto",30,71,"71",14,11,0.36666666666666664,0.4666666666666667,8.1,2.0835,4
"month","2024-04","loto",30,92,"92",14,10,0.3333333333333333,0.4666666666666667,8.1,2.0835,4
"month","2024-04","loto",30,61,"61",13,12,0.4,0.43333333333333335,8.1,1.7304,5
"month","2024-04","loto",30,89,"89",13,9,0.3,0.43333333333333335,8.1,1.7304,5
"month","2024-04","loto",30,93,"93",13,9,0.3,0.43333333333333335,8.1,1.7304,5
"month","2024-04","loto",30,16,"16",12,9,0.3,0.4,8.1,1.3772,6
"month","2024-04","loto",30,49,"49",12,11,0.36666666666666664,0.4,8.1,1.3772,6
"month","2024-04","loto",30,91,"91",12,10,0.3333333333333333,0.4,8.1,1.3772,6
"month","2024-04","loto",30,28,"28",11,9,0.3,0.36666666666666664,8.1,1.0241,7
"month","2024-04","loto",30,42,"42",11,9,0.3,0.36666666666666664,8.1,1.0241,7
"month","2024-04","loto",30,52,"52",11,11,0.36666666666666664,0.36666666666666664,8.1,1.0241,7
"month","2024-04","loto",30,54,"54",11,8,0.26666666666666666,0.36666666666666664,8.1,1.0241,7
"month","2024-04","loto",30,59,"59",11,9,0.3,0.36666666666666664,8.1,1.0241,7
"month","2024-04","loto",30,60,"60",11,10,0.3333333333333333,0.36666666666666664,8.1,1.0241,7
"month","2024-04","loto",30,77,"77",11,8,0.26666666666666666,0.36666666666666664,8.1,1.0241,7
"month","2024-04","loto",30,79,"79",11,9,0.3,0.36666666666666664,8.1,1.0241,7
"month","2024-04","loto",30,90,"90",11,9,0.3,0.36666666666666664,8.1,1.0241,7
"month","2024-04","loto",30,18,"18",10,9,0.3,0.3333333333333333,8.1,0.671,8
"month","2024-04","loto",30,24,"24",10,8,0.26666666666666666,0.3333333333333333,8.1,0.671,8
"month","2024-04","loto",30,50,"50",10,10,0.3333333333333333,0.3333333333333333,8.1,0.671,8
"month","2024-04","loto",30,62,"62",10,6,0.2,0.3333333333333333,8.1,0.671,8
"month","2024-04","loto",30,66,"66",10,10,0.3333333333333333,0.3333333333333333,8.1,0.671,8
"month","2024-04","loto",30,3,"03",9,8,0.26666666666666666,0.3,8.1,0.3178,9
"month","2024-04","loto",30,9,"09",9,7,0.23333333333333334,0.3,8.1,0.3178,9
"month","2024-04","loto",30,12,"12",9,8,0.26666666666666666,0.3,8.1,0.3178,9
"month","2024-04","loto",30,15,"15",9,8,0.26666666666666666,0.3,8.1,0.3178,9
"month","2024-04","loto",30,32,"32",9,7,0.23333333333333334,0.3,8.1,0.3178,9
"month","2024-04","loto",30,33,"33",9,8,0.26666666666666666,0.3,8.1,0.3178,9
"month","2024-04","loto",30,65,"65",9,8,0.26666666666666666,0.3,8.1,0.3178,9
"month","2024-04","loto",30,70,"70",9,7,0.23333333333333334,0.3,8.1,0.3178,9
"month","2024-04","loto",30,80,"80",9,8,0.26666666666666666,0.3,8.1,0.3178,9
"month","2024-04","loto",30,81,"81",9,9,0.3,0.3,8.1,0.3178,9
"month","2024-04","loto",30,83,"83",9,7,0.23333333333333334,0.3,8.1,0.3178,9
"month","2024-04","loto",30,95,"95",9,8,0.26666666666666666,0.3,8.1,0.3178,9
"month","2024-04","loto",30,99,"99",9,8,0.26666666666666666,0.3,8.1,0.3178,9
"month","2024-04","loto",30,2,"02",8,8,0.26666666666666666,0.26666666666666666,8.1,-0.0353,10
"month","2024-04","loto",30,5,"05",8,8,0.26666666666666666,0.26666666666666666,8.1,-0.0353,10
"month","2024-04","loto",30,6,"06",8,8,0.26666666666666666,0.26666666666666666,8.1,-0.0353,10
"month","2024-04","loto",30,13,"13",8,8,0.26666666666666666,0.26666666666666666,8.1,-0.0353,10
"month","2024-04","loto",30,25,"25",8,7,0.23333333333333334,0.26666666666666666,8.1,-0.0353,10
"month","2024-04","loto",30,27,"27",8,6,0.2,0.26666666666666666,8.1,-0.0353,10
"month","2024-04","loto",30,30,"30",8,7,0.23333333333333334,0.26666666666666666,8.1,-0.0353,10
"month","2024-04","loto",30,35,"35",8,8,0.26666666666666666,0.26666666666666666,8.1,-0.0353,10
"month","2024-04","loto",30,47,"47",8,7,0.23333333333333334,0.26666666666666666,8.1,-0.0353,10
"month","2024-04","loto",30,73,"73",8,7,0.23333333333333334,0.26666666666666666,8.1,-0.0353,10
"month","2024-04","loto",30,74,"74",8,7,0.23333333333333334,0.26666666666666666,8.1,-0.0353,10
"month","2024-04","loto",30,82,"82",8,6,0.2,0.26666666666666666,8.1,-0.0353,10
"month","2024-04","loto",30,86,"86",8,8,0.26666666666666666,0.26666666666666666,8.1,-0.0353,10
"month","2024-04","loto",30,96,"96",8,7,0.23333333333333334,0.26666666666666666,8.1,-0.0353,10
"month","2024-04","loto",30,0,"00",7,7,0.23333333333333334,0.23333333333333334,8.1,-0.3884,11
"month","2024-04","loto",30,11,"11",7,6,0.2,0.23333333333333334,8.1,-0.3884,11
"month","2024-04","loto",30,17,"17",7,7,0.23333333333333334,0.23333333333333334,8.1,-0.3884,11
"month","2024-04","loto",30,19,"19",7,5,0.16666666666666666,0.23333333333333334,8.1,-0.3884,11
"month","2024-04","loto",30,20,"20",7,5,0.16666666666666666,0.23333333333333334,8.1,-0.3884,11
"month","2024-04","loto",30,21,"21",7,7,0.23333333333333334,0.23333333333333334,8.1,-0.3884,11
"month","2024-04","loto",30,26,"26",7,7,0.23333333333333334,0.23333333333333334,8.1,-0.3884,11
"month","2024-04","loto",30,36,"36",7,7,0.23333333333333334,0.23333333333333334,8.1,-0.3884,11
"month","2024-04","loto",30,37,"37",7,7,0.23333333333333334,0.23333333333333334,8.1,-0.3884,11
"month","2024-04","loto",30,38,"38",7,5,0.16666666666666666,0.23333333333333334,8.1,-0.3884,11
"month","2024-04","loto",30,40,"40",7,5,0.16666666666666666,0.23333333333333334,8.1,-0.3884,11
"month","2024-04","loto",30,41,"41",7,6,0.2,0.23333333333333334,8.1,-0.3884,11
"month","2024-04","loto",30,48,"48",7,7,0.23333333333333334,0.23333333333333334,8.1,-0.3884,11
"month","2024-04","loto",30,51,"51",7,7,0.23333333333333334,0.23333333333333334,8.1,-0.3884,11
"month","2024-04","loto",30,63,"63",7,6,0.2,0.23333333333333334,8.1,-0.3884,11
"month","2024-04","loto",30,64,"64",7,7,0.23333333333333334,0.23333333333333334,8.1,-0.3884,11
"month","2024-04","loto",30,75,"75",7,6,0.2,0.23333333333333334,8.1,-0.3884,11
"month","2024-04","loto",30,78,"78",7,6,0.2,0.23333333333333334,8.1,-0.3884,11
"month","2024-04","loto",30,98,"98",7,6,0.2,0.23333333333333334,8.1,-0.3884,11
"month","2024-04","loto",30,1,"01",6,6,0.2,0.2,8.1,-0.7416,12
"month","2024-04","loto",30,8,"08",6,6,0.2,0.2,8.1,-0.7416,12
"month","2024-04","loto",30,23,"23",6,6,0.2,0.2,8.1,-0.7416,12
"month","2024-04","loto",30,43,"43",6,6,0.2,0.2,8.1,-0.7416,12
"month","2024-04","loto",30,53,"53",6,6,0.2,0.2,8.1,-0.7416,12
"month","2024-04","loto",30,72,"72",6,6,0.2,0.2,8.1,-0.7416,12
"month","2024-04","loto",30,85,"85",6,6,0.2,0.2,8.1,-0.7416,12
"month","2024-04","loto",30,94,"94",6,6,0.2,0.2,8.1,-0.7416,12
"month","2024-04","loto",30,97,"97",6,6,0.2,0.2,8.1,-0.7416,12
"month","2024-04","loto",30,4,"04",5,5,0.16666666666666666,0.16666666666666666,8.1,-1.0947,13
"month","2024-04","loto",30,29,"29",5,4,0.13333333333333333,0.16666666666666666,8.1,-1.0947,13
"month","2024-04","loto",30,39,"39",5,4,0.13333333333333333,0.16666666666666666,8.1,-1.0947,13
"month","2024-04","loto",30,45,"45",5,5,0.16666666666666666,0.16666666666666666,8.1,-1.0947,13
"month","2024-04","loto",30,46,"46",5,4,0.13333333333333333,0.16666666666666666,8.1,-1.0947,13
"month","2024-04","loto",30,55,"55",5,5,0.16666666666666666,0.16666666666666666,8.1,-1.0947,13
"month","2024-04","loto",30,56,"56",5,5,0.16666666666666666,0.16666666666666666,8.1,-1.0947,13
"month","2024-04","loto",30,58,"58",5,5,0.16666666666666666,0.16666666666666666,8.1,-1.0947,13
"month","2024-04","loto",30,67,"67",5,5,0.16666666666666666,0.16666666666666666,8.1,-1.0947,13
"month","2024-04","loto",30,84,"84",5,5,0.16666666666666666,0.16666666666666666,8.1,-1.0947,13
"month","2024-04","loto",30,34,"34",4,4,0.13333333333333333,0.13333333333333333,8.1,-1.4479,14
"month","2024-04","loto",30,44,"44",4,4,0.13333333333333333,0.13333333333333333,8.1,-1.4479,14
"month","2024-04","loto",30,68,"68",4,2,0.06666666666666667,0.13333333333333333,8.1,-1.4479,14
"month","2024-04","loto",30,87,"87",4,4,0.13333333333333333,0.13333333333333333,8.1,-1.4479,14
"month","2024-04","loto",30,7,"07",3,3,0.1,0.1,8.1,-1.801,15
"month","2024-04","loto",30,14,"14",3,3,0.1,0.1,8.1,-1.801,15
"month","2024-04","loto",30,76,"76",3,3,0.1,0.1,8.1,-1.801,15
"month","2024-04","loto",30,88,"88",3,3,0.1,0.1,8.1,-1.801,15
"month","2024-04","loto",30,31,"31",2,2,0.06666666666666667,0.06666666666666667,8.1,-2.1541,16
"month","2024-05","loto",31,52,"52",19,13,0.41935483870967744,0.6129032258064516,8.37,3.6928,1
"month","2024-05","loto",31,62,"62",17,12,0.3870967741935484,0.5483870967741935,8.37,2.998,2
"month","2024-05","loto",31,32,"32",16,12,0.3870967741935484,0.5161290322580645,8.37,2.6506,3
"month","2024-05","loto",31,10,"10",15,13,0.41935483870967744,0.4838709677419355,8.37,2.3032,4
"month","2024-05","loto",31,22,"22",15,10,0.3225806451612903,0.4838709677419355,8.37,2.3032,4
"month","2024-05","loto",31,30,"30",15,15,0.4838709677419355,0.4838709677419355,8.37,2.3032,4
"month","2024-05","loto",31,25,"25",14,13,0.41935483870967744,0.45161290322580644,8.37,1.9558,5
"month","2024-05","loto",31,98,"98",14,14,0.45161290322580644,0.45161290322580644,8.37,1.9558,5
"month","2024-05","loto",31,12,"12",13,10,0.3225806451612903,0.41935483870967744,8.37,1.6084,6
"month","2024-05","loto",31,45,"45",13,11,0.3548387096774194,0.41935483870967744,8.37,1.6084,6
"month","2024-05","loto",31,67,"67",13,11,0.3548387096774194,0.41935483870967744,8.37,1.6084,6
"month","2024-05","loto",31,75,"75",13,11,0.3548387096774194,0.41935483870967744,8.37,1.6084,6
"month","2024-05","loto",31,82,"82",13,11,0.3548387096774194,0.41935483870967744,8.37,1.6084,6
"month","2024-05","loto",31,90,"90",13,11,0.3548387096774194,0.41935483870967744,8.37,1.6084,6
"month","2024-05","loto",31,95,"95",13,12,0.3870967741935484,0.41935483870967744,8.37,1.6084,6
"month","2024-05","loto",31,61,"61",12,12,0.3870967741935484,0.3870967741935484,8.37,1.261,7
"month","2024-05","loto",31,63,"63",12,11,0.3548387096774194,0.3870967741935484,8.37,1.261,7
"month","2024-05","loto",31,68,"68",12,9,0.2903225806451613,0.3870967741935484,8.37,1.261,7
"month","2024-05","loto",31,69,"69",12,9,0.2903225806451613,0.3870967741935484,8.37,1.261,7
"month","2024-05","loto",31,80,"80",12,9,0.2903225806451613,0.3870967741935484,8.37,1.261,7
"month","2024-05","loto",31,89,"89",12,11,0.3548387096774194,0.3870967741935484,8.37,1.261,7
"month","2024-05","loto",31,76,"76",11,9,0.2903225806451613,0.3548387096774194,8.37,0.9136,8
"month","2024-05","loto",31,92,"92",11,8,0.25806451612903225,0.3548387096774194,8.37,0.9136,8
"month","2024-05","loto",31,0,"00",10,8,0.25806451612903225,0.3225806451612903,8.37,0.5662,9
"month","2024-05","loto",31,40,"40",10,10,0.3225806451612903,0.3225806451612903,8.37,0.5662,9
"month","2024-05","loto",31,43,"43",10,9,0.2903225806451613,0.3225806451612903,8.37,0.5662,9
"month","2024-05","loto",31,65,"65",10,9,0.2903225806451613,0.3225806451612903,8.37,0.5662,9
"month","2024-05","loto",31,96,"96",10,8,0.25806451612903225,0.3225806451612903,8.37,0.5662,9
"month","2024-05","loto",31,9,"09",9,8,0.25806451612903225,0.2903225806451613,8.37,0.2189,10
"month","2024-05","loto",31,19,"19",9,9,0.2903225806451613,0.2903225806451613,8.37,0.2189,10
"month","2024-05","loto",31,39,"39",9,8,0.25806451612903225,0.2903225806451613,8.37,0.2189,10
"month","2024-05","loto",31,49,"49",9,9,0.2903225806451613,0.2903225806451613,8.37,0.2189,10
"month","2024-05","loto",31,57,"57",9,7,0.22580645161290322,0.2903225806451613,8.37,0.2189,10
"month","2024-05","loto",31,60,"60",9,7,0.22580645161290322,0.2903225806451613,8.37,0.2189,10
"month","2024-05","loto",31,70,"70",9,7,0.22580645161290322,0.2903225806451613,8.37,0.2189,10
"month","2024-05","loto",31,72,"72",9,9,0.2903225806451613,0.2903225806451613,8.37,0.2189,10
"month","2024-05","loto",31,73,"73",9,7,0.22580645161290322,0.2903225806451613,8.37,0.2189,10
"month","2024-05","loto",31,78,"78",9,7,0.22580645161290322,0.2903225806451613,8.37,0.2189,10
"month","2024-05","loto",31,94,"94",9,9,0.2903225806451613,0.2903225806451613,8.37,0.2189,10
"month","2024-05","loto",31,8,"08",8,6,0.1935483870967742,0.25806451612903225,8.37,-0.1285,11
"month","2024-05","loto",31,20,"20",8,8,0.25806451612903225,0.25806451612903225,8.37,-0.1285,11
"month","2024-05","loto",31,21,"21",8,7,0.22580645161290322,0.25806451612903225,8.37,-0.1285,11
"month","2024-05","loto",31,26,"26",8,7,0.22580645161290322,0.25806451612903225,8.37,-0.1285,11
"month","2024-05","loto",31,33,"33",8,8,0.25806451612903225,0.25806451612903225,8.37,-0.1285,11
"month","2024-05","loto",31,44,"44",8,7,0.22580645161290322,0.25806451612903225,8.37,-0.1285,11
"month","2024-05","loto",31,77,"77",8,7,0.22580645161290322,0.25806451612903225,8.37,-0.1285,11
"month","2024-05","loto",31,81,"81",8,8,0.25806451612903225,0.25806451612903225,8.37,-0.1285,11
"month","2024-05","loto",31,2,"02",7,6,0.1935483870967742,0.22580645161290322,8.37,-0.4759,12
"month","2024-05","loto",31,6,"06",7,6,0.1935483870967742,0.22580645161290322,8.37,-0.4759,12
"month","2024-05","loto",31,7,"07",7,7,0.22580645161290322,0.22580645161290322,8.37,-0.4759,12
"month","2024-05","loto",31,14,"14",7,6,0.1935483870967742,0.22580645161290322,8.37,-0.4759,12
"month","2024-05","loto",31,15,"15",7,5,0.16129032258064516,0.22580645161290322,8.37,-0.4759,12
"month","2024-05","loto",31,17,"17",7,6,0.1935483870967742,0.22580645161290322,8.37,-0.4759,12
"month","2024-05","loto",31,18,"18",7,7,0.22580645161290322,0.22580645161290322,8.37,-0.4759,12
"month","2024-05","loto",31,24,"24",7,7,0.22580645161290322,0.22580645161290322,8.37,-0.4759,12
"month","2024-05","loto",31,28,"28",7,7,0.22580645161290322,0.22580645161290322,8.37,-0.4759,12
"month","2024-05","loto",31,31,"31",7,7,0.22580645161290322,0.22580645161290322,8.37,-0.4759,12
"month","2024-05","loto",31,34,"34",7,7,0.22580645161290322,0.22580645161290322,8.37,-0.4759,12
"month","2024-05","loto",31,41,"41",7,7,0.22580645161290322,0.22580645161290322,8.37,-0.4759,12
"month","2024-05","loto",31,50,"50",7,7,0.22580645161290322,0.22580645161290322,8.37,-0.4759,12
"month","2024-05","loto",31,55,"55",7,7,0.22580645161290322,0.22580645161290322,8.37,-0.4759,12
"month","2024-05","loto",31,56,"56",7,5,0.16129032258064516,0.22580645161290322,8.37,-0.4759,12
"month","2024-05","loto",31,58,"58",7,7,0.22580645161290322,0.22580645161290322,8.37,-0.4759,12
"month","2024-05","loto",31,71,"71",7,6,0.1935483870967742,0.22580645161290322,8.37,-0.4759,12
"month","2024-05","loto",31,85,"85",7,7,0.22580645161290322,0.22580645161290322,8.37,-0.4759,12
"month","2024-05","loto",31,88,"88",7,6,0.1935483870967742,0.22580645161290322,8.37,-0.4759,12
"month","2024-05","loto",31,99,"99",7,6,0.1935483870967742,0.22580645161290322,8.37,-0.4759,12
"month","2024-05","loto",31,1,"01",6,6,0.1935483870967742,0.1935483870967742,8.37,-0.8233,13
"month","2024-05","loto",31,3,"03",6,6,0.1935483870967742,0.1935483870967742,8.37,-0.8233,13
"month","2024-05","loto",31,4,"04",6,5,0.16129032258064516,0.1935483870967742,8.37,-0.8233,13
"month","2024-05","loto",31,5,"05",6,6,0.1935483870967742,0.1935483870967742,8.37,-0.8233,13
"month","2024-05","loto",31,11,"11",6,5,0.16129032258064516,0.1935483870967742,8.37,-0.8233,13
"month","2024-05","loto",31,27,"27",6,5,0.16129032258064516,0.1935483870967742,8.37,-0.8233,13
"month","2024-05","loto",31,29,"29",6,6,0.1935483870967742,0.1935483870967742,8.37,-0.8233,13
"month","2024-05","loto",31,35,"35",6,6,0.1935483870967742,0.1935483870967742,8.37,-0.8233,13
"month","2024-05","loto",31,37,"37",6,6,0.1935483870967742,0.1935483870967742,8.37,-0.8233,13
"month","2024-05","loto",31,46,"46",6,6,0.1935483870967742,0.1935483870967742,8.37,-0.8233,13
"month","2024-05","loto",31,47,"47",6,6,0.1935483870967742,0.1935483870967742,8.37,-0.8233,13
"month","2024-05","loto",31,48,"48",6,5,0.16129032258064516,0.1935483870967742,8.37,-0.8233,13
"month","2024-05","loto",31,53,"53",6,6,0.1935483870967742,0.1935483870967742,8.37,-0.8233,13
"month","2024-05","loto",31,59,"59",6,6,0.1935483870967742,0.1935483870967742,8.37,-0.8233,13
"month","2024-05","loto",31,64,"64",6,6,0.1935483870967742,0.1935483870967742,8.37,-0.8233,13
"month","2024-05","loto",31,66,"66",6,6,0.1935483870967742,0.1935483870967742,8.37,-0.8233,13
"month","2024-05","loto",31,79,"79",6,6,0.1935483870967742,0.1935483870967742,8.37,-0.8233,13
"month","2024-05","loto",31,86,"86",6,6,0.1935483870967742,0.1935483870967742,8.37,-0.8233,13
"month","2024-05","loto",31,87,"87",6,6,0.1935483870967742,0.1935483870967742,8.37,-0.8233,13
"month","2024-05","loto",31,93,"93",6,6,0.1935483870967742,0.1935483870967742,8.37,-0.8233,13
"month","2024-05","loto",31,97,"97",6,6,0.1935483870967742,0.1935483870967742,8.37,-0.8233,13
"month","2024-05","loto",31,36,"36",5,5,0.16129032258064516,0.16129032258064516,8.37,-1.1707,14
"month","2024-05","loto",31,38,"38",5,5,0.16129032258064516,0.16129032258064516,8.37,-1.1707,14
"month","2024-05","loto",31,83,"83",5,4,0.12903225806451613,0.16129032258064516,8.37,-1.1707,14
"month","2024-05","loto",31,91,"91",5,5,0.16129032258064516,0.16129032258064516,8.37,-1.1707,14
"month","2024-05","loto",31,23,"23",4,3,0.0967741935483871,0.12903225806451613,8.37,-1.5181,15
"month","2024-05","loto",31,54,"54",4,3,0.0967741935483871,0.12903225806451613,8.37,-1.5181,15
"month","2024-05","loto",31,74,"74",4,4,0.12903225806451613,0.12903225806451613,8.37,-1.5181,15
"month","2024-05","loto",31,84,"84",4,4,0.12903225806451613,0.12903225806451613,8.37,-1.5181,15
"month","2024-05","loto",31,13,"13",3,3,0.0967741935483871,0.0967741935483871,8.37,-1.8655,16
"month","2024-05","loto",31,16,"16",3,3,0.0967741935483871,0.0967741935483871,8.37,-1.8655,16
"month","2024-05","loto",31,42,"42",3,3,0.0967741935483871,0.0967741935483871,8.37,-1.8655,16
"month","2024-05","loto",31,51,"51",3,3,0.0967741935483871,0.0967741935483871,8.37,-1.8655,16
"month","2024-06","loto",30,66,"66",18,15,0.5,0.6,8.1,3.496,1
"month","2024-06","loto",30,59,"59",16,13,0.43333333333333335,0.5333333333333333,8.1,2.7898,2
"month","2024-06","loto",30,32,"32",14,12,0.4,0.4666666666666667,8.1,2.0835,3
"month","2024-06","loto",30,96,"96",14,13,0.43333333333333335,0.4666666666666667,8.1,2.0835,3
"month","2024-06","loto",30,23,"23",12,9,0.3,0.4,8.1,1.3772,4
"month","2024-06","loto",30,29,"29",12,11,0.36666666666666664,0.4,8.1,1.3772,4
"month","2024-06","loto",30,45,"45",12,11,0.36666666666666664,0.4,8.1,1.3772,4
"month","2024-06","loto",30,79,"79",12,11,0.36666666666666664,0.4,8.1,1.3772,4
"month","2024-06","loto",30,89,"89",12,9,0.3,0.4,8.1,1.3772,4
"month","2024-06","loto",30,4,"04",11,10,0.3333333333333333,0.36666666666666664,8.1,1.0241,5
"month","2024-06","loto",30,16,"16",11,9,0.3,0.36666666666666664,8.1,1.0241,5
"month","2024-06","loto",30,41,"41",11,9,0.3,0.36666666666666664,8.1,1.0241,5
"month","2024-06","loto",30,49,"49",11,11,0.36666666666666664,0.36666666666666664,8.1,1.0241,5
"month","2024-06","loto",30,61,"61",11,9,0.3,0.36666666666666664,8.1,1.0241,5
"month","2024-06","loto",30,1,"01",10,9,0.3,0.3333333333333333,8.1,0.671,6
"month","2024-06","loto",30,6,"06",10,10,0.3333333333333333,0.3333333333333333,8.1,0.671,6
"month","2024-06","loto",30,9,"09",10,10,0.3333333333333333,0.3333333333333333,8.1,0.671,6
"month","2024-06","loto",30,10,"10",10,8,0.26666666666666666,0.3333333333333333,8.1,0.671,6
"month","2024-06","loto",30,25,"25",10,8,0.26666666666666666,0.3333333333333333,8.1,0.671,6
"month","2024-06","loto",30,33,"33",10,10,0.3333333333333333,0.3333333333333333,8.1,0.671,6
"month","2024-06","loto",30,37,"37",10,10,0.3333333333333333,0.3333333333333333,8.1,0.671,6
"month","2024-06","loto",30,42,"42",10,9,0.3,0.3333333333333333,8.1,0.671,6
"month","2024-06","loto",30,46,"46",10,9,0.3,0.3333333333333333,8.1,0.671,6
"month","2024-06","loto",30,50,"50",10,9,0.3,0.3333333333333333,8.1,0.671,6
"month","2024-06","loto",30,70,"70",10,8,0.26666666666666666,0.3333333333333333,8.1,0.671,6
"month","2024-06","loto",30,78,"78",10,9,0.3,0.3333333333333333,8.1,0.671,6
"month","2024-06","loto",30,80,"80",10,8,0.26666666666666666,0.3333333333333333,8.1,0.671,6
"month","2024-06","loto",30,82,"82",10,9,0.3,0.3333333333333333,8.1,0.671,6
"month","2024-06","loto",30,83,"83",10,9,0.3,0.3333333333333333,8.1,0.671,6
"month","2024-06","loto",30,90,"90",10,10,0.3333333333333333,0.3333333333333333,8.1,0.671,6
"month","2024-06","loto",30,92,"92",10,10,0.3333333333333333,0.3333333333333333,8.1,0.671,6
"month","2024-06","loto",30,98,"98",10,9,0.3,0.3333333333333333,8.1,0.671,6
"month","2024-06","loto",30,12,"12",9,9,0.3,0.3,8.1,0.3178,7
"month","2024-06","loto",30,19,"19",9,7,0.23333333333333334,0.3,8.1,0.3178,7
"month","2024-06","loto",30,44,"44",9,8,0.26666666666666666,0.3,8.1,0.3178,7
"month","2024-06","loto",30,55,"55",9,8,0.26666666666666666,0.3,8.1,0.3178,7
"month","2024-06","loto",30,56,"56",9,9,0.3,0.3,8.1,0.3178,7
"month","2024-06","loto",30,65,"65",9,8,0.26666666666666666,0.3,8.1,0.3178,7
"month","2024-06","loto",30,76,"76",9,9,0.3,0.3,8.1,0.3178,7
"month","2024-06","loto",30,81,"81",9,8,0.26666666666666666,0.3,8.1,0.3178,7
"month","2024-06","loto",30,84,"84",9,9,0.3,0.3,8.1,0.3178,7
"month","2024-06","loto",30,95,"95",9,8,0.26666666666666666,0.3,8.1,0.3178,7
"month","2024-06","loto",30,2,"02",8,7,0.23333333333333334,0.26666666666666666,8.1,-0.0353,8
"month","2024-06","loto",30,3,"03",8,8,0.26666666666666666,0.26666666666666666,8.1,-0.0353,8
"month","2024-06","loto",30,11,"11",8,7,0.23333333333333334,0.26666666666666666,8.1,-0.0353,8
"month","2024-06","loto",30,14,"14",8,8,0.26666666666666666,0.26666666666666666,8.1,-0.0353,8
"month","2024-06","loto",30,15,"15",8,6,0.2,0.26666666666666666,8.1,-0.0353,8
"month","2024-06","loto",30,17,"17",8,6,0.2,0.26666666666666666,8.1,-0.0353,8
"month","2024-06","loto",30,21,"21",8,6,0.2,0.26666666666666666,8.1,-0.0353,8
"month","2024-06","loto",30,22,"22",8,7,0.23333333333333334,0.26666666666666666,8.1,-0.0353,8
"month","2024-06","loto",30,26,"26",8,7,0.23333333333333334,0.26666666666666666,8.1,-0.0353,8
"month","2024-06","loto",30,39,"39",8,8,0.26666666666666666,0.26666666666666666,8.1,-0.0353,8
"month","2024-06","loto",30,53,"53",8,7,0.23333333333333334,0.26666666666666666,8.1,-0.0353,8
"month","2024-06","loto",30,63,"63",8,6,0.2,0.26666666666666666,8.1,-0.0353,8
"month","2024-06","loto",30,64,"64",8,8,0.26666666666666666,0.26666666666666666,8.1,-0.0353,8
"month","2024-06","loto",30,69,"69",8,5,0.16666666666666666,0.26666666666666666,8.1,-0.0353,8
"month","2024-06","loto",30,74,"74",8,6,0.2,0.26666666666666666,8.1,-0.0353,8
"month","2024-06","loto",30,7,"07",7,6,0.2,0.23333333333333334,8.1,-0.3884,9
"month","2024-06","loto",30,13,"13",7,7,0.23333333333333334,0.23333333333333334,8.1,-0.3884,9
"month","2024-06","loto",30,18,"18",7,6,0.2,0.23333333333333334,8.1,-0.3884,9
"month","2024-06","loto",30,20,"20",7,7,0.23333333333333334,0.23333333333333334,8.1,-0.3884,9
"month","2024-06","loto",30,24,"24",7,7,0.23333333333333334,0.23333333333333334,8.1,-0.3884,9
"month","2024-06","loto",30,40,"40",7,6,0.2,0.23333333333333334,8.1,-0.3884,9
"month","2024-06","loto",30,43,"43",7,7,0.23333333333333334,0.23333333333333334,8.1,-0.3884,9
"month","2024-06","loto",30,48,"48",7,6,0.2,0.23333333333333334,8.1,-0.3884,9
"month","2024-06","loto",30,54,"54",7,6,0.2,0.23333333333333334,8.1,-0.3884,9
"month","2024-06","loto",30,57,"57",7,6,0.2,0.23333333333333334,8.1,-0.3884,9
"month","2024-06","loto",30,68,"68",7,7,0.23333333333333334,0.23333333333333334,8.1,-0.3884,9
"month","2024-06","loto",30,72,"72",7,6,0.2,0.23333333333333334,8.1,-0.3884,9
"month","2024-06","loto",30,75,"75",7,6,0.2,0.23333333333333334,8.1,-0.3884,9
"month","2024-06","loto",30,77,"77",7,7,0.23333333333333334,0.23333333333333334,8.1,-0.3884,9
"month","2024-06","loto",30,0,"00",6,5,0.16666666666666666,0.2,8.1,-0.7416,10
"month","2024-06","loto",30,36,"36",6,6,0.2,0.2,8.1,-0.7416,10
"month","2024-06","loto",30,47,"47",6,6,0.2,0.2,8.1,-0.7416,10
"month","2024-06","loto",30,58,"58",6,6,0.2,0.2,8.1,-0.7416,10
"month","2024-06","loto",30,67,"67",6,6,0.2,0.2,8.1,-0.7416,10
"month","2024-06","loto",30,71,"71",6,6,0.2,0.2,8.1,-0.7416,10
"month","2024-06","loto",30,85,"85",6,6,0.2,0.2,8.1,-0.7416,10
"month","2024-06","loto",30,94,"94",6,5,0.16666666666666666,0.2,8.1,-0.7416,10
"month","2024-06","loto",30,99,"99",6,6,0.2,0.2,8.1,-0.7416,10
"month","2024-06","loto",30,8,"08",5,4,0.13333333333333333,0.16666666666666666,8.1,-1.0947,11
"month","2024-06","loto",30,27,"27",5,4,0.13333333333333333,0.16666666666666666,8.1,-1.0947,11
"month","2024-06","loto",30,28,"28",5,4,0.13333333333333333,0.16666666666666666,8.1,-1.0947,11
"month","2024-06","loto",30,30,"30",5,5,0.16666666666666666,0.16666666666666666,8.1,-1.0947,11
"month","2024-06","loto",30,35,"35",5,5,0.16666666666666666,0.16666666666666666,8.1,-1.0947,11
"month","2024-06","loto",30,52,"52",5,5,0.16666666666666666,0.16666666666666666,8.1,-1.0947,11
"month","2024-06","loto",30,62,"62",5,5,0.16666666666666666,0.16666666666666666,8.1,-1.0947,11
"month","2024-06","loto",30,73,"73",5,4,0.13333333333333333,0.16666666666666666,8.1,-1.0947,11
"month","2024-06","loto",30,86,"86",5,5,0.16666666666666666,0.16666666666666666,8.1,-1.0947,11
"month","2024-06","loto",30,87,"87",5,4,0.13333333333333333,0.16666666666666666,8.1,-1.0947,11
"month","2024-06","loto",30,91,"91",5,5,0.16666666666666666,0.16666666666666666,8.1,-1.0947,11
"month","2024-06","loto",30,93,"93",5,4,0.13333333333333333,0.16666666666666666,8.1,-1.0947,11
"month","2024-06","loto",30,97,"97",5,5,0.16666666666666666,0.16666666666666666,8.1,-1.0947,11
"month","2024-06","loto",30,5,"05",4,4,0.13333333333333333,0.13333333333333333,8.1,-1.4479,12
"month","2024-06","loto",30,34,"34",4,3,0.1,0.13333333333333333,8.1,-1.4479,12
"month","2024-06","loto",30,38,"38",4,4,0.13333333333333333,0.13333333333333333,8.1,-1.4479,12
"month","2024-06","loto",30,51,"51",4,4,0.13333333333333333,0.13333333333333333,8.1,-1.4479,12
"month","2024-06","loto",30,60,"60",4,4,0.13333333333333333,0.13333333333333333,8.1,-1.4479,12
"month","2024-06","loto",30,31,"31",3,3,0.1,0.1,8.1,-1.801,13
"month","2024-06","loto",30,88,"88",3,3,0.1,0.1,8.1,-1.801,13
"month","2024-07","loto",31,89,"89",18,14,0.45161290322580644,0.5806451612903226,8.37,3.3454,1
"month","2024-07","loto",31,22,"22",16,15,0.4838709677419355,0.5161290322580645,8.37,2.6506,2
"month","2024-07","loto",31,59,"59",16,12,0.3870967741935484,0.5161290322580645,8.37,2.6506,2
"month","2024-07","loto",31,66,"66",15,12,0.3870967741935484,0.4838709677419355,8.37,2.3032,3
"month","2024-07","loto",31,76,"76",15,11,0.3548387096774194,0.4838709677419355,8.37,2.3032,3
"month","2024-07","loto",31,16,"16",14,12,0.3870967741935484,0.45161290322580644,8.37,1.9558,4
"month","2024-07","loto",31,21,"21",14,11,0.3548387096774194,0.45161290322580644,8.37,1.9558,4
"month","2024-07","loto",31,39,"39",14,12,0.3870967741935484,0.45161290322580644,8.37,1.9558,4
"month","2024-07","loto",31,52,"52",14,11,0.3548387096774194,0.45161290322580644,8.37,1.9558,4
"month","2024-07","loto",31,73,"73",14,13,0.41935483870967744,0.45161290322580644,8.37,1.9558,4
"month","2024-07","loto",31,20,"20",13,11,0.3548387096774194,0.41935483870967744,8.37,1.6084,5
"month","2024-07","loto",31,72,"72",13,11,0.3548387096774194,0.41935483870967744,8.37,1.6084,5
"month","2024-07","loto",31,92,"92",13,10,0.3225806451612903,0.41935483870967744,8.37,1.6084,5
"month","2024-07","loto",31,99,"99",13,13,0.41935483870967744,0.41935483870967744,8.37,1.6084,5
"month","2024-07","loto",31,32,"32",12,10,0.3225806451612903,0.3870967741935484,8.37,1.261,6
"month","2024-07","loto",31,36,"36",12,12,0.3870967741935484,0.3870967741935484,8.37,1.261,6
"month","2024-07","loto",31,94,"94",12,11,0.3548387096774194,0.3870967741935484,8.37,1.261,6
"month","2024-07","loto",31,96,"96",12,10,0.3225806451612903,0.3870967741935484,8.37,1.261,6
"month","2024-07","loto",31,7,"07",11,10,0.3225806451612903,0.3548387096774194,8.37,0.9136,7
"month","2024-07","loto",31,23,"23",11,9,0.2903225806451613,0.3548387096774194,8.37,0.9136,7
"month","2024-07","loto",31,45,"45",11,11,0.3548387096774194,0.3548387096774194,8.37,0.9136,7
"month","2024-07","loto",31,48,"48",11,9,0.2903225806451613,0.3548387096774194,8.37,0.9136,7
"month","2024-07","loto",31,63,"63",11,8,0.25806451612903225,0.3548387096774194,8.37,0.9136,7
"month","2024-07","loto",31,97,"97",11,11,0.3548387096774194,0.3548387096774194,8.37,0.9136,7
"month","2024-07","loto",31,2,"02",10,9,0.2903225806451613,0.3225806451612903,8.37,0.5662,8
"month","2024-07","loto",31,11,"11",10,8,0.25806451612903225,0.3225806451612903,8.37,0.5662,8
"month","2024-07","loto",31,13,"13",10,8,0.25806451612903225,0.3225806451612903,8.37,0.5662,8
"month","2024-07","loto",31,18,"18",10,9,0.2903225806451613,0.3225806451612903,8.37,0.5662,8
"month","2024-07","loto",31,26,"26",10,9,0.2903225806451613,0.3225806451612903,8.37,0.5662,8
"month","2024-07","loto",31,28,"28",10,9,0.2903225806451613,0.3225806451612903,8.37,0.5662,8
"month","2024-07","loto",31,81,"81",10,9,0.2903225806451613,0.3225806451612903,8.37,0.5662,8
"month","2024-07","loto",31,1,"01",9,9,0.2903225806451613,0.2903225806451613,8.37,0.2189,9
"month","2024-07","loto",31,3,"03",9,8,0.25806451612903225,0.2903225806451613,8.37,0.2189,9
"month","2024-07","loto",31,6,"06",9,8,0.25806451612903225,0.2903225806451613,8.37,0.2189,9
"month","2024-07","loto",31,12,"12",9,8,0.25806451612903225,0.2903225806451613,8.37,0.2189,9
"month","2024-07","loto",31,14,"14",9,9,0.2903225806451613,0.2903225806451613,8.37,0.2189,9
"month","2024-07","loto",31,29,"29",9,8,0.25806451612903225,0.2903225806451613,8.37,0.2189,9
"month","2024-07","loto",31,33,"33",9,6,0.1935483870967742,0.2903225806451613,8.37,0.2189,9
"month","2024-07","loto",31,41,"41",9,7,0.22580645161290322,0.2903225806451613,8.37,0.2189,9
"month","2024-07","loto",31,55,"55",9,8,0.25806451612903225,0.2903225806451613,8.37,0.2189,9
"month","2024-07","loto",31,60,"60",9,9,0.2903225806451613,0.2903225806451613,8.37,0.2189,9
"month","2024-07","loto",31,65,"65",9,8,0.25806451612903225,0.2903225806451613,8.37,0.2189,9
"month","2024-07","loto",31,67,"67",9,9,0.2903225806451613,0.2903225806451613,8.37,0.2189,9
"month","2024-07","loto",31,70,"70",9,9,0.2903225806451613,0.2903225806451613,8.37,0.2189,9
"month","2024-07","loto",31,78,"78",9,9,0.2903225806451613,0.2903225806451613,8.37,0.2189,9
"month","2024-07","loto",31,80,"80",9,8,0.25806451612903225,0.2903225806451613,8.37,0.2189,9
"month","2024-07","loto",31,86,"86",9,8,0.25806451612903225,0.2903225806451613,8.37,0.2189,9
"month","2024-07","loto",31,0,"00",8,8,0.25806451612903225,0.25806451612903225,8.37,-0.1285,10
"month","2024-07","loto",31,24,"24",8,7,0.22580645161290322,0.25806451612903225,8.37,-0.1285,10
"month","2024-07","loto",31,31,"31",8,6,0.1935483870967742,0.25806451612903225,8.37,-0.1285,10
"month","2024-07","loto",31,35,"35",8,8,0.25806451612903225,0.25806451612903225,8.37,-0.1285,10
"month","2024-07","loto",31,40,"40",8,8,0.25806451612903225,0.25806451612903225,8.37,-0.1285,10
"month","2024-07","loto",31,49,"49",8,8,0.25806451612903225,0.25806451612903225,8.37,-0.1285,10
"month","2024-07","loto",31,53,"53",8,7,0.22580645161290322,0.25806451612903225,8.37,-0.1285,10
"month","2024-07","loto",31,69,"69",8,8,0.25806451612903225,0.25806451612903225,8.37,-0.1285,10
"month","2024-07","loto",31,74,"74",8,8,0.25806451612903225,0.25806451612903225,8.37,-0.1285,10
"month","2024-07","loto",31,77,"77",8,8,0.25806451612903225,0.25806451612903225,8.37,-0.1285,10
"month","2024-07","loto",31,90,"90",8,8,0.25806451612903225,0.25806451612903225,8.37,-0.1285,10
"month","2024-07","loto",31,15,"15",7,6,0.1935483870967742,0.22580645161290322,8.37,-0.4759,11
"month","2024-07","loto",31,19,"19",7,6,0.1935483870967742,0.22580645161290322,8.37,-0.4759,11
"month","2024-07","loto",31,25,"25",7,6,0.1935483870967742,0.22580645161290322,8.37,-0.4759,11
"month","2024-07","loto",31,37,"37",7,7,0.22580645161290322,0.22580645161290322,8.37,-0.4759,11
"month","2024-07","loto",31,46,"46",7,7,0.22580645161290322,0.22580645161290322,8.37,-0.4759,11
"month","2024-07","loto",31,47,"47",7,6,0.1935483870967742,0.22580645161290322,8.37,-0.4759,11
"month","2024-07","loto",31,68,"68",7,7,0.22580645161290322,0.22580645161290322,8.37,-0.4759,11
"month","2024-07","loto",31,79,"79",7,6,0.1935483870967742,0.22580645161290322,8.37,-0.4759,11
"month","2024-07","loto",31,82,"82",7,4,0.12903225806451613,0.22580645161290322,8.37,-0.4759,11
"month","2024-07","loto",31,84,"84",7,6,0.1935483870967742,0.22580645161290322,8.37,-0.4759,11
"month","2024-07","loto",31,27,"27",6,6,0.1935483870967742,0.1935483870967742,8.37,-0.8233,12
"month","2024-07","loto",31,30,"30",6,5,0.16129032258064516,0.1935483870967742,8.37,-0.8233,12
"month","2024-07","loto",31,38,"38",6,6,0.1935483870967742,0.1935483870967742,8.37,-0.8233,12
"month","2024-07","loto",31,43,"43",6,5,0.16129032258064516,0.1935483870967742,8.37,-0.8233,12
"month","2024-07","loto",31,44,"44",6,6,0.1935483870967742,0.1935483870967742,8.37,-0.8233,12
"month","2024-07","loto",31,54,"54",6,4,0.12903225806451613,0.1935483870967742,8.37,-0.8233,12
"month","2024-07","loto",31,56,"56",6,6,0.1935483870967742,0.1935483870967742,8.37,-0.8233,12
"month","2024-07","loto",31,57,"57",6,6,0.1935483870967742,0.1935483870967742,8.37,-0.8233,12
"month","2024-07","loto",31,64,"64",6,5,0.16129032258064516,0.1935483870967742,8.37,-0.8233,12
"month","2024-07","loto",31,85,"85",6,5,0.16129032258064516,0.1935483870967742,8.37,-0.8233,12
"month","2024-07","loto",31,98,"98",6,6,0.1935483870967742,0.1935483870967742,8.37,-0.8233,12
"month","2024-07","loto",31,4,"04",5,4,0.12903225806451613,0.16129032258064516,8.37,-1.1707,13
"month","2024-07","loto",31,5,"05",5,5,0.16129032258064516,0.16129032258064516,8.37,-1.1707,13
"month","2024-07","loto",31,9,"09",5,4,0.12903225806451613,0.16129032258064516,8.37,-1.1707,13
"month","2024-07","loto",31,42,"42",5,5,0.16129032258064516,0.16129032258064516,8.37,-1.1707,13
"month","2024-07","loto",31,62,"62",5,5,0.16129032258064516,0.16129032258064516,8.37,-1.1707,13
"month","2024-07","loto",31,83,"83",5,5,0.16129032258064516,0.16129032258064516,8.37,-1.1707,13
"month","2024-07","loto",31,88,"88",5,5,0.16129032258064516,0.16129032258064516,8.37,-1.1707,13
"month","2024-07","loto",31,8,"08",4,4,0.12903225806451613,0.12903225806451613,8.37,-1.5181,14
"month","2024-07","loto",31,50,"50",4,4,0.12903225806451613,0.12903225806451613,8.37,-1.5181,14
"month","2024-07","loto",31,51,"51",4,4,0.12903225806451613,0.12903225806451613,8.37,-1.5181,14
"month","2024-07","loto",31,87,"87",4,4,0.12903225806451613,0.12903225806451613,8.37,-1.5181,14
"month","2024-07","loto",31,91,"91",4,4,0.12903225806451613,0.12903225806451613,8.37,-1.5181,14
"month","2024-07","loto",31,95,"95",4,4,0.12903225806451613,0.12903225806451613,8.37,-1.5181,14
"month","2024-07","loto",31,10,"10",3,3,0.0967741935483871,0.0967741935483871,8.37,-1.8655,15
"month","2024-07","loto",31,17,"17",3,3,0.0967741935483871,0.0967741935483871,8.37,-1.8655,15
"month","2024-07","loto",31,34,"34",3,3,0.0967741935483871,0.0967741935483871,8.37,-1.8655,15
"month","2024-07","loto",31,58,"58",3,3,0.0967741935483871,0.0967741935483871,8.37,-1.8655,15
"month","2024-07","loto",31,61,"61",3,3,0.0967741935483871,0.0967741935483871,8.37,-1.8655,15
"month","2024-07","loto",31,71,"71",3,3,0.0967741935483871,0.0967741935483871,8.37,-1.8655,15
"month","2024-07","loto",31,75,"75",3,3,0.0967741935483871,0.0967741935483871,8.37,-1.8655,15
"month","2024-07","loto",31,93,"93",3,3,0.0967741935483871,0.0967741935483871,8.37,-1.8655,15
"month","2024-08","loto",31,13,"13",15,14,0.45161290322580644,0.4838709677419355,8.37,2.3032,1
"month","2024-08","loto",31,72,"72",14,12,0.3870967741935484,0.45161290322580644,8.37,1.9558,2
"month","2024-08","loto",31,14,"14",13,12,0.3870967741935484,0.41935483870967744,8.37,1.6084,3
"month","2024-08","loto",31,15,"15",13,11,0.3548387096774194,0.41935483870967744,8.37,1.6084,3
"month","2024-08","loto",31,23,"23",13,12,0.3870967741935484,0.41935483870967744,8.37,1.6084,3
"month","2024-08","loto",31,46,"46",13,10,0.3225806451612903,0.41935483870967744,8.37,1.6084,3
"month","2024-08","loto",31,49,"49",13,13,0.41935483870967744,0.41935483870967744,8.37,1.6084,3
"month","2024-08","loto",31,4,"04",12,10,0.3225806451612903,0.3870967741935484,8.37,1.261,4
"month","2024-08","loto",31,7,"07",12,11,0.3548387096774194,0.3870967741935484,8.37,1.261,4
"month","2024-08","loto",31,17,"17",12,8,0.25806451612903225,0.3870967741935484,8.37,1.261,4
"month","2024-08","loto",31,29,"29",12,10,0.3225806451612903,0.3870967741935484,8.37,1.261,4
"month","2024-08","loto",31,37,"37",12,8,0.25806451612903225,0.3870967741935484,8.37,1.261,4
"month","2024-08","loto",31,39,"39",12,9,0.2903225806451613,0.3870967741935484,8.37,1.261,4
"month","2024-08","loto",31,62,"62",12,9,0.2903225806451613,0.3870967741935484,8.37,1.261,4
"month","2024-08","loto",31,96,"96",12,10,0.3225806451612903,0.3870967741935484,8.37,1.261,4
"month","2024-08","loto",31,97,"97",12,11,0.3548387096774194,0.3870967741935484,8.37,1.261,4
"month","2024-08","loto",31,9,"09",11,8,0.25806451612903225,0.3548387096774194,8.37,0.9136,5
"month","2024-08","loto",31,21,"21",11,10,0.3225806451612903,0.3548387096774194,8.37,0.9136,5
"month","2024-08","loto",31,32,"32",11,10,0.3225806451612903,0.3548387096774194,8.37,0.9136,5
"month","2024-08","loto",31,36,"36",11,10,0.3225806451612903,0.3548387096774194,8.37,0.9136,5
"month","2024-08","loto",31,80,"80",11,9,0.2903225806451613,0.3548387096774194,8.37,0.9136,5
"month","2024-08","loto",31,83,"83",11,8,0.25806451612903225,0.3548387096774194,8.37,0.9136,5
"month","2024-08","loto",31,0,"00",10,7,0.22580645161290322,0.3225806451612903,8.37,0.5662,6
"month","2024-08","loto",31,6,"06",10,9,0.2903225806451613,0.3225806451612903,8.37,0.5662,6
"month","2024-08","loto",31,10,"10",10,9,0.2903225806451613,0.3225806451612903,8.37,0.5662,6
"month","2024-08","loto",31,12,"12",10,10,0.3225806451612903,0.3225806451612903,8.37,0.5662,6
"month","2024-08","loto",31,22,"22",10,9,0.2903225806451613,0.3225806451612903,8.37,0.5662,6
"month","2024-08","loto",31,27,"27",10,9,0.2903225806451613,0.3225806451612903,8.37,0.5662,6
"month","2024-08","loto",31,48,"48",10,9,0.2903225806451613,0.3225806451612903,8.37,0.5662,6
"month","2024-08","loto",31,71,"71",10,8,0.25806451612903225,0.3225806451612903,8.37,0.5662,6
"month","2024-08","loto",31,74,"74",10,9,0.2903225806451613,0.3225806451612903,8.37,0.5662,6
"month","2024-08","loto",31,76,"76",10,10,0.3225806451612903,0.3225806451612903,8.37,0.5662,6
"month","2024-08","loto",31,82,"82",10,10,0.3225806451612903,0.3225806451612903,8.37,0.5662,6
"month","2024-08","loto",31,19,"19",9,7,0.22580645161290322,0.2903225806451613,8.37,0.2189,7
"month","2024-08","loto",31,26,"26",9,8,0.25806451612903225,0.2903225806451613,8.37,0.2189,7
"month","2024-08","loto",31,33,"33",9,7,0.22580645161290322,0.2903225806451613,8.37,0.2189,7
"month","2024-08","loto",31,34,"34",9,9,0.2903225806451613,0.2903225806451613,8.37,0.2189,7
"month","2024-08","loto",31,41,"41",9,8,0.25806451612903225,0.2903225806451613,8.37,0.2189,7
"month","2024-08","loto",31,42,"42",9,9,0.2903225806451613,0.2903225806451613,8.37,0.2189,7
"month","2024-08","loto",31,52,"52",9,8,0.25806451612903225,0.2903225806451613,8.37,0.2189,7
"month","2024-08","loto",31,65,"65",9,8,0.25806451612903225,0.2903225806451613,8.37,0.2189,7
"month","2024-08","loto",31,68,"68",9,8,0.25806451612903225,0.2903225806451613,8.37,0.2189,7
"month","2024-08","loto",31,78,"78",9,8,0.25806451612903225,0.2903225806451613,8.37,0.2189,7
"month","2024-08","loto",31,86,"86",9,7,0.22580645161290322,0.2903225806451613,8.37,0.2189,7
"month","2024-08","loto",31,90,"90",9,9,0.2903225806451613,0.2903225806451613,8.37,0.2189,7
"month","2024-08","loto",31,93,"93",9,8,0.25806451612903225,0.2903225806451613,8.37,0.2189,7
"month","2024-08","loto",31,3,"03",8,8,0.25806451612903225,0.25806451612903225,8.37,-0.1285,8
"month","2024-08","loto",31,8,"08",8,8,0.25806451612903225,0.25806451612903225,8.37,-0.1285,8
"month","2024-08","loto",31,11,"11",8,8,0.25806451612903225,0.25806451612903225,8.37,-0.1285,8
"month","2024-08","loto",31,20,"20",8,8,0.25806451612903225,0.25806451612903225,8.37,-0.1285,8
"month","2024-08","loto",31,24,"24",8,8,0.25806451612903225,0.25806451612903225,8.37,-0.1285,8
"month","2024-08","loto",31,35,"35",8,7,0.22580645161290322,0.25806451612903225,8.37,-0.1285,8
"month","2024-08","loto",31,38,"38",8,6,0.1935483870967742,0.25806451612903225,8.37,-0.1285,8
"month","2024-08","loto",31,43,"43",8,8,0.25806451612903225,0.25806451612903225,8.37,-0.1285,8
"month","2024-08","loto",31,44,"44",8,6,0.1935483870967742,0.25806451612903225,8.37,-0.1285,8
"month","2024-08","loto",31,56,"56",8,7,0.22580645161290322,0.25806451612903225,8.37,-0.1285,8
"month","2024-08","loto",31,57,"57",8,6,0.1935483870967742,0.25806451612903225,8.37,-0.1285,8
"month","2024-08","loto",31,58,"58",8,7,0.22580645161290322,0.25806451612903225,8.37,-0.1285,8
"month","2024-08","loto",31,63,"63",8,8,0.25806451612903225,0.25806451612903225,8.37,-0.1285,8
"month","2024-08","loto",31,67,"67",8,8,0.25806451612903225,0.25806451612903225,8.37,-0.1285,8
"month","2024-08","loto",31,70,"70",8,8,0.25806451612903225,0.25806451612903225,8.37,-0.1285,8
"month","2024-08","loto",31,85,"85",8,7,0.22580645161290322,0.25806451612903225,8.37,-0.1285,8
"month","2024-08","loto",31,92,"92",8,7,0.22580645161290322,0.25806451612903225,8.37,-0.1285,8
"month","2024-08","loto",31,16,"16",7,7,0.22580645161290322,0.22580645161290322,8.37,-0.4759,9
"month","2024-08","loto",31,25,"25",7,6,0.1935483870967742,0.22580645161290322,8.37,-0.4759,9
"month","2024-08","loto",31,45,"45",7,7,0.22580645161290322,0.22580645161290322,8.37,-0.4759,9
"month","2024-08","loto",31,54,"54",7,6,0.1935483870967742,0.22580645161290322,8.37,-0.4759,9
"month","2024-08","loto",31,59,"59",7,6,0.1935483870967742,0.22580645161290322,8.37,-0.4759,9
"month","2024-08","loto",31,77,"77",7,6,0.1935483870967742,0.22580645161290322,8.37,-0.4759,9
"month","2024-08","loto",31,81,"81",7,7,0.22580645161290322,0.22580645161290322,8.37,-0.4759,9
"month","2024-08","loto",31,88,"88",7,7,0.22580645161290322,0.22580645161290322,8.37,-0.4759,9
"month","2024-08","loto",31,91,"91",7,7,0.22580645161290322,0.22580645161290322,8.37,-0.4759,9
"month","2024-08","loto",31,94,"94",7,7,0.22580645161290322,0.22580645161290322,8.37,-0.4759,9
"month","2024-08","loto",31,1,"01",6,5,0.16129032258064516,0.1935483870967742,8.37,-0.8233,10
"month","2024-08","loto",31,2,"02",6,4,0.12903225806451613,0.1935483870967742,8.37,-0.8233,10
"month","2024-08","loto",31,18,"18",6,5,0.16129032258064516,0.1935483870967742,8.37,-0.8233,10
"month","2024-08","loto",31,31,"31",6,5,0.16129032258064516,0.1935483870967742,8.37,-0.8233,10
"month","2024-08","loto",31,40,"40",6,6,0.1935483870967742,0.1935483870967742,8.37,-0.8233,10
"month","2024-08","loto",31,50,"50",6,5,0.16129032258064516,0.1935483870967742,8.37,-0.8233,10
"month","2024-08","loto",31,51,"51",6,6,0.1935483870967742,0.1935483870967742,8.37,-0.8233,10
"month","2024-08","loto",31,61,"61",6,5,0.16129032258064516,0.1935483870967742,8.37,-0.8233,10
"month","2024-08","loto",31,64,"64",6,5,0.16129032258064516,0.1935483870967742,8.37,-0.8233,10
"month","2024-08","loto",31,66,"66",6,6,0.1935483870967742,0.1935483870967742,8.37,-0.8233,10
"month","2024-08","loto",31,69,"69",6,6,0.1935483870967742,0.1935483870967742,8.37,-0.8233,10
"month","2024-08","loto",31,84,"84",6,6,0.1935483870967742,0.1935483870967742,8.37,-0.8233,10
"month","2024-08","loto",31,89,"89",6,6,0.1935483870967742,0.1935483870967742,8.37,-0.8233,10
"month","2024-08","loto",31,47,"47",5,5,0.16129032258064516,0.16129032258064516,8.37,-1.1707,11
"month","2024-08","loto",31,55,"55",5,5,0.16129032258064516,0.16129032258064516,8.37,-1.1707,11
"month","2024-08","loto",31,73,"73",5,5,0.16129032258064516,0.16129032258064516,8.37,-1.1707,11
"month","2024-08","loto",31,75,"75",5,5,0.16129032258064516,0.16129032258064516,8.37,-1.1707,11
"month","2024-08","loto",31,98,"98",5,5,0.16129032258064516,0.16129032258064516,8.37,-1.1707,11
"month","2024-08","loto",31,5,"05",4,4,0.12903225806451613,0.12903225806451613,8.37,-1.5181,12
"month","2024-08","loto",31,30,"30",4,3,0.0967741935483871,0.12903225806451613,8.37,-1.5181,12
"month","2024-08","loto",31,53,"53",4,4,0.12903225806451613,0.12903225806451613,8.37,-1.5181,12
"month","2024-08","loto",31,79,"79",4,4,0.12903225806451613,0.12903225806451613,8.37,-1.5181,12
"month","2024-08","loto",31,87,"87",4,4,0.12903225806451613,0.12903225806451613,8.37,-1.5181,12
"month","2024-08","loto",31,95,"95",4,4,0.12903225806451613,0.12903225806451613,8.37,-1.5181,12
"month","2024-08","loto",31,28,"28",3,3,0.0967741935483871,0.0967741935483871,8.37,-1.8655,13
"month","2024-08","loto",31,60,"60",3,3,0.0967741935483871,0.0967741935483871,8.37,-1.8655,13
"month","2024-08","loto",31,99,"99",3,3,0.0967741935483871,0.0967741935483871,8.37,-1.8655,13
"month","2024-09","loto",30,69,"69",19,15,0.5,0.6333333333333333,8.1,3.8492,1
"month","2024-09","loto",30,11,"11",18,14,0.4666666666666667,0.6,8.1,3.496,2
"month","2024-09","loto",30,22,"22",15,11,0.36666666666666664,0.5,8.1,2.4366,3
"month","2024-09","loto",30,86,"86",14,9,0.3,0.4666666666666667,8.1,2.0835,4
"month","2024-09","loto",30,19,"19",13,8,0.26666666666666666,0.43333333333333335,8.1,1.7304,5
"month","2024-09","loto",30,36,"36",13,9,0.3,0.43333333333333335,8.1,1.7304,5
"month","2024-09","loto",30,54,"54",13,10,0.3333333333333333,0.43333333333333335,8.1,1.7304,5
"month","2024-09","loto",30,87,"87",13,12,0.4,0.43333333333333335,8.1,1.7304,5
"month","2024-09","loto",30,97,"97",13,10,0.3333333333333333,0.43333333333333335,8.1,1.7304,5
"month","2024-09","loto",30,43,"43",12,12,0.4,0.4,8.1,1.3772,6
"month","2024-09","loto",30,98,"98",12,11,0.36666666666666664,0.4,8.1,1.3772,6
"month","2024-09","loto",30,24,"24",11,9,0.3,0.36666666666666664,8.1,1.0241,7
"month","2024-09","loto",30,42,"42",11,8,0.26666666666666666,0.36666666666666664,8.1,1.0241,7
"month","2024-09","loto",30,59,"59",11,10,0.3333333333333333,0.36666666666666664,8.1,1.0241,7
"month","2024-09","loto",30,73,"73",11,8,0.26666666666666666,0.36666666666666664,8.1,1.0241,7
"month","2024-09","loto",30,76,"76",11,10,0.3333333333333333,0.36666666666666664,8.1,1.0241,7
"month","2024-09","loto",30,78,"78",11,10,0.3333333333333333,0.36666666666666664,8.1,1.0241,7
"month","2024-09","loto",30,89,"89",11,10,0.3333333333333333,0.36666666666666664,8.1,1.0241,7
"month","2024-09","loto",30,90,"90",11,8,0.26666666666666666,0.36666666666666664,8.1,1.0241,7
"month","2024-09","loto",30,1,"01",10,10,0.3333333333333333,0.3333333333333333,8.1,0.671,8
"month","2024-09","loto",30,9,"09",10,7,0.23333333333333334,0.3333333333333333,8.1,0.671,8
"month","2024-09","loto",30,18,"18",10,9,0.3,0.3333333333333333,8.1,0.671,8
"month","2024-09","loto",30,32,"32",10,9,0.3,0.3333333333333333,8.1,0.671,8
"month","2024-09","loto",30,35,"35",10,10,0.3333333333333333,0.3333333333333333,8.1,0.671,8
"month","2024-09","loto",30,40,"40",10,9,0.3,0.3333333333333333,8.1,0.671,8
"month","2024-09","loto",30,50,"50",10,7,0.23333333333333334,0.3333333333333333,8.1,0.671,8
"month","2024-09","loto",30,72,"72",10,8,0.26666666666666666,0.3333333333333333,8.1,0.671,8
"month","2024-09","loto",30,75,"75",10,10,0.3333333333333333,0.3333333333333333,8.1,0.671,8
"month","2024-09","loto",30,85,"85",10,8,0.26666666666666666,0.3333333333333333,8.1,0.671,8
"month","2024-09","loto",30,3,"03",9,9,0.3,0.3,8.1,0.3178,9
"month","2024-09","loto",30,5,"05",9,8,0.26666666666666666,0.3,8.1,0.3178,9
"month","2024-09","loto",30,13,"13",9,9,0.3,0.3,8.1,0.3178,9
"month","2024-09","loto",30,25,"25",9,7,0.23333333333333334,0.3,8.1,0.3178,9
"month","2024-09","loto",30,26,"26",9,9,0.3,0.3,8.1,0.3178,9
"month","2024-09","loto",30,29,"29",9,9,0.3,0.3,8.1,0.3178,9
"month","2024-09","loto",30,39,"39",9,8,0.26666666666666666,0.3,8.1,0.3178,9
"month","2024-09","loto",30,44,"44",9,7,0.23333333333333334,0.3,8.1,0.3178,9
"month","2024-09","loto",30,49,"49",9,8,0.26666666666666666,0.3,8.1,0.3178,9
"month","2024-09","loto",30,57,"57",9,7,0.23333333333333334,0.3,8.1,0.3178,9
"month","2024-09","loto",30,61,"61",9,8,0.26666666666666666,0.3,8.1,0.3178,9
"month","2024-09","loto",30,99,"99",9,7,0.23333333333333334,0.3,8.1,0.3178,9
"month","2024-09","loto",30,10,"10",8,7,0.23333333333333334,0.26666666666666666,8.1,-0.0353,10
"month","2024-09","loto",30,14,"14",8,8,0.26666666666666666,0.26666666666666666,8.1,-0.0353,10
"month","2024-09","loto",30,15,"15",8,8,0.26666666666666666,0.26666666666666666,8.1,-0.0353,10
"month","2024-09","loto",30,16,"16",8,7,0.23333333333333334,0.26666666666666666,8.1,-0.0353,10
"month","2024-09","loto",30,27,"27",8,7,0.23333333333333334,0.26666666666666666,8.1,-0.0353,10
"month","2024-09","loto",30,28,"28",8,7,0.23333333333333334,0.26666666666666666,8.1,-0.0353,10
"month","2024-09","loto",30,47,"47",8,6,0.2,0.26666666666666666,8.1,-0.0353,10
"month","2024-09","loto",30,53,"53",8,7,0.23333333333333334,0.26666666666666666,8.1,-0.0353,10
"month","2024-09","loto",30,58,"58",8,8,0.26666666666666666,0.26666666666666666,8.1,-0.0353,10
"month","2024-09","loto",30,63,"63",8,6,0.2,0.26666666666666666,8.1,-0.0353,10
"month","2024-09","loto",30,66,"66",8,7,0.23333333333333334,0.26666666666666666,8.1,-0.0353,10
"month","2024-09","loto",30,74,"74",8,7,0.23333333333333334,0.26666666666666666,8.1,-0.0353,10
"month","2024-09","loto",30,77,"77",8,5,0.16666666666666666,0.26666666666666666,8.1,-0.0353,10
"month","2024-09","loto",30,94,"94",8,8,0.26666666666666666,0.26666666666666666,8.1,-0.0353,10
"month","2024-09","loto",30,95,"95",8,7,0.23333333333333334,0.26666666666666666,8.1,-0.0353,10
"month","2024-09","loto",30,7,"07",7,6,0.2,0.23333333333333334,8.1,-0.3884,11
"month","2024-09","loto",30,23,"23",7,7,0.23333333333333334,0.23333333333333334,8.1,-0.3884,11
"month","2024-09","loto",30,30,"30",7,6,0.2,0.23333333333333334,8.1,-0.3884,11
"month","2024-09","loto",30,37,"37",7,6,0.2,0.23333333333333334,8.1,-0.3884,11
"month","2024-09","loto",30,38,"38",7,5,0.16666666666666666,0.23333333333333334,8.1,-0.3884,11
"month","2024-09","loto",30,41,"41",7,7,0.23333333333333334,0.23333333333333334,8.1,-0.3884,11
"month","2024-09","loto",30,45,"45",7,5,0.16666666666666666,0.23333333333333334,8.1,-0.3884,11
"month","2024-09","loto",30,55,"55",7,7,0.23333333333333334,0.23333333333333334,8.1,-0.3884,11
"month","2024-09","loto",30,60,"60",7,7,0.23333333333333334,0.23333333333333334,8.1,-0.3884,11
"month","2024-09","loto",30,62,"62",7,6,0.2,0.23333333333333334,8.1,-0.3884,11
"month","2024-09","loto",30,67,"67",7,7,0.23333333333333334,0.23333333333333334,8.1,-0.3884,11
"month","2024-09","loto",30,68,"68",7,7,0.23333333333333334,0.23333333333333334,8.1,-0.3884,11
"month","2024-09","loto",30,96,"96",7,7,0.23333333333333334,0.23333333333333334,8.1,-0.3884,11
"month","2024-09","loto",30,0,"00",6,5,0.16666666666666666,0.2,8.1,-0.7416,12
"month","2024-09","loto",30,31,"31",6,6,0.2,0.2,8.1,-0.7416,12
"month","2024-09","loto",30,46,"46",6,6,0.2,0.2,8.1,-0.7416,12
"month","2024-09","loto",30,48,"48",6,5,0.16666666666666666,0.2,8.1,-0.7416,12
"month","2024-09","loto",30,92,"92",6,6,0.2,0.2,8.1,-0.7416,12
"month","2024-09","loto",30,93,"93",6,6,0.2,0.2,8.1,-0.7416,12
"month","2024-09","loto",30,2,"02",5,5,0.16666666666666666,0.16666666666666666,8.1,-1.0947,13
"month","2024-09","loto",30,8,"08",5,5,0.16666666666666666,0.16666666666666666,8.1,-1.0947,13
"month","2024-09","loto",30,21,"21",5,5,0.16666666666666666,0.16666666666666666,8.1,-1.0947,13
"month","2024-09","loto",30,33,"33",5,5,0.16666666666666666,0.16666666666666666,8.1,-1.0947,13
"month","2024-09","loto",30,34,"34",5,5,0.16666666666666666,0.16666666666666666,8.1,-1.0947,13
"month","2024-09","loto",30,51,"51",5,5,0.16666666666666666,0.16666666666666666,8.1,-1.0947,13
"month","2024-09","loto",30,52,"52",5,5,0.16666666666666666,0.16666666666666666,8.1,-1.0947,13
"month","2024-09","loto",30,56,"56",5,5,0.16666666666666666,0.16666666666666666,8.1,-1.0947,13
"month","2024-09","loto",30,64,"64",5,5,0.16666666666666666,0.16666666666666666,8.1,-1.0947,13
"month","2024-09","loto",30,65,"65",5,4,0.13333333333333333,0.16666666666666666,8.1,-1.0947,13
"month","2024-09","loto",30,70,"70",5,4,0.13333333333333333,0.16666666666666666,8.1,-1.0947,13
"month","2024-09","loto",30,79,"79",5,5,0.16666666666666666,0.16666666666666666,8.1,-1.0947,13
"month","2024-09","loto",30,81,"81",5,5,0.16666666666666666,0.16666666666666666,8.1,-1.0947,13
"month","2024-09","loto",30,84,"84",5,5,0.16666666666666666,0.16666666666666666,8.1,-1.0947,13
"month","2024-09","loto",30,88,"88",5,4,0.13333333333333333,0.16666666666666666,8.1,-1.0947,13
"month","2024-09","loto",30,4,"04",4,4,0.13333333333333333,0.13333333333333333,8.1,-1.4479,14
"month","2024-09","loto",30,6,"06",4,4,0.13333333333333333,0.13333333333333333,8.1,-1.4479,14
"month","2024-09","loto",30,12,"12",4,4,0.13333333333333333,0.13333333333333333,8.1,-1.4479,14
"month","2024-09","loto",30,17,"17",4,4,0.13333333333333333,0.13333333333333333,8.1,-1.4479,14
"month","2024-09","loto",30,71,"71",4,4,0.13333333333333333,0.13333333333333333,8.1,-1.4479,14
"month","2024-09","loto",30,80,"80",4,4,0.13333333333333333,0.13333333333333333,8.1,-1.4479,14
"month","2024-09","loto",30,82,"82",4,4,0.13333333333333333,0.13333333333333333,8.1,-1.4479,14
"month","2024-09","loto",30,91,"91",4,4,0.13333333333333333,0.13333333333333333,8.1,-1.4479,14
"month","2024-09","loto",30,20,"20",3,2,0.06666666666666667,0.1,8.1,-1.801,15
"month","2024-09","loto",30,83,"83",2,2,0.06666666666666667,0.06666666666666667,8.1,-2.1541,16
"month","2024-10","loto",31,16,"16",15,10,0.3225806451612903,0.4838709677419355,8.37,2.3032,1
"month","2024-10","loto",31,72,"72",15,11,0.3548387096774194,0.4838709677419355,8.37,2.3032,1
"month","2024-10","loto",31,36,"36",14,13,0.41935483870967744,0.45161290322580644,8.37,1.9558,2
"month","2024-10","loto",31,53,"53",14,11,0.3548387096774194,0.45161290322580644,8.37,1.9558,2
"month","2024-10","loto",31,39,"39",13,11,0.3548387096774194,0.41935483870967744,8.37,1.6084,3
"month","2024-10","loto",31,50,"50",13,10,0.3225806451612903,0.41935483870967744,8.37,1.6084,3
"month","2024-10","loto",31,78,"78",13,8,0.25806451612903225,0.41935483870967744,8.37,1.6084,3
"month","2024-10","loto",31,80,"80",13,11,0.3548387096774194,0.41935483870967744,8.37,1.6084,3
"month","2024-10","loto",31,10,"10",12,11,0.3548387096774194,0.3870967741935484,8.37,1.261,4
"month","2024-10","loto",31,35,"35",12,11,0.3548387096774194,0.3870967741935484,8.37,1.261,4
"month","2024-10","loto",31,38,"38",12,11,0.3548387096774194,0.3870967741935484,8.37,1.261,4
"month","2024-10","loto",31,45,"45",12,11,0.3548387096774194,0.3870967741935484,8.37,1.261,4
"month","2024-10","loto",31,47,"47",12,9,0.2903225806451613,0.3870967741935484,8.37,1.261,4
"month","2024-10","loto",31,55,"55",12,8,0.25806451612903225,0.3870967741935484,8.37,1.261,4
"month","2024-10","loto",31,63,"63",12,10,0.3225806451612903,0.3870967741935484,8.37,1.261,4
"month","2024-10","loto",31,75,"75",12,12,0.3870967741935484,0.3870967741935484,8.37,1.261,4
"month","2024-10","loto",31,84,"84",12,11,0.3548387096774194,0.3870967741935484,8.37,1.261,4
"month","2024-10","loto",31,0,"00",11,10,0.3225806451612903,0.3548387096774194,8.37,0.9136,5
"month","2024-10","loto",31,19,"19",11,9,0.2903225806451613,0.3548387096774194,8.37,0.9136,5
"month","2024-10","loto",31,26,"26",11,8,0.25806451612903225,0.3548387096774194,8.37,0.9136,5
"month","2024-10","loto",31,27,"27",11,8,0.25806451612903225,0.3548387096774194,8.37,0.9136,5
"month","2024-10","loto",31,56,"56",11,9,0.2903225806451613,0.3548387096774194,8.37,0.9136,5
"month","2024-10","loto",31,58,"58",11,9,0.2903225806451613,0.3548387096774194,8.37,0.9136,5
"month","2024-10","loto",31,73,"73",11,10,0.3225806451612903,0.3548387096774194,8.37,0.9136,5
"month","2024-10","loto",31,82,"82",11,9,0.2903225806451613,0.3548387096774194,8.37,0.9136,5
"month","2024-10","loto",31,18,"18",10,8,0.25806451612903225,0.3225806451612903,8.37,0.5662,6
"month","2024-10","loto",31,24,"24",10,10,0.3225806451612903,0.3225806451612903,8.37,0.5662,6
"month","2024-10","loto",31,30,"30",10,8,0.25806451612903225,0.3225806451612903,8.37,0.5662,6
"month","2024-10","loto",31,52,"52",10,9,0.2903225806451613,0.3225806451612903,8.37,0.5662,6
"month","2024-10","loto",31,64,"64",10,8,0.25806451612903225,0.3225806451612903,8.37,0.5662,6
"month","2024-10","loto",31,65,"65",10,9,0.2903225806451613,0.3225806451612903,8.37,0.5662,6
"month","2024-10","loto",31,66,"66",10,8,0.25806451612903225,0.3225806451612903,8.37,0.5662,6
"month","2024-10","loto",31,81,"81",10,8,0.25806451612903225,0.3225806451612903,8.37,0.5662,6
"month","2024-10","loto",31,97,"97",10,8,0.25806451612903225,0.3225806451612903,8.37,0.5662,6
"month","2024-10","loto",31,3,"03",9,9,0.2903225806451613,0.2903225806451613,8.37,0.2189,7
"month","2024-10","loto",31,5,"05",9,8,0.25806451612903225,0.2903225806451613,8.37,0.2189,7
"month","2024-10","loto",31,23,"23",9,8,0.25806451612903225,0.2903225806451613,8.37,0.2189,7
"month","2024-10","loto",31,31,"31",9,9,0.2903225806451613,0.2903225806451613,8.37,0.2189,7
"month","2024-10","loto",31,37,"37",9,7,0.22580645161290322,0.2903225806451613,8.37,0.2189,7
"month","2024-10","loto",31,43,"43",9,9,0.2903225806451613,0.2903225806451613,8.37,0.2189,7
"month","2024-10","loto",31,62,"62",9,7,0.22580645161290322,0.2903225806451613,8.37,0.2189,7
"month","2024-10","loto",31,85,"85",9,9,0.2903225806451613,0.2903225806451613,8.37,0.2189,7
"month","2024-10","loto",31,15,"15",8,6,0.1935483870967742,0.25806451612903225,8.37,-0.1285,8
"month","2024-10","loto",31,20,"20",8,6,0.1935483870967742,0.25806451612903225,8.37,-0.1285,8
"month","2024-10","loto",31,32,"32",8,6,0.1935483870967742,0.25806451612903225,8.37,-0.1285,8
"month","2024-10","loto",31,40,"40",8,6,0.1935483870967742,0.25806451612903225,8.37,-0.1285,8
"month","2024-10","loto",31,51,"51",8,8,0.25806451612903225,0.25806451612903225,8.37,-0.1285,8
"month","2024-10","loto",31,54,"54",8,8,0.25806451612903225,0.25806451612903225,8.37,-0.1285,8
"month","2024-10","loto",31,69,"69",8,6,0.1935483870967742,0.25806451612903225,8.37,-0.1285,8
"month","2024-10","loto",31,79,"79",8,7,0.22580645161290322,0.25806451612903225,8.37,-0.1285,8
"month","2024-10","loto",31,83,"83",8,7,0.22580645161290322,0.25806451612903225,8.37,-0.1285,8
"month","2024-10","loto",31,88,"88",8,8,0.25806451612903225,0.25806451612903225,8.37,-0.1285,8
"month","2024-10","loto",31,92,"92",8,8,0.25806451612903225,0.25806451612903225,8.37,-0.1285,8
"month","2024-10","loto",31,96,"96",8,8,0.25806451612903225,0.25806451612903225,8.37,-0.1285,8
"month","2024-10","loto",31,99,"99",8,8,0.25806451612903225,0.25806451612903225,8.37,-0.1285,8
"month","2024-10","loto",31,1,"01",7,6,0.1935483870967742,0.22580645161290322,8.37,-0.4759,9
"month","2024-10","loto",31,2,"02",7,6,0.1935483870967742,0.22580645161290322,8.37,-0.4759,9
"month","2024-10","loto",31,7,"07",7,5,0.16129032258064516,0.22580645161290322,8.37,-0.4759,9
"month","2024-10","loto",31,8,"08",7,6,0.1935483870967742,0.22580645161290322,8.37,-0.4759,9
"month","2024-10","loto",31,13,"13",7,6,0.1935483870967742,0.22580645161290322,8.37,-0.4759,9
"month","2024-10","loto",31,17,"17",7,7,0.22580645161290322,0.22580645161290322,8.37,-0.4759,9
"month","2024-10","loto",31,22,"22",7,7,0.22580645161290322,0.22580645161290322,8.37,-0.4759,9
"month","2024-10","loto",31,25,"25",7,7,0.22580645161290322,0.22580645161290322,8.37,-0.4759,9
"month","2024-10","loto",31,28,"28",7,7,0.22580645161290322,0.22580645161290322,8.37,-0.4759,9
"month","2024-10","loto",31,29,"29",7,7,0.22580645161290322,0.22580645161290322,8.37,-0.4759,9
"month","2024-10","loto",31,33,"33",7,6,0.1935483870967742,0.22580645161290322,8.37,-0.4759,9
"month","2024-10","loto",31,42,"42",7,7,0.22580645161290322,0.22580645161290322,8.37,-0.4759,9
"month","2024-10","loto",31,44,"44",7,7,0.22580645161290322,0.22580645161290322,8.37,-0.4759,9
"month","2024-10","loto",31,61,"61",7,6,0.1935483870967742,0.22580645161290322,8.37,-0.4759,9
"month","2024-10","loto",31,68,"68",7,5,0.16129032258064516,0.22580645161290322,8.37,-0.4759,9
"month","2024-10","loto",31,70,"70",7,6,0.1935483870967742,0.22580645161290322,8.37,-0.4759,9
"month","2024-10","loto",31,71,"71",7,6,0.1935483870967742,0.22580645161290322,8.37,-0.4759,9
"month","2024-10","loto",31,74,"74",7,5,0.16129032258064516,0.22580645161290322,8.37,-0.4759,9
"month","2024-10","loto",31,77,"77",7,7,0.22580645161290322,0.22580645161290322,8.37,-0.4759,9
"month","2024-10","loto",31,86,"86",7,7,0.22580645161290322,0.22580645161290322,8.37,-0.4759,9
"month","2024-10","loto",31,87,"87",7,7,0.22580645161290322,0.22580645161290322,8.37,-0.4759,9
"month","2024-10","loto",31,90,"90",7,7,0.22580645161290322,0.22580645161290322,8.37,-0.4759,9
"month","2024-10","loto",31,91,"91",7,7,0.22580645161290322,0.22580645161290322,8.37,-0.4759,9
"month","2024-10","loto",31,94,"94",7,6,0.1935483870967742,0.22580645161290322,8.37,-0.4759,9
"month","2024-10","loto",31,98,"98",7,7,0.22580645161290322,0.22580645161290322,8.37,-0.4759,9
"month","2024-10","loto",31,12,"12",6,6,0.1935483870967742,0.1935483870967742,8.37,-0.8233,10
"month","2024-10","loto",31,41,"41",6,5,0.16129032258064516,0.1935483870967742,8.37,-0.8233,10
"month","2024-10","loto",31,49,"49",6,5,0.16129032258064516,0.1935483870967742,8.37,-0.8233,10
"month","2024-10","loto",31,59,"59",6,4,0.12903225806451613,0.1935483870967742,8.37,-0.8233,10
"month","2024-10","loto",31,95,"95",6,5,0.16129032258064516,0.1935483870967742,8.37,-0.8233,10
"month","2024-10","loto",31,4,"04",5,5,0.16129032258064516,0.16129032258064516,8.37,-1.1707,11
"month","2024-10","loto",31,21,"21",5,5,0.16129032258064516,0.16129032258064516,8.37,-1.1707,11
"month","2024-10","loto",31,46,"46",5,5,0.16129032258064516,0.16129032258064516,8.37,-1.1707,11
"month","2024-10","loto",31,57,"57",5,5,0.16129032258064516,0.16129032258064516,8.37,-1.1707,11
"month","2024-10","loto",31,60,"60",5,4,0.12903225806451613,0.16129032258064516,8.37,-1.1707,11
"month","2024-10","loto",31,9,"09",4,4,0.12903225806451613,0.12903225806451613,8.37,-1.5181,12
"month","2024-10","loto",31,34,"34",4,4,0.12903225806451613,0.12903225806451613,8.37,-1.5181,12
"month","2024-10","loto",31,48,"48",4,4,0.12903225806451613,0.12903225806451613,8.37,-1.5181,12
"month","2024-10","loto",31,67,"67",4,4,0.12903225806451613,0.12903225806451613,8.37,-1.5181,12
"month","2024-10","loto",31,76,"76",4,4,0.12903225806451613,0.12903225806451613,8.37,-1.5181,12
"month","2024-10","loto",31,89,"89",4,4,0.12903225806451613,0.12903225806451613,8.37,-1.5181,12
"month","2024-10","loto",31,11,"11",3,3,0.0967741935483871,0.0967741935483871,8.37,-1.8655,13
"month","2024-10","loto",31,14,"14",3,3,0.0967741935483871,0.0967741935483871,8.37,-1.8655,13
"month","2024-10","loto",31,93,"93",3,3,0.0967741935483871,0.0967741935483871,8.37,-1.8655,13
"month","2024-10","loto",31,6,"06",2,2,0.06451612903225806,0.06451612903225806,8.37,-2.2129,14
"month","2024-11","loto",30,81,"81",17,13,0.43333333333333335,0.5666666666666667,8.1,3.1429,1
"month","2024-11","loto",30,12,"12",16,11,0.36666666666666664,0.5333333333333333,8.1,2.7898,2
"month","2024-11","loto",30,2,"02",15,13,0.43333333333333335,0.5,8.1,2.4366,3
"month","2024-11","loto",30,64,"64",15,11,0.36666666666666664,0.5,8.1,2.4366,3
"month","2024-11","loto",30,46,"46",14,12,0.4,0.4666666666666667,8.1,2.0835,4
"month","2024-11","loto",30,7,"07",13,11,0.36666666666666664,0.43333333333333335,8.1,1.7304,5
"month","2024-11","loto",30,26,"26",13,11,0.36666666666666664,0.43333333333333335,8.1,1.7304,5
"month","2024-11","loto",30,1,"01",12,10,0.3333333333333333,0.4,8.1,1.3772,6
"month","2024-11","loto",30,76,"76",12,10,0.3333333333333333,0.4,8.1,1.3772,6
"month","2024-11","loto",30,94,"94",12,9,0.3,0.4,8.1,1.3772,6
"month","2024-11","loto",30,99,"99",12,10,0.3333333333333333,0.4,8.1,1.3772,6
"month","2024-11","loto",30,6,"06",11,10,0.3333333333333333,0.36666666666666664,8.1,1.0241,7
"month","2024-11","loto",30,20,"20",11,9,0.3,0.36666666666666664,8.1,1.0241,7
"month","2024-11","loto",30,53,"53",11,9,0.3,0.36666666666666664,8.1,1.0241,7
"month","2024-11","loto",30,86,"86",11,9,0.3,0.36666666666666664,8.1,1.0241,7
"month","2024-11","loto",30,96,"96",11,8,0.26666666666666666,0.36666666666666664,8.1,1.0241,7
"month","2024-11","loto",30,4,"04",10,7,0.23333333333333334,0.3333333333333333,8.1,0.671,8
"month","2024-11","loto",30,9,"09",10,9,0.3,0.3333333333333333,8.1,0.671,8
"month","2024-11","loto",30,11,"11",10,10,0.3333333333333333,0.3333333333333333,8.1,0.671,8
"month","2024-11","loto",30,28,"28",10,9,0.3,0.3333333333333333,8.1,0.671,8
"month","2024-11","loto",30,35,"35",10,10,0.3333333333333333,0.3333333333333333,8.1,0.671,8
"month","2024-11","loto",30,47,"47",10,9,0.3,0.3333333333333333,8.1,0.671,8
"month","2024-11","loto",30,58,"58",10,9,0.3,0.3333333333333333,8.1,0.671,8
"month","2024-11","loto",30,62,"62",10,9,0.3,0.3333333333333333,8.1,0.671,8
"month","2024-11","loto",30,66,"66",10,9,0.3,0.3333333333333333,8.1,0.671,8
"month","2024-11","loto",30,72,"72",10,8,0.26666666666666666,0.3333333333333333,8.1,0.671,8
"month","2024-11","loto",30,78,"78",10,9,0.3,0.3333333333333333,8.1,0.671,8
"month","2024-11","loto",30,3,"03",9,8,0.26666666666666666,0.3,8.1,0.3178,9
"month","2024-11","loto",30,8,"08",9,8,0.26666666666666666,0.3,8.1,0.3178,9
"month","2024-11","loto",30,13,"13",9,9,0.3,0.3,8.1,0.3178,9
"month","2024-11","loto",30,14,"14",9,6,0.2,0.3,8.1,0.3178,9
"month","2024-11","loto",30,16,"16",9,8,0.26666666666666666,0.3,8.1,0.3178,9
"month","2024-11","loto",30,22,"22",9,8,0.26666666666666666,0.3,8.1,0.3178,9
"month","2024-11","loto",30,23,"23",9,8,0.26666666666666666,0.3,8.1,0.3178,9
"month","2024-11","loto",30,25,"25",9,8,0.26666666666666666,0.3,8.1,0.3178,9
"month","2024-11","loto",30,48,"48",9,8,0.26666666666666666,0.3,8.1,0.3178,9
"month","2024-11","loto",30,74,"74",9,8,0.26666666666666666,0.3,8.1,0.3178,9
"month","2024-11","loto",30,75,"75",9,8,0.26666666666666666,0.3,8.1,0.3178,9
"month","2024-11","loto",30,79,"79",9,8,0.26666666666666666,0.3,8.1,0.3178,9
"month","2024-11","loto",30,82,"82",9,6,0.2,0.3,8.1,0.3178,9
"month","2024-11","loto",30,88,"88",9,8,0.26666666666666666,0.3,8.1,0.3178,9
"month","2024-11","loto",30,89,"89",9,8,0.26666666666666666,0.3,8.1,0.3178,9
"month","2024-11","loto",30,93,"93",9,8,0.26666666666666666,0.3,8.1,0.3178,9
"month","2024-11","loto",30,98,"98",9,9,0.3,0.3,8.1,0.3178,9
"month","2024-11","loto",30,15,"15",8,8,0.26666666666666666,0.26666666666666666,8.1,-0.0353,10
"month","2024-11","loto",30,18,"18",8,7,0.23333333333333334,0.26666666666666666,8.1,-0.0353,10
"month","2024-11","loto",30,41,"41",8,8,0.26666666666666666,0.26666666666666666,8.1,-0.0353,10
"month","2024-11","loto",30,55,"55",8,8,0.26666666666666666,0.26666666666666666,8.1,-0.0353,10
"month","2024-11","loto",30,57,"57",8,7,0.23333333333333334,0.26666666666666666,8.1,-0.0353,10
"month","2024-11","loto",30,60,"60",8,6,0.2,0.26666666666666666,8.1,-0.0353,10
"month","2024-11","loto",30,67,"67",8,8,0.26666666666666666,0.26666666666666666,8.1,-0.0353,10
"month","2024-11","loto",30,73,"73",8,7,0.23333333333333334,0.26666666666666666,8.1,-0.0353,10
"month","2024-11","loto",30,77,"77",8,8,0.26666666666666666,0.26666666666666666,8.1,-0.0353,10
"month","2024-11","loto",30,83,"83",8,7,0.23333333333333334,0.26666666666666666,8.1,-0.0353,10
"month","2024-11","loto",30,92,"92",8,6,0.2,0.26666666666666666,8.1,-0.0353,10
"month","2024-11","loto",30,5,"05",7,7,0.23333333333333334,0.23333333333333334,8.1,-0.3884,11
"month","2024-11","loto",30,27,"27",7,6,0.2,0.23333333333333334,8.1,-0.3884,11
"month","2024-11","loto",30,30,"30",7,6,0.2,0.23333333333333334,8.1,-0.3884,11
"month","2024-11","loto",30,34,"34",7,6,0.2,0.23333333333333334,8.1,-0.3884,11
"month","2024-11","loto",30,42,"42",7,7,0.23333333333333334,0.23333333333333334,8.1,-0.3884,11
"month","2024-11","loto",30,54,"54",7,6,0.2,0.23333333333333334,8.1,-0.3884,11
"month","2024-11","loto",30,56,"56",7,7,0.23333333333333334,0.23333333333333334,8.1,-0.3884,11
"month","2024-11","loto",30,59,"59",7,6,0.2,0.23333333333333334,8.1,-0.3884,11
"month","2024-11","loto",30,63,"63",7,6,0.2,0.23333333333333334,8.1,-0.3884,11
"month","2024-11","loto",30,65,"65",7,6,0.2,0.23333333333333334,8.1,-0.3884,11
"month","2024-11","loto",30,80,"80",7,7,0.23333333333333334,0.23333333333333334,8.1,-0.3884,11
"month","2024-11","loto",30,84,"84",7,7,0.23333333333333334,0.23333333333333334,8.1,-0.3884,11
"month","2024-11","loto",30,85,"85",7,5,0.16666666666666666,0.23333333333333334,8.1,-0.3884,11
"month","2024-11","loto",30,87,"87",7,7,0.23333333333333334,0.23333333333333334,8.1,-0.3884,11
"month","2024-11","loto",30,90,"90",7,7,0.23333333333333334,0.23333333333333334,8.1,-0.3884,11
"month","2024-11","loto",30,91,"91",7,5,0.16666666666666666,0.23333333333333334,8.1,-0.3884,11
"month","2024-11","loto",30,0,"00",6,5,0.16666666666666666,0.2,8.1,-0.7416,12
"month","2024-11","loto",30,17,"17",6,5,0.16666666666666666,0.2,8.1,-0.7416,12
"month","2024-11","loto",30,29,"29",6,5,0.16666666666666666,0.2,8.1,-0.7416,12
"month","2024-11","loto",30,32,"32",6,5,0.16666666666666666,0.2,8.1,-0.7416,12
"month","2024-11","loto",30,36,"36",6,6,0.2,0.2,8.1,-0.7416,12
"month","2024-11","loto",30,37,"37",6,5,0.16666666666666666,0.2,8.1,-0.7416,12
"month","2024-11","loto",30,39,"39",6,6,0.2,0.2,8.1,-0.7416,12
"month","2024-11","loto",30,43,"43",6,6,0.2,0.2,8.1,-0.7416,12
"month","2024-11","loto",30,44,"44",6,5,0.16666666666666666,0.2,8.1,-0.7416,12
"month","2024-11","loto",30,52,"52",6,5,0.16666666666666666,0.2,8.1,-0.7416,12
"month","2024-11","loto",30,19,"19",5,5,0.16666666666666666,0.16666666666666666,8.1,-1.0947,13
"month","2024-11","loto",30,21,"21",5,4,0.13333333333333333,0.16666666666666666,8.1,-1.0947,13
"month","2024-11","loto",30,24,"24",5,5,0.16666666666666666,0.16666666666666666,8.1,-1.0947,13
"month","2024-11","loto",30,45,"45",5,5,0.16666666666666666,0.16666666666666666,8.1,-1.0947,13
"month","2024-11","loto",30,49,"49",5,4,0.13333333333333333,0.16666666666666666,8.1,-1.0947,13
"month","2024-11","loto",30,61,"61",5,5,0.16666666666666666,0.16666666666666666,8.1,-1.0947,13
"month","2024-11","loto",30,69,"69",5,5,0.16666666666666666,0.16666666666666666,8.1,-1.0947,13
"month","2024-11","loto",30,70,"70",5,5,0.16666666666666666,0.16666666666666666,8.1,-1.0947,13
"month","2024-11","loto",30,95,"95",5,5,0.16666666666666666,0.16666666666666666,8.1,-1.0947,13
"month","2024-11","loto",30,10,"10",4,4,0.13333333333333333,0.13333333333333333,8.1,-1.4479,14
"month","2024-11","loto",30,31,"31",4,4,0.13333333333333333,0.13333333333333333,8.1,-1.4479,14
"month","2024-11","loto",30,33,"33",4,4,0.13333333333333333,0.13333333333333333,8.1,-1.4479,14
"month","2024-11","loto",30,38,"38",4,4,0.13333333333333333,0.13333333333333333,8.1,-1.4479,14
"month","2024-11","loto",30,50,"50",4,4,0.13333333333333333,0.13333333333333333,8.1,-1.4479,14
"month","2024-11","loto",30,51,"51",4,3,0.1,0.13333333333333333,8.1,-1.4479,14
"month","2024-11","loto",30,97,"97",4,3,0.1,0.13333333333333333,8.1,-1.4479,14
"month","2024-11","loto",30,68,"68",3,3,0.1,0.1,8.1,-1.801,15
"month","2024-11","loto",30,71,"71",3,3,0.1,0.1,8.1,-1.801,15
"month","2024-11","loto",30,40,"40",2,2,0.06666666666666667,0.06666666666666667,8.1,-2.1541,16
"month","2024-12","loto",31,20,"20",14,11,0.3548387096774194,0.45161290322580644,8.37,1.9558,1
"month","2024-12","loto",31,43,"43",14,10,0.3225806451612903,0.45161290322580644,8.37,1.9558,1
"month","2024-12","loto",31,60,"60",14,11,0.3548387096774194,0.45161290322580644,8.37,1.9558,1
"month","2024-12","loto",31,95,"95",14,12,0.3870967741935484,0.45161290322580644,8.37,1.9558,1
"month","2024-12","loto",31,36,"36",13,11,0.3548387096774194,0.41935483870967744,8.37,1.6084,2
"month","2024-12","loto",31,49,"49",13,12,0.3870967741935484,0.41935483870967744,8.37,1.6084,2
"month","2024-12","loto",31,97,"97",13,11,0.3548387096774194,0.41935483870967744,8.37,1.6084,2
"month","2024-12","loto",31,6,"06",12,12,0.3870967741935484,0.3870967741935484,8.37,1.261,3
"month","2024-12","loto",31,10,"10",12,12,0.3870967741935484,0.3870967741935484,8.37,1.261,3
"month","2024-12","loto",31,50,"50",12,10,0.3225806451612903,0.3870967741935484,8.37,1.261,3
"month","2024-12","loto",31,51,"51",12,10,0.3225806451612903,0.3870967741935484,8.37,1.261,3
"month","2024-12","loto",31,53,"53",12,10,0.3225806451612903,0.3870967741935484,8.37,1.261,3
"month","2024-12","loto",31,61,"61",12,10,0.3225806451612903,0.3870967741935484,8.37,1.261,3
"month","2024-12","loto",31,70,"70",12,9,0.2903225806451613,0.3870967741935484,8.37,1.261,3
"month","2024-12","loto",31,75,"75",12,9,0.2903225806451613,0.3870967741935484,8.37,1.261,3
"month","2024-12","loto",31,98,"98",12,10,0.3225806451612903,0.3870967741935484,8.37,1.261,3
"month","2024-12","loto",31,15,"15",11,9,0.2903225806451613,0.3548387096774194,8.37,0.9136,4
"month","2024-12","loto",31,23,"23",11,9,0.2903225806451613,0.3548387096774194,8.37,0.9136,4
"month","2024-12","loto",31,67,"67",11,9,0.2903225806451613,0.3548387096774194,8.37,0.9136,4
"month","2024-12","loto",31,76,"76",11,7,0.22580645161290322,0.3548387096774194,8.37,0.9136,4
"month","2024-12","loto",31,84,"84",11,9,0.2903225806451613,0.3548387096774194,8.37,0.9136,4
"month","2024-12","loto",31,90,"90",11,11,0.3548387096774194,0.3548387096774194,8.37,0.9136,4
"month","2024-12","loto",31,19,"19",10,8,0.25806451612903225,0.3225806451612903,8.37,0.5662,5
"month","2024-12","loto",31,29,"29",10,9,0.2903225806451613,0.3225806451612903,8.37,0.5662,5
"month","2024-12","loto",31,31,"31",10,10,0.3225806451612903,0.3225806451612903,8.37,0.5662,5
"month","2024-12","loto",31,40,"40",10,8,0.25806451612903225,0.3225806451612903,8.37,0.5662,5
"month","2024-12","loto",31,46,"46",10,9,0.2903225806451613,0.3225806451612903,8.37,0.5662,5
"month","2024-12","loto",31,62,"62",10,9,0.2903225806451613,0.3225806451612903,8.37,0.5662,5
"month","2024-12","loto",31,66,"66",10,8,0.25806451612903225,0.3225806451612903,8.37,0.5662,5
"month","2024-12","loto",31,69,"69",10,8,0.25806451612903225,0.3225806451612903,8.37,0.5662,5
"month","2024-12","loto",31,71,"71",10,6,0.1935483870967742,0.3225806451612903,8.37,0.5662,5
"month","2024-12","loto",31,89,"89",10,7,0.22580645161290322,0.3225806451612903,8.37,0.5662,5
"month","2024-12","loto",31,92,"92",10,10,0.3225806451612903,0.3225806451612903,8.37,0.5662,5
"month","2024-12","loto",31,93,"93",10,9,0.2903225806451613,0.3225806451612903,8.37,0.5662,5
"month","2024-12","loto",31,4,"04",9,8,0.25806451612903225,0.2903225806451613,8.37,0.2189,6
"month","2024-12","loto",31,12,"12",9,7,0.22580645161290322,0.2903225806451613,8.37,0.2189,6
"month","2024-12","loto",31,17,"17",9,9,0.2903225806451613,0.2903225806451613,8.37,0.2189,6
"month","2024-12","loto",31,22,"22",9,8,0.25806451612903225,0.2903225806451613,8.37,0.2189,6
"month","2024-12","loto",31,32,"32",9,9,0.2903225806451613,0.2903225806451613,8.37,0.2189,6
"month","2024-12","loto",31,44,"44",9,8,0.25806451612903225,0.2903225806451613,8.37,0.2189,6
"month","2024-12","loto",31,45,"45",9,7,0.22580645161290322,0.2903225806451613,8.37,0.2189,6
"month","2024-12","loto",31,47,"47",9,8,0.25806451612903225,0.2903225806451613,8.37,0.2189,6
"month","2024-12","loto",31,52,"52",9,8,0.25806451612903225,0.2903225806451613,8.37,0.2189,6
"month","2024-12","loto",31,55,"55",9,9,0.2903225806451613,0.2903225806451613,8.37,0.2189,6
"month","2024-12","loto",31,64,"64",9,9,0.2903225806451613,0.2903225806451613,8.37,0.2189,6
"month","2024-12","loto",31,73,"73",9,8,0.25806451612903225,0.2903225806451613,8.37,0.2189,6
"month","2024-12","loto",31,78,"78",9,9,0.2903225806451613,0.2903225806451613,8.37,0.2189,6
"month","2024-12","loto",31,91,"91",9,6,0.1935483870967742,0.2903225806451613,8.37,0.2189,6
"month","2024-12","loto",31,96,"96",9,8,0.25806451612903225,0.2903225806451613,8.37,0.2189,6
"month","2024-12","loto",31,3,"03",8,7,0.22580645161290322,0.25806451612903225,8.37,-0.1285,7
"month","2024-12","loto",31,8,"08",8,6,0.1935483870967742,0.25806451612903225,8.37,-0.1285,7
"month","2024-12","loto",31,9,"09",8,8,0.25806451612903225,0.25806451612903225,8.37,-0.1285,7
"month","2024-12","loto",31,16,"16",8,8,0.25806451612903225,0.25806451612903225,8.37,-0.1285,7
"month","2024-12","loto",31,42,"42",8,8,0.25806451612903225,0.25806451612903225,8.37,-0.1285,7
"month","2024-12","loto",31,59,"59",8,7,0.22580645161290322,0.25806451612903225,8.37,-0.1285,7
"month","2024-12","loto",31,74,"74",8,7,0.22580645161290322,0.25806451612903225,8.37,-0.1285,7
"month","2024-12","loto",31,87,"87",8,6,0.1935483870967742,0.25806451612903225,8.37,-0.1285,7
"month","2024-12","loto",31,99,"99",8,7,0.22580645161290322,0.25806451612903225,8.37,-0.1285,7
"month","2024-12","loto",31,0,"00",7,6,0.1935483870967742,0.22580645161290322,8.37,-0.4759,8
"month","2024-12","loto",31,1,"01",7,6,0.1935483870967742,0.22580645161290322,8.37,-0.4759,8
"month","2024-12","loto",31,5,"05",7,7,0.22580645161290322,0.22580645161290322,8.37,-0.4759,8
"month","2024-12","loto",31,14,"14",7,6,0.1935483870967742,0.22580645161290322,8.37,-0.4759,8
"month","2024-12","loto",31,21,"21",7,7,0.22580645161290322,0.22580645161290322,8.37,-0.4759,8
"month","2024-12","loto",31,28,"28",7,6,0.1935483870967742,0.22580645161290322,8.37,-0.4759,8
"month","2024-12","loto",31,34,"34",7,7,0.22580645161290322,0.22580645161290322,8.37,-0.4759,8
"month","2024-12","loto",31,35,"35",7,7,0.22580645161290322,0.22580645161290322,8.37,-0.4759,8
"month","2024-12","loto",31,37,"37",7,7,0.22580645161290322,0.22580645161290322,8.37,-0.4759,8
"month","2024-12","loto",31,39,"39",7,6,0.1935483870967742,0.22580645161290322,8.37,-0.4759,8
"month","2024-12","loto",31,48,"48",7,7,0.22580645161290322,0.22580645161290322,8.37,-0.4759,8
"month","2024-12","loto",31,56,"56",7,6,0.1935483870967742,0.22580645161290322,8.37,-0.4759,8
"month","2024-12","loto",31,65,"65",7,5,0.16129032258064516,0.22580645161290322,8.37,-0.4759,8
"month","2024-12","loto",31,79,"79",7,5,0.16129032258064516,0.22580645161290322,8.37,-0.4759,8
"month","2024-12","loto",31,83,"83",7,7,0.22580645161290322,0.22580645161290322,8.37,-0.4759,8
"month","2024-12","loto",31,86,"86",7,6,0.1935483870967742,0.22580645161290322,8.37,-0.4759,8
"month","2024-12","loto",31,94,"94",7,6,0.1935483870967742,0.22580645161290322,8.37,-0.4759,8
"month","2024-12","loto",31,2,"02",6,6,0.1935483870967742,0.1935483870967742,8.37,-0.8233,9
"month","2024-12","loto",31,7,"07",6,5,0.16129032258064516,0.1935483870967742,8.37,-0.8233,9
"month","2024-12","loto",31,11,"11",6,6,0.1935483870967742,0.1935483870967742,8.37,-0.8233,9
"month","2024-12","loto",31,13,"13",6,6,0.1935483870967742,0.1935483870967742,8.37,-0.8233,9
"month","2024-12","loto",31,24,"24",6,6,0.1935483870967742,0.1935483870967742,8.37,-0.8233,9
"month","2024-12","loto",31,25,"25",6,6,0.1935483870967742,0.1935483870967742,8.37,-0.8233,9
"month","2024-12","loto",31,30,"30",6,6,0.1935483870967742,0.1935483870967742,8.37,-0.8233,9
"month","2024-12","loto",31,38,"38",6,6,0.1935483870967742,0.1935483870967742,8.37,-0.8233,9
"month","2024-12","loto",31,63,"63",6,5,0.16129032258064516,0.1935483870967742,8.37,-0.8233,9
"month","2024-12","loto",31,77,"77",6,6,0.1935483870967742,0.1935483870967742,8.37,-0.8233,9
"month","2024-12","loto",31,82,"82",6,5,0.16129032258064516,0.1935483870967742,8.37,-0.8233,9
"month","2024-12","loto",31,85,"85",6,6,0.1935483870967742,0.1935483870967742,8.37,-0.8233,9
"month","2024-12","loto",31,26,"26",5,5,0.16129032258064516,0.16129032258064516,8.37,-1.1707,10
"month","2024-12","loto",31,58,"58",5,5,0.16129032258064516,0.16129032258064516,8.37,-1.1707,10
"month","2024-12","loto",31,68,"68",5,5,0.16129032258064516,0.16129032258064516,8.37,-1.1707,10
"month","2024-12","loto",31,72,"72",5,5,0.16129032258064516,0.16129032258064516,8.37,-1.1707,10
"month","2024-12","loto",31,18,"18",4,4,0.12903225806451613,0.12903225806451613,8.37,-1.5181,11
"month","2024-12","loto",31,27,"27",4,4,0.12903225806451613,0.12903225806451613,8.37,-1.5181,11
"month","2024-12","loto",31,57,"57",4,4,0.12903225806451613,0.12903225806451613,8.37,-1.5181,11
"month","2024-12","loto",31,81,"81",4,3,0.0967741935483871,0.12903225806451613,8.37,-1.5181,11
"month","2024-12","loto",31,88,"88",4,4,0.12903225806451613,0.12903225806451613,8.37,-1.5181,11
"month","2024-12","loto",31,33,"33",3,2,0.06451612903225806,0.0967741935483871,8.37,-1.8655,12
"month","2024-12","loto",31,41,"41",3,2,0.06451612903225806,0.0967741935483871,8.37,-1.8655,12
"month","2024-12","loto",31,54,"54",3,3,0.0967741935483871,0.0967741935483871,8.37,-1.8655,12
"month","2024-12","loto",31,80,"80",1,1,0.03225806451612903,0.03225806451612903,8.37,-2.5603,13
"month","2025-01","loto",27,50,"50",13,10,0.37037037037037035,0.48148148148148145,7.29,2.1255,1
"month","2025-01","loto",27,91,"91",13,11,0.4074074074074074,0.48148148148148145,7.29,2.1255,1
"month","2025-01","loto",27,10,"10",12,8,0.2962962962962963,0.4444444444444444,7.29,1.7532,2
"month","2025-01","loto",27,58,"58",12,10,0.37037037037037035,0.4444444444444444,7.29,1.7532,2
"month","2025-01","loto",27,62,"62",12,10,0.37037037037037035,0.4444444444444444,7.29,1.7532,2
"month","2025-01","loto",27,68,"68",12,10,0.37037037037037035,0.4444444444444444,7.29,1.7532,2
"month","2025-01","loto",27,88,"88",12,10,0.37037037037037035,0.4444444444444444,7.29,1.7532,2
"month","2025-01","loto",27,13,"13",11,11,0.4074074074074074,0.4074074074074074,7.29,1.381,3
"month","2025-01","loto",27,17,"17",11,11,0.4074074074074074,0.4074074074074074,7.29,1.381,3
"month","2025-01","loto",27,19,"19",11,9,0.3333333333333333,0.4074074074074074,7.29,1.381,3
"month","2025-01","loto",27,29,"29",11,10,0.37037037037037035,0.4074074074074074,7.29,1.381,3
"month","2025-01","loto",27,39,"39",11,10,0.37037037037037035,0.4074074074074074,7.29,1.381,3
"month","2025-01","loto",27,51,"51",11,11,0.4074074074074074,0.4074074074074074,7.29,1.381,3
"month","2025-01","loto",27,86,"86",11,10,0.37037037037037035,0.4074074074074074,7.29,1.381,3
"month","2025-01","loto",27,0,"00",10,9,0.3333333333333333,0.37037037037037035,7.29,1.0088,4
"month","2025-01","loto",27,8,"08",10,8,0.2962962962962963,0.37037037037037035,7.29,1.0088,4
"month","2025-01","loto",27,27,"27",10,9,0.3333333333333333,0.37037037037037035,7.29,1.0088,4
"month","2025-01","loto",27,61,"61",10,8,0.2962962962962963,0.37037037037037035,7.29,1.0088,4
"month","2025-01","loto",27,75,"75",10,9,0.3333333333333333,0.37037037037037035,7.29,1.0088,4
"month","2025-01","loto",27,87,"87",10,9,0.3333333333333333,0.37037037037037035,7.29,1.0088,4
"month","2025-01","loto",27,93,"93",10,10,0.37037037037037035,0.37037037037037035,7.29,1.0088,4
"month","2025-01","loto",27,94,"94",10,7,0.25925925925925924,0.37037037037037035,7.29,1.0088,4
"month","2025-01","loto",27,7,"07",9,8,0.2962962962962963,0.3333333333333333,7.29,0.6365,5
"month","2025-01","loto",27,23,"23",9,7,0.25925925925925924,0.3333333333333333,7.29,0.6365,5
"month","2025-01","loto",27,25,"25",9,9,0.3333333333333333,0.3333333333333333,7.29,0.6365,5
"month","2025-01","loto",27,40,"40",9,6,0.2222222222222222,0.3333333333333333,7.29,0.6365,5
"month","2025-01","loto",27,41,"41",9,8,0.2962962962962963,0.3333333333333333,7.29,0.6365,5
"month","2025-01","loto",27,46,"46",9,9,0.3333333333333333,0.3333333333333333,7.29,0.6365,5
"month","2025-01","loto",27,59,"59",9,7,0.25925925925925924,0.3333333333333333,7.29,0.6365,5
"month","2025-01","loto",27,70,"70",9,7,0.25925925925925924,0.3333333333333333,7.29,0.6365,5
"month","2025-01","loto",27,79,"79",9,9,0.3333333333333333,0.3333333333333333,7.29,0.6365,5
"month","2025-01","loto",27,3,"03",8,8,0.2962962962962963,0.2962962962962963,7.29,0.2643,6
"month","2025-01","loto",27,9,"09",8,8,0.2962962962962963,0.2962962962962963,7.29,0.2643,6
"month","2025-01","loto",27,16,"16",8,8,0.2962962962962963,0.2962962962962963,7.29,0.2643,6
"month","2025-01","loto",27,20,"20",8,8,0.2962962962962963,0.2962962962962963,7.29,0.2643,6
"month","2025-01","loto",27,31,"31",8,5,0.18518518518518517,0.2962962962962963,7.29,0.2643,6
"month","2025-01","loto",27,37,"37",8,7,0.25925925925925924,0.2962962962962963,7.29,0.2643,6
"month","2025-01","loto",27,52,"52",8,7,0.25925925925925924,0.2962962962962963,7.29,0.2643,6
"month","2025-01","loto",27,53,"53",8,5,0.18518518518518517,0.2962962962962963,7.29,0.2643,6
"month","2025-01","loto",27,63,"63",8,7,0.25925925925925924,0.2962962962962963,7.29,0.2643,6
"month","2025-01","loto",27,81,"81",8,8,0.2962962962962963,0.2962962962962963,7.29,0.2643,6
"month","2025-01","loto",27,99,"99",8,8,0.2962962962962963,0.2962962962962963,7.29,0.2643,6
"month","2025-01","loto",27,2,"02",7,7,0.25925925925925924,0.25925925925925924,7.29,-0.1079,7
"month","2025-01","loto",27,5,"05",7,7,0.25925925925925924,0.25925925925925924,7.29,-0.1079,7
"month","2025-01","loto",27,30,"30",7,7,0.25925925925925924,0.25925925925925924,7.29,-0.1079,7
"month","2025-01","loto",27,33,"33",7,5,0.18518518518518517,0.25925925925925924,7.29,-0.1079,7
"month","2025-01","loto",27,54,"54",7,7,0.25925925925925924,0.25925925925925924,7.29,-0.1079,7
"month","2025-01","loto",27,57,"57",7,6,0.2222222222222222,0.25925925925925924,7.29,-0.1079,7
"month","2025-01","loto",27,64,"64",7,7,0.25925925925925924,0.25925925925925924,7.29,-0.1079,7
"month","2025-01","loto",27,66,"66",7,6,0.2222222222222222,0.25925925925925924,7.29,-0.1079,7
"month","2025-01","loto",27,71,"71",7,7,0.25925925925925924,0.25925925925925924,7.29,-0.1079,7
"month","2025-01","loto",27,89,"89",7,6,0.2222222222222222,0.25925925925925924,7.29,-0.1079,7
"month","2025-01","loto",27,90,"90",7,6,0.2222222222222222,0.25925925925925924,7.29,-0.1079,7
"month","2025-01","loto",27,12,"12",6,6,0.2222222222222222,0.2222222222222222,7.29,-0.4802,8
"month","2025-01","loto",27,14,"14",6,6,0.2222222222222222,0.2222222222222222,7.29,-0.4802,8
"month","2025-01","loto",27,15,"15",6,5,0.18518518518518517,0.2222222222222222,7.29,-0.4802,8
"month","2025-01","loto",27,18,"18",6,6,0.2222222222222222,0.2222222222222222,7.29,-0.4802,8
"month","2025-01","loto",27,21,"21",6,5,0.18518518518518517,0.2222222222222222,7.29,-0.4802,8
"month","2025-01","loto",27,22,"22",6,6,0.2222222222222222,0.2222222222222222,7.29,-0.4802,8
"month","2025-01","loto",27,24,"24",6,5,0.18518518518518517,0.2222222222222222,7.29,-0.4802,8
"month","2025-01","loto",27,26,"26",6,6,0.2222222222222222,0.2222222222222222,7.29,-0.4802,8
"month","2025-01","loto",27,28,"28",6,6,0.2222222222222222,0.2222222222222222,7.29,-0.4802,8
"month","2025-01","loto",27,38,"38",6,5,0.18518518518518517,0.2222222222222222,7.29,-0.4802,8
"month","2025-01","loto",27,42,"42",6,6,0.2222222222222222,0.2222222222222222,7.29,-0.4802,8
"month","2025-01","loto",27,45,"45",6,6,0.2222222222222222,0.2222222222222222,7.29,-0.4802,8
"month","2025-01","loto",27,47,"47",6,5,0.18518518518518517,0.2222222222222222,7.29,-0.4802,8
"month","2025-01","loto",27,56,"56",6,5,0.18518518518518517,0.2222222222222222,7.29,-0.4802,8
"month","2025-01","loto",27,69,"69",6,6,0.2222222222222222,0.2222222222222222,7.29,-0.4802,8
"month","2025-01","loto",27,72,"72",6,5,0.18518518518518517,0.2222222222222222,7.29,-0.4802,8
"month","2025-01","loto",27,83,"83",6,4,0.14814814814814814,0.2222222222222222,7.29,-0.4802,8
"month","2025-01","loto",27,95,"95",6,6,0.2222222222222222,0.2222222222222222,7.29,-0.4802,8
"month","2025-01","loto",27,1,"01",5,5,0.18518518518518517,0.18518518518518517,7.29,-0.8524,9
"month","2025-01","loto",27,6,"06",5,5,0.18518518518518517,0.18518518518518517,7.29,-0.8524,9
"month","2025-01","loto",27,11,"11",5,4,0.14814814814814814,0.18518518518518517,7.29,-0.8524,9
"month","2025-01","loto",27,32,"32",5,5,0.18518518518518517,0.18518518518518517,7.29,-0.8524,9
"month","2025-01","loto",27,34,"34",5,5,0.18518518518518517,0.18518518518518517,7.29,-0.8524,9
"month","2025-01","loto",27,35,"35",5,5,0.18518518518518517,0.18518518518518517,7.29,-0.8524,9
"month","2025-01","loto",27,36,"36",5,5,0.18518518518518517,0.18518518518518517,7.29,-0.8524,9
"month","2025-01","loto",27,48,"48",5,5,0.18518518518518517,0.18518518518518517,7.29,-0.8524,9
"month","2025-01","loto",27,55,"55",5,5,0.18518518518518517,0.18518518518518517,7.29,-0.8524,9
"month","2025-01","loto",27,67,"67",5,4,0.14814814814814814,0.18518518518518517,7.29,-0.8524,9
"month","2025-01","loto",27,73,"73",5,5,0.18518518518518517,0.18518518518518517,7.29,-0.8524,9
"month","2025-01","loto",27,74,"74",5,5,0.18518518518518517,0.18518518518518517,7.29,-0.8524,9
"month","2025-01","loto",27,76,"76",5,5,0.18518518518518517,0.18518518518518517,7.29,-0.8524,9
"month","2025-01","loto",27,77,"77",5,4,0.14814814814814814,0.18518518518518517,7.29,-0.8524,9
"month","2025-01","loto",27,80,"80",5,5,0.18518518518518517,0.18518518518518517,7.29,-0.8524,9
"month","2025-01","loto",27,82,"82",5,5,0.18518518518518517,0.18518518518518517,7.29,-0.8524,9
"month","2025-01","loto",27,85,"85",5,4,0.14814814814814814,0.18518518518518517,7.29,-0.8524,9
"month","2025-01","loto",27,96,"96",5,5,0.18518518518518517,0.18518518518518517,7.29,-0.8524,9
"month","2025-01","loto",27,97,"97",5,4,0.14814814814814814,0.18518518518518517,7.29,-0.8524,9
"month","2025-01","loto",27,98,"98",5,5,0.18518518518518517,0.18518518518518517,7.29,-0.8524,9
"month","2025-01","loto",27,43,"43",4,4,0.14814814814814814,0.14814814814814814,7.29,-1.2247,10
"month","2025-01","loto",27,44,"44",4,4,0.14814814814814814,0.14814814814814814,7.29,-1.2247,10
"month","2025-01","loto",27,49,"49",4,4,0.14814814814814814,0.14814814814814814,7.29,-1.2247,10
"month","2025-01","loto",27,78,"78",4,4,0.14814814814814814,0.14814814814814814,7.29,-1.2247,10
"month","2025-01","loto",27,84,"84",4,4,0.14814814814814814,0.14814814814814814,7.29,-1.2247,10
"month","2025-01","loto",27,92,"92",4,4,0.14814814814814814,0.14814814814814814,7.29,-1.2247,10
"month","2025-01","loto",27,60,"60",3,3,0.1111111111111111,0.1111111111111111,7.29,-1.5969,11
"month","2025-01","loto",27,65,"65",3,3,0.1111111111111111,0.1111111111111111,7.29,-1.5969,11
"month","2025-01","loto",27,4,"04",2,2,0.07407407407407407,0.07407407407407407,7.29,-1.9691,12
"month","2025-02","loto",28,91,"91",17,13,0.4642857142857143,0.6071428571428571,7.56,3.4506,1
"month","2025-02","loto",28,58,"58",15,13,0.4642857142857143,0.5357142857142857,7.56,2.7195,2
"month","2025-02","loto",28,24,"24",13,12,0.42857142857142855,0.4642857142857143,7.56,1.9885,3
"month","2025-02","loto",28,41,"41",13,12,0.42857142857142855,0.4642857142857143,7.56,1.9885,3
"month","2025-02","loto",28,47,"47",13,10,0.35714285714285715,0.4642857142857143,7.56,1.9885,3
"month","2025-02","loto",28,54,"54",13,10,0.35714285714285715,0.4642857142857143,7.56,1.9885,3
"month","2025-02","loto",28,96,"96",12,8,0.2857142857142857,0.42857142857142855,7.56,1.6229,4
"month","2025-02","loto",28,2,"02",11,8,0.2857142857142857,0.39285714285714285,7.56,1.2574,5
"month","2025-02","loto",28,18,"18",11,10,0.35714285714285715,0.39285714285714285,7.56,1.2574,5
"month","2025-02","loto",28,32,"32",11,9,0.32142857142857145,0.39285714285714285,7.56,1.2574,5
"month","2025-02","loto",28,42,"42",11,11,0.39285714285714285,0.39285714285714285,7.56,1.2574,5
"month","2025-02","loto",28,57,"57",11,10,0.35714285714285715,0.39285714285714285,7.56,1.2574,5
"month","2025-02","loto",28,77,"77",11,9,0.32142857142857145,0.39285714285714285,7.56,1.2574,5
"month","2025-02","loto",28,80,"80",11,8,0.2857142857142857,0.39285714285714285,7.56,1.2574,5
"month","2025-02","loto",28,97,"97",11,10,0.35714285714285715,0.39285714285714285,7.56,1.2574,5
"month","2025-02","loto",28,98,"98",11,8,0.2857142857142857,0.39285714285714285,7.56,1.2574,5
"month","2025-02","loto",28,4,"04",10,6,0.21428571428571427,0.35714285714285715,7.56,0.8919,6
"month","2025-02","loto",28,37,"37",10,9,0.32142857142857145,0.35714285714285715,7.56,0.8919,6
"month","2025-02","loto",28,61,"61",10,8,0.2857142857142857,0.35714285714285715,7.56,0.8919,6
"month","2025-02","loto",28,62,"62",10,7,0.25,0.35714285714285715,7.56,0.8919,6
"month","2025-02","loto",28,65,"65",10,8,0.2857142857142857,0.35714285714285715,7.56,0.8919,6
"month","2025-02","loto",28,71,"71",10,7,0.25,0.35714285714285715,7.56,0.8919,6
"month","2025-02","loto",28,84,"84",10,9,0.32142857142857145,0.35714285714285715,7.56,0.8919,6
"month","2025-02","loto",28,14,"14",9,9,0.32142857142857145,0.32142857142857145,7.56,0.5264,7
"month","2025-02","loto",28,17,"17",9,8,0.2857142857142857,0.32142857142857145,7.56,0.5264,7
"month","2025-02","loto",28,19,"19",9,7,0.25,0.32142857142857145,7.56,0.5264,7
"month","2025-02","loto",28,25,"25",9,9,0.32142857142857145,0.32142857142857145,7.56,0.5264,7
"month","2025-02","loto",28,29,"29",9,8,0.2857142857142857,0.32142857142857145,7.56,0.5264,7
"month","2025-02","loto",28,35,"35",9,7,0.25,0.32142857142857145,7.56,0.5264,7
"month","2025-02","loto",28,39,"39",9,7,0.25,0.32142857142857145,7.56,0.5264,7
"month","2025-02","loto",28,50,"50",9,7,0.25,0.32142857142857145,7.56,0.5264,7
"month","2025-02","loto",28,53,"53",9,8,0.2857142857142857,0.32142857142857145,7.56,0.5264,7
"month","2025-02","loto",28,55,"55",9,6,0.21428571428571427,0.32142857142857145,7.56,0.5264,7
"month","2025-02","loto",28,60,"60",9,8,0.2857142857142857,0.32142857142857145,7.56,0.5264,7
"month","2025-02","loto",28,67,"67",9,9,0.32142857142857145,0.32142857142857145,7.56,0.5264,7
"month","2025-02","loto",28,68,"68",9,7,0.25,0.32142857142857145,7.56,0.5264,7
"month","2025-02","loto",28,81,"81",9,7,0.25,0.32142857142857145,7.56,0.5264,7
"month","2025-02","loto",28,92,"92",9,9,0.32142857142857145,0.32142857142857145,7.56,0.5264,7
"month","2025-02","loto",28,94,"94",9,9,0.32142857142857145,0.32142857142857145,7.56,0.5264,7
"month","2025-02","loto",28,99,"99",9,8,0.2857142857142857,0.32142857142857145,7.56,0.5264,7
"month","2025-02","loto",28,1,"01",8,7,0.25,0.2857142857142857,7.56,0.1608,8
"month","2025-02","loto",28,11,"11",8,8,0.2857142857142857,0.2857142857142857,7.56,0.1608,8
"month","2025-02","loto",28,23,"23",8,8,0.2857142857142857,0.2857142857142857,7.56,0.1608,8
"month","2025-02","loto",28,33,"33",8,7,0.25,0.2857142857142857,7.56,0.1608,8
"month","2025-02","loto",28,38,"38",8,7,0.25,0.2857142857142857,7.56,0.1608,8
"month","2025-02","loto",28,44,"44",8,7,0.25,0.2857142857142857,7.56,0.1608,8
"month","2025-02","loto",28,48,"48",8,7,0.25,0.2857142857142857,7.56,0.1608,8
"month","2025-02","loto",28,59,"59",8,7,0.25,0.2857142857142857,7.56,0.1608,8
"month","2025-02","loto",28,63,"63",8,8,0.2857142857142857,0.2857142857142857,7.56,0.1608,8
"month","2025-02","loto",28,75,"75",8,8,0.2857142857142857,0.2857142857142857,7.56,0.1608,8
"month","2025-02","loto",28,82,"82",8,8,0.2857142857142857,0.2857142857142857,7.56,0.1608,8
"month","2025-02","loto",28,90,"90",8,8,0.2857142857142857,0.2857142857142857,7.56,0.1608,8
"month","2025-02","loto",28,21,"21",7,7,0.25,0.25,7.56,-0.2047,9
"month","2025-02","loto",28,27,"27",7,6,0.21428571428571427,0.25,7.56,-0.2047,9
"month","2025-02","loto",28,28,"28",7,6,0.21428571428571427,0.25,7.56,-0.2047,9
"month","2025-02","loto",28,36,"36",7,6,0.21428571428571427,0.25,7.56,-0.2047,9
"month","2025-02","loto",28,49,"49",7,6,0.21428571428571427,0.25,7.56,-0.2047,9
"month","2025-02","loto",28,64,"64",7,7,0.25,0.25,7.56,-0.2047,9
"month","2025-02","loto",28,66,"66",7,7,0.25,0.25,7.56,-0.2047,9
"month","2025-02","loto",28,70,"70",7,7,0.25,0.25,7.56,-0.2047,9
"month","2025-02","loto",28,74,"74",7,6,0.21428571428571427,0.25,7.56,-0.2047,9
"month","2025-02","loto",28,86,"86",7,6,0.21428571428571427,0.25,7.56,-0.2047,9
"month","2025-02","loto",28,95,"95",7,7,0.25,0.25,7.56,-0.2047,9
"month","2025-02","loto",28,8,"08",6,5,0.17857142857142858,0.21428571428571427,7.56,-0.5702,10
"month","2025-02","loto",28,9,"09",6,6,0.21428571428571427,0.21428571428571427,7.56,-0.5702,10
"month","2025-02","loto",28,13,"13",6,6,0.21428571428571427,0.21428571428571427,7.56,-0.5702,10
"month","2025-02","loto",28,20,"20",6,6,0.21428571428571427,0.21428571428571427,7.56,-0.5702,10
"month","2025-02","loto",28,46,"46",6,4,0.14285714285714285,0.21428571428571427,7.56,-0.5702,10
"month","2025-02","loto",28,51,"51",6,4,0.14285714285714285,0.21428571428571427,7.56,-0.5702,10
"month","2025-02","loto",28,56,"56",6,6,0.21428571428571427,0.21428571428571427,7.56,-0.5702,10
"month","2025-02","loto",28,73,"73",6,6,0.21428571428571427,0.21428571428571427,7.56,-0.5702,10
"month","2025-02","loto",28,76,"76",6,5,0.17857142857142858,0.21428571428571427,7.56,-0.5702,10
"month","2025-02","loto",28,78,"78",6,6,0.21428571428571427,0.21428571428571427,7.56,-0.5702,10
"month","2025-02","loto",28,79,"79",6,6,0.21428571428571427,0.21428571428571427,7.56,-0.5702,10
"month","2025-02","loto",28,0,"00",5,4,0.14285714285714285,0.17857142857142858,7.56,-0.9358,11
"month","2025-02","loto",28,7,"07",5,5,0.17857142857142858,0.17857142857142858,7.56,-0.9358,11
"month","2025-02","loto",28,12,"12",5,5,0.17857142857142858,0.17857142857142858,7.56,-0.9358,11
"month","2025-02","loto",28,16,"16",5,4,0.14285714285714285,0.17857142857142858,7.56,-0.9358,11
"month","2025-02","loto",28,26,"26",5,5,0.17857142857142858,0.17857142857142858,7.56,-0.9358,11
"month","2025-02","loto",28,31,"31",5,5,0.17857142857142858,0.17857142857142858,7.56,-0.9358,11
"month","2025-02","loto",28,40,"40",5,4,0.14285714285714285,0.17857142857142858,7.56,-0.9358,11
"month","2025-02","loto",28,45,"45",5,5,0.17857142857142858,0.17857142857142858,7.56,-0.9358,11
"month","2025-02","loto",28,69,"69",5,4,0.14285714285714285,0.17857142857142858,7.56,-0.9358,11
"month","2025-02","loto",28,93,"93",5,5,0.17857142857142858,0.17857142857142858,7.56,-0.9358,11
"month","2025-02","loto",28,5,"05",4,4,0.14285714285714285,0.14285714285714285,7.56,-1.3013,12
"month","2025-02","loto",28,10,"10",4,4,0.14285714285714285,0.14285714285714285,7.56,-1.3013,12
"month","2025-02","loto",28,22,"22",4,4,0.14285714285714285,0.14285714285714285,7.56,-1.3013,12
"month","2025-02","loto",28,30,"30",4,4,0.14285714285714285,0.14285714285714285,7.56,-1.3013,12
"month","2025-02","loto",28,87,"87",4,3,0.10714285714285714,0.14285714285714285,7.56,-1.3013,12
"month","2025-02","loto",28,88,"88",4,4,0.14285714285714285,0.14285714285714285,7.56,-1.3013,12
"month","2025-02","loto",28,89,"89",4,4,0.14285714285714285,0.14285714285714285,7.56,-1.3013,12
"month","2025-02","loto",28,6,"06",3,3,0.10714285714285714,0.10714285714285714,7.56,-1.6668,13
"month","2025-02","loto",28,43,"43",3,3,0.10714285714285714,0.10714285714285714,7.56,-1.6668,13
"month","2025-02","loto",28,83,"83",3,3,0.10714285714285714,0.10714285714285714,7.56,-1.6668,13
"month","2025-02","loto",28,85,"85",3,3,0.10714285714285714,0.10714285714285714,7.56,-1.6668,13
"month","2025-02","loto",28,3,"03",2,2,0.07142857142857142,0.07142857142857142,7.56,-2.0323,14
"month","2025-02","loto",28,15,"15",2,2,0.07142857142857142,0.07142857142857142,7.56,-2.0323,14
"month","2025-02","loto",28,34,"34",2,2,0.07142857142857142,0.07142857142857142,7.56,-2.0323,14
"month","2025-02","loto",28,52,"52",2,2,0.07142857142857142,0.07142857142857142,7.56,-2.0323,14
"month","2025-02","loto",28,72,"72",1,1,0.03571428571428571,0.03571428571428571,7.56,-2.3979,15
"month","2025-03","loto",31,61,"61",17,15,0.4838709677419355,0.5483870967741935,8.37,2.998,1
"month","2025-03","loto",31,25,"25",15,13,0.41935483870967744,0.4838709677419355,8.37,2.3032,2
"month","2025-03","loto",31,44,"44",15,13,0.41935483870967744,0.4838709677419355,8.37,2.3032,2
"month","2025-03","loto",31,31,"31",14,11,0.3548387096774194,0.45161290322580644,8.37,1.9558,3
"month","2025-03","loto",31,63,"63",14,11,0.3548387096774194,0.45161290322580644,8.37,1.9558,3
"month","2025-03","loto",31,9,"09",13,10,0.3225806451612903,0.41935483870967744,8.37,1.6084,4
"month","2025-03","loto",31,68,"68",13,12,0.3870967741935484,0.41935483870967744,8.37,1.6084,4
"month","2025-03","loto",31,17,"17",12,12,0.3870967741935484,0.3870967741935484,8.37,1.261,5
"month","2025-03","loto",31,53,"53",12,10,0.3225806451612903,0.3870967741935484,8.37,1.261,5
"month","2025-03","loto",31,72,"72",12,11,0.3548387096774194,0.3870967741935484,8.37,1.261,5
"month","2025-03","loto",31,85,"85",12,9,0.2903225806451613,0.3870967741935484,8.37,1.261,5
"month","2025-03","loto",31,15,"15",11,9,0.2903225806451613,0.3548387096774194,8.37,0.9136,6
"month","2025-03","loto",31,32,"32",11,9,0.2903225806451613,0.3548387096774194,8.37,0.9136,6
"month","2025-03","loto",31,39,"39",11,9,0.2903225806451613,0.3548387096774194,8.37,0.9136,6
"month","2025-03","loto",31,43,"43",11,9,0.2903225806451613,0.3548387096774194,8.37,0.9136,6
"month","2025-03","loto",31,47,"47",11,9,0.2903225806451613,0.3548387096774194,8.37,0.9136,6
"month","2025-03","loto",31,48,"48",11,9,0.2903225806451613,0.3548387096774194,8.37,0.9136,6
"month","2025-03","loto",31,54,"54",11,9,0.2903225806451613,0.3548387096774194,8.37,0.9136,6
"month","2025-03","loto",31,67,"67",11,8,0.25806451612903225,0.3548387096774194,8.37,0.9136,6
"month","2025-03","loto",31,79,"79",11,10,0.3225806451612903,0.3548387096774194,8.37,0.9136,6
"month","2025-03","loto",31,88,"88",11,10,0.3225806451612903,0.3548387096774194,8.37,0.9136,6
"month","2025-03","loto",31,99,"99",11,9,0.2903225806451613,0.3548387096774194,8.37,0.9136,6
"month","2025-03","loto",31,16,"16",10,6,0.1935483870967742,0.3225806451612903,8.37,0.5662,7
"month","2025-03","loto",31,46,"46",10,9,0.2903225806451613,0.3225806451612903,8.37,0.5662,7
"month","2025-03","loto",31,66,"66",10,8,0.25806451612903225,0.3225806451612903,8.37,0.5662,7
"month","2025-03","loto",31,71,"71",10,7,0.22580645161290322,0.3225806451612903,8.37,0.5662,7
"month","2025-03","loto",31,74,"74",10,10,0.3225806451612903,0.3225806451612903,8.37,0.5662,7
"month","2025-03","loto",31,83,"83",10,8,0.25806451612903225,0.3225806451612903,8.37,0.5662,7
"month","2025-03","loto",31,95,"95",10,10,0.3225806451612903,0.3225806451612903,8.37,0.5662,7
"month","2025-03","loto",31,2,"02",9,8,0.25806451612903225,0.2903225806451613,8.37,0.2189,8
"month","2025-03","loto",31,5,"05",9,7,0.22580645161290322,0.2903225806451613,8.37,0.2189,8
"month","2025-03","loto",31,19,"19",9,7,0.22580645161290322,0.2903225806451613,8.37,0.2189,8
"month","2025-03","loto",31,21,"21",9,7,0.22580645161290322,0.2903225806451613,8.37,0.2189,8
"month","2025-03","loto",31,22,"22",9,9,0.2903225806451613,0.2903225806451613,8.37,0.2189,8
"month","2025-03","loto",31,27,"27",9,6,0.1935483870967742,0.2903225806451613,8.37,0.2189,8
"month","2025-03","loto",31,38,"38",9,8,0.25806451612903225,0.2903225806451613,8.37,0.2189,8
"month","2025-03","loto",31,57,"57",9,9,0.2903225806451613,0.2903225806451613,8.37,0.2189,8
"month","2025-03","loto",31,65,"65",9,9,0.2903225806451613,0.2903225806451613,8.37,0.2189,8
"month","2025-03","loto",31,69,"69",9,8,0.25806451612903225,0.2903225806451613,8.37,0.2189,8
"month","2025-03","loto",31,75,"75",9,8,0.25806451612903225,0.2903225806451613,8.37,0.2189,8
"month","2025-03","loto",31,82,"82",9,9,0.2903225806451613,0.2903225806451613,8.37,0.2189,8
"month","2025-03","loto",31,91,"91",9,9,0.2903225806451613,0.2903225806451613,8.37,0.2189,8
"month","2025-03","loto",31,98,"98",9,8,0.25806451612903225,0.2903225806451613,8.37,0.2189,8
"month","2025-03","loto",31,1,"01",8,8,0.25806451612903225,0.25806451612903225,8.37,-0.1285,9
"month","2025-03","loto",31,3,"03",8,8,0.25806451612903225,0.25806451612903225,8.37,-0.1285,9
"month","2025-03","loto",31,6,"06",8,7,0.22580645161290322,0.25806451612903225,8.37,-0.1285,9
"month","2025-03","loto",31,10,"10",8,7,0.22580645161290322,0.25806451612903225,8.37,-0.1285,9
"month","2025-03","loto",31,12,"12",8,7,0.22580645161290322,0.25806451612903225,8.37,-0.1285,9
"month","2025-03","loto",31,18,"18",8,7,0.22580645161290322,0.25806451612903225,8.37,-0.1285,9
"month","2025-03","loto",31,24,"24",8,8,0.25806451612903225,0.25806451612903225,8.37,-0.1285,9
"month","2025-03","loto",31,34,"34",8,8,0.25806451612903225,0.25806451612903225,8.37,-0.1285,9
"month","2025-03","loto",31,50,"50",8,7,0.22580645161290322,0.25806451612903225,8.37,-0.1285,9
"month","2025-03","loto",31,59,"59",8,7,0.22580645161290322,0.25806451612903225,8.37,-0.1285,9
"month","2025-03","loto",31,60,"60",8,7,0.22580645161290322,0.25806451612903225,8.37,-0.1285,9
"month","2025-03","loto",31,73,"73",8,8,0.25806451612903225,0.25806451612903225,8.37,-0.1285,9
"month","2025-03","loto",31,76,"76",8,6,0.1935483870967742,0.25806451612903225,8.37,-0.1285,9
"month","2025-03","loto",31,81,"81",8,8,0.25806451612903225,0.25806451612903225,8.37,-0.1285,9
"month","2025-03","loto",31,86,"86",8,7,0.22580645161290322,0.25806451612903225,8.37,-0.1285,9
"month","2025-03","loto",31,90,"90",8,8,0.25806451612903225,0.25806451612903225,8.37,-0.1285,9
"month","2025-03","loto",31,92,"92",8,8,0.25806451612903225,0.25806451612903225,8.37,-0.1285,9
"month","2025-03","loto",31,8,"08",7,6,0.1935483870967742,0.22580645161290322,8.37,-0.4759,10
"month","2025-03","loto",31,26,"26",7,6,0.1935483870967742,0.22580645161290322,8.37,-0.4759,10
"month","2025-03","loto",31,30,"30",7,5,0.16129032258064516,0.22580645161290322,8.37,-0.4759,10
"month","2025-03","loto",31,33,"33",7,7,0.22580645161290322,0.22580645161290322,8.37,-0.4759,10
"month","2025-03","loto",31,40,"40",7,4,0.12903225806451613,0.22580645161290322,8.37,-0.4759,10
"month","2025-03","loto",31,45,"45",7,7,0.22580645161290322,0.22580645161290322,8.37,-0.4759,10
"month","2025-03","loto",31,51,"51",7,6,0.1935483870967742,0.22580645161290322,8.37,-0.4759,10
"month","2025-03","loto",31,52,"52",7,7,0.22580645161290322,0.22580645161290322,8.37,-0.4759,10
"month","2025-03","loto",31,56,"56",7,6,0.1935483870967742,0.22580645161290322,8.37,-0.4759,10
"month","2025-03","loto",31,62,"62",7,7,0.22580645161290322,0.22580645161290322,8.37,-0.4759,10
"month","2025-03","loto",31,70,"70",7,7,0.22580645161290322,0.22580645161290322,8.37,-0.4759,10
"month","2025-03","loto",31,80,"80",7,7,0.22580645161290322,0.22580645161290322,8.37,-0.4759,10
"month","2025-03","loto",31,4,"04",6,5,0.16129032258064516,0.1935483870967742,8.37,-0.8233,11
"month","2025-03","loto",31,7,"07",6,6,0.1935483870967742,0.1935483870967742,8.37,-0.8233,11
"month","2025-03","loto",31,11,"11",6,5,0.16129032258064516,0.1935483870967742,8.37,-0.8233,11
"month","2025-03","loto",31,13,"13",6,6,0.1935483870967742,0.1935483870967742,8.37,-0.8233,11
"month","2025-03","loto",31,14,"14",6,6,0.1935483870967742,0.1935483870967742,8.37,-0.8233,11
"month","2025-03","loto",31,23,"23",6,6,0.1935483870967742,0.1935483870967742,8.37,-0.8233,11
"month","2025-03","loto",31,28,"28",6,6,0.1935483870967742,0.1935483870967742,8.37,-0.8233,11
"month","2025-03","loto",31,37,"37",6,5,0.16129032258064516,0.1935483870967742,8.37,-0.8233,11
"month","2025-03","loto",31,58,"58",6,5,0.16129032258064516,0.1935483870967742,8.37,-0.8233,11
"month","2025-03","loto",31,78,"78",6,5,0.16129032258064516,0.1935483870967742,8.37,-0.8233,11
"month","2025-03","loto",31,87,"87",6,5,0.16129032258064516,0.1935483870967742,8.37,-0.8233,11
"month","2025-03","loto",31,93,"93",6,6,0.1935483870967742,0.1935483870967742,8.37,-0.8233,11
"month","2025-03","loto",31,94,"94",6,5,0.16129032258064516,0.1935483870967742,8.37,-0.8233,11
"month","2025-03","loto",31,0,"00",5,4,0.12903225806451613,0.16129032258064516,8.37,-1.1707,12
"month","2025-03","loto",31,29,"29",5,5,0.16129032258064516,0.16129032258064516,8.37,-1.1707,12
"month","2025-03","loto",31,35,"35",5,4,0.12903225806451613,0.16129032258064516,8.37,-1.1707,12
"month","2025-03","loto",31,36,"36",5,3,0.0967741935483871,0.16129032258064516,8.37,-1.1707,12
"month","2025-03","loto",31,41,"41",5,4,0.12903225806451613,0.16129032258064516,8.37,-1.1707,12
"month","2025-03","loto",31,42,"42",5,5,0.16129032258064516,0.16129032258064516,8.37,-1.1707,12
"month","2025-03","loto",31,49,"49",5,5,0.16129032258064516,0.16129032258064516,8.37,-1.1707,12
"month","2025-03","loto",31,64,"64",5,5,0.16129032258064516,0.16129032258064516,8.37,-1.1707,12
"month","2025-03","loto",31,77,"77",5,4,0.12903225806451613,0.16129032258064516,8.37,-1.1707,12
"month","2025-03","loto",31,84,"84",5,5,0.16129032258064516,0.16129032258064516,8.37,-1.1707,12
"month","2025-03","loto",31,89,"89",5,4,0.12903225806451613,0.16129032258064516,8.37,-1.1707,12
"month","2025-03","loto",31,96,"96",5,4,0.12903225806451613,0.16129032258064516,8.37,-1.1707,12
"month","2025-03","loto",31,97,"97",5,4,0.12903225806451613,0.16129032258064516,8.37,-1.1707,12
"month","2025-03","loto",31,20,"20",4,4,0.12903225806451613,0.12903225806451613,8.37,-1.5181,13
"month","2025-03","loto",31,55,"55",4,4,0.12903225806451613,0.12903225806451613,8.37,-1.5181,13
"month","2025-04","loto",30,6,"06",13,10,0.3333333333333333,0.43333333333333335,8.1,1.7304,1
"month","2025-04","loto",30,9,"09",13,10,0.3333333333333333,0.43333333333333335,8.1,1.7304,1
"month","2025-04","loto",30,35,"35",13,12,0.4,0.43333333333333335,8.1,1.7304,1
"month","2025-04","loto",30,49,"49",13,11,0.36666666666666664,0.43333333333333335,8.1,1.7304,1
"month","2025-04","loto",30,77,"77",13,12,0.4,0.43333333333333335,8.1,1.7304,1
"month","2025-04","loto",30,92,"92",13,11,0.36666666666666664,0.43333333333333335,8.1,1.7304,1
"month","2025-04","loto",30,43,"43",12,10,0.3333333333333333,0.4,8.1,1.3772,2
"month","2025-04","loto",30,45,"45",12,11,0.36666666666666664,0.4,8.1,1.3772,2
"month","2025-04","loto",30,53,"53",12,10,0.3333333333333333,0.4,8.1,1.3772,2
"month","2025-04","loto",30,57,"57",12,9,0.3,0.4,8.1,1.3772,2
"month","2025-04","loto",30,60,"60",12,12,0.4,0.4,8.1,1.3772,2
"month","2025-04","loto",30,5,"05",11,8,0.26666666666666666,0.36666666666666664,8.1,1.0241,3
"month","2025-04","loto",30,15,"15",11,9,0.3,0.36666666666666664,8.1,1.0241,3
"month","2025-04","loto",30,18,"18",11,8,0.26666666666666666,0.36666666666666664,8.1,1.0241,3
"month","2025-04","loto",30,40,"40",11,10,0.3333333333333333,0.36666666666666664,8.1,1.0241,3
"month","2025-04","loto",30,52,"52",11,10,0.3333333333333333,0.36666666666666664,8.1,1.0241,3
"month","2025-04","loto",30,65,"65",11,8,0.26666666666666666,0.36666666666666664,8.1,1.0241,3
"month","2025-04","loto",30,78,"78",11,9,0.3,0.36666666666666664,8.1,1.0241,3
"month","2025-04","loto",30,79,"79",11,10,0.3333333333333333,0.36666666666666664,8.1,1.0241,3
"month","2025-04","loto",30,98,"98",11,9,0.3,0.36666666666666664,8.1,1.0241,3
"month","2025-04","loto",30,7,"07",10,8,0.26666666666666666,0.3333333333333333,8.1,0.671,4
"month","2025-04","loto",30,8,"08",10,10,0.3333333333333333,0.3333333333333333,8.1,0.671,4
"month","2025-04","loto",30,13,"13",10,9,0.3,0.3333333333333333,8.1,0.671,4
"month","2025-04","loto",30,19,"19",10,9,0.3,0.3333333333333333,8.1,0.671,4
"month","2025-04","loto",30,23,"23",10,9,0.3,0.3333333333333333,8.1,0.671,4
"month","2025-04","loto",30,28,"28",10,9,0.3,0.3333333333333333,8.1,0.671,4
"month","2025-04","loto",30,38,"38",10,9,0.3,0.3333333333333333,8.1,0.671,4
"month","2025-04","loto",30,39,"39",10,9,0.3,0.3333333333333333,8.1,0.671,4
"month","2025-04","loto",30,44,"44",10,8,0.26666666666666666,0.3333333333333333,8.1,0.671,4
"month","2025-04","loto",30,48,"48",10,9,0.3,0.3333333333333333,8.1,0.671,4
"month","2025-04","loto",30,54,"54",10,7,0.23333333333333334,0.3333333333333333,8.1,0.671,4
"month","2025-04","loto",30,82,"82",10,10,0.3333333333333333,0.3333333333333333,8.1,0.671,4
"month","2025-04","loto",30,86,"86",10,8,0.26666666666666666,0.3333333333333333,8.1,0.671,4
"month","2025-04","loto",30,90,"90",10,9,0.3,0.3333333333333333,8.1,0.671,4
"month","2025-04","loto",30,91,"91",10,9,0.3,0.3333333333333333,8.1,0.671,4
"month","2025-04","loto",30,97,"97",10,9,0.3,0.3333333333333333,8.1,0.671,4
"month","2025-04","loto",30,22,"22",9,7,0.23333333333333334,0.3,8.1,0.3178,5
"month","2025-04","loto",30,24,"24",9,8,0.26666666666666666,0.3,8.1,0.3178,5
"month","2025-04","loto",30,31,"31",9,9,0.3,0.3,8.1,0.3178,5
"month","2025-04","loto",30,32,"32",9,8,0.26666666666666666,0.3,8.1,0.3178,5
"month","2025-04","loto",30,42,"42",9,8,0.26666666666666666,0.3,8.1,0.3178,5
"month","2025-04","loto",30,47,"47",9,8,0.26666666666666666,0.3,8.1,0.3178,5
"month","2025-04","loto",30,50,"50",9,8,0.26666666666666666,0.3,8.1,0.3178,5
"month","2025-04","loto",30,58,"58",9,7,0.23333333333333334,0.3,8.1,0.3178,5
"month","2025-04","loto",30,75,"75",9,9,0.3,0.3,8.1,0.3178,5
"month","2025-04","loto",30,81,"81",9,7,0.23333333333333334,0.3,8.1,0.3178,5
"month","2025-04","loto",30,94,"94",9,7,0.23333333333333334,0.3,8.1,0.3178,5
"month","2025-04","loto",30,96,"96",9,7,0.23333333333333334,0.3,8.1,0.3178,5
"month","2025-04","loto",30,3,"03",8,8,0.26666666666666666,0.26666666666666666,8.1,-0.0353,6
"month","2025-04","loto",30,4,"04",8,8,0.26666666666666666,0.26666666666666666,8.1,-0.0353,6
"month","2025-04","loto",30,14,"14",8,7,0.23333333333333334,0.26666666666666666,8.1,-0.0353,6
"month","2025-04","loto",30,21,"21",8,7,0.23333333333333334,0.26666666666666666,8.1,-0.0353,6
"month","2025-04","loto",30,33,"33",8,8,0.26666666666666666,0.26666666666666666,8.1,-0.0353,6
"month","2025-04","loto",30,56,"56",8,8,0.26666666666666666,0.26666666666666666,8.1,-0.0353,6
"month","2025-04","loto",30,66,"66",8,7,0.23333333333333334,0.26666666666666666,8.1,-0.0353,6
"month","2025-04","loto",30,67,"67",8,8,0.26666666666666666,0.26666666666666666,8.1,-0.0353,6
"month","2025-04","loto",30,76,"76",8,7,0.23333333333333334,0.26666666666666666,8.1,-0.0353,6
"month","2025-04","loto",30,85,"85",8,7,0.23333333333333334,0.26666666666666666,8.1,-0.0353,6
"month","2025-04","loto",30,89,"89",8,8,0.26666666666666666,0.26666666666666666,8.1,-0.0353,6
"month","2025-04","loto",30,10,"10",7,5,0.16666666666666666,0.23333333333333334,8.1,-0.3884,7
"month","2025-04","loto",30,16,"16",7,7,0.23333333333333334,0.23333333333333334,8.1,-0.3884,7
"month","2025-04","loto",30,59,"59",7,7,0.23333333333333334,0.23333333333333334,8.1,-0.3884,7
"month","2025-04","loto",30,63,"63",7,7,0.23333333333333334,0.23333333333333334,8.1,-0.3884,7
"month","2025-04","loto",30,68,"68",7,6,0.2,0.23333333333333334,8.1,-0.3884,7
"month","2025-04","loto",30,69,"69",7,6,0.2,0.23333333333333334,8.1,-0.3884,7
"month","2025-04","loto",30,71,"71",7,7,0.23333333333333334,0.23333333333333334,8.1,-0.3884,7
"month","2025-04","loto",30,73,"73",7,6,0.2,0.23333333333333334,8.1,-0.3884,7
"month","2025-04","loto",30,80,"80",7,7,0.23333333333333334,0.23333333333333334,8.1,-0.3884,7
"month","2025-04","loto",30,87,"87",7,5,0.16666666666666666,0.23333333333333334,8.1,-0.3884,7
"month","2025-04","loto",30,0,"00",6,4,0.13333333333333333,0.2,8.1,-0.7416,8
"month","2025-04","loto",30,17,"17",6,6,0.2,0.2,8.1,-0.7416,8
"month","2025-04","loto",30,25,"25",6,6,0.2,0.2,8.1,-0.7416,8
"month","2025-04","loto",30,30,"30",6,5,0.16666666666666666,0.2,8.1,-0.7416,8
"month","2025-04","loto",30,55,"55",6,6,0.2,0.2,8.1,-0.7416,8
"month","2025-04","loto",30,64,"64",6,6,0.2,0.2,8.1,-0.7416,8
"month","2025-04","loto",30,74,"74",6,5,0.16666666666666666,0.2,8.1,-0.7416,8
"month","2025-04","loto",30,83,"83",6,6,0.2,0.2,8.1,-0.7416,8
"month","2025-04","loto",30,88,"88",6,6,0.2,0.2,8.1,-0.7416,8
"month","2025-04","loto",30,99,"99",6,5,0.16666666666666666,0.2,8.1,-0.7416,8
"month","2025-04","loto",30,1,"01",5,5,0.16666666666666666,0.16666666666666666,8.1,-1.0947,9
"month","2025-04","loto",30,2,"02",5,3,0.1,0.16666666666666666,8.1,-1.0947,9
"month","2025-04","loto",30,11,"11",5,5,0.16666666666666666,0.16666666666666666,8.1,-1.0947,9
"month","2025-04","loto",30,12,"12",5,4,0.13333333333333333,0.16666666666666666,8.1,-1.0947,9
"month","2025-04","loto",30,27,"27",5,5,0.16666666666666666,0.16666666666666666,8.1,-1.0947,9
"month","2025-04","loto",30,46,"46",5,5,0.16666666666666666,0.16666666666666666,8.1,-1.0947,9
"month","2025-04","loto",30,61,"61",5,4,0.13333333333333333,0.16666666666666666,8.1,-1.0947,9
"month","2025-04","loto",30,62,"62",5,5,0.16666666666666666,0.16666666666666666,8.1,-1.0947,9
"month","2025-04","loto",30,70,"70",5,5,0.16666666666666666,0.16666666666666666,8.1,-1.0947,9
"month","2025-04","loto",30,26,"26",4,4,0.13333333333333333,0.13333333333333333,8.1,-1.4479,10
"month","2025-04","loto",30,34,"34",4,4,0.13333333333333333,0.13333333333333333,8.1,-1.4479,10
"month","2025-04","loto",30,36,"36",4,4,0.13333333333333333,0.13333333333333333,8.1,-1.4479,10
"month","2025-04","loto",30,37,"37",4,3,0.1,0.13333333333333333,8.1,-1.4479,10
"month","2025-04","loto",30,84,"84",4,4,0.13333333333333333,0.13333333333333333,8.1,-1.4479,10
"month","2025-04","loto",30,93,"93",4,4,0.13333333333333333,0.13333333333333333,8.1,-1.4479,10
"month","2025-04","loto",30,20,"20",3,3,0.1,0.1,8.1,-1.801,11
"month","2025-04","loto",30,29,"29",3,3,0.1,0.1,8.1,-1.801,11
"month","2025-04","loto",30,41,"41",3,3,0.1,0.1,8.1,-1.801,11
"month","2025-04","loto",30,51,"51",3,3,0.1,0.1,8.1,-1.801,11
"month","2025-04","loto",30,72,"72",3,3,0.1,0.1,8.1,-1.801,11
"month","2025-04","loto",30,95,"95",3,3,0.1,0.1,8.1,-1.801,11
"month","2025-05","loto",31,30,"30",17,14,0.45161290322580644,0.5483870967741935,8.37,2.998,1
"month","2025-05","loto",31,58,"58",16,14,0.45161290322580644,0.5161290322580645,8.37,2.6506,2
"month","2025-05","loto",31,24,"24",14,12,0.3870967741935484,0.45161290322580644,8.37,1.9558,3
"month","2025-05","loto",31,64,"64",14,10,0.3225806451612903,0.45161290322580644,8.37,1.9558,3
"month","2025-05","loto",31,72,"72",14,11,0.3548387096774194,0.45161290322580644,8.37,1.9558,3
"month","2025-05","loto",31,9,"09",13,11,0.3548387096774194,0.41935483870967744,8.37,1.6084,4
"month","2025-05","loto",31,45,"45",13,11,0.3548387096774194,0.41935483870967744,8.37,1.6084,4
"month","2025-05","loto",31,57,"57",13,12,0.3870967741935484,0.41935483870967744,8.37,1.6084,4
"month","2025-05","loto",31,63,"63",13,10,0.3225806451612903,0.41935483870967744,8.37,1.6084,4
"month","2025-05","loto",31,78,"78",13,11,0.3548387096774194,0.41935483870967744,8.37,1.6084,4
"month","2025-05","loto",31,6,"06",12,11,0.3548387096774194,0.3870967741935484,8.37,1.261,5
"month","2025-05","loto",31,22,"22",12,9,0.2903225806451613,0.3870967741935484,8.37,1.261,5
"month","2025-05","loto",31,31,"31",12,9,0.2903225806451613,0.3870967741935484,8.37,1.261,5
"month","2025-05","loto",31,32,"32",12,9,0.2903225806451613,0.3870967741935484,8.37,1.261,5
"month","2025-05","loto",31,54,"54",12,9,0.2903225806451613,0.3870967741935484,8.37,1.261,5
"month","2025-05","loto",31,66,"66",12,9,0.2903225806451613,0.3870967741935484,8.37,1.261,5
"month","2025-05","loto",31,68,"68",12,10,0.3225806451612903,0.3870967741935484,8.37,1.261,5
"month","2025-05","loto",31,71,"71",12,8,0.25806451612903225,0.3870967741935484,8.37,1.261,5
"month","2025-05","loto",31,76,"76",12,10,0.3225806451612903,0.3870967741935484,8.37,1.261,5
"month","2025-05","loto",31,99,"99",12,11,0.3548387096774194,0.3870967741935484,8.37,1.261,5
"month","2025-05","loto",31,4,"04",11,9,0.2903225806451613,0.3548387096774194,8.37,0.9136,6
"month","2025-05","loto",31,10,"10",11,10,0.3225806451612903,0.3548387096774194,8.37,0.9136,6
"month","2025-05","loto",31,18,"18",11,10,0.3225806451612903,0.3548387096774194,8.37,0.9136,6
"month","2025-05","loto",31,37,"37",11,8,0.25806451612903225,0.3548387096774194,8.37,0.9136,6
"month","2025-05","loto",31,51,"51",11,9,0.2903225806451613,0.3548387096774194,8.37,0.9136,6
"month","2025-05","loto",31,55,"55",11,9,0.2903225806451613,0.3548387096774194,8.37,0.9136,6
"month","2025-05","loto",31,74,"74",11,9,0.2903225806451613,0.3548387096774194,8.37,0.9136,6
"month","2025-05","loto",31,88,"88",11,11,0.3548387096774194,0.3548387096774194,8.37,0.9136,6
"month","2025-05","loto",31,89,"89",11,8,0.25806451612903225,0.3548387096774194,8.37,0.9136,6
"month","2025-05","loto",31,94,"94",11,9,0.2903225806451613,0.3548387096774194,8.37,0.9136,6
"month","2025-05","loto",31,3,"03",10,9,0.2903225806451613,0.3225806451612903,8.37,0.5662,7
"month","2025-05","loto",31,34,"34",10,10,0.3225806451612903,0.3225806451612903,8.37,0.5662,7
"month","2025-05","loto",31,36,"36",10,8,0.25806451612903225,0.3225806451612903,8.37,0.5662,7
"month","2025-05","loto",31,44,"44",10,9,0.2903225806451613,0.3225806451612903,8.37,0.5662,7
"month","2025-05","loto",31,75,"75",10,8,0.25806451612903225,0.3225806451612903,8.37,0.5662,7
"month","2025-05","loto",31,7,"07",9,9,0.2903225806451613,0.2903225806451613,8.37,0.2189,8
"month","2025-05","loto",31,8,"08",9,8,0.25806451612903225,0.2903225806451613,8.37,0.2189,8
"month","2025-05","loto",31,11,"11",9,9,0.2903225806451613,0.2903225806451613,8.37,0.2189,8
"month","2025-05","loto",31,19,"19",9,8,0.25806451612903225,0.2903225806451613,8.37,0.2189,8
"month","2025-05","loto",31,56,"56",9,8,0.25806451612903225,0.2903225806451613,8.37,0.2189,8
"month","2025-05","loto",31,69,"69",9,9,0.2903225806451613,0.2903225806451613,8.37,0.2189,8
"month","2025-05","loto",31,81,"81",9,8,0.25806451612903225,0.2903225806451613,8.37,0.2189,8
"month","2025-05","loto",31,33,"33",8,8,0.25806451612903225,0.25806451612903225,8.37,-0.1285,9
"month","2025-05","loto",31,40,"40",8,8,0.25806451612903225,0.25806451612903225,8.37,-0.1285,9
"month","2025-05","loto",31,70,"70",8,8,0.25806451612903225,0.25806451612903225,8.37,-0.1285,9
"month","2025-05","loto",31,80,"80",8,8,0.25806451612903225,0.25806451612903225,8.37,-0.1285,9
"month","2025-05","loto",31,85,"85",8,8,0.25806451612903225,0.25806451612903225,8.37,-0.1285,9
"month","2025-05","loto",31,91,"91",8,8,0.25806451612903225,0.25806451612903225,8.37,-0.1285,9
"month","2025-05","loto",31,93,"93",8,7,0.22580645161290322,0.25806451612903225,8.37,-0.1285,9
"month","2025-05","loto",31,0,"00",7,6,0.1935483870967742,0.22580645161290322,8.37,-0.4759,10
"month","2025-05","loto",31,1,"01",7,7,0.22580645161290322,0.22580645161290322,8.37,-0.4759,10
"month","2025-05","loto",31,5,"05",7,6,0.1935483870967742,0.22580645161290322,8.37,-0.4759,10
"month","2025-05","loto",31,13,"13",7,7,0.22580645161290322,0.22580645161290322,8.37,-0.4759,10
"month","2025-05","loto",31,20,"20",7,6,0.1935483870967742,0.22580645161290322,8.37,-0.4759,10
"month","2025-05","loto",31,25,"25",7,6,0.1935483870967742,0.22580645161290322,8.37,-0.4759,10
"month","2025-05","loto",31,28,"28",7,7,0.22580645161290322,0.22580645161290322,8.37,-0.4759,10
"month","2025-05","loto",31,29,"29",7,7,0.22580645161290322,0.22580645161290322,8.37,-0.4759,10
"month","2025-05","loto",31,41,"41",7,6,0.1935483870967742,0.22580645161290322,8.37,-0.4759,10
"month","2025-05","loto",31,49,"49",7,7,0.22580645161290322,0.22580645161290322,8.37,-0.4759,10
"month","2025-05","loto",31,50,"50",7,5,0.16129032258064516,0.22580645161290322,8.37,-0.4759,10
"month","2025-05","loto",31,60,"60",7,6,0.1935483870967742,0.22580645161290322,8.37,-0.4759,10
"month","2025-05","loto",31,61,"61",7,7,0.22580645161290322,0.22580645161290322,8.37,-0.4759,10
"month","2025-05","loto",31,67,"67",7,6,0.1935483870967742,0.22580645161290322,8.37,-0.4759,10
"month","2025-05","loto",31,77,"77",7,7,0.22580645161290322,0.22580645161290322,8.37,-0.4759,10
"month","2025-05","loto",31,79,"79",7,7,0.22580645161290322,0.22580645161290322,8.37,-0.4759,10
"month","2025-05","loto",31,84,"84",7,7,0.22580645161290322,0.22580645161290322,8.37,-0.4759,10
"month","2025-05","loto",31,90,"90",7,7,0.22580645161290322,0.22580645161290322,8.37,-0.4759,10
"month","2025-05","loto",31,98,"98",7,6,0.1935483870967742,0.22580645161290322,8.37,-0.4759,10
"month","2025-05","loto",31,2,"02",6,6,0.1935483870967742,0.1935483870967742,8.37,-0.8233,11
"month","2025-05","loto",31,14,"14",6,6,0.1935483870967742,0.1935483870967742,8.37,-0.8233,11
"month","2025-05","loto",31,15,"15",6,6,0.1935483870967742,0.1935483870967742,8.37,-0.8233,11
"month","2025-05","loto",31,23,"23",6,6,0.1935483870967742,0.1935483870967742,8.37,-0.8233,11
"month","2025-05","loto",31,35,"35",6,4,0.12903225806451613,0.1935483870967742,8.37,-0.8233,11
"month","2025-05","loto",31,38,"38",6,6,0.1935483870967742,0.1935483870967742,8.37,-0.8233,11
"month","2025-05","loto",31,39,"39",6,6,0.1935483870967742,0.1935483870967742,8.37,-0.8233,11
"month","2025-05","loto",31,46,"46",6,5,0.16129032258064516,0.1935483870967742,8.37,-0.8233,11
"month","2025-05","loto",31,52,"52",6,6,0.1935483870967742,0.1935483870967742,8.37,-0.8233,11
"month","2025-05","loto",31,62,"62",6,5,0.16129032258064516,0.1935483870967742,8.37,-0.8233,11
"month","2025-05","loto",31,65,"65",6,6,0.1935483870967742,0.1935483870967742,8.37,-0.8233,11
"month","2025-05","loto",31,82,"82",6,5,0.16129032258064516,0.1935483870967742,8.37,-0.8233,11
"month","2025-05","loto",31,86,"86",6,6,0.1935483870967742,0.1935483870967742,8.37,-0.8233,11
"month","2025-05","loto",31,92,"92",6,5,0.16129032258064516,0.1935483870967742,8.37,-0.8233,11
"month","2025-05","loto",31,16,"16",5,4,0.12903225806451613,0.16129032258064516,8.37,-1.1707,12
"month","2025-05","loto",31,21,"21",5,3,0.0967741935483871,0.16129032258064516,8.37,-1.1707,12
"month","2025-05","loto",31,27,"27",5,4,0.12903225806451613,0.16129032258064516,8.37,-1.1707,12
"month","2025-05","loto",31,43,"43",5,5,0.16129032258064516,0.16129032258064516,8.37,-1.1707,12
"month","2025-05","loto",31,47,"47",5,5,0.16129032258064516,0.16129032258064516,8.37,-1.1707,12
"month","2025-05","loto",31,53,"53",5,5,0.16129032258064516,0.16129032258064516,8.37,-1.1707,12
"month","2025-05","loto",31,59,"59",5,4,0.12903225806451613,0.16129032258064516,8.37,-1.1707,12
"month","2025-05","loto",31,73,"73",5,5,0.16129032258064516,0.16129032258064516,8.37,-1.1707,12
"month","2025-05","loto",31,83,"83",5,4,0.12903225806451613,0.16129032258064516,8.37,-1.1707,12
"month","2025-05","loto",31,95,"95",5,4,0.12903225806451613,0.16129032258064516,8.37,-1.1707,12
"month","2025-05","loto",31,97,"97",5,4,0.12903225806451613,0.16129032258064516,8.37,-1.1707,12
"month","2025-05","loto",31,12,"12",4,4,0.12903225806451613,0.12903225806451613,8.37,-1.5181,13
"month","2025-05","loto",31,26,"26",4,4,0.12903225806451613,0.12903225806451613,8.37,-1.5181,13
"month","2025-05","loto",31,42,"42",4,4,0.12903225806451613,0.12903225806451613,8.37,-1.5181,13
"month","2025-05","loto",31,48,"48",4,4,0.12903225806451613,0.12903225806451613,8.37,-1.5181,13
"month","2025-05","loto",31,87,"87",4,4,0.12903225806451613,0.12903225806451613,8.37,-1.5181,13
"month","2025-05","loto",31,96,"96",4,4,0.12903225806451613,0.12903225806451613,8.37,-1.5181,13
"month","2025-05","loto",31,17,"17",2,2,0.06451612903225806,0.06451612903225806,8.37,-2.2129,14
"month","2025-06","loto",30,21,"21",18,17,0.5666666666666667,0.6,8.1,3.496,1
"month","2025-06","loto",30,39,"39",16,14,0.4666666666666667,0.5333333333333333,8.1,2.7898,2
"month","2025-06","loto",30,34,"34",13,13,0.43333333333333335,0.43333333333333335,8.1,1.7304,3
"month","2025-06","loto",30,19,"19",12,11,0.36666666666666664,0.4,8.1,1.3772,4
"month","2025-06","loto",30,52,"52",12,10,0.3333333333333333,0.4,8.1,1.3772,4
"month","2025-06","loto",30,68,"68",12,11,0.36666666666666664,0.4,8.1,1.3772,4
"month","2025-06","loto",30,95,"95",12,11,0.36666666666666664,0.4,8.1,1.3772,4
"month","2025-06","loto",30,1,"01",11,10,0.3333333333333333,0.36666666666666664,8.1,1.0241,5
"month","2025-06","loto",30,2,"02",11,9,0.3,0.36666666666666664,8.1,1.0241,5
"month","2025-06","loto",30,8,"08",11,11,0.36666666666666664,0.36666666666666664,8.1,1.0241,5
"month","2025-06","loto",30,13,"13",11,10,0.3333333333333333,0.36666666666666664,8.1,1.0241,5
"month","2025-06","loto",30,47,"47",11,8,0.26666666666666666,0.36666666666666664,8.1,1.0241,5
"month","2025-06","loto",30,50,"50",11,9,0.3,0.36666666666666664,8.1,1.0241,5
"month","2025-06","loto",30,54,"54",11,9,0.3,0.36666666666666664,8.1,1.0241,5
"month","2025-06","loto",30,58,"58",11,9,0.3,0.36666666666666664,8.1,1.0241,5
"month","2025-06","loto",30,3,"03",10,9,0.3,0.3333333333333333,8.1,0.671,6
"month","2025-06","loto",30,5,"05",10,7,0.23333333333333334,0.3333333333333333,8.1,0.671,6
"month","2025-06","loto",30,9,"09",10,8,0.26666666666666666,0.3333333333333333,8.1,0.671,6
"month","2025-06","loto",30,14,"14",10,8,0.26666666666666666,0.3333333333333333,8.1,0.671,6
"month","2025-06","loto",30,15,"15",10,10,0.3333333333333333,0.3333333333333333,8.1,0.671,6
"month","2025-06","loto",30,20,"20",10,7,0.23333333333333334,0.3333333333333333,8.1,0.671,6
"month","2025-06","loto",30,29,"29",10,9,0.3,0.3333333333333333,8.1,0.671,6
"month","2025-06","loto",30,40,"40",10,8,0.26666666666666666,0.3333333333333333,8.1,0.671,6
"month","2025-06","loto",30,61,"61",10,9,0.3,0.3333333333333333,8.1,0.671,6
"month","2025-06","loto",30,72,"72",10,10,0.3333333333333333,0.3333333333333333,8.1,0.671,6
"month","2025-06","loto",30,81,"81",10,10,0.3333333333333333,0.3333333333333333,8.1,0.671,6
"month","2025-06","loto",30,82,"82",10,9,0.3,0.3333333333333333,8.1,0.671,6
"month","2025-06","loto",30,94,"94",10,8,0.26666666666666666,0.3333333333333333,8.1,0.671,6
"month","2025-06","loto",30,97,"97",10,9,0.3,0.3333333333333333,8.1,0.671,6
"month","2025-06","loto",30,98,"98",10,7,0.23333333333333334,0.3333333333333333,8.1,0.671,6
"month","2025-06","loto",30,6,"06",9,9,0.3,0.3,8.1,0.3178,7
"month","2025-06","loto",30,10,"10",9,7,0.23333333333333334,0.3,8.1,0.3178,7
"month","2025-06","loto",30,12,"12",9,7,0.23333333333333334,0.3,8.1,0.3178,7
"month","2025-06","loto",30,22,"22",9,7,0.23333333333333334,0.3,8.1,0.3178,7
"month","2025-06","loto",30,25,"25",9,7,0.23333333333333334,0.3,8.1,0.3178,7
"month","2025-06","loto",30,26,"26",9,8,0.26666666666666666,0.3,8.1,0.3178,7
"month","2025-06","loto",30,32,"32",9,9,0.3,0.3,8.1,0.3178,7
"month","2025-06","loto",30,36,"36",9,7,0.23333333333333334,0.3,8.1,0.3178,7
"month","2025-06","loto",30,53,"53",9,8,0.26666666666666666,0.3,8.1,0.3178,7
"month","2025-06","loto",30,56,"56",9,7,0.23333333333333334,0.3,8.1,0.3178,7
"month","2025-06","loto",30,74,"74",9,8,0.26666666666666666,0.3,8.1,0.3178,7
"month","2025-06","loto",30,86,"86",9,7,0.23333333333333334,0.3,8.1,0.3178,7
"month","2025-06","loto",30,99,"99",9,8,0.26666666666666666,0.3,8.1,0.3178,7
"month","2025-06","loto",30,7,"07",8,7,0.23333333333333334,0.26666666666666666,8.1,-0.0353,8
"month","2025-06","loto",30,38,"38",8,7,0.23333333333333334,0.26666666666666666,8.1,-0.0353,8
"month","2025-06","loto",30,41,"41",8,7,0.23333333333333334,0.26666666666666666,8.1,-0.0353,8
"month","2025-06","loto",30,62,"62",8,8,0.26666666666666666,0.26666666666666666,8.1,-0.0353,8
"month","2025-06","loto",30,65,"65",8,5,0.16666666666666666,0.26666666666666666,8.1,-0.0353,8
"month","2025-06","loto",30,69,"69",8,7,0.23333333333333334,0.26666666666666666,8.1,-0.0353,8
"month","2025-06","loto",30,75,"75",8,6,0.2,0.26666666666666666,8.1,-0.0353,8
"month","2025-06","loto",30,76,"76",8,7,0.23333333333333334,0.26666666666666666,8.1,-0.0353,8
"month","2025-06","loto",30,79,"79",8,7,0.23333333333333334,0.26666666666666666,8.1,-0.0353,8
"month","2025-06","loto",30,91,"91",8,8,0.26666666666666666,0.26666666666666666,8.1,-0.0353,8
"month","2025-06","loto",30,92,"92",8,6,0.2,0.26666666666666666,8.1,-0.0353,8
"month","2025-06","loto",30,0,"00",7,6,0.2,0.23333333333333334,8.1,-0.3884,9
"month","2025-06","loto",30,11,"11",7,7,0.23333333333333334,0.23333333333333334,8.1,-0.3884,9
"month","2025-06","loto",30,30,"30",7,6,0.2,0.23333333333333334,8.1,-0.3884,9
"month","2025-06","loto",30,31,"31",7,7,0.23333333333333334,0.23333333333333334,8.1,-0.3884,9
"month","2025-06","loto",30,35,"35",7,5,0.16666666666666666,0.23333333333333334,8.1,-0.3884,9
"month","2025-06","loto",30,43,"43",7,7,0.23333333333333334,0.23333333333333334,8.1,-0.3884,9
"month","2025-06","loto",30,44,"44",7,6,0.2,0.23333333333333334,8.1,-0.3884,9
"month","2025-06","loto",30,45,"45",7,6,0.2,0.23333333333333334,8.1,-0.3884,9
"month","2025-06","loto",30,49,"49",7,7,0.23333333333333334,0.23333333333333334,8.1,-0.3884,9
"month","2025-06","loto",30,57,"57",7,7,0.23333333333333334,0.23333333333333334,8.1,-0.3884,9
"month","2025-06","loto",30,59,"59",7,6,0.2,0.23333333333333334,8.1,-0.3884,9
"month","2025-06","loto",30,64,"64",7,6,0.2,0.23333333333333334,8.1,-0.3884,9
"month","2025-06","loto",30,67,"67",7,7,0.23333333333333334,0.23333333333333334,8.1,-0.3884,9
"month","2025-06","loto",30,70,"70",7,6,0.2,0.23333333333333334,8.1,-0.3884,9
"month","2025-06","loto",30,71,"71",7,6,0.2,0.23333333333333334,8.1,-0.3884,9
"month","2025-06","loto",30,77,"77",7,7,0.23333333333333334,0.23333333333333334,8.1,-0.3884,9
"month","2025-06","loto",30,78,"78",7,7,0.23333333333333334,0.23333333333333334,8.1,-0.3884,9
"month","2025-06","loto",30,89,"89",7,6,0.2,0.23333333333333334,8.1,-0.3884,9
"month","2025-06","loto",30,4,"04",6,5,0.16666666666666666,0.2,8.1,-0.7416,10
"month","2025-06","loto",30,17,"17",6,6,0.2,0.2,8.1,-0.7416,10
"month","2025-06","loto",30,24,"24",6,5,0.16666666666666666,0.2,8.1,-0.7416,10
"month","2025-06","loto",30,42,"42",6,6,0.2,0.2,8.1,-0.7416,10
"month","2025-06","loto",30,46,"46",6,6,0.2,0.2,8.1,-0.7416,10
"month","2025-06","loto",30,48,"48",6,6,0.2,0.2,8.1,-0.7416,10
"month","2025-06","loto",30,55,"55",6,5,0.16666666666666666,0.2,8.1,-0.7416,10
"month","2025-06","loto",30,60,"60",6,6,0.2,0.2,8.1,-0.7416,10
"month","2025-06","loto",30,63,"63",6,6,0.2,0.2,8.1,-0.7416,10
"month","2025-06","loto",30,66,"66",6,6,0.2,0.2,8.1,-0.7416,10
"month","2025-06","loto",30,96,"96",6,6,0.2,0.2,8.1,-0.7416,10
"month","2025-06","loto",30,16,"16",5,5,0.16666666666666666,0.16666666666666666,8.1,-1.0947,11
"month","2025-06","loto",30,18,"18",5,5,0.16666666666666666,0.16666666666666666,8.1,-1.0947,11
"month","2025-06","loto",30,23,"23",5,5,0.16666666666666666,0.16666666666666666,8.1,-1.0947,11
"month","2025-06","loto",30,27,"27",5,4,0.13333333333333333,0.16666666666666666,8.1,-1.0947,11
"month","2025-06","loto",30,33,"33",5,5,0.16666666666666666,0.16666666666666666,8.1,-1.0947,11
"month","2025-06","loto",30,51,"51",5,5,0.16666666666666666,0.16666666666666666,8.1,-1.0947,11
"month","2025-06","loto",30,73,"73",5,5,0.16666666666666666,0.16666666666666666,8.1,-1.0947,11
"month","2025-06","loto",30,80,"80",5,5,0.16666666666666666,0.16666666666666666,8.1,-1.0947,11
"month","2025-06","loto",30,83,"83",5,5,0.16666666666666666,0.16666666666666666,8.1,-1.0947,11
"month","2025-06","loto",30,85,"85",5,5,0.16666666666666666,0.16666666666666666,8.1,-1.0947,11
"month","2025-06","loto",30,87,"87",5,5,0.16666666666666666,0.16666666666666666,8.1,-1.0947,11
"month","2025-06","loto",30,88,"88",5,5,0.16666666666666666,0.16666666666666666,8.1,-1.0947,11
"month","2025-06","loto",30,90,"90",5,4,0.13333333333333333,0.16666666666666666,8.1,-1.0947,11
"month","2025-06","loto",30,93,"93",5,4,0.13333333333333333,0.16666666666666666,8.1,-1.0947,11
"month","2025-06","loto",30,37,"37",4,4,0.13333333333333333,0.13333333333333333,8.1,-1.4479,12
"month","2025-06","loto",30,84,"84",4,3,0.1,0.13333333333333333,8.1,-1.4479,12
"month","2025-06","loto",30,28,"28",2,2,0.06666666666666667,0.06666666666666667,8.1,-2.1541,13
"month","2025-07","loto",31,48,"48",18,14,0.45161290322580644,0.5806451612903226,8.37,3.3454,1
"month","2025-07","loto",31,16,"16",17,14,0.45161290322580644,0.5483870967741935,8.37,2.998,2
"month","2025-07","loto",31,56,"56",16,14,0.45161290322580644,0.5161290322580645,8.37,2.6506,3
"month","2025-07","loto",31,85,"85",16,14,0.45161290322580644,0.5161290322580645,8.37,2.6506,3
"month","2025-07","loto",31,0,"00",15,12,0.3870967741935484,0.4838709677419355,8.37,2.3032,4
"month","2025-07","loto",31,21,"21",14,12,0.3870967741935484,0.45161290322580644,8.37,1.9558,5
"month","2025-07","loto",31,53,"53",14,12,0.3870967741935484,0.45161290322580644,8.37,1.9558,5
"month","2025-07","loto",31,86,"86",14,13,0.41935483870967744,0.45161290322580644,8.37,1.9558,5
"month","2025-07","loto",31,94,"94",14,10,0.3225806451612903,0.45161290322580644,8.37,1.9558,5
"month","2025-07","loto",31,6,"06",13,12,0.3870967741935484,0.41935483870967744,8.37,1.6084,6
"month","2025-07","loto",31,11,"11",13,12,0.3870967741935484,0.41935483870967744,8.37,1.6084,6
"month","2025-07","loto",31,19,"19",13,11,0.3548387096774194,0.41935483870967744,8.37,1.6084,6
"month","2025-07","loto",31,67,"67",13,9,0.2903225806451613,0.41935483870967744,8.37,1.6084,6
"month","2025-07","loto",31,80,"80",13,12,0.3870967741935484,0.41935483870967744,8.37,1.6084,6
"month","2025-07","loto",31,97,"97",13,10,0.3225806451612903,0.41935483870967744,8.37,1.6084,6
"month","2025-07","loto",31,75,"75",12,9,0.2903225806451613,0.3870967741935484,8.37,1.261,7
"month","2025-07","loto",31,4,"04",11,10,0.3225806451612903,0.3548387096774194,8.37,0.9136,8
"month","2025-07","loto",31,36,"36",11,8,0.25806451612903225,0.3548387096774194,8.37,0.9136,8
"month","2025-07","loto",31,45,"45",11,8,0.25806451612903225,0.3548387096774194,8.37,0.9136,8
"month","2025-07","loto",31,47,"47",11,8,0.25806451612903225,0.3548387096774194,8.37,0.9136,8
"month","2025-07","loto",31,60,"60",11,9,0.2903225806451613,0.3548387096774194,8.37,0.9136,8
"month","2025-07","loto",31,66,"66",11,10,0.3225806451612903,0.3548387096774194,8.37,0.9136,8
"month","2025-07","loto",31,71,"71",11,9,0.2903225806451613,0.3548387096774194,8.37,0.9136,8
"month","2025-07","loto",31,79,"79",11,11,0.3548387096774194,0.3548387096774194,8.37,0.9136,8
"month","2025-07","loto",31,95,"95",11,9,0.2903225806451613,0.3548387096774194,8.37,0.9136,8
"month","2025-07","loto",31,5,"05",10,8,0.25806451612903225,0.3225806451612903,8.37,0.5662,9
"month","2025-07","loto",31,15,"15",10,7,0.22580645161290322,0.3225806451612903,8.37,0.5662,9
"month","2025-07","loto",31,40,"40",10,8,0.25806451612903225,0.3225806451612903,8.37,0.5662,9
"month","2025-07","loto",31,54,"54",10,9,0.2903225806451613,0.3225806451612903,8.37,0.5662,9
"month","2025-07","loto",31,63,"63",10,9,0.2903225806451613,0.3225806451612903,8.37,0.5662,9
"month","2025-07","loto",31,78,"78",10,9,0.2903225806451613,0.3225806451612903,8.37,0.5662,9
"month","2025-07","loto",31,30,"30",9,9,0.2903225806451613,0.2903225806451613,8.37,0.2189,10
"month","2025-07","loto",31,33,"33",9,9,0.2903225806451613,0.2903225806451613,8.37,0.2189,10
"month","2025-07","loto",31,51,"51",9,9,0.2903225806451613,0.2903225806451613,8.37,0.2189,10
"month","2025-07","loto",31,65,"65",9,7,0.22580645161290322,0.2903225806451613,8.37,0.2189,10
"month","2025-07","loto",31,68,"68",9,9,0.2903225806451613,0.2903225806451613,8.37,0.2189,10
"month","2025-07","loto",31,72,"72",9,6,0.1935483870967742,0.2903225806451613,8.37,0.2189,10
"month","2025-07","loto",31,88,"88",9,9,0.2903225806451613,0.2903225806451613,8.37,0.2189,10
"month","2025-07","loto",31,92,"92",9,9,0.2903225806451613,0.2903225806451613,8.37,0.2189,10
"month","2025-07","loto",31,98,"98",9,6,0.1935483870967742,0.2903225806451613,8.37,0.2189,10
"month","2025-07","loto",31,1,"01",8,7,0.22580645161290322,0.25806451612903225,8.37,-0.1285,11
"month","2025-07","loto",31,10,"10",8,6,0.1935483870967742,0.25806451612903225,8.37,-0.1285,11
"month","2025-07","loto",31,13,"13",8,8,0.25806451612903225,0.25806451612903225,8.37,-0.1285,11
"month","2025-07","loto",31,14,"14",8,8,0.25806451612903225,0.25806451612903225,8.37,-0.1285,11
"month","2025-07","loto",31,20,"20",8,8,0.25806451612903225,0.25806451612903225,8.37,-0.1285,11
"month","2025-07","loto",31,25,"25",8,7,0.22580645161290322,0.25806451612903225,8.37,-0.1285,11
"month","2025-07","loto",31,28,"28",8,7,0.22580645161290322,0.25806451612903225,8.37,-0.1285,11
"month","2025-07","loto",31,41,"41",8,7,0.22580645161290322,0.25806451612903225,8.37,-0.1285,11
"month","2025-07","loto",31,49,"49",8,8,0.25806451612903225,0.25806451612903225,8.37,-0.1285,11
"month","2025-07","loto",31,55,"55",8,6,0.1935483870967742,0.25806451612903225,8.37,-0.1285,11
"month","2025-07","loto",31,57,"57",8,8,0.25806451612903225,0.25806451612903225,8.37,-0.1285,11
"month","2025-07","loto",31,59,"59",8,7,0.22580645161290322,0.25806451612903225,8.37,-0.1285,11
"month","2025-07","loto",31,74,"74",8,7,0.22580645161290322,0.25806451612903225,8.37,-0.1285,11
"month","2025-07","loto",31,77,"77",8,8,0.25806451612903225,0.25806451612903225,8.37,-0.1285,11
"month","2025-07","loto",31,81,"81",8,7,0.22580645161290322,0.25806451612903225,8.37,-0.1285,11
"month","2025-07","loto",31,89,"89",8,8,0.25806451612903225,0.25806451612903225,8.37,-0.1285,11
"month","2025-07","loto",31,90,"90",8,8,0.25806451612903225,0.25806451612903225,8.37,-0.1285,11
"month","2025-07","loto",31,9,"09",7,6,0.1935483870967742,0.22580645161290322,8.37,-0.4759,12
"month","2025-07","loto",31,24,"24",7,6,0.1935483870967742,0.22580645161290322,8.37,-0.4759,12
"month","2025-07","loto",31,26,"26",7,7,0.22580645161290322,0.22580645161290322,8.37,-0.4759,12
"month","2025-07","loto",31,27,"27",7,7,0.22580645161290322,0.22580645161290322,8.37,-0.4759,12
"month","2025-07","loto",31,29,"29",7,7,0.22580645161290322,0.22580645161290322,8.37,-0.4759,12
"month","2025-07","loto",31,37,"37",7,7,0.22580645161290322,0.22580645161290322,8.37,-0.4759,12
"month","2025-07","loto",31,43,"43",7,6,0.1935483870967742,0.22580645161290322,8.37,-0.4759,12
"month","2025-07","loto",31,64,"64",7,7,0.22580645161290322,0.22580645161290322,8.37,-0.4759,12
"month","2025-07","loto",31,76,"76",7,7,0.22580645161290322,0.22580645161290322,8.37,-0.4759,12
"month","2025-07","loto",31,83,"83",7,6,0.1935483870967742,0.22580645161290322,8.37,-0.4759,12
"month","2025-07","loto",31,96,"96",7,7,0.22580645161290322,0.22580645161290322,8.37,-0.4759,12
"month","2025-07","loto",31,99,"99",7,7,0.22580645161290322,0.22580645161290322,8.37,-0.4759,12
"month","2025-07","loto",31,2,"02",6,6,0.1935483870967742,0.1935483870967742,8.37,-0.8233,13
"month","2025-07","loto",31,8,"08",6,6,0.1935483870967742,0.1935483870967742,8.37,-0.8233,13
"month","2025-07","loto",31,12,"12",6,6,0.1935483870967742,0.1935483870967742,8.37,-0.8233,13
"month","2025-07","loto",31,35,"35",6,6,0.1935483870967742,0.1935483870967742,8.37,-0.8233,13
"month","2025-07","loto",31,42,"42",6,6,0.1935483870967742,0.1935483870967742,8.37,-0.8233,13
"month","2025-07","loto",31,44,"44",6,5,0.16129032258064516,0.1935483870967742,8.37,-0.8233,13
"month","2025-07","loto",31,62,"62",6,5,0.16129032258064516,0.1935483870967742,8.37,-0.8233,13
"month","2025-07","loto",31,73,"73",6,6,0.1935483870967742,0.1935483870967742,8.37,-0.8233,13
"month","2025-07","loto",31,87,"87",6,6,0.1935483870967742,0.1935483870967742,8.37,-0.8233,13
"month","2025-07","loto",31,91,"91",6,5,0.16129032258064516,0.1935483870967742,8.37,-0.8233,13
"month","2025-07","loto",31,3,"03",5,4,0.12903225806451613,0.16129032258064516,8.37,-1.1707,14
"month","2025-07","loto",31,7,"07",5,5,0.16129032258064516,0.16129032258064516,8.37,-1.1707,14
"month","2025-07","loto",31,18,"18",5,5,0.16129032258064516,0.16129032258064516,8.37,-1.1707,14
"month","2025-07","loto",31,22,"22",5,5,0.16129032258064516,0.16129032258064516,8.37,-1.1707,14
"month","2025-07","loto",31,32,"32",5,4,0.12903225806451613,0.16129032258064516,8.37,-1.1707,14
"month","2025-07","loto",31,50,"50",5,5,0.16129032258064516,0.16129032258064516,8.37,-1.1707,14
"month","2025-07","loto",31,84,"84",5,5,0.16129032258064516,0.16129032258064516,8.37,-1.1707,14
"month","2025-07","loto",31,93,"93",5,5,0.16129032258064516,0.16129032258064516,8.37,-1.1707,14
"month","2025-07","loto",31,17,"17",4,4,0.12903225806451613,0.12903225806451613,8.37,-1.5181,15
"month","2025-07","loto",31,34,"34",4,4,0.12903225806451613,0.12903225806451613,8.37,-1.5181,15
"month","2025-07","loto",31,39,"39",4,4,0.12903225806451613,0.12903225806451613,8.37,-1.5181,15
"month","2025-07","loto",31,46,"46",4,4,0.12903225806451613,0.12903225806451613,8.37,-1.5181,15
"month","2025-07","loto",31,52,"52",4,4,0.12903225806451613,0.12903225806451613,8.37,-1.5181,15
"month","2025-07","loto",31,58,"58",4,4,0.12903225806451613,0.12903225806451613,8.37,-1.5181,15
"month","2025-07","loto",31,61,"61",4,4,0.12903225806451613,0.12903225806451613,8.37,-1.5181,15
"month","2025-07","loto",31,69,"69",4,4,0.12903225806451613,0.12903225806451613,8.37,-1.5181,15
"month","2025-07","loto",31,70,"70",4,4,0.12903225806451613,0.12903225806451613,8.37,-1.5181,15
"month","2025-07","loto",31,82,"82",4,4,0.12903225806451613,0.12903225806451613,8.37,-1.5181,15
"month","2025-07","loto",31,23,"23",3,3,0.0967741935483871,0.0967741935483871,8.37,-1.8655,16
"month","2025-07","loto",31,31,"31",3,3,0.0967741935483871,0.0967741935483871,8.37,-1.8655,16
"month","2025-07","loto",31,38,"38",3,3,0.0967741935483871,0.0967741935483871,8.37,-1.8655,16
"month","2025-08","loto",31,62,"62",16,14,0.45161290322580644,0.5161290322580645,8.37,2.6506,1
"month","2025-08","loto",31,51,"51",14,13,0.41935483870967744,0.45161290322580644,8.37,1.9558,2
"month","2025-08","loto",31,96,"96",14,12,0.3870967741935484,0.45161290322580644,8.37,1.9558,2
"month","2025-08","loto",31,3,"03",13,9,0.2903225806451613,0.41935483870967744,8.37,1.6084,3
"month","2025-08","loto",31,44,"44",13,11,0.3548387096774194,0.41935483870967744,8.37,1.6084,3
"month","2025-08","loto",31,73,"73",13,11,0.3548387096774194,0.41935483870967744,8.37,1.6084,3
"month","2025-08","loto",31,77,"77",13,11,0.3548387096774194,0.41935483870967744,8.37,1.6084,3
"month","2025-08","loto",31,83,"83",13,10,0.3225806451612903,0.41935483870967744,8.37,1.6084,3
"month","2025-08","loto",31,6,"06",12,9,0.2903225806451613,0.3870967741935484,8.37,1.261,4
"month","2025-08","loto",31,26,"26",12,11,0.3548387096774194,0.3870967741935484,8.37,1.261,4
"month","2025-08","loto",31,49,"49",12,11,0.3548387096774194,0.3870967741935484,8.37,1.261,4
"month","2025-08","loto",31,67,"67",12,9,0.2903225806451613,0.3870967741935484,8.37,1.261,4
"month","2025-08","loto",31,81,"81",12,12,0.3870967741935484,0.3870967741935484,8.37,1.261,4
"month","2025-08","loto",31,95,"95",12,9,0.2903225806451613,0.3870967741935484,8.37,1.261,4
"month","2025-08","loto",31,8,"08",11,10,0.3225806451612903,0.3548387096774194,8.37,0.9136,5
"month","2025-08","loto",31,9,"09",11,10,0.3225806451612903,0.3548387096774194,8.37,0.9136,5
"month","2025-08","loto",31,10,"10",11,8,0.25806451612903225,0.3548387096774194,8.37,0.9136,5
"month","2025-08","loto",31,27,"27",11,10,0.3225806451612903,0.3548387096774194,8.37,0.9136,5
"month","2025-08","loto",31,31,"31",11,7,0.22580645161290322,0.3548387096774194,8.37,0.9136,5
"month","2025-08","loto",31,43,"43",11,9,0.2903225806451613,0.3548387096774194,8.37,0.9136,5
"month","2025-08","loto",31,78,"78",11,10,0.3225806451612903,0.3548387096774194,8.37,0.9136,5
"month","2025-08","loto",31,82,"82",11,10,0.3225806451612903,0.3548387096774194,8.37,0.9136,5
"month","2025-08","loto",31,91,"91",11,9,0.2903225806451613,0.3548387096774194,8.37,0.9136,5
"month","2025-08","loto",31,2,"02",10,9,0.2903225806451613,0.3225806451612903,8.37,0.5662,6
"month","2025-08","loto",31,17,"17",10,9,0.2903225806451613,0.3225806451612903,8.37,0.5662,6
"month","2025-08","loto",31,22,"22",10,7,0.22580645161290322,0.3225806451612903,8.37,0.5662,6
"month","2025-08","loto",31,32,"32",10,8,0.25806451612903225,0.3225806451612903,8.37,0.5662,6
"month","2025-08","loto",31,35,"35",10,8,0.25806451612903225,0.3225806451612903,8.37,0.5662,6
"month","2025-08","loto",31,57,"57",10,9,0.2903225806451613,0.3225806451612903,8.37,0.5662,6
"month","2025-08","loto",31,61,"61",10,8,0.25806451612903225,0.3225806451612903,8.37,0.5662,6
"month","2025-08","loto",31,66,"66",10,9,0.2903225806451613,0.3225806451612903,8.37,0.5662,6
"month","2025-08","loto",31,75,"75",10,8,0.25806451612903225,0.3225806451612903,8.37,0.5662,6
"month","2025-08","loto",31,76,"76",10,9,0.2903225806451613,0.3225806451612903,8.37,0.5662,6
"month","2025-08","loto",31,89,"89",10,9,0.2903225806451613,0.3225806451612903,8.37,0.5662,6
"month","2025-08","loto",31,12,"12",9,9,0.2903225806451613,0.2903225806451613,8.37,0.2189,7
"month","2025-08","loto",31,19,"19",9,7,0.22580645161290322,0.2903225806451613,8.37,0.2189,7
"month","2025-08","loto",31,28,"28",9,8,0.25806451612903225,0.2903225806451613,8.37,0.2189,7
"month","2025-08","loto",31,30,"30",9,8,0.25806451612903225,0.2903225806451613,8.37,0.2189,7
"month","2025-08","loto",31,34,"34",9,9,0.2903225806451613,0.2903225806451613,8.37,0.2189,7
"month","2025-08","loto",31,42,"42",9,9,0.2903225806451613,0.2903225806451613,8.37,0.2189,7
"month","2025-08","loto",31,56,"56",9,7,0.22580645161290322,0.2903225806451613,8.37,0.2189,7
"month","2025-08","loto",31,64,"64",9,5,0.16129032258064516,0.2903225806451613,8.37,0.2189,7
"month","2025-08","loto",31,85,"85",9,8,0.25806451612903225,0.2903225806451613,8.37,0.2189,7
"month","2025-08","loto",31,87,"87",9,9,0.2903225806451613,0.2903225806451613,8.37,0.2189,7
"month","2025-08","loto",31,92,"92",9,9,0.2903225806451613,0.2903225806451613,8.37,0.2189,7
"month","2025-08","loto",31,0,"00",8,8,0.25806451612903225,0.25806451612903225,8.37,-0.1285,8
"month","2025-08","loto",31,7,"07",8,5,0.16129032258064516,0.25806451612903225,8.37,-0.1285,8
"month","2025-08","loto",31,16,"16",8,8,0.25806451612903225,0.25806451612903225,8.37,-0.1285,8
"month","2025-08","loto",31,21,"21",8,8,0.25806451612903225,0.25806451612903225,8.37,-0.1285,8
"month","2025-08","loto",31,33,"33",8,6,0.1935483870967742,0.25806451612903225,8.37,-0.1285,8
"month","2025-08","loto",31,36,"36",8,7,0.22580645161290322,0.25806451612903225,8.37,-0.1285,8
"month","2025-08","loto",31,37,"37",8,8,0.25806451612903225,0.25806451612903225,8.37,-0.1285,8
"month","2025-08","loto",31,53,"53",8,8,0.25806451612903225,0.25806451612903225,8.37,-0.1285,8
"month","2025-08","loto",31,54,"54",8,8,0.25806451612903225,0.25806451612903225,8.37,-0.1285,8
"month","2025-08","loto",31,58,"58",8,7,0.22580645161290322,0.25806451612903225,8.37,-0.1285,8
"month","2025-08","loto",31,59,"59",8,6,0.1935483870967742,0.25806451612903225,8.37,-0.1285,8
"month","2025-08","loto",31,60,"60",8,7,0.22580645161290322,0.25806451612903225,8.37,-0.1285,8
"month","2025-08","loto",31,63,"63",8,8,0.25806451612903225,0.25806451612903225,8.37,-0.1285,8
"month","2025-08","loto",31,74,"74",8,5,0.16129032258064516,0.25806451612903225,8.37,-0.1285,8
"month","2025-08","loto",31,80,"80",8,6,0.1935483870967742,0.25806451612903225,8.37,-0.1285,8
"month","2025-08","loto",31,93,"93",8,7,0.22580645161290322,0.25806451612903225,8.37,-0.1285,8
"month","2025-08","loto",31,1,"01",7,7,0.22580645161290322,0.22580645161290322,8.37,-0.4759,9
"month","2025-08","loto",31,4,"04",7,7,0.22580645161290322,0.22580645161290322,8.37,-0.4759,9
"month","2025-08","loto",31,5,"05",7,6,0.1935483870967742,0.22580645161290322,8.37,-0.4759,9
"month","2025-08","loto",31,13,"13",7,7,0.22580645161290322,0.22580645161290322,8.37,-0.4759,9
"month","2025-08","loto",31,20,"20",7,6,0.1935483870967742,0.22580645161290322,8.37,-0.4759,9
"month","2025-08","loto",31,23,"23",7,7,0.22580645161290322,0.22580645161290322,8.37,-0.4759,9
"month","2025-08","loto",31,46,"46",7,7,0.22580645161290322,0.22580645161290322,8.37,-0.4759,9
"month","2025-08","loto",31,47,"47",7,6,0.1935483870967742,0.22580645161290322,8.37,-0.4759,9
"month","2025-08","loto",31,50,"50",7,6,0.1935483870967742,0.22580645161290322,8.37,-0.4759,9
"month","2025-08","loto",31,71,"71",7,7,0.22580645161290322,0.22580645161290322,8.37,-0.4759,9
"month","2025-08","loto",31,84,"84",7,6,0.1935483870967742,0.22580645161290322,8.37,-0.4759,9
"month","2025-08","loto",31,86,"86",7,7,0.22580645161290322,0.22580645161290322,8.37,-0.4759,9
"month","2025-08","loto",31,88,"88",7,7,0.22580645161290322,0.22580645161290322,8.37,-0.4759,9
"month","2025-08","loto",31,15,"15",6,5,0.16129032258064516,0.1935483870967742,8.37,-0.8233,10
"month","2025-08","loto",31,38,"38",6,5,0.16129032258064516,0.1935483870967742,8.37,-0.8233,10
"month","2025-08","loto",31,39,"39",6,6,0.1935483870967742,0.1935483870967742,8.37,-0.8233,10
"month","2025-08","loto",31,40,"40",6,6,0.1935483870967742,0.1935483870967742,8.37,-0.8233,10
"month","2025-08","loto",31,41,"41",6,5,0.16129032258064516,0.1935483870967742,8.37,-0.8233,10
"month","2025-08","loto",31,45,"45",6,5,0.16129032258064516,0.1935483870967742,8.37,-0.8233,10
"month","2025-08","loto",31,48,"48",6,5,0.16129032258064516,0.1935483870967742,8.37,-0.8233,10
"month","2025-08","loto",31,69,"69",6,5,0.16129032258064516,0.1935483870967742,8.37,-0.8233,10
"month","2025-08","loto",31,72,"72",6,6,0.1935483870967742,0.1935483870967742,8.37,-0.8233,10
"month","2025-08","loto",31,97,"97",6,6,0.1935483870967742,0.1935483870967742,8.37,-0.8233,10
"month","2025-08","loto",31,98,"98",6,6,0.1935483870967742,0.1935483870967742,8.37,-0.8233,10
"month","2025-08","loto",31,99,"99",6,5,0.16129032258064516,0.1935483870967742,8.37,-0.8233,10
"month","2025-08","loto",31,14,"14",5,4,0.12903225806451613,0.16129032258064516,8.37,-1.1707,11
"month","2025-08","loto",31,18,"18",5,4,0.12903225806451613,0.16129032258064516,8.37,-1.1707,11
"month","2025-08","loto",31,24,"24",5,5,0.16129032258064516,0.16129032258064516,8.37,-1.1707,11
"month","2025-08","loto",31,25,"25",5,4,0.12903225806451613,0.16129032258064516,8.37,-1.1707,11
"month","2025-08","loto",31,55,"55",5,5,0.16129032258064516,0.16129032258064516,8.37,-1.1707,11
"month","2025-08","loto",31,94,"94",5,5,0.16129032258064516,0.16129032258064516,8.37,-1.1707,11
"month","2025-08","loto",31,65,"65",4,4,0.12903225806451613,0.12903225806451613,8.37,-1.5181,12
"month","2025-08","loto",31,68,"68",4,3,0.0967741935483871,0.12903225806451613,8.37,-1.5181,12
"month","2025-08","loto",31,70,"70",4,3,0.0967741935483871,0.12903225806451613,8.37,-1.5181,12
"month","2025-08","loto",31,79,"79",4,3,0.0967741935483871,0.12903225806451613,8.37,-1.5181,12
"month","2025-08","loto",31,11,"11",3,3,0.0967741935483871,0.0967741935483871,8.37,-1.8655,13
"month","2025-08","loto",31,29,"29",3,3,0.0967741935483871,0.0967741935483871,8.37,-1.8655,13
"month","2025-08","loto",31,52,"52",3,3,0.0967741935483871,0.0967741935483871,8.37,-1.8655,13
"month","2025-08","loto",31,90,"90",2,2,0.06451612903225806,0.06451612903225806,8.37,-2.2129,14
"month","2025-09","loto",30,23,"23",16,14,0.4666666666666667,0.5333333333333333,8.1,2.7898,1
"month","2025-09","loto",30,68,"68",16,12,0.4,0.5333333333333333,8.1,2.7898,1
"month","2025-09","loto",30,69,"69",16,15,0.5,0.5333333333333333,8.1,2.7898,1
"month","2025-09","loto",30,34,"34",14,11,0.36666666666666664,0.4666666666666667,8.1,2.0835,2
"month","2025-09","loto",30,82,"82",14,12,0.4,0.4666666666666667,8.1,2.0835,2
"month","2025-09","loto",30,31,"31",13,11,0.36666666666666664,0.43333333333333335,8.1,1.7304,3
"month","2025-09","loto",30,75,"75",13,8,0.26666666666666666,0.43333333333333335,8.1,1.7304,3
"month","2025-09","loto",30,1,"01",12,10,0.3333333333333333,0.4,8.1,1.3772,4
"month","2025-09","loto",30,2,"02",12,10,0.3333333333333333,0.4,8.1,1.3772,4
"month","2025-09","loto",30,14,"14",12,11,0.36666666666666664,0.4,8.1,1.3772,4
"month","2025-09","loto",30,25,"25",12,10,0.3333333333333333,0.4,8.1,1.3772,4
"month","2025-09","loto",30,62,"62",12,9,0.3,0.4,8.1,1.3772,4
"month","2025-09","loto",30,88,"88",12,11,0.36666666666666664,0.4,8.1,1.3772,4
"month","2025-09","loto",30,9,"09",11,10,0.3333333333333333,0.36666666666666664,8.1,1.0241,5
"month","2025-09","loto",30,26,"26",11,9,0.3,0.36666666666666664,8.1,1.0241,5
"month","2025-09","loto",30,45,"45",11,7,0.23333333333333334,0.36666666666666664,8.1,1.0241,5
"month","2025-09","loto",30,53,"53",11,9,0.3,0.36666666666666664,8.1,1.0241,5
"month","2025-09","loto",30,65,"65",11,9,0.3,0.36666666666666664,8.1,1.0241,5
"month","2025-09","loto",30,70,"70",11,11,0.36666666666666664,0.36666666666666664,8.1,1.0241,5
"month","2025-09","loto",30,74,"74",11,9,0.3,0.36666666666666664,8.1,1.0241,5
"month","2025-09","loto",30,84,"84",11,8,0.26666666666666666,0.36666666666666664,8.1,1.0241,5
"month","2025-09","loto",30,92,"92",11,9,0.3,0.36666666666666664,8.1,1.0241,5
"month","2025-09","loto",30,5,"05",10,9,0.3,0.3333333333333333,8.1,0.671,6
"month","2025-09","loto",30,18,"18",10,9,0.3,0.3333333333333333,8.1,0.671,6
"month","2025-09","loto",30,43,"43",10,9,0.3,0.3333333333333333,8.1,0.671,6
"month","2025-09","loto",30,51,"51",10,9,0.3,0.3333333333333333,8.1,0.671,6
"month","2025-09","loto",30,57,"57",10,7,0.23333333333333334,0.3333333333333333,8.1,0.671,6
"month","2025-09","loto",30,63,"63",10,8,0.26666666666666666,0.3333333333333333,8.1,0.671,6
"month","2025-09","loto",30,83,"83",10,9,0.3,0.3333333333333333,8.1,0.671,6
"month","2025-09","loto",30,87,"87",10,7,0.23333333333333334,0.3333333333333333,8.1,0.671,6
"month","2025-09","loto",30,16,"16",9,8,0.26666666666666666,0.3,8.1,0.3178,7
"month","2025-09","loto",30,20,"20",9,8,0.26666666666666666,0.3,8.1,0.3178,7
"month","2025-09","loto",30,24,"24",9,9,0.3,0.3,8.1,0.3178,7
"month","2025-09","loto",30,30,"30",9,9,0.3,0.3,8.1,0.3178,7
"month","2025-09","loto",30,33,"33",9,9,0.3,0.3,8.1,0.3178,7
"month","2025-09","loto",30,38,"38",9,7,0.23333333333333334,0.3,8.1,0.3178,7
"month","2025-09","loto",30,80,"80",9,7,0.23333333333333334,0.3,8.1,0.3178,7
"month","2025-09","loto",30,89,"89",9,9,0.3,0.3,8.1,0.3178,7
"month","2025-09","loto",30,94,"94",9,8,0.26666666666666666,0.3,8.1,0.3178,7
"month","2025-09","loto",30,0,"00",8,8,0.26666666666666666,0.26666666666666666,8.1,-0.0353,8
"month","2025-09","loto",30,12,"12",8,8,0.26666666666666666,0.26666666666666666,8.1,-0.0353,8
"month","2025-09","loto",30,19,"19",8,8,0.26666666666666666,0.26666666666666666,8.1,-0.0353,8
"month","2025-09","loto",30,28,"28",8,8,0.26666666666666666,0.26666666666666666,8.1,-0.0353,8
"month","2025-09","loto",30,32,"32",8,7,0.23333333333333334,0.26666666666666666,8.1,-0.0353,8
"month","2025-09","loto",30,36,"36",8,7,0.23333333333333334,0.26666666666666666,8.1,-0.0353,8
"month","2025-09","loto",30,37,"37",8,8,0.26666666666666666,0.26666666666666666,8.1,-0.0353,8
"month","2025-09","loto",30,39,"39",8,8,0.26666666666666666,0.26666666666666666,8.1,-0.0353,8
"month","2025-09","loto",30,49,"49",8,7,0.23333333333333334,0.26666666666666666,8.1,-0.0353,8
"month","2025-09","loto",30,50,"50",8,8,0.26666666666666666,0.26666666666666666,8.1,-0.0353,8
"month","2025-09","loto",30,58,"58",8,8,0.26666666666666666,0.26666666666666666,8.1,-0.0353,8
"month","2025-09","loto",30,60,"60",8,7,0.23333333333333334,0.26666666666666666,8.1,-0.0353,8
"month","2025-09","loto",30,67,"67",8,6,0.2,0.26666666666666666,8.1,-0.0353,8
"month","2025-09","loto",30,71,"71",8,8,0.26666666666666666,0.26666666666666666,8.1,-0.0353,8
"month","2025-09","loto",30,79,"79",8,8,0.26666666666666666,0.26666666666666666,8.1,-0.0353,8
"month","2025-09","loto",30,86,"86",8,8,0.26666666666666666,0.26666666666666666,8.1,-0.0353,8
"month","2025-09","loto",30,91,"91",8,8,0.26666666666666666,0.26666666666666666,8.1,-0.0353,8
"month","2025-09","loto",30,96,"96",8,7,0.23333333333333334,0.26666666666666666,8.1,-0.0353,8
"month","2025-09","loto",30,3,"03",7,7,0.23333333333333334,0.23333333333333334,8.1,-0.3884,9
"month","2025-09","loto",30,4,"04",7,6,0.2,0.23333333333333334,8.1,-0.3884,9
"month","2025-09","loto",30,11,"11",7,7,0.23333333333333334,0.23333333333333334,8.1,-0.3884,9
"month","2025-09","loto",30,13,"13",7,7,0.23333333333333334,0.23333333333333334,8.1,-0.3884,9
"month","2025-09","loto",30,40,"40",7,6,0.2,0.23333333333333334,8.1,-0.3884,9
"month","2025-09","loto",30,44,"44",7,6,0.2,0.23333333333333334,8.1,-0.3884,9
"month","2025-09","loto",30,46,"46",7,6,0.2,0.23333333333333334,8.1,-0.3884,9
"month","2025-09","loto",30,95,"95",7,7,0.23333333333333334,0.23333333333333334,8.1,-0.3884,9
"month","2025-09","loto",30,97,"97",7,6,0.2,0.23333333333333334,8.1,-0.3884,9
"month","2025-09","loto",30,99,"99",7,7,0.23333333333333334,0.23333333333333334,8.1,-0.3884,9
"month","2025-09","loto",30,8,"08",6,6,0.2,0.2,8.1,-0.7416,10
"month","2025-09","loto",30,17,"17",6,5,0.16666666666666666,0.2,8.1,-0.7416,10
"month","2025-09","loto",30,27,"27",6,5,0.16666666666666666,0.2,8.1,-0.7416,10
"month","2025-09","loto",30,29,"29",6,6,0.2,0.2,8.1,-0.7416,10
"month","2025-09","loto",30,35,"35",6,6,0.2,0.2,8.1,-0.7416,10
"month","2025-09","loto",30,42,"42",6,6,0.2,0.2,8.1,-0.7416,10
"month","2025-09","loto",30,48,"48",6,6,0.2,0.2,8.1,-0.7416,10
"month","2025-09","loto",30,52,"52",6,5,0.16666666666666666,0.2,8.1,-0.7416,10
"month","2025-09","loto",30,54,"54",6,6,0.2,0.2,8.1,-0.7416,10
"month","2025-09","loto",30,55,"55",6,6,0.2,0.2,8.1,-0.7416,10
"month","2025-09","loto",30,56,"56",6,6,0.2,0.2,8.1,-0.7416,10
"month","2025-09","loto",30,77,"77",6,5,0.16666666666666666,0.2,8.1,-0.7416,10
"month","2025-09","loto",30,90,"90",6,5,0.16666666666666666,0.2,8.1,-0.7416,10
"month","2025-09","loto",30,93,"93",6,6,0.2,0.2,8.1,-0.7416,10
"month","2025-09","loto",30,7,"07",5,5,0.16666666666666666,0.16666666666666666,8.1,-1.0947,11
"month","2025-09","loto",30,22,"22",5,5,0.16666666666666666,0.16666666666666666,8.1,-1.0947,11
"month","2025-09","loto",30,59,"59",5,5,0.16666666666666666,0.16666666666666666,8.1,-1.0947,11
"month","2025-09","loto",30,64,"64",5,5,0.16666666666666666,0.16666666666666666,8.1,-1.0947,11
"month","2025-09","loto",30,66,"66",5,5,0.16666666666666666,0.16666666666666666,8.1,-1.0947,11
"month","2025-09","loto",30,73,"73",5,5,0.16666666666666666,0.16666666666666666,8.1,-1.0947,11
"month","2025-09","loto",30,78,"78",5,5,0.16666666666666666,0.16666666666666666,8.1,-1.0947,11
"month","2025-09","loto",30,98,"98",5,4,0.13333333333333333,0.16666666666666666,8.1,-1.0947,11
"month","2025-09","loto",30,6,"06",4,3,0.1,0.13333333333333333,8.1,-1.4479,12
"month","2025-09","loto",30,15,"15",4,4,0.13333333333333333,0.13333333333333333,8.1,-1.4479,12
"month","2025-09","loto",30,21,"21",4,4,0.13333333333333333,0.13333333333333333,8.1,-1.4479,12
"month","2025-09","loto",30,81,"81",4,3,0.1,0.13333333333333333,8.1,-1.4479,12
"month","2025-09","loto",30,85,"85",4,4,0.13333333333333333,0.13333333333333333,8.1,-1.4479,12
"month","2025-09","loto",30,10,"10",3,3,0.1,0.1,8.1,-1.801,13
"month","2025-09","loto",30,41,"41",3,3,0.1,0.1,8.1,-1.801,13
"month","2025-09","loto",30,47,"47",3,3,0.1,0.1,8.1,-1.801,13
"month","2025-09","loto",30,61,"61",3,3,0.1,0.1,8.1,-1.801,13
"month","2025-09","loto",30,72,"72",3,3,0.1,0.1,8.1,-1.801,13
"month","2025-09","loto",30,76,"76",3,3,0.1,0.1,8.1,-1.801,13
"month","2025-10","loto",31,1,"01",15,12,0.3870967741935484,0.4838709677419355,8.37,2.3032,1
"month","2025-10","loto",31,2,"02",15,9,0.2903225806451613,0.4838709677419355,8.37,2.3032,1
"month","2025-10","loto",31,27,"27",15,11,0.3548387096774194,0.4838709677419355,8.37,2.3032,1
"month","2025-10","loto",31,28,"28",14,13,0.41935483870967744,0.45161290322580644,8.37,1.9558,2
"month","2025-10","loto",31,68,"68",14,12,0.3870967741935484,0.45161290322580644,8.37,1.9558,2
"month","2025-10","loto",31,79,"79",14,12,0.3870967741935484,0.45161290322580644,8.37,1.9558,2
"month","2025-10","loto",31,5,"05",13,12,0.3870967741935484,0.41935483870967744,8.37,1.6084,3
"month","2025-10","loto",31,45,"45",13,10,0.3225806451612903,0.41935483870967744,8.37,1.6084,3
"month","2025-10","loto",31,46,"46",13,10,0.3225806451612903,0.41935483870967744,8.37,1.6084,3
"month","2025-10","loto",31,49,"49",13,11,0.3548387096774194,0.41935483870967744,8.37,1.6084,3
"month","2025-10","loto",31,65,"65",13,11,0.3548387096774194,0.41935483870967744,8.37,1.6084,3
"month","2025-10","loto",31,69,"69",13,11,0.3548387096774194,0.41935483870967744,8.37,1.6084,3
"month","2025-10","loto",31,6,"06",12,10,0.3225806451612903,0.3870967741935484,8.37,1.261,4
"month","2025-10","loto",31,22,"22",12,10,0.3225806451612903,0.3870967741935484,8.37,1.261,4
"month","2025-10","loto",31,64,"64",12,11,0.3548387096774194,0.3870967741935484,8.37,1.261,4
"month","2025-10","loto",31,8,"08",11,9,0.2903225806451613,0.3548387096774194,8.37,0.9136,5
"month","2025-10","loto",31,25,"25",11,11,0.3548387096774194,0.3548387096774194,8.37,0.9136,5
"month","2025-10","loto",31,34,"34",11,10,0.3225806451612903,0.3548387096774194,8.37,0.9136,5
"month","2025-10","loto",31,42,"42",11,11,0.3548387096774194,0.3548387096774194,8.37,0.9136,5
"month","2025-10","loto",31,66,"66",11,9,0.2903225806451613,0.3548387096774194,8.37,0.9136,5
"month","2025-10","loto",31,83,"83",11,8,0.25806451612903225,0.3548387096774194,8.37,0.9136,5
"month","2025-10","loto",31,87,"87",11,11,0.3548387096774194,0.3548387096774194,8.37,0.9136,5
"month","2025-10","loto",31,93,"93",11,10,0.3225806451612903,0.3548387096774194,8.37,0.9136,5
"month","2025-10","loto",31,16,"16",10,9,0.2903225806451613,0.3225806451612903,8.37,0.5662,6
"month","2025-10","loto",31,33,"33",10,9,0.2903225806451613,0.3225806451612903,8.37,0.5662,6
"month","2025-10","loto",31,44,"44",10,8,0.25806451612903225,0.3225806451612903,8.37,0.5662,6
"month","2025-10","loto",31,50,"50",10,8,0.25806451612903225,0.3225806451612903,8.37,0.5662,6
"month","2025-10","loto",31,58,"58",10,8,0.25806451612903225,0.3225806451612903,8.37,0.5662,6
"month","2025-10","loto",31,62,"62",10,9,0.2903225806451613,0.3225806451612903,8.37,0.5662,6
"month","2025-10","loto",31,72,"72",10,10,0.3225806451612903,0.3225806451612903,8.37,0.5662,6
"month","2025-10","loto",31,76,"76",10,10,0.3225806451612903,0.3225806451612903,8.37,0.5662,6
"month","2025-10","loto",31,80,"80",10,8,0.25806451612903225,0.3225806451612903,8.37,0.5662,6
"month","2025-10","loto",31,81,"81",10,7,0.22580645161290322,0.3225806451612903,8.37,0.5662,6
"month","2025-10","loto",31,90,"90",10,8,0.25806451612903225,0.3225806451612903,8.37,0.5662,6
"month","2025-10","loto",31,99,"99",10,10,0.3225806451612903,0.3225806451612903,8.37,0.5662,6
"month","2025-10","loto",31,3,"03",9,8,0.25806451612903225,0.2903225806451613,8.37,0.2189,7
"month","2025-10","loto",31,4,"04",9,7,0.22580645161290322,0.2903225806451613,8.37,0.2189,7
"month","2025-10","loto",31,7,"07",9,9,0.2903225806451613,0.2903225806451613,8.37,0.2189,7
"month","2025-10","loto",31,12,"12",9,9,0.2903225806451613,0.2903225806451613,8.37,0.2189,7
"month","2025-10","loto",31,13,"13",9,7,0.22580645161290322,0.2903225806451613,8.37,0.2189,7
"month","2025-10","loto",31,38,"38",9,8,0.25806451612903225,0.2903225806451613,8.37,0.2189,7
"month","2025-10","loto",31,39,"39",9,8,0.25806451612903225,0.2903225806451613,8.37,0.2189,7
"month","2025-10","loto",31,52,"52",9,7,0.22580645161290322,0.2903225806451613,8.37,0.2189,7
"month","2025-10","loto",31,56,"56",9,6,0.1935483870967742,0.2903225806451613,8.37,0.2189,7
"month","2025-10","loto",31,57,"57",9,9,0.2903225806451613,0.2903225806451613,8.37,0.2189,7
"month","2025-10","loto",31,60,"60",9,8,0.25806451612903225,0.2903225806451613,8.37,0.2189,7
"month","2025-10","loto",31,73,"73",9,8,0.25806451612903225,0.2903225806451613,8.37,0.2189,7
"month","2025-10","loto",31,74,"74",9,8,0.25806451612903225,0.2903225806451613,8.37,0.2189,7
"month","2025-10","loto",31,77,"77",9,9,0.2903225806451613,0.2903225806451613,8.37,0.2189,7
"month","2025-10","loto",31,91,"91",9,8,0.25806451612903225,0.2903225806451613,8.37,0.2189,7
"month","2025-10","loto",31,17,"17",8,7,0.22580645161290322,0.25806451612903225,8.37,-0.1285,8
"month","2025-10","loto",31,19,"19",8,7,0.22580645161290322,0.25806451612903225,8.37,-0.1285,8
"month","2025-10","loto",31,23,"23",8,8,0.25806451612903225,0.25806451612903225,8.37,-0.1285,8
"month","2025-10","loto",31,24,"24",8,8,0.25806451612903225,0.25806451612903225,8.37,-0.1285,8
"month","2025-10","loto",31,47,"47",8,8,0.25806451612903225,0.25806451612903225,8.37,-0.1285,8
"month","2025-10","loto",31,48,"48",8,7,0.22580645161290322,0.25806451612903225,8.37,-0.1285,8
"month","2025-10","loto",31,71,"71",8,7,0.22580645161290322,0.25806451612903225,8.37,-0.1285,8
"month","2025-10","loto",31,95,"95",8,6,0.1935483870967742,0.25806451612903225,8.37,-0.1285,8
"month","2025-10","loto",31,0,"00",7,6,0.1935483870967742,0.22580645161290322,8.37,-0.4759,9
"month","2025-10","loto",31,15,"15",7,7,0.22580645161290322,0.22580645161290322,8.37,-0.4759,9
"month","2025-10","loto",31,40,"40",7,6,0.1935483870967742,0.22580645161290322,8.37,-0.4759,9
"month","2025-10","loto",31,61,"61",7,7,0.22580645161290322,0.22580645161290322,8.37,-0.4759,9
"month","2025-10","loto",31,63,"63",7,7,0.22580645161290322,0.22580645161290322,8.37,-0.4759,9
"month","2025-10","loto",31,67,"67",7,7,0.22580645161290322,0.22580645161290322,8.37,-0.4759,9
"month","2025-10","loto",31,88,"88",7,7,0.22580645161290322,0.22580645161290322,8.37,-0.4759,9
"month","2025-10","loto",31,92,"92",7,6,0.1935483870967742,0.22580645161290322,8.37,-0.4759,9
"month","2025-10","loto",31,9,"09",6,6,0.1935483870967742,0.1935483870967742,8.37,-0.8233,10
"month","2025-10","loto",31,11,"11",6,6,0.1935483870967742,0.1935483870967742,8.37,-0.8233,10
"month","2025-10","loto",31,14,"14",6,6,0.1935483870967742,0.1935483870967742,8.37,-0.8233,10
"month","2025-10","loto",31,41,"41",6,6,0.1935483870967742,0.1935483870967742,8.37,-0.8233,10
"month","2025-10","loto",31,53,"53",6,6,0.1935483870967742,0.1935483870967742,8.37,-0.8233,10
"month","2025-10","loto",31,54,"54",6,6,0.1935483870967742,0.1935483870967742,8.37,-0.8233,10
"month","2025-10","loto",31,55,"55",6,6,0.1935483870967742,0.1935483870967742,8.37,-0.8233,10
"month","2025-10","loto",31,70,"70",6,5,0.16129032258064516,0.1935483870967742,8.37,-0.8233,10
"month","2025-10","loto",31,75,"75",6,6,0.1935483870967742,0.1935483870967742,8.37,-0.8233,10
"month","2025-10","loto",31,78,"78",6,5,0.16129032258064516,0.1935483870967742,8.37,-0.8233,10
"month","2025-10","loto",31,84,"84",6,6,0.1935483870967742,0.1935483870967742,8.37,-0.8233,10
"month","2025-10","loto",31,89,"89",6,6,0.1935483870967742,0.1935483870967742,8.37,-0.8233,10
"month","2025-10","loto",31,97,"97",6,6,0.1935483870967742,0.1935483870967742,8.37,-0.8233,10
"month","2025-10","loto",31,10,"10",5,5,0.16129032258064516,0.16129032258064516,8.37,-1.1707,11
"month","2025-10","loto",31,18,"18",5,5,0.16129032258064516,0.16129032258064516,8.37,-1.1707,11
"month","2025-10","loto",31,20,"20",5,4,0.12903225806451613,0.16129032258064516,8.37,-1.1707,11
"month","2025-10","loto",31,21,"21",5,4,0.12903225806451613,0.16129032258064516,8.37,-1.1707,11
"month","2025-10","loto",31,26,"26",5,5,0.16129032258064516,0.16129032258064516,8.37,-1.1707,11
"month","2025-10","loto",31,29,"29",5,5,0.16129032258064516,0.16129032258064516,8.37,-1.1707,11
"month","2025-10","loto",31,32,"32",5,5,0.16129032258064516,0.16129032258064516,8.37,-1.1707,11
"month","2025-10","loto",31,35,"35",5,5,0.16129032258064516,0.16129032258064516,8.37,-1.1707,11
"month","2025-10","loto",31,36,"36",5,5,0.16129032258064516,0.16129032258064516,8.37,-1.1707,11
"month","2025-10","loto",31,37,"37",5,5,0.16129032258064516,0.16129032258064516,8.37,-1.1707,11
"month","2025-10","loto",31,94,"94",5,5,0.16129032258064516,0.16129032258064516,8.37,-1.1707,11
"month","2025-10","loto",31,96,"96",5,4,0.12903225806451613,0.16129032258064516,8.37,-1.1707,11
"month","2025-10","loto",31,30,"30",4,4,0.12903225806451613,0.12903225806451613,8.37,-1.5181,12
"month","2025-10","loto",31,31,"31",4,4,0.12903225806451613,0.12903225806451613,8.37,-1.5181,12
"month","2025-10","loto",31,43,"43",4,4,0.12903225806451613,0.12903225806451613,8.37,-1.5181,12
"month","2025-10","loto",31,51,"51",4,4,0.12903225806451613,0.12903225806451613,8.37,-1.5181,12
"month","2025-10","loto",31,59,"59",4,4,0.12903225806451613,0.12903225806451613,8.37,-1.5181,12
"month","2025-10","loto",31,82,"82",4,3,0.0967741935483871,0.12903225806451613,8.37,-1.5181,12
"month","2025-10","loto",31,85,"85",4,4,0.12903225806451613,0.12903225806451613,8.37,-1.5181,12
"month","2025-10","loto",31,86,"86",4,3,0.0967741935483871,0.12903225806451613,8.37,-1.5181,12
"month","2025-10","loto",31,98,"98",3,3,0.0967741935483871,0.0967741935483871,8.37,-1.8655,13
"month","2025-11","loto",30,88,"88",16,13,0.43333333333333335,0.5333333333333333,8.1,2.7898,1
"month","2025-11","loto",30,83,"83",14,11,0.36666666666666664,0.4666666666666667,8.1,2.0835,2
"month","2025-11","loto",30,53,"53",13,11,0.36666666666666664,0.43333333333333335,8.1,1.7304,3
"month","2025-11","loto",30,61,"61",13,10,0.3333333333333333,0.43333333333333335,8.1,1.7304,3
"month","2025-11","loto",30,75,"75",13,9,0.3,0.43333333333333335,8.1,1.7304,3
"month","2025-11","loto",30,89,"89",13,9,0.3,0.43333333333333335,8.1,1.7304,3
"month","2025-11","loto",30,14,"14",12,9,0.3,0.4,8.1,1.3772,4
"month","2025-11","loto",30,36,"36",12,8,0.26666666666666666,0.4,8.1,1.3772,4
"month","2025-11","loto",30,95,"95",12,11,0.36666666666666664,0.4,8.1,1.3772,4
"month","2025-11","loto",30,4,"04",11,10,0.3333333333333333,0.36666666666666664,8.1,1.0241,5
"month","2025-11","loto",30,21,"21",11,9,0.3,0.36666666666666664,8.1,1.0241,5
"month","2025-11","loto",30,24,"24",11,10,0.3333333333333333,0.36666666666666664,8.1,1.0241,5
"month","2025-11","loto",30,26,"26",11,9,0.3,0.36666666666666664,8.1,1.0241,5
"month","2025-11","loto",30,27,"27",11,9,0.3,0.36666666666666664,8.1,1.0241,5
"month","2025-11","loto",30,42,"42",11,10,0.3333333333333333,0.36666666666666664,8.1,1.0241,5
"month","2025-11","loto",30,43,"43",11,9,0.3,0.36666666666666664,8.1,1.0241,5
"month","2025-11","loto",30,71,"71",11,9,0.3,0.36666666666666664,8.1,1.0241,5
"month","2025-11","loto",30,86,"86",11,9,0.3,0.36666666666666664,8.1,1.0241,5
"month","2025-11","loto",30,90,"90",11,10,0.3333333333333333,0.36666666666666664,8.1,1.0241,5
"month","2025-11","loto",30,92,"92",11,11,0.36666666666666664,0.36666666666666664,8.1,1.0241,5
"month","2025-11","loto",30,97,"97",11,10,0.3333333333333333,0.36666666666666664,8.1,1.0241,5
"month","2025-11","loto",30,35,"35",10,10,0.3333333333333333,0.3333333333333333,8.1,0.671,6
"month","2025-11","loto",30,38,"38",10,8,0.26666666666666666,0.3333333333333333,8.1,0.671,6
"month","2025-11","loto",30,46,"46",10,9,0.3,0.3333333333333333,8.1,0.671,6
"month","2025-11","loto",30,47,"47",10,9,0.3,0.3333333333333333,8.1,0.671,6
"month","2025-11","loto",30,60,"60",10,9,0.3,0.3333333333333333,8.1,0.671,6
"month","2025-11","loto",30,62,"62",10,9,0.3,0.3333333333333333,8.1,0.671,6
"month","2025-11","loto",30,64,"64",10,9,0.3,0.3333333333333333,8.1,0.671,6
"month","2025-11","loto",30,66,"66",10,7,0.23333333333333334,0.3333333333333333,8.1,0.671,6
"month","2025-11","loto",30,70,"70",10,8,0.26666666666666666,0.3333333333333333,8.1,0.671,6
"month","2025-11","loto",30,72,"72",10,9,0.3,0.3333333333333333,8.1,0.671,6
"month","2025-11","loto",30,74,"74",10,10,0.3333333333333333,0.3333333333333333,8.1,0.671,6
"month","2025-11","loto",30,78,"78",10,9,0.3,0.3333333333333333,8.1,0.671,6
"month","2025-11","loto",30,93,"93",10,8,0.26666666666666666,0.3333333333333333,8.1,0.671,6
"month","2025-11","loto",30,11,"11",9,6,0.2,0.3,8.1,0.3178,7
"month","2025-11","loto",30,12,"12",9,9,0.3,0.3,8.1,0.3178,7
"month","2025-11","loto",30,13,"13",9,8,0.26666666666666666,0.3,8.1,0.3178,7
"month","2025-11","loto",30,29,"29",9,7,0.23333333333333334,0.3,8.1,0.3178,7
"month","2025-11","loto",30,33,"33",9,9,0.3,0.3,8.1,0.3178,7
"month","2025-11","loto",30,41,"41",9,9,0.3,0.3,8.1,0.3178,7
"month","2025-11","loto",30,77,"77",9,7,0.23333333333333334,0.3,8.1,0.3178,7
"month","2025-11","loto",30,84,"84",9,7,0.23333333333333334,0.3,8.1,0.3178,7
"month","2025-11","loto",30,94,"94",9,8,0.26666666666666666,0.3,8.1,0.3178,7
"month","2025-11","loto",30,9,"09",8,7,0.23333333333333334,0.26666666666666666,8.1,-0.0353,8
"month","2025-11","loto",30,18,"18",8,8,0.26666666666666666,0.26666666666666666,8.1,-0.0353,8
"month","2025-11","loto",30,25,"25",8,8,0.26666666666666666,0.26666666666666666,8.1,-0.0353,8
"month","2025-11","loto",30,30,"30",8,8,0.26666666666666666,0.26666666666666666,8.1,-0.0353,8
"month","2025-11","loto",30,32,"32",8,7,0.23333333333333334,0.26666666666666666,8.1,-0.0353,8
"month","2025-11","loto",30,44,"44",8,7,0.23333333333333334,0.26666666666666666,8.1,-0.0353,8
"month","2025-11","loto",30,48,"48",8,7,0.23333333333333334,0.26666666666666666,8.1,-0.0353,8
"month","2025-11","loto",30,49,"49",8,8,0.26666666666666666,0.26666666666666666,8.1,-0.0353,8
"month","2025-11","loto",30,54,"54",8,8,0.26666666666666666,0.26666666666666666,8.1,-0.0353,8
"month","2025-11","loto",30,73,"73",8,8,0.26666666666666666,0.26666666666666666,8.1,-0.0353,8
"month","2025-11","loto",30,76,"76",8,7,0.23333333333333334,0.26666666666666666,8.1,-0.0353,8
"month","2025-11","loto",30,79,"79",8,6,0.2,0.26666666666666666,8.1,-0.0353,8
"month","2025-11","loto",30,0,"00",7,6,0.2,0.23333333333333334,8.1,-0.3884,9
"month","2025-11","loto",30,1,"01",7,5,0.16666666666666666,0.23333333333333334,8.1,-0.3884,9
"month","2025-11","loto",30,3,"03",7,7,0.23333333333333334,0.23333333333333334,8.1,-0.3884,9
"month","2025-11","loto",30,5,"05",7,5,0.16666666666666666,0.23333333333333334,8.1,-0.3884,9
"month","2025-11","loto",30,8,"08",7,7,0.23333333333333334,0.23333333333333334,8.1,-0.3884,9
"month","2025-11","loto",30,16,"16",7,7,0.23333333333333334,0.23333333333333334,8.1,-0.3884,9
"month","2025-11","loto",30,34,"34",7,7,0.23333333333333334,0.23333333333333334,8.1,-0.3884,9
"month","2025-11","loto",30,63,"63",7,7,0.23333333333333334,0.23333333333333334,8.1,-0.3884,9
"month","2025-11","loto",30,65,"65",7,7,0.23333333333333334,0.23333333333333334,8.1,-0.3884,9
"month","2025-11","loto",30,82,"82",7,6,0.2,0.23333333333333334,8.1,-0.3884,9
"month","2025-11","loto",30,87,"87",7,7,0.23333333333333334,0.23333333333333334,8.1,-0.3884,9
"month","2025-11","loto",30,91,"91",7,5,0.16666666666666666,0.23333333333333334,8.1,-0.3884,9
"month","2025-11","loto",30,2,"02",6,6,0.2,0.2,8.1,-0.7416,10
"month","2025-11","loto",30,10,"10",6,5,0.16666666666666666,0.2,8.1,-0.7416,10
"month","2025-11","loto",30,17,"17",6,5,0.16666666666666666,0.2,8.1,-0.7416,10
"month","2025-11","loto",30,20,"20",6,5,0.16666666666666666,0.2,8.1,-0.7416,10
"month","2025-11","loto",30,22,"22",6,5,0.16666666666666666,0.2,8.1,-0.7416,10
"month","2025-11","loto",30,23,"23",6,5,0.16666666666666666,0.2,8.1,-0.7416,10
"month","2025-11","loto",30,40,"40",6,6,0.2,0.2,8.1,-0.7416,10
"month","2025-11","loto",30,51,"51",6,6,0.2,0.2,8.1,-0.7416,10
"month","2025-11","loto",30,57,"57",6,6,0.2,0.2,8.1,-0.7416,10
"month","2025-11","loto",30,58,"58",6,6,0.2,0.2,8.1,-0.7416,10
"month","2025-11","loto",30,59,"59",6,5,0.16666666666666666,0.2,8.1,-0.7416,10
"month","2025-11","loto",30,68,"68",6,5,0.16666666666666666,0.2,8.1,-0.7416,10
"month","2025-11","loto",30,69,"69",6,5,0.16666666666666666,0.2,8.1,-0.7416,10
"month","2025-11","loto",30,80,"80",6,5,0.16666666666666666,0.2,8.1,-0.7416,10
"month","2025-11","loto",30,96,"96",6,5,0.16666666666666666,0.2,8.1,-0.7416,10
"month","2025-11","loto",30,6,"06",5,4,0.13333333333333333,0.16666666666666666,8.1,-1.0947,11
"month","2025-11","loto",30,19,"19",5,5,0.16666666666666666,0.16666666666666666,8.1,-1.0947,11
"month","2025-11","loto",30,31,"31",5,5,0.16666666666666666,0.16666666666666666,8.1,-1.0947,11
"month","2025-11","loto",30,39,"39",5,4,0.13333333333333333,0.16666666666666666,8.1,-1.0947,11
"month","2025-11","loto",30,52,"52",5,5,0.16666666666666666,0.16666666666666666,8.1,-1.0947,11
"month","2025-11","loto",30,55,"55",5,5,0.16666666666666666,0.16666666666666666,8.1,-1.0947,11
"month","2025-11","loto",30,67,"67",5,5,0.16666666666666666,0.16666666666666666,8.1,-1.0947,11
"month","2025-11","loto",30,81,"81",5,5,0.16666666666666666,0.16666666666666666,8.1,-1.0947,11
"month","2025-11","loto",30,85,"85",5,5,0.16666666666666666,0.16666666666666666,8.1,-1.0947,11
"month","2025-11","loto",30,99,"99",5,4,0.13333333333333333,0.16666666666666666,8.1,-1.0947,11
"month","2025-11","loto",30,7,"07",4,4,0.13333333333333333,0.13333333333333333,8.1,-1.4479,12
"month","2025-11","loto",30,15,"15",4,4,0.13333333333333333,0.13333333333333333,8.1,-1.4479,12
"month","2025-11","loto",30,28,"28",4,3,0.1,0.13333333333333333,8.1,-1.4479,12
"month","2025-11","loto",30,45,"45",4,3,0.1,0.13333333333333333,8.1,-1.4479,12
"month","2025-11","loto",30,50,"50",4,3,0.1,0.13333333333333333,8.1,-1.4479,12
"month","2025-11","loto",30,98,"98",4,4,0.13333333333333333,0.13333333333333333,8.1,-1.4479,12
"month","2025-11","loto",30,56,"56",3,3,0.1,0.1,8.1,-1.801,13
"month","2025-11","loto",30,37,"37",2,2,0.06666666666666667,0.06666666666666667,8.1,-2.1541,14
"month","2025-12","loto",31,14,"14",16,15,0.4838709677419355,0.5161290322580645,8.37,2.6506,1
"month","2025-12","loto",31,36,"36",15,12,0.3870967741935484,0.4838709677419355,8.37,2.3032,2
"month","2025-12","loto",31,92,"92",13,11,0.3548387096774194,0.41935483870967744,8.37,1.6084,3
"month","2025-12","loto",31,28,"28",12,10,0.3225806451612903,0.3870967741935484,8.37,1.261,4
"month","2025-12","loto",31,58,"58",12,10,0.3225806451612903,0.3870967741935484,8.37,1.261,4
"month","2025-12","loto",31,59,"59",12,10,0.3225806451612903,0.3870967741935484,8.37,1.261,4
"month","2025-12","loto",31,60,"60",12,11,0.3548387096774194,0.3870967741935484,8.37,1.261,4
"month","2025-12","loto",31,61,"61",12,11,0.3548387096774194,0.3870967741935484,8.37,1.261,4
"month","2025-12","loto",31,78,"78",12,11,0.3548387096774194,0.3870967741935484,8.37,1.261,4
"month","2025-12","loto",31,10,"10",11,10,0.3225806451612903,0.3548387096774194,8.37,0.9136,5
"month","2025-12","loto",31,12,"12",11,10,0.3225806451612903,0.3548387096774194,8.37,0.9136,5
"month","2025-12","loto",31,15,"15",11,10,0.3225806451612903,0.3548387096774194,8.37,0.9136,5
"month","2025-12","loto",31,22,"22",11,11,0.3548387096774194,0.3548387096774194,8.37,0.9136,5
"month","2025-12","loto",31,35,"35",11,10,0.3225806451612903,0.3548387096774194,8.37,0.9136,5
"month","2025-12","loto",31,37,"37",11,9,0.2903225806451613,0.3548387096774194,8.37,0.9136,5
"month","2025-12","loto",31,46,"46",11,10,0.3225806451612903,0.3548387096774194,8.37,0.9136,5
"month","2025-12","loto",31,52,"52",11,10,0.3225806451612903,0.3548387096774194,8.37,0.9136,5
"month","2025-12","loto",31,65,"65",11,9,0.2903225806451613,0.3548387096774194,8.37,0.9136,5
"month","2025-12","loto",31,98,"98",11,10,0.3225806451612903,0.3548387096774194,8.37,0.9136,5
"month","2025-12","loto",31,1,"01",10,9,0.2903225806451613,0.3225806451612903,8.37,0.5662,6
"month","2025-12","loto",31,3,"03",10,9,0.2903225806451613,0.3225806451612903,8.37,0.5662,6
"month","2025-12","loto",31,5,"05",10,9,0.2903225806451613,0.3225806451612903,8.37,0.5662,6
"month","2025-12","loto",31,13,"13",10,9,0.2903225806451613,0.3225806451612903,8.37,0.5662,6
"month","2025-12","loto",31,16,"16",10,10,0.3225806451612903,0.3225806451612903,8.37,0.5662,6
"month","2025-12","loto",31,17,"17",10,10,0.3225806451612903,0.3225806451612903,8.37,0.5662,6
"month","2025-12","loto",31,19,"19",10,8,0.25806451612903225,0.3225806451612903,8.37,0.5662,6
"month","2025-12","loto",31,24,"24",10,9,0.2903225806451613,0.3225806451612903,8.37,0.5662,6
"month","2025-12","loto",31,27,"27",10,9,0.2903225806451613,0.3225806451612903,8.37,0.5662,6
"month","2025-12","loto",31,29,"29",10,9,0.2903225806451613,0.3225806451612903,8.37,0.5662,6
"month","2025-12","loto",31,31,"31",10,9,0.2903225806451613,0.3225806451612903,8.37,0.5662,6
"month","2025-12","loto",31,69,"69",10,10,0.3225806451612903,0.3225806451612903,8.37,0.5662,6
"month","2025-12","loto",31,72,"72",10,7,0.22580645161290322,0.3225806451612903,8.37,0.5662,6
"month","2025-12","loto",31,83,"83",10,9,0.2903225806451613,0.3225806451612903,8.37,0.5662,6
"month","2025-12","loto",31,94,"94",10,9,0.2903225806451613,0.3225806451612903,8.37,0.5662,6
"month","2025-12","loto",31,95,"95",10,10,0.3225806451612903,0.3225806451612903,8.37,0.5662,6
"month","2025-12","loto",31,96,"96",10,9,0.2903225806451613,0.3225806451612903,8.37,0.5662,6
"month","2025-12","loto",31,8,"08",9,8,0.25806451612903225,0.2903225806451613,8.37,0.2189,7
"month","2025-12","loto",31,11,"11",9,9,0.2903225806451613,0.2903225806451613,8.37,0.2189,7
"month","2025-12","loto",31,21,"21",9,9,0.2903225806451613,0.2903225806451613,8.37,0.2189,7
"month","2025-12","loto",31,30,"30",9,6,0.1935483870967742,0.2903225806451613,8.37,0.2189,7
"month","2025-12","loto",31,32,"32",9,7,0.22580645161290322,0.2903225806451613,8.37,0.2189,7
"month","2025-12","loto",31,62,"62",9,8,0.25806451612903225,0.2903225806451613,8.37,0.2189,7
"month","2025-12","loto",31,64,"64",9,7,0.22580645161290322,0.2903225806451613,8.37,0.2189,7
"month","2025-12","loto",31,68,"68",9,7,0.22580645161290322,0.2903225806451613,8.37,0.2189,7
"month","2025-12","loto",31,71,"71",9,8,0.25806451612903225,0.2903225806451613,8.37,0.2189,7
"month","2025-12","loto",31,75,"75",9,9,0.2903225806451613,0.2903225806451613,8.37,0.2189,7
"month","2025-12","loto",31,82,"82",9,6,0.1935483870967742,0.2903225806451613,8.37,0.2189,7
"month","2025-12","loto",31,85,"85",9,9,0.2903225806451613,0.2903225806451613,8.37,0.2189,7
"month","2025-12","loto",31,91,"91",9,7,0.22580645161290322,0.2903225806451613,8.37,0.2189,7
"month","2025-12","loto",31,97,"97",9,9,0.2903225806451613,0.2903225806451613,8.37,0.2189,7
"month","2025-12","loto",31,40,"40",8,7,0.22580645161290322,0.25806451612903225,8.37,-0.1285,8
"month","2025-12","loto",31,41,"41",8,7,0.22580645161290322,0.25806451612903225,8.37,-0.1285,8
"month","2025-12","loto",31,44,"44",8,8,0.25806451612903225,0.25806451612903225,8.37,-0.1285,8
"month","2025-12","loto",31,45,"45",8,7,0.22580645161290322,0.25806451612903225,8.37,-0.1285,8
"month","2025-12","loto",31,67,"67",8,8,0.25806451612903225,0.25806451612903225,8.37,-0.1285,8
"month","2025-12","loto",31,73,"73",8,7,0.22580645161290322,0.25806451612903225,8.37,-0.1285,8
"month","2025-12","loto",31,76,"76",8,8,0.25806451612903225,0.25806451612903225,8.37,-0.1285,8
"month","2025-12","loto",31,80,"80",8,7,0.22580645161290322,0.25806451612903225,8.37,-0.1285,8
"month","2025-12","loto",31,84,"84",8,7,0.22580645161290322,0.25806451612903225,8.37,-0.1285,8
"month","2025-12","loto",31,88,"88",8,8,0.25806451612903225,0.25806451612903225,8.37,-0.1285,8
"month","2025-12","loto",31,99,"99",8,7,0.22580645161290322,0.25806451612903225,8.37,-0.1285,8
"month","2025-12","loto",31,0,"00",7,6,0.1935483870967742,0.22580645161290322,8.37,-0.4759,9
"month","2025-12","loto",31,6,"06",7,7,0.22580645161290322,0.22580645161290322,8.37,-0.4759,9
"month","2025-12","loto",31,25,"25",7,5,0.16129032258064516,0.22580645161290322,8.37,-0.4759,9
"month","2025-12","loto",31,38,"38",7,5,0.16129032258064516,0.22580645161290322,8.37,-0.4759,9
"month","2025-12","loto",31,47,"47",7,7,0.22580645161290322,0.22580645161290322,8.37,-0.4759,9
"month","2025-12","loto",31,48,"48",7,5,0.16129032258064516,0.22580645161290322,8.37,-0.4759,9
"month","2025-12","loto",31,49,"49",7,7,0.22580645161290322,0.22580645161290322,8.37,-0.4759,9
"month","2025-12","loto",31,53,"53",7,6,0.1935483870967742,0.22580645161290322,8.37,-0.4759,9
"month","2025-12","loto",31,56,"56",7,7,0.22580645161290322,0.22580645161290322,8.37,-0.4759,9
"month","2025-12","loto",31,57,"57",7,6,0.1935483870967742,0.22580645161290322,8.37,-0.4759,9
"month","2025-12","loto",31,63,"63",7,7,0.22580645161290322,0.22580645161290322,8.37,-0.4759,9
"month","2025-12","loto",31,70,"70",7,6,0.1935483870967742,0.22580645161290322,8.37,-0.4759,9
"month","2025-12","loto",31,77,"77",7,7,0.22580645161290322,0.22580645161290322,8.37,-0.4759,9
"month","2025-12","loto",31,81,"81",7,7,0.22580645161290322,0.22580645161290322,8.37,-0.4759,9
"month","2025-12","loto",31,87,"87",7,7,0.22580645161290322,0.22580645161290322,8.37,-0.4759,9
"month","2025-12","loto",31,89,"89",7,5,0.16129032258064516,0.22580645161290322,8.37,-0.4759,9
"month","2025-12","loto",31,2,"02",6,6,0.1935483870967742,0.1935483870967742,8.37,-0.8233,10
"month","2025-12","loto",31,7,"07",6,5,0.16129032258064516,0.1935483870967742,8.37,-0.8233,10
"month","2025-12","loto",31,9,"09",6,5,0.16129032258064516,0.1935483870967742,8.37,-0.8233,10
"month","2025-12","loto",31,18,"18",6,5,0.16129032258064516,0.1935483870967742,8.37,-0.8233,10
"month","2025-12","loto",31,26,"26",6,6,0.1935483870967742,0.1935483870967742,8.37,-0.8233,10
"month","2025-12","loto",31,33,"33",6,5,0.16129032258064516,0.1935483870967742,8.37,-0.8233,10
"month","2025-12","loto",31,42,"42",6,5,0.16129032258064516,0.1935483870967742,8.37,-0.8233,10
"month","2025-12","loto",31,50,"50",6,6,0.1935483870967742,0.1935483870967742,8.37,-0.8233,10
"month","2025-12","loto",31,51,"51",6,5,0.16129032258064516,0.1935483870967742,8.37,-0.8233,10
"month","2025-12","loto",31,54,"54",6,6,0.1935483870967742,0.1935483870967742,8.37,-0.8233,10
"month","2025-12","loto",31,74,"74",6,5,0.16129032258064516,0.1935483870967742,8.37,-0.8233,10
"month","2025-12","loto",31,86,"86",6,6,0.1935483870967742,0.1935483870967742,8.37,-0.8233,10
"month","2025-12","loto",31,93,"93",6,6,0.1935483870967742,0.1935483870967742,8.37,-0.8233,10
"month","2025-12","loto",31,23,"23",5,4,0.12903225806451613,0.16129032258064516,8.37,-1.1707,11
"month","2025-12","loto",31,34,"34",5,5,0.16129032258064516,0.16129032258064516,8.37,-1.1707,11
"month","2025-12","loto",31,39,"39",5,5,0.16129032258064516,0.16129032258064516,8.37,-1.1707,11
"month","2025-12","loto",31,79,"79",5,4,0.12903225806451613,0.16129032258064516,8.37,-1.1707,11
"month","2025-12","loto",31,90,"90",5,4,0.12903225806451613,0.16129032258064516,8.37,-1.1707,11
"month","2025-12","loto",31,43,"43",4,4,0.12903225806451613,0.12903225806451613,8.37,-1.5181,12
"month","2025-12","loto",31,66,"66",3,3,0.0967741935483871,0.0967741935483871,8.37,-1.8655,13
"month","2025-12","loto",31,20,"20",2,2,0.06451612903225806,0.06451612903225806,8.37,-2.2129,14
"month","2025-12","loto",31,55,"55",2,2,0.06451612903225806,0.06451612903225806,8.37,-2.2129,14
"month","2025-12","loto",31,4,"04",1,1,0.03225806451612903,0.03225806451612903,8.37,-2.5603,15
"month","2026-01","loto",31,22,"22",13,8,0.25806451612903225,0.41935483870967744,8.37,1.6084,1
"month","2026-01","loto",31,51,"51",13,11,0.3548387096774194,0.41935483870967744,8.37,1.6084,1
"month","2026-01","loto",31,54,"54",13,11,0.3548387096774194,0.41935483870967744,8.37,1.6084,1
"month","2026-01","loto",31,14,"14",12,9,0.2903225806451613,0.3870967741935484,8.37,1.261,2
"month","2026-01","loto",31,39,"39",12,10,0.3225806451612903,0.3870967741935484,8.37,1.261,2
"month","2026-01","loto",31,45,"45",12,11,0.3548387096774194,0.3870967741935484,8.37,1.261,2
"month","2026-01","loto",31,60,"60",12,11,0.3548387096774194,0.3870967741935484,8.37,1.261,2
"month","2026-01","loto",31,94,"94",12,11,0.3548387096774194,0.3870967741935484,8.37,1.261,2
"month","2026-01","loto",31,2,"02",11,11,0.3548387096774194,0.3548387096774194,8.37,0.9136,3
"month","2026-01","loto",31,21,"21",11,9,0.2903225806451613,0.3548387096774194,8.37,0.9136,3
"month","2026-01","loto",31,25,"25",11,8,0.25806451612903225,0.3548387096774194,8.37,0.9136,3
"month","2026-01","loto",31,43,"43",11,11,0.3548387096774194,0.3548387096774194,8.37,0.9136,3
"month","2026-01","loto",31,44,"44",11,11,0.3548387096774194,0.3548387096774194,8.37,0.9136,3
"month","2026-01","loto",31,47,"47",11,10,0.3225806451612903,0.3548387096774194,8.37,0.9136,3
"month","2026-01","loto",31,58,"58",11,10,0.3225806451612903,0.3548387096774194,8.37,0.9136,3
"month","2026-01","loto",31,76,"76",11,10,0.3225806451612903,0.3548387096774194,8.37,0.9136,3
"month","2026-01","loto",31,82,"82",11,11,0.3548387096774194,0.3548387096774194,8.37,0.9136,3
"month","2026-01","loto",31,88,"88",11,10,0.3225806451612903,0.3548387096774194,8.37,0.9136,3
"month","2026-01","loto",31,92,"92",11,7,0.22580645161290322,0.3548387096774194,8.37,0.9136,3
"month","2026-01","loto",31,12,"12",10,8,0.25806451612903225,0.3225806451612903,8.37,0.5662,4
"month","2026-01","loto",31,17,"17",10,8,0.25806451612903225,0.3225806451612903,8.37,0.5662,4
"month","2026-01","loto",31,19,"19",10,8,0.25806451612903225,0.3225806451612903,8.37,0.5662,4
"month","2026-01","loto",31,24,"24",10,10,0.3225806451612903,0.3225806451612903,8.37,0.5662,4
"month","2026-01","loto",31,29,"29",10,9,0.2903225806451613,0.3225806451612903,8.37,0.5662,4
"month","2026-01","loto",31,35,"35",10,10,0.3225806451612903,0.3225806451612903,8.37,0.5662,4
"month","2026-01","loto",31,49,"49",10,10,0.3225806451612903,0.3225806451612903,8.37,0.5662,4
"month","2026-01","loto",31,52,"52",10,10,0.3225806451612903,0.3225806451612903,8.37,0.5662,4
"month","2026-01","loto",31,56,"56",10,7,0.22580645161290322,0.3225806451612903,8.37,0.5662,4
"month","2026-01","loto",31,66,"66",10,8,0.25806451612903225,0.3225806451612903,8.37,0.5662,4
"month","2026-01","loto",31,67,"67",10,9,0.2903225806451613,0.3225806451612903,8.37,0.5662,4
"month","2026-01","loto",31,68,"68",10,10,0.3225806451612903,0.3225806451612903,8.37,0.5662,4
"month","2026-01","loto",31,69,"69",10,10,0.3225806451612903,0.3225806451612903,8.37,0.5662,4
"month","2026-01","loto",31,71,"71",10,7,0.22580645161290322,0.3225806451612903,8.37,0.5662,4
"month","2026-01","loto",31,74,"74",10,9,0.2903225806451613,0.3225806451612903,8.37,0.5662,4
"month","2026-01","loto",31,83,"83",10,9,0.2903225806451613,0.3225806451612903,8.37,0.5662,4
"month","2026-01","loto",31,85,"85",10,6,0.1935483870967742,0.3225806451612903,8.37,0.5662,4
"month","2026-01","loto",31,89,"89",10,10,0.3225806451612903,0.3225806451612903,8.37,0.5662,4
"month","2026-01","loto",31,0,"00",9,7,0.22580645161290322,0.2903225806451613,8.37,0.2189,5
"month","2026-01","loto",31,1,"01",9,9,0.2903225806451613,0.2903225806451613,8.37,0.2189,5
"month","2026-01","loto",31,8,"08",9,7,0.22580645161290322,0.2903225806451613,8.37,0.2189,5
"month","2026-01","loto",31,10,"10",9,8,0.25806451612903225,0.2903225806451613,8.37,0.2189,5
"month","2026-01","loto",31,15,"15",9,7,0.22580645161290322,0.2903225806451613,8.37,0.2189,5
"month","2026-01","loto",31,27,"27",9,8,0.25806451612903225,0.2903225806451613,8.37,0.2189,5
"month","2026-01","loto",31,33,"33",9,8,0.25806451612903225,0.2903225806451613,8.37,0.2189,5
"month","2026-01","loto",31,48,"48",9,9,0.2903225806451613,0.2903225806451613,8.37,0.2189,5
"month","2026-01","loto",31,57,"57",9,9,0.2903225806451613,0.2903225806451613,8.37,0.2189,5
"month","2026-01","loto",31,79,"79",9,6,0.1935483870967742,0.2903225806451613,8.37,0.2189,5
"month","2026-01","loto",31,80,"80",9,9,0.2903225806451613,0.2903225806451613,8.37,0.2189,5
"month","2026-01","loto",31,86,"86",9,8,0.25806451612903225,0.2903225806451613,8.37,0.2189,5
"month","2026-01","loto",31,87,"87",9,7,0.22580645161290322,0.2903225806451613,8.37,0.2189,5
"month","2026-01","loto",31,93,"93",9,8,0.25806451612903225,0.2903225806451613,8.37,0.2189,5
"month","2026-01","loto",31,9,"09",8,7,0.22580645161290322,0.25806451612903225,8.37,-0.1285,6
"month","2026-01","loto",31,13,"13",8,8,0.25806451612903225,0.25806451612903225,8.37,-0.1285,6
"month","2026-01","loto",31,20,"20",8,6,0.1935483870967742,0.25806451612903225,8.37,-0.1285,6
"month","2026-01","loto",31,31,"31",8,7,0.22580645161290322,0.25806451612903225,8.37,-0.1285,6
"month","2026-01","loto",31,32,"32",8,8,0.25806451612903225,0.25806451612903225,8.37,-0.1285,6
"month","2026-01","loto",31,34,"34",8,7,0.22580645161290322,0.25806451612903225,8.37,-0.1285,6
"month","2026-01","loto",31,36,"36",8,6,0.1935483870967742,0.25806451612903225,8.37,-0.1285,6
"month","2026-01","loto",31,46,"46",8,6,0.1935483870967742,0.25806451612903225,8.37,-0.1285,6
"month","2026-01","loto",31,50,"50",8,7,0.22580645161290322,0.25806451612903225,8.37,-0.1285,6
"month","2026-01","loto",31,53,"53",8,6,0.1935483870967742,0.25806451612903225,8.37,-0.1285,6
"month","2026-01","loto",31,62,"62",8,7,0.22580645161290322,0.25806451612903225,8.37,-0.1285,6
"month","2026-01","loto",31,63,"63",8,7,0.22580645161290322,0.25806451612903225,8.37,-0.1285,6
"month","2026-01","loto",31,70,"70",8,7,0.22580645161290322,0.25806451612903225,8.37,-0.1285,6
"month","2026-01","loto",31,77,"77",8,7,0.22580645161290322,0.25806451612903225,8.37,-0.1285,6
"month","2026-01","loto",31,78,"78",8,7,0.22580645161290322,0.25806451612903225,8.37,-0.1285,6
"month","2026-01","loto",31,81,"81",8,7,0.22580645161290322,0.25806451612903225,8.37,-0.1285,6
"month","2026-01","loto",31,95,"95",8,7,0.22580645161290322,0.25806451612903225,8.37,-0.1285,6
"month","2026-01","loto",31,16,"16",7,7,0.22580645161290322,0.22580645161290322,8.37,-0.4759,7
"month","2026-01","loto",31,23,"23",7,6,0.1935483870967742,0.22580645161290322,8.37,-0.4759,7
"month","2026-01","loto",31,26,"26",7,6,0.1935483870967742,0.22580645161290322,8.37,-0.4759,7
"month","2026-01","loto",31,38,"38",7,7,0.22580645161290322,0.22580645161290322,8.37,-0.4759,7
"month","2026-01","loto",31,41,"41",7,7,0.22580645161290322,0.22580645161290322,8.37,-0.4759,7
"month","2026-01","loto",31,64,"64",7,6,0.1935483870967742,0.22580645161290322,8.37,-0.4759,7
"month","2026-01","loto",31,65,"65",7,7,0.22580645161290322,0.22580645161290322,8.37,-0.4759,7
"month","2026-01","loto",31,73,"73",7,7,0.22580645161290322,0.22580645161290322,8.37,-0.4759,7
"month","2026-01","loto",31,75,"75",7,7,0.22580645161290322,0.22580645161290322,8.37,-0.4759,7
"month","2026-01","loto",31,97,"97",7,6,0.1935483870967742,0.22580645161290322,8.37,-0.4759,7
"month","2026-01","loto",31,99,"99",7,6,0.1935483870967742,0.22580645161290322,8.37,-0.4759,7
"month","2026-01","loto",31,4,"04",6,5,0.16129032258064516,0.1935483870967742,8.37,-0.8233,8
"month","2026-01","loto",31,7,"07",6,6,0.1935483870967742,0.1935483870967742,8.37,-0.8233,8
"month","2026-01","loto",31,37,"37",6,5,0.16129032258064516,0.1935483870967742,8.37,-0.8233,8
"month","2026-01","loto",31,40,"40",6,6,0.1935483870967742,0.1935483870967742,8.37,-0.8233,8
"month","2026-01","loto",31,72,"72",6,6,0.1935483870967742,0.1935483870967742,8.37,-0.8233,8
"month","2026-01","loto",31,91,"91",6,5,0.16129032258064516,0.1935483870967742,8.37,-0.8233,8
"month","2026-01","loto",31,96,"96",6,5,0.16129032258064516,0.1935483870967742,8.37,-0.8233,8
"month","2026-01","loto",31,98,"98",6,5,0.16129032258064516,0.1935483870967742,8.37,-0.8233,8
"month","2026-01","loto",31,3,"03",5,5,0.16129032258064516,0.16129032258064516,8.37,-1.1707,9
"month","2026-01","loto",31,5,"05",5,5,0.16129032258064516,0.16129032258064516,8.37,-1.1707,9
"month","2026-01","loto",31,28,"28",5,5,0.16129032258064516,0.16129032258064516,8.37,-1.1707,9
"month","2026-01","loto",31,30,"30",5,3,0.0967741935483871,0.16129032258064516,8.37,-1.1707,9
"month","2026-01","loto",31,42,"42",5,5,0.16129032258064516,0.16129032258064516,8.37,-1.1707,9
"month","2026-01","loto",31,84,"84",5,5,0.16129032258064516,0.16129032258064516,8.37,-1.1707,9
"month","2026-01","loto",31,55,"55",4,3,0.0967741935483871,0.12903225806451613,8.37,-1.5181,10
"month","2026-01","loto",31,61,"61",4,4,0.12903225806451613,0.12903225806451613,8.37,-1.5181,10
"month","2026-01","loto",31,11,"11",3,3,0.0967741935483871,0.0967741935483871,8.37,-1.8655,11
"month","2026-01","loto",31,59,"59",3,3,0.0967741935483871,0.0967741935483871,8.37,-1.8655,11
"month","2026-01","loto",31,6,"06",2,2,0.06451612903225806,0.06451612903225806,8.37,-2.2129,12
"month","2026-01","loto",31,18,"18",2,2,0.06451612903225806,0.06451612903225806,8.37,-2.2129,12
"month","2026-01","loto",31,90,"90",2,2,0.06451612903225806,0.06451612903225806,8.37,-2.2129,12
"month","2026-02","loto",24,9,"09",15,12,0.5,0.625,6.48,3.3638,1
"month","2026-02","loto",24,1,"01",12,9,0.375,0.5,6.48,2.1794,2
"month","2026-02","loto",24,59,"59",12,9,0.375,0.5,6.48,2.1794,2
"month","2026-02","loto",24,73,"73",11,9,0.375,0.4583333333333333,6.48,1.7846,3
"month","2026-02","loto",24,77,"77",11,11,0.4583333333333333,0.4583333333333333,6.48,1.7846,3
"month","2026-02","loto",24,81,"81",11,9,0.375,0.4583333333333333,6.48,1.7846,3
"month","2026-02","loto",24,91,"91",11,10,0.4166666666666667,0.4583333333333333,6.48,1.7846,3
"month","2026-02","loto",24,8,"08",10,6,0.25,0.4166666666666667,6.48,1.3898,4
"month","2026-02","loto",24,16,"16",10,9,0.375,0.4166666666666667,6.48,1.3898,4
"month","2026-02","loto",24,41,"41",10,10,0.4166666666666667,0.4166666666666667,6.48,1.3898,4
"month","2026-02","loto",24,90,"90",10,10,0.4166666666666667,0.4166666666666667,6.48,1.3898,4
"month","2026-02","loto",24,3,"03",9,7,0.2916666666666667,0.375,6.48,0.9949,5
"month","2026-02","loto",24,7,"07",9,8,0.3333333333333333,0.375,6.48,0.9949,5
"month","2026-02","loto",24,23,"23",9,8,0.3333333333333333,0.375,6.48,0.9949,5
"month","2026-02","loto",24,45,"45",9,8,0.3333333333333333,0.375,6.48,0.9949,5
"month","2026-02","loto",24,54,"54",9,8,0.3333333333333333,0.375,6.48,0.9949,5
"month","2026-02","loto",24,55,"55",9,8,0.3333333333333333,0.375,6.48,0.9949,5
"month","2026-02","loto",24,57,"57",9,8,0.3333333333333333,0.375,6.48,0.9949,5
"month","2026-02","loto",24,61,"61",9,7,0.2916666666666667,0.375,6.48,0.9949,5
"month","2026-02","loto",24,94,"94",9,8,0.3333333333333333,0.375,6.48,0.9949,5
"month","2026-02","loto",24,2,"02",8,7,0.2916666666666667,0.3333333333333333,6.48,0.6001,6
"month","2026-02","loto",24,10,"10",8,7,0.2916666666666667,0.3333333333333333,6.48,0.6001,6
"month","2026-02","loto",24,12,"12",8,6,0.25,0.3333333333333333,6.48,0.6001,6
"month","2026-02","loto",24,17,"17",8,7,0.2916666666666667,0.3333333333333333,6.48,0.6001,6
"month","2026-02","loto",24,30,"30",8,8,0.3333333333333333,0.3333333333333333,6.48,0.6001,6
"month","2026-02","loto",24,34,"34",8,6,0.25,0.3333333333333333,6.48,0.6001,6
"month","2026-02","loto",24,42,"42",8,8,0.3333333333333333,0.3333333333333333,6.48,0.6001,6
"month","2026-02","loto",24,60,"60",8,6,0.25,0.3333333333333333,6.48,0.6001,6
"month","2026-02","loto",24,62,"62",8,7,0.2916666666666667,0.3333333333333333,6.48,0.6001,6
"month","2026-02","loto",24,85,"85",8,6,0.25,0.3333333333333333,6.48,0.6001,6
"month","2026-02","loto",24,87,"87",8,6,0.25,0.3333333333333333,6.48,0.6001,6
"month","2026-02","loto",24,89,"89",8,7,0.2916666666666667,0.3333333333333333,6.48,0.6001,6
"month","2026-02","loto",24,92,"92",8,6,0.25,0.3333333333333333,6.48,0.6001,6
"month","2026-02","loto",24,97,"97",8,7,0.2916666666666667,0.3333333333333333,6.48,0.6001,6
"month","2026-02","loto",24,13,"13",7,7,0.2916666666666667,0.2916666666666667,6.48,0.2053,7
"month","2026-02","loto",24,32,"32",7,6,0.25,0.2916666666666667,6.48,0.2053,7
"month","2026-02","loto",24,33,"33",7,7,0.2916666666666667,0.2916666666666667,6.48,0.2053,7
"month","2026-02","loto",24,47,"47",7,7,0.2916666666666667,0.2916666666666667,6.48,0.2053,7
"month","2026-02","loto",24,48,"48",7,6,0.25,0.2916666666666667,6.48,0.2053,7
"month","2026-02","loto",24,49,"49",7,5,0.20833333333333334,0.2916666666666667,6.48,0.2053,7
"month","2026-02","loto",24,50,"50",7,6,0.25,0.2916666666666667,6.48,0.2053,7
"month","2026-02","loto",24,56,"56",7,5,0.20833333333333334,0.2916666666666667,6.48,0.2053,7
"month","2026-02","loto",24,58,"58",7,7,0.2916666666666667,0.2916666666666667,6.48,0.2053,7
"month","2026-02","loto",24,63,"63",7,7,0.2916666666666667,0.2916666666666667,6.48,0.2053,7
"month","2026-02","loto",24,64,"64",7,7,0.2916666666666667,0.2916666666666667,6.48,0.2053,7
"month","2026-02","loto",24,67,"67",7,7,0.2916666666666667,0.2916666666666667,6.48,0.2053,7
"month","2026-02","loto",24,98,"98",7,7,0.2916666666666667,0.2916666666666667,6.48,0.2053,7
"month","2026-02","loto",24,4,"04",6,5,0.20833333333333334,0.25,6.48,-0.1895,8
"month","2026-02","loto",24,14,"14",6,5,0.20833333333333334,0.25,6.48,-0.1895,8
"month","2026-02","loto",24,15,"15",6,6,0.25,0.25,6.48,-0.1895,8
"month","2026-02","loto",24,22,"22",6,6,0.25,0.25,6.48,-0.1895,8
"month","2026-02","loto",24,25,"25",6,4,0.16666666666666666,0.25,6.48,-0.1895,8
"month","2026-02","loto",24,35,"35",6,6,0.25,0.25,6.48,-0.1895,8
"month","2026-02","loto",24,37,"37",6,4,0.16666666666666666,0.25,6.48,-0.1895,8
"month","2026-02","loto",24,38,"38",6,6,0.25,0.25,6.48,-0.1895,8
"month","2026-02","loto",24,39,"39",6,5,0.20833333333333334,0.25,6.48,-0.1895,8
"month","2026-02","loto",24,43,"43",6,6,0.25,0.25,6.48,-0.1895,8
"month","2026-02","loto",24,53,"53",6,5,0.20833333333333334,0.25,6.48,-0.1895,8
"month","2026-02","loto",24,68,"68",6,6,0.25,0.25,6.48,-0.1895,8
"month","2026-02","loto",24,82,"82",6,6,0.25,0.25,6.48,-0.1895,8
"month","2026-02","loto",24,88,"88",6,5,0.20833333333333334,0.25,6.48,-0.1895,8
"month","2026-02","loto",24,96,"96",6,6,0.25,0.25,6.48,-0.1895,8
"month","2026-02","loto",24,0,"00",5,4,0.16666666666666666,0.20833333333333334,6.48,-0.5843,9
"month","2026-02","loto",24,5,"05",5,4,0.16666666666666666,0.20833333333333334,6.48,-0.5843,9
"month","2026-02","loto",24,18,"18",5,4,0.16666666666666666,0.20833333333333334,6.48,-0.5843,9
"month","2026-02","loto",24,19,"19",5,4,0.16666666666666666,0.20833333333333334,6.48,-0.5843,9
"month","2026-02","loto",24,26,"26",5,5,0.20833333333333334,0.20833333333333334,6.48,-0.5843,9
"month","2026-02","loto",24,31,"31",5,4,0.16666666666666666,0.20833333333333334,6.48,-0.5843,9
"month","2026-02","loto",24,44,"44",5,5,0.20833333333333334,0.20833333333333334,6.48,-0.5843,9
"month","2026-02","loto",24,46,"46",5,5,0.20833333333333334,0.20833333333333334,6.48,-0.5843,9
"month","2026-02","loto",24,52,"52",5,4,0.16666666666666666,0.20833333333333334,6.48,-0.5843,9
"month","2026-02","loto",24,65,"65",5,5,0.20833333333333334,0.20833333333333334,6.48,-0.5843,9
"month","2026-02","loto",24,75,"75",5,4,0.16666666666666666,0.20833333333333334,6.48,-0.5843,9
"month","2026-02","loto",24,83,"83",5,5,0.20833333333333334,0.20833333333333334,6.48,-0.5843,9
"month","2026-02","loto",24,95,"95",5,5,0.20833333333333334,0.20833333333333334,6.48,-0.5843,9
"month","2026-02","loto",24,99,"99",5,5,0.20833333333333334,0.20833333333333334,6.48,-0.5843,9
"month","2026-02","loto",24,21,"21",4,3,0.125,0.16666666666666666,6.48,-0.9791,10
"month","2026-02","loto",24,27,"27",4,4,0.16666666666666666,0.16666666666666666,6.48,-0.9791,10
"month","2026-02","loto",24,28,"28",4,4,0.16666666666666666,0.16666666666666666,6.48,-0.9791,10
"month","2026-02","loto",24,29,"29",4,4,0.16666666666666666,0.16666666666666666,6.48,-0.9791,10
"month","2026-02","loto",24,36,"36",4,4,0.16666666666666666,0.16666666666666666,6.48,-0.9791,10
"month","2026-02","loto",24,40,"40",4,4,0.16666666666666666,0.16666666666666666,6.48,-0.9791,10
"month","2026-02","loto",24,51,"51",4,3,0.125,0.16666666666666666,6.48,-0.9791,10
"month","2026-02","loto",24,66,"66",4,4,0.16666666666666666,0.16666666666666666,6.48,-0.9791,10
"month","2026-02","loto",24,69,"69",4,4,0.16666666666666666,0.16666666666666666,6.48,-0.9791,10
"month","2026-02","loto",24,72,"72",4,4,0.16666666666666666,0.16666666666666666,6.48,-0.9791,10
"month","2026-02","loto",24,74,"74",4,4,0.16666666666666666,0.16666666666666666,6.48,-0.9791,10
"month","2026-02","loto",24,76,"76",4,4,0.16666666666666666,0.16666666666666666,6.48,-0.9791,10
"month","2026-02","loto",24,80,"80",4,4,0.16666666666666666,0.16666666666666666,6.48,-0.9791,10
"month","2026-02","loto",24,86,"86",4,4,0.16666666666666666,0.16666666666666666,6.48,-0.9791,10
"month","2026-02","loto",24,11,"11",3,3,0.125,0.125,6.48,-1.374,11
"month","2026-02","loto",24,20,"20",3,3,0.125,0.125,6.48,-1.374,11
"month","2026-02","loto",24,24,"24",3,3,0.125,0.125,6.48,-1.374,11
"month","2026-02","loto",24,78,"78",3,3,0.125,0.125,6.48,-1.374,11
"month","2026-02","loto",24,79,"79",3,3,0.125,0.125,6.48,-1.374,11
"month","2026-02","loto",24,93,"93",3,3,0.125,0.125,6.48,-1.374,11
"month","2026-02","loto",24,70,"70",2,2,0.08333333333333333,0.08333333333333333,6.48,-1.7688,12
"month","2026-02","loto",24,71,"71",2,2,0.08333333333333333,0.08333333333333333,6.48,-1.7688,12
"month","2026-02","loto",24,84,"84",2,2,0.08333333333333333,0.08333333333333333,6.48,-1.7688,12
"month","2026-02","loto",24,6,"06",1,1,0.041666666666666664,0.041666666666666664,6.48,-2.1636,13
"month","2026-03","loto",31,91,"91",18,16,0.5161290322580645,0.5806451612903226,8.37,3.3454,1
"month","2026-03","loto",31,30,"30",16,11,0.3548387096774194,0.5161290322580645,8.37,2.6506,2
"month","2026-03","loto",31,52,"52",15,11,0.3548387096774194,0.4838709677419355,8.37,2.3032,3
"month","2026-03","loto",31,51,"51",14,11,0.3548387096774194,0.45161290322580644,8.37,1.9558,4
"month","2026-03","loto",31,38,"38",13,11,0.3548387096774194,0.41935483870967744,8.37,1.6084,5
"month","2026-03","loto",31,64,"64",13,11,0.3548387096774194,0.41935483870967744,8.37,1.6084,5
"month","2026-03","loto",31,90,"90",13,11,0.3548387096774194,0.41935483870967744,8.37,1.6084,5
"month","2026-03","loto",31,27,"27",12,11,0.3548387096774194,0.3870967741935484,8.37,1.261,6
"month","2026-03","loto",31,28,"28",12,10,0.3225806451612903,0.3870967741935484,8.37,1.261,6
"month","2026-03","loto",31,87,"87",12,9,0.2903225806451613,0.3870967741935484,8.37,1.261,6
"month","2026-03","loto",31,9,"09",11,9,0.2903225806451613,0.3548387096774194,8.37,0.9136,7
"month","2026-03","loto",31,11,"11",11,10,0.3225806451612903,0.3548387096774194,8.37,0.9136,7
"month","2026-03","loto",31,24,"24",11,9,0.2903225806451613,0.3548387096774194,8.37,0.9136,7
"month","2026-03","loto",31,31,"31",11,10,0.3225806451612903,0.3548387096774194,8.37,0.9136,7
"month","2026-03","loto",31,57,"57",11,10,0.3225806451612903,0.3548387096774194,8.37,0.9136,7
"month","2026-03","loto",31,62,"62",11,9,0.2903225806451613,0.3548387096774194,8.37,0.9136,7
"month","2026-03","loto",31,88,"88",11,9,0.2903225806451613,0.3548387096774194,8.37,0.9136,7
"month","2026-03","loto",31,92,"92",11,10,0.3225806451612903,0.3548387096774194,8.37,0.9136,7
"month","2026-03","loto",31,2,"02",10,8,0.25806451612903225,0.3225806451612903,8.37,0.5662,8
"month","2026-03","loto",31,3,"03",10,9,0.2903225806451613,0.3225806451612903,8.37,0.5662,8
"month","2026-03","loto",31,5,"05",10,9,0.2903225806451613,0.3225806451612903,8.37,0.5662,8
"month","2026-03","loto",31,14,"14",10,9,0.2903225806451613,0.3225806451612903,8.37,0.5662,8
"month","2026-03","loto",31,18,"18",10,10,0.3225806451612903,0.3225806451612903,8.37,0.5662,8
"month","2026-03","loto",31,20,"20",10,10,0.3225806451612903,0.3225806451612903,8.37,0.5662,8
"month","2026-03","loto",31,40,"40",10,10,0.3225806451612903,0.3225806451612903,8.37,0.5662,8
"month","2026-03","loto",31,56,"56",10,9,0.2903225806451613,0.3225806451612903,8.37,0.5662,8
"month","2026-03","loto",31,80,"80",10,9,0.2903225806451613,0.3225806451612903,8.37,0.5662,8
"month","2026-03","loto",31,81,"81",10,8,0.25806451612903225,0.3225806451612903,8.37,0.5662,8
"month","2026-03","loto",31,95,"95",10,9,0.2903225806451613,0.3225806451612903,8.37,0.5662,8
"month","2026-03","loto",31,96,"96",10,10,0.3225806451612903,0.3225806451612903,8.37,0.5662,8
"month","2026-03","loto",31,10,"10",9,8,0.25806451612903225,0.2903225806451613,8.37,0.2189,9
"month","2026-03","loto",31,13,"13",9,8,0.25806451612903225,0.2903225806451613,8.37,0.2189,9
"month","2026-03","loto",31,16,"16",9,9,0.2903225806451613,0.2903225806451613,8.37,0.2189,9
"month","2026-03","loto",31,21,"21",9,9,0.2903225806451613,0.2903225806451613,8.37,0.2189,9
"month","2026-03","loto",31,33,"33",9,8,0.25806451612903225,0.2903225806451613,8.37,0.2189,9
"month","2026-03","loto",31,36,"36",9,8,0.25806451612903225,0.2903225806451613,8.37,0.2189,9
"month","2026-03","loto",31,47,"47",9,8,0.25806451612903225,0.2903225806451613,8.37,0.2189,9
"month","2026-03","loto",31,61,"61",9,8,0.25806451612903225,0.2903225806451613,8.37,0.2189,9
"month","2026-03","loto",31,65,"65",9,8,0.25806451612903225,0.2903225806451613,8.37,0.2189,9
"month","2026-03","loto",31,69,"69",9,7,0.22580645161290322,0.2903225806451613,8.37,0.2189,9
"month","2026-03","loto",31,70,"70",9,9,0.2903225806451613,0.2903225806451613,8.37,0.2189,9
"month","2026-03","loto",31,77,"77",9,9,0.2903225806451613,0.2903225806451613,8.37,0.2189,9
"month","2026-03","loto",31,84,"84",9,8,0.25806451612903225,0.2903225806451613,8.37,0.2189,9
"month","2026-03","loto",31,94,"94",9,7,0.22580645161290322,0.2903225806451613,8.37,0.2189,9
"month","2026-03","loto",31,97,"97",9,9,0.2903225806451613,0.2903225806451613,8.37,0.2189,9
"month","2026-03","loto",31,99,"99",9,8,0.25806451612903225,0.2903225806451613,8.37,0.2189,9
"month","2026-03","loto",31,7,"07",8,8,0.25806451612903225,0.25806451612903225,8.37,-0.1285,10
"month","2026-03","loto",31,8,"08",8,7,0.22580645161290322,0.25806451612903225,8.37,-0.1285,10
"month","2026-03","loto",31,41,"41",8,7,0.22580645161290322,0.25806451612903225,8.37,-0.1285,10
"month","2026-03","loto",31,42,"42",8,7,0.22580645161290322,0.25806451612903225,8.37,-0.1285,10
"month","2026-03","loto",31,43,"43",8,6,0.1935483870967742,0.25806451612903225,8.37,-0.1285,10
"month","2026-03","loto",31,45,"45",8,6,0.1935483870967742,0.25806451612903225,8.37,-0.1285,10
"month","2026-03","loto",31,46,"46",8,7,0.22580645161290322,0.25806451612903225,8.37,-0.1285,10
"month","2026-03","loto",31,50,"50",8,7,0.22580645161290322,0.25806451612903225,8.37,-0.1285,10
"month","2026-03","loto",31,68,"68",8,8,0.25806451612903225,0.25806451612903225,8.37,-0.1285,10
"month","2026-03","loto",31,73,"73",8,8,0.25806451612903225,0.25806451612903225,8.37,-0.1285,10
"month","2026-03","loto",31,74,"74",8,7,0.22580645161290322,0.25806451612903225,8.37,-0.1285,10
"month","2026-03","loto",31,75,"75",8,8,0.25806451612903225,0.25806451612903225,8.37,-0.1285,10
"month","2026-03","loto",31,78,"78",8,7,0.22580645161290322,0.25806451612903225,8.37,-0.1285,10
"month","2026-03","loto",31,79,"79",8,7,0.22580645161290322,0.25806451612903225,8.37,-0.1285,10
"month","2026-03","loto",31,82,"82",8,5,0.16129032258064516,0.25806451612903225,8.37,-0.1285,10
"month","2026-03","loto",31,85,"85",8,6,0.1935483870967742,0.25806451612903225,8.37,-0.1285,10
"month","2026-03","loto",31,0,"00",7,7,0.22580645161290322,0.22580645161290322,8.37,-0.4759,11
"month","2026-03","loto",31,1,"01",7,6,0.1935483870967742,0.22580645161290322,8.37,-0.4759,11
"month","2026-03","loto",31,4,"04",7,6,0.1935483870967742,0.22580645161290322,8.37,-0.4759,11
"month","2026-03","loto",31,25,"25",7,6,0.1935483870967742,0.22580645161290322,8.37,-0.4759,11
"month","2026-03","loto",31,32,"32",7,7,0.22580645161290322,0.22580645161290322,8.37,-0.4759,11
"month","2026-03","loto",31,35,"35",7,7,0.22580645161290322,0.22580645161290322,8.37,-0.4759,11
"month","2026-03","loto",31,48,"48",7,5,0.16129032258064516,0.22580645161290322,8.37,-0.4759,11
"month","2026-03","loto",31,49,"49",7,7,0.22580645161290322,0.22580645161290322,8.37,-0.4759,11
"month","2026-03","loto",31,58,"58",7,7,0.22580645161290322,0.22580645161290322,8.37,-0.4759,11
"month","2026-03","loto",31,60,"60",7,7,0.22580645161290322,0.22580645161290322,8.37,-0.4759,11
"month","2026-03","loto",31,63,"63",7,7,0.22580645161290322,0.22580645161290322,8.37,-0.4759,11
"month","2026-03","loto",31,83,"83",7,7,0.22580645161290322,0.22580645161290322,8.37,-0.4759,11
"month","2026-03","loto",31,6,"06",6,6,0.1935483870967742,0.1935483870967742,8.37,-0.8233,12
"month","2026-03","loto",31,15,"15",6,6,0.1935483870967742,0.1935483870967742,8.37,-0.8233,12
"month","2026-03","loto",31,22,"22",6,5,0.16129032258064516,0.1935483870967742,8.37,-0.8233,12
"month","2026-03","loto",31,23,"23",6,6,0.1935483870967742,0.1935483870967742,8.37,-0.8233,12
"month","2026-03","loto",31,29,"29",6,5,0.16129032258064516,0.1935483870967742,8.37,-0.8233,12
"month","2026-03","loto",31,37,"37",6,5,0.16129032258064516,0.1935483870967742,8.37,-0.8233,12
"month","2026-03","loto",31,44,"44",6,6,0.1935483870967742,0.1935483870967742,8.37,-0.8233,12
"month","2026-03","loto",31,59,"59",6,6,0.1935483870967742,0.1935483870967742,8.37,-0.8233,12
"month","2026-03","loto",31,66,"66",6,6,0.1935483870967742,0.1935483870967742,8.37,-0.8233,12
"month","2026-03","loto",31,72,"72",6,5,0.16129032258064516,0.1935483870967742,8.37,-0.8233,12
"month","2026-03","loto",31,76,"76",6,6,0.1935483870967742,0.1935483870967742,8.37,-0.8233,12
"month","2026-03","loto",31,89,"89",6,5,0.16129032258064516,0.1935483870967742,8.37,-0.8233,12
"month","2026-03","loto",31,93,"93",6,5,0.16129032258064516,0.1935483870967742,8.37,-0.8233,12
"month","2026-03","loto",31,98,"98",6,6,0.1935483870967742,0.1935483870967742,8.37,-0.8233,12
"month","2026-03","loto",31,26,"26",5,5,0.16129032258064516,0.16129032258064516,8.37,-1.1707,13
"month","2026-03","loto",31,34,"34",5,5,0.16129032258064516,0.16129032258064516,8.37,-1.1707,13
"month","2026-03","loto",31,39,"39",5,5,0.16129032258064516,0.16129032258064516,8.37,-1.1707,13
"month","2026-03","loto",31,71,"71",5,4,0.12903225806451613,0.16129032258064516,8.37,-1.1707,13
"month","2026-03","loto",31,86,"86",5,4,0.12903225806451613,0.16129032258064516,8.37,-1.1707,13
"month","2026-03","loto",31,12,"12",4,4,0.12903225806451613,0.12903225806451613,8.37,-1.5181,14
"month","2026-03","loto",31,17,"17",4,4,0.12903225806451613,0.12903225806451613,8.37,-1.5181,14
"month","2026-03","loto",31,19,"19",4,4,0.12903225806451613,0.12903225806451613,8.37,-1.5181,14
"month","2026-03","loto",31,54,"54",4,4,0.12903225806451613,0.12903225806451613,8.37,-1.5181,14
"month","2026-03","loto",31,67,"67",4,4,0.12903225806451613,0.12903225806451613,8.37,-1.5181,14
"month","2026-03","loto",31,53,"53",3,2,0.06451612903225806,0.0967741935483871,8.37,-1.8655,15
"month","2026-03","loto",31,55,"55",3,3,0.0967741935483871,0.0967741935483871,8.37,-1.8655,15
"month","2026-04","loto",30,9,"09",15,13,0.43333333333333335,0.5,8.1,2.4366,1
"month","2026-04","loto",30,91,"91",15,11,0.36666666666666664,0.5,8.1,2.4366,1
"month","2026-04","loto",30,72,"72",14,13,0.43333333333333335,0.4666666666666667,8.1,2.0835,2
"month","2026-04","loto",30,79,"79",14,12,0.4,0.4666666666666667,8.1,2.0835,2
"month","2026-04","loto",30,20,"20",13,12,0.4,0.43333333333333335,8.1,1.7304,3
"month","2026-04","loto",30,30,"30",13,11,0.36666666666666664,0.43333333333333335,8.1,1.7304,3
"month","2026-04","loto",30,60,"60",13,10,0.3333333333333333,0.43333333333333335,8.1,1.7304,3
"month","2026-04","loto",30,25,"25",12,10,0.3333333333333333,0.4,8.1,1.3772,4
"month","2026-04","loto",30,28,"28",12,9,0.3,0.4,8.1,1.3772,4
"month","2026-04","loto",30,69,"69",12,10,0.3333333333333333,0.4,8.1,1.3772,4
"month","2026-04","loto",30,73,"73",12,11,0.36666666666666664,0.4,8.1,1.3772,4
"month","2026-04","loto",30,98,"98",12,10,0.3333333333333333,0.4,8.1,1.3772,4
"month","2026-04","loto",30,13,"13",11,10,0.3333333333333333,0.36666666666666664,8.1,1.0241,5
"month","2026-04","loto",30,31,"31",11,10,0.3333333333333333,0.36666666666666664,8.1,1.0241,5
"month","2026-04","loto",30,42,"42",11,11,0.36666666666666664,0.36666666666666664,8.1,1.0241,5
"month","2026-04","loto",30,55,"55",11,9,0.3,0.36666666666666664,8.1,1.0241,5
"month","2026-04","loto",30,94,"94",11,9,0.3,0.36666666666666664,8.1,1.0241,5
"month","2026-04","loto",30,8,"08",10,8,0.26666666666666666,0.3333333333333333,8.1,0.671,6
"month","2026-04","loto",30,14,"14",10,9,0.3,0.3333333333333333,8.1,0.671,6
"month","2026-04","loto",30,21,"21",10,8,0.26666666666666666,0.3333333333333333,8.1,0.671,6
"month","2026-04","loto",30,32,"32",10,6,0.2,0.3333333333333333,8.1,0.671,6
"month","2026-04","loto",30,37,"37",10,8,0.26666666666666666,0.3333333333333333,8.1,0.671,6
"month","2026-04","loto",30,41,"41",10,8,0.26666666666666666,0.3333333333333333,8.1,0.671,6
"month","2026-04","loto",30,59,"59",10,10,0.3333333333333333,0.3333333333333333,8.1,0.671,6
"month","2026-04","loto",30,61,"61",10,8,0.26666666666666666,0.3333333333333333,8.1,0.671,6
"month","2026-04","loto",30,65,"65",10,8,0.26666666666666666,0.3333333333333333,8.1,0.671,6
"month","2026-04","loto",30,84,"84",10,9,0.3,0.3333333333333333,8.1,0.671,6
"month","2026-04","loto",30,95,"95",10,8,0.26666666666666666,0.3333333333333333,8.1,0.671,6
"month","2026-04","loto",30,5,"05",9,8,0.26666666666666666,0.3,8.1,0.3178,7
"month","2026-04","loto",30,6,"06",9,7,0.23333333333333334,0.3,8.1,0.3178,7
"month","2026-04","loto",30,7,"07",9,7,0.23333333333333334,0.3,8.1,0.3178,7
"month","2026-04","loto",30,17,"17",9,9,0.3,0.3,8.1,0.3178,7
"month","2026-04","loto",30,33,"33",9,6,0.2,0.3,8.1,0.3178,7
"month","2026-04","loto",30,36,"36",9,8,0.26666666666666666,0.3,8.1,0.3178,7
"month","2026-04","loto",30,39,"39",9,7,0.23333333333333334,0.3,8.1,0.3178,7
"month","2026-04","loto",30,44,"44",9,8,0.26666666666666666,0.3,8.1,0.3178,7
"month","2026-04","loto",30,45,"45",9,8,0.26666666666666666,0.3,8.1,0.3178,7
"month","2026-04","loto",30,48,"48",9,8,0.26666666666666666,0.3,8.1,0.3178,7
"month","2026-04","loto",30,54,"54",9,8,0.26666666666666666,0.3,8.1,0.3178,7
"month","2026-04","loto",30,57,"57",9,6,0.2,0.3,8.1,0.3178,7
"month","2026-04","loto",30,77,"77",9,7,0.23333333333333334,0.3,8.1,0.3178,7
"month","2026-04","loto",30,87,"87",9,7,0.23333333333333334,0.3,8.1,0.3178,7
"month","2026-04","loto",30,93,"93",9,9,0.3,0.3,8.1,0.3178,7
"month","2026-04","loto",30,97,"97",9,8,0.26666666666666666,0.3,8.1,0.3178,7
"month","2026-04","loto",30,99,"99",9,8,0.26666666666666666,0.3,8.1,0.3178,7
"month","2026-04","loto",30,10,"10",8,7,0.23333333333333334,0.26666666666666666,8.1,-0.0353,8
"month","2026-04","loto",30,11,"11",8,8,0.26666666666666666,0.26666666666666666,8.1,-0.0353,8
"month","2026-04","loto",30,27,"27",8,7,0.23333333333333334,0.26666666666666666,8.1,-0.0353,8
"month","2026-04","loto",30,51,"51",8,6,0.2,0.26666666666666666,8.1,-0.0353,8
"month","2026-04","loto",30,58,"58",8,8,0.26666666666666666,0.26666666666666666,8.1,-0.0353,8
"month","2026-04","loto",30,66,"66",8,7,0.23333333333333334,0.26666666666666666,8.1,-0.0353,8
"month","2026-04","loto",30,68,"68",8,7,0.23333333333333334,0.26666666666666666,8.1,-0.0353,8
"month","2026-04","loto",30,71,"71",8,7,0.23333333333333334,0.26666666666666666,8.1,-0.0353,8
"month","2026-04","loto",30,74,"74",8,7,0.23333333333333334,0.26666666666666666,8.1,-0.0353,8
"month","2026-04","loto",30,82,"82",8,7,0.23333333333333334,0.26666666666666666,8.1,-0.0353,8
"month","2026-04","loto",30,89,"89",8,8,0.26666666666666666,0.26666666666666666,8.1,-0.0353,8
"month","2026-04","loto",30,1,"01",7,6,0.2,0.23333333333333334,8.1,-0.3884,9
"month","2026-04","loto",30,4,"04",7,7,0.23333333333333334,0.23333333333333334,8.1,-0.3884,9
"month","2026-04","loto",30,22,"22",7,7,0.23333333333333334,0.23333333333333334,8.1,-0.3884,9
"month","2026-04","loto",30,26,"26",7,6,0.2,0.23333333333333334,8.1,-0.3884,9
"month","2026-04","loto",30,34,"34",7,6,0.2,0.23333333333333334,8.1,-0.3884,9
"month","2026-04","loto",30,43,"43",7,6,0.2,0.23333333333333334,8.1,-0.3884,9
"month","2026-04","loto",30,49,"49",7,7,0.23333333333333334,0.23333333333333334,8.1,-0.3884,9
"month","2026-04","loto",30,50,"50",7,7,0.23333333333333334,0.23333333333333334,8.1,-0.3884,9
"month","2026-04","loto",30,63,"63",7,6,0.2,0.23333333333333334,8.1,-0.3884,9
"month","2026-04","loto",30,64,"64",7,7,0.23333333333333334,0.23333333333333334,8.1,-0.3884,9
"month","2026-04","loto",30,70,"70",7,6,0.2,0.23333333333333334,8.1,-0.3884,9
"month","2026-04","loto",30,76,"76",7,6,0.2,0.23333333333333334,8.1,-0.3884,9
"month","2026-04","loto",30,78,"78",7,7,0.23333333333333334,0.23333333333333334,8.1,-0.3884,9
"month","2026-04","loto",30,81,"81",7,7,0.23333333333333334,0.23333333333333334,8.1,-0.3884,9
"month","2026-04","loto",30,92,"92",7,5,0.16666666666666666,0.23333333333333334,8.1,-0.3884,9
"month","2026-04","loto",30,2,"02",6,5,0.16666666666666666,0.2,8.1,-0.7416,10
"month","2026-04","loto",30,12,"12",6,5,0.16666666666666666,0.2,8.1,-0.7416,10
"month","2026-04","loto",30,16,"16",6,4,0.13333333333333333,0.2,8.1,-0.7416,10
"month","2026-04","loto",30,29,"29",6,6,0.2,0.2,8.1,-0.7416,10
"month","2026-04","loto",30,40,"40",6,5,0.16666666666666666,0.2,8.1,-0.7416,10
"month","2026-04","loto",30,56,"56",6,6,0.2,0.2,8.1,-0.7416,10
"month","2026-04","loto",30,62,"62",6,6,0.2,0.2,8.1,-0.7416,10
"month","2026-04","loto",30,75,"75",6,6,0.2,0.2,8.1,-0.7416,10
"month","2026-04","loto",30,80,"80",6,5,0.16666666666666666,0.2,8.1,-0.7416,10
"month","2026-04","loto",30,83,"83",6,6,0.2,0.2,8.1,-0.7416,10
"month","2026-04","loto",30,85,"85",6,5,0.16666666666666666,0.2,8.1,-0.7416,10
"month","2026-04","loto",30,96,"96",6,5,0.16666666666666666,0.2,8.1,-0.7416,10
"month","2026-04","loto",30,15,"15",5,5,0.16666666666666666,0.16666666666666666,8.1,-1.0947,11
"month","2026-04","loto",30,18,"18",5,5,0.16666666666666666,0.16666666666666666,8.1,-1.0947,11
"month","2026-04","loto",30,19,"19",5,5,0.16666666666666666,0.16666666666666666,8.1,-1.0947,11
"month","2026-04","loto",30,38,"38",5,5,0.16666666666666666,0.16666666666666666,8.1,-1.0947,11
"month","2026-04","loto",30,52,"52",5,5,0.16666666666666666,0.16666666666666666,8.1,-1.0947,11
"month","2026-04","loto",30,53,"53",5,4,0.13333333333333333,0.16666666666666666,8.1,-1.0947,11
"month","2026-04","loto",30,90,"90",5,4,0.13333333333333333,0.16666666666666666,8.1,-1.0947,11
"month","2026-04","loto",30,3,"03",4,4,0.13333333333333333,0.13333333333333333,8.1,-1.4479,12
"month","2026-04","loto",30,23,"23",4,3,0.1,0.13333333333333333,8.1,-1.4479,12
"month","2026-04","loto",30,46,"46",4,4,0.13333333333333333,0.13333333333333333,8.1,-1.4479,12
"month","2026-04","loto",30,47,"47",4,4,0.13333333333333333,0.13333333333333333,8.1,-1.4479,12
"month","2026-04","loto",30,67,"67",4,4,0.13333333333333333,0.13333333333333333,8.1,-1.4479,12
"month","2026-04","loto",30,86,"86",4,4,0.13333333333333333,0.13333333333333333,8.1,-1.4479,12
"month","2026-04","loto",30,0,"00",3,3,0.1,0.1,8.1,-1.801,13
"month","2026-04","loto",30,24,"24",3,3,0.1,0.1,8.1,-1.801,13
"month","2026-04","loto",30,35,"35",3,3,0.1,0.1,8.1,-1.801,13
"month","2026-04","loto",30,88,"88",2,2,0.06666666666666667,0.06666666666666667,8.1,-2.1541,14
"month","2026-05","loto",31,14,"14",18,15,0.4838709677419355,0.5806451612903226,8.37,3.3454,1
"month","2026-05","loto",31,91,"91",15,14,0.45161290322580644,0.4838709677419355,8.37,2.3032,2
"month","2026-05","loto",31,51,"51",14,12,0.3870967741935484,0.45161290322580644,8.37,1.9558,3
"month","2026-05","loto",31,10,"10",13,9,0.2903225806451613,0.41935483870967744,8.37,1.6084,4
"month","2026-05","loto",31,12,"12",13,12,0.3870967741935484,0.41935483870967744,8.37,1.6084,4
"month","2026-05","loto",31,17,"17",13,10,0.3225806451612903,0.41935483870967744,8.37,1.6084,4
"month","2026-05","loto",31,46,"46",13,12,0.3870967741935484,0.41935483870967744,8.37,1.6084,4
"month","2026-05","loto",31,52,"52",13,11,0.3548387096774194,0.41935483870967744,8.37,1.6084,4
"month","2026-05","loto",31,13,"13",12,8,0.25806451612903225,0.3870967741935484,8.37,1.261,5
"month","2026-05","loto",31,16,"16",12,10,0.3225806451612903,0.3870967741935484,8.37,1.261,5
"month","2026-05","loto",31,27,"27",12,9,0.2903225806451613,0.3870967741935484,8.37,1.261,5
"month","2026-05","loto",31,50,"50",12,11,0.3548387096774194,0.3870967741935484,8.37,1.261,5
"month","2026-05","loto",31,57,"57",12,9,0.2903225806451613,0.3870967741935484,8.37,1.261,5
"month","2026-05","loto",31,66,"66",12,10,0.3225806451612903,0.3870967741935484,8.37,1.261,5
"month","2026-05","loto",31,73,"73",12,11,0.3548387096774194,0.3870967741935484,8.37,1.261,5
"month","2026-05","loto",31,83,"83",12,11,0.3548387096774194,0.3870967741935484,8.37,1.261,5
"month","2026-05","loto",31,31,"31",11,10,0.3225806451612903,0.3548387096774194,8.37,0.9136,6
"month","2026-05","loto",31,54,"54",11,10,0.3225806451612903,0.3548387096774194,8.37,0.9136,6
"month","2026-05","loto",31,81,"81",11,10,0.3225806451612903,0.3548387096774194,8.37,0.9136,6
"month","2026-05","loto",31,84,"84",11,10,0.3225806451612903,0.3548387096774194,8.37,0.9136,6
"month","2026-05","loto",31,85,"85",11,7,0.22580645161290322,0.3548387096774194,8.37,0.9136,6
"month","2026-05","loto",31,97,"97",11,10,0.3225806451612903,0.3548387096774194,8.37,0.9136,6
"month","2026-05","loto",31,4,"04",10,7,0.22580645161290322,0.3225806451612903,8.37,0.5662,7
"month","2026-05","loto",31,40,"40",10,8,0.25806451612903225,0.3225806451612903,8.37,0.5662,7
"month","2026-05","loto",31,62,"62",10,8,0.25806451612903225,0.3225806451612903,8.37,0.5662,7
"month","2026-05","loto",31,68,"68",10,9,0.2903225806451613,0.3225806451612903,8.37,0.5662,7
"month","2026-05","loto",31,90,"90",10,8,0.25806451612903225,0.3225806451612903,8.37,0.5662,7
"month","2026-05","loto",31,92,"92",10,9,0.2903225806451613,0.3225806451612903,8.37,0.5662,7
"month","2026-05","loto",31,23,"23",9,9,0.2903225806451613,0.2903225806451613,8.37,0.2189,8
"month","2026-05","loto",31,25,"25",9,8,0.25806451612903225,0.2903225806451613,8.37,0.2189,8
"month","2026-05","loto",31,42,"42",9,9,0.2903225806451613,0.2903225806451613,8.37,0.2189,8
"month","2026-05","loto",31,44,"44",9,7,0.22580645161290322,0.2903225806451613,8.37,0.2189,8
"month","2026-05","loto",31,45,"45",9,9,0.2903225806451613,0.2903225806451613,8.37,0.2189,8
"month","2026-05","loto",31,48,"48",9,7,0.22580645161290322,0.2903225806451613,8.37,0.2189,8
"month","2026-05","loto",31,55,"55",9,8,0.25806451612903225,0.2903225806451613,8.37,0.2189,8
"month","2026-05","loto",31,74,"74",9,7,0.22580645161290322,0.2903225806451613,8.37,0.2189,8
"month","2026-05","loto",31,86,"86",9,8,0.25806451612903225,0.2903225806451613,8.37,0.2189,8
"month","2026-05","loto",31,88,"88",9,7,0.22580645161290322,0.2903225806451613,8.37,0.2189,8
"month","2026-05","loto",31,94,"94",9,9,0.2903225806451613,0.2903225806451613,8.37,0.2189,8
"month","2026-05","loto",31,95,"95",9,9,0.2903225806451613,0.2903225806451613,8.37,0.2189,8
"month","2026-05","loto",31,6,"06",8,8,0.25806451612903225,0.25806451612903225,8.37,-0.1285,9
"month","2026-05","loto",31,9,"09",8,8,0.25806451612903225,0.25806451612903225,8.37,-0.1285,9
"month","2026-05","loto",31,15,"15",8,6,0.1935483870967742,0.25806451612903225,8.37,-0.1285,9
"month","2026-05","loto",31,21,"21",8,8,0.25806451612903225,0.25806451612903225,8.37,-0.1285,9
"month","2026-05","loto",31,28,"28",8,7,0.22580645161290322,0.25806451612903225,8.37,-0.1285,9
"month","2026-05","loto",31,38,"38",8,7,0.22580645161290322,0.25806451612903225,8.37,-0.1285,9
"month","2026-05","loto",31,53,"53",8,7,0.22580645161290322,0.25806451612903225,8.37,-0.1285,9
"month","2026-05","loto",31,56,"56",8,8,0.25806451612903225,0.25806451612903225,8.37,-0.1285,9
"month","2026-05","loto",31,60,"60",8,7,0.22580645161290322,0.25806451612903225,8.37,-0.1285,9
"month","2026-05","loto",31,64,"64",8,7,0.22580645161290322,0.25806451612903225,8.37,-0.1285,9
"month","2026-05","loto",31,71,"71",8,8,0.25806451612903225,0.25806451612903225,8.37,-0.1285,9
"month","2026-05","loto",31,76,"76",8,6,0.1935483870967742,0.25806451612903225,8.37,-0.1285,9
"month","2026-05","loto",31,78,"78",8,7,0.22580645161290322,0.25806451612903225,8.37,-0.1285,9
"month","2026-05","loto",31,80,"80",8,8,0.25806451612903225,0.25806451612903225,8.37,-0.1285,9
"month","2026-05","loto",31,87,"87",8,7,0.22580645161290322,0.25806451612903225,8.37,-0.1285,9
"month","2026-05","loto",31,93,"93",8,8,0.25806451612903225,0.25806451612903225,8.37,-0.1285,9
"month","2026-05","loto",31,96,"96",8,7,0.22580645161290322,0.25806451612903225,8.37,-0.1285,9
"month","2026-05","loto",31,98,"98",8,5,0.16129032258064516,0.25806451612903225,8.37,-0.1285,9
"month","2026-05","loto",31,3,"03",7,7,0.22580645161290322,0.22580645161290322,8.37,-0.4759,10
"month","2026-05","loto",31,5,"05",7,6,0.1935483870967742,0.22580645161290322,8.37,-0.4759,10
"month","2026-05","loto",31,7,"07",7,6,0.1935483870967742,0.22580645161290322,8.37,-0.4759,10
"month","2026-05","loto",31,11,"11",7,7,0.22580645161290322,0.22580645161290322,8.37,-0.4759,10
"month","2026-05","loto",31,18,"18",7,6,0.1935483870967742,0.22580645161290322,8.37,-0.4759,10
"month","2026-05","loto",31,24,"24",7,6,0.1935483870967742,0.22580645161290322,8.37,-0.4759,10
"month","2026-05","loto",31,29,"29",7,5,0.16129032258064516,0.22580645161290322,8.37,-0.4759,10
"month","2026-05","loto",31,32,"32",7,7,0.22580645161290322,0.22580645161290322,8.37,-0.4759,10
"month","2026-05","loto",31,35,"35",7,5,0.16129032258064516,0.22580645161290322,8.37,-0.4759,10
"month","2026-05","loto",31,36,"36",7,6,0.1935483870967742,0.22580645161290322,8.37,-0.4759,10
"month","2026-05","loto",31,41,"41",7,6,0.1935483870967742,0.22580645161290322,8.37,-0.4759,10
"month","2026-05","loto",31,47,"47",7,7,0.22580645161290322,0.22580645161290322,8.37,-0.4759,10
"month","2026-05","loto",31,49,"49",7,7,0.22580645161290322,0.22580645161290322,8.37,-0.4759,10
"month","2026-05","loto",31,59,"59",7,5,0.16129032258064516,0.22580645161290322,8.37,-0.4759,10
"month","2026-05","loto",31,61,"61",7,7,0.22580645161290322,0.22580645161290322,8.37,-0.4759,10
"month","2026-05","loto",31,63,"63",7,7,0.22580645161290322,0.22580645161290322,8.37,-0.4759,10
"month","2026-05","loto",31,67,"67",7,6,0.1935483870967742,0.22580645161290322,8.37,-0.4759,10
"month","2026-05","loto",31,72,"72",7,7,0.22580645161290322,0.22580645161290322,8.37,-0.4759,10
"month","2026-05","loto",31,79,"79",7,6,0.1935483870967742,0.22580645161290322,8.37,-0.4759,10
"month","2026-05","loto",31,0,"00",6,5,0.16129032258064516,0.1935483870967742,8.37,-0.8233,11
"month","2026-05","loto",31,19,"19",6,6,0.1935483870967742,0.1935483870967742,8.37,-0.8233,11
"month","2026-05","loto",31,20,"20",6,5,0.16129032258064516,0.1935483870967742,8.37,-0.8233,11
"month","2026-05","loto",31,37,"37",6,6,0.1935483870967742,0.1935483870967742,8.37,-0.8233,11
"month","2026-05","loto",31,43,"43",6,5,0.16129032258064516,0.1935483870967742,8.37,-0.8233,11
"month","2026-05","loto",31,58,"58",6,5,0.16129032258064516,0.1935483870967742,8.37,-0.8233,11
"month","2026-05","loto",31,69,"69",6,5,0.16129032258064516,0.1935483870967742,8.37,-0.8233,11
"month","2026-05","loto",31,70,"70",6,5,0.16129032258064516,0.1935483870967742,8.37,-0.8233,11
"month","2026-05","loto",31,89,"89",6,5,0.16129032258064516,0.1935483870967742,8.37,-0.8233,11
"month","2026-05","loto",31,8,"08",5,5,0.16129032258064516,0.16129032258064516,8.37,-1.1707,12
"month","2026-05","loto",31,22,"22",5,5,0.16129032258064516,0.16129032258064516,8.37,-1.1707,12
"month","2026-05","loto",31,33,"33",5,5,0.16129032258064516,0.16129032258064516,8.37,-1.1707,12
"month","2026-05","loto",31,34,"34",5,5,0.16129032258064516,0.16129032258064516,8.37,-1.1707,12
"month","2026-05","loto",31,39,"39",5,5,0.16129032258064516,0.16129032258064516,8.37,-1.1707,12
"month","2026-05","loto",31,65,"65",5,5,0.16129032258064516,0.16129032258064516,8.37,-1.1707,12
"month","2026-05","loto",31,75,"75",5,5,0.16129032258064516,0.16129032258064516,8.37,-1.1707,12
"month","2026-05","loto",31,82,"82",5,4,0.12903225806451613,0.16129032258064516,8.37,-1.1707,12
"month","2026-05","loto",31,1,"01",4,4,0.12903225806451613,0.12903225806451613,8.37,-1.5181,13
"month","2026-05","loto",31,2,"02",4,4,0.12903225806451613,0.12903225806451613,8.37,-1.5181,13
"month","2026-05","loto",31,26,"26",4,3,0.0967741935483871,0.12903225806451613,8.37,-1.5181,13
"month","2026-05","loto",31,30,"30",4,4,0.12903225806451613,0.12903225806451613,8.37,-1.5181,13
"month","2026-05","loto",31,77,"77",4,4,0.12903225806451613,0.12903225806451613,8.37,-1.5181,13
"month","2026-05","loto",31,99,"99",4,4,0.12903225806451613,0.12903225806451613,8.37,-1.5181,13
"month","2026-06","loto",30,52,"52",16,13,0.43333333333333335,0.5333333333333333,8.1,2.7898,1
"month","2026-06","loto",30,55,"55",15,11,0.36666666666666664,0.5,8.1,2.4366,2
"month","2026-06","loto",30,13,"13",14,12,0.4,0.4666666666666667,8.1,2.0835,3
"month","2026-06","loto",30,83,"83",14,13,0.43333333333333335,0.4666666666666667,8.1,2.0835,3
"month","2026-06","loto",30,38,"38",13,11,0.36666666666666664,0.43333333333333335,8.1,1.7304,4
"month","2026-06","loto",30,92,"92",13,9,0.3,0.43333333333333335,8.1,1.7304,4
"month","2026-06","loto",30,6,"06",12,12,0.4,0.4,8.1,1.3772,5
"month","2026-06","loto",30,21,"21",12,10,0.3333333333333333,0.4,8.1,1.3772,5
"month","2026-06","loto",30,32,"32",12,10,0.3333333333333333,0.4,8.1,1.3772,5
"month","2026-06","loto",30,45,"45",12,10,0.3333333333333333,0.4,8.1,1.3772,5
"month","2026-06","loto",30,69,"69",12,11,0.36666666666666664,0.4,8.1,1.3772,5
"month","2026-06","loto",30,76,"76",12,10,0.3333333333333333,0.4,8.1,1.3772,5
"month","2026-06","loto",30,80,"80",12,10,0.3333333333333333,0.4,8.1,1.3772,5
"month","2026-06","loto",30,91,"91",12,10,0.3333333333333333,0.4,8.1,1.3772,5
"month","2026-06","loto",30,1,"01",11,10,0.3333333333333333,0.36666666666666664,8.1,1.0241,6
"month","2026-06","loto",30,7,"07",11,11,0.36666666666666664,0.36666666666666664,8.1,1.0241,6
"month","2026-06","loto",30,23,"23",11,9,0.3,0.36666666666666664,8.1,1.0241,6
"month","2026-06","loto",30,37,"37",11,9,0.3,0.36666666666666664,8.1,1.0241,6
"month","2026-06","loto",30,84,"84",11,10,0.3333333333333333,0.36666666666666664,8.1,1.0241,6
"month","2026-06","loto",30,0,"00",10,8,0.26666666666666666,0.3333333333333333,8.1,0.671,7
"month","2026-06","loto",30,36,"36",10,10,0.3333333333333333,0.3333333333333333,8.1,0.671,7
"month","2026-06","loto",30,47,"47",10,7,0.23333333333333334,0.3333333333333333,8.1,0.671,7
"month","2026-06","loto",30,54,"54",10,9,0.3,0.3333333333333333,8.1,0.671,7
"month","2026-06","loto",30,58,"58",10,10,0.3333333333333333,0.3333333333333333,8.1,0.671,7
"month","2026-06","loto",30,60,"60",10,10,0.3333333333333333,0.3333333333333333,8.1,0.671,7
"month","2026-06","loto",30,67,"67",10,8,0.26666666666666666,0.3333333333333333,8.1,0.671,7
"month","2026-06","loto",30,74,"74",10,8,0.26666666666666666,0.3333333333333333,8.1,0.671,7
"month","2026-06","loto",30,75,"75",10,10,0.3333333333333333,0.3333333333333333,8.1,0.671,7
"month","2026-06","loto",30,85,"85",10,9,0.3,0.3333333333333333,8.1,0.671,7
"month","2026-06","loto",30,90,"90",10,9,0.3,0.3333333333333333,8.1,0.671,7
"month","2026-06","loto",30,12,"12",9,7,0.23333333333333334,0.3,8.1,0.3178,8
"month","2026-06","loto",30,17,"17",9,8,0.26666666666666666,0.3,8.1,0.3178,8
"month","2026-06","loto",30,30,"30",9,9,0.3,0.3,8.1,0.3178,8
"month","2026-06","loto",30,31,"31",9,8,0.26666666666666666,0.3,8.1,0.3178,8
"month","2026-06","loto",30,40,"40",9,8,0.26666666666666666,0.3,8.1,0.3178,8
"month","2026-06","loto",30,48,"48",9,9,0.3,0.3,8.1,0.3178,8
"month","2026-06","loto",30,51,"51",9,9,0.3,0.3,8.1,0.3178,8
"month","2026-06","loto",30,65,"65",9,8,0.26666666666666666,0.3,8.1,0.3178,8
"month","2026-06","loto",30,95,"95",9,9,0.3,0.3,8.1,0.3178,8
"month","2026-06","loto",30,96,"96",9,7,0.23333333333333334,0.3,8.1,0.3178,8
"month","2026-06","loto",30,5,"05",8,7,0.23333333333333334,0.26666666666666666,8.1,-0.0353,9
"month","2026-06","loto",30,26,"26",8,8,0.26666666666666666,0.26666666666666666,8.1,-0.0353,9
"month","2026-06","loto",30,27,"27",8,8,0.26666666666666666,0.26666666666666666,8.1,-0.0353,9
"month","2026-06","loto",30,28,"28",8,7,0.23333333333333334,0.26666666666666666,8.1,-0.0353,9
"month","2026-06","loto",30,41,"41",8,7,0.23333333333333334,0.26666666666666666,8.1,-0.0353,9
"month","2026-06","loto",30,44,"44",8,6,0.2,0.26666666666666666,8.1,-0.0353,9
"month","2026-06","loto",30,59,"59",8,8,0.26666666666666666,0.26666666666666666,8.1,-0.0353,9
"month","2026-06","loto",30,68,"68",8,7,0.23333333333333334,0.26666666666666666,8.1,-0.0353,9
"month","2026-06","loto",30,72,"72",8,7,0.23333333333333334,0.26666666666666666,8.1,-0.0353,9
"month","2026-06","loto",30,86,"86",8,8,0.26666666666666666,0.26666666666666666,8.1,-0.0353,9
"month","2026-06","loto",30,87,"87",8,8,0.26666666666666666,0.26666666666666666,8.1,-0.0353,9
"month","2026-06","loto",30,93,"93",8,7,0.23333333333333334,0.26666666666666666,8.1,-0.0353,9
"month","2026-06","loto",30,3,"03",7,6,0.2,0.23333333333333334,8.1,-0.3884,10
"month","2026-06","loto",30,11,"11",7,6,0.2,0.23333333333333334,8.1,-0.3884,10
"month","2026-06","loto",30,15,"15",7,6,0.2,0.23333333333333334,8.1,-0.3884,10
"month","2026-06","loto",30,18,"18",7,7,0.23333333333333334,0.23333333333333334,8.1,-0.3884,10
"month","2026-06","loto",30,22,"22",7,6,0.2,0.23333333333333334,8.1,-0.3884,10
"month","2026-06","loto",30,25,"25",7,6,0.2,0.23333333333333334,8.1,-0.3884,10
"month","2026-06","loto",30,33,"33",7,6,0.2,0.23333333333333334,8.1,-0.3884,10
"month","2026-06","loto",30,42,"42",7,6,0.2,0.23333333333333334,8.1,-0.3884,10
"month","2026-06","loto",30,43,"43",7,6,0.2,0.23333333333333334,8.1,-0.3884,10
"month","2026-06","loto",30,63,"63",7,7,0.23333333333333334,0.23333333333333334,8.1,-0.3884,10
"month","2026-06","loto",30,70,"70",7,7,0.23333333333333334,0.23333333333333334,8.1,-0.3884,10
"month","2026-06","loto",30,77,"77",7,7,0.23333333333333334,0.23333333333333334,8.1,-0.3884,10
"month","2026-06","loto",30,89,"89",7,5,0.16666666666666666,0.23333333333333334,8.1,-0.3884,10
"month","2026-06","loto",30,98,"98",7,6,0.2,0.23333333333333334,8.1,-0.3884,10
"month","2026-06","loto",30,99,"99",7,6,0.2,0.23333333333333334,8.1,-0.3884,10
"month","2026-06","loto",30,8,"08",6,5,0.16666666666666666,0.2,8.1,-0.7416,11
"month","2026-06","loto",30,9,"09",6,6,0.2,0.2,8.1,-0.7416,11
"month","2026-06","loto",30,14,"14",6,5,0.16666666666666666,0.2,8.1,-0.7416,11
"month","2026-06","loto",30,16,"16",6,5,0.16666666666666666,0.2,8.1,-0.7416,11
"month","2026-06","loto",30,34,"34",6,5,0.16666666666666666,0.2,8.1,-0.7416,11
"month","2026-06","loto",30,35,"35",6,6,0.2,0.2,8.1,-0.7416,11
"month","2026-06","loto",30,39,"39",6,5,0.16666666666666666,0.2,8.1,-0.7416,11
"month","2026-06","loto",30,46,"46",6,6,0.2,0.2,8.1,-0.7416,11
"month","2026-06","loto",30,49,"49",6,4,0.13333333333333333,0.2,8.1,-0.7416,11
"month","2026-06","loto",30,64,"64",6,6,0.2,0.2,8.1,-0.7416,11
"month","2026-06","loto",30,66,"66",6,5,0.16666666666666666,0.2,8.1,-0.7416,11
"month","2026-06","loto",30,73,"73",6,5,0.16666666666666666,0.2,8.1,-0.7416,11
"month","2026-06","loto",30,79,"79",6,6,0.2,0.2,8.1,-0.7416,11
"month","2026-06","loto",30,82,"82",6,5,0.16666666666666666,0.2,8.1,-0.7416,11
"month","2026-06","loto",30,4,"04",5,5,0.16666666666666666,0.16666666666666666,8.1,-1.0947,12
"month","2026-06","loto",30,10,"10",5,5,0.16666666666666666,0.16666666666666666,8.1,-1.0947,12
"month","2026-06","loto",30,29,"29",5,3,0.1,0.16666666666666666,8.1,-1.0947,12
"month","2026-06","loto",30,50,"50",5,5,0.16666666666666666,0.16666666666666666,8.1,-1.0947,12
"month","2026-06","loto",30,53,"53",5,5,0.16666666666666666,0.16666666666666666,8.1,-1.0947,12
"month","2026-06","loto",30,57,"57",5,5,0.16666666666666666,0.16666666666666666,8.1,-1.0947,12
"month","2026-06","loto",30,61,"61",5,5,0.16666666666666666,0.16666666666666666,8.1,-1.0947,12
"month","2026-06","loto",30,62,"62",5,5,0.16666666666666666,0.16666666666666666,8.1,-1.0947,12
"month","2026-06","loto",30,71,"71",5,5,0.16666666666666666,0.16666666666666666,8.1,-1.0947,12
"month","2026-06","loto",30,78,"78",5,5,0.16666666666666666,0.16666666666666666,8.1,-1.0947,12
"month","2026-06","loto",30,88,"88",5,5,0.16666666666666666,0.16666666666666666,8.1,-1.0947,12
"month","2026-06","loto",30,94,"94",5,5,0.16666666666666666,0.16666666666666666,8.1,-1.0947,12
"month","2026-06","loto",30,97,"97",5,4,0.13333333333333333,0.16666666666666666,8.1,-1.0947,12
"month","2026-06","loto",30,2,"02",4,3,0.1,0.13333333333333333,8.1,-1.4479,13
"month","2026-06","loto",30,19,"19",4,4,0.13333333333333333,0.13333333333333333,8.1,-1.4479,13
"month","2026-06","loto",30,20,"20",4,4,0.13333333333333333,0.13333333333333333,8.1,-1.4479,13
"month","2026-06","loto",30,24,"24",4,4,0.13333333333333333,0.13333333333333333,8.1,-1.4479,13
"month","2026-06","loto",30,56,"56",4,4,0.13333333333333333,0.13333333333333333,8.1,-1.4479,13
"month","2026-06","loto",30,81,"81",4,3,0.1,0.13333333333333333,8.1,-1.4479,13
"month","2026-07","loto",31,5,"05",15,12,0.3870967741935484,0.4838709677419355,8.37,2.3032,1
"month","2026-07","loto",31,13,"13",14,10,0.3225806451612903,0.45161290322580644,8.37,1.9558,2
"month","2026-07","loto",31,19,"19",14,13,0.41935483870967744,0.45161290322580644,8.37,1.9558,2
"month","2026-07","loto",31,90,"90",14,12,0.3870967741935484,0.45161290322580644,8.37,1.9558,2
"month","2026-07","loto",31,54,"54",13,9,0.2903225806451613,0.41935483870967744,8.37,1.6084,3
"month","2026-07","loto",31,65,"65",13,10,0.3225806451612903,0.41935483870967744,8.37,1.6084,3
"month","2026-07","loto",31,81,"81",13,10,0.3225806451612903,0.41935483870967744,8.37,1.6084,3
"month","2026-07","loto",31,83,"83",13,11,0.3548387096774194,0.41935483870967744,8.37,1.6084,3
"month","2026-07","loto",31,24,"24",12,10,0.3225806451612903,0.3870967741935484,8.37,1.261,4
"month","2026-07","loto",31,37,"37",12,11,0.3548387096774194,0.3870967741935484,8.37,1.261,4
"month","2026-07","loto",31,46,"46",12,9,0.2903225806451613,0.3870967741935484,8.37,1.261,4
"month","2026-07","loto",31,50,"50",12,12,0.3870967741935484,0.3870967741935484,8.37,1.261,4
"month","2026-07","loto",31,53,"53",12,11,0.3548387096774194,0.3870967741935484,8.37,1.261,4
"month","2026-07","loto",31,61,"61",12,12,0.3870967741935484,0.3870967741935484,8.37,1.261,4
"month","2026-07","loto",31,63,"63",12,9,0.2903225806451613,0.3870967741935484,8.37,1.261,4
"month","2026-07","loto",31,89,"89",12,10,0.3225806451612903,0.3870967741935484,8.37,1.261,4
"month","2026-07","loto",31,6,"06",11,10,0.3225806451612903,0.3548387096774194,8.37,0.9136,5
"month","2026-07","loto",31,34,"34",11,9,0.2903225806451613,0.3548387096774194,8.37,0.9136,5
"month","2026-07","loto",31,35,"35",11,9,0.2903225806451613,0.3548387096774194,8.37,0.9136,5
"month","2026-07","loto",31,52,"52",11,9,0.2903225806451613,0.3548387096774194,8.37,0.9136,5
"month","2026-07","loto",31,68,"68",11,10,0.3225806451612903,0.3548387096774194,8.37,0.9136,5
"month","2026-07","loto",31,92,"92",11,10,0.3225806451612903,0.3548387096774194,8.37,0.9136,5
"month","2026-07","loto",31,10,"10",10,9,0.2903225806451613,0.3225806451612903,8.37,0.5662,6
"month","2026-07","loto",31,11,"11",10,9,0.2903225806451613,0.3225806451612903,8.37,0.5662,6
"month","2026-07","loto",31,17,"17",10,8,0.25806451612903225,0.3225806451612903,8.37,0.5662,6
"month","2026-07","loto",31,32,"32",10,8,0.25806451612903225,0.3225806451612903,8.37,0.5662,6
"month","2026-07","loto",31,39,"39",10,7,0.22580645161290322,0.3225806451612903,8.37,0.5662,6
"month","2026-07","loto",31,70,"70",10,8,0.25806451612903225,0.3225806451612903,8.37,0.5662,6
"month","2026-07","loto",31,75,"75",10,9,0.2903225806451613,0.3225806451612903,8.37,0.5662,6
"month","2026-07","loto",31,79,"79",10,9,0.2903225806451613,0.3225806451612903,8.37,0.5662,6
"month","2026-07","loto",31,86,"86",10,9,0.2903225806451613,0.3225806451612903,8.37,0.5662,6
"month","2026-07","loto",31,8,"08",9,8,0.25806451612903225,0.2903225806451613,8.37,0.2189,7
"month","2026-07","loto",31,15,"15",9,6,0.1935483870967742,0.2903225806451613,8.37,0.2189,7
"month","2026-07","loto",31,26,"26",9,8,0.25806451612903225,0.2903225806451613,8.37,0.2189,7
"month","2026-07","loto",31,27,"27",9,8,0.25806451612903225,0.2903225806451613,8.37,0.2189,7
"month","2026-07","loto",31,33,"33",9,8,0.25806451612903225,0.2903225806451613,8.37,0.2189,7
"month","2026-07","loto",31,40,"40",9,7,0.22580645161290322,0.2903225806451613,8.37,0.2189,7
"month","2026-07","loto",31,47,"47",9,9,0.2903225806451613,0.2903225806451613,8.37,0.2189,7
"month","2026-07","loto",31,60,"60",9,9,0.2903225806451613,0.2903225806451613,8.37,0.2189,7
"month","2026-07","loto",31,62,"62",9,6,0.1935483870967742,0.2903225806451613,8.37,0.2189,7
"month","2026-07","loto",31,64,"64",9,8,0.25806451612903225,0.2903225806451613,8.37,0.2189,7
"month","2026-07","loto",31,74,"74",9,8,0.25806451612903225,0.2903225806451613,8.37,0.2189,7
"month","2026-07","loto",31,77,"77",9,8,0.25806451612903225,0.2903225806451613,8.37,0.2189,7
"month","2026-07","loto",31,80,"80",9,8,0.25806451612903225,0.2903225806451613,8.37,0.2189,7
"month","2026-07","loto",31,87,"87",9,6,0.1935483870967742,0.2903225806451613,8.37,0.2189,7
"month","2026-07","loto",31,2,"02",8,7,0.22580645161290322,0.25806451612903225,8.37,-0.1285,8
"month","2026-07","loto",31,3,"03",8,6,0.1935483870967742,0.25806451612903225,8.37,-0.1285,8
"month","2026-07","loto",31,9,"09",8,7,0.22580645161290322,0.25806451612903225,8.37,-0.1285,8
"month","2026-07","loto",31,20,"20",8,7,0.22580645161290322,0.25806451612903225,8.37,-0.1285,8
"month","2026-07","loto",31,31,"31",8,6,0.1935483870967742,0.25806451612903225,8.37,-0.1285,8
"month","2026-07","loto",31,36,"36",8,7,0.22580645161290322,0.25806451612903225,8.37,-0.1285,8
"month","2026-07","loto",31,42,"42",8,6,0.1935483870967742,0.25806451612903225,8.37,-0.1285,8
"month","2026-07","loto",31,49,"49",8,6,0.1935483870967742,0.25806451612903225,8.37,-0.1285,8
"month","2026-07","loto",31,66,"66",8,7,0.22580645161290322,0.25806451612903225,8.37,-0.1285,8
"month","2026-07","loto",31,67,"67",8,7,0.22580645161290322,0.25806451612903225,8.37,-0.1285,8
"month","2026-07","loto",31,71,"71",8,8,0.25806451612903225,0.25806451612903225,8.37,-0.1285,8
"month","2026-07","loto",31,78,"78",8,7,0.22580645161290322,0.25806451612903225,8.37,-0.1285,8
"month","2026-07","loto",31,82,"82",8,7,0.22580645161290322,0.25806451612903225,8.37,-0.1285,8
"month","2026-07","loto",31,84,"84",8,7,0.22580645161290322,0.25806451612903225,8.37,-0.1285,8
"month","2026-07","loto",31,94,"94",8,7,0.22580645161290322,0.25806451612903225,8.37,-0.1285,8
"month","2026-07","loto",31,95,"95",8,8,0.25806451612903225,0.25806451612903225,8.37,-0.1285,8
"month","2026-07","loto",31,97,"97",8,7,0.22580645161290322,0.25806451612903225,8.37,-0.1285,8
"month","2026-07","loto",31,0,"00",7,6,0.1935483870967742,0.22580645161290322,8.37,-0.4759,9
"month","2026-07","loto",31,23,"23",7,6,0.1935483870967742,0.22580645161290322,8.37,-0.4759,9
"month","2026-07","loto",31,29,"29",7,6,0.1935483870967742,0.22580645161290322,8.37,-0.4759,9
"month","2026-07","loto",31,38,"38",7,6,0.1935483870967742,0.22580645161290322,8.37,-0.4759,9
"month","2026-07","loto",31,48,"48",7,7,0.22580645161290322,0.22580645161290322,8.37,-0.4759,9
"month","2026-07","loto",31,56,"56",7,6,0.1935483870967742,0.22580645161290322,8.37,-0.4759,9
"month","2026-07","loto",31,58,"58",7,7,0.22580645161290322,0.22580645161290322,8.37,-0.4759,9
"month","2026-07","loto",31,59,"59",7,6,0.1935483870967742,0.22580645161290322,8.37,-0.4759,9
"month","2026-07","loto",31,85,"85",7,7,0.22580645161290322,0.22580645161290322,8.37,-0.4759,9
"month","2026-07","loto",31,96,"96",7,6,0.1935483870967742,0.22580645161290322,8.37,-0.4759,9
"month","2026-07","loto",31,98,"98",7,6,0.1935483870967742,0.22580645161290322,8.37,-0.4759,9
"month","2026-07","loto",31,99,"99",7,6,0.1935483870967742,0.22580645161290322,8.37,-0.4759,9
"month","2026-07","loto",31,4,"04",6,6,0.1935483870967742,0.1935483870967742,8.37,-0.8233,10
"month","2026-07","loto",31,12,"12",6,6,0.1935483870967742,0.1935483870967742,8.37,-0.8233,10
"month","2026-07","loto",31,18,"18",6,6,0.1935483870967742,0.1935483870967742,8.37,-0.8233,10
"month","2026-07","loto",31,30,"30",6,5,0.16129032258064516,0.1935483870967742,8.37,-0.8233,10
"month","2026-07","loto",31,41,"41",6,5,0.16129032258064516,0.1935483870967742,8.37,-0.8233,10
"month","2026-07","loto",31,51,"51",6,5,0.16129032258064516,0.1935483870967742,8.37,-0.8233,10
"month","2026-07","loto",31,55,"55",6,5,0.16129032258064516,0.1935483870967742,8.37,-0.8233,10
"month","2026-07","loto",31,57,"57",6,6,0.1935483870967742,0.1935483870967742,8.37,-0.8233,10
"month","2026-07","loto",31,69,"69",6,5,0.16129032258064516,0.1935483870967742,8.37,-0.8233,10
"month","2026-07","loto",31,72,"72",6,5,0.16129032258064516,0.1935483870967742,8.37,-0.8233,10
"month","2026-07","loto",31,73,"73",6,6,0.1935483870967742,0.1935483870967742,8.37,-0.8233,10
"month","2026-07","loto",31,91,"91",6,5,0.16129032258064516,0.1935483870967742,8.37,-0.8233,10
"month","2026-07","loto",31,1,"01",5,5,0.16129032258064516,0.16129032258064516,8.37,-1.1707,11
"month","2026-07","loto",31,14,"14",5,5,0.16129032258064516,0.16129032258064516,8.37,-1.1707,11
"month","2026-07","loto",31,21,"21",5,5,0.16129032258064516,0.16129032258064516,8.37,-1.1707,11
"month","2026-07","loto",31,45,"45",5,5,0.16129032258064516,0.16129032258064516,8.37,-1.1707,11
"month","2026-07","loto",31,88,"88",5,4,0.12903225806451613,0.16129032258064516,8.37,-1.1707,11
"month","2026-07","loto",31,22,"22",4,4,0.12903225806451613,0.12903225806451613,8.37,-1.5181,12
"month","2026-07","loto",31,25,"25",4,4,0.12903225806451613,0.12903225806451613,8.37,-1.5181,12
"month","2026-07","loto",31,28,"28",4,4,0.12903225806451613,0.12903225806451613,8.37,-1.5181,12
"month","2026-07","loto",31,43,"43",4,4,0.12903225806451613,0.12903225806451613,8.37,-1.5181,12
"month","2026-07","loto",31,44,"44",4,4,0.12903225806451613,0.12903225806451613,8.37,-1.5181,12
"month","2026-07","loto",31,93,"93",4,4,0.12903225806451613,0.12903225806451613,8.37,-1.5181,12
"month","2026-07","loto",31,7,"07",3,3,0.0967741935483871,0.0967741935483871,8.37,-1.8655,13
"month","2026-07","loto",31,16,"16",3,3,0.0967741935483871,0.0967741935483871,8.37,-1.8655,13
"month","2026-07","loto",31,76,"76",3,3,0.0967741935483871,0.0967741935483871,8.37,-1.8655,13
"month","2026-08","loto",31,34,"34",17,14,0.45161290322580644,0.5483870967741935,8.37,2.998,1
"month","2026-08","loto",31,17,"17",16,11,0.3548387096774194,0.5161290322580645,8.37,2.6506,2
"month","2026-08","loto",31,18,"18",16,12,0.3870967741935484,0.5161290322580645,8.37,2.6506,2
"month","2026-08","loto",31,20,"20",15,9,0.2903225806451613,0.4838709677419355,8.37,2.3032,3
"month","2026-08","loto",31,33,"33",15,8,0.25806451612903225,0.4838709677419355,8.37,2.3032,3
"month","2026-08","loto",31,95,"95",14,12,0.3870967741935484,0.45161290322580644,8.37,1.9558,4
"month","2026-08","loto",31,61,"61",13,11,0.3548387096774194,0.41935483870967744,8.37,1.6084,5
"month","2026-08","loto",31,69,"69",13,12,0.3870967741935484,0.41935483870967744,8.37,1.6084,5
"month","2026-08","loto",31,32,"32",12,11,0.3548387096774194,0.3870967741935484,8.37,1.261,6
"month","2026-08","loto",31,50,"50",12,11,0.3548387096774194,0.3870967741935484,8.37,1.261,6
"month","2026-08","loto",31,51,"51",12,10,0.3225806451612903,0.3870967741935484,8.37,1.261,6
"month","2026-08","loto",31,54,"54",12,12,0.3870967741935484,0.3870967741935484,8.37,1.261,6
"month","2026-08","loto",31,62,"62",12,12,0.3870967741935484,0.3870967741935484,8.37,1.261,6
"month","2026-08","loto",31,64,"64",12,10,0.3225806451612903,0.3870967741935484,8.37,1.261,6
"month","2026-08","loto",31,81,"81",12,10,0.3225806451612903,0.3870967741935484,8.37,1.261,6
"month","2026-08","loto",31,94,"94",12,11,0.3548387096774194,0.3870967741935484,8.37,1.261,6
"month","2026-08","loto",31,99,"99",12,10,0.3225806451612903,0.3870967741935484,8.37,1.261,6
"month","2026-08","loto",31,0,"00",11,10,0.3225806451612903,0.3548387096774194,8.37,0.9136,7
"month","2026-08","loto",31,4,"04",11,10,0.3225806451612903,0.3548387096774194,8.37,0.9136,7
"month","2026-08","loto",31,22,"22",11,10,0.3225806451612903,0.3548387096774194,8.37,0.9136,7
"month","2026-08","loto",31,38,"38",11,9,0.2903225806451613,0.3548387096774194,8.37,0.9136,7
"month","2026-08","loto",31,52,"52",11,10,0.3225806451612903,0.3548387096774194,8.37,0.9136,7
"month","2026-08","loto",31,77,"77",11,10,0.3225806451612903,0.3548387096774194,8.37,0.9136,7
"month","2026-08","loto",31,80,"80",11,10,0.3225806451612903,0.3548387096774194,8.37,0.9136,7
"month","2026-08","loto",31,83,"83",11,10,0.3225806451612903,0.3548387096774194,8.37,0.9136,7
"month","2026-08","loto",31,88,"88",11,10,0.3225806451612903,0.3548387096774194,8.37,0.9136,7
"month","2026-08","loto",31,11,"11",10,8,0.25806451612903225,0.3225806451612903,8.37,0.5662,8
"month","2026-08","loto",31,21,"21",10,8,0.25806451612903225,0.3225806451612903,8.37,0.5662,8
"month","2026-08","loto",31,42,"42",10,8,0.25806451612903225,0.3225806451612903,8.37,0.5662,8
"month","2026-08","loto",31,43,"43",10,8,0.25806451612903225,0.3225806451612903,8.37,0.5662,8
"month","2026-08","loto",31,49,"49",10,8,0.25806451612903225,0.3225806451612903,8.37,0.5662,8
"month","2026-08","loto",31,73,"73",10,9,0.2903225806451613,0.3225806451612903,8.37,0.5662,8
"month","2026-08","loto",31,76,"76",10,10,0.3225806451612903,0.3225806451612903,8.37,0.5662,8
"month","2026-08","loto",31,2,"02",9,8,0.25806451612903225,0.2903225806451613,8.37,0.2189,9
"month","2026-08","loto",31,9,"09",9,9,0.2903225806451613,0.2903225806451613,8.37,0.2189,9
"month","2026-08","loto",31,26,"26",9,8,0.25806451612903225,0.2903225806451613,8.37,0.2189,9
"month","2026-08","loto",31,29,"29",9,8,0.25806451612903225,0.2903225806451613,8.37,0.2189,9
"month","2026-08","loto",31,35,"35",9,9,0.2903225806451613,0.2903225806451613,8.37,0.2189,9
"month","2026-08","loto",31,40,"40",9,7,0.22580645161290322,0.2903225806451613,8.37,0.2189,9
"month","2026-08","loto",31,44,"44",9,7,0.22580645161290322,0.2903225806451613,8.37,0.2189,9
"month","2026-08","loto",31,48,"48",9,9,0.2903225806451613,0.2903225806451613,8.37,0.2189,9
"month","2026-08","loto",31,60,"60",9,7,0.22580645161290322,0.2903225806451613,8.37,0.2189,9
"month","2026-08","loto",31,70,"70",9,9,0.2903225806451613,0.2903225806451613,8.37,0.2189,9
"month","2026-08","loto",31,6,"06",8,6,0.1935483870967742,0.25806451612903225,8.37,-0.1285,10
"month","2026-08","loto",31,7,"07",8,8,0.25806451612903225,0.25806451612903225,8.37,-0.1285,10
"month","2026-08","loto",31,13,"13",8,8,0.25806451612903225,0.25806451612903225,8.37,-0.1285,10
"month","2026-08","loto",31,14,"14",8,6,0.1935483870967742,0.25806451612903225,8.37,-0.1285,10
"month","2026-08","loto",31,19,"19",8,8,0.25806451612903225,0.25806451612903225,8.37,-0.1285,10
"month","2026-08","loto",31,23,"23",8,6,0.1935483870967742,0.25806451612903225,8.37,-0.1285,10
"month","2026-08","loto",31,24,"24",8,7,0.22580645161290322,0.25806451612903225,8.37,-0.1285,10
"month","2026-08","loto",31,27,"27",8,7,0.22580645161290322,0.25806451612903225,8.37,-0.1285,10
"month","2026-08","loto",31,36,"36",8,7,0.22580645161290322,0.25806451612903225,8.37,-0.1285,10
"month","2026-08","loto",31,56,"56",8,7,0.22580645161290322,0.25806451612903225,8.37,-0.1285,10
"month","2026-08","loto",31,63,"63",8,7,0.22580645161290322,0.25806451612903225,8.37,-0.1285,10
"month","2026-08","loto",31,72,"72",8,8,0.25806451612903225,0.25806451612903225,8.37,-0.1285,10
"month","2026-08","loto",31,84,"84",8,8,0.25806451612903225,0.25806451612903225,8.37,-0.1285,10
"month","2026-08","loto",31,86,"86",8,8,0.25806451612903225,0.25806451612903225,8.37,-0.1285,10
"month","2026-08","loto",31,87,"87",8,8,0.25806451612903225,0.25806451612903225,8.37,-0.1285,10
"month","2026-08","loto",31,93,"93",8,7,0.22580645161290322,0.25806451612903225,8.37,-0.1285,10
"month","2026-08","loto",31,3,"03",7,7,0.22580645161290322,0.22580645161290322,8.37,-0.4759,11
"month","2026-08","loto",31,10,"10",7,7,0.22580645161290322,0.22580645161290322,8.37,-0.4759,11
"month","2026-08","loto",31,15,"15",7,7,0.22580645161290322,0.22580645161290322,8.37,-0.4759,11
"month","2026-08","loto",31,31,"31",7,6,0.1935483870967742,0.22580645161290322,8.37,-0.4759,11
"month","2026-08","loto",31,41,"41",7,7,0.22580645161290322,0.22580645161290322,8.37,-0.4759,11
"month","2026-08","loto",31,46,"46",7,7,0.22580645161290322,0.22580645161290322,8.37,-0.4759,11
"month","2026-08","loto",31,47,"47",7,6,0.1935483870967742,0.22580645161290322,8.37,-0.4759,11
"month","2026-08","loto",31,67,"67",7,7,0.22580645161290322,0.22580645161290322,8.37,-0.4759,11
"month","2026-08","loto",31,68,"68",7,7,0.22580645161290322,0.22580645161290322,8.37,-0.4759,11
"month","2026-08","loto",31,82,"82",7,7,0.22580645161290322,0.22580645161290322,8.37,-0.4759,11
"month","2026-08","loto",31,91,"91",7,6,0.1935483870967742,0.22580645161290322,8.37,-0.4759,11
"month","2026-08","loto",31,96,"96",7,6,0.1935483870967742,0.22580645161290322,8.37,-0.4759,11
"month","2026-08","loto",31,97,"97",7,5,0.16129032258064516,0.22580645161290322,8.37,-0.4759,11
"month","2026-08","loto",31,1,"01",6,5,0.16129032258064516,0.1935483870967742,8.37,-0.8233,12
"month","2026-08","loto",31,8,"08",6,6,0.1935483870967742,0.1935483870967742,8.37,-0.8233,12
"month","2026-08","loto",31,12,"12",6,6,0.1935483870967742,0.1935483870967742,8.37,-0.8233,12
"month","2026-08","loto",31,16,"16",6,5,0.16129032258064516,0.1935483870967742,8.37,-0.8233,12
"month","2026-08","loto",31,25,"25",6,5,0.16129032258064516,0.1935483870967742,8.37,-0.8233,12
"month","2026-08","loto",31,66,"66",6,6,0.1935483870967742,0.1935483870967742,8.37,-0.8233,12
"month","2026-08","loto",31,78,"78",6,6,0.1935483870967742,0.1935483870967742,8.37,-0.8233,12
"month","2026-08","loto",31,89,"89",6,6,0.1935483870967742,0.1935483870967742,8.37,-0.8233,12
"month","2026-08","loto",31,90,"90",6,6,0.1935483870967742,0.1935483870967742,8.37,-0.8233,12
"month","2026-08","loto",31,92,"92",6,6,0.1935483870967742,0.1935483870967742,8.37,-0.8233,12
"month","2026-08","loto",31,28,"28",5,4,0.12903225806451613,0.16129032258064516,8.37,-1.1707,13
"month","2026-08","loto",31,30,"30",5,5,0.16129032258064516,0.16129032258064516,8.37,-1.1707,13
"month","2026-08","loto",31,53,"53",5,4,0.12903225806451613,0.16129032258064516,8.37,-1.1707,13
"month","2026-08","loto",31,55,"55",5,5,0.16129032258064516,0.16129032258064516,8.37,-1.1707,13
"month","2026-08","loto",31,57,"57",5,5,0.16129032258064516,0.16129032258064516,8.37,-1.1707,13
"month","2026-08","loto",31,59,"59",5,3,0.0967741935483871,0.16129032258064516,8.37,-1.1707,13
"month","2026-08","loto",31,98,"98",5,4,0.12903225806451613,0.16129032258064516,8.37,-1.1707,13
"month","2026-08","loto",31,37,"37",4,4,0.12903225806451613,0.12903225806451613,8.37,-1.5181,14
"month","2026-08","loto",31,45,"45",4,4,0.12903225806451613,0.12903225806451613,8.37,-1.5181,14
"month","2026-08","loto",31,71,"71",4,4,0.12903225806451613,0.12903225806451613,8.37,-1.5181,14
"month","2026-08","loto",31,75,"75",4,3,0.0967741935483871,0.12903225806451613,8.37,-1.5181,14
"month","2026-08","loto",31,79,"79",4,4,0.12903225806451613,0.12903225806451613,8.37,-1.5181,14
"month","2026-08","loto",31,5,"05",3,3,0.0967741935483871,0.0967741935483871,8.37,-1.8655,15
"month","2026-08","loto",31,39,"39",3,3,0.0967741935483871,0.0967741935483871,8.37,-1.8655,15
"month","2026-08","loto",31,65,"65",3,3,0.0967741935483871,0.0967741935483871,8.37,-1.8655,15
"month","2026-08","loto",31,74,"74",3,3,0.0967741935483871,0.0967741935483871,8.37,-1.8655,15
"month","2026-08","loto",31,85,"85",3,3,0.0967741935483871,0.0967741935483871,8.37,-1.8655,15
"month","2026-08","loto",31,58,"58",2,2,0.06451612903225806,0.06451612903225806,8.37,-2.2129,16
"month","2026-09","loto",10,93,"93",7,5,0.5,0.7,2.7,2.6301,1
"month","2026-09","loto",10,34,"34",6,3,0.3,0.6,2.7,2.0184,2
"month","2026-09","loto",10,70,"70",6,6,0.6,0.6,2.7,2.0184,2
"month","2026-09","loto",10,77,"77",6,6,0.6,0.6,2.7,2.0184,2
"month","2026-09","loto",10,11,"11",5,5,0.5,0.5,2.7,1.4068,3
"month","2026-09","loto",10,37,"37",5,5,0.5,0.5,2.7,1.4068,3
"month","2026-09","loto",10,57,"57",5,4,0.4,0.5,2.7,1.4068,3
"month","2026-09","loto",10,62,"62",5,5,0.5,0.5,2.7,1.4068,3
"month","2026-09","loto",10,64,"64",5,5,0.5,0.5,2.7,1.4068,3
"month","2026-09","loto",10,87,"87",5,3,0.3,0.5,2.7,1.4068,3
"month","2026-09","loto",10,3,"03",4,4,0.4,0.4,2.7,0.7951,4
"month","2026-09","loto",10,6,"06",4,4,0.4,0.4,2.7,0.7951,4
"month","2026-09","loto",10,10,"10",4,4,0.4,0.4,2.7,0.7951,4
"month","2026-09","loto",10,22,"22",4,2,0.2,0.4,2.7,0.7951,4
"month","2026-09","loto",10,26,"26",4,3,0.3,0.4,2.7,0.7951,4
"month","2026-09","loto",10,31,"31",4,3,0.3,0.4,2.7,0.7951,4
"month","2026-09","loto",10,36,"36",4,3,0.3,0.4,2.7,0.7951,4
"month","2026-09","loto",10,39,"39",4,4,0.4,0.4,2.7,0.7951,4
"month","2026-09","loto",10,40,"40",4,3,0.3,0.4,2.7,0.7951,4
"month","2026-09","loto",10,43,"43",4,4,0.4,0.4,2.7,0.7951,4
"month","2026-09","loto",10,44,"44",4,4,0.4,0.4,2.7,0.7951,4
"month","2026-09","loto",10,46,"46",4,3,0.3,0.4,2.7,0.7951,4
"month","2026-09","loto",10,48,"48",4,3,0.3,0.4,2.7,0.7951,4
"month","2026-09","loto",10,50,"50",4,4,0.4,0.4,2.7,0.7951,4
"month","2026-09","loto",10,53,"53",4,3,0.3,0.4,2.7,0.7951,4
"month","2026-09","loto",10,63,"63",4,4,0.4,0.4,2.7,0.7951,4
"month","2026-09","loto",10,67,"67",4,3,0.3,0.4,2.7,0.7951,4
"month","2026-09","loto",10,72,"72",4,3,0.3,0.4,2.7,0.7951,4
"month","2026-09","loto",10,73,"73",4,3,0.3,0.4,2.7,0.7951,4
"month","2026-09","loto",10,88,"88",4,3,0.3,0.4,2.7,0.7951,4
"month","2026-09","loto",10,95,"95",4,4,0.4,0.4,2.7,0.7951,4
"month","2026-09","loto",10,96,"96",4,4,0.4,0.4,2.7,0.7951,4
"month","2026-09","loto",10,97,"97",4,4,0.4,0.4,2.7,0.7951,4
"month","2026-09","loto",10,4,"04",3,2,0.2,0.3,2.7,0.1835,5
"month","2026-09","loto",10,7,"07",3,2,0.2,0.3,2.7,0.1835,5
"month","2026-09","loto",10,8,"08",3,3,0.3,0.3,2.7,0.1835,5
"month","2026-09","loto",10,15,"15",3,2,0.2,0.3,2.7,0.1835,5
"month","2026-09","loto",10,16,"16",3,3,0.3,0.3,2.7,0.1835,5
"month","2026-09","loto",10,20,"20",3,3,0.3,0.3,2.7,0.1835,5
"month","2026-09","loto",10,21,"21",3,2,0.2,0.3,2.7,0.1835,5
"month","2026-09","loto",10,24,"24",3,1,0.1,0.3,2.7,0.1835,5
"month","2026-09","loto",10,28,"28",3,3,0.3,0.3,2.7,0.1835,5
"month","2026-09","loto",10,32,"32",3,2,0.2,0.3,2.7,0.1835,5
"month","2026-09","loto",10,47,"47",3,3,0.3,0.3,2.7,0.1835,5
"month","2026-09","loto",10,49,"49",3,3,0.3,0.3,2.7,0.1835,5
"month","2026-09","loto",10,52,"52",3,3,0.3,0.3,2.7,0.1835,5
"month","2026-09","loto",10,68,"68",3,2,0.2,0.3,2.7,0.1835,5
"month","2026-09","loto",10,71,"71",3,3,0.3,0.3,2.7,0.1835,5
"month","2026-09","loto",10,84,"84",3,3,0.3,0.3,2.7,0.1835,5
"month","2026-09","loto",10,94,"94",3,2,0.2,0.3,2.7,0.1835,5
"month","2026-09","loto",10,99,"99",3,3,0.3,0.3,2.7,0.1835,5
"month","2026-09","loto",10,0,"00",2,2,0.2,0.2,2.7,-0.4282,6
"month","2026-09","loto",10,5,"05",2,2,0.2,0.2,2.7,-0.4282,6
"month","2026-09","loto",10,12,"12",2,2,0.2,0.2,2.7,-0.4282,6
"month","2026-09","loto",10,13,"13",2,2,0.2,0.2,2.7,-0.4282,6
"month","2026-09","loto",10,14,"14",2,2,0.2,0.2,2.7,-0.4282,6
"month","2026-09","loto",10,17,"17",2,2,0.2,0.2,2.7,-0.4282,6
"month","2026-09","loto",10,18,"18",2,2,0.2,0.2,2.7,-0.4282,6
"month","2026-09","loto",10,19,"19",2,2,0.2,0.2,2.7,-0.4282,6
"month","2026-09","loto",10,27,"27",2,2,0.2,0.2,2.7,-0.4282,6
"month","2026-09","loto",10,33,"33",2,2,0.2,0.2,2.7,-0.4282,6
"month","2026-09","loto",10,35,"35",2,2,0.2,0.2,2.7,-0.4282,6
"month","2026-09","loto",10,38,"38",2,2,0.2,0.2,2.7,-0.4282,6
"month","2026-09","loto",10,41,"41",2,2,0.2,0.2,2.7,-0.4282,6
"month","2026-09","loto",10,42,"42",2,2,0.2,0.2,2.7,-0.4282,6
"month","2026-09","loto",10,56,"56",2,1,0.1,0.2,2.7,-0.4282,6
"month","2026-09","loto",10,58,"58",2,2,0.2,0.2,2.7,-0.4282,6
"month","2026-09","loto",10,60,"60",2,1,0.1,0.2,2.7,-0.4282,6
"month","2026-09","loto",10,66,"66",2,2,0.2,0.2,2.7,-0.4282,6
"month","2026-09","loto",10,74,"74",2,2,0.2,0.2,2.7,-0.4282,6
"month","2026-09","loto",10,76,"76",2,2,0.2,0.2,2.7,-0.4282,6
"month","2026-09","loto",10,85,"85",2,2,0.2,0.2,2.7,-0.4282,6
"month","2026-09","loto",10,86,"86",2,2,0.2,0.2,2.7,-0.4282,6
"month","2026-09","loto",10,89,"89",2,2,0.2,0.2,2.7,-0.4282,6
"month","2026-09","loto",10,90,"90",2,2,0.2,0.2,2.7,-0.4282,6
"month","2026-09","loto",10,1,"01",1,1,0.1,0.1,2.7,-1.0398,7
"month","2026-09","loto",10,2,"02",1,1,0.1,0.1,2.7,-1.0398,7
"month","2026-09","loto",10,23,"23",1,1,0.1,0.1,2.7,-1.0398,7
"month","2026-09","loto",10,25,"25",1,1,0.1,0.1,2.7,-1.0398,7
"month","2026-09","loto",10,29,"29",1,1,0.1,0.1,2.7,-1.0398,7
"month","2026-09","loto",10,30,"30",1,1,0.1,0.1,2.7,-1.0398,7
"month","2026-09","loto",10,45,"45",1,1,0.1,0.1,2.7,-1.0398,7
"month","2026-09","loto",10,51,"51",1,1,0.1,0.1,2.7,-1.0398,7
"month","2026-09","loto",10,55,"55",1,1,0.1,0.1,2.7,-1.0398,7
"month","2026-09","loto",10,59,"59",1,1,0.1,0.1,2.7,-1.0398,7
"month","2026-09","loto",10,61,"61",1,1,0.1,0.1,2.7,-1.0398,7
"month","2026-09","loto",10,65,"65",1,1,0.1,0.1,2.7,-1.0398,7
"month","2026-09","loto",10,69,"69",1,1,0.1,0.1,2.7,-1.0398,7
"month","2026-09","loto",10,75,"75",1,1,0.1,0.1,2.7,-1.0398,7
"month","2026-09","loto",10,78,"78",1,1,0.1,0.1,2.7,-1.0398,7
"month","2026-09","loto",10,79,"79",1,1,0.1,0.1,2.7,-1.0398,7
"month","2026-09","loto",10,80,"80",1,1,0.1,0.1,2.7,-1.0398,7
"month","2026-09","loto",10,81,"81",1,1,0.1,0.1,2.7,-1.0398,7
"month","2026-09","loto",10,91,"91",1,1,0.1,0.1,2.7,-1.0398,7
"month","2026-09","loto",10,92,"92",1,1,0.1,0.1,2.7,-1.0398,7
"month","2026-09","loto",10,98,"98",1,1,0.1,0.1,2.7,-1.0398,7
"month","2026-09","loto",10,9,"09",0,0,0.0,0.0,2.7,-1.6514,8
"month","2026-09","loto",10,54,"54",0,0,0.0,0.0,2.7,-1.6514,8
"month","2026-09","loto",10,82,"82",0,0,0.0,0.0,2.7,-1.6514,8
"month","2026-09","loto",10,83,"83",0,0,0.0,0.0,2.7,-1.6514,8
