"period_kind","period_key","draws","pair","a","b","freq","days_hit","cooccur_days","avg_per_draw","rank_in_period"
"month","2015-01",31,"39-93",39,93,25,18,6,0.8064516129032258,1
"month","2015-01",31,"59-95",59,95,25,16,4,0.8064516129032258,1
"month","2015-01",31,"13-31",13,31,24,17,2,0.7741935483870968,2
"month","2015-01",31,"19-91",19,91,24,14,4,0.7741935483870968,2
"month","2015-01",31,"29-92",29,92,21,15,1,0.6774193548387096,3
"month","2015-01",31,"49-94",49,94,21,16,3,0.6774193548387096,3
"month","2015-01",31,"58-85",58,85,21,15,3,0.6774193548387096,3
"month","2015-01",31,"78-87",78,87,21,15,2,0.6774193548387096,3
"month","2015-01",31,"02-20",2,20,20,14,2,0.6451612903225806,4
"month","2015-01",31,"23-32",23,32,20,14,2,0.6451612903225806,4
"month","2015-01",31,"27-72",27,72,20,16,1,0.6451612903225806,4
"month","2015-01",31,"33-88",33,88,20,16,2,0.6451612903225806,4
"month","2015-01",31,"04-40",4,40,19,15,3,0.6129032258064516,5
"month","2015-01",31,"68-86",68,86,19,15,1,0.6129032258064516,5
"month","2015-01",31,"03-30",3,30,18,15,1,0.5806451612903226,6
"month","2015-01",31,"08-80",8,80,18,15,1,0.5806451612903226,6
"month","2015-01",31,"11-66",11,66,18,14,1,0.5806451612903226,6
"month","2015-01",31,"18-81",18,81,18,15,3,0.5806451612903226,6
"month","2015-01",31,"44-99",44,99,18,15,1,0.5806451612903226,6
"month","2015-01",31,"45-54",45,54,18,12,2,0.5806451612903226,6
"month","2015-01",31,"56-65",56,65,18,16,1,0.5806451612903226,6
"month","2015-01",31,"00-55",0,55,17,14,2,0.5483870967741935,7
"month","2015-01",31,"01-10",1,10,17,15,2,0.5483870967741935,7
"month","2015-01",31,"16-61",16,61,17,12,2,0.5483870967741935,7
"month","2015-01",31,"17-71",17,71,17,12,2,0.5483870967741935,7
"month","2015-01",31,"22-77",22,77,17,14,0,0.5483870967741935,7
"month","2015-01",31,"28-82",28,82,17,10,3,0.5483870967741935,7
"month","2015-01",31,"35-53",35,53,17,11,2,0.5483870967741935,7
"month","2015-01",31,"47-74",47,74,17,14,1,0.5483870967741935,7
"month","2015-01",31,"25-52",25,52,16,11,3,0.5161290322580645,8
"month","2015-01",31,"89-98",89,98,16,11,2,0.5161290322580645,8
"month","2015-01",31,"36-63",36,63,15,14,0,0.4838709677419355,9
"month","2015-01",31,"37-73",37,73,15,12,2,0.4838709677419355,9
"month","2015-01",31,"57-75",57,75,15,12,1,0.4838709677419355,9
"month","2015-01",31,"07-70",7,70,14,11,1,0.45161290322580644,10
"month","2015-01",31,"09-90",9,90,14,14,0,0.45161290322580644,10
"month","2015-01",31,"26-62",26,62,14,13,1,0.45161290322580644,10
"month","2015-01",31,"38-83",38,83,14,13,0,0.45161290322580644,10
"month","2015-01",31,"48-84",48,84,14,11,1,0.45161290322580644,10
"month","2015-01",31,"06-60",6,60,13,12,0,0.41935483870967744,11
"month","2015-01",31,"46-64",46,64,13,8,2,0.41935483870967744,11
"month","2015-01",31,"12-21",12,21,12,8,3,0.3870967741935484,12
"month","2015-01",31,"14-41",14,41,12,10,1,0.3870967741935484,12
"month","2015-01",31,"24-42",24,42,12,10,1,0.3870967741935484,12
"month","2015-01",31,"34-43",34,43,12,10,2,0.3870967741935484,12
"month","2015-01",31,"67-76",67,76,12,11,0,0.3870967741935484,12
"month","2015-01",31,"69-96",69,96,12,10,2,0.3870967741935484,12
"month","2015-01",31,"79-97",79,97,11,10,0,0.3548387096774194,13
"month","2015-01",31,"05-50",5,50,10,8,1,0.3225806451612903,14
"month","2015-01",31,"15-51",15,51,9,6,2,0.2903225806451613,15
"month","2015-02",24,"12-21",12,21,18,13,2,0.75,1
"month","2015-02",24,"22-77",22,77,18,11,3,0.75,1
"month","2015-02",24,"36-63",36,63,18,14,1,0.75,1
"month","2015-02",24,"47-74",47,74,18,13,2,0.75,1
"month","2015-02",24,"59-95",59,95,18,14,2,0.75,1
"month","2015-02",24,"15-51",15,51,16,12,4,0.6666666666666666,2
"month","2015-02",24,"17-71",17,71,16,11,1,0.6666666666666666,2
"month","2015-02",24,"27-72",27,72,16,15,0,0.6666666666666666,2
"month","2015-02",24,"45-54",45,54,16,11,2,0.6666666666666666,2
"month","2015-02",24,"58-85",58,85,16,13,1,0.6666666666666666,2
"month","2015-02",24,"78-87",78,87,16,11,2,0.6666666666666666,2
"month","2015-02",24,"79-97",79,97,16,13,2,0.6666666666666666,2
"month","2015-02",24,"13-31",13,31,15,13,0,0.625,3
"month","2015-02",24,"33-88",33,88,15,13,1,0.625,3
"month","2015-02",24,"35-53",35,53,15,14,1,0.625,3
"month","2015-02",24,"00-55",0,55,14,12,1,0.5833333333333334,4
"month","2015-02",24,"08-80",8,80,14,12,2,0.5833333333333334,4
"month","2015-02",24,"11-66",11,66,14,10,2,0.5833333333333334,4
"month","2015-02",24,"49-94",49,94,14,10,4,0.5833333333333334,4
"month","2015-02",24,"57-75",57,75,14,10,2,0.5833333333333334,4
"month","2015-02",24,"04-40",4,40,13,12,1,0.5416666666666666,5
"month","2015-02",24,"06-60",6,60,13,10,1,0.5416666666666666,5
"month","2015-02",24,"16-61",16,61,13,11,0,0.5416666666666666,5
"month","2015-02",24,"29-92",29,92,13,11,0,0.5416666666666666,5
"month","2015-02",24,"38-83",38,83,13,9,1,0.5416666666666666,5
"month","2015-02",24,"46-64",46,64,13,9,1,0.5416666666666666,5
"month","2015-02",24,"69-96",69,96,13,11,0,0.5416666666666666,5
"month","2015-02",24,"89-98",89,98,13,11,2,0.5416666666666666,5
"month","2015-02",24,"01-10",1,10,12,9,2,0.5,6
"month","2015-02",24,"07-70",7,70,12,11,0,0.5,6
"month","2015-02",24,"18-81",18,81,12,8,4,0.5,6
"month","2015-02",24,"25-52",25,52,12,9,2,0.5,6
"month","2015-02",24,"26-62",26,62,12,11,1,0.5,6
"month","2015-02",24,"67-76",67,76,12,9,3,0.5,6
"month","2015-02",24,"68-86",68,86,12,8,1,0.5,6
"month","2015-02",24,"02-20",2,20,11,10,1,0.4583333333333333,7
"month","2015-02",24,"09-90",9,90,11,8,1,0.4583333333333333,7
"month","2015-02",24,"19-91",19,91,11,8,1,0.4583333333333333,7
"month","2015-02",24,"24-42",24,42,11,10,0,0.4583333333333333,7
"month","2015-02",24,"44-99",44,99,11,8,1,0.4583333333333333,7
"month","2015-02",24,"05-50",5,50,10,9,1,0.4166666666666667,8
"month","2015-02",24,"14-41",14,41,10,10,0,0.4166666666666667,8
"month","2015-02",24,"48-84",48,84,10,9,1,0.4166666666666667,8
"month","2015-02",24,"03-30",3,30,9,8,0,0.375,9
"month","2015-02",24,"23-32",23,32,9,8,0,0.375,9
"month","2015-02",24,"39-93",39,93,9,7,1,0.375,9
"month","2015-02",24,"28-82",28,82,8,7,0,0.3333333333333333,10
"month","2015-02",24,"34-43",34,43,8,5,1,0.3333333333333333,10
"month","2015-02",24,"37-73",37,73,8,8,0,0.3333333333333333,10
"month","2015-02",24,"56-65",56,65,7,6,1,0.2916666666666667,11
"month","2015-03",31,"13-31",13,31,24,18,2,0.7741935483870968,1
"month","2015-03",31,"39-93",39,93,23,17,2,0.7419354838709677,2
"month","2015-03",31,"47-74",47,74,23,17,2,0.7419354838709677,2
"month","2015-03",31,"49-94",49,94,23,17,2,0.7419354838709677,2
"month","2015-03",31,"67-76",67,76,23,17,2,0.7419354838709677,2
"month","2015-03",31,"03-30",3,30,22,15,2,0.7096774193548387,3
"month","2015-03",31,"34-43",34,43,22,16,4,0.7096774193548387,3
"month","2015-03",31,"79-97",79,97,22,22,0,0.7096774193548387,3
"month","2015-03",31,"09-90",9,90,21,13,5,0.6774193548387096,4
"month","2015-03",31,"07-70",7,70,20,15,3,0.6451612903225806,5
"month","2015-03",31,"17-71",17,71,20,13,1,0.6451612903225806,5
"month","2015-03",31,"26-62",26,62,20,15,1,0.6451612903225806,5
"month","2015-03",31,"27-72",27,72,20,14,2,0.6451612903225806,5
"month","2015-03",31,"46-64",46,64,20,16,1,0.6451612903225806,5
"month","2015-03",31,"02-20",2,20,19,16,2,0.6129032258064516,6
"month","2015-03",31,"05-50",5,50,19,15,4,0.6129032258064516,6
"month","2015-03",31,"37-73",37,73,19,15,1,0.6129032258064516,6
"month","2015-03",31,"58-85",58,85,19,14,2,0.6129032258064516,6
"month","2015-03",31,"08-80",8,80,18,16,1,0.5806451612903226,7
"month","2015-03",31,"11-66",11,66,18,16,0,0.5806451612903226,7
"month","2015-03",31,"29-92",29,92,18,13,2,0.5806451612903226,7
"month","2015-03",31,"45-54",45,54,18,16,2,0.5806451612903226,7
"month","2015-03",31,"59-95",59,95,18,13,2,0.5806451612903226,7
"month","2015-03",31,"69-96",69,96,18,11,2,0.5806451612903226,7
"month","2015-03",31,"16-61",16,61,17,15,1,0.5483870967741935,8
"month","2015-03",31,"23-32",23,32,17,15,1,0.5483870967741935,8
"month","2015-03",31,"36-63",36,63,17,14,0,0.5483870967741935,8
"month","2015-03",31,"48-84",48,84,16,14,1,0.5161290322580645,9
"month","2015-03",31,"68-86",68,86,16,12,0,0.5161290322580645,9
"month","2015-03",31,"04-40",4,40,15,11,2,0.4838709677419355,10
"month","2015-03",31,"18-81",18,81,15,9,2,0.4838709677419355,10
"month","2015-03",31,"33-88",33,88,15,13,1,0.4838709677419355,10
"month","2015-03",31,"35-53",35,53,15,12,0,0.4838709677419355,10
"month","2015-03",31,"78-87",78,87,15,11,4,0.4838709677419355,10
"month","2015-03",31,"12-21",12,21,14,10,3,0.45161290322580644,11
"month","2015-03",31,"44-99",44,99,14,11,2,0.45161290322580644,11
"month","2015-03",31,"57-75",57,75,14,12,1,0.45161290322580644,11
"month","2015-03",31,"89-98",89,98,14,13,0,0.45161290322580644,11
"month","2015-03",31,"00-55",0,55,13,11,2,0.41935483870967744,12
"month","2015-03",31,"06-60",6,60,13,11,1,0.41935483870967744,12
"month","2015-03",31,"25-52",25,52,13,11,1,0.41935483870967744,12
"month","2015-03",31,"28-82",28,82,13,11,0,0.41935483870967744,12
"month","2015-03",31,"22-77",22,77,12,9,2,0.3870967741935484,13
"month","2015-03",31,"01-10",1,10,11,10,1,0.3548387096774194,14
"month","2015-03",31,"14-41",14,41,11,11,0,0.3548387096774194,14
"month","2015-03",31,"15-51",15,51,11,10,0,0.3548387096774194,14
"month","2015-03",31,"19-91",19,91,10,6,1,0.3225806451612903,15
"month","2015-03",31,"38-83",38,83,10,8,0,0.3225806451612903,15
"month","2015-03",31,"56-65",56,65,10,8,0,0.3225806451612903,15
"month","2015-03",31,"24-42",24,42,9,7,1,0.2903225806451613,16
"month","2015-04",30,"00-55",0,55,24,15,4,0.8,1
"month","2015-04",30,"04-40",4,40,24,13,2,0.8,1
"month","2015-04",30,"24-42",24,42,22,12,5,0.7333333333333333,2
"month","2015-04",30,"01-10",1,10,20,15,4,0.6666666666666666,3
"month","2015-04",30,"03-30",3,30,20,15,4,0.6666666666666666,3
"month","2015-04",30,"07-70",7,70,20,11,4,0.6666666666666666,3
"month","2015-04",30,"25-52",25,52,20,14,3,0.6666666666666666,3
"month","2015-04",30,"33-88",33,88,20,18,0,0.6666666666666666,3
"month","2015-04",30,"35-53",35,53,20,15,3,0.6666666666666666,3
"month","2015-04",30,"36-63",36,63,20,15,4,0.6666666666666666,3
"month","2015-04",30,"57-75",57,75,20,14,2,0.6666666666666666,3
"month","2015-04",30,"68-86",68,86,20,16,2,0.6666666666666666,3
"month","2015-04",30,"15-51",15,51,19,10,3,0.6333333333333333,4
"month","2015-04",30,"27-72",27,72,19,14,2,0.6333333333333333,4
"month","2015-04",30,"29-92",29,92,19,13,5,0.6333333333333333,4
"month","2015-04",30,"48-84",48,84,19,14,2,0.6333333333333333,4
"month","2015-04",30,"59-95",59,95,18,16,1,0.6,5
"month","2015-04",30,"06-60",6,60,17,14,0,0.5666666666666667,6
"month","2015-04",30,"18-81",18,81,17,12,3,0.5666666666666667,6
"month","2015-04",30,"39-93",39,93,17,14,1,0.5666666666666667,6
"month","2015-04",30,"56-65",56,65,17,16,0,0.5666666666666667,6
"month","2015-04",30,"58-85",58,85,17,14,3,0.5666666666666667,6
"month","2015-04",30,"67-76",67,76,17,14,1,0.5666666666666667,6
"month","2015-04",30,"13-31",13,31,16,11,2,0.5333333333333333,7
"month","2015-04",30,"19-91",19,91,16,11,2,0.5333333333333333,7
"month","2015-04",30,"26-62",26,62,16,12,1,0.5333333333333333,7
"month","2015-04",30,"38-83",38,83,16,11,1,0.5333333333333333,7
"month","2015-04",30,"49-94",49,94,16,13,0,0.5333333333333333,7
"month","2015-04",30,"12-21",12,21,15,15,0,0.5,8
"month","2015-04",30,"34-43",34,43,15,12,2,0.5,8
"month","2015-04",30,"37-73",37,73,15,12,2,0.5,8
"month","2015-04",30,"69-96",69,96,15,14,1,0.5,8
"month","2015-04",30,"16-61",16,61,14,12,1,0.4666666666666667,9
"month","2015-04",30,"17-71",17,71,14,9,1,0.4666666666666667,9
"month","2015-04",30,"23-32",23,32,14,11,2,0.4666666666666667,9
"month","2015-04",30,"44-99",44,99,14,12,0,0.4666666666666667,9
"month","2015-04",30,"45-54",45,54,14,11,0,0.4666666666666667,9
"month","2015-04",30,"46-64",46,64,14,12,0,0.4666666666666667,9
"month","2015-04",30,"89-98",89,98,14,13,1,0.4666666666666667,9
"month","2015-04",30,"08-80",8,80,13,10,3,0.43333333333333335,10
"month","2015-04",30,"78-87",78,87,13,11,2,0.43333333333333335,10
"month","2015-04",30,"79-97",79,97,13,12,0,0.43333333333333335,10
"month","2015-04",30,"11-66",11,66,12,10,1,0.4,11
"month","2015-04",30,"47-74",47,74,12,8,2,0.4,11
"month","2015-04",30,"02-20",2,20,11,9,1,0.36666666666666664,12
"month","2015-04",30,"05-50",5,50,11,10,0,0.36666666666666664,12
"month","2015-04",30,"09-90",9,90,11,9,1,0.36666666666666664,12
"month","2015-04",30,"14-41",14,41,10,8,2,0.3333333333333333,13
"month","2015-04",30,"22-77",22,77,10,9,0,0.3333333333333333,13
"month","2015-04",30,"28-82",28,82,10,8,1,0.3333333333333333,13
"month","2015-05",31,"14-41",14,41,30,19,5,0.967741935483871,1
"month","2015-05",31,"38-83",38,83,26,16,4,0.8387096774193549,2
"month","2015-05",31,"02-20",2,20,24,14,5,0.7741935483870968,3
"month","2015-05",31,"45-54",45,54,23,15,4,0.7419354838709677,4
"month","2015-05",31,"04-40",4,40,22,17,2,0.7096774193548387,5
"month","2015-05",31,"16-61",16,61,21,16,3,0.6774193548387096,6
"month","2015-05",31,"18-81",18,81,21,16,2,0.6774193548387096,6
"month","2015-05",31,"44-99",44,99,21,15,2,0.6774193548387096,6
"month","2015-05",31,"49-94",49,94,21,15,4,0.6774193548387096,6
"month","2015-05",31,"01-10",1,10,20,14,3,0.6451612903225806,7
"month","2015-05",31,"15-51",15,51,20,15,3,0.6451612903225806,7
"month","2015-05",31,"17-71",17,71,19,16,1,0.6129032258064516,8
"month","2015-05",31,"33-88",33,88,19,14,2,0.6129032258064516,8
"month","2015-05",31,"78-87",78,87,19,13,3,0.6129032258064516,8
"month","2015-05",31,"05-50",5,50,18,17,0,0.5806451612903226,9
"month","2015-05",31,"19-91",19,91,18,13,2,0.5806451612903226,9
"month","2015-05",31,"25-52",25,52,18,15,1,0.5806451612903226,9
"month","2015-05",31,"57-75",57,75,18,15,1,0.5806451612903226,9
"month","2015-05",31,"58-85",58,85,18,16,1,0.5806451612903226,9
"month","2015-05",31,"67-76",67,76,18,15,2,0.5806451612903226,9
"month","2015-05",31,"79-97",79,97,18,13,3,0.5806451612903226,9
"month","2015-05",31,"08-80",8,80,17,14,1,0.5483870967741935,10
"month","2015-05",31,"36-63",36,63,17,14,2,0.5483870967741935,10
"month","2015-05",31,"39-93",39,93,17,12,2,0.5483870967741935,10
"month","2015-05",31,"56-65",56,65,17,13,1,0.5483870967741935,10
"month","2015-05",31,"89-98",89,98,17,13,1,0.5483870967741935,10
"month","2015-05",31,"07-70",7,70,16,14,1,0.5161290322580645,11
"month","2015-05",31,"11-66",11,66,16,13,0,0.5161290322580645,11
"month","2015-05",31,"24-42",24,42,16,12,1,0.5161290322580645,11
"month","2015-05",31,"06-60",6,60,15,13,0,0.4838709677419355,12
"month","2015-05",31,"22-77",22,77,15,10,4,0.4838709677419355,12
"month","2015-05",31,"27-72",27,72,15,13,1,0.4838709677419355,12
"month","2015-05",31,"35-53",35,53,15,12,2,0.4838709677419355,12
"month","2015-05",31,"46-64",46,64,15,15,0,0.4838709677419355,12
"month","2015-05",31,"00-55",0,55,14,12,1,0.45161290322580644,13
"month","2015-05",31,"13-31",13,31,14,12,0,0.45161290322580644,13
"month","2015-05",31,"26-62",26,62,14,10,3,0.45161290322580644,13
"month","2015-05",31,"34-43",34,43,14,13,1,0.45161290322580644,13
"month","2015-05",31,"37-73",37,73,14,12,0,0.45161290322580644,13
"month","2015-05",31,"47-74",47,74,14,14,0,0.45161290322580644,13
"month","2015-05",31,"09-90",9,90,13,11,2,0.41935483870967744,14
"month","2015-05",31,"69-96",69,96,13,10,1,0.41935483870967744,14
"month","2015-05",31,"23-32",23,32,12,12,0,0.3870967741935484,15
"month","2015-05",31,"48-84",48,84,12,9,1,0.3870967741935484,15
"month","2015-05",31,"59-95",59,95,12,10,1,0.3870967741935484,15
"month","2015-05",31,"68-86",68,86,12,10,0,0.3870967741935484,15
"month","2015-05",31,"03-30",3,30,11,9,1,0.3548387096774194,16
"month","2015-05",31,"12-21",12,21,11,10,1,0.3548387096774194,16
"month","2015-05",31,"29-92",29,92,9,7,1,0.2903225806451613,17
"month","2015-05",31,"28-82",28,82,8,8,0,0.25806451612903225,18
"month","2015-06",30,"35-53",35,53,26,17,5,0.8666666666666667,1
"month","2015-06",30,"18-81",18,81,23,15,5,0.7666666666666667,2
"month","2015-06",30,"78-87",78,87,23,16,4,0.7666666666666667,2
"month","2015-06",30,"00-55",0,55,22,15,3,0.7333333333333333,3
"month","2015-06",30,"59-95",59,95,22,16,3,0.7333333333333333,3
"month","2015-06",30,"06-60",6,60,21,16,4,0.7,4
"month","2015-06",30,"39-93",39,93,21,15,5,0.7,4
"month","2015-06",30,"07-70",7,70,20,17,2,0.6666666666666666,5
"month","2015-06",30,"12-21",12,21,20,17,2,0.6666666666666666,5
"month","2015-06",30,"16-61",16,61,20,15,3,0.6666666666666666,5
"month","2015-06",30,"26-62",26,62,20,14,3,0.6666666666666666,5
"month","2015-06",30,"09-90",9,90,19,14,2,0.6333333333333333,6
"month","2015-06",30,"23-32",23,32,19,15,2,0.6333333333333333,6
"month","2015-06",30,"36-63",36,63,19,14,3,0.6333333333333333,6
"month","2015-06",30,"79-97",79,97,19,14,1,0.6333333333333333,6
"month","2015-06",30,"03-30",3,30,18,14,3,0.6,7
"month","2015-06",30,"29-92",29,92,18,14,1,0.6,7
"month","2015-06",30,"38-83",38,83,18,16,1,0.6,7
"month","2015-06",30,"44-99",44,99,18,11,4,0.6,7
"month","2015-06",30,"67-76",67,76,18,14,1,0.6,7
"month","2015-06",30,"02-20",2,20,17,10,4,0.5666666666666667,8
"month","2015-06",30,"14-41",14,41,17,14,1,0.5666666666666667,8
"month","2015-06",30,"04-40",4,40,16,15,0,0.5333333333333333,9
"month","2015-06",30,"05-50",5,50,16,13,0,0.5333333333333333,9
"month","2015-06",30,"11-66",11,66,16,13,3,0.5333333333333333,9
"month","2015-06",30,"37-73",37,73,16,15,1,0.5333333333333333,9
"month","2015-06",30,"46-64",46,64,16,13,2,0.5333333333333333,9
"month","2015-06",30,"22-77",22,77,15,11,4,0.5,10
"month","2015-06",30,"25-52",25,52,15,13,1,0.5,10
"month","2015-06",30,"28-82",28,82,15,11,3,0.5,10
"month","2015-06",30,"33-88",33,88,15,12,2,0.5,10
"month","2015-06",30,"58-85",58,85,15,10,1,0.5,10
"month","2015-06",30,"19-91",19,91,14,10,1,0.4666666666666667,11
"month","2015-06",30,"47-74",47,74,14,11,1,0.4666666666666667,11
"month","2015-06",30,"68-86",68,86,14,11,2,0.4666666666666667,11
"month","2015-06",30,"01-10",1,10,13,11,1,0.43333333333333335,12
"month","2015-06",30,"08-80",8,80,13,11,1,0.43333333333333335,12
"month","2015-06",30,"24-42",24,42,13,12,0,0.43333333333333335,12
"month","2015-06",30,"49-94",49,94,13,10,1,0.43333333333333335,12
"month","2015-06",30,"89-98",89,98,13,11,2,0.43333333333333335,12
"month","2015-06",30,"13-31",13,31,12,11,0,0.4,13
"month","2015-06",30,"17-71",17,71,12,9,1,0.4,13
"month","2015-06",30,"34-43",34,43,12,11,0,0.4,13
"month","2015-06",30,"48-84",48,84,12,10,2,0.4,13
"month","2015-06",30,"15-51",15,51,11,10,1,0.36666666666666664,14
"month","2015-06",30,"45-54",45,54,11,11,0,0.36666666666666664,14
"month","2015-06",30,"56-65",56,65,11,10,1,0.36666666666666664,14
"month","2015-06",30,"27-72",27,72,10,10,0,0.3333333333333333,15
"month","2015-06",30,"57-75",57,75,10,10,0,0.3333333333333333,15
"month","2015-06",30,"69-96",69,96,9,8,1,0.3,16
"month","2015-07",31,"37-73",37,73,24,18,4,0.7741935483870968,1
"month","2015-07",31,"26-62",26,62,23,14,3,0.7419354838709677,2
"month","2015-07",31,"03-30",3,30,22,17,3,0.7096774193548387,3
"month","2015-07",31,"38-83",38,83,22,19,1,0.7096774193548387,3
"month","2015-07",31,"12-21",12,21,21,19,1,0.6774193548387096,4
"month","2015-07",31,"14-41",14,41,21,13,3,0.6774193548387096,4
"month","2015-07",31,"56-65",56,65,21,15,5,0.6774193548387096,4
"month","2015-07",31,"69-96",69,96,21,17,1,0.6774193548387096,4
"month","2015-07",31,"01-10",1,10,20,13,4,0.6451612903225806,5
"month","2015-07",31,"09-90",9,90,20,15,2,0.6451612903225806,5
"month","2015-07",31,"16-61",16,61,20,13,3,0.6451612903225806,5
"month","2015-07",31,"79-97",79,97,20,16,2,0.6451612903225806,5
"month","2015-07",31,"00-55",0,55,19,16,2,0.6129032258064516,6
"month","2015-07",31,"23-32",23,32,19,11,4,0.6129032258064516,6
"month","2015-07",31,"24-42",24,42,19,14,3,0.6129032258064516,6
"month","2015-07",31,"49-94",49,94,19,15,2,0.6129032258064516,6
"month","2015-07",31,"08-80",8,80,18,14,3,0.5806451612903226,7
"month","2015-07",31,"13-31",13,31,18,13,2,0.5806451612903226,7
"month","2015-07",31,"27-72",27,72,18,14,2,0.5806451612903226,7
"month","2015-07",31,"34-43",34,43,18,17,1,0.5806451612903226,7
"month","2015-07",31,"35-53",35,53,18,13,2,0.5806451612903226,7
"month","2015-07",31,"02-20",2,20,17,17,0,0.5483870967741935,8
"month","2015-07",31,"17-71",17,71,17,13,2,0.5483870967741935,8
"month","2015-07",31,"19-91",19,91,17,11,4,0.5483870967741935,8
"month","2015-07",31,"33-88",33,88,17,12,2,0.5483870967741935,8
"month","2015-07",31,"36-63",36,63,17,14,1,0.5483870967741935,8
"month","2015-07",31,"45-54",45,54,17,11,2,0.5483870967741935,8
"month","2015-07",31,"67-76",67,76,17,15,2,0.5483870967741935,8
"month","2015-07",31,"04-40",4,40,16,10,2,0.5161290322580645,9
"month","2015-07",31,"15-51",15,51,16,15,0,0.5161290322580645,9
"month","2015-07",31,"29-92",29,92,16,9,2,0.5161290322580645,9
"month","2015-07",31,"11-66",11,66,15,13,2,0.4838709677419355,10
"month","2015-07",31,"18-81",18,81,15,12,2,0.4838709677419355,10
"month","2015-07",31,"59-95",59,95,15,14,0,0.4838709677419355,10
"month","2015-07",31,"68-86",68,86,15,9,2,0.4838709677419355,10
"month","2015-07",31,"05-50",5,50,14,13,1,0.45161290322580644,11
"month","2015-07",31,"39-93",39,93,14,12,1,0.45161290322580644,11
"month","2015-07",31,"46-64",46,64,14,10,1,0.45161290322580644,11
"month","2015-07",31,"89-98",89,98,14,10,4,0.45161290322580644,11
"month","2015-07",31,"22-77",22,77,13,10,0,0.41935483870967744,12
"month","2015-07",31,"25-52",25,52,13,10,2,0.41935483870967744,12
"month","2015-07",31,"44-99",44,99,13,10,1,0.41935483870967744,12
"month","2015-07",31,"48-84",48,84,13,10,0,0.41935483870967744,12
"month","2015-07",31,"58-85",58,85,13,12,0,0.41935483870967744,12
"month","2015-07",31,"07-70",7,70,12,11,0,0.3870967741935484,13
"month","2015-07",31,"47-74",47,74,12,8,2,0.3870967741935484,13
"month","2015-07",31,"78-87",78,87,12,11,0,0.3870967741935484,13
"month","2015-07",31,"06-60",6,60,11,10,0,0.3548387096774194,14
"month","2015-07",31,"57-75",57,75,11,11,0,0.3548387096774194,14
"month","2015-07",31,"28-82",28,82,10,9,0,0.3225806451612903,15
"month","2015-08",31,"35-53",35,53,25,18,5,0.8064516129032258,1
"month","2015-08",31,"05-50",5,50,24,16,4,0.7741935483870968,2
"month","2015-08",31,"22-77",22,77,24,17,3,0.7741935483870968,2
"month","2015-08",31,"33-88",33,88,24,17,4,0.7741935483870968,2
"month","2015-08",31,"04-40",4,40,22,15,4,0.7096774193548387,3
"month","2015-08",31,"17-71",17,71,21,16,2,0.6774193548387096,4
"month","2015-08",31,"09-90",9,90,20,17,1,0.6451612903225806,5
"month","2015-08",31,"24-42",24,42,20,15,2,0.6451612903225806,5
"month","2015-08",31,"48-84",48,84,20,15,3,0.6451612903225806,5
"month","2015-08",31,"68-86",68,86,20,17,0,0.6451612903225806,5
"month","2015-08",31,"79-97",79,97,20,16,3,0.6451612903225806,5
"month","2015-08",31,"16-61",16,61,19,15,1,0.6129032258064516,6
"month","2015-08",31,"67-76",67,76,19,14,3,0.6129032258064516,6
"month","2015-08",31,"00-55",0,55,18,14,3,0.5806451612903226,7
"month","2015-08",31,"01-10",1,10,18,15,1,0.5806451612903226,7
"month","2015-08",31,"07-70",7,70,18,13,2,0.5806451612903226,7
"month","2015-08",31,"13-31",13,31,18,15,3,0.5806451612903226,7
"month","2015-08",31,"44-99",44,99,18,14,2,0.5806451612903226,7
"month","2015-08",31,"23-32",23,32,17,16,0,0.5483870967741935,8
"month","2015-08",31,"26-62",26,62,17,12,2,0.5483870967741935,8
"month","2015-08",31,"38-83",38,83,17,13,1,0.5483870967741935,8
"month","2015-08",31,"49-94",49,94,17,15,1,0.5483870967741935,8
"month","2015-08",31,"57-75",57,75,17,16,1,0.5483870967741935,8
"month","2015-08",31,"89-98",89,98,17,13,1,0.5483870967741935,8
"month","2015-08",31,"03-30",3,30,16,13,3,0.5161290322580645,9
"month","2015-08",31,"08-80",8,80,16,11,3,0.5161290322580645,9
"month","2015-08",31,"15-51",15,51,16,12,1,0.5161290322580645,9
"month","2015-08",31,"18-81",18,81,16,14,2,0.5161290322580645,9
"month","2015-08",31,"19-91",19,91,16,11,3,0.5161290322580645,9
"month","2015-08",31,"45-54",45,54,16,12,1,0.5161290322580645,9
"month","2015-08",31,"12-21",12,21,15,13,0,0.4838709677419355,10
"month","2015-08",31,"25-52",25,52,15,11,2,0.4838709677419355,10
"month","2015-08",31,"27-72",27,72,15,13,1,0.4838709677419355,10
"month","2015-08",31,"34-43",34,43,15,12,1,0.4838709677419355,10
"month","2015-08",31,"39-93",39,93,15,11,1,0.4838709677419355,10
"month","2015-08",31,"02-20",2,20,14,13,0,0.45161290322580644,11
"month","2015-08",31,"06-60",6,60,14,11,3,0.45161290322580644,11
"month","2015-08",31,"28-82",28,82,14,13,1,0.45161290322580644,11
"month","2015-08",31,"46-64",46,64,14,8,4,0.45161290322580644,11
"month","2015-08",31,"47-74",47,74,14,13,1,0.45161290322580644,11
"month","2015-08",31,"56-65",56,65,14,12,2,0.45161290322580644,11
"month","2015-08",31,"11-66",11,66,13,10,2,0.41935483870967744,12
"month","2015-08",31,"14-41",14,41,13,11,0,0.41935483870967744,12
"month","2015-08",31,"29-92",29,92,13,12,1,0.41935483870967744,12
"month","2015-08",31,"37-73",37,73,13,12,0,0.41935483870967744,12
"month","2015-08",31,"58-85",58,85,13,11,1,0.41935483870967744,12
"month","2015-08",31,"59-95",59,95,13,12,1,0.41935483870967744,12
"month","2015-08",31,"78-87",78,87,13,10,2,0.41935483870967744,12
"month","2015-08",31,"36-63",36,63,12,12,0,0.3870967741935484,13
"month","2015-08",31,"69-96",69,96,9,8,0,0.2903225806451613,14
"month","2015-09",30,"38-83",38,83,26,20,3,0.8666666666666667,1
"month","2015-09",30,"00-55",0,55,24,17,3,0.8,2
"month","2015-09",30,"12-21",12,21,23,17,3,0.7666666666666667,3
"month","2015-09",30,"46-64",46,64,23,15,4,0.7666666666666667,3
"month","2015-09",30,"89-98",89,98,23,15,3,0.7666666666666667,3
"month","2015-09",30,"08-80",8,80,22,19,2,0.7333333333333333,4
"month","2015-09",30,"57-75",57,75,22,15,4,0.7333333333333333,4
"month","2015-09",30,"04-40",4,40,21,16,3,0.7,5
"month","2015-09",30,"13-31",13,31,21,13,1,0.7,5
"month","2015-09",30,"17-71",17,71,21,12,3,0.7,5
"month","2015-09",30,"78-87",78,87,21,16,3,0.7,5
"month","2015-09",30,"35-53",35,53,20,16,2,0.6666666666666666,6
"month","2015-09",30,"69-96",69,96,20,17,2,0.6666666666666666,6
"month","2015-09",30,"01-10",1,10,19,17,1,0.6333333333333333,7
"month","2015-09",30,"02-20",2,20,19,12,5,0.6333333333333333,7
"month","2015-09",30,"16-61",16,61,19,17,1,0.6333333333333333,7
"month","2015-09",30,"34-43",34,43,19,15,1,0.6333333333333333,7
"month","2015-09",30,"05-50",5,50,18,15,1,0.6,8
"month","2015-09",30,"36-63",36,63,18,16,1,0.6,8
"month","2015-09",30,"47-74",47,74,18,12,1,0.6,8
"month","2015-09",30,"15-51",15,51,17,15,0,0.5666666666666667,9
"month","2015-09",30,"37-73",37,73,17,17,0,0.5666666666666667,9
"month","2015-09",30,"68-86",68,86,17,15,2,0.5666666666666667,9
"month","2015-09",30,"79-97",79,97,17,10,2,0.5666666666666667,9
"month","2015-09",30,"09-90",9,90,16,14,2,0.5333333333333333,10
"month","2015-09",30,"14-41",14,41,16,13,2,0.5333333333333333,10
"month","2015-09",30,"27-72",27,72,16,13,2,0.5333333333333333,10
"month","2015-09",30,"33-88",33,88,16,13,1,0.5333333333333333,10
"month","2015-09",30,"56-65",56,65,16,14,0,0.5333333333333333,10
"month","2015-09",30,"07-70",7,70,15,12,1,0.5,11
"month","2015-09",30,"45-54",45,54,15,12,2,0.5,11
"month","2015-09",30,"26-62",26,62,14,10,1,0.4666666666666667,12
"month","2015-09",30,"48-84",48,84,14,10,2,0.4666666666666667,12
"month","2015-09",30,"19-91",19,91,13,10,1,0.43333333333333335,13
"month","2015-09",30,"24-42",24,42,13,9,0,0.43333333333333335,13
"month","2015-09",30,"28-82",28,82,13,12,0,0.43333333333333335,13
"month","2015-09",30,"29-92",29,92,13,11,0,0.43333333333333335,13
"month","2015-09",30,"39-93",39,93,13,8,3,0.43333333333333335,13
"month","2015-09",30,"58-85",58,85,13,12,1,0.43333333333333335,13
"month","2015-09",30,"25-52",25,52,12,8,2,0.4,14
"month","2015-09",30,"44-99",44,99,12,10,1,0.4,14
"month","2015-09",30,"22-77",22,77,11,11,0,0.36666666666666664,15
"month","2015-09",30,"59-95",59,95,11,10,0,0.36666666666666664,15
"month","2015-09",30,"67-76",67,76,11,9,0,0.36666666666666664,15
"month","2015-09",30,"11-66",11,66,10,9,0,0.3333333333333333,16
"month","2015-09",30,"49-94",49,94,10,8,2,0.3333333333333333,16
"month","2015-09",30,"03-30",3,30,9,7,1,0.3,17
"month","2015-09",30,"23-32",23,32,9,8,1,0.3,17
"month","2015-09",30,"06-60",6,60,8,7,1,0.26666666666666666,18
"month","2015-09",30,"18-81",18,81,6,6,0,0.2,19
"month","2015-10",31,"01-10",1,10,26,19,4,0.8387096774193549,1
"month","2015-10",31,"59-95",59,95,26,18,3,0.8387096774193549,1
"month","2015-10",31,"29-92",29,92,25,18,4,0.8064516129032258,2
"month","2015-10",31,"00-55",0,55,24,18,2,0.7741935483870968,3
"month","2015-10",31,"19-91",19,91,24,15,4,0.7741935483870968,3
"month","2015-10",31,"33-88",33,88,24,18,4,0.7741935483870968,3
"month","2015-10",31,"06-60",6,60,21,20,1,0.6774193548387096,4
"month","2015-10",31,"24-42",24,42,21,17,2,0.6774193548387096,4
"month","2015-10",31,"27-72",27,72,21,16,1,0.6774193548387096,4
"month","2015-10",31,"67-76",67,76,21,15,3,0.6774193548387096,4
"month","2015-10",31,"69-96",69,96,21,16,3,0.6774193548387096,4
"month","2015-10",31,"05-50",5,50,20,15,2,0.6451612903225806,5
"month","2015-10",31,"16-61",16,61,19,15,1,0.6129032258064516,6
"month","2015-10",31,"25-52",25,52,19,16,1,0.6129032258064516,6
"month","2015-10",31,"49-94",49,94,19,11,6,0.6129032258064516,6
"month","2015-10",31,"04-40",4,40,18,17,0,0.5806451612903226,7
"month","2015-10",31,"07-70",7,70,18,14,1,0.5806451612903226,7
"month","2015-10",31,"11-66",11,66,17,12,2,0.5483870967741935,8
"month","2015-10",31,"37-73",37,73,17,13,2,0.5483870967741935,8
"month","2015-10",31,"45-54",45,54,17,12,2,0.5483870967741935,8
"month","2015-10",31,"57-75",57,75,17,13,2,0.5483870967741935,8
"month","2015-10",31,"68-86",68,86,17,10,2,0.5483870967741935,8
"month","2015-10",31,"79-97",79,97,17,14,3,0.5483870967741935,8
"month","2015-10",31,"02-20",2,20,16,13,2,0.5161290322580645,9
"month","2015-10",31,"09-90",9,90,16,13,2,0.5161290322580645,9
"month","2015-10",31,"26-62",26,62,16,13,2,0.5161290322580645,9
"month","2015-10",31,"38-83",38,83,16,12,3,0.5161290322580645,9
"month","2015-10",31,"46-64",46,64,16,14,1,0.5161290322580645,9
"month","2015-10",31,"22-77",22,77,15,11,1,0.4838709677419355,10
"month","2015-10",31,"34-43",34,43,15,14,0,0.4838709677419355,10
"month","2015-10",31,"48-84",48,84,15,14,1,0.4838709677419355,10
"month","2015-10",31,"56-65",56,65,15,12,3,0.4838709677419355,10
"month","2015-10",31,"58-85",58,85,15,11,1,0.4838709677419355,10
"month","2015-10",31,"78-87",78,87,15,11,3,0.4838709677419355,10
"month","2015-10",31,"08-80",8,80,14,12,1,0.45161290322580644,11
"month","2015-10",31,"12-21",12,21,14,12,0,0.45161290322580644,11
"month","2015-10",31,"17-71",17,71,14,13,0,0.45161290322580644,11
"month","2015-10",31,"18-81",18,81,14,11,1,0.45161290322580644,11
"month","2015-10",31,"28-82",28,82,14,14,0,0.45161290322580644,11
"month","2015-10",31,"03-30",3,30,13,8,3,0.41935483870967744,12
"month","2015-10",31,"23-32",23,32,13,12,1,0.41935483870967744,12
"month","2015-10",31,"36-63",36,63,13,9,2,0.41935483870967744,12
"month","2015-10",31,"14-41",14,41,12,10,0,0.3870967741935484,13
"month","2015-10",31,"39-93",39,93,12,11,0,0.3870967741935484,13
"month","2015-10",31,"44-99",44,99,12,10,1,0.3870967741935484,13
"month","2015-10",31,"13-31",13,31,11,10,0,0.3548387096774194,14
"month","2015-10",31,"35-53",35,53,11,10,1,0.3548387096774194,14
"month","2015-10",31,"47-74",47,74,11,11,0,0.3548387096774194,14
"month","2015-10",31,"89-98",89,98,11,7,3,0.3548387096774194,14
"month","2015-10",31,"15-51",15,51,9,8,1,0.2903225806451613,15
"month","2015-11",30,"08-80",8,80,26,17,3,0.8666666666666667,1
"month","2015-11",30,"22-77",22,77,24,19,3,0.8,2
"month","2015-11",30,"16-61",16,61,22,17,3,0.7333333333333333,3
"month","2015-11",30,"23-32",23,32,22,17,2,0.7333333333333333,3
"month","2015-11",30,"78-87",78,87,22,17,2,0.7333333333333333,3
"month","2015-11",30,"26-62",26,62,21,14,1,0.7,4
"month","2015-11",30,"59-95",59,95,21,16,2,0.7,4
"month","2015-11",30,"09-90",9,90,19,12,5,0.6333333333333333,5
"month","2015-11",30,"13-31",13,31,19,14,3,0.6333333333333333,5
"month","2015-11",30,"18-81",18,81,19,15,2,0.6333333333333333,5
"month","2015-11",30,"19-91",19,91,19,14,2,0.6333333333333333,5
"month","2015-11",30,"34-43",34,43,19,14,1,0.6333333333333333,5
"month","2015-11",30,"56-65",56,65,19,14,4,0.6333333333333333,5
"month","2015-11",30,"69-96",69,96,19,15,2,0.6333333333333333,5
"month","2015-11",30,"29-92",29,92,18,13,1,0.6,6
"month","2015-11",30,"33-88",33,88,18,14,3,0.6,6
"month","2015-11",30,"39-93",39,93,18,14,2,0.6,6
"month","2015-11",30,"45-54",45,54,18,15,1,0.6,6
"month","2015-11",30,"01-10",1,10,17,14,2,0.5666666666666667,7
"month","2015-11",30,"03-30",3,30,17,13,3,0.5666666666666667,7
"month","2015-11",30,"35-53",35,53,17,15,2,0.5666666666666667,7
"month","2015-11",30,"37-73",37,73,17,15,1,0.5666666666666667,7
"month","2015-11",30,"89-98",89,98,17,13,0,0.5666666666666667,7
"month","2015-11",30,"07-70",7,70,16,10,2,0.5333333333333333,8
"month","2015-11",30,"12-21",12,21,16,10,2,0.5333333333333333,8
"month","2015-11",30,"15-51",15,51,16,12,1,0.5333333333333333,8
"month","2015-11",30,"17-71",17,71,16,12,1,0.5333333333333333,8
"month","2015-11",30,"24-42",24,42,16,15,1,0.5333333333333333,8
"month","2015-11",30,"25-52",25,52,16,13,1,0.5333333333333333,8
"month","2015-11",30,"38-83",38,83,16,14,0,0.5333333333333333,8
"month","2015-11",30,"68-86",68,86,16,14,0,0.5333333333333333,8
"month","2015-11",30,"11-66",11,66,15,13,1,0.5,9
"month","2015-11",30,"14-41",14,41,15,11,3,0.5,9
"month","2015-11",30,"46-64",46,64,15,13,1,0.5,9
"month","2015-11",30,"58-85",58,85,15,12,1,0.5,9
"month","2015-11",30,"05-50",5,50,14,10,2,0.4666666666666667,10
"month","2015-11",30,"06-60",6,60,14,10,4,0.4666666666666667,10
"month","2015-11",30,"47-74",47,74,14,10,2,0.4666666666666667,10
"month","2015-11",30,"67-76",67,76,13,12,1,0.43333333333333335,11
"month","2015-11",30,"00-55",0,55,12,11,0,0.4,12
"month","2015-11",30,"04-40",4,40,12,10,1,0.4,12
"month","2015-11",30,"36-63",36,63,12,11,1,0.4,12
"month","2015-11",30,"44-99",44,99,12,9,3,0.4,12
"month","2015-11",30,"48-84",48,84,12,10,1,0.4,12
"month","2015-11",30,"79-97",79,97,12,11,1,0.4,12
"month","2015-11",30,"02-20",2,20,10,10,0,0.3333333333333333,13
"month","2015-11",30,"27-72",27,72,10,8,1,0.3333333333333333,13
"month","2015-11",30,"28-82",28,82,10,9,1,0.3333333333333333,13
"month","2015-11",30,"49-94",49,94,9,8,0,0.3,14
"month","2015-11",30,"57-75",57,75,8,7,0,0.26666666666666666,15
"month","2015-12",31,"26-62",26,62,30,20,6,0.967741935483871,1
"month","2015-12",31,"49-94",49,94,27,21,1,0.8709677419354839,2
"month","2015-12",31,"58-85",58,85,25,16,6,0.8064516129032258,3
"month","2015-12",31,"22-77",22,77,24,21,1,0.7741935483870968,4
"month","2015-12",31,"12-21",12,21,23,17,2,0.7419354838709677,5
"month","2015-12",31,"36-63",36,63,23,17,2,0.7419354838709677,5
"month","2015-12",31,"44-99",44,99,22,17,2,0.7096774193548387,6
"month","2015-12",31,"46-64",46,64,22,18,3,0.7096774193548387,6
"month","2015-12",31,"05-50",5,50,20,16,1,0.6451612903225806,7
"month","2015-12",31,"09-90",9,90,19,13,4,0.6129032258064516,8
"month","2015-12",31,"13-31",13,31,19,15,2,0.6129032258064516,8
"month","2015-12",31,"14-41",14,41,19,16,1,0.6129032258064516,8
"month","2015-12",31,"19-91",19,91,19,14,2,0.6129032258064516,8
"month","2015-12",31,"23-32",23,32,19,16,2,0.6129032258064516,8
"month","2015-12",31,"47-74",47,74,19,14,4,0.6129032258064516,8
"month","2015-12",31,"57-75",57,75,19,16,1,0.6129032258064516,8
"month","2015-12",31,"01-10",1,10,18,14,3,0.5806451612903226,9
"month","2015-12",31,"03-30",3,30,18,12,2,0.5806451612903226,9
"month","2015-12",31,"06-60",6,60,18,13,3,0.5806451612903226,9
"month","2015-12",31,"15-51",15,51,18,15,1,0.5806451612903226,9
"month","2015-12",31,"17-71",17,71,18,14,1,0.5806451612903226,9
"month","2015-12",31,"37-73",37,73,18,16,1,0.5806451612903226,9
"month","2015-12",31,"68-86",68,86,18,16,0,0.5806451612903226,9
"month","2015-12",31,"04-40",4,40,17,13,1,0.5483870967741935,10
"month","2015-12",31,"11-66",11,66,17,15,1,0.5483870967741935,10
"month","2015-12",31,"34-43",34,43,17,11,3,0.5483870967741935,10
"month","2015-12",31,"08-80",8,80,16,14,1,0.5161290322580645,11
"month","2015-12",31,"16-61",16,61,16,12,1,0.5161290322580645,11
"month","2015-12",31,"35-53",35,53,15,12,1,0.4838709677419355,12
"month","2015-12",31,"56-65",56,65,15,12,1,0.4838709677419355,12
"month","2015-12",31,"67-76",67,76,15,13,1,0.4838709677419355,12
"month","2015-12",31,"69-96",69,96,15,11,1,0.4838709677419355,12
"month","2015-12",31,"00-55",0,55,14,14,0,0.45161290322580644,13
"month","2015-12",31,"25-52",25,52,14,11,1,0.45161290322580644,13
"month","2015-12",31,"38-83",38,83,14,12,0,0.45161290322580644,13
"month","2015-12",31,"48-84",48,84,14,12,2,0.45161290322580644,13
"month","2015-12",31,"59-95",59,95,14,12,0,0.45161290322580644,13
"month","2015-12",31,"33-88",33,88,13,12,0,0.41935483870967744,14
"month","2015-12",31,"78-87",78,87,13,12,1,0.41935483870967744,14
"month","2015-12",31,"07-70",7,70,12,11,1,0.3870967741935484,15
"month","2015-12",31,"29-92",29,92,12,9,1,0.3870967741935484,15
"month","2015-12",31,"39-93",39,93,12,12,0,0.3870967741935484,15
"month","2015-12",31,"45-54",45,54,12,9,1,0.3870967741935484,15
"month","2015-12",31,"79-97",79,97,12,9,1,0.3870967741935484,15
"month","2015-12",31,"02-20",2,20,11,10,0,0.3548387096774194,16
"month","2015-12",31,"24-42",24,42,11,11,0,0.3548387096774194,16
"month","2015-12",31,"28-82",28,82,11,9,1,0.3548387096774194,16
"month","2015-12",31,"18-81",18,81,10,7,1,0.3225806451612903,17
"month","2015-12",31,"27-72",27,72,10,9,1,0.3225806451612903,17
"month","2015-12",31,"89-98",89,98,10,10,0,0.3225806451612903,17
"month","2016-01",31,"16-61",16,61,23,15,2,0.7419354838709677,1
"month","2016-01",31,"23-32",23,32,22,16,3,0.7096774193548387,2
"month","2016-01",31,"89-98",89,98,22,17,3,0.7096774193548387,2
"month","2016-01",31,"01-10",1,10,21,16,4,0.6774193548387096,3
"month","2016-01",31,"11-66",11,66,21,14,4,0.6774193548387096,3
"month","2016-01",31,"18-81",18,81,21,17,3,0.6774193548387096,3
"month","2016-01",31,"25-52",25,52,21,15,2,0.6774193548387096,3
"month","2016-01",31,"29-92",29,92,21,13,2,0.6774193548387096,3
"month","2016-01",31,"35-53",35,53,21,13,2,0.6774193548387096,3
"month","2016-01",31,"49-94",49,94,21,15,3,0.6774193548387096,3
"month","2016-01",31,"03-30",3,30,20,13,1,0.6451612903225806,4
"month","2016-01",31,"15-51",15,51,20,13,3,0.6451612903225806,4
"month","2016-01",31,"33-88",33,88,20,15,1,0.6451612903225806,4
"month","2016-01",31,"48-84",48,84,20,18,1,0.6451612903225806,4
"month","2016-01",31,"08-80",8,80,19,15,1,0.6129032258064516,5
"month","2016-01",31,"22-77",22,77,19,14,4,0.6129032258064516,5
"month","2016-01",31,"28-82",28,82,19,13,4,0.6129032258064516,5
"month","2016-01",31,"36-63",36,63,19,13,1,0.6129032258064516,5
"month","2016-01",31,"68-86",68,86,19,15,1,0.6129032258064516,5
"month","2016-01",31,"02-20",2,20,18,13,3,0.5806451612903226,6
"month","2016-01",31,"09-90",9,90,17,13,2,0.5483870967741935,7
"month","2016-01",31,"14-41",14,41,17,12,2,0.5483870967741935,7
"month","2016-01",31,"17-71",17,71,17,16,0,0.5483870967741935,7
"month","2016-01",31,"78-87",78,87,17,12,3,0.5483870967741935,7
"month","2016-01",31,"07-70",7,70,16,12,2,0.5161290322580645,8
"month","2016-01",31,"19-91",19,91,16,14,1,0.5161290322580645,8
"month","2016-01",31,"26-62",26,62,16,13,1,0.5161290322580645,8
"month","2016-01",31,"39-93",39,93,16,13,2,0.5161290322580645,8
"month","2016-01",31,"04-40",4,40,15,13,1,0.4838709677419355,9
"month","2016-01",31,"06-60",6,60,15,11,3,0.4838709677419355,9
"month","2016-01",31,"12-21",12,21,15,12,2,0.4838709677419355,9
"month","2016-01",31,"24-42",24,42,15,10,1,0.4838709677419355,9
"month","2016-01",31,"34-43",34,43,15,13,1,0.4838709677419355,9
"month","2016-01",31,"45-54",45,54,15,11,2,0.4838709677419355,9
"month","2016-01",31,"67-76",67,76,15,12,2,0.4838709677419355,9
"month","2016-01",31,"05-50",5,50,14,11,2,0.45161290322580644,10
"month","2016-01",31,"27-72",27,72,14,13,1,0.45161290322580644,10
"month","2016-01",31,"46-64",46,64,14,12,2,0.45161290322580644,10
"month","2016-01",31,"47-74",47,74,14,11,3,0.45161290322580644,10
"month","2016-01",31,"59-95",59,95,14,13,0,0.45161290322580644,10
"month","2016-01",31,"79-97",79,97,14,12,1,0.45161290322580644,10
"month","2016-01",31,"13-31",13,31,13,10,2,0.41935483870967744,11
"month","2016-01",31,"37-73",37,73,13,11,2,0.41935483870967744,11
"month","2016-01",31,"44-99",44,99,13,13,0,0.41935483870967744,11
"month","2016-01",31,"56-65",56,65,13,12,0,0.41935483870967744,11
"month","2016-01",31,"58-85",58,85,13,11,1,0.41935483870967744,11
"month","2016-01",31,"00-55",0,55,12,10,1,0.3870967741935484,12
"month","2016-01",31,"38-83",38,83,12,10,1,0.3870967741935484,12
"month","2016-01",31,"57-75",57,75,10,7,1,0.3225806451612903,13
"month","2016-01",31,"69-96",69,96,10,7,1,0.3225806451612903,13
"month","2016-02",25,"05-50",5,50,22,17,1,0.88,1
"month","2016-02",25,"39-93",39,93,22,15,4,0.88,1
"month","2016-02",25,"44-99",44,99,21,13,4,0.84,2
"month","2016-02",25,"59-95",59,95,20,14,2,0.8,3
"month","2016-02",25,"23-32",23,32,19,17,1,0.76,4
"month","2016-02",25,"08-80",8,80,18,15,1,0.72,5
"month","2016-02",25,"29-92",29,92,18,12,1,0.72,5
"month","2016-02",25,"13-31",13,31,17,10,4,0.68,6
"month","2016-02",25,"22-77",22,77,17,13,1,0.68,6
"month","2016-02",25,"46-64",46,64,17,12,2,0.68,6
"month","2016-02",25,"56-65",56,65,17,14,2,0.68,6
"month","2016-02",25,"33-88",33,88,16,14,1,0.64,7
"month","2016-02",25,"25-52",25,52,15,13,1,0.6,8
"month","2016-02",25,"26-62",26,62,15,12,1,0.6,8
"month","2016-02",25,"27-72",27,72,15,13,1,0.6,8
"month","2016-02",25,"57-75",57,75,15,13,0,0.6,8
"month","2016-02",25,"04-40",4,40,14,11,2,0.56,9
"month","2016-02",25,"07-70",7,70,14,12,2,0.56,9
"month","2016-02",25,"49-94",49,94,14,8,5,0.56,9
"month","2016-02",25,"00-55",0,55,13,10,1,0.52,10
"month","2016-02",25,"03-30",3,30,13,10,2,0.52,10
"month","2016-02",25,"19-91",19,91,13,12,1,0.52,10
"month","2016-02",25,"24-42",24,42,13,10,2,0.52,10
"month","2016-02",25,"28-82",28,82,13,12,0,0.52,10
"month","2016-02",25,"37-73",37,73,13,9,2,0.52,10
"month","2016-02",25,"45-54",45,54,13,10,2,0.52,10
"month","2016-02",25,"48-84",48,84,13,11,2,0.52,10
"month","2016-02",25,"69-96",69,96,13,12,0,0.52,10
"month","2016-02",25,"89-98",89,98,13,11,2,0.52,10
"month","2016-02",25,"09-90",9,90,12,10,1,0.48,11
"month","2016-02",25,"17-71",17,71,12,10,1,0.48,11
"month","2016-02",25,"36-63",36,63,12,10,2,0.48,11
"month","2016-02",25,"47-74",47,74,12,10,1,0.48,11
"month","2016-02",25,"02-20",2,20,11,9,0,0.44,12
"month","2016-02",25,"11-66",11,66,11,10,0,0.44,12
"month","2016-02",25,"12-21",12,21,11,9,1,0.44,12
"month","2016-02",25,"35-53",35,53,11,8,1,0.44,12
"month","2016-02",25,"38-83",38,83,11,8,1,0.44,12
"month","2016-02",25,"68-86",68,86,11,8,1,0.44,12
"month","2016-02",25,"78-87",78,87,11,9,0,0.44,12
"month","2016-02",25,"06-60",6,60,10,10,0,0.4,13
"month","2016-02",25,"14-41",14,41,10,8,1,0.4,13
"month","2016-02",25,"15-51",15,51,10,7,1,0.4,13
"month","2016-02",25,"34-43",34,43,10,7,0,0.4,13
"month","2016-02",25,"58-85",58,85,10,10,0,0.4,13
"month","2016-02",25,"67-76",67,76,10,9,1,0.4,13
"month","2016-02",25,"79-97",79,97,10,9,1,0.4,13
"month","2016-02",25,"01-10",1,10,9,7,1,0.36,14
"month","2016-02",25,"18-81",18,81,9,8,0,0.36,14
"month","2016-02",25,"16-61",16,61,6,5,0,0.24,15
"month","2016-03",31,"06-60",6,60,28,21,1,0.9032258064516129,1
"month","2016-03",31,"26-62",26,62,24,18,2,0.7741935483870968,2
"month","2016-03",31,"39-93",39,93,23,15,3,0.7419354838709677,3
"month","2016-03",31,"15-51",15,51,22,17,5,0.7096774193548387,4
"month","2016-03",31,"19-91",19,91,22,15,1,0.7096774193548387,4
"month","2016-03",31,"18-81",18,81,21,13,3,0.6774193548387096,5
"month","2016-03",31,"45-54",45,54,21,15,3,0.6774193548387096,5
"month","2016-03",31,"11-66",11,66,20,13,2,0.6451612903225806,6
"month","2016-03",31,"37-73",37,73,20,16,2,0.6451612903225806,6
"month","2016-03",31,"38-83",38,83,20,15,2,0.6451612903225806,6
"month","2016-03",31,"17-71",17,71,19,15,2,0.6129032258064516,7
"month","2016-03",31,"02-20",2,20,18,12,2,0.5806451612903226,8
"month","2016-03",31,"08-80",8,80,18,11,4,0.5806451612903226,8
"month","2016-03",31,"27-72",27,72,18,14,1,0.5806451612903226,8
"month","2016-03",31,"48-84",48,84,18,15,2,0.5806451612903226,8
"month","2016-03",31,"49-94",49,94,18,15,1,0.5806451612903226,8
"month","2016-03",31,"79-97",79,97,18,13,2,0.5806451612903226,8
"month","2016-03",31,"01-10",1,10,17,14,1,0.5483870967741935,9
"month","2016-03",31,"05-50",5,50,17,14,1,0.5483870967741935,9
"month","2016-03",31,"07-70",7,70,17,12,2,0.5483870967741935,9
"month","2016-03",31,"23-32",23,32,17,15,1,0.5483870967741935,9
"month","2016-03",31,"34-43",34,43,17,13,2,0.5483870967741935,9
"month","2016-03",31,"47-74",47,74,17,13,1,0.5483870967741935,9
"month","2016-03",31,"57-75",57,75,17,10,1,0.5483870967741935,9
"month","2016-03",31,"68-86",68,86,17,15,0,0.5483870967741935,9
"month","2016-03",31,"69-96",69,96,17,13,2,0.5483870967741935,9
"month","2016-03",31,"04-40",4,40,16,14,0,0.5161290322580645,10
"month","2016-03",31,"24-42",24,42,16,14,2,0.5161290322580645,10
"month","2016-03",31,"44-99",44,99,16,13,1,0.5161290322580645,10
"month","2016-03",31,"56-65",56,65,16,14,1,0.5161290322580645,10
"month","2016-03",31,"58-85",58,85,16,13,1,0.5161290322580645,10
"month","2016-03",31,"00-55",0,55,15,13,1,0.4838709677419355,11
"month","2016-03",31,"13-31",13,31,15,12,1,0.4838709677419355,11
"month","2016-03",31,"29-92",29,92,15,13,2,0.4838709677419355,11
"month","2016-03",31,"33-88",33,88,15,13,2,0.4838709677419355,11
"month","2016-03",31,"35-53",35,53,15,13,1,0.4838709677419355,11
"month","2016-03",31,"46-64",46,64,15,12,1,0.4838709677419355,11
"month","2016-03",31,"78-87",78,87,15,11,3,0.4838709677419355,11
"month","2016-03",31,"89-98",89,98,15,13,1,0.4838709677419355,11
"month","2016-03",31,"12-21",12,21,14,12,0,0.45161290322580644,12
"month","2016-03",31,"16-61",16,61,14,12,1,0.45161290322580644,12
"month","2016-03",31,"25-52",25,52,14,12,2,0.45161290322580644,12
"month","2016-03",31,"28-82",28,82,14,11,1,0.45161290322580644,12
"month","2016-03",31,"36-63",36,63,14,12,0,0.45161290322580644,12
"month","2016-03",31,"67-76",67,76,14,11,1,0.45161290322580644,12
"month","2016-03",31,"03-30",3,30,13,10,1,0.41935483870967744,13
"month","2016-03",31,"22-77",22,77,13,10,1,0.41935483870967744,13
"month","2016-03",31,"59-95",59,95,12,10,1,0.3870967741935484,14
"month","2016-03",31,"09-90",9,90,7,7,0,0.22580645161290322,15
"month","2016-03",31,"14-41",14,41,7,7,0,0.22580645161290322,15
"month","2016-04",30,"13-31",13,31,27,19,2,0.9,1
"month","2016-04",30,"06-60",6,60,26,17,2,0.8666666666666667,2
"month","2016-04",30,"17-71",17,71,24,18,5,0.8,3
"month","2016-04",30,"09-90",9,90,22,15,3,0.7333333333333333,4
"month","2016-04",30,"14-41",14,41,22,15,2,0.7333333333333333,4
"month","2016-04",30,"23-32",23,32,22,15,4,0.7333333333333333,4
"month","2016-04",30,"68-86",68,86,21,14,3,0.7,5
"month","2016-04",30,"24-42",24,42,20,16,1,0.6666666666666666,6
"month","2016-04",30,"28-82",28,82,20,15,2,0.6666666666666666,6
"month","2016-04",30,"34-43",34,43,19,14,3,0.6333333333333333,7
"month","2016-04",30,"46-64",46,64,19,12,4,0.6333333333333333,7
"month","2016-04",30,"57-75",57,75,19,14,4,0.6333333333333333,7
"month","2016-04",30,"58-85",58,85,19,17,0,0.6333333333333333,7
"month","2016-04",30,"12-21",12,21,18,16,1,0.6,8
"month","2016-04",30,"37-73",37,73,18,11,5,0.6,8
"month","2016-04",30,"39-93",39,93,18,13,0,0.6,8
"month","2016-04",30,"03-30",3,30,17,13,2,0.5666666666666667,9
"month","2016-04",30,"08-80",8,80,17,11,2,0.5666666666666667,9
"month","2016-04",30,"69-96",69,96,17,12,4,0.5666666666666667,9
"month","2016-04",30,"78-87",78,87,17,14,2,0.5666666666666667,9
"month","2016-04",30,"04-40",4,40,16,15,1,0.5333333333333333,10
"month","2016-04",30,"11-66",11,66,16,12,2,0.5333333333333333,10
"month","2016-04",30,"18-81",18,81,16,13,3,0.5333333333333333,10
"month","2016-04",30,"29-92",29,92,16,10,2,0.5333333333333333,10
"month","2016-04",30,"79-97",79,97,16,11,2,0.5333333333333333,10
"month","2016-04",30,"01-10",1,10,15,14,1,0.5,11
"month","2016-04",30,"02-20",2,20,15,13,0,0.5,11
"month","2016-04",30,"15-51",15,51,15,9,4,0.5,11
"month","2016-04",30,"16-61",16,61,15,11,0,0.5,11
"month","2016-04",30,"25-52",25,52,15,12,0,0.5,11
"month","2016-04",30,"27-72",27,72,15,14,1,0.5,11
"month","2016-04",30,"33-88",33,88,15,15,0,0.5,11
"month","2016-04",30,"44-99",44,99,15,13,1,0.5,11
"month","2016-04",30,"45-54",45,54,15,12,2,0.5,11
"month","2016-04",30,"59-95",59,95,15,10,2,0.5,11
"month","2016-04",30,"19-91",19,91,14,10,1,0.4666666666666667,12
"month","2016-04",30,"56-65",56,65,14,11,2,0.4666666666666667,12
"month","2016-04",30,"89-98",89,98,14,12,1,0.4666666666666667,12
"month","2016-04",30,"00-55",0,55,13,12,1,0.43333333333333335,13
"month","2016-04",30,"26-62",26,62,13,11,1,0.43333333333333335,13
"month","2016-04",30,"36-63",36,63,13,12,0,0.43333333333333335,13
"month","2016-04",30,"47-74",47,74,13,10,1,0.43333333333333335,13
"month","2016-04",30,"67-76",67,76,13,10,2,0.43333333333333335,13
"month","2016-04",30,"05-50",5,50,12,11,1,0.4,14
"month","2016-04",30,"38-83",38,83,12,10,1,0.4,14
"month","2016-04",30,"35-53",35,53,11,8,2,0.36666666666666664,15
"month","2016-04",30,"49-94",49,94,11,10,1,0.36666666666666664,15
"month","2016-04",30,"48-84",48,84,10,9,0,0.3333333333333333,16
"month","2016-04",30,"07-70",7,70,8,8,0,0.26666666666666666,17
"month","2016-04",30,"22-77",22,77,7,7,0,0.23333333333333334,18
"month","2016-05",31,"04-40",4,40,28,21,4,0.9032258064516129,1
"month","2016-05",31,"22-77",22,77,28,22,2,0.9032258064516129,1
"month","2016-05",31,"49-94",49,94,27,18,4,0.8709677419354839,2
"month","2016-05",31,"06-60",6,60,24,16,4,0.7741935483870968,3
"month","2016-05",31,"29-92",29,92,24,21,1,0.7741935483870968,3
"month","2016-05",31,"07-70",7,70,23,16,3,0.7419354838709677,4
"month","2016-05",31,"37-73",37,73,23,13,4,0.7419354838709677,4
"month","2016-05",31,"14-41",14,41,22,14,4,0.7096774193548387,5
"month","2016-05",31,"23-32",23,32,22,18,1,0.7096774193548387,5
"month","2016-05",31,"25-52",25,52,22,18,1,0.7096774193548387,5
"month","2016-05",31,"89-98",89,98,22,16,4,0.7096774193548387,5
"month","2016-05",31,"79-97",79,97,21,16,0,0.6774193548387096,6
"month","2016-05",31,"00-55",0,55,20,14,3,0.6451612903225806,7
"month","2016-05",31,"58-85",58,85,20,13,4,0.6451612903225806,7
"month","2016-05",31,"05-50",5,50,19,17,2,0.6129032258064516,8
"month","2016-05",31,"13-31",13,31,19,15,2,0.6129032258064516,8
"month","2016-05",31,"02-20",2,20,18,15,1,0.5806451612903226,9
"month","2016-05",31,"16-61",16,61,18,14,3,0.5806451612903226,9
"month","2016-05",31,"28-82",28,82,18,15,1,0.5806451612903226,9
"month","2016-05",31,"57-75",57,75,18,13,3,0.5806451612903226,9
"month","2016-05",31,"08-80",8,80,16,12,2,0.5161290322580645,10
"month","2016-05",31,"35-53",35,53,16,13,1,0.5161290322580645,10
"month","2016-05",31,"39-93",39,93,16,13,2,0.5161290322580645,10
"month","2016-05",31,"68-86",68,86,16,14,1,0.5161290322580645,10
"month","2016-05",31,"01-10",1,10,15,13,1,0.4838709677419355,11
"month","2016-05",31,"17-71",17,71,15,11,2,0.4838709677419355,11
"month","2016-05",31,"26-62",26,62,15,10,1,0.4838709677419355,11
"month","2016-05",31,"27-72",27,72,15,13,0,0.4838709677419355,11
"month","2016-05",31,"33-88",33,88,15,11,0,0.4838709677419355,11
"month","2016-05",31,"34-43",34,43,15,13,2,0.4838709677419355,11
"month","2016-05",31,"46-64",46,64,15,11,1,0.4838709677419355,11
"month","2016-05",31,"67-76",67,76,15,13,2,0.4838709677419355,11
"month","2016-05",31,"03-30",3,30,14,11,1,0.45161290322580644,12
"month","2016-05",31,"18-81",18,81,14,12,2,0.45161290322580644,12
"month","2016-05",31,"24-42",24,42,14,12,1,0.45161290322580644,12
"month","2016-05",31,"45-54",45,54,14,12,2,0.45161290322580644,12
"month","2016-05",31,"48-84",48,84,14,9,2,0.45161290322580644,12
"month","2016-05",31,"56-65",56,65,14,11,1,0.45161290322580644,12
"month","2016-05",31,"69-96",69,96,14,11,1,0.45161290322580644,12
"month","2016-05",31,"11-66",11,66,13,10,2,0.41935483870967744,13
"month","2016-05",31,"19-91",19,91,13,12,1,0.41935483870967744,13
"month","2016-05",31,"38-83",38,83,13,10,2,0.41935483870967744,13
"month","2016-05",31,"47-74",47,74,13,12,1,0.41935483870967744,13
"month","2016-05",31,"59-95",59,95,13,12,1,0.41935483870967744,13
"month","2016-05",31,"78-87",78,87,11,10,0,0.3548387096774194,14
"month","2016-05",31,"09-90",9,90,10,9,0,0.3225806451612903,15
"month","2016-05",31,"36-63",36,63,10,9,0,0.3225806451612903,15
"month","2016-05",31,"12-21",12,21,9,8,1,0.2903225806451613,16
"month","2016-05",31,"15-51",15,51,7,5,0,0.22580645161290322,17
"month","2016-05",31,"44-99",44,99,7,7,0,0.22580645161290322,17
"month","2016-06",30,"17-71",17,71,26,16,1,0.8666666666666667,1
"month","2016-06",30,"57-75",57,75,26,17,7,0.8666666666666667,1
"month","2016-06",30,"69-96",69,96,26,22,3,0.8666666666666667,1
"month","2016-06",30,"03-30",3,30,24,17,4,0.8,2
"month","2016-06",30,"14-41",14,41,22,17,4,0.7333333333333333,3
"month","2016-06",30,"16-61",16,61,22,16,3,0.7333333333333333,3
"month","2016-06",30,"39-93",39,93,22,14,5,0.7333333333333333,3
"month","2016-06",30,"47-74",47,74,22,17,3,0.7333333333333333,3
"month","2016-06",30,"28-82",28,82,21,19,1,0.7,4
"month","2016-06",30,"07-70",7,70,20,16,3,0.6666666666666666,5
"month","2016-06",30,"09-90",9,90,20,14,3,0.6666666666666666,5
"month","2016-06",30,"04-40",4,40,19,13,4,0.6333333333333333,6
"month","2016-06",30,"26-62",26,62,19,14,2,0.6333333333333333,6
"month","2016-06",30,"89-98",89,98,19,14,4,0.6333333333333333,6
"month","2016-06",30,"18-81",18,81,18,13,2,0.6,7
"month","2016-06",30,"22-77",22,77,18,14,1,0.6,7
"month","2016-06",30,"27-72",27,72,18,15,3,0.6,7
"month","2016-06",30,"78-87",78,87,18,14,2,0.6,7
"month","2016-06",30,"24-42",24,42,17,14,2,0.5666666666666667,8
"month","2016-06",30,"38-83",38,83,17,14,1,0.5666666666666667,8
"month","2016-06",30,"46-64",46,64,17,11,2,0.5666666666666667,8
"month","2016-06",30,"67-76",67,76,17,13,3,0.5666666666666667,8
"month","2016-06",30,"58-85",58,85,16,11,3,0.5333333333333333,9
"month","2016-06",30,"59-95",59,95,16,11,1,0.5333333333333333,9
"month","2016-06",30,"79-97",79,97,16,14,1,0.5333333333333333,9
"month","2016-06",30,"00-55",0,55,15,12,2,0.5,10
"month","2016-06",30,"06-60",6,60,15,11,2,0.5,10
"month","2016-06",30,"23-32",23,32,15,10,2,0.5,10
"month","2016-06",30,"08-80",8,80,14,10,3,0.4666666666666667,11
"month","2016-06",30,"11-66",11,66,14,11,2,0.4666666666666667,11
"month","2016-06",30,"12-21",12,21,14,11,1,0.4666666666666667,11
"month","2016-06",30,"34-43",34,43,14,12,2,0.4666666666666667,11
"month","2016-06",30,"35-53",35,53,14,13,1,0.4666666666666667,11
"month","2016-06",30,"37-73",37,73,14,13,0,0.4666666666666667,11
"month","2016-06",30,"05-50",5,50,13,10,1,0.43333333333333335,12
"month","2016-06",30,"13-31",13,31,13,10,2,0.43333333333333335,12
"month","2016-06",30,"15-51",15,51,13,13,0,0.43333333333333335,12
"month","2016-06",30,"33-88",33,88,13,11,1,0.43333333333333335,12
"month","2016-06",30,"45-54",45,54,13,13,0,0.43333333333333335,12
"month","2016-06",30,"56-65",56,65,13,11,1,0.43333333333333335,12
"month","2016-06",30,"01-10",1,10,12,10,2,0.4,13
"month","2016-06",30,"25-52",25,52,12,10,1,0.4,13
"month","2016-06",30,"48-84",48,84,12,10,1,0.4,13
"month","2016-06",30,"19-91",19,91,11,9,1,0.36666666666666664,14
"month","2016-06",30,"29-92",29,92,11,10,1,0.36666666666666664,14
"month","2016-06",30,"68-86",68,86,11,10,1,0.36666666666666664,14
"month","2016-06",30,"02-20",2,20,10,9,1,0.3333333333333333,15
"month","2016-06",30,"36-63",36,63,10,10,0,0.3333333333333333,15
"month","2016-06",30,"44-99",44,99,9,9,0,0.3,16
"month","2016-06",30,"49-94",49,94,9,6,1,0.3,16
"month","2016-07",31,"03-30",3,30,29,21,5,0.9354838709677419,1
"month","2016-07",31,"17-71",17,71,27,17,3,0.8709677419354839,2
"month","2016-07",31,"04-40",4,40,24,17,4,0.7741935483870968,3
"month","2016-07",31,"79-97",79,97,23,17,1,0.7419354838709677,4
"month","2016-07",31,"16-61",16,61,21,17,2,0.6774193548387096,5
"month","2016-07",31,"35-53",35,53,21,14,3,0.6774193548387096,5
"month","2016-07",31,"49-94",49,94,21,17,2,0.6774193548387096,5
"month","2016-07",31,"28-82",28,82,20,14,4,0.6451612903225806,6
"month","2016-07",31,"29-92",29,92,20,17,1,0.6451612903225806,6
"month","2016-07",31,"78-87",78,87,20,14,3,0.6451612903225806,6
"month","2016-07",31,"00-55",0,55,19,12,6,0.6129032258064516,7
"month","2016-07",31,"08-80",8,80,19,14,3,0.6129032258064516,7
"month","2016-07",31,"09-90",9,90,19,13,1,0.6129032258064516,7
"month","2016-07",31,"13-31",13,31,19,16,2,0.6129032258064516,7
"month","2016-07",31,"22-77",22,77,19,17,2,0.6129032258064516,7
"month","2016-07",31,"23-32",23,32,19,14,3,0.6129032258064516,7
"month","2016-07",31,"01-10",1,10,18,14,3,0.5806451612903226,8
"month","2016-07",31,"02-20",2,20,18,13,2,0.5806451612903226,8
"month","2016-07",31,"25-52",25,52,18,17,1,0.5806451612903226,8
"month","2016-07",31,"33-88",33,88,18,16,1,0.5806451612903226,8
"month","2016-07",31,"37-73",37,73,18,16,1,0.5806451612903226,8
"month","2016-07",31,"44-99",44,99,18,13,4,0.5806451612903226,8
"month","2016-07",31,"56-65",56,65,18,13,2,0.5806451612903226,8
"month","2016-07",31,"18-81",18,81,17,15,1,0.5483870967741935,9
"month","2016-07",31,"05-50",5,50,16,14,1,0.5161290322580645,10
"month","2016-07",31,"12-21",12,21,16,13,2,0.5161290322580645,10
"month","2016-07",31,"36-63",36,63,16,10,3,0.5161290322580645,10
"month","2016-07",31,"67-76",67,76,16,12,1,0.5161290322580645,10
"month","2016-07",31,"89-98",89,98,16,11,3,0.5161290322580645,10
"month","2016-07",31,"06-60",6,60,15,10,3,0.4838709677419355,11
"month","2016-07",31,"07-70",7,70,15,12,1,0.4838709677419355,11
"month","2016-07",31,"48-84",48,84,15,13,1,0.4838709677419355,11
"month","2016-07",31,"57-75",57,75,15,12,1,0.4838709677419355,11
"month","2016-07",31,"59-95",59,95,15,12,1,0.4838709677419355,11
"month","2016-07",31,"68-86",68,86,15,9,5,0.4838709677419355,11
"month","2016-07",31,"69-96",69,96,15,11,1,0.4838709677419355,11
"month","2016-07",31,"11-66",11,66,14,13,1,0.45161290322580644,12
"month","2016-07",31,"26-62",26,62,14,11,1,0.45161290322580644,12
"month","2016-07",31,"47-74",47,74,14,11,2,0.45161290322580644,12
"month","2016-07",31,"14-41",14,41,13,13,0,0.41935483870967744,13
"month","2016-07",31,"19-91",19,91,13,10,2,0.41935483870967744,13
"month","2016-07",31,"46-64",46,64,13,11,2,0.41935483870967744,13
"month","2016-07",31,"58-85",58,85,13,13,0,0.41935483870967744,13
"month","2016-07",31,"27-72",27,72,12,9,1,0.3870967741935484,14
"month","2016-07",31,"34-43",34,43,12,10,0,0.3870967741935484,14
"month","2016-07",31,"39-93",39,93,12,11,0,0.3870967741935484,14
"month","2016-07",31,"45-54",45,54,12,10,2,0.3870967741935484,14
"month","2016-07",31,"15-51",15,51,11,9,1,0.3548387096774194,15
"month","2016-07",31,"24-42",24,42,11,10,0,0.3548387096774194,15
"month","2016-07",31,"38-83",38,83,5,4,1,0.16129032258064516,16
"month","2016-08",31,"58-85",58,85,24,19,3,0.7741935483870968,1
"month","2016-08",31,"13-31",13,31,22,18,1,0.7096774193548387,2
"month","2016-08",31,"14-41",14,41,22,16,3,0.7096774193548387,2
"month","2016-08",31,"45-54",45,54,22,12,5,0.7096774193548387,2
"month","2016-08",31,"00-55",0,55,21,17,3,0.6774193548387096,3
"month","2016-08",31,"08-80",8,80,21,15,3,0.6774193548387096,3
"month","2016-08",31,"26-62",26,62,21,15,3,0.6774193548387096,3
"month","2016-08",31,"33-88",33,88,21,18,2,0.6774193548387096,3
"month","2016-08",31,"35-53",35,53,21,16,2,0.6774193548387096,3
"month","2016-08",31,"37-73",37,73,21,16,2,0.6774193548387096,3
"month","2016-08",31,"56-65",56,65,21,16,2,0.6774193548387096,3
"month","2016-08",31,"06-60",6,60,20,15,1,0.6451612903225806,4
"month","2016-08",31,"15-51",15,51,20,15,1,0.6451612903225806,4
"month","2016-08",31,"69-96",69,96,20,13,2,0.6451612903225806,4
"month","2016-08",31,"02-20",2,20,19,15,1,0.6129032258064516,5
"month","2016-08",31,"12-21",12,21,19,16,1,0.6129032258064516,5
"month","2016-08",31,"17-71",17,71,19,14,1,0.6129032258064516,5
"month","2016-08",31,"38-83",38,83,19,16,1,0.6129032258064516,5
"month","2016-08",31,"47-74",47,74,19,15,2,0.6129032258064516,5
"month","2016-08",31,"49-94",49,94,19,17,2,0.6129032258064516,5
"month","2016-08",31,"78-87",78,87,19,16,3,0.6129032258064516,5
"month","2016-08",31,"89-98",89,98,19,14,2,0.6129032258064516,5
"month","2016-08",31,"09-90",9,90,18,15,2,0.5806451612903226,6
"month","2016-08",31,"16-61",16,61,18,14,3,0.5806451612903226,6
"month","2016-08",31,"05-50",5,50,17,12,1,0.5483870967741935,7
"month","2016-08",31,"07-70",7,70,17,13,1,0.5483870967741935,7
"month","2016-08",31,"18-81",18,81,17,10,4,0.5483870967741935,7
"month","2016-08",31,"27-72",27,72,17,15,2,0.5483870967741935,7
"month","2016-08",31,"04-40",4,40,16,14,2,0.5161290322580645,8
"month","2016-08",31,"19-91",19,91,16,13,1,0.5161290322580645,8
"month","2016-08",31,"23-32",23,32,16,14,2,0.5161290322580645,8
"month","2016-08",31,"67-76",67,76,16,9,0,0.5161290322580645,8
"month","2016-08",31,"68-86",68,86,16,13,3,0.5161290322580645,8
"month","2016-08",31,"03-30",3,30,15,14,1,0.4838709677419355,9
"month","2016-08",31,"25-52",25,52,15,13,2,0.4838709677419355,9
"month","2016-08",31,"57-75",57,75,15,10,3,0.4838709677419355,9
"month","2016-08",31,"79-97",79,97,15,12,1,0.4838709677419355,9
"month","2016-08",31,"24-42",24,42,14,11,0,0.45161290322580644,10
"month","2016-08",31,"46-64",46,64,14,11,2,0.45161290322580644,10
"month","2016-08",31,"22-77",22,77,13,11,0,0.41935483870967744,11
"month","2016-08",31,"44-99",44,99,13,11,1,0.41935483870967744,11
"month","2016-08",31,"28-82",28,82,12,9,2,0.3870967741935484,12
"month","2016-08",31,"29-92",29,92,12,9,3,0.3870967741935484,12
"month","2016-08",31,"59-95",59,95,12,10,1,0.3870967741935484,12
"month","2016-08",31,"01-10",1,10,11,10,0,0.3548387096774194,13
"month","2016-08",31,"36-63",36,63,11,9,1,0.3548387096774194,13
"month","2016-08",31,"34-43",34,43,9,9,0,0.2903225806451613,14
"month","2016-08",31,"39-93",39,93,8,8,0,0.25806451612903225,15
"month","2016-08",31,"48-84",48,84,8,8,0,0.25806451612903225,15
"month","2016-08",31,"11-66",11,66,7,7,0,0.22580645161290322,16
"month","2016-09",30,"00-55",0,55,26,18,4,0.8666666666666667,1
"month","2016-09",30,"03-30",3,30,26,20,5,0.8666666666666667,1
"month","2016-09",30,"17-71",17,71,22,15,2,0.7333333333333333,2
"month","2016-09",30,"24-42",24,42,22,19,1,0.7333333333333333,2
"month","2016-09",30,"27-72",27,72,20,14,3,0.6666666666666666,3
"month","2016-09",30,"44-99",44,99,20,13,4,0.6666666666666666,3
"month","2016-09",30,"58-85",58,85,20,14,1,0.6666666666666666,3
"month","2016-09",30,"12-21",12,21,19,14,2,0.6333333333333333,4
"month","2016-09",30,"16-61",16,61,19,16,0,0.6333333333333333,4
"month","2016-09",30,"28-82",28,82,19,18,0,0.6333333333333333,4
"month","2016-09",30,"29-92",29,92,19,14,2,0.6333333333333333,4
"month","2016-09",30,"08-80",8,80,18,15,2,0.6,5
"month","2016-09",30,"26-62",26,62,18,14,2,0.6,5
"month","2016-09",30,"46-64",46,64,18,13,2,0.6,5
"month","2016-09",30,"59-95",59,95,18,14,0,0.6,5
"month","2016-09",30,"01-10",1,10,17,14,1,0.5666666666666667,6
"month","2016-09",30,"02-20",2,20,17,14,1,0.5666666666666667,6
"month","2016-09",30,"05-50",5,50,17,13,3,0.5666666666666667,6
"month","2016-09",30,"09-90",9,90,17,14,1,0.5666666666666667,6
"month","2016-09",30,"19-91",19,91,17,13,3,0.5666666666666667,6
"month","2016-09",30,"22-77",22,77,17,11,3,0.5666666666666667,6
"month","2016-09",30,"33-88",33,88,17,12,2,0.5666666666666667,6
"month","2016-09",30,"04-40",4,40,16,10,3,0.5333333333333333,7
"month","2016-09",30,"11-66",11,66,16,12,3,0.5333333333333333,7
"month","2016-09",30,"13-31",13,31,16,11,1,0.5333333333333333,7
"month","2016-09",30,"36-63",36,63,16,12,2,0.5333333333333333,7
"month","2016-09",30,"37-73",37,73,16,14,1,0.5333333333333333,7
"month","2016-09",30,"39-93",39,93,16,13,3,0.5333333333333333,7
"month","2016-09",30,"49-94",49,94,16,13,3,0.5333333333333333,7
"month","2016-09",30,"79-97",79,97,16,14,1,0.5333333333333333,7
"month","2016-09",30,"07-70",7,70,15,10,3,0.5,8
"month","2016-09",30,"14-41",14,41,15,12,2,0.5,8
"month","2016-09",30,"25-52",25,52,15,12,2,0.5,8
"month","2016-09",30,"34-43",34,43,15,11,2,0.5,8
"month","2016-09",30,"57-75",57,75,15,12,1,0.5,8
"month","2016-09",30,"67-76",67,76,15,14,0,0.5,8
"month","2016-09",30,"06-60",6,60,13,12,1,0.43333333333333335,9
"month","2016-09",30,"35-53",35,53,13,10,2,0.43333333333333335,9
"month","2016-09",30,"56-65",56,65,13,10,2,0.43333333333333335,9
"month","2016-09",30,"68-86",68,86,13,12,0,0.43333333333333335,9
"month","2016-09",30,"69-96",69,96,13,13,0,0.43333333333333335,9
"month","2016-09",30,"89-98",89,98,13,10,2,0.43333333333333335,9
"month","2016-09",30,"15-51",15,51,12,11,0,0.4,10
"month","2016-09",30,"23-32",23,32,12,10,1,0.4,10
"month","2016-09",30,"47-74",47,74,12,11,1,0.4,10
"month","2016-09",30,"48-84",48,84,12,7,2,0.4,10
"month","2016-09",30,"78-87",78,87,12,11,1,0.4,10
"month","2016-09",30,"45-54",45,54,11,9,2,0.36666666666666664,11
"month","2016-09",30,"18-81",18,81,10,10,0,0.3333333333333333,12
"month","2016-09",30,"38-83",38,83,10,9,1,0.3333333333333333,12
"month","2016-10",31,"01-10",1,10,29,20,4,0.9354838709677419,1
"month","2016-10",31,"19-91",19,91,28,16,5,0.9032258064516129,2
"month","2016-10",31,"35-53",35,53,25,17,2,0.8064516129032258,3
"month","2016-10",31,"38-83",38,83,24,18,2,0.7741935483870968,4
"month","2016-10",31,"26-62",26,62,23,19,1,0.7419354838709677,5
"month","2016-10",31,"37-73",37,73,23,18,2,0.7419354838709677,5
"month","2016-10",31,"49-94",49,94,22,15,3,0.7096774193548387,6
"month","2016-10",31,"00-55",0,55,21,15,2,0.6774193548387096,7
"month","2016-10",31,"05-50",5,50,21,17,1,0.6774193548387096,7
"month","2016-10",31,"08-80",8,80,20,14,2,0.6451612903225806,8
"month","2016-10",31,"09-90",9,90,19,15,2,0.6129032258064516,9
"month","2016-10",31,"12-21",12,21,19,17,1,0.6129032258064516,9
"month","2016-10",31,"16-61",16,61,19,12,4,0.6129032258064516,9
"month","2016-10",31,"17-71",17,71,19,14,3,0.6129032258064516,9
"month","2016-10",31,"28-82",28,82,19,15,2,0.6129032258064516,9
"month","2016-10",31,"33-88",33,88,19,15,1,0.6129032258064516,9
"month","2016-10",31,"07-70",7,70,18,14,3,0.5806451612903226,10
"month","2016-10",31,"39-93",39,93,18,15,0,0.5806451612903226,10
"month","2016-10",31,"68-86",68,86,18,15,2,0.5806451612903226,10
"month","2016-10",31,"78-87",78,87,18,16,1,0.5806451612903226,10
"month","2016-10",31,"79-97",79,97,18,13,2,0.5806451612903226,10
"month","2016-10",31,"02-20",2,20,17,16,0,0.5483870967741935,11
"month","2016-10",31,"18-81",18,81,17,13,2,0.5483870967741935,11
"month","2016-10",31,"46-64",46,64,17,14,1,0.5483870967741935,11
"month","2016-10",31,"57-75",57,75,17,15,2,0.5483870967741935,11
"month","2016-10",31,"67-76",67,76,17,12,3,0.5483870967741935,11
"month","2016-10",31,"89-98",89,98,17,13,2,0.5483870967741935,11
"month","2016-10",31,"04-40",4,40,16,13,2,0.5161290322580645,12
"month","2016-10",31,"13-31",13,31,16,13,1,0.5161290322580645,12
"month","2016-10",31,"25-52",25,52,16,13,0,0.5161290322580645,12
"month","2016-10",31,"58-85",58,85,15,12,1,0.4838709677419355,13
"month","2016-10",31,"03-30",3,30,14,13,0,0.45161290322580644,14
"month","2016-10",31,"44-99",44,99,14,12,0,0.45161290322580644,14
"month","2016-10",31,"59-95",59,95,14,10,1,0.45161290322580644,14
"month","2016-10",31,"14-41",14,41,13,10,1,0.41935483870967744,15
"month","2016-10",31,"15-51",15,51,13,8,3,0.41935483870967744,15
"month","2016-10",31,"47-74",47,74,13,12,1,0.41935483870967744,15
"month","2016-10",31,"48-84",48,84,13,10,2,0.41935483870967744,15
"month","2016-10",31,"56-65",56,65,13,12,1,0.41935483870967744,15
"month","2016-10",31,"06-60",6,60,12,11,0,0.3870967741935484,16
"month","2016-10",31,"22-77",22,77,12,9,1,0.3870967741935484,16
"month","2016-10",31,"27-72",27,72,12,11,0,0.3870967741935484,16
"month","2016-10",31,"29-92",29,92,12,11,1,0.3870967741935484,16
"month","2016-10",31,"36-63",36,63,12,12,0,0.3870967741935484,16
"month","2016-10",31,"45-54",45,54,12,10,1,0.3870967741935484,16
"month","2016-10",31,"69-96",69,96,12,9,3,0.3870967741935484,16
"month","2016-10",31,"34-43",34,43,11,11,0,0.3548387096774194,17
"month","2016-10",31,"11-66",11,66,10,10,0,0.3225806451612903,18
"month","2016-10",31,"23-32",23,32,10,8,1,0.3225806451612903,18
"month","2016-10",31,"24-42",24,42,10,9,1,0.3225806451612903,18
"month","2016-11",30,"19-91",19,91,24,19,3,0.8,1
"month","2016-11",30,"25-52",25,52,23,17,5,0.7666666666666667,2
"month","2016-11",30,"33-88",33,88,23,13,4,0.7666666666666667,2
"month","2016-11",30,"22-77",22,77,22,16,1,0.7333333333333333,3
"month","2016-11",30,"26-62",26,62,22,13,3,0.7333333333333333,3
"month","2016-11",30,"34-43",34,43,22,19,1,0.7333333333333333,3
"month","2016-11",30,"45-54",45,54,22,16,3,0.7333333333333333,3
"month","2016-11",30,"47-74",47,74,22,17,3,0.7333333333333333,3
"month","2016-11",30,"07-70",7,70,21,15,3,0.7,4
"month","2016-11",30,"48-84",48,84,20,14,2,0.6666666666666666,5
"month","2016-11",30,"03-30",3,30,19,16,0,0.6333333333333333,6
"month","2016-11",30,"04-40",4,40,19,15,3,0.6333333333333333,6
"month","2016-11",30,"39-93",39,93,19,14,3,0.6333333333333333,6
"month","2016-11",30,"00-55",0,55,18,15,1,0.6,7
"month","2016-11",30,"01-10",1,10,18,16,1,0.6,7
"month","2016-11",30,"05-50",5,50,18,13,2,0.6,7
"month","2016-11",30,"23-32",23,32,18,12,3,0.6,7
"month","2016-11",30,"29-92",29,92,18,13,4,0.6,7
"month","2016-11",30,"67-76",67,76,18,14,1,0.6,7
"month","2016-11",30,"14-41",14,41,17,14,2,0.5666666666666667,8
"month","2016-11",30,"17-71",17,71,17,10,4,0.5666666666666667,8
"month","2016-11",30,"18-81",18,81,17,13,3,0.5666666666666667,8
"month","2016-11",30,"27-72",27,72,17,13,3,0.5666666666666667,8
"month","2016-11",30,"46-64",46,64,17,15,1,0.5666666666666667,8
"month","2016-11",30,"57-75",57,75,17,14,1,0.5666666666666667,8
"month","2016-11",30,"09-90",9,90,16,12,1,0.5333333333333333,9
"month","2016-11",30,"78-87",78,87,16,12,2,0.5333333333333333,9
"month","2016-11",30,"79-97",79,97,16,13,2,0.5333333333333333,9
"month","2016-11",30,"08-80",8,80,15,13,0,0.5,10
"month","2016-11",30,"38-83",38,83,15,13,1,0.5,10
"month","2016-11",30,"56-65",56,65,15,11,3,0.5,10
"month","2016-11",30,"02-20",2,20,14,11,3,0.4666666666666667,11
"month","2016-11",30,"06-60",6,60,14,13,0,0.4666666666666667,11
"month","2016-11",30,"11-66",11,66,14,12,1,0.4666666666666667,11
"month","2016-11",30,"24-42",24,42,14,12,2,0.4666666666666667,11
"month","2016-11",30,"28-82",28,82,14,12,1,0.4666666666666667,11
"month","2016-11",30,"35-53",35,53,14,12,1,0.4666666666666667,11
"month","2016-11",30,"44-99",44,99,14,10,2,0.4666666666666667,11
"month","2016-11",30,"89-98",89,98,14,11,0,0.4666666666666667,11
"month","2016-11",30,"12-21",12,21,13,10,2,0.43333333333333335,12
"month","2016-11",30,"49-94",49,94,13,8,3,0.43333333333333335,12
"month","2016-11",30,"59-95",59,95,13,10,2,0.43333333333333335,12
"month","2016-11",30,"16-61",16,61,12,8,2,0.4,13
"month","2016-11",30,"36-63",36,63,12,10,1,0.4,13
"month","2016-11",30,"68-86",68,86,11,9,1,0.36666666666666664,14
"month","2016-11",30,"58-85",58,85,10,8,2,0.3333333333333333,15
"month","2016-11",30,"15-51",15,51,9,9,0,0.3,16
"month","2016-11",30,"69-96",69,96,9,8,0,0.3,16
"month","2016-11",30,"37-73",37,73,8,6,1,0.26666666666666666,17
"month","2016-11",30,"13-31",13,31,7,7,0,0.23333333333333334,18
"month","2016-12",31,"27-72",27,72,25,16,1,0.8064516129032258,1
"month","2016-12",31,"48-84",48,84,25,17,4,0.8064516129032258,1
"month","2016-12",31,"23-32",23,32,22,18,1,0.7096774193548387,2
"month","2016-12",31,"25-52",25,52,22,16,2,0.7096774193548387,2
"month","2016-12",31,"34-43",34,43,22,15,4,0.7096774193548387,2
"month","2016-12",31,"46-64",46,64,22,17,3,0.7096774193548387,2
"month","2016-12",31,"08-80",8,80,21,16,2,0.6774193548387096,3
"month","2016-12",31,"69-96",69,96,21,17,4,0.6774193548387096,3
"month","2016-12",31,"00-55",0,55,20,13,3,0.6451612903225806,4
"month","2016-12",31,"02-20",2,20,20,15,4,0.6451612903225806,4
"month","2016-12",31,"06-60",6,60,20,16,1,0.6451612903225806,4
"month","2016-12",31,"16-61",16,61,20,15,3,0.6451612903225806,4
"month","2016-12",31,"67-76",67,76,20,17,2,0.6451612903225806,4
"month","2016-12",31,"09-90",9,90,19,15,2,0.6129032258064516,5
"month","2016-12",31,"14-41",14,41,19,15,2,0.6129032258064516,5
"month","2016-12",31,"15-51",15,51,18,14,2,0.5806451612903226,6
"month","2016-12",31,"18-81",18,81,18,16,1,0.5806451612903226,6
"month","2016-12",31,"26-62",26,62,18,13,1,0.5806451612903226,6
"month","2016-12",31,"28-82",28,82,18,14,4,0.5806451612903226,6
"month","2016-12",31,"37-73",37,73,18,15,2,0.5806451612903226,6
"month","2016-12",31,"38-83",38,83,18,15,3,0.5806451612903226,6
"month","2016-12",31,"39-93",39,93,18,12,4,0.5806451612903226,6
"month","2016-12",31,"49-94",49,94,18,16,0,0.5806451612903226,6
"month","2016-12",31,"78-87",78,87,18,13,1,0.5806451612903226,6
"month","2016-12",31,"22-77",22,77,17,13,2,0.5483870967741935,7
"month","2016-12",31,"44-99",44,99,17,9,5,0.5483870967741935,7
"month","2016-12",31,"45-54",45,54,17,13,3,0.5483870967741935,7
"month","2016-12",31,"57-75",57,75,17,13,2,0.5483870967741935,7
"month","2016-12",31,"89-98",89,98,17,13,2,0.5483870967741935,7
"month","2016-12",31,"11-66",11,66,16,11,3,0.5161290322580645,8
"month","2016-12",31,"24-42",24,42,16,13,1,0.5161290322580645,8
"month","2016-12",31,"29-92",29,92,16,14,1,0.5161290322580645,8
"month","2016-12",31,"35-53",35,53,16,14,2,0.5161290322580645,8
"month","2016-12",31,"56-65",56,65,16,11,4,0.5161290322580645,8
"month","2016-12",31,"79-97",79,97,16,12,0,0.5161290322580645,8
"month","2016-12",31,"01-10",1,10,15,10,1,0.4838709677419355,9
"month","2016-12",31,"33-88",33,88,15,12,1,0.4838709677419355,9
"month","2016-12",31,"05-50",5,50,14,13,1,0.45161290322580644,10
"month","2016-12",31,"13-31",13,31,14,12,1,0.45161290322580644,10
"month","2016-12",31,"17-71",17,71,14,11,0,0.45161290322580644,10
"month","2016-12",31,"19-91",19,91,14,11,3,0.45161290322580644,10
"month","2016-12",31,"03-30",3,30,13,11,0,0.41935483870967744,11
"month","2016-12",31,"68-86",68,86,13,11,2,0.41935483870967744,11
"month","2016-12",31,"04-40",4,40,12,8,0,0.3870967741935484,12
"month","2016-12",31,"12-21",12,21,12,12,0,0.3870967741935484,12
"month","2016-12",31,"59-95",59,95,11,8,0,0.3548387096774194,13
"month","2016-12",31,"07-70",7,70,10,9,1,0.3225806451612903,14
"month","2016-12",31,"58-85",58,85,10,9,0,0.3225806451612903,14
"month","2016-12",31,"47-74",47,74,5,5,0,0.16129032258064516,15
"month","2016-12",31,"36-63",36,63,4,4,0,0.12903225806451613,16
"month","2017-01",27,"19-91",19,91,22,18,2,0.8148148148148148,1
"month","2017-01",27,"07-70",7,70,21,15,3,0.7777777777777778,2
"month","2017-01",27,"27-72",27,72,20,13,5,0.7407407407407407,3
"month","2017-01",27,"67-76",67,76,20,17,1,0.7407407407407407,3
"month","2017-01",27,"03-30",3,30,19,13,3,0.7037037037037037,4
"month","2017-01",27,"04-40",4,40,19,14,1,0.7037037037037037,4
"month","2017-01",27,"06-60",6,60,19,14,2,0.7037037037037037,4
"month","2017-01",27,"11-66",11,66,19,15,1,0.7037037037037037,4
"month","2017-01",27,"15-51",15,51,19,15,1,0.7037037037037037,4
"month","2017-01",27,"47-74",47,74,19,13,3,0.7037037037037037,4
"month","2017-01",27,"57-75",57,75,19,15,4,0.7037037037037037,4
"month","2017-01",27,"08-80",8,80,18,15,2,0.6666666666666666,5
"month","2017-01",27,"36-63",36,63,18,14,1,0.6666666666666666,5
"month","2017-01",27,"37-73",37,73,18,16,2,0.6666666666666666,5
"month","2017-01",27,"28-82",28,82,17,15,1,0.6296296296296297,6
"month","2017-01",27,"39-93",39,93,17,15,2,0.6296296296296297,6
"month","2017-01",27,"23-32",23,32,16,11,1,0.5925925925925926,7
"month","2017-01",27,"29-92",29,92,16,13,2,0.5925925925925926,7
"month","2017-01",27,"33-88",33,88,16,12,2,0.5925925925925926,7
"month","2017-01",27,"44-99",44,99,16,12,1,0.5925925925925926,7
"month","2017-01",27,"59-95",59,95,16,12,2,0.5925925925925926,7
"month","2017-01",27,"69-96",69,96,16,14,1,0.5925925925925926,7
"month","2017-01",27,"12-21",12,21,15,10,1,0.5555555555555556,8
"month","2017-01",27,"46-64",46,64,15,12,2,0.5555555555555556,8
"month","2017-01",27,"13-31",13,31,14,12,1,0.5185185185185185,9
"month","2017-01",27,"14-41",14,41,14,12,0,0.5185185185185185,9
"month","2017-01",27,"26-62",26,62,14,13,0,0.5185185185185185,9
"month","2017-01",27,"58-85",58,85,14,10,1,0.5185185185185185,9
"month","2017-01",27,"78-87",78,87,14,12,1,0.5185185185185185,9
"month","2017-01",27,"00-55",0,55,13,9,3,0.48148148148148145,10
"month","2017-01",27,"09-90",9,90,13,11,1,0.48148148148148145,10
"month","2017-01",27,"25-52",25,52,13,11,1,0.48148148148148145,10
"month","2017-01",27,"38-83",38,83,13,9,2,0.48148148148148145,10
"month","2017-01",27,"48-84",48,84,13,11,0,0.48148148148148145,10
"month","2017-01",27,"56-65",56,65,13,13,0,0.48148148148148145,10
"month","2017-01",27,"79-97",79,97,13,12,1,0.48148148148148145,10
"month","2017-01",27,"89-98",89,98,13,10,1,0.48148148148148145,10
"month","2017-01",27,"17-71",17,71,12,7,3,0.4444444444444444,11
"month","2017-01",27,"45-54",45,54,12,10,1,0.4444444444444444,11
"month","2017-01",27,"18-81",18,81,11,8,2,0.4074074074074074,12
"month","2017-01",27,"49-94",49,94,11,8,1,0.4074074074074074,12
"month","2017-01",27,"16-61",16,61,10,9,0,0.37037037037037035,13
"month","2017-01",27,"24-42",24,42,10,9,1,0.37037037037037035,13
"month","2017-01",27,"34-43",34,43,10,9,0,0.37037037037037035,13
"month","2017-01",27,"68-86",68,86,10,8,1,0.37037037037037035,13
"month","2017-01",27,"02-20",2,20,9,7,1,0.3333333333333333,14
"month","2017-01",27,"35-53",35,53,9,6,1,0.3333333333333333,14
"month","2017-01",27,"01-10",1,10,8,7,0,0.2962962962962963,15
"month","2017-01",27,"22-77",22,77,7,7,0,0.25925925925925924,16
"month","2017-01",27,"05-50",5,50,6,6,0,0.2222222222222222,17
"month","2017-02",28,"23-32",23,32,27,16,7,0.9642857142857143,1
"month","2017-02",28,"29-92",29,92,24,17,4,0.8571428571428571,2
"month","2017-02",28,"37-73",37,73,22,16,3,0.7857142857142857,3
"month","2017-02",28,"58-85",58,85,22,17,3,0.7857142857142857,3
"month","2017-02",28,"19-91",19,91,21,15,4,0.75,4
"month","2017-02",28,"48-84",48,84,21,15,1,0.75,4
"month","2017-02",28,"26-62",26,62,20,15,3,0.7142857142857143,5
"month","2017-02",28,"12-21",12,21,19,15,2,0.6785714285714286,6
"month","2017-02",28,"18-81",18,81,19,14,3,0.6785714285714286,6
"month","2017-02",28,"24-42",24,42,19,15,4,0.6785714285714286,6
"month","2017-02",28,"33-88",33,88,19,13,5,0.6785714285714286,6
"month","2017-02",28,"04-40",4,40,18,16,1,0.6428571428571429,7
"month","2017-02",28,"27-72",27,72,18,10,2,0.6428571428571429,7
"month","2017-02",28,"44-99",44,99,18,14,3,0.6428571428571429,7
"month","2017-02",28,"02-20",2,20,17,12,2,0.6071428571428571,8
"month","2017-02",28,"15-51",15,51,17,14,1,0.6071428571428571,8
"month","2017-02",28,"11-66",11,66,16,13,2,0.5714285714285714,9
"month","2017-02",28,"01-10",1,10,15,13,0,0.5357142857142857,10
"month","2017-02",28,"07-70",7,70,15,12,1,0.5357142857142857,10
"month","2017-02",28,"13-31",13,31,15,11,2,0.5357142857142857,10
"month","2017-02",28,"25-52",25,52,15,12,2,0.5357142857142857,10
"month","2017-02",28,"38-83",38,83,15,11,2,0.5357142857142857,10
"month","2017-02",28,"45-54",45,54,15,12,2,0.5357142857142857,10
"month","2017-02",28,"56-65",56,65,15,12,1,0.5357142857142857,10
"month","2017-02",28,"28-82",28,82,14,13,1,0.5,11
"month","2017-02",28,"47-74",47,74,14,12,0,0.5,11
"month","2017-02",28,"68-86",68,86,14,12,1,0.5,11
"month","2017-02",28,"78-87",78,87,14,13,1,0.5,11
"month","2017-02",28,"79-97",79,97,14,11,0,0.5,11
"month","2017-02",28,"00-55",0,55,13,11,1,0.4642857142857143,12
"month","2017-02",28,"06-60",6,60,13,10,1,0.4642857142857143,12
"month","2017-02",28,"14-41",14,41,13,12,0,0.4642857142857143,12
"month","2017-02",28,"16-61",16,61,13,12,1,0.4642857142857143,12
"month","2017-02",28,"17-71",17,71,13,11,1,0.4642857142857143,12
"month","2017-02",28,"22-77",22,77,13,10,2,0.4642857142857143,12
"month","2017-02",28,"34-43",34,43,13,11,0,0.4642857142857143,12
"month","2017-02",28,"39-93",39,93,13,10,2,0.4642857142857143,12
"month","2017-02",28,"49-94",49,94,13,9,2,0.4642857142857143,12
"month","2017-02",28,"59-95",59,95,13,12,1,0.4642857142857143,12
"month","2017-02",28,"03-30",3,30,12,8,2,0.42857142857142855,13
"month","2017-02",28,"67-76",67,76,12,11,0,0.42857142857142855,13
"month","2017-02",28,"89-98",89,98,12,9,2,0.42857142857142855,13
"month","2017-02",28,"09-90",9,90,11,9,0,0.39285714285714285,14
"month","2017-02",28,"36-63",36,63,11,10,0,0.39285714285714285,14
"month","2017-02",28,"46-64",46,64,11,9,1,0.39285714285714285,14
"month","2017-02",28,"08-80",8,80,10,10,0,0.35714285714285715,15
"month","2017-02",28,"69-96",69,96,10,10,0,0.35714285714285715,15
"month","2017-02",28,"35-53",35,53,9,8,0,0.32142857142857145,16
"month","2017-02",28,"57-75",57,75,9,8,1,0.32142857142857145,16
"month","2017-02",28,"05-50",5,50,7,6,1,0.25,17
"month","2017-03",31,"11-66",11,66,26,20,5,0.8387096774193549,1
"month","2017-03",31,"01-10",1,10,24,15,0,0.7741935483870968,2
"month","2017-03",31,"14-41",14,41,24,18,3,0.7741935483870968,2
"month","2017-03",31,"16-61",16,61,23,15,6,0.7419354838709677,3
"month","2017-03",31,"34-43",34,43,23,16,3,0.7419354838709677,3
"month","2017-03",31,"38-83",38,83,22,17,2,0.7096774193548387,4
"month","2017-03",31,"12-21",12,21,21,18,2,0.6774193548387096,5
"month","2017-03",31,"19-91",19,91,21,15,2,0.6774193548387096,5
"month","2017-03",31,"24-42",24,42,21,18,2,0.6774193548387096,5
"month","2017-03",31,"22-77",22,77,20,18,1,0.6451612903225806,6
"month","2017-03",31,"25-52",25,52,20,13,5,0.6451612903225806,6
"month","2017-03",31,"35-53",35,53,20,18,1,0.6451612903225806,6
"month","2017-03",31,"04-40",4,40,19,11,3,0.6129032258064516,7
"month","2017-03",31,"13-31",13,31,19,16,2,0.6129032258064516,7
"month","2017-03",31,"49-94",49,94,19,15,3,0.6129032258064516,7
"month","2017-03",31,"68-86",68,86,19,13,3,0.6129032258064516,7
"month","2017-03",31,"89-98",89,98,19,15,1,0.6129032258064516,7
"month","2017-03",31,"28-82",28,82,18,11,1,0.5806451612903226,8
"month","2017-03",31,"33-88",33,88,18,12,4,0.5806451612903226,8
"month","2017-03",31,"47-74",47,74,18,14,2,0.5806451612903226,8
"month","2017-03",31,"78-87",78,87,18,15,1,0.5806451612903226,8
"month","2017-03",31,"15-51",15,51,17,13,0,0.5483870967741935,9
"month","2017-03",31,"23-32",23,32,17,15,0,0.5483870967741935,9
"month","2017-03",31,"05-50",5,50,16,12,3,0.5161290322580645,10
"month","2017-03",31,"18-81",18,81,16,14,1,0.5161290322580645,10
"month","2017-03",31,"44-99",44,99,16,14,1,0.5161290322580645,10
"month","2017-03",31,"45-54",45,54,16,13,2,0.5161290322580645,10
"month","2017-03",31,"56-65",56,65,16,14,1,0.5161290322580645,10
"month","2017-03",31,"03-30",3,30,15,12,2,0.4838709677419355,11
"month","2017-03",31,"06-60",6,60,15,11,2,0.4838709677419355,11
"month","2017-03",31,"26-62",26,62,15,12,1,0.4838709677419355,11
"month","2017-03",31,"36-63",36,63,15,13,1,0.4838709677419355,11
"month","2017-03",31,"39-93",39,93,15,13,1,0.4838709677419355,11
"month","2017-03",31,"57-75",57,75,15,13,1,0.4838709677419355,11
"month","2017-03",31,"58-85",58,85,15,13,2,0.4838709677419355,11
"month","2017-03",31,"69-96",69,96,15,13,1,0.4838709677419355,11
"month","2017-03",31,"00-55",0,55,14,10,2,0.45161290322580644,12
"month","2017-03",31,"07-70",7,70,14,12,2,0.45161290322580644,12
"month","2017-03",31,"08-80",8,80,14,12,1,0.45161290322580644,12
"month","2017-03",31,"09-90",9,90,14,12,0,0.45161290322580644,12
"month","2017-03",31,"37-73",37,73,14,11,2,0.45161290322580644,12
"month","2017-03",31,"17-71",17,71,12,9,2,0.3870967741935484,13
"month","2017-03",31,"27-72",27,72,12,10,1,0.3870967741935484,13
"month","2017-03",31,"59-95",59,95,12,11,0,0.3870967741935484,13
"month","2017-03",31,"67-76",67,76,12,10,2,0.3870967741935484,13
"month","2017-03",31,"79-97",79,97,12,10,1,0.3870967741935484,13
"month","2017-03",31,"02-20",2,20,11,10,1,0.3548387096774194,14
"month","2017-03",31,"29-92",29,92,11,11,0,0.3548387096774194,14
"month","2017-03",31,"46-64",46,64,11,9,1,0.3548387096774194,14
"month","2017-03",31,"48-84",48,84,8,7,1,0.25806451612903225,15
"month","2017-04",30,"79-97",79,97,25,19,4,0.8333333333333334,1
"month","2017-04",30,"03-30",3,30,24,17,3,0.8,2
"month","2017-04",30,"36-63",36,63,22,15,3,0.7333333333333333,3
"month","2017-04",30,"06-60",6,60,21,16,1,0.7,4
"month","2017-04",30,"14-41",14,41,20,15,3,0.6666666666666666,5
"month","2017-04",30,"22-77",22,77,20,15,3,0.6666666666666666,5
"month","2017-04",30,"25-52",25,52,20,13,4,0.6666666666666666,5
"month","2017-04",30,"34-43",34,43,20,15,3,0.6666666666666666,5
"month","2017-04",30,"09-90",9,90,19,14,3,0.6333333333333333,6
"month","2017-04",30,"15-51",15,51,19,14,5,0.6333333333333333,6
"month","2017-04",30,"16-61",16,61,19,17,0,0.6333333333333333,6
"month","2017-04",30,"17-71",17,71,19,14,2,0.6333333333333333,6
"month","2017-04",30,"26-62",26,62,19,14,2,0.6333333333333333,6
"month","2017-04",30,"27-72",27,72,19,15,4,0.6333333333333333,6
"month","2017-04",30,"89-98",89,98,19,15,3,0.6333333333333333,6
"month","2017-04",30,"00-55",0,55,18,16,0,0.6,7
"month","2017-04",30,"01-10",1,10,18,17,1,0.6,7
"month","2017-04",30,"05-50",5,50,18,15,0,0.6,7
"month","2017-04",30,"11-66",11,66,18,12,3,0.6,7
"month","2017-04",30,"19-91",19,91,18,15,0,0.6,7
"month","2017-04",30,"57-75",57,75,18,15,2,0.6,7
"month","2017-04",30,"59-95",59,95,18,15,1,0.6,7
"month","2017-04",30,"12-21",12,21,17,11,1,0.5666666666666667,8
"month","2017-04",30,"18-81",18,81,17,15,1,0.5666666666666667,8
"month","2017-04",30,"78-87",78,87,17,11,3,0.5666666666666667,8
"month","2017-04",30,"02-20",2,20,16,12,3,0.5333333333333333,9
"month","2017-04",30,"35-53",35,53,16,14,1,0.5333333333333333,9
"month","2017-04",30,"37-73",37,73,16,11,3,0.5333333333333333,9
"month","2017-04",30,"48-84",48,84,16,14,1,0.5333333333333333,9
"month","2017-04",30,"67-76",67,76,16,13,1,0.5333333333333333,9
"month","2017-04",30,"04-40",4,40,15,10,3,0.5,10
"month","2017-04",30,"23-32",23,32,15,10,2,0.5,10
"month","2017-04",30,"45-54",45,54,15,13,1,0.5,10
"month","2017-04",30,"38-83",38,83,14,14,0,0.4666666666666667,11
"month","2017-04",30,"39-93",39,93,14,12,0,0.4666666666666667,11
"month","2017-04",30,"44-99",44,99,14,12,0,0.4666666666666667,11
"month","2017-04",30,"58-85",58,85,14,11,2,0.4666666666666667,11
"month","2017-04",30,"68-86",68,86,14,10,3,0.4666666666666667,11
"month","2017-04",30,"47-74",47,74,13,13,0,0.43333333333333335,12
"month","2017-04",30,"56-65",56,65,13,12,0,0.43333333333333335,12
"month","2017-04",30,"69-96",69,96,13,13,0,0.43333333333333335,12
"month","2017-04",30,"07-70",7,70,12,11,0,0.4,13
"month","2017-04",30,"08-80",8,80,12,10,1,0.4,13
"month","2017-04",30,"29-92",29,92,12,8,1,0.4,13
"month","2017-04",30,"33-88",33,88,12,10,1,0.4,13
"month","2017-04",30,"46-64",46,64,12,11,1,0.4,13
"month","2017-04",30,"28-82",28,82,11,11,0,0.36666666666666664,14
"month","2017-04",30,"13-31",13,31,9,8,1,0.3,15
"month","2017-04",30,"24-42",24,42,9,8,1,0.3,15
"month","2017-04",30,"49-94",49,94,5,5,0,0.16666666666666666,16
"month","2017-05",31,"38-83",38,83,27,19,5,0.8709677419354839,1
"month","2017-05",31,"08-80",8,80,25,20,2,0.8064516129032258,2
"month","2017-05",31,"39-93",39,93,25,16,5,0.8064516129032258,2
"month","2017-05",31,"05-50",5,50,24,21,2,0.7741935483870968,3
"month","2017-05",31,"07-70",7,70,24,16,2,0.7741935483870968,3
"month","2017-05",31,"44-99",44,99,24,13,6,0.7741935483870968,3
"month","2017-05",31,"17-71",17,71,23,14,3,0.7419354838709677,4
"month","2017-05",31,"29-92",29,92,23,16,5,0.7419354838709677,4
"month","2017-05",31,"18-81",18,81,22,16,2,0.7096774193548387,5
"month","2017-05",31,"23-32",23,32,20,13,3,0.6451612903225806,6
"month","2017-05",31,"36-63",36,63,20,14,2,0.6451612903225806,6
"month","2017-05",31,"48-84",48,84,20,12,7,0.6451612903225806,6
"month","2017-05",31,"67-76",67,76,20,15,2,0.6451612903225806,6
"month","2017-05",31,"01-10",1,10,19,15,0,0.6129032258064516,7
"month","2017-05",31,"11-66",11,66,19,12,4,0.6129032258064516,7
"month","2017-05",31,"02-20",2,20,18,15,0,0.5806451612903226,8
"month","2017-05",31,"22-77",22,77,18,15,1,0.5806451612903226,8
"month","2017-05",31,"25-52",25,52,18,14,1,0.5806451612903226,8
"month","2017-05",31,"26-62",26,62,18,14,0,0.5806451612903226,8
"month","2017-05",31,"46-64",46,64,18,13,2,0.5806451612903226,8
"month","2017-05",31,"49-94",49,94,18,13,1,0.5806451612903226,8
"month","2017-05",31,"13-31",13,31,17,14,2,0.5483870967741935,9
"month","2017-05",31,"14-41",14,41,17,14,1,0.5483870967741935,9
"month","2017-05",31,"19-91",19,91,17,11,1,0.5483870967741935,9
"month","2017-05",31,"27-72",27,72,17,13,2,0.5483870967741935,9
"month","2017-05",31,"78-87",78,87,17,15,1,0.5483870967741935,9
"month","2017-05",31,"09-90",9,90,16,11,2,0.5161290322580645,10
"month","2017-05",31,"12-21",12,21,16,11,4,0.5161290322580645,10
"month","2017-05",31,"24-42",24,42,16,13,2,0.5161290322580645,10
"month","2017-05",31,"45-54",45,54,16,12,2,0.5161290322580645,10
"month","2017-05",31,"69-96",69,96,16,12,3,0.5161290322580645,10
"month","2017-05",31,"03-30",3,30,15,11,3,0.4838709677419355,11
"month","2017-05",31,"58-85",58,85,15,11,2,0.4838709677419355,11
"month","2017-05",31,"59-95",59,95,15,12,2,0.4838709677419355,11
"month","2017-05",31,"04-40",4,40,14,13,0,0.45161290322580644,12
"month","2017-05",31,"28-82",28,82,14,12,0,0.45161290322580644,12
"month","2017-05",31,"34-43",34,43,14,12,1,0.45161290322580644,12
"month","2017-05",31,"57-75",57,75,13,8,4,0.41935483870967744,13
"month","2017-05",31,"35-53",35,53,12,11,0,0.3870967741935484,14
"month","2017-05",31,"47-74",47,74,12,10,1,0.3870967741935484,14
"month","2017-05",31,"79-97",79,97,12,11,1,0.3870967741935484,14
"month","2017-05",31,"06-60",6,60,11,9,1,0.3548387096774194,15
"month","2017-05",31,"15-51",15,51,11,10,1,0.3548387096774194,15
"month","2017-05",31,"16-61",16,61,11,9,0,0.3548387096774194,15
"month","2017-05",31,"33-88",33,88,11,9,0,0.3548387096774194,15
"month","2017-05",31,"89-98",89,98,11,10,1,0.3548387096774194,15
"month","2017-05",31,"56-65",56,65,10,6,2,0.3225806451612903,16
"month","2017-05",31,"68-86",68,86,10,10,0,0.3225806451612903,16
"month","2017-05",31,"00-55",0,55,9,8,0,0.2903225806451613,17
"month","2017-05",31,"37-73",37,73,9,8,0,0.2903225806451613,17
"month","2017-06",30,"49-94",49,94,27,21,3,0.9,1
"month","2017-06",30,"12-21",12,21,24,18,3,0.8,2
"month","2017-06",30,"45-54",45,54,24,18,1,0.8,2
"month","2017-06",30,"37-73",37,73,23,19,1,0.7666666666666667,3
"month","2017-06",30,"39-93",39,93,23,17,3,0.7666666666666667,3
"month","2017-06",30,"11-66",11,66,21,13,2,0.7,4
"month","2017-06",30,"15-51",15,51,21,16,3,0.7,4
"month","2017-06",30,"48-84",48,84,21,14,3,0.7,4
"month","2017-06",30,"26-62",26,62,20,15,1,0.6666666666666666,5
"month","2017-06",30,"38-83",38,83,20,15,3,0.6666666666666666,5
"month","2017-06",30,"09-90",9,90,19,13,4,0.6333333333333333,6
"month","2017-06",30,"34-43",34,43,19,12,4,0.6333333333333333,6
"month","2017-06",30,"00-55",0,55,18,13,2,0.6,7
"month","2017-06",30,"01-10",1,10,18,13,2,0.6,7
"month","2017-06",30,"08-80",8,80,18,13,3,0.6,7
"month","2017-06",30,"14-41",14,41,18,11,2,0.6,7
"month","2017-06",30,"18-81",18,81,18,13,2,0.6,7
"month","2017-06",30,"23-32",23,32,18,13,1,0.6,7
"month","2017-06",30,"78-87",78,87,18,15,1,0.6,7
"month","2017-06",30,"06-60",6,60,17,13,1,0.5666666666666667,8
"month","2017-06",30,"16-61",16,61,17,13,2,0.5666666666666667,8
"month","2017-06",30,"19-91",19,91,17,13,2,0.5666666666666667,8
"month","2017-06",30,"35-53",35,53,17,10,2,0.5666666666666667,8
"month","2017-06",30,"58-85",58,85,17,13,1,0.5666666666666667,8
"month","2017-06",30,"05-50",5,50,16,13,1,0.5333333333333333,9
"month","2017-06",30,"07-70",7,70,16,14,1,0.5333333333333333,9
"month","2017-06",30,"25-52",25,52,16,13,1,0.5333333333333333,9
"month","2017-06",30,"46-64",46,64,16,13,2,0.5333333333333333,9
"month","2017-06",30,"02-20",2,20,15,11,2,0.5,10
"month","2017-06",30,"33-88",33,88,15,13,1,0.5,10
"month","2017-06",30,"36-63",36,63,15,13,2,0.5,10
"month","2017-06",30,"57-75",57,75,15,13,0,0.5,10
"month","2017-06",30,"67-76",67,76,15,11,1,0.5,10
"month","2017-06",30,"69-96",69,96,15,11,4,0.5,10
"month","2017-06",30,"89-98",89,98,15,13,2,0.5,10
"month","2017-06",30,"27-72",27,72,14,12,0,0.4666666666666667,11
"month","2017-06",30,"28-82",28,82,14,12,2,0.4666666666666667,11
"month","2017-06",30,"04-40",4,40,13,11,1,0.43333333333333335,12
"month","2017-06",30,"44-99",44,99,13,10,2,0.43333333333333335,12
"month","2017-06",30,"59-95",59,95,13,10,2,0.43333333333333335,12
"month","2017-06",30,"03-30",3,30,12,11,1,0.4,13
"month","2017-06",30,"22-77",22,77,12,12,0,0.4,13
"month","2017-06",30,"47-74",47,74,12,9,2,0.4,13
"month","2017-06",30,"68-86",68,86,12,10,1,0.4,13
"month","2017-06",30,"29-92",29,92,11,8,2,0.36666666666666664,14
"month","2017-06",30,"56-65",56,65,11,10,0,0.36666666666666664,14
"month","2017-06",30,"17-71",17,71,9,9,0,0.3,15
"month","2017-06",30,"13-31",13,31,8,8,0,0.26666666666666666,16
"month","2017-06",30,"79-97",79,97,8,8,0,0.26666666666666666,16
"month","2017-06",30,"24-42",24,42,6,6,0,0.2,17
"month","2017-07",31,"07-70",7,70,29,19,5,0.9354838709677419,1
"month","2017-07",31,"59-95",59,95,25,17,2,0.8064516129032258,2
"month","2017-07",31,"19-91",19,91,23,14,4,0.7419354838709677,3
"month","2017-07",31,"28-82",28,82,22,16,4,0.7096774193548387,4
"month","2017-07",31,"06-60",6,60,21,17,2,0.6774193548387096,5
"month","2017-07",31,"16-61",16,61,21,20,1,0.6774193548387096,5
"month","2017-07",31,"18-81",18,81,21,17,2,0.6774193548387096,5
"month","2017-07",31,"22-77",22,77,21,17,3,0.6774193548387096,5
"month","2017-07",31,"34-43",34,43,21,16,2,0.6774193548387096,5
"month","2017-07",31,"37-73",37,73,21,19,1,0.6774193548387096,5
"month","2017-07",31,"11-66",11,66,20,17,1,0.6451612903225806,6
"month","2017-07",31,"24-42",24,42,20,16,2,0.6451612903225806,6
"month","2017-07",31,"35-53",35,53,20,13,2,0.6451612903225806,6
"month","2017-07",31,"39-93",39,93,20,13,3,0.6451612903225806,6
"month","2017-07",31,"44-99",44,99,20,14,3,0.6451612903225806,6
"month","2017-07",31,"45-54",45,54,20,16,2,0.6451612903225806,6
"month","2017-07",31,"68-86",68,86,20,15,3,0.6451612903225806,6
"month","2017-07",31,"12-21",12,21,19,17,0,0.6129032258064516,7
"month","2017-07",31,"47-74",47,74,19,13,2,0.6129032258064516,7
"month","2017-07",31,"57-75",57,75,19,14,2,0.6129032258064516,7
"month","2017-07",31,"14-41",14,41,18,15,1,0.5806451612903226,8
"month","2017-07",31,"15-51",15,51,18,14,2,0.5806451612903226,8
"month","2017-07",31,"58-85",58,85,18,14,2,0.5806451612903226,8
"month","2017-07",31,"79-97",79,97,18,13,4,0.5806451612903226,8
"month","2017-07",31,"03-30",3,30,17,11,1,0.5483870967741935,9
"month","2017-07",31,"13-31",13,31,17,12,1,0.5483870967741935,9
"month","2017-07",31,"29-92",29,92,17,15,1,0.5483870967741935,9
"month","2017-07",31,"46-64",46,64,17,14,2,0.5483870967741935,9
"month","2017-07",31,"01-10",1,10,15,14,0,0.4838709677419355,10
"month","2017-07",31,"04-40",4,40,15,11,2,0.4838709677419355,10
"month","2017-07",31,"08-80",8,80,15,12,1,0.4838709677419355,10
"month","2017-07",31,"23-32",23,32,15,12,1,0.4838709677419355,10
"month","2017-07",31,"49-94",49,94,15,12,1,0.4838709677419355,10
"month","2017-07",31,"67-76",67,76,15,13,0,0.4838709677419355,10
"month","2017-07",31,"00-55",0,55,14,12,1,0.45161290322580644,11
"month","2017-07",31,"26-62",26,62,14,10,0,0.45161290322580644,11
"month","2017-07",31,"36-63",36,63,14,11,2,0.45161290322580644,11
"month","2017-07",31,"56-65",56,65,14,9,2,0.45161290322580644,11
"month","2017-07",31,"89-98",89,98,14,12,1,0.45161290322580644,11
"month","2017-07",31,"02-20",2,20,13,12,1,0.41935483870967744,12
"month","2017-07",31,"38-83",38,83,13,11,1,0.41935483870967744,12
"month","2017-07",31,"78-87",78,87,13,12,1,0.41935483870967744,12
"month","2017-07",31,"27-72",27,72,12,10,1,0.3870967741935484,13
"month","2017-07",31,"69-96",69,96,12,11,0,0.3870967741935484,13
"month","2017-07",31,"33-88",33,88,11,11,0,0.3548387096774194,14
"month","2017-07",31,"09-90",9,90,9,8,1,0.2903225806451613,15
"month","2017-07",31,"17-71",17,71,9,9,0,0.2903225806451613,15
"month","2017-07",31,"48-84",48,84,9,7,0,0.2903225806451613,15
"month","2017-07",31,"05-50",5,50,7,6,0,0.22580645161290322,16
"month","2017-07",31,"25-52",25,52,7,7,0,0.22580645161290322,16
"month","2017-08",31,"38-83",38,83,26,22,2,0.8387096774193549,1
"month","2017-08",31,"01-10",1,10,25,20,3,0.8064516129032258,2
"month","2017-08",31,"57-75",57,75,24,17,2,0.7741935483870968,3
"month","2017-08",31,"03-30",3,30,23,13,4,0.7419354838709677,4
"month","2017-08",31,"45-54",45,54,23,16,2,0.7419354838709677,4
"month","2017-08",31,"34-43",34,43,22,17,2,0.7096774193548387,5
"month","2017-08",31,"56-65",56,65,22,16,3,0.7096774193548387,5
"month","2017-08",31,"59-95",59,95,22,15,5,0.7096774193548387,5
"month","2017-08",31,"13-31",13,31,21,15,3,0.6774193548387096,6
"month","2017-08",31,"37-73",37,73,21,16,1,0.6774193548387096,6
"month","2017-08",31,"39-93",39,93,20,15,3,0.6451612903225806,7
"month","2017-08",31,"67-76",67,76,20,14,4,0.6451612903225806,7
"month","2017-08",31,"68-86",68,86,20,15,2,0.6451612903225806,7
"month","2017-08",31,"89-98",89,98,20,14,2,0.6451612903225806,7
"month","2017-08",31,"14-41",14,41,19,14,3,0.6129032258064516,8
"month","2017-08",31,"44-99",44,99,19,15,2,0.6129032258064516,8
"month","2017-08",31,"49-94",49,94,19,15,0,0.6129032258064516,8
"month","2017-08",31,"78-87",78,87,19,12,3,0.6129032258064516,8
"month","2017-08",31,"08-80",8,80,18,13,1,0.5806451612903226,9
"month","2017-08",31,"09-90",9,90,18,18,0,0.5806451612903226,9
"month","2017-08",31,"35-53",35,53,18,15,0,0.5806451612903226,9
"month","2017-08",31,"58-85",58,85,18,14,2,0.5806451612903226,9
"month","2017-08",31,"06-60",6,60,17,15,2,0.5483870967741935,10
"month","2017-08",31,"07-70",7,70,17,13,2,0.5483870967741935,10
"month","2017-08",31,"33-88",33,88,17,13,2,0.5483870967741935,10
"month","2017-08",31,"47-74",47,74,17,14,2,0.5483870967741935,10
"month","2017-08",31,"12-21",12,21,16,12,2,0.5161290322580645,11
"month","2017-08",31,"25-52",25,52,16,11,3,0.5161290322580645,11
"month","2017-08",31,"27-72",27,72,16,15,0,0.5161290322580645,11
"month","2017-08",31,"48-84",48,84,16,13,1,0.5161290322580645,11
"month","2017-08",31,"00-55",0,55,15,14,1,0.4838709677419355,12
"month","2017-08",31,"04-40",4,40,15,11,2,0.4838709677419355,12
"month","2017-08",31,"69-96",69,96,15,13,2,0.4838709677419355,12
"month","2017-08",31,"02-20",2,20,14,13,0,0.45161290322580644,13
"month","2017-08",31,"11-66",11,66,14,12,0,0.45161290322580644,13
"month","2017-08",31,"18-81",18,81,14,9,2,0.45161290322580644,13
"month","2017-08",31,"46-64",46,64,14,13,1,0.45161290322580644,13
"month","2017-08",31,"05-50",5,50,13,12,1,0.41935483870967744,14
"month","2017-08",31,"15-51",15,51,13,11,1,0.41935483870967744,14
"month","2017-08",31,"28-82",28,82,13,11,1,0.41935483870967744,14
"month","2017-08",31,"79-97",79,97,13,12,0,0.41935483870967744,14
"month","2017-08",31,"24-42",24,42,12,10,2,0.3870967741935484,15
"month","2017-08",31,"29-92",29,92,12,11,0,0.3870967741935484,15
"month","2017-08",31,"36-63",36,63,12,11,0,0.3870967741935484,15
"month","2017-08",31,"23-32",23,32,11,10,0,0.3548387096774194,16
"month","2017-08",31,"16-61",16,61,10,8,1,0.3225806451612903,17
"month","2017-08",31,"19-91",19,91,10,9,0,0.3225806451612903,17
"month","2017-08",31,"22-77",22,77,10,10,0,0.3225806451612903,17
"month","2017-08",31,"26-62",26,62,10,7,2,0.3225806451612903,17
"month","2017-08",31,"17-71",17,71,8,7,0,0.25806451612903225,18
"month","2017-09",30,"22-77",22,77,27,18,2,0.9,1
"month","2017-09",30,"44-99",44,99,26,18,5,0.8666666666666667,2
"month","2017-09",30,"14-41",14,41,22,15,4,0.7333333333333333,3
"month","2017-09",30,"69-96",69,96,22,15,2,0.7333333333333333,3
"month","2017-09",30,"01-10",1,10,21,16,1,0.7,4
"month","2017-09",30,"13-31",13,31,20,16,1,0.6666666666666666,5
"month","2017-09",30,"89-98",89,98,20,17,0,0.6666666666666666,5
"month","2017-09",30,"03-30",3,30,19,14,1,0.6333333333333333,6
"month","2017-09",30,"06-60",6,60,19,13,2,0.6333333333333333,6
"month","2017-09",30,"09-90",9,90,19,15,1,0.6333333333333333,6
"month","2017-09",30,"19-91",19,91,19,14,3,0.6333333333333333,6
"month","2017-09",30,"26-62",26,62,18,14,4,0.6,7
"month","2017-09",30,"34-43",34,43,18,13,2,0.6,7
"month","2017-09",30,"35-53",35,53,18,15,1,0.6,7
"month","2017-09",30,"59-95",59,95,18,13,2,0.6,7
"month","2017-09",30,"67-76",67,76,18,15,1,0.6,7
"month","2017-09",30,"00-55",0,55,17,12,1,0.5666666666666667,8
"month","2017-09",30,"11-66",11,66,17,15,2,0.5666666666666667,8
"month","2017-09",30,"27-72",27,72,17,14,1,0.5666666666666667,8
"month","2017-09",30,"45-54",45,54,17,14,0,0.5666666666666667,8
"month","2017-09",30,"47-74",47,74,17,13,2,0.5666666666666667,8
"month","2017-09",30,"58-85",58,85,17,14,1,0.5666666666666667,8
"month","2017-09",30,"05-50",5,50,16,12,1,0.5333333333333333,9
"month","2017-09",30,"07-70",7,70,16,13,1,0.5333333333333333,9
"month","2017-09",30,"12-21",12,21,16,13,2,0.5333333333333333,9
"month","2017-09",30,"15-51",15,51,16,12,3,0.5333333333333333,9
"month","2017-09",30,"16-61",16,61,16,12,1,0.5333333333333333,9
"month","2017-09",30,"23-32",23,32,16,13,2,0.5333333333333333,9
"month","2017-09",30,"28-82",28,82,16,12,2,0.5333333333333333,9
"month","2017-09",30,"25-52",25,52,15,11,3,0.5,10
"month","2017-09",30,"29-92",29,92,15,11,1,0.5,10
"month","2017-09",30,"39-93",39,93,15,13,1,0.5,10
"month","2017-09",30,"68-86",68,86,15,10,2,0.5,10
"month","2017-09",30,"79-97",79,97,15,15,0,0.5,10
"month","2017-09",30,"04-40",4,40,14,13,1,0.4666666666666667,11
"month","2017-09",30,"08-80",8,80,14,13,1,0.4666666666666667,11
"month","2017-09",30,"17-71",17,71,14,10,2,0.4666666666666667,11
"month","2017-09",30,"36-63",36,63,14,13,0,0.4666666666666667,11
"month","2017-09",30,"46-64",46,64,14,13,1,0.4666666666666667,11
"month","2017-09",30,"56-65",56,65,14,12,1,0.4666666666666667,11
"month","2017-09",30,"57-75",57,75,14,12,1,0.4666666666666667,11
"month","2017-09",30,"37-73",37,73,13,11,1,0.43333333333333335,12
"month","2017-09",30,"18-81",18,81,12,9,1,0.4,13
"month","2017-09",30,"38-83",38,83,12,10,2,0.4,13
"month","2017-09",30,"02-20",2,20,11,9,2,0.36666666666666664,14
"month","2017-09",30,"48-84",48,84,11,7,3,0.36666666666666664,14
"month","2017-09",30,"49-94",49,94,11,9,1,0.36666666666666664,14
"month","2017-09",30,"33-88",33,88,10,10,0,0.3333333333333333,15
"month","2017-09",30,"78-87",78,87,10,10,0,0.3333333333333333,15
"month","2017-09",30,"24-42",24,42,9,7,0,0.3,16
"month","2017-10",31,"09-90",9,90,26,16,4,0.8387096774193549,1
"month","2017-10",31,"00-55",0,55,24,15,3,0.7741935483870968,2
"month","2017-10",31,"25-52",25,52,24,17,4,0.7741935483870968,2
"month","2017-10",31,"02-20",2,20,23,17,3,0.7419354838709677,3
"month","2017-10",31,"27-72",27,72,23,18,0,0.7419354838709677,3
"month","2017-10",31,"28-82",28,82,22,14,4,0.7096774193548387,4
"month","2017-10",31,"34-43",34,43,22,16,3,0.7096774193548387,4
"month","2017-10",31,"17-71",17,71,21,16,1,0.6774193548387096,5
"month","2017-10",31,"22-77",22,77,21,16,1,0.6774193548387096,5
"month","2017-10",31,"24-42",24,42,21,16,3,0.6774193548387096,5
"month","2017-10",31,"59-95",59,95,21,14,3,0.6774193548387096,5
"month","2017-10",31,"07-70",7,70,20,16,1,0.6451612903225806,6
"month","2017-10",31,"11-66",11,66,20,18,1,0.6451612903225806,6
"month","2017-10",31,"13-31",13,31,20,15,3,0.6451612903225806,6
"month","2017-10",31,"19-91",19,91,19,14,3,0.6129032258064516,7
"month","2017-10",31,"46-64",46,64,19,15,1,0.6129032258064516,7
"month","2017-10",31,"67-76",67,76,19,14,2,0.6129032258064516,7
"month","2017-10",31,"26-62",26,62,18,15,1,0.5806451612903226,8
"month","2017-10",31,"35-53",35,53,18,14,1,0.5806451612903226,8
"month","2017-10",31,"36-63",36,63,18,11,3,0.5806451612903226,8
"month","2017-10",31,"38-83",38,83,18,13,3,0.5806451612903226,8
"month","2017-10",31,"49-94",49,94,18,15,2,0.5806451612903226,8
"month","2017-10",31,"03-30",3,30,17,14,2,0.5483870967741935,9
"month","2017-10",31,"15-51",15,51,17,13,2,0.5483870967741935,9
"month","2017-10",31,"37-73",37,73,17,15,0,0.5483870967741935,9
"month","2017-10",31,"58-85",58,85,17,12,1,0.5483870967741935,9
"month","2017-10",31,"18-81",18,81,16,12,3,0.5161290322580645,10
"month","2017-10",31,"47-74",47,74,16,12,2,0.5161290322580645,10
"month","2017-10",31,"04-40",4,40,15,13,0,0.4838709677419355,11
"month","2017-10",31,"16-61",16,61,15,11,2,0.4838709677419355,11
"month","2017-10",31,"23-32",23,32,15,14,1,0.4838709677419355,11
"month","2017-10",31,"45-54",45,54,15,14,0,0.4838709677419355,11
"month","2017-10",31,"56-65",56,65,15,10,3,0.4838709677419355,11
"month","2017-10",31,"57-75",57,75,15,11,2,0.4838709677419355,11
"month","2017-10",31,"79-97",79,97,15,10,5,0.4838709677419355,11
"month","2017-10",31,"01-10",1,10,14,11,0,0.45161290322580644,12
"month","2017-10",31,"33-88",33,88,14,12,1,0.45161290322580644,12
"month","2017-10",31,"39-93",39,93,14,13,1,0.45161290322580644,12
"month","2017-10",31,"48-84",48,84,14,13,1,0.45161290322580644,12
"month","2017-10",31,"06-60",6,60,13,12,0,0.41935483870967744,13
"month","2017-10",31,"29-92",29,92,13,10,2,0.41935483870967744,13
"month","2017-10",31,"12-21",12,21,12,10,1,0.3870967741935484,14
"month","2017-10",31,"69-96",69,96,12,9,1,0.3870967741935484,14
"month","2017-10",31,"08-80",8,80,11,9,1,0.3548387096774194,15
"month","2017-10",31,"78-87",78,87,11,10,1,0.3548387096774194,15
"month","2017-10",31,"89-98",89,98,11,10,0,0.3548387096774194,15
"month","2017-10",31,"05-50",5,50,10,9,1,0.3225806451612903,16
"month","2017-10",31,"14-41",14,41,10,8,0,0.3225806451612903,16
"month","2017-10",31,"68-86",68,86,10,8,1,0.3225806451612903,16
"month","2017-10",31,"44-99",44,99,8,7,1,0.25806451612903225,17
"month","2017-11",30,"00-55",0,55,24,20,1,0.8,1
"month","2017-11",30,"25-52",25,52,22,14,4,0.7333333333333333,2
"month","2017-11",30,"59-95",59,95,22,16,2,0.7333333333333333,2
"month","2017-11",30,"68-86",68,86,22,16,5,0.7333333333333333,2
"month","2017-11",30,"03-30",3,30,21,15,4,0.7,3
"month","2017-11",30,"28-82",28,82,21,14,6,0.7,3
"month","2017-11",30,"47-74",47,74,21,16,1,0.7,3
"month","2017-11",30,"89-98",89,98,21,14,3,0.7,3
"month","2017-11",30,"05-50",5,50,20,14,3,0.6666666666666666,4
"month","2017-11",30,"27-72",27,72,20,16,1,0.6666666666666666,4
"month","2017-11",30,"57-75",57,75,20,16,3,0.6666666666666666,4
"month","2017-11",30,"08-80",8,80,19,15,2,0.6333333333333333,5
"month","2017-11",30,"16-61",16,61,19,16,0,0.6333333333333333,5
"month","2017-11",30,"19-91",19,91,19,14,2,0.6333333333333333,5
"month","2017-11",30,"26-62",26,62,19,15,2,0.6333333333333333,5
"month","2017-11",30,"79-97",79,97,19,16,1,0.6333333333333333,5
"month","2017-11",30,"02-20",2,20,18,13,3,0.6,6
"month","2017-11",30,"14-41",14,41,18,16,2,0.6,6
"month","2017-11",30,"33-88",33,88,17,13,2,0.5666666666666667,7
"month","2017-11",30,"46-64",46,64,17,15,1,0.5666666666666667,7
"month","2017-11",30,"56-65",56,65,17,10,1,0.5666666666666667,7
"month","2017-11",30,"78-87",78,87,17,12,2,0.5666666666666667,7
"month","2017-11",30,"11-66",11,66,16,12,1,0.5333333333333333,8
"month","2017-11",30,"15-51",15,51,16,12,2,0.5333333333333333,8
"month","2017-11",30,"23-32",23,32,16,12,2,0.5333333333333333,8
"month","2017-11",30,"37-73",37,73,16,14,2,0.5333333333333333,8
"month","2017-11",30,"45-54",45,54,16,14,0,0.5333333333333333,8
"month","2017-11",30,"48-84",48,84,16,13,1,0.5333333333333333,8
"month","2017-11",30,"49-94",49,94,16,15,1,0.5333333333333333,8
"month","2017-11",30,"09-90",9,90,15,13,0,0.5,9
"month","2017-11",30,"13-31",13,31,15,13,0,0.5,9
"month","2017-11",30,"22-77",22,77,15,12,2,0.5,9
"month","2017-11",30,"01-10",1,10,14,12,2,0.4666666666666667,10
"month","2017-11",30,"04-40",4,40,14,11,2,0.4666666666666667,10
"month","2017-11",30,"07-70",7,70,14,9,2,0.4666666666666667,10
"month","2017-11",30,"24-42",24,42,14,13,1,0.4666666666666667,10
"month","2017-11",30,"58-85",58,85,14,12,1,0.4666666666666667,10
"month","2017-11",30,"34-43",34,43,13,11,1,0.43333333333333335,11
"month","2017-11",30,"36-63",36,63,13,12,0,0.43333333333333335,11
"month","2017-11",30,"67-76",67,76,13,12,0,0.43333333333333335,11
"month","2017-11",30,"12-21",12,21,12,10,1,0.4,12
"month","2017-11",30,"17-71",17,71,12,9,2,0.4,12
"month","2017-11",30,"18-81",18,81,12,8,2,0.4,12
"month","2017-11",30,"35-53",35,53,12,12,0,0.4,12
"month","2017-11",30,"39-93",39,93,12,9,2,0.4,12
"month","2017-11",30,"06-60",6,60,11,9,0,0.36666666666666664,13
"month","2017-11",30,"38-83",38,83,11,9,0,0.36666666666666664,13
"month","2017-11",30,"29-92",29,92,10,8,2,0.3333333333333333,14
"month","2017-11",30,"44-99",44,99,10,9,0,0.3333333333333333,14
"month","2017-11",30,"69-96",69,96,9,9,0,0.3,15
"month","2017-12",31,"12-21",12,21,24,18,1,0.7741935483870968,1
"month","2017-12",31,"15-51",15,51,23,20,1,0.7419354838709677,2
"month","2017-12",31,"36-63",36,63,23,16,2,0.7419354838709677,2
"month","2017-12",31,"14-41",14,41,21,17,1,0.6774193548387096,3
"month","2017-12",31,"26-62",26,62,21,16,0,0.6774193548387096,3
"month","2017-12",31,"35-53",35,53,21,14,4,0.6774193548387096,3
"month","2017-12",31,"48-84",48,84,21,15,3,0.6774193548387096,3
"month","2017-12",31,"67-76",67,76,21,15,3,0.6774193548387096,3
"month","2017-12",31,"01-10",1,10,20,17,1,0.6451612903225806,4
"month","2017-12",31,"08-80",8,80,20,13,2,0.6451612903225806,4
"month","2017-12",31,"09-90",9,90,20,14,2,0.6451612903225806,4
"month","2017-12",31,"18-81",18,81,20,18,2,0.6451612903225806,4
"month","2017-12",31,"23-32",23,32,20,12,4,0.6451612903225806,4
"month","2017-12",31,"24-42",24,42,20,13,4,0.6451612903225806,4
"month","2017-12",31,"68-86",68,86,20,13,2,0.6451612903225806,4
"month","2017-12",31,"78-87",78,87,20,15,1,0.6451612903225806,4
"month","2017-12",31,"79-97",79,97,19,15,2,0.6129032258064516,5
"month","2017-12",31,"11-66",11,66,18,17,1,0.5806451612903226,6
"month","2017-12",31,"13-31",13,31,18,15,1,0.5806451612903226,6
"month","2017-12",31,"33-88",33,88,18,13,2,0.5806451612903226,6
"month","2017-12",31,"89-98",89,98,18,15,1,0.5806451612903226,6
"month","2017-12",31,"25-52",25,52,17,13,1,0.5483870967741935,7
"month","2017-12",31,"49-94",49,94,17,13,1,0.5483870967741935,7
"month","2017-12",31,"58-85",58,85,17,14,0,0.5483870967741935,7
"month","2017-12",31,"19-91",19,91,16,12,1,0.5161290322580645,8
"month","2017-12",31,"27-72",27,72,16,12,3,0.5161290322580645,8
"month","2017-12",31,"29-92",29,92,16,15,1,0.5161290322580645,8
"month","2017-12",31,"45-54",45,54,16,12,1,0.5161290322580645,8
"month","2017-12",31,"46-64",46,64,16,12,1,0.5161290322580645,8
"month","2017-12",31,"57-75",57,75,16,12,1,0.5161290322580645,8
"month","2017-12",31,"03-30",3,30,15,13,0,0.4838709677419355,9
"month","2017-12",31,"06-60",6,60,15,12,2,0.4838709677419355,9
"month","2017-12",31,"22-77",22,77,15,11,3,0.4838709677419355,9
"month","2017-12",31,"37-73",37,73,15,11,1,0.4838709677419355,9
"month","2017-12",31,"47-74",47,74,15,11,1,0.4838709677419355,9
"month","2017-12",31,"56-65",56,65,15,11,3,0.4838709677419355,9
"month","2017-12",31,"59-95",59,95,15,13,1,0.4838709677419355,9
"month","2017-12",31,"69-96",69,96,15,10,2,0.4838709677419355,9
"month","2017-12",31,"02-20",2,20,14,12,2,0.45161290322580644,10
"month","2017-12",31,"16-61",16,61,14,14,0,0.45161290322580644,10
"month","2017-12",31,"17-71",17,71,14,11,3,0.45161290322580644,10
"month","2017-12",31,"04-40",4,40,13,12,0,0.41935483870967744,11
"month","2017-12",31,"07-70",7,70,13,10,0,0.41935483870967744,11
"month","2017-12",31,"44-99",44,99,13,9,3,0.41935483870967744,11
"month","2017-12",31,"00-55",0,55,12,11,0,0.3870967741935484,12
"month","2017-12",31,"05-50",5,50,12,12,0,0.3870967741935484,12
"month","2017-12",31,"28-82",28,82,12,10,2,0.3870967741935484,12
"month","2017-12",31,"39-93",39,93,11,11,0,0.3548387096774194,13
"month","2017-12",31,"38-83",38,83,9,7,0,0.2903225806451613,14
"month","2017-12",31,"34-43",34,43,7,7,0,0.22580645161290322,15
"month","2018-01",31,"26-62",26,62,28,20,2,0.9032258064516129,1
"month","2018-01",31,"05-50",5,50,24,18,2,0.7741935483870968,2
"month","2018-01",31,"08-80",8,80,23,17,4,0.7419354838709677,3
"month","2018-01",31,"37-73",37,73,23,17,4,0.7419354838709677,3
"month","2018-01",31,"49-94",49,94,23,16,4,0.7419354838709677,3
"month","2018-01",31,"17-71",17,71,22,21,1,0.7096774193548387,4
"month","2018-01",31,"01-10",1,10,21,18,0,0.6774193548387096,5
"month","2018-01",31,"22-77",22,77,21,17,3,0.6774193548387096,5
"month","2018-01",31,"36-63",36,63,21,15,3,0.6774193548387096,5
"month","2018-01",31,"02-20",2,20,20,14,3,0.6451612903225806,6
"month","2018-01",31,"12-21",12,21,20,14,2,0.6451612903225806,6
"month","2018-01",31,"28-82",28,82,20,14,1,0.6451612903225806,6
"month","2018-01",31,"33-88",33,88,20,13,2,0.6451612903225806,6
"month","2018-01",31,"19-91",19,91,19,12,2,0.6129032258064516,7
"month","2018-01",31,"35-53",35,53,19,15,2,0.6129032258064516,7
"month","2018-01",31,"39-93",39,93,19,15,1,0.6129032258064516,7
"month","2018-01",31,"07-70",7,70,18,17,0,0.5806451612903226,8
"month","2018-01",31,"14-41",14,41,18,14,1,0.5806451612903226,8
"month","2018-01",31,"48-84",48,84,18,13,3,0.5806451612903226,8
"month","2018-01",31,"23-32",23,32,17,15,0,0.5483870967741935,9
"month","2018-01",31,"27-72",27,72,17,14,1,0.5483870967741935,9
"month","2018-01",31,"34-43",34,43,17,14,1,0.5483870967741935,9
"month","2018-01",31,"11-66",11,66,16,14,2,0.5161290322580645,10
"month","2018-01",31,"15-51",15,51,16,14,1,0.5161290322580645,10
"month","2018-01",31,"38-83",38,83,16,13,1,0.5161290322580645,10
"month","2018-01",31,"57-75",57,75,16,12,2,0.5161290322580645,10
"month","2018-01",31,"58-85",58,85,16,11,0,0.5161290322580645,10
"month","2018-01",31,"67-76",67,76,16,16,0,0.5161290322580645,10
"month","2018-01",31,"04-40",4,40,15,14,0,0.4838709677419355,11
"month","2018-01",31,"45-54",45,54,15,13,0,0.4838709677419355,11
"month","2018-01",31,"46-64",46,64,15,13,1,0.4838709677419355,11
"month","2018-01",31,"47-74",47,74,15,11,2,0.4838709677419355,11
"month","2018-01",31,"59-95",59,95,15,13,1,0.4838709677419355,11
"month","2018-01",31,"00-55",0,55,14,11,2,0.45161290322580644,12
"month","2018-01",31,"06-60",6,60,14,11,2,0.45161290322580644,12
"month","2018-01",31,"09-90",9,90,14,12,1,0.45161290322580644,12
"month","2018-01",31,"24-42",24,42,14,13,0,0.45161290322580644,12
"month","2018-01",31,"29-92",29,92,14,11,2,0.45161290322580644,12
"month","2018-01",31,"56-65",56,65,14,10,2,0.45161290322580644,12
"month","2018-01",31,"79-97",79,97,14,10,3,0.45161290322580644,12
"month","2018-01",31,"03-30",3,30,13,12,1,0.41935483870967744,13
"month","2018-01",31,"16-61",16,61,13,11,2,0.41935483870967744,13
"month","2018-01",31,"44-99",44,99,13,12,1,0.41935483870967744,13
"month","2018-01",31,"68-86",68,86,13,13,0,0.41935483870967744,13
"month","2018-01",31,"89-98",89,98,13,12,0,0.41935483870967744,13
"month","2018-01",31,"18-81",18,81,12,11,1,0.3870967741935484,14
"month","2018-01",31,"69-96",69,96,12,10,1,0.3870967741935484,14
"month","2018-01",31,"13-31",13,31,11,8,0,0.3548387096774194,15
"month","2018-01",31,"78-87",78,87,11,11,0,0.3548387096774194,15
"month","2018-01",31,"25-52",25,52,9,8,1,0.2903225806451613,16
"month","2018-02",24,"22-77",22,77,20,16,0,0.8333333333333334,1
"month","2018-02",24,"25-52",25,52,20,15,4,0.8333333333333334,1
"month","2018-02",24,"02-20",2,20,19,12,4,0.7916666666666666,2
"month","2018-02",24,"15-51",15,51,18,13,1,0.75,3
"month","2018-02",24,"38-83",38,83,18,12,3,0.75,3
"month","2018-02",24,"05-50",5,50,17,13,2,0.7083333333333334,4
"month","2018-02",24,"08-80",8,80,17,14,1,0.7083333333333334,4
"month","2018-02",24,"29-92",29,92,17,12,2,0.7083333333333334,4
"month","2018-02",24,"33-88",33,88,17,11,4,0.7083333333333334,4
"month","2018-02",24,"06-60",6,60,16,13,2,0.6666666666666666,5
"month","2018-02",24,"11-66",11,66,16,11,3,0.6666666666666666,5
"month","2018-02",24,"48-84",48,84,16,12,1,0.6666666666666666,5
"month","2018-02",24,"79-97",79,97,16,13,0,0.6666666666666666,5
"month","2018-02",24,"89-98",89,98,16,14,0,0.6666666666666666,5
"month","2018-02",24,"00-55",0,55,15,13,2,0.625,6
"month","2018-02",24,"04-40",4,40,15,10,4,0.625,6
"month","2018-02",24,"19-91",19,91,15,11,2,0.625,6
"month","2018-02",24,"23-32",23,32,15,13,1,0.625,6
"month","2018-02",24,"35-53",35,53,15,11,3,0.625,6
"month","2018-02",24,"39-93",39,93,15,10,3,0.625,6
"month","2018-02",24,"03-30",3,30,14,9,3,0.5833333333333334,7
"month","2018-02",24,"17-71",17,71,14,11,3,0.5833333333333334,7
"month","2018-02",24,"37-73",37,73,14,10,1,0.5833333333333334,7
"month","2018-02",24,"58-85",58,85,14,9,4,0.5833333333333334,7
"month","2018-02",24,"14-41",14,41,13,11,0,0.5416666666666666,8
"month","2018-02",24,"24-42",24,42,13,10,1,0.5416666666666666,8
"month","2018-02",24,"44-99",44,99,13,11,1,0.5416666666666666,8
"month","2018-02",24,"68-86",68,86,13,9,1,0.5416666666666666,8
"month","2018-02",24,"28-82",28,82,12,9,2,0.5,9
"month","2018-02",24,"57-75",57,75,12,10,2,0.5,9
"month","2018-02",24,"59-95",59,95,12,10,2,0.5,9
"month","2018-02",24,"67-76",67,76,12,10,2,0.5,9
"month","2018-02",24,"12-21",12,21,11,10,1,0.4583333333333333,10
"month","2018-02",24,"13-31",13,31,11,10,0,0.4583333333333333,10
"month","2018-02",24,"45-54",45,54,11,8,2,0.4583333333333333,10
"month","2018-02",24,"49-94",49,94,11,9,0,0.4583333333333333,10
"month","2018-02",24,"01-10",1,10,10,8,1,0.4166666666666667,11
"month","2018-02",24,"16-61",16,61,10,9,0,0.4166666666666667,11
"month","2018-02",24,"27-72",27,72,10,10,0,0.4166666666666667,11
"month","2018-02",24,"78-87",78,87,10,6,2,0.4166666666666667,11
"month","2018-02",24,"18-81",18,81,9,8,1,0.375,12
"month","2018-02",24,"46-64",46,64,9,8,0,0.375,12
"month","2018-02",24,"47-74",47,74,9,9,0,0.375,12
"month","2018-02",24,"09-90",9,90,8,5,3,0.3333333333333333,13
"month","2018-02",24,"26-62",26,62,8,7,1,0.3333333333333333,13
"month","2018-02",24,"56-65",56,65,8,7,0,0.3333333333333333,13
"month","2018-02",24,"34-43",34,43,7,6,0,0.2916666666666667,14
"month","2018-02",24,"07-70",7,70,6,6,0,0.25,15
"month","2018-02",24,"36-63",36,63,6,5,1,0.25,15
"month","2018-02",24,"69-96",69,96,5,5,0,0.20833333333333334,16
"month","2018-03",31,"58-85",58,85,28,19,4,0.9032258064516129,1
"month","2018-03",31,"06-60",6,60,25,19,3,0.8064516129032258,2
"month","2018-03",31,"18-81",18,81,22,16,5,0.7096774193548387,3
"month","2018-03",31,"27-72",27,72,22,16,3,0.7096774193548387,3
"month","2018-03",31,"24-42",24,42,21,17,3,0.6774193548387096,4
"month","2018-03",31,"89-98",89,98,21,17,2,0.6774193548387096,4
"month","2018-03",31,"44-99",44,99,20,13,2,0.6451612903225806,5
"month","2018-03",31,"59-95",59,95,20,15,1,0.6451612903225806,5
"month","2018-03",31,"05-50",5,50,19,12,2,0.6129032258064516,6
"month","2018-03",31,"09-90",9,90,19,17,1,0.6129032258064516,6
"month","2018-03",31,"13-31",13,31,19,15,2,0.6129032258064516,6
"month","2018-03",31,"15-51",15,51,19,14,1,0.6129032258064516,6
"month","2018-03",31,"26-62",26,62,19,14,3,0.6129032258064516,6
"month","2018-03",31,"38-83",38,83,19,15,3,0.6129032258064516,6
"month","2018-03",31,"49-94",49,94,19,16,1,0.6129032258064516,6
"month","2018-03",31,"57-75",57,75,19,14,3,0.6129032258064516,6
"month","2018-03",31,"07-70",7,70,18,15,2,0.5806451612903226,7
"month","2018-03",31,"17-71",17,71,18,12,1,0.5806451612903226,7
"month","2018-03",31,"29-92",29,92,18,13,2,0.5806451612903226,7
"month","2018-03",31,"33-88",33,88,18,13,1,0.5806451612903226,7
"month","2018-03",31,"37-73",37,73,18,15,1,0.5806451612903226,7
"month","2018-03",31,"67-76",67,76,18,11,3,0.5806451612903226,7
"month","2018-03",31,"04-40",4,40,17,14,0,0.5483870967741935,8
"month","2018-03",31,"34-43",34,43,17,12,2,0.5483870967741935,8
"month","2018-03",31,"39-93",39,93,17,15,2,0.5483870967741935,8
"month","2018-03",31,"56-65",56,65,17,13,2,0.5483870967741935,8
"month","2018-03",31,"11-66",11,66,16,12,2,0.5161290322580645,9
"month","2018-03",31,"19-91",19,91,16,13,0,0.5161290322580645,9
"month","2018-03",31,"23-32",23,32,16,12,2,0.5161290322580645,9
"month","2018-03",31,"25-52",25,52,16,14,1,0.5161290322580645,9
"month","2018-03",31,"78-87",78,87,16,12,2,0.5161290322580645,9
"month","2018-03",31,"79-97",79,97,16,10,2,0.5161290322580645,9
"month","2018-03",31,"00-55",0,55,15,11,0,0.4838709677419355,10
"month","2018-03",31,"03-30",3,30,15,11,2,0.4838709677419355,10
"month","2018-03",31,"14-41",14,41,15,8,4,0.4838709677419355,10
"month","2018-03",31,"22-77",22,77,15,10,2,0.4838709677419355,10
"month","2018-03",31,"36-63",36,63,15,13,1,0.4838709677419355,10
"month","2018-03",31,"46-64",46,64,15,11,2,0.4838709677419355,10
"month","2018-03",31,"68-86",68,86,15,13,1,0.4838709677419355,10
"month","2018-03",31,"69-96",69,96,15,11,1,0.4838709677419355,10
"month","2018-03",31,"08-80",8,80,13,8,4,0.41935483870967744,11
"month","2018-03",31,"12-21",12,21,13,10,0,0.41935483870967744,11
"month","2018-03",31,"28-82",28,82,13,10,2,0.41935483870967744,11
"month","2018-03",31,"45-54",45,54,13,10,2,0.41935483870967744,11
"month","2018-03",31,"47-74",47,74,13,11,1,0.41935483870967744,11
"month","2018-03",31,"35-53",35,53,12,11,0,0.3870967741935484,12
"month","2018-03",31,"02-20",2,20,11,10,1,0.3548387096774194,13
"month","2018-03",31,"48-84",48,84,11,10,0,0.3548387096774194,13
"month","2018-03",31,"16-61",16,61,9,8,0,0.2903225806451613,14
"month","2018-03",31,"01-10",1,10,6,5,1,0.1935483870967742,15
"month","2018-04",30,"13-31",13,31,26,18,4,0.8666666666666667,1
"month","2018-04",30,"67-76",67,76,26,18,3,0.8666666666666667,1
"month","2018-04",30,"01-10",1,10,25,16,3,0.8333333333333334,2
"month","2018-04",30,"22-77",22,77,24,19,4,0.8,3
"month","2018-04",30,"68-86",68,86,23,15,4,0.7666666666666667,4
"month","2018-04",30,"15-51",15,51,22,15,3,0.7333333333333333,5
"month","2018-04",30,"79-97",79,97,22,16,3,0.7333333333333333,5
"month","2018-04",30,"36-63",36,63,21,16,2,0.7,6
"month","2018-04",30,"16-61",16,61,20,15,3,0.6666666666666666,7
"month","2018-04",30,"18-81",18,81,20,16,4,0.6666666666666666,7
"month","2018-04",30,"23-32",23,32,20,13,3,0.6666666666666666,7
"month","2018-04",30,"28-82",28,82,20,15,2,0.6666666666666666,7
"month","2018-04",30,"29-92",29,92,19,17,0,0.6333333333333333,8
"month","2018-04",30,"45-54",45,54,19,15,2,0.6333333333333333,8
"month","2018-04",30,"12-21",12,21,18,14,2,0.6,9
"month","2018-04",30,"25-52",25,52,18,12,1,0.6,9
"month","2018-04",30,"33-88",33,88,18,14,2,0.6,9
"month","2018-04",30,"46-64",46,64,18,13,2,0.6,9
"month","2018-04",30,"49-94",49,94,18,14,2,0.6,9
"month","2018-04",30,"69-96",69,96,18,16,1,0.6,9
"month","2018-04",30,"38-83",38,83,17,14,1,0.5666666666666667,10
"month","2018-04",30,"44-99",44,99,17,14,2,0.5666666666666667,10
"month","2018-04",30,"00-55",0,55,16,14,1,0.5333333333333333,11
"month","2018-04",30,"04-40",4,40,16,14,2,0.5333333333333333,11
"month","2018-04",30,"08-80",8,80,16,15,0,0.5333333333333333,11
"month","2018-04",30,"27-72",27,72,16,13,2,0.5333333333333333,11
"month","2018-04",30,"56-65",56,65,16,15,1,0.5333333333333333,11
"month","2018-04",30,"58-85",58,85,16,12,3,0.5333333333333333,11
"month","2018-04",30,"07-70",7,70,15,12,2,0.5,12
"month","2018-04",30,"34-43",34,43,15,12,2,0.5,12
"month","2018-04",30,"37-73",37,73,15,12,1,0.5,12
"month","2018-04",30,"89-98",89,98,15,11,3,0.5,12
"month","2018-04",30,"26-62",26,62,14,11,1,0.4666666666666667,13
"month","2018-04",30,"35-53",35,53,14,11,1,0.4666666666666667,13
"month","2018-04",30,"47-74",47,74,14,12,1,0.4666666666666667,13
"month","2018-04",30,"57-75",57,75,14,12,0,0.4666666666666667,13
"month","2018-04",30,"11-66",11,66,13,11,1,0.43333333333333335,14
"month","2018-04",30,"14-41",14,41,13,11,1,0.43333333333333335,14
"month","2018-04",30,"48-84",48,84,13,10,1,0.43333333333333335,14
"month","2018-04",30,"19-91",19,91,12,11,1,0.4,15
"month","2018-04",30,"02-20",2,20,11,10,1,0.36666666666666664,16
"month","2018-04",30,"09-90",9,90,11,9,0,0.36666666666666664,16
"month","2018-04",30,"17-71",17,71,11,9,1,0.36666666666666664,16
"month","2018-04",30,"78-87",78,87,11,10,1,0.36666666666666664,16
"month","2018-04",30,"24-42",24,42,10,9,0,0.3333333333333333,17
"month","2018-04",30,"39-93",39,93,10,10,0,0.3333333333333333,17
"month","2018-04",30,"59-95",59,95,10,9,1,0.3333333333333333,17
"month","2018-04",30,"03-30",3,30,9,8,0,0.3,18
"month","2018-04",30,"05-50",5,50,8,8,0,0.26666666666666666,19
"month","2018-04",30,"06-60",6,60,7,7,0,0.23333333333333334,20
"month","2018-05",31,"11-66",11,66,30,21,4,0.967741935483871,1
"month","2018-05",31,"46-64",46,64,27,19,4,0.8709677419354839,2
"month","2018-05",31,"26-62",26,62,22,15,4,0.7096774193548387,3
"month","2018-05",31,"48-84",48,84,22,14,3,0.7096774193548387,3
"month","2018-05",31,"04-40",4,40,21,14,4,0.6774193548387096,4
"month","2018-05",31,"12-21",12,21,21,14,4,0.6774193548387096,4
"month","2018-05",31,"67-76",67,76,21,17,1,0.6774193548387096,4
"month","2018-05",31,"22-77",22,77,20,15,3,0.6451612903225806,5
"month","2018-05",31,"23-32",23,32,20,13,4,0.6451612903225806,5
"month","2018-05",31,"24-42",24,42,20,14,3,0.6451612903225806,5
"month","2018-05",31,"25-52",25,52,20,18,1,0.6451612903225806,5
"month","2018-05",31,"01-10",1,10,19,13,4,0.6129032258064516,6
"month","2018-05",31,"03-30",3,30,19,15,1,0.6129032258064516,6
"month","2018-05",31,"16-61",16,61,19,13,4,0.6129032258064516,6
"month","2018-05",31,"19-91",19,91,19,15,2,0.6129032258064516,6
"month","2018-05",31,"28-82",28,82,19,15,1,0.6129032258064516,6
"month","2018-05",31,"29-92",29,92,19,12,2,0.6129032258064516,6
"month","2018-05",31,"18-81",18,81,18,15,0,0.5806451612903226,7
"month","2018-05",31,"49-94",49,94,18,14,3,0.5806451612903226,7
"month","2018-05",31,"79-97",79,97,18,12,1,0.5806451612903226,7
"month","2018-05",31,"14-41",14,41,17,14,2,0.5483870967741935,8
"month","2018-05",31,"39-93",39,93,17,12,2,0.5483870967741935,8
"month","2018-05",31,"45-54",45,54,17,14,1,0.5483870967741935,8
"month","2018-05",31,"78-87",78,87,17,14,1,0.5483870967741935,8
"month","2018-05",31,"33-88",33,88,16,12,2,0.5161290322580645,9
"month","2018-05",31,"38-83",38,83,16,12,3,0.5161290322580645,9
"month","2018-05",31,"44-99",44,99,16,11,2,0.5161290322580645,9
"month","2018-05",31,"69-96",69,96,16,14,1,0.5161290322580645,9
"month","2018-05",31,"06-60",6,60,15,10,2,0.4838709677419355,10
"month","2018-05",31,"09-90",9,90,15,13,1,0.4838709677419355,10
"month","2018-05",31,"13-31",13,31,15,12,2,0.4838709677419355,10
"month","2018-05",31,"27-72",27,72,15,10,0,0.4838709677419355,10
"month","2018-05",31,"37-73",37,73,15,13,1,0.4838709677419355,10
"month","2018-05",31,"68-86",68,86,15,11,4,0.4838709677419355,10
"month","2018-05",31,"89-98",89,98,15,11,1,0.4838709677419355,10
"month","2018-05",31,"00-55",0,55,14,12,1,0.45161290322580644,11
"month","2018-05",31,"07-70",7,70,14,12,0,0.45161290322580644,11
"month","2018-05",31,"17-71",17,71,14,10,2,0.45161290322580644,11
"month","2018-05",31,"36-63",36,63,14,12,1,0.45161290322580644,11
"month","2018-05",31,"47-74",47,74,14,12,0,0.45161290322580644,11
"month","2018-05",31,"58-85",58,85,14,10,1,0.45161290322580644,11
"month","2018-05",31,"05-50",5,50,13,10,1,0.41935483870967744,12
"month","2018-05",31,"35-53",35,53,13,11,0,0.41935483870967744,12
"month","2018-05",31,"56-65",56,65,13,12,0,0.41935483870967744,12
"month","2018-05",31,"08-80",8,80,12,11,1,0.3870967741935484,13
"month","2018-05",31,"34-43",34,43,12,10,1,0.3870967741935484,13
"month","2018-05",31,"02-20",2,20,11,9,0,0.3548387096774194,14
"month","2018-05",31,"57-75",57,75,11,8,1,0.3548387096774194,14
"month","2018-05",31,"59-95",59,95,11,10,1,0.3548387096774194,14
"month","2018-05",31,"15-51",15,51,8,8,0,0.25806451612903225,15
"month","2018-06",30,"04-40",4,40,28,18,5,0.9333333333333333,1
"month","2018-06",30,"39-93",39,93,24,18,2,0.8,2
"month","2018-06",30,"08-80",8,80,23,18,3,0.7666666666666667,3
"month","2018-06",30,"89-98",89,98,23,17,3,0.7666666666666667,3
"month","2018-06",30,"33-88",33,88,21,14,4,0.7,4
"month","2018-06",30,"27-72",27,72,20,15,3,0.6666666666666666,5
"month","2018-06",30,"29-92",29,92,20,14,3,0.6666666666666666,5
"month","2018-06",30,"67-76",67,76,20,13,3,0.6666666666666666,5
"month","2018-06",30,"01-10",1,10,19,13,2,0.6333333333333333,6
"month","2018-06",30,"22-77",22,77,19,14,4,0.6333333333333333,6
"month","2018-06",30,"25-52",25,52,19,14,4,0.6333333333333333,6
"month","2018-06",30,"47-74",47,74,19,15,2,0.6333333333333333,6
"month","2018-06",30,"78-87",78,87,19,11,4,0.6333333333333333,6
"month","2018-06",30,"79-97",79,97,19,13,3,0.6333333333333333,6
"month","2018-06",30,"48-84",48,84,18,14,2,0.6,7
"month","2018-06",30,"03-30",3,30,17,12,3,0.5666666666666667,8
"month","2018-06",30,"28-82",28,82,17,12,2,0.5666666666666667,8
"month","2018-06",30,"34-43",34,43,17,14,2,0.5666666666666667,8
"month","2018-06",30,"37-73",37,73,17,14,3,0.5666666666666667,8
"month","2018-06",30,"38-83",38,83,17,13,3,0.5666666666666667,8
"month","2018-06",30,"56-65",56,65,17,12,3,0.5666666666666667,8
"month","2018-06",30,"16-61",16,61,16,14,2,0.5333333333333333,9
"month","2018-06",30,"17-71",17,71,16,12,2,0.5333333333333333,9
"month","2018-06",30,"35-53",35,53,16,14,1,0.5333333333333333,9
"month","2018-06",30,"36-63",36,63,16,15,1,0.5333333333333333,9
"month","2018-06",30,"46-64",46,64,16,12,2,0.5333333333333333,9
"month","2018-06",30,"58-85",58,85,16,11,3,0.5333333333333333,9
"month","2018-06",30,"59-95",59,95,16,13,2,0.5333333333333333,9
"month","2018-06",30,"00-55",0,55,15,13,1,0.5,10
"month","2018-06",30,"02-20",2,20,15,14,1,0.5,10
"month","2018-06",30,"06-60",6,60,15,13,1,0.5,10
"month","2018-06",30,"11-66",11,66,15,15,0,0.5,10
"month","2018-06",30,"18-81",18,81,15,14,0,0.5,10
"month","2018-06",30,"19-91",19,91,15,12,2,0.5,10
"month","2018-06",30,"44-99",44,99,15,13,1,0.5,10
"month","2018-06",30,"13-31",13,31,14,11,1,0.4666666666666667,11
"month","2018-06",30,"49-94",49,94,14,10,2,0.4666666666666667,11
"month","2018-06",30,"12-21",12,21,13,9,2,0.43333333333333335,12
"month","2018-06",30,"24-42",24,42,13,11,1,0.43333333333333335,12
"month","2018-06",30,"45-54",45,54,13,13,0,0.43333333333333335,12
"month","2018-06",30,"05-50",5,50,12,11,0,0.4,13
"month","2018-06",30,"07-70",7,70,12,11,1,0.4,13
"month","2018-06",30,"09-90",9,90,12,10,1,0.4,13
"month","2018-06",30,"14-41",14,41,12,11,1,0.4,13
"month","2018-06",30,"15-51",15,51,12,10,1,0.4,13
"month","2018-06",30,"69-96",69,96,12,10,1,0.4,13
"month","2018-06",30,"57-75",57,75,11,10,0,0.36666666666666664,14
"month","2018-06",30,"23-32",23,32,10,7,1,0.3333333333333333,15
"month","2018-06",30,"26-62",26,62,10,10,0,0.3333333333333333,15
"month","2018-06",30,"68-86",68,86,10,7,1,0.3333333333333333,15
"month","2018-07",31,"59-95",59,95,30,21,5,0.967741935483871,1
"month","2018-07",31,"57-75",57,75,25,17,4,0.8064516129032258,2
"month","2018-07",31,"14-41",14,41,24,19,3,0.7741935483870968,3
"month","2018-07",31,"17-71",17,71,24,18,3,0.7741935483870968,3
"month","2018-07",31,"16-61",16,61,23,13,4,0.7419354838709677,4
"month","2018-07",31,"27-72",27,72,22,16,2,0.7096774193548387,5
"month","2018-07",31,"29-92",29,92,21,15,2,0.6774193548387096,6
"month","2018-07",31,"02-20",2,20,20,16,2,0.6451612903225806,7
"month","2018-07",31,"26-62",26,62,20,17,1,0.6451612903225806,7
"month","2018-07",31,"39-93",39,93,20,12,5,0.6451612903225806,7
"month","2018-07",31,"07-70",7,70,19,13,1,0.6129032258064516,8
"month","2018-07",31,"28-82",28,82,19,13,2,0.6129032258064516,8
"month","2018-07",31,"35-53",35,53,19,15,2,0.6129032258064516,8
"month","2018-07",31,"68-86",68,86,19,17,1,0.6129032258064516,8
"month","2018-07",31,"04-40",4,40,18,12,4,0.5806451612903226,9
"month","2018-07",31,"09-90",9,90,18,15,3,0.5806451612903226,9
"month","2018-07",31,"46-64",46,64,18,15,1,0.5806451612903226,9
"month","2018-07",31,"49-94",49,94,18,12,4,0.5806451612903226,9
"month","2018-07",31,"56-65",56,65,18,13,1,0.5806451612903226,9
"month","2018-07",31,"69-96",69,96,18,14,2,0.5806451612903226,9
"month","2018-07",31,"18-81",18,81,17,15,2,0.5483870967741935,10
"month","2018-07",31,"22-77",22,77,17,13,2,0.5483870967741935,10
"month","2018-07",31,"23-32",23,32,17,12,2,0.5483870967741935,10
"month","2018-07",31,"45-54",45,54,17,12,1,0.5483870967741935,10
"month","2018-07",31,"48-84",48,84,17,15,1,0.5483870967741935,10
"month","2018-07",31,"78-87",78,87,17,13,1,0.5483870967741935,10
"month","2018-07",31,"06-60",6,60,16,12,1,0.5161290322580645,11
"month","2018-07",31,"44-99",44,99,16,12,2,0.5161290322580645,11
"month","2018-07",31,"67-76",67,76,16,12,1,0.5161290322580645,11
"month","2018-07",31,"12-21",12,21,15,11,2,0.4838709677419355,12
"month","2018-07",31,"13-31",13,31,15,11,1,0.4838709677419355,12
"month","2018-07",31,"24-42",24,42,15,15,0,0.4838709677419355,12
"month","2018-07",31,"38-83",38,83,15,14,1,0.4838709677419355,12
"month","2018-07",31,"58-85",58,85,15,12,2,0.4838709677419355,12
"month","2018-07",31,"89-98",89,98,15,11,1,0.4838709677419355,12
"month","2018-07",31,"00-55",0,55,14,11,0,0.45161290322580644,13
"month","2018-07",31,"19-91",19,91,14,10,4,0.45161290322580644,13
"month","2018-07",31,"33-88",33,88,14,13,1,0.45161290322580644,13
"month","2018-07",31,"36-63",36,63,14,14,0,0.45161290322580644,13
"month","2018-07",31,"37-73",37,73,14,13,1,0.45161290322580644,13
"month","2018-07",31,"79-97",79,97,14,12,0,0.45161290322580644,13
"month","2018-07",31,"01-10",1,10,13,10,3,0.41935483870967744,14
"month","2018-07",31,"03-30",3,30,13,11,1,0.41935483870967744,14
"month","2018-07",31,"34-43",34,43,13,10,1,0.41935483870967744,14
"month","2018-07",31,"47-74",47,74,13,11,1,0.41935483870967744,14
"month","2018-07",31,"05-50",5,50,12,10,2,0.3870967741935484,15
"month","2018-07",31,"08-80",8,80,11,9,1,0.3548387096774194,16
"month","2018-07",31,"15-51",15,51,11,9,1,0.3548387096774194,16
"month","2018-07",31,"11-66",11,66,10,9,1,0.3225806451612903,17
"month","2018-07",31,"25-52",25,52,4,4,0,0.12903225806451613,18
"month","2018-08",31,"67-76",67,76,31,21,3,1.0,1
"month","2018-08",31,"56-65",56,65,25,19,3,0.8064516129032258,2
"month","2018-08",31,"36-63",36,63,24,18,3,0.7741935483870968,3
"month","2018-08",31,"19-91",19,91,23,17,2,0.7419354838709677,4
"month","2018-08",31,"02-20",2,20,22,16,4,0.7096774193548387,5
"month","2018-08",31,"29-92",29,92,22,15,1,0.7096774193548387,5
"month","2018-08",31,"68-86",68,86,22,14,3,0.7096774193548387,5
"month","2018-08",31,"49-94",49,94,21,16,2,0.6774193548387096,6
"month","2018-08",31,"35-53",35,53,20,17,2,0.6451612903225806,7
"month","2018-08",31,"78-87",78,87,20,14,2,0.6451612903225806,7
"month","2018-08",31,"89-98",89,98,19,16,0,0.6129032258064516,8
"month","2018-08",31,"00-55",0,55,18,16,2,0.5806451612903226,9
"month","2018-08",31,"04-40",4,40,18,14,2,0.5806451612903226,9
"month","2018-08",31,"22-77",22,77,18,14,2,0.5806451612903226,9
"month","2018-08",31,"26-62",26,62,18,11,2,0.5806451612903226,9
"month","2018-08",31,"33-88",33,88,18,13,2,0.5806451612903226,9
"month","2018-08",31,"39-93",39,93,18,14,3,0.5806451612903226,9
"month","2018-08",31,"79-97",79,97,18,14,3,0.5806451612903226,9
"month","2018-08",31,"07-70",7,70,17,13,3,0.5483870967741935,10
"month","2018-08",31,"12-21",12,21,17,14,1,0.5483870967741935,10
"month","2018-08",31,"14-41",14,41,17,13,3,0.5483870967741935,10
"month","2018-08",31,"27-72",27,72,17,13,1,0.5483870967741935,10
"month","2018-08",31,"38-83",38,83,17,15,2,0.5483870967741935,10
"month","2018-08",31,"01-10",1,10,16,15,0,0.5161290322580645,11
"month","2018-08",31,"08-80",8,80,16,15,1,0.5161290322580645,11
"month","2018-08",31,"18-81",18,81,16,14,1,0.5161290322580645,11
"month","2018-08",31,"28-82",28,82,16,14,2,0.5161290322580645,11
"month","2018-08",31,"37-73",37,73,16,12,0,0.5161290322580645,11
"month","2018-08",31,"44-99",44,99,16,13,2,0.5161290322580645,11
"month","2018-08",31,"47-74",47,74,16,11,1,0.5161290322580645,11
"month","2018-08",31,"58-85",58,85,16,12,1,0.5161290322580645,11
"month","2018-08",31,"69-96",69,96,16,12,2,0.5161290322580645,11
"month","2018-08",31,"11-66",11,66,15,11,3,0.4838709677419355,12
"month","2018-08",31,"45-54",45,54,15,13,1,0.4838709677419355,12
"month","2018-08",31,"46-64",46,64,15,15,0,0.4838709677419355,12
"month","2018-08",31,"48-84",48,84,15,13,1,0.4838709677419355,12
"month","2018-08",31,"57-75",57,75,15,11,1,0.4838709677419355,12
"month","2018-08",31,"13-31",13,31,14,10,2,0.45161290322580644,13
"month","2018-08",31,"16-61",16,61,14,11,2,0.45161290322580644,13
"month","2018-08",31,"17-71",17,71,14,11,0,0.45161290322580644,13
"month","2018-08",31,"23-32",23,32,14,13,0,0.45161290322580644,13
"month","2018-08",31,"24-42",24,42,14,12,2,0.45161290322580644,13
"month","2018-08",31,"25-52",25,52,14,10,2,0.45161290322580644,13
"month","2018-08",31,"09-90",9,90,13,11,1,0.41935483870967744,14
"month","2018-08",31,"06-60",6,60,12,11,0,0.3870967741935484,15
"month","2018-08",31,"34-43",34,43,12,10,1,0.3870967741935484,15
"month","2018-08",31,"59-95",59,95,12,9,1,0.3870967741935484,15
"month","2018-08",31,"15-51",15,51,11,11,0,0.3548387096774194,16
"month","2018-08",31,"03-30",3,30,9,9,0,0.2903225806451613,17
"month","2018-08",31,"05-50",5,50,5,5,0,0.16129032258064516,18
"month","2018-09",30,"02-20",2,20,23,18,1,0.7666666666666667,1
"month","2018-09",30,"17-71",17,71,22,15,4,0.7333333333333333,2
"month","2018-09",30,"57-75",57,75,22,18,2,0.7333333333333333,2
"month","2018-09",30,"01-10",1,10,21,16,2,0.7,3
"month","2018-09",30,"04-40",4,40,21,17,2,0.7,3
"month","2018-09",30,"09-90",9,90,21,15,0,0.7,3
"month","2018-09",30,"33-88",33,88,21,16,3,0.7,3
"month","2018-09",30,"36-63",36,63,21,15,1,0.7,3
"month","2018-09",30,"08-80",8,80,20,13,2,0.6666666666666666,4
"month","2018-09",30,"23-32",23,32,20,17,1,0.6666666666666666,4
"month","2018-09",30,"69-96",69,96,20,16,1,0.6666666666666666,4
"month","2018-09",30,"07-70",7,70,19,14,5,0.6333333333333333,5
"month","2018-09",30,"15-51",15,51,19,15,3,0.6333333333333333,5
"month","2018-09",30,"25-52",25,52,19,16,2,0.6333333333333333,5
"month","2018-09",30,"48-84",48,84,19,14,2,0.6333333333333333,5
"month","2018-09",30,"49-94",49,94,19,12,1,0.6333333333333333,5
"month","2018-09",30,"35-53",35,53,18,11,5,0.6,6
"month","2018-09",30,"45-54",45,54,18,15,1,0.6,6
"month","2018-09",30,"56-65",56,65,18,13,3,0.6,6
"month","2018-09",30,"78-87",78,87,18,16,1,0.6,6
"month","2018-09",30,"79-97",79,97,18,14,1,0.6,6
"month","2018-09",30,"13-31",13,31,17,14,2,0.5666666666666667,7
"month","2018-09",30,"44-99",44,99,17,12,2,0.5666666666666667,7
"month","2018-09",30,"47-74",47,74,17,14,2,0.5666666666666667,7
"month","2018-09",30,"12-21",12,21,16,15,1,0.5333333333333333,8
"month","2018-09",30,"19-91",19,91,16,11,3,0.5333333333333333,8
"month","2018-09",30,"24-42",24,42,16,11,4,0.5333333333333333,8
"month","2018-09",30,"26-62",26,62,16,14,2,0.5333333333333333,8
"month","2018-09",30,"27-72",27,72,16,12,1,0.5333333333333333,8
"month","2018-09",30,"46-64",46,64,16,12,2,0.5333333333333333,8
"month","2018-09",30,"22-77",22,77,15,13,1,0.5,9
"month","2018-09",30,"28-82",28,82,15,12,2,0.5,9
"month","2018-09",30,"34-43",34,43,15,13,1,0.5,9
"month","2018-09",30,"68-86",68,86,15,11,2,0.5,9
"month","2018-09",30,"29-92",29,92,14,12,0,0.4666666666666667,10
"month","2018-09",30,"38-83",38,83,14,12,2,0.4666666666666667,10
"month","2018-09",30,"67-76",67,76,14,12,0,0.4666666666666667,10
"month","2018-09",30,"00-55",0,55,12,10,2,0.4,11
"month","2018-09",30,"16-61",16,61,12,10,1,0.4,11
"month","2018-09",30,"18-81",18,81,12,11,0,0.4,11
"month","2018-09",30,"37-73",37,73,12,10,0,0.4,11
"month","2018-09",30,"39-93",39,93,12,9,1,0.4,11
"month","2018-09",30,"58-85",58,85,12,10,1,0.4,11
"month","2018-09",30,"89-98",89,98,12,10,1,0.4,11
"month","2018-09",30,"03-30",3,30,11,10,0,0.36666666666666664,12
"month","2018-09",30,"06-60",6,60,11,10,1,0.36666666666666664,12
"month","2018-09",30,"11-66",11,66,11,8,1,0.36666666666666664,12
"month","2018-09",30,"05-50",5,50,10,9,0,0.3333333333333333,13
"month","2018-09",30,"59-95",59,95,9,9,0,0.3,14
"month","2018-09",30,"14-41",14,41,8,8,0,0.26666666666666666,15
"month","2018-10",31,"57-75",57,75,27,22,4,0.8709677419354839,1
"month","2018-10",31,"12-21",12,21,25,18,3,0.8064516129032258,2
"month","2018-10",31,"45-54",45,54,25,17,5,0.8064516129032258,2
"month","2018-10",31,"23-32",23,32,24,16,2,0.7741935483870968,3
"month","2018-10",31,"35-53",35,53,24,16,0,0.7741935483870968,3
"month","2018-10",31,"05-50",5,50,22,15,3,0.7096774193548387,4
"month","2018-10",31,"18-81",18,81,22,15,3,0.7096774193548387,4
"month","2018-10",31,"34-43",34,43,22,16,1,0.7096774193548387,4
"month","2018-10",31,"68-86",68,86,22,18,1,0.7096774193548387,4
"month","2018-10",31,"69-96",69,96,22,16,1,0.7096774193548387,4
"month","2018-10",31,"24-42",24,42,21,15,4,0.6774193548387096,5
"month","2018-10",31,"49-94",49,94,21,16,2,0.6774193548387096,5
"month","2018-10",31,"09-90",9,90,19,15,3,0.6129032258064516,6
"month","2018-10",31,"14-41",14,41,19,14,2,0.6129032258064516,6
"month","2018-10",31,"26-62",26,62,19,15,2,0.6129032258064516,6
"month","2018-10",31,"37-73",37,73,19,14,4,0.6129032258064516,6
"month","2018-10",31,"56-65",56,65,19,18,1,0.6129032258064516,6
"month","2018-10",31,"58-85",58,85,19,17,2,0.6129032258064516,6
"month","2018-10",31,"39-93",39,93,18,17,0,0.5806451612903226,7
"month","2018-10",31,"44-99",44,99,18,14,1,0.5806451612903226,7
"month","2018-10",31,"11-66",11,66,17,13,1,0.5483870967741935,8
"month","2018-10",31,"25-52",25,52,17,14,0,0.5483870967741935,8
"month","2018-10",31,"27-72",27,72,17,14,1,0.5483870967741935,8
"month","2018-10",31,"06-60",6,60,16,13,2,0.5161290322580645,9
"month","2018-10",31,"13-31",13,31,16,11,3,0.5161290322580645,9
"month","2018-10",31,"16-61",16,61,16,14,1,0.5161290322580645,9
"month","2018-10",31,"22-77",22,77,16,11,2,0.5161290322580645,9
"month","2018-10",31,"47-74",47,74,16,10,3,0.5161290322580645,9
"month","2018-10",31,"07-70",7,70,15,14,0,0.4838709677419355,10
"month","2018-10",31,"28-82",28,82,15,13,0,0.4838709677419355,10
"month","2018-10",31,"33-88",33,88,15,12,0,0.4838709677419355,10
"month","2018-10",31,"46-64",46,64,15,9,1,0.4838709677419355,10
"month","2018-10",31,"59-95",59,95,15,14,1,0.4838709677419355,10
"month","2018-10",31,"78-87",78,87,15,13,1,0.4838709677419355,10
"month","2018-10",31,"01-10",1,10,14,13,0,0.45161290322580644,11
"month","2018-10",31,"03-30",3,30,14,11,2,0.45161290322580644,11
"month","2018-10",31,"48-84",48,84,14,12,1,0.45161290322580644,11
"month","2018-10",31,"19-91",19,91,13,13,0,0.41935483870967744,12
"month","2018-10",31,"38-83",38,83,13,10,1,0.41935483870967744,12
"month","2018-10",31,"67-76",67,76,13,10,1,0.41935483870967744,12
"month","2018-10",31,"79-97",79,97,13,11,2,0.41935483870967744,12
"month","2018-10",31,"00-55",0,55,12,11,1,0.3870967741935484,13
"month","2018-10",31,"08-80",8,80,12,8,2,0.3870967741935484,13
"month","2018-10",31,"15-51",15,51,12,11,0,0.3870967741935484,13
"month","2018-10",31,"17-71",17,71,12,11,1,0.3870967741935484,13
"month","2018-10",31,"02-20",2,20,11,10,1,0.3548387096774194,14
"month","2018-10",31,"29-92",29,92,10,10,0,0.3225806451612903,15
"month","2018-10",31,"36-63",36,63,10,10,0,0.3225806451612903,15
"month","2018-10",31,"04-40",4,40,9,8,0,0.2903225806451613,16
"month","2018-10",31,"89-98",89,98,7,7,0,0.22580645161290322,17
"month","2018-11",30,"57-75",57,75,24,20,3,0.8,1
"month","2018-11",30,"68-86",68,86,24,17,4,0.8,1
"month","2018-11",30,"17-71",17,71,23,17,3,0.7666666666666667,2
"month","2018-11",30,"27-72",27,72,23,13,5,0.7666666666666667,2
"month","2018-11",30,"05-50",5,50,22,15,4,0.7333333333333333,3
"month","2018-11",30,"56-65",56,65,22,16,4,0.7333333333333333,3
"month","2018-11",30,"02-20",2,20,20,16,1,0.6666666666666666,4
"month","2018-11",30,"18-81",18,81,20,14,3,0.6666666666666666,4
"month","2018-11",30,"26-62",26,62,20,16,2,0.6666666666666666,4
"month","2018-11",30,"34-43",34,43,20,14,1,0.6666666666666666,4
"month","2018-11",30,"48-84",48,84,20,16,0,0.6666666666666666,4
"month","2018-11",30,"58-85",58,85,20,14,3,0.6666666666666666,4
"month","2018-11",30,"09-90",9,90,19,15,2,0.6333333333333333,5
"month","2018-11",30,"01-10",1,10,18,14,1,0.6,6
"month","2018-11",30,"22-77",22,77,18,13,0,0.6,6
"month","2018-11",30,"39-93",39,93,18,13,2,0.6,6
"month","2018-11",30,"03-30",3,30,17,15,2,0.5666666666666667,7
"month","2018-11",30,"07-70",7,70,17,14,2,0.5666666666666667,7
"month","2018-11",30,"14-41",14,41,17,15,0,0.5666666666666667,7
"month","2018-11",30,"46-64",46,64,17,16,1,0.5666666666666667,7
"month","2018-11",30,"13-31",13,31,16,12,1,0.5333333333333333,8
"month","2018-11",30,"15-51",15,51,16,14,0,0.5333333333333333,8
"month","2018-11",30,"29-92",29,92,16,12,1,0.5333333333333333,8
"month","2018-11",30,"59-95",59,95,16,11,3,0.5333333333333333,8
"month","2018-11",30,"67-76",67,76,16,14,2,0.5333333333333333,8
"month","2018-11",30,"78-87",78,87,16,11,1,0.5333333333333333,8
"month","2018-11",30,"00-55",0,55,15,12,2,0.5,9
"month","2018-11",30,"12-21",12,21,15,10,2,0.5,9
"month","2018-11",30,"37-73",37,73,15,13,0,0.5,9
"month","2018-11",30,"79-97",79,97,15,13,1,0.5,9
"month","2018-11",30,"06-60",6,60,14,12,2,0.4666666666666667,10
"month","2018-11",30,"11-66",11,66,14,12,2,0.4666666666666667,10
"month","2018-11",30,"23-32",23,32,14,11,1,0.4666666666666667,10
"month","2018-11",30,"28-82",28,82,14,11,2,0.4666666666666667,10
"month","2018-11",30,"35-53",35,53,14,13,1,0.4666666666666667,10
"month","2018-11",30,"38-83",38,83,14,13,0,0.4666666666666667,10
"month","2018-11",30,"49-94",49,94,14,13,1,0.4666666666666667,10
"month","2018-11",30,"69-96",69,96,14,13,0,0.4666666666666667,10
"month","2018-11",30,"89-98",89,98,14,14,0,0.4666666666666667,10
"month","2018-11",30,"08-80",8,80,13,9,2,0.43333333333333335,11
"month","2018-11",30,"16-61",16,61,13,12,0,0.43333333333333335,11
"month","2018-11",30,"24-42",24,42,13,11,1,0.43333333333333335,11
"month","2018-11",30,"25-52",25,52,13,12,1,0.43333333333333335,11
"month","2018-11",30,"36-63",36,63,13,12,1,0.43333333333333335,11
"month","2018-11",30,"19-91",19,91,12,11,0,0.4,12
"month","2018-11",30,"44-99",44,99,12,12,0,0.4,12
"month","2018-11",30,"47-74",47,74,12,12,0,0.4,12
"month","2018-11",30,"04-40",4,40,10,9,0,0.3333333333333333,13
"month","2018-11",30,"45-54",45,54,10,9,0,0.3333333333333333,13
"month","2018-11",30,"33-88",33,88,8,7,0,0.26666666666666666,14
"month","2018-12",31,"03-30",3,30,24,17,5,0.7741935483870968,1
"month","2018-12",31,"22-77",22,77,24,16,4,0.7741935483870968,1
"month","2018-12",31,"07-70",7,70,23,17,3,0.7419354838709677,2
"month","2018-12",31,"68-86",68,86,23,14,5,0.7419354838709677,2
"month","2018-12",31,"45-54",45,54,22,14,2,0.7096774193548387,3
"month","2018-12",31,"48-84",48,84,22,19,2,0.7096774193548387,3
"month","2018-12",31,"00-55",0,55,21,15,4,0.6774193548387096,4
"month","2018-12",31,"11-66",11,66,21,16,2,0.6774193548387096,4
"month","2018-12",31,"14-41",14,41,21,16,2,0.6774193548387096,4
"month","2018-12",31,"23-32",23,32,20,15,1,0.6451612903225806,5
"month","2018-12",31,"05-50",5,50,19,16,3,0.6129032258064516,6
"month","2018-12",31,"15-51",15,51,19,13,3,0.6129032258064516,6
"month","2018-12",31,"18-81",18,81,19,14,4,0.6129032258064516,6
"month","2018-12",31,"24-42",24,42,19,18,1,0.6129032258064516,6
"month","2018-12",31,"67-76",67,76,19,15,1,0.6129032258064516,6
"month","2018-12",31,"69-96",69,96,19,15,2,0.6129032258064516,6
"month","2018-12",31,"06-60",6,60,18,15,2,0.5806451612903226,7
"month","2018-12",31,"17-71",17,71,18,15,2,0.5806451612903226,7
"month","2018-12",31,"29-92",29,92,18,14,2,0.5806451612903226,7
"month","2018-12",31,"49-94",49,94,18,14,3,0.5806451612903226,7
"month","2018-12",31,"58-85",58,85,18,13,2,0.5806451612903226,7
"month","2018-12",31,"12-21",12,21,17,15,2,0.5483870967741935,8
"month","2018-12",31,"35-53",35,53,17,13,1,0.5483870967741935,8
"month","2018-12",31,"38-83",38,83,17,11,0,0.5483870967741935,8
"month","2018-12",31,"56-65",56,65,17,14,2,0.5483870967741935,8
"month","2018-12",31,"59-95",59,95,17,13,2,0.5483870967741935,8
"month","2018-12",31,"09-90",9,90,16,12,3,0.5161290322580645,9
"month","2018-12",31,"19-91",19,91,16,13,2,0.5161290322580645,9
"month","2018-12",31,"37-73",37,73,16,14,0,0.5161290322580645,9
"month","2018-12",31,"89-98",89,98,16,14,2,0.5161290322580645,9
"month","2018-12",31,"02-20",2,20,15,11,2,0.4838709677419355,10
"month","2018-12",31,"26-62",26,62,15,13,1,0.4838709677419355,10
"month","2018-12",31,"33-88",33,88,15,13,1,0.4838709677419355,10
"month","2018-12",31,"39-93",39,93,15,12,1,0.4838709677419355,10
"month","2018-12",31,"44-99",44,99,15,13,1,0.4838709677419355,10
"month","2018-12",31,"47-74",47,74,15,13,2,0.4838709677419355,10
"month","2018-12",31,"79-97",79,97,15,13,1,0.4838709677419355,10
"month","2018-12",31,"16-61",16,61,14,13,1,0.45161290322580644,11
"month","2018-12",31,"25-52",25,52,14,12,1,0.45161290322580644,11
"month","2018-12",31,"27-72",27,72,14,11,2,0.45161290322580644,11
"month","2018-12",31,"36-63",36,63,14,12,2,0.45161290322580644,11
"month","2018-12",31,"08-80",8,80,13,11,0,0.41935483870967744,12
"month","2018-12",31,"01-10",1,10,12,10,1,0.3870967741935484,13
"month","2018-12",31,"78-87",78,87,12,10,0,0.3870967741935484,13
"month","2018-12",31,"04-40",4,40,11,10,0,0.3548387096774194,14
"month","2018-12",31,"28-82",28,82,11,10,1,0.3548387096774194,14
"month","2018-12",31,"34-43",34,43,11,8,3,0.3548387096774194,14
"month","2018-12",31,"46-64",46,64,11,8,1,0.3548387096774194,14
"month","2018-12",31,"57-75",57,75,11,6,4,0.3548387096774194,14
"month","2018-12",31,"13-31",13,31,10,6,2,0.3225806451612903,15
"month","2019-01",31,"79-97",79,97,27,16,4,0.8709677419354839,1
"month","2019-01",31,"49-94",49,94,25,18,4,0.8064516129032258,2
"month","2019-01",31,"56-65",56,65,24,17,5,0.7741935483870968,3
"month","2019-01",31,"34-43",34,43,23,16,3,0.7419354838709677,4
"month","2019-01",31,"25-52",25,52,21,16,4,0.6774193548387096,5
"month","2019-01",31,"04-40",4,40,20,14,3,0.6451612903225806,6
"month","2019-01",31,"14-41",14,41,20,16,1,0.6451612903225806,6
"month","2019-01",31,"27-72",27,72,20,16,3,0.6451612903225806,6
"month","2019-01",31,"37-73",37,73,20,16,0,0.6451612903225806,6
"month","2019-01",31,"39-93",39,93,20,14,5,0.6451612903225806,6
"month","2019-01",31,"59-95",59,95,20,13,4,0.6451612903225806,6
"month","2019-01",31,"11-66",11,66,19,14,2,0.6129032258064516,7
"month","2019-01",31,"26-62",26,62,19,14,2,0.6129032258064516,7
"month","2019-01",31,"47-74",47,74,19,15,2,0.6129032258064516,7
"month","2019-01",31,"58-85",58,85,19,16,1,0.6129032258064516,7
"month","2019-01",31,"01-10",1,10,18,13,2,0.5806451612903226,8
"month","2019-01",31,"03-30",3,30,18,14,1,0.5806451612903226,8
"month","2019-01",31,"08-80",8,80,18,16,2,0.5806451612903226,8
"month","2019-01",31,"15-51",15,51,18,15,2,0.5806451612903226,8
"month","2019-01",31,"22-77",22,77,18,14,1,0.5806451612903226,8
"month","2019-01",31,"48-84",48,84,18,12,2,0.5806451612903226,8
"month","2019-01",31,"13-31",13,31,17,14,1,0.5483870967741935,9
"month","2019-01",31,"16-61",16,61,17,12,4,0.5483870967741935,9
"month","2019-01",31,"19-91",19,91,17,10,4,0.5483870967741935,9
"month","2019-01",31,"38-83",38,83,17,13,2,0.5483870967741935,9
"month","2019-01",31,"44-99",44,99,17,12,1,0.5483870967741935,9
"month","2019-01",31,"67-76",67,76,17,16,0,0.5483870967741935,9
"month","2019-01",31,"68-86",68,86,17,15,0,0.5483870967741935,9
"month","2019-01",31,"78-87",78,87,17,13,3,0.5483870967741935,9
"month","2019-01",31,"89-98",89,98,17,13,1,0.5483870967741935,9
"month","2019-01",31,"09-90",9,90,16,10,3,0.5161290322580645,10
"month","2019-01",31,"24-42",24,42,16,12,0,0.5161290322580645,10
"month","2019-01",31,"00-55",0,55,15,11,2,0.4838709677419355,11
"month","2019-01",31,"46-64",46,64,15,13,1,0.4838709677419355,11
"month","2019-01",31,"57-75",57,75,15,12,2,0.4838709677419355,11
"month","2019-01",31,"18-81",18,81,14,12,1,0.45161290322580644,12
"month","2019-01",31,"33-88",33,88,14,11,2,0.45161290322580644,12
"month","2019-01",31,"35-53",35,53,14,11,3,0.45161290322580644,12
"month","2019-01",31,"05-50",5,50,13,12,0,0.41935483870967744,13
"month","2019-01",31,"23-32",23,32,13,13,0,0.41935483870967744,13
"month","2019-01",31,"36-63",36,63,13,10,2,0.41935483870967744,13
"month","2019-01",31,"69-96",69,96,13,12,0,0.41935483870967744,13
"month","2019-01",31,"06-60",6,60,12,10,1,0.3870967741935484,14
"month","2019-01",31,"07-70",7,70,12,11,1,0.3870967741935484,14
"month","2019-01",31,"17-71",17,71,12,11,0,0.3870967741935484,14
"month","2019-01",31,"12-21",12,21,11,10,1,0.3548387096774194,15
"month","2019-01",31,"28-82",28,82,11,9,0,0.3548387096774194,15
"month","2019-01",31,"29-92",29,92,11,10,1,0.3548387096774194,15
"month","2019-01",31,"02-20",2,20,10,9,1,0.3225806451612903,16
"month","2019-01",31,"45-54",45,54,10,9,1,0.3225806451612903,16
"month","2019-02",24,"15-51",15,51,20,16,2,0.8333333333333334,1
"month","2019-02",24,"44-99",44,99,19,15,1,0.7916666666666666,2
"month","2019-02",24,"14-41",14,41,17,12,2,0.7083333333333334,3
"month","2019-02",24,"25-52",25,52,17,12,2,0.7083333333333334,3
"month","2019-02",24,"36-63",36,63,17,14,2,0.7083333333333334,3
"month","2019-02",24,"78-87",78,87,17,9,2,0.7083333333333334,3
"month","2019-02",24,"17-71",17,71,16,14,0,0.6666666666666666,4
"month","2019-02",24,"26-62",26,62,16,12,2,0.6666666666666666,4
"month","2019-02",24,"34-43",34,43,16,11,2,0.6666666666666666,4
"month","2019-02",24,"35-53",35,53,16,14,0,0.6666666666666666,4
"month","2019-02",24,"39-93",39,93,16,12,4,0.6666666666666666,4
"month","2019-02",24,"68-86",68,86,16,12,1,0.6666666666666666,4
"month","2019-02",24,"08-80",8,80,15,13,1,0.625,5
"month","2019-02",24,"33-88",33,88,15,12,1,0.625,5
"month","2019-02",24,"46-64",46,64,15,12,1,0.625,5
"month","2019-02",24,"49-94",49,94,15,13,0,0.625,5
"month","2019-02",24,"69-96",69,96,15,11,1,0.625,5
"month","2019-02",24,"89-98",89,98,15,13,0,0.625,5
"month","2019-02",24,"00-55",0,55,14,11,2,0.5833333333333334,6
"month","2019-02",24,"04-40",4,40,14,11,2,0.5833333333333334,6
"month","2019-02",24,"09-90",9,90,14,9,1,0.5833333333333334,6
"month","2019-02",24,"13-31",13,31,14,13,0,0.5833333333333334,6
"month","2019-02",24,"29-92",29,92,14,10,2,0.5833333333333334,6
"month","2019-02",24,"79-97",79,97,14,12,1,0.5833333333333334,6
"month","2019-02",24,"02-20",2,20,13,11,2,0.5416666666666666,7
"month","2019-02",24,"05-50",5,50,13,9,2,0.5416666666666666,7
"month","2019-02",24,"19-91",19,91,13,9,4,0.5416666666666666,7
"month","2019-02",24,"03-30",3,30,12,12,0,0.5,8
"month","2019-02",24,"12-21",12,21,12,8,2,0.5,8
"month","2019-02",24,"16-61",16,61,12,9,2,0.5,8
"month","2019-02",24,"24-42",24,42,12,9,3,0.5,8
"month","2019-02",24,"27-72",27,72,12,12,0,0.5,8
"month","2019-02",24,"56-65",56,65,12,10,2,0.5,8
"month","2019-02",24,"59-95",59,95,12,12,0,0.5,8
"month","2019-02",24,"06-60",6,60,11,10,1,0.4583333333333333,9
"month","2019-02",24,"11-66",11,66,11,8,1,0.4583333333333333,9
"month","2019-02",24,"28-82",28,82,11,11,0,0.4583333333333333,9
"month","2019-02",24,"38-83",38,83,11,10,1,0.4583333333333333,9
"month","2019-02",24,"48-84",48,84,11,10,0,0.4583333333333333,9
"month","2019-02",24,"07-70",7,70,10,9,1,0.4166666666666667,10
"month","2019-02",24,"23-32",23,32,10,9,1,0.4166666666666667,10
"month","2019-02",24,"45-54",45,54,10,8,0,0.4166666666666667,10
"month","2019-02",24,"47-74",47,74,10,9,1,0.4166666666666667,10
"month","2019-02",24,"01-10",1,10,9,7,2,0.375,11
"month","2019-02",24,"22-77",22,77,9,9,0,0.375,11
"month","2019-02",24,"37-73",37,73,9,9,0,0.375,11
"month","2019-02",24,"67-76",67,76,9,8,1,0.375,11
"month","2019-02",24,"57-75",57,75,8,7,0,0.3333333333333333,12
"month","2019-02",24,"58-85",58,85,5,5,0,0.20833333333333334,13
"month","2019-02",24,"18-81",18,81,4,3,1,0.16666666666666666,14
"month","2019-03",31,"34-43",34,43,27,16,6,0.8709677419354839,1
"month","2019-03",31,"44-99",44,99,24,15,4,0.7741935483870968,2
"month","2019-03",31,"13-31",13,31,23,13,2,0.7419354838709677,3
"month","2019-03",31,"23-32",23,32,22,17,1,0.7096774193548387,4
"month","2019-03",31,"24-42",24,42,22,16,5,0.7096774193548387,4
"month","2019-03",31,"28-82",28,82,22,15,4,0.7096774193548387,4
"month","2019-03",31,"05-50",5,50,21,17,2,0.6774193548387096,5
"month","2019-03",31,"25-52",25,52,21,17,2,0.6774193548387096,5
"month","2019-03",31,"36-63",36,63,21,15,4,0.6774193548387096,5
"month","2019-03",31,"22-77",22,77,20,14,2,0.6451612903225806,6
"month","2019-03",31,"38-83",38,83,20,15,1,0.6451612903225806,6
"month","2019-03",31,"39-93",39,93,20,13,3,0.6451612903225806,6
"month","2019-03",31,"49-94",49,94,20,17,2,0.6451612903225806,6
"month","2019-03",31,"09-90",9,90,19,16,2,0.6129032258064516,7
"month","2019-03",31,"15-51",15,51,19,15,1,0.6129032258064516,7
"month","2019-03",31,"27-72",27,72,19,15,2,0.6129032258064516,7
"month","2019-03",31,"68-86",68,86,19,15,1,0.6129032258064516,7
"month","2019-03",31,"01-10",1,10,18,14,2,0.5806451612903226,8
"month","2019-03",31,"02-20",2,20,18,13,4,0.5806451612903226,8
"month","2019-03",31,"12-21",12,21,18,14,2,0.5806451612903226,8
"month","2019-03",31,"59-95",59,95,18,11,3,0.5806451612903226,8
"month","2019-03",31,"03-30",3,30,17,13,1,0.5483870967741935,9
"month","2019-03",31,"57-75",57,75,17,14,3,0.5483870967741935,9
"month","2019-03",31,"58-85",58,85,17,15,2,0.5483870967741935,9
"month","2019-03",31,"78-87",78,87,17,12,1,0.5483870967741935,9
"month","2019-03",31,"16-61",16,61,16,14,2,0.5161290322580645,10
"month","2019-03",31,"26-62",26,62,16,11,2,0.5161290322580645,10
"month","2019-03",31,"56-65",56,65,16,13,2,0.5161290322580645,10
"month","2019-03",31,"04-40",4,40,15,11,1,0.4838709677419355,11
"month","2019-03",31,"07-70",7,70,15,11,2,0.4838709677419355,11
"month","2019-03",31,"08-80",8,80,15,13,2,0.4838709677419355,11
"month","2019-03",31,"17-71",17,71,15,10,2,0.4838709677419355,11
"month","2019-03",31,"33-88",33,88,15,13,1,0.4838709677419355,11
"month","2019-03",31,"37-73",37,73,15,12,2,0.4838709677419355,11
"month","2019-03",31,"46-64",46,64,15,14,1,0.4838709677419355,11
"month","2019-03",31,"47-74",47,74,15,13,0,0.4838709677419355,11
"month","2019-03",31,"48-84",48,84,15,12,3,0.4838709677419355,11
"month","2019-03",31,"79-97",79,97,15,9,1,0.4838709677419355,11
"month","2019-03",31,"14-41",14,41,14,10,2,0.45161290322580644,12
"month","2019-03",31,"00-55",0,55,13,11,0,0.41935483870967744,13
"month","2019-03",31,"18-81",18,81,13,11,1,0.41935483870967744,13
"month","2019-03",31,"19-91",19,91,13,11,1,0.41935483870967744,13
"month","2019-03",31,"29-92",29,92,13,12,0,0.41935483870967744,13
"month","2019-03",31,"45-54",45,54,13,11,0,0.41935483870967744,13
"month","2019-03",31,"89-98",89,98,13,12,1,0.41935483870967744,13
"month","2019-03",31,"35-53",35,53,11,10,0,0.3548387096774194,14
"month","2019-03",31,"06-60",6,60,10,8,1,0.3225806451612903,15
"month","2019-03",31,"11-66",11,66,10,10,0,0.3225806451612903,15
"month","2019-03",31,"67-76",67,76,9,6,1,0.2903225806451613,16
"month","2019-03",31,"69-96",69,96,8,7,1,0.25806451612903225,17
"month","2019-04",30,"02-20",2,20,23,19,2,0.7666666666666667,1
"month","2019-04",30,"18-81",18,81,22,15,6,0.7333333333333333,2
"month","2019-04",30,"69-96",69,96,22,17,1,0.7333333333333333,2
"month","2019-04",30,"68-86",68,86,21,17,1,0.7,3
"month","2019-04",30,"12-21",12,21,20,18,1,0.6666666666666666,4
"month","2019-04",30,"48-84",48,84,20,17,1,0.6666666666666666,4
"month","2019-04",30,"13-31",13,31,19,16,1,0.6333333333333333,5
"month","2019-04",30,"19-91",19,91,19,17,1,0.6333333333333333,5
"month","2019-04",30,"33-88",33,88,19,12,3,0.6333333333333333,5
"month","2019-04",30,"01-10",1,10,18,14,2,0.6,6
"month","2019-04",30,"06-60",6,60,18,15,2,0.6,6
"month","2019-04",30,"07-70",7,70,18,14,2,0.6,6
"month","2019-04",30,"14-41",14,41,18,15,2,0.6,6
"month","2019-04",30,"23-32",23,32,18,13,2,0.6,6
"month","2019-04",30,"24-42",24,42,18,13,3,0.6,6
"month","2019-04",30,"25-52",25,52,18,15,2,0.6,6
"month","2019-04",30,"27-72",27,72,18,16,1,0.6,6
"month","2019-04",30,"29-92",29,92,18,14,2,0.6,6
"month","2019-04",30,"45-54",45,54,18,13,3,0.6,6
"month","2019-04",30,"46-64",46,64,18,13,5,0.6,6
"month","2019-04",30,"47-74",47,74,18,16,0,0.6,6
"month","2019-04",30,"56-65",56,65,18,12,1,0.6,6
"month","2019-04",30,"58-85",58,85,18,15,2,0.6,6
"month","2019-04",30,"03-30",3,30,17,15,2,0.5666666666666667,7
"month","2019-04",30,"28-82",28,82,17,15,2,0.5666666666666667,7
"month","2019-04",30,"26-62",26,62,16,14,1,0.5333333333333333,8
"month","2019-04",30,"34-43",34,43,16,13,1,0.5333333333333333,8
"month","2019-04",30,"36-63",36,63,16,12,3,0.5333333333333333,8
"month","2019-04",30,"37-73",37,73,16,12,3,0.5333333333333333,8
"month","2019-04",30,"59-95",59,95,16,15,1,0.5333333333333333,8
"month","2019-04",30,"79-97",79,97,16,12,2,0.5333333333333333,8
"month","2019-04",30,"89-98",89,98,16,12,1,0.5333333333333333,8
"month","2019-04",30,"00-55",0,55,15,13,1,0.5,9
"month","2019-04",30,"15-51",15,51,15,11,1,0.5,9
"month","2019-04",30,"17-71",17,71,15,12,3,0.5,9
"month","2019-04",30,"22-77",22,77,15,11,1,0.5,9
"month","2019-04",30,"05-50",5,50,14,11,2,0.4666666666666667,10
"month","2019-04",30,"08-80",8,80,14,12,1,0.4666666666666667,10
"month","2019-04",30,"39-93",39,93,14,13,1,0.4666666666666667,10
"month","2019-04",30,"49-94",49,94,14,11,2,0.4666666666666667,10
"month","2019-04",30,"57-75",57,75,14,11,1,0.4666666666666667,10
"month","2019-04",30,"09-90",9,90,13,11,0,0.43333333333333335,11
"month","2019-04",30,"38-83",38,83,13,12,1,0.43333333333333335,11
"month","2019-04",30,"11-66",11,66,12,11,0,0.4,12
"month","2019-04",30,"16-61",16,61,12,9,1,0.4,12
"month","2019-04",30,"04-40",4,40,10,9,1,0.3333333333333333,13
"month","2019-04",30,"67-76",67,76,10,8,1,0.3333333333333333,13
"month","2019-04",30,"78-87",78,87,10,7,0,0.3333333333333333,13
"month","2019-04",30,"35-53",35,53,9,8,0,0.3,14
"month","2019-04",30,"44-99",44,99,8,7,0,0.26666666666666666,15
"month","2019-05",31,"18-81",18,81,24,15,4,0.7741935483870968,1
"month","2019-05",31,"23-32",23,32,23,17,5,0.7419354838709677,2
"month","2019-05",31,"67-76",67,76,23,17,4,0.7419354838709677,2
"month","2019-05",31,"35-53",35,53,22,19,2,0.7096774193548387,3
"month","2019-05",31,"45-54",45,54,22,16,5,0.7096774193548387,3
"month","2019-05",31,"57-75",57,75,22,15,5,0.7096774193548387,3
"month","2019-05",31,"68-86",68,86,22,15,3,0.7096774193548387,3
"month","2019-05",31,"00-55",0,55,21,17,2,0.6774193548387096,4
"month","2019-05",31,"59-95",59,95,21,16,2,0.6774193548387096,4
"month","2019-05",31,"89-98",89,98,21,16,1,0.6774193548387096,4
"month","2019-05",31,"36-63",36,63,20,15,2,0.6451612903225806,5
"month","2019-05",31,"39-93",39,93,20,15,2,0.6451612903225806,5
"month","2019-05",31,"49-94",49,94,20,14,2,0.6451612903225806,5
"month","2019-05",31,"15-51",15,51,19,15,2,0.6129032258064516,6
"month","2019-05",31,"22-77",22,77,19,14,3,0.6129032258064516,6
"month","2019-05",31,"25-52",25,52,19,17,1,0.6129032258064516,6
"month","2019-05",31,"26-62",26,62,19,13,3,0.6129032258064516,6
"month","2019-05",31,"37-73",37,73,19,13,3,0.6129032258064516,6
"month","2019-05",31,"38-83",38,83,19,14,2,0.6129032258064516,6
"month","2019-05",31,"02-20",2,20,18,13,1,0.5806451612903226,7
"month","2019-05",31,"05-50",5,50,18,15,3,0.5806451612903226,7
"month","2019-05",31,"44-99",44,99,18,14,2,0.5806451612903226,7
"month","2019-05",31,"47-74",47,74,18,16,1,0.5806451612903226,7
"month","2019-05",31,"69-96",69,96,18,15,2,0.5806451612903226,7
"month","2019-05",31,"34-43",34,43,17,13,2,0.5483870967741935,8
"month","2019-05",31,"07-70",7,70,16,16,0,0.5161290322580645,9
"month","2019-05",31,"27-72",27,72,16,12,3,0.5161290322580645,9
"month","2019-05",31,"46-64",46,64,16,12,2,0.5161290322580645,9
"month","2019-05",31,"14-41",14,41,15,12,1,0.4838709677419355,10
"month","2019-05",31,"01-10",1,10,14,10,0,0.45161290322580644,11
"month","2019-05",31,"03-30",3,30,14,11,1,0.45161290322580644,11
"month","2019-05",31,"06-60",6,60,14,9,2,0.45161290322580644,11
"month","2019-05",31,"08-80",8,80,14,12,0,0.45161290322580644,11
"month","2019-05",31,"11-66",11,66,14,11,2,0.45161290322580644,11
"month","2019-05",31,"13-31",13,31,14,14,0,0.45161290322580644,11
"month","2019-05",31,"24-42",24,42,14,12,0,0.45161290322580644,11
"month","2019-05",31,"29-92",29,92,14,11,1,0.45161290322580644,11
"month","2019-05",31,"04-40",4,40,13,11,1,0.41935483870967744,12
"month","2019-05",31,"09-90",9,90,13,11,1,0.41935483870967744,12
"month","2019-05",31,"12-21",12,21,13,12,1,0.41935483870967744,12
"month","2019-05",31,"19-91",19,91,13,11,1,0.41935483870967744,12
"month","2019-05",31,"33-88",33,88,13,11,0,0.41935483870967744,12
"month","2019-05",31,"58-85",58,85,13,11,1,0.41935483870967744,12
"month","2019-05",31,"79-97",79,97,13,12,0,0.41935483870967744,12
"month","2019-05",31,"17-71",17,71,12,8,2,0.3870967741935484,13
"month","2019-05",31,"48-84",48,84,12,10,0,0.3870967741935484,13
"month","2019-05",31,"56-65",56,65,12,11,1,0.3870967741935484,13
"month","2019-05",31,"16-61",16,61,11,9,2,0.3548387096774194,14
"month","2019-05",31,"28-82",28,82,11,9,1,0.3548387096774194,14
"month","2019-05",31,"78-87",78,87,11,8,2,0.3548387096774194,14
"month","2019-06",30,"39-93",39,93,27,21,1,0.9,1
"month","2019-06",30,"68-86",68,86,25,15,8,0.8333333333333334,2
"month","2019-06",30,"02-20",2,20,24,15,3,0.8,3
"month","2019-06",30,"28-82",28,82,24,17,3,0.8,3
"month","2019-06",30,"45-54",45,54,22,15,2,0.7333333333333333,4
"month","2019-06",30,"04-40",4,40,21,16,2,0.7,5
"month","2019-06",30,"59-95",59,95,21,18,1,0.7,5
"month","2019-06",30,"00-55",0,55,20,16,3,0.6666666666666666,6
"month","2019-06",30,"16-61",16,61,20,15,3,0.6666666666666666,6
"month","2019-06",30,"01-10",1,10,19,16,1,0.6333333333333333,7
"month","2019-06",30,"11-66",11,66,19,17,1,0.6333333333333333,7
"month","2019-06",30,"78-87",78,87,19,14,3,0.6333333333333333,7
"month","2019-06",30,"79-97",79,97,19,14,3,0.6333333333333333,7
"month","2019-06",30,"13-31",13,31,18,13,2,0.6,8
"month","2019-06",30,"57-75",57,75,18,13,2,0.6,8
"month","2019-06",30,"58-85",58,85,18,14,1,0.6,8
"month","2019-06",30,"09-90",9,90,17,15,1,0.5666666666666667,9
"month","2019-06",30,"44-99",44,99,17,13,0,0.5666666666666667,9
"month","2019-06",30,"07-70",7,70,16,12,2,0.5333333333333333,10
"month","2019-06",30,"08-80",8,80,16,12,3,0.5333333333333333,10
"month","2019-06",30,"24-42",24,42,16,13,1,0.5333333333333333,10
"month","2019-06",30,"25-52",25,52,16,14,1,0.5333333333333333,10
"month","2019-06",30,"35-53",35,53,16,14,0,0.5333333333333333,10
"month","2019-06",30,"49-94",49,94,16,13,3,0.5333333333333333,10
"month","2019-06",30,"89-98",89,98,16,13,0,0.5333333333333333,10
"month","2019-06",30,"05-50",5,50,15,11,3,0.5,11
"month","2019-06",30,"06-60",6,60,15,12,1,0.5,11
"month","2019-06",30,"15-51",15,51,15,10,2,0.5,11
"month","2019-06",30,"18-81",18,81,15,13,2,0.5,11
"month","2019-06",30,"19-91",19,91,15,11,2,0.5,11
"month","2019-06",30,"34-43",34,43,15,12,1,0.5,11
"month","2019-06",30,"37-73",37,73,15,12,3,0.5,11
"month","2019-06",30,"38-83",38,83,15,11,2,0.5,11
"month","2019-06",30,"56-65",56,65,15,10,3,0.5,11
"month","2019-06",30,"23-32",23,32,14,12,1,0.4666666666666667,12
"month","2019-06",30,"26-62",26,62,14,12,1,0.4666666666666667,12
"month","2019-06",30,"48-84",48,84,14,13,1,0.4666666666666667,12
"month","2019-06",30,"67-76",67,76,14,13,1,0.4666666666666667,12
"month","2019-06",30,"12-21",12,21,13,10,2,0.43333333333333335,13
"month","2019-06",30,"14-41",14,41,13,11,2,0.43333333333333335,13
"month","2019-06",30,"29-92",29,92,13,11,1,0.43333333333333335,13
"month","2019-06",30,"33-88",33,88,13,11,0,0.43333333333333335,13
"month","2019-06",30,"36-63",36,63,13,13,0,0.43333333333333335,13
"month","2019-06",30,"46-64",46,64,12,10,1,0.4,14
"month","2019-06",30,"17-71",17,71,11,8,1,0.36666666666666664,15
"month","2019-06",30,"22-77",22,77,11,9,1,0.36666666666666664,15
"month","2019-06",30,"27-72",27,72,11,10,0,0.36666666666666664,15
"month","2019-06",30,"69-96",69,96,11,9,1,0.36666666666666664,15
"month","2019-06",30,"03-30",3,30,10,8,1,0.3333333333333333,16
"month","2019-06",30,"47-74",47,74,8,7,1,0.26666666666666666,17
"month","2019-07",31,"03-30",3,30,33,21,3,1.064516129032258,1
"month","2019-07",31,"00-55",0,55,24,16,3,0.7741935483870968,2
"month","2019-07",31,"17-71",17,71,23,16,5,0.7419354838709677,3
"month","2019-07",31,"25-52",25,52,23,16,2,0.7419354838709677,3
"month","2019-07",31,"33-88",33,88,23,16,4,0.7419354838709677,3
"month","2019-07",31,"15-51",15,51,22,20,0,0.7096774193548387,4
"month","2019-07",31,"22-77",22,77,22,15,2,0.7096774193548387,4
"month","2019-07",31,"29-92",29,92,22,14,3,0.7096774193548387,4
"month","2019-07",31,"57-75",57,75,21,17,1,0.6774193548387096,5
"month","2019-07",31,"09-90",9,90,20,15,4,0.6451612903225806,6
"month","2019-07",31,"38-83",38,83,20,16,3,0.6451612903225806,6
"month","2019-07",31,"56-65",56,65,19,16,2,0.6129032258064516,7
"month","2019-07",31,"58-85",58,85,19,17,1,0.6129032258064516,7
"month","2019-07",31,"02-20",2,20,18,13,4,0.5806451612903226,8
"month","2019-07",31,"04-40",4,40,18,13,4,0.5806451612903226,8
"month","2019-07",31,"05-50",5,50,18,14,2,0.5806451612903226,8
"month","2019-07",31,"28-82",28,82,18,13,3,0.5806451612903226,8
"month","2019-07",31,"07-70",7,70,17,15,1,0.5483870967741935,9
"month","2019-07",31,"11-66",11,66,17,15,1,0.5483870967741935,9
"month","2019-07",31,"12-21",12,21,17,12,2,0.5483870967741935,9
"month","2019-07",31,"23-32",23,32,17,15,0,0.5483870967741935,9
"month","2019-07",31,"24-42",24,42,17,12,2,0.5483870967741935,9
"month","2019-07",31,"37-73",37,73,17,13,3,0.5483870967741935,9
"month","2019-07",31,"44-99",44,99,17,13,2,0.5483870967741935,9
"month","2019-07",31,"48-84",48,84,17,15,1,0.5483870967741935,9
"month","2019-07",31,"19-91",19,91,16,12,1,0.5161290322580645,10
"month","2019-07",31,"46-64",46,64,16,14,1,0.5161290322580645,10
"month","2019-07",31,"69-96",69,96,16,12,1,0.5161290322580645,10
"month","2019-07",31,"79-97",79,97,16,12,3,0.5161290322580645,10
"month","2019-07",31,"08-80",8,80,15,12,0,0.4838709677419355,11
"month","2019-07",31,"39-93",39,93,15,12,2,0.4838709677419355,11
"month","2019-07",31,"45-54",45,54,15,12,2,0.4838709677419355,11
"month","2019-07",31,"47-74",47,74,15,12,2,0.4838709677419355,11
"month","2019-07",31,"67-76",67,76,15,14,1,0.4838709677419355,11
"month","2019-07",31,"34-43",34,43,14,14,0,0.45161290322580644,12
"month","2019-07",31,"36-63",36,63,14,12,1,0.45161290322580644,12
"month","2019-07",31,"78-87",78,87,14,13,0,0.45161290322580644,12
"month","2019-07",31,"89-98",89,98,14,10,1,0.45161290322580644,12
"month","2019-07",31,"01-10",1,10,13,12,1,0.41935483870967744,13
"month","2019-07",31,"13-31",13,31,13,11,2,0.41935483870967744,13
"month","2019-07",31,"59-95",59,95,13,11,1,0.41935483870967744,13
"month","2019-07",31,"16-61",16,61,12,11,0,0.3870967741935484,14
"month","2019-07",31,"27-72",27,72,12,11,0,0.3870967741935484,14
"month","2019-07",31,"35-53",35,53,12,10,2,0.3870967741935484,14
"month","2019-07",31,"49-94",49,94,12,9,1,0.3870967741935484,14
"month","2019-07",31,"68-86",68,86,12,11,0,0.3870967741935484,14
"month","2019-07",31,"06-60",6,60,11,10,0,0.3548387096774194,15
"month","2019-07",31,"14-41",14,41,11,10,1,0.3548387096774194,15
"month","2019-07",31,"18-81",18,81,11,8,2,0.3548387096774194,15
"month","2019-07",31,"26-62",26,62,11,8,1,0.3548387096774194,15
"month","2019-08",31,"19-91",19,91,27,17,4,0.8709677419354839,1
"month","2019-08",31,"44-99",44,99,27,17,4,0.8709677419354839,1
"month","2019-08",31,"36-63",36,63,25,16,3,0.8064516129032258,2
"month","2019-08",31,"25-52",25,52,23,15,4,0.7419354838709677,3
"month","2019-08",31,"39-93",39,93,23,17,3,0.7419354838709677,3
"month","2019-08",31,"56-65",56,65,23,12,3,0.7419354838709677,3
"month","2019-08",31,"67-76",67,76,23,20,2,0.7419354838709677,3
"month","2019-08",31,"05-50",5,50,22,17,2,0.7096774193548387,4
"month","2019-08",31,"27-72",27,72,22,17,4,0.7096774193548387,4
"month","2019-08",31,"28-82",28,82,22,14,2,0.7096774193548387,4
"month","2019-08",31,"35-53",35,53,22,17,1,0.7096774193548387,4
"month","2019-08",31,"78-87",78,87,22,17,3,0.7096774193548387,4
"month","2019-08",31,"49-94",49,94,20,16,2,0.6451612903225806,5
"month","2019-08",31,"58-85",58,85,20,15,3,0.6451612903225806,5
"month","2019-08",31,"02-20",2,20,19,13,4,0.6129032258064516,6
"month","2019-08",31,"03-30",3,30,19,13,3,0.6129032258064516,6
"month","2019-08",31,"23-32",23,32,19,15,1,0.6129032258064516,6
"month","2019-08",31,"29-92",29,92,19,14,3,0.6129032258064516,6
"month","2019-08",31,"00-55",0,55,18,12,1,0.5806451612903226,7
"month","2019-08",31,"14-41",14,41,18,14,2,0.5806451612903226,7
"month","2019-08",31,"48-84",48,84,18,13,2,0.5806451612903226,7
"month","2019-08",31,"68-86",68,86,18,17,0,0.5806451612903226,7
"month","2019-08",31,"04-40",4,40,17,13,2,0.5483870967741935,8
"month","2019-08",31,"26-62",26,62,17,14,1,0.5483870967741935,8
"month","2019-08",31,"59-95",59,95,17,14,1,0.5483870967741935,8
"month","2019-08",31,"89-98",89,98,17,12,2,0.5483870967741935,8
"month","2019-08",31,"12-21",12,21,16,13,2,0.5161290322580645,9
"month","2019-08",31,"38-83",38,83,16,13,2,0.5161290322580645,9
"month","2019-08",31,"46-64",46,64,16,13,1,0.5161290322580645,9
"month","2019-08",31,"08-80",8,80,15,12,1,0.4838709677419355,10
"month","2019-08",31,"22-77",22,77,15,11,2,0.4838709677419355,10
"month","2019-08",31,"11-66",11,66,14,10,0,0.45161290322580644,11
"month","2019-08",31,"45-54",45,54,14,12,1,0.45161290322580644,11
"month","2019-08",31,"69-96",69,96,14,12,1,0.45161290322580644,11
"month","2019-08",31,"09-90",9,90,13,8,2,0.41935483870967744,12
"month","2019-08",31,"18-81",18,81,13,13,0,0.41935483870967744,12
"month","2019-08",31,"79-97",79,97,13,9,2,0.41935483870967744,12
"month","2019-08",31,"07-70",7,70,12,10,2,0.3870967741935484,13
"month","2019-08",31,"17-71",17,71,12,10,1,0.3870967741935484,13
"month","2019-08",31,"33-88",33,88,12,9,2,0.3870967741935484,13
"month","2019-08",31,"34-43",34,43,12,10,2,0.3870967741935484,13
"month","2019-08",31,"37-73",37,73,12,10,1,0.3870967741935484,13
"month","2019-08",31,"47-74",47,74,12,9,2,0.3870967741935484,13
"month","2019-08",31,"06-60",6,60,11,9,1,0.3548387096774194,14
"month","2019-08",31,"57-75",57,75,11,9,0,0.3548387096774194,14
"month","2019-08",31,"01-10",1,10,10,9,1,0.3225806451612903,15
"month","2019-08",31,"13-31",13,31,10,10,0,0.3225806451612903,15
"month","2019-08",31,"15-51",15,51,9,9,0,0.2903225806451613,16
"month","2019-08",31,"16-61",16,61,9,7,1,0.2903225806451613,16
"month","2019-08",31,"24-42",24,42,9,8,0,0.2903225806451613,16
"month","2019-09",30,"68-86",68,86,26,19,4,0.8666666666666667,1
"month","2019-09",30,"12-21",12,21,23,17,1,0.7666666666666667,2
"month","2019-09",30,"29-92",29,92,23,15,3,0.7666666666666667,2
"month","2019-09",30,"02-20",2,20,21,18,1,0.7,3
"month","2019-09",30,"03-30",3,30,21,15,2,0.7,3
"month","2019-09",30,"07-70",7,70,21,17,1,0.7,3
"month","2019-09",30,"27-72",27,72,21,16,3,0.7,3
"month","2019-09",30,"36-63",36,63,21,15,3,0.7,3
"month","2019-09",30,"57-75",57,75,20,15,3,0.6666666666666666,4
"month","2019-09",30,"78-87",78,87,20,16,2,0.6666666666666666,4
"month","2019-09",30,"33-88",33,88,19,14,2,0.6333333333333333,5
"month","2019-09",30,"38-83",38,83,19,13,4,0.6333333333333333,5
"month","2019-09",30,"48-84",48,84,19,17,2,0.6333333333333333,5
"month","2019-09",30,"79-97",79,97,19,11,4,0.6333333333333333,5
"month","2019-09",30,"06-60",6,60,18,12,4,0.6,6
"month","2019-09",30,"23-32",23,32,18,15,2,0.6,6
"month","2019-09",30,"26-62",26,62,18,13,1,0.6,6
"month","2019-09",30,"47-74",47,74,18,14,2,0.6,6
"month","2019-09",30,"16-61",16,61,17,15,1,0.5666666666666667,7
"month","2019-09",30,"24-42",24,42,17,15,2,0.5666666666666667,7
"month","2019-09",30,"35-53",35,53,17,14,1,0.5666666666666667,7
"month","2019-09",30,"46-64",46,64,17,12,2,0.5666666666666667,7
"month","2019-09",30,"56-65",56,65,17,13,3,0.5666666666666667,7
"month","2019-09",30,"49-94",49,94,16,13,0,0.5333333333333333,8
"month","2019-09",30,"67-76",67,76,16,14,1,0.5333333333333333,8
"month","2019-09",30,"69-96",69,96,16,13,1,0.5333333333333333,8
"month","2019-09",30,"01-10",1,10,15,12,2,0.5,9
"month","2019-09",30,"05-50",5,50,15,14,0,0.5,9
"month","2019-09",30,"14-41",14,41,15,12,2,0.5,9
"month","2019-09",30,"18-81",18,81,15,11,1,0.5,9
"month","2019-09",30,"28-82",28,82,15,12,3,0.5,9
"month","2019-09",30,"34-43",34,43,15,12,2,0.5,9
"month","2019-09",30,"37-73",37,73,15,11,1,0.5,9
"month","2019-09",30,"08-80",8,80,14,12,1,0.4666666666666667,10
"month","2019-09",30,"22-77",22,77,14,12,1,0.4666666666666667,10
"month","2019-09",30,"25-52",25,52,14,11,3,0.4666666666666667,10
"month","2019-09",30,"39-93",39,93,14,10,2,0.4666666666666667,10
"month","2019-09",30,"58-85",58,85,14,12,2,0.4666666666666667,10
"month","2019-09",30,"89-98",89,98,14,11,2,0.4666666666666667,10
"month","2019-09",30,"00-55",0,55,13,12,1,0.43333333333333335,11
"month","2019-09",30,"09-90",9,90,13,11,1,0.43333333333333335,11
"month","2019-09",30,"45-54",45,54,13,10,1,0.43333333333333335,11
"month","2019-09",30,"15-51",15,51,12,9,1,0.4,12
"month","2019-09",30,"59-95",59,95,12,11,0,0.4,12
"month","2019-09",30,"04-40",4,40,11,11,0,0.36666666666666664,13
"month","2019-09",30,"11-66",11,66,11,10,0,0.36666666666666664,13
"month","2019-09",30,"13-31",13,31,10,8,2,0.3333333333333333,14
"month","2019-09",30,"17-71",17,71,10,6,2,0.3333333333333333,14
"month","2019-09",30,"44-99",44,99,10,8,0,0.3333333333333333,14
"month","2019-09",30,"19-91",19,91,8,7,1,0.26666666666666666,15
"month","2019-10",31,"47-74",47,74,26,16,4,0.8387096774193549,1
"month","2019-10",31,"24-42",24,42,23,15,3,0.7419354838709677,2
"month","2019-10",31,"34-43",34,43,22,17,2,0.7096774193548387,3
"month","2019-10",31,"59-95",59,95,22,16,2,0.7096774193548387,3
"month","2019-10",31,"03-30",3,30,21,14,1,0.6774193548387096,4
"month","2019-10",31,"29-92",29,92,21,15,4,0.6774193548387096,4
"month","2019-10",31,"78-87",78,87,21,19,2,0.6774193548387096,4
"month","2019-10",31,"18-81",18,81,20,14,2,0.6451612903225806,5
"month","2019-10",31,"35-53",35,53,20,17,2,0.6451612903225806,5
"month","2019-10",31,"57-75",57,75,20,14,2,0.6451612903225806,5
"month","2019-10",31,"68-86",68,86,20,13,2,0.6451612903225806,5
"month","2019-10",31,"05-50",5,50,19,14,1,0.6129032258064516,6
"month","2019-10",31,"16-61",16,61,19,15,3,0.6129032258064516,6
"month","2019-10",31,"33-88",33,88,19,15,3,0.6129032258064516,6
"month","2019-10",31,"45-54",45,54,19,14,5,0.6129032258064516,6
"month","2019-10",31,"48-84",48,84,19,13,4,0.6129032258064516,6
"month","2019-10",31,"67-76",67,76,19,17,2,0.6129032258064516,6
"month","2019-10",31,"89-98",89,98,19,13,3,0.6129032258064516,6
"month","2019-10",31,"14-41",14,41,18,14,2,0.5806451612903226,7
"month","2019-10",31,"17-71",17,71,18,14,1,0.5806451612903226,7
"month","2019-10",31,"36-63",36,63,18,15,0,0.5806451612903226,7
"month","2019-10",31,"11-66",11,66,17,16,1,0.5483870967741935,8
"month","2019-10",31,"25-52",25,52,17,14,2,0.5483870967741935,8
"month","2019-10",31,"37-73",37,73,17,12,3,0.5483870967741935,8
"month","2019-10",31,"49-94",49,94,17,13,2,0.5483870967741935,8
"month","2019-10",31,"69-96",69,96,17,14,0,0.5483870967741935,8
"month","2019-10",31,"04-40",4,40,16,12,3,0.5161290322580645,9
"month","2019-10",31,"12-21",12,21,16,14,0,0.5161290322580645,9
"month","2019-10",31,"22-77",22,77,16,13,3,0.5161290322580645,9
"month","2019-10",31,"39-93",39,93,16,14,2,0.5161290322580645,9
"month","2019-10",31,"58-85",58,85,16,13,1,0.5161290322580645,9
"month","2019-10",31,"79-97",79,97,16,14,0,0.5161290322580645,9
"month","2019-10",31,"02-20",2,20,15,13,1,0.4838709677419355,10
"month","2019-10",31,"07-70",7,70,15,13,0,0.4838709677419355,10
"month","2019-10",31,"19-91",19,91,15,13,1,0.4838709677419355,10
"month","2019-10",31,"26-62",26,62,15,13,2,0.4838709677419355,10
"month","2019-10",31,"28-82",28,82,15,12,2,0.4838709677419355,10
"month","2019-10",31,"44-99",44,99,15,13,0,0.4838709677419355,10
"month","2019-10",31,"06-60",6,60,14,11,0,0.45161290322580644,11
"month","2019-10",31,"01-10",1,10,13,10,1,0.41935483870967744,12
"month","2019-10",31,"13-31",13,31,13,10,2,0.41935483870967744,12
"month","2019-10",31,"15-51",15,51,13,10,1,0.41935483870967744,12
"month","2019-10",31,"46-64",46,64,13,11,1,0.41935483870967744,12
"month","2019-10",31,"00-55",0,55,12,12,0,0.3870967741935484,13
"month","2019-10",31,"08-80",8,80,12,10,2,0.3870967741935484,13
"month","2019-10",31,"09-90",9,90,12,10,1,0.3870967741935484,13
"month","2019-10",31,"27-72",27,72,12,9,1,0.3870967741935484,13
"month","2019-10",31,"23-32",23,32,11,10,0,0.3548387096774194,14
"month","2019-10",31,"56-65",56,65,10,9,0,0.3225806451612903,15
"month","2019-10",31,"38-83",38,83,8,7,0,0.25806451612903225,16
"month","2019-11",30,"58-85",58,85,24,15,5,0.8,1
"month","2019-11",30,"78-87",78,87,24,16,5,0.8,1
"month","2019-11",30,"39-93",39,93,23,20,2,0.7666666666666667,2
"month","2019-11",30,"47-74",47,74,23,15,5,0.7666666666666667,2
"month","2019-11",30,"48-84",48,84,23,19,2,0.7666666666666667,2
"month","2019-11",30,"68-86",68,86,23,15,4,0.7666666666666667,2
"month","2019-11",30,"00-55",0,55,22,16,3,0.7333333333333333,3
"month","2019-11",30,"19-91",19,91,22,15,4,0.7333333333333333,3
"month","2019-11",30,"23-32",23,32,22,15,2,0.7333333333333333,3
"month","2019-11",30,"24-42",24,42,22,17,3,0.7333333333333333,3
"month","2019-11",30,"03-30",3,30,21,16,2,0.7,4
"month","2019-11",30,"05-50",5,50,20,15,3,0.6666666666666666,5
"month","2019-11",30,"02-20",2,20,19,16,1,0.6333333333333333,6
"month","2019-11",30,"09-90",9,90,18,13,4,0.6,7
"month","2019-11",30,"25-52",25,52,18,13,3,0.6,7
"month","2019-11",30,"34-43",34,43,18,13,2,0.6,7
"month","2019-11",30,"38-83",38,83,18,13,2,0.6,7
"month","2019-11",30,"59-95",59,95,18,14,1,0.6,7
"month","2019-11",30,"13-31",13,31,17,11,2,0.5666666666666667,8
"month","2019-11",30,"18-81",18,81,16,12,3,0.5333333333333333,9
"month","2019-11",30,"22-77",22,77,16,13,0,0.5333333333333333,9
"month","2019-11",30,"26-62",26,62,16,13,0,0.5333333333333333,9
"month","2019-11",30,"45-54",45,54,16,12,2,0.5333333333333333,9
"month","2019-11",30,"49-94",49,94,16,13,0,0.5333333333333333,9
"month","2019-11",30,"56-65",56,65,16,14,0,0.5333333333333333,9
"month","2019-11",30,"57-75",57,75,16,13,0,0.5333333333333333,9
"month","2019-11",30,"67-76",67,76,16,13,2,0.5333333333333333,9
"month","2019-11",30,"04-40",4,40,15,12,2,0.5,10
"month","2019-11",30,"07-70",7,70,15,13,0,0.5,10
"month","2019-11",30,"17-71",17,71,15,10,2,0.5,10
"month","2019-11",30,"36-63",36,63,15,13,1,0.5,10
"month","2019-11",30,"01-10",1,10,14,12,1,0.4666666666666667,11
"month","2019-11",30,"12-21",12,21,14,11,1,0.4666666666666667,11
"month","2019-11",30,"29-92",29,92,14,13,0,0.4666666666666667,11
"month","2019-11",30,"46-64",46,64,14,12,1,0.4666666666666667,11
"month","2019-11",30,"69-96",69,96,14,12,1,0.4666666666666667,11
"month","2019-11",30,"89-98",89,98,14,11,1,0.4666666666666667,11
"month","2019-11",30,"08-80",8,80,13,10,2,0.43333333333333335,12
"month","2019-11",30,"27-72",27,72,13,9,2,0.43333333333333335,12
"month","2019-11",30,"11-66",11,66,12,10,1,0.4,13
"month","2019-11",30,"14-41",14,41,12,10,0,0.4,13
"month","2019-11",30,"15-51",15,51,12,11,0,0.4,13
"month","2019-11",30,"44-99",44,99,12,10,1,0.4,13
"month","2019-11",30,"06-60",6,60,11,9,1,0.36666666666666664,14
"month","2019-11",30,"33-88",33,88,11,9,0,0.36666666666666664,14
"month","2019-11",30,"35-53",35,53,11,10,1,0.36666666666666664,14
"month","2019-11",30,"79-97",79,97,11,9,1,0.36666666666666664,14
"month","2019-11",30,"16-61",16,61,10,8,1,0.3333333333333333,15
"month","2019-11",30,"37-73",37,73,10,8,1,0.3333333333333333,15
"month","2019-11",30,"28-82",28,82,5,5,0,0.16666666666666666,16
"month","2019-12",31,"49-94",49,94,28,20,2,0.9032258064516129,1
"month","2019-12",31,"01-10",1,10,25,17,3,0.8064516129032258,2
"month","2019-12",31,"26-62",26,62,25,16,3,0.8064516129032258,2
"month","2019-12",31,"29-92",29,92,24,18,4,0.7741935483870968,3
"month","2019-12",31,"57-75",57,75,24,20,3,0.7741935483870968,3
"month","2019-12",31,"06-60",6,60,23,16,2,0.7419354838709677,4
"month","2019-12",31,"08-80",8,80,22,16,3,0.7096774193548387,5
"month","2019-12",31,"12-21",12,21,22,19,1,0.7096774193548387,5
"month","2019-12",31,"48-84",48,84,22,18,3,0.7096774193548387,5
"month","2019-12",31,"78-87",78,87,22,16,4,0.7096774193548387,5
"month","2019-12",31,"67-76",67,76,21,17,2,0.6774193548387096,6
"month","2019-12",31,"04-40",4,40,20,16,2,0.6451612903225806,7
"month","2019-12",31,"16-61",16,61,20,13,3,0.6451612903225806,7
"month","2019-12",31,"28-82",28,82,19,14,2,0.6129032258064516,8
"month","2019-12",31,"02-20",2,20,18,14,1,0.5806451612903226,9
"month","2019-12",31,"18-81",18,81,18,14,3,0.5806451612903226,9
"month","2019-12",31,"24-42",24,42,18,13,3,0.5806451612903226,9
"month","2019-12",31,"27-72",27,72,18,14,2,0.5806451612903226,9
"month","2019-12",31,"68-86",68,86,18,16,0,0.5806451612903226,9
"month","2019-12",31,"69-96",69,96,18,15,3,0.5806451612903226,9
"month","2019-12",31,"89-98",89,98,18,13,4,0.5806451612903226,9
"month","2019-12",31,"22-77",22,77,17,14,2,0.5483870967741935,10
"month","2019-12",31,"33-88",33,88,17,12,2,0.5483870967741935,10
"month","2019-12",31,"44-99",44,99,17,11,3,0.5483870967741935,10
"month","2019-12",31,"45-54",45,54,17,11,2,0.5483870967741935,10
"month","2019-12",31,"23-32",23,32,16,12,2,0.5161290322580645,11
"month","2019-12",31,"39-93",39,93,16,12,2,0.5161290322580645,11
"month","2019-12",31,"07-70",7,70,15,13,1,0.4838709677419355,12
"month","2019-12",31,"11-66",11,66,15,12,2,0.4838709677419355,12
"month","2019-12",31,"15-51",15,51,15,14,1,0.4838709677419355,12
"month","2019-12",31,"19-91",19,91,15,12,1,0.4838709677419355,12
"month","2019-12",31,"36-63",36,63,15,14,0,0.4838709677419355,12
"month","2019-12",31,"37-73",37,73,15,12,0,0.4838709677419355,12
"month","2019-12",31,"47-74",47,74,15,11,1,0.4838709677419355,12
"month","2019-12",31,"13-31",13,31,14,11,2,0.45161290322580644,13
"month","2019-12",31,"14-41",14,41,14,11,2,0.45161290322580644,13
"month","2019-12",31,"38-83",38,83,14,13,1,0.45161290322580644,13
"month","2019-12",31,"58-85",58,85,14,14,0,0.45161290322580644,13
"month","2019-12",31,"59-95",59,95,14,12,0,0.45161290322580644,13
"month","2019-12",31,"05-50",5,50,13,10,1,0.41935483870967744,14
"month","2019-12",31,"35-53",35,53,13,12,0,0.41935483870967744,14
"month","2019-12",31,"09-90",9,90,12,11,1,0.3870967741935484,15
"month","2019-12",31,"79-97",79,97,12,7,2,0.3870967741935484,15
"month","2019-12",31,"00-55",0,55,11,9,1,0.3548387096774194,16
"month","2019-12",31,"25-52",25,52,11,9,1,0.3548387096774194,16
"month","2019-12",31,"34-43",34,43,11,10,1,0.3548387096774194,16
"month","2019-12",31,"46-64",46,64,11,11,0,0.3548387096774194,16
"month","2019-12",31,"56-65",56,65,9,7,0,0.2903225806451613,17
"month","2019-12",31,"03-30",3,30,8,7,0,0.25806451612903225,18
"month","2019-12",31,"17-71",17,71,8,6,1,0.25806451612903225,18
"month","2020-01",27,"49-94",49,94,23,18,3,0.8518518518518519,1
"month","2020-01",27,"07-70",7,70,21,16,3,0.7777777777777778,2
"month","2020-01",27,"12-21",12,21,21,13,3,0.7777777777777778,2
"month","2020-01",27,"15-51",15,51,21,15,3,0.7777777777777778,2
"month","2020-01",27,"17-71",17,71,20,14,1,0.7407407407407407,3
"month","2020-01",27,"46-64",46,64,20,14,4,0.7407407407407407,3
"month","2020-01",27,"48-84",48,84,20,17,1,0.7407407407407407,3
"month","2020-01",27,"02-20",2,20,19,15,2,0.7037037037037037,4
"month","2020-01",27,"18-81",18,81,19,12,4,0.7037037037037037,4
"month","2020-01",27,"38-83",38,83,19,15,3,0.7037037037037037,4
"month","2020-01",27,"47-74",47,74,19,12,3,0.7037037037037037,4
"month","2020-01",27,"33-88",33,88,18,14,1,0.6666666666666666,5
"month","2020-01",27,"58-85",58,85,18,14,3,0.6666666666666666,5
"month","2020-01",27,"89-98",89,98,18,13,2,0.6666666666666666,5
"month","2020-01",27,"28-82",28,82,16,13,1,0.5925925925925926,6
"month","2020-01",27,"36-63",36,63,16,12,3,0.5925925925925926,6
"month","2020-01",27,"13-31",13,31,15,14,0,0.5555555555555556,7
"month","2020-01",27,"19-91",19,91,15,11,1,0.5555555555555556,7
"month","2020-01",27,"29-92",29,92,15,13,2,0.5555555555555556,7
"month","2020-01",27,"37-73",37,73,15,10,1,0.5555555555555556,7
"month","2020-01",27,"08-80",8,80,14,9,4,0.5185185185185185,8
"month","2020-01",27,"44-99",44,99,14,13,1,0.5185185185185185,8
"month","2020-01",27,"59-95",59,95,14,12,2,0.5185185185185185,8
"month","2020-01",27,"67-76",67,76,14,12,1,0.5185185185185185,8
"month","2020-01",27,"69-96",69,96,14,9,1,0.5185185185185185,8
"month","2020-01",27,"78-87",78,87,14,11,1,0.5185185185185185,8
"month","2020-01",27,"05-50",5,50,13,11,1,0.48148148148148145,9
"month","2020-01",27,"06-60",6,60,13,12,1,0.48148148148148145,9
"month","2020-01",27,"09-90",9,90,13,11,1,0.48148148148148145,9
"month","2020-01",27,"11-66",11,66,13,12,0,0.48148148148148145,9
"month","2020-01",27,"27-72",27,72,13,9,1,0.48148148148148145,9
"month","2020-01",27,"39-93",39,93,13,10,0,0.48148148148148145,9
"month","2020-01",27,"79-97",79,97,13,10,2,0.48148148148148145,9
"month","2020-01",27,"01-10",1,10,12,10,2,0.4444444444444444,10
"month","2020-01",27,"03-30",3,30,12,10,1,0.4444444444444444,10
"month","2020-01",27,"04-40",4,40,12,8,1,0.4444444444444444,10
"month","2020-01",27,"14-41",14,41,12,9,2,0.4444444444444444,10
"month","2020-01",27,"23-32",23,32,12,9,1,0.4444444444444444,10
"month","2020-01",27,"24-42",24,42,12,10,1,0.4444444444444444,10
"month","2020-01",27,"34-43",34,43,12,10,1,0.4444444444444444,10
"month","2020-01",27,"35-53",35,53,12,10,2,0.4444444444444444,10
"month","2020-01",27,"45-54",45,54,12,11,0,0.4444444444444444,10
"month","2020-01",27,"56-65",56,65,12,12,0,0.4444444444444444,10
"month","2020-01",27,"57-75",57,75,12,9,1,0.4444444444444444,10
"month","2020-01",27,"68-86",68,86,12,10,0,0.4444444444444444,10
"month","2020-01",27,"16-61",16,61,10,8,0,0.37037037037037035,11
"month","2020-01",27,"22-77",22,77,10,8,1,0.37037037037037035,11
"month","2020-01",27,"26-62",26,62,9,8,1,0.3333333333333333,12
"month","2020-01",27,"00-55",0,55,7,6,1,0.25925925925925924,13
"month","2020-01",27,"25-52",25,52,6,6,0,0.2222222222222222,14
"month","2020-02",29,"05-50",5,50,26,18,3,0.896551724137931,1
"month","2020-02",29,"04-40",4,40,24,16,4,0.8275862068965517,2
"month","2020-02",29,"68-86",68,86,22,16,5,0.7586206896551724,3
"month","2020-02",29,"07-70",7,70,21,17,1,0.7241379310344828,4
"month","2020-02",29,"49-94",49,94,21,13,2,0.7241379310344828,4
"month","2020-02",29,"37-73",37,73,20,14,3,0.6896551724137931,5
"month","2020-02",29,"69-96",69,96,20,13,2,0.6896551724137931,5
"month","2020-02",29,"78-87",78,87,20,14,2,0.6896551724137931,5
"month","2020-02",29,"57-75",57,75,19,13,3,0.6551724137931034,6
"month","2020-02",29,"19-91",19,91,18,13,2,0.6206896551724138,7
"month","2020-02",29,"33-88",33,88,18,14,1,0.6206896551724138,7
"month","2020-02",29,"36-63",36,63,18,15,1,0.6206896551724138,7
"month","2020-02",29,"01-10",1,10,17,11,1,0.5862068965517241,8
"month","2020-02",29,"11-66",11,66,17,11,2,0.5862068965517241,8
"month","2020-02",29,"12-21",12,21,17,13,3,0.5862068965517241,8
"month","2020-02",29,"14-41",14,41,17,14,0,0.5862068965517241,8
"month","2020-02",29,"22-77",22,77,17,12,3,0.5862068965517241,8
"month","2020-02",29,"23-32",23,32,17,12,3,0.5862068965517241,8
"month","2020-02",29,"34-43",34,43,17,12,0,0.5862068965517241,8
"month","2020-02",29,"39-93",39,93,17,12,2,0.5862068965517241,8
"month","2020-02",29,"44-99",44,99,17,13,3,0.5862068965517241,8
"month","2020-02",29,"67-76",67,76,17,14,2,0.5862068965517241,8
"month","2020-02",29,"89-98",89,98,17,15,1,0.5862068965517241,8
"month","2020-02",29,"15-51",15,51,16,13,2,0.5517241379310345,9
"month","2020-02",29,"16-61",16,61,16,13,0,0.5517241379310345,9
"month","2020-02",29,"46-64",46,64,16,13,1,0.5517241379310345,9
"month","2020-02",29,"48-84",48,84,16,14,0,0.5517241379310345,9
"month","2020-02",29,"59-95",59,95,16,14,2,0.5517241379310345,9
"month","2020-02",29,"06-60",6,60,15,11,3,0.5172413793103449,10
"month","2020-02",29,"17-71",17,71,15,12,2,0.5172413793103449,10
"month","2020-02",29,"25-52",25,52,15,10,2,0.5172413793103449,10
"month","2020-02",29,"26-62",26,62,15,13,1,0.5172413793103449,10
"month","2020-02",29,"56-65",56,65,15,13,2,0.5172413793103449,10
"month","2020-02",29,"03-30",3,30,14,12,1,0.4827586206896552,11
"month","2020-02",29,"18-81",18,81,14,11,1,0.4827586206896552,11
"month","2020-02",29,"79-97",79,97,14,11,1,0.4827586206896552,11
"month","2020-02",29,"00-55",0,55,13,11,0,0.4482758620689655,12
"month","2020-02",29,"02-20",2,20,13,9,2,0.4482758620689655,12
"month","2020-02",29,"28-82",28,82,13,8,1,0.4482758620689655,12
"month","2020-02",29,"29-92",29,92,12,10,0,0.41379310344827586,13
"month","2020-02",29,"38-83",38,83,12,10,0,0.41379310344827586,13
"month","2020-02",29,"45-54",45,54,12,11,1,0.41379310344827586,13
"month","2020-02",29,"47-74",47,74,12,9,0,0.41379310344827586,13
"month","2020-02",29,"09-90",9,90,11,10,1,0.3793103448275862,14
"month","2020-02",29,"24-42",24,42,11,9,2,0.3793103448275862,14
"month","2020-02",29,"08-80",8,80,10,9,1,0.3448275862068966,15
"month","2020-02",29,"35-53",35,53,10,8,2,0.3448275862068966,15
"month","2020-02",29,"58-85",58,85,9,9,0,0.3103448275862069,16
"month","2020-02",29,"13-31",13,31,8,5,2,0.27586206896551724,17
"month","2020-02",29,"27-72",27,72,6,6,0,0.20689655172413793,18
"month","2020-03",31,"15-51",15,51,28,17,4,0.9032258064516129,1
"month","2020-03",31,"79-97",79,97,25,13,5,0.8064516129032258,2
"month","2020-03",31,"12-21",12,21,24,17,3,0.7741935483870968,3
"month","2020-03",31,"00-55",0,55,23,17,1,0.7419354838709677,4
"month","2020-03",31,"14-41",14,41,22,16,3,0.7096774193548387,5
"month","2020-03",31,"22-77",22,77,22,16,3,0.7096774193548387,5
"month","2020-03",31,"58-85",58,85,22,16,4,0.7096774193548387,5
"month","2020-03",31,"59-95",59,95,22,12,4,0.7096774193548387,5
"month","2020-03",31,"35-53",35,53,21,14,5,0.6774193548387096,6
"month","2020-03",31,"89-98",89,98,21,19,0,0.6774193548387096,6
"month","2020-03",31,"11-66",11,66,20,13,4,0.6451612903225806,7
"month","2020-03",31,"37-73",37,73,20,14,3,0.6451612903225806,7
"month","2020-03",31,"09-90",9,90,19,16,1,0.6129032258064516,8
"month","2020-03",31,"19-91",19,91,19,14,2,0.6129032258064516,8
"month","2020-03",31,"24-42",24,42,19,16,1,0.6129032258064516,8
"month","2020-03",31,"47-74",47,74,19,15,1,0.6129032258064516,8
"month","2020-03",31,"56-65",56,65,19,16,2,0.6129032258064516,8
"month","2020-03",31,"01-10",1,10,18,16,2,0.5806451612903226,9
"month","2020-03",31,"04-40",4,40,18,16,0,0.5806451612903226,9
"month","2020-03",31,"06-60",6,60,18,16,1,0.5806451612903226,9
"month","2020-03",31,"18-81",18,81,18,14,3,0.5806451612903226,9
"month","2020-03",31,"28-82",28,82,18,15,2,0.5806451612903226,9
"month","2020-03",31,"49-94",49,94,18,13,2,0.5806451612903226,9
"month","2020-03",31,"33-88",33,88,17,14,2,0.5483870967741935,10
"month","2020-03",31,"36-63",36,63,17,15,1,0.5483870967741935,10
"month","2020-03",31,"13-31",13,31,16,13,1,0.5161290322580645,11
"month","2020-03",31,"23-32",23,32,16,12,3,0.5161290322580645,11
"month","2020-03",31,"38-83",38,83,16,11,3,0.5161290322580645,11
"month","2020-03",31,"78-87",78,87,16,11,2,0.5161290322580645,11
"month","2020-03",31,"16-61",16,61,15,13,1,0.4838709677419355,12
"month","2020-03",31,"29-92",29,92,15,11,2,0.4838709677419355,12
"month","2020-03",31,"39-93",39,93,15,10,3,0.4838709677419355,12
"month","2020-03",31,"45-54",45,54,15,13,1,0.4838709677419355,12
"month","2020-03",31,"46-64",46,64,15,11,1,0.4838709677419355,12
"month","2020-03",31,"48-84",48,84,15,12,2,0.4838709677419355,12
"month","2020-03",31,"02-20",2,20,14,13,0,0.45161290322580644,13
"month","2020-03",31,"03-30",3,30,14,12,2,0.45161290322580644,13
"month","2020-03",31,"17-71",17,71,14,12,2,0.45161290322580644,13
"month","2020-03",31,"26-62",26,62,13,13,0,0.41935483870967744,14
"month","2020-03",31,"27-72",27,72,13,9,3,0.41935483870967744,14
"month","2020-03",31,"44-99",44,99,13,10,2,0.41935483870967744,14
"month","2020-03",31,"57-75",57,75,13,9,2,0.41935483870967744,14
"month","2020-03",31,"67-76",67,76,13,11,2,0.41935483870967744,14
"month","2020-03",31,"08-80",8,80,12,12,0,0.3870967741935484,15
"month","2020-03",31,"34-43",34,43,12,10,1,0.3870967741935484,15
"month","2020-03",31,"69-96",69,96,11,10,0,0.3548387096774194,16
"month","2020-03",31,"05-50",5,50,10,8,1,0.3225806451612903,17
"month","2020-03",31,"68-86",68,86,9,7,0,0.2903225806451613,18
"month","2020-03",31,"25-52",25,52,8,7,0,0.25806451612903225,19
"month","2020-03",31,"07-70",7,70,7,7,0,0.22580645161290322,20
"month","2020-04",8,"06-60",6,60,9,6,2,1.125,1
"month","2020-04",8,"18-81",18,81,9,4,2,1.125,1
"month","2020-04",8,"08-80",8,80,8,5,1,1.0,2
"month","2020-04",8,"33-88",33,88,8,6,2,1.0,2
"month","2020-04",8,"58-85",58,85,8,7,0,1.0,2
"month","2020-04",8,"03-30",3,30,7,4,0,0.875,3
"month","2020-04",8,"16-61",16,61,7,4,2,0.875,3
"month","2020-04",8,"27-72",27,72,7,5,1,0.875,3
"month","2020-04",8,"37-73",37,73,7,6,0,0.875,3
"month","2020-04",8,"17-71",17,71,6,4,0,0.75,4
"month","2020-04",8,"19-91",19,91,6,5,0,0.75,4
"month","2020-04",8,"46-64",46,64,6,6,0,0.75,4
"month","2020-04",8,"89-98",89,98,6,4,0,0.75,4
"month","2020-04",8,"07-70",7,70,5,4,1,0.625,5
"month","2020-04",8,"22-77",22,77,5,5,0,0.625,5
"month","2020-04",8,"24-42",24,42,5,3,1,0.625,5
"month","2020-04",8,"26-62",26,62,5,3,1,0.625,5
"month","2020-04",8,"36-63",36,63,5,3,1,0.625,5
"month","2020-04",8,"49-94",49,94,5,5,0,0.625,5
"month","2020-04",8,"59-95",59,95,5,4,1,0.625,5
"month","2020-04",8,"68-86",68,86,5,4,1,0.625,5
"month","2020-04",8,"01-10",1,10,4,4,0,0.5,6
"month","2020-04",8,"02-20",2,20,4,4,0,0.5,6
"month","2020-04",8,"04-40",4,40,4,3,0,0.5,6
"month","2020-04",8,"05-50",5,50,4,3,0,0.5,6
"month","2020-04",8,"09-90",9,90,4,3,1,0.5,6
"month","2020-04",8,"13-31",13,31,4,3,1,0.5,6
"month","2020-04",8,"14-41",14,41,4,3,0,0.5,6
"month","2020-04",8,"23-32",23,32,4,2,2,0.5,6
"month","2020-04",8,"25-52",25,52,4,4,0,0.5,6
"month","2020-04",8,"34-43",34,43,4,4,0,0.5,6
"month","2020-04",8,"69-96",69,96,4,4,0,0.5,6
"month","2020-04",8,"78-87",78,87,4,3,1,0.5,6
"month","2020-04",8,"00-55",0,55,3,3,0,0.375,7
"month","2020-04",8,"12-21",12,21,3,2,1,0.375,7
"month","2020-04",8,"38-83",38,83,3,3,0,0.375,7
"month","2020-04",8,"39-93",39,93,3,3,0,0.375,7
"month","2020-04",8,"44-99",44,99,3,3,0,0.375,7
"month","2020-04",8,"45-54",45,54,3,3,0,0.375,7
"month","2020-04",8,"57-75",57,75,3,3,0,0.375,7
"month","2020-04",8,"28-82",28,82,2,2,0,0.25,8
"month","2020-04",8,"29-92",29,92,2,2,0,0.25,8
"month","2020-04",8,"47-74",47,74,2,2,0,0.25,8
"month","2020-04",8,"67-76",67,76,2,1,0,0.25,8
"month","2020-04",8,"79-97",79,97,2,2,0,0.25,8
"month","2020-04",8,"15-51",15,51,1,1,0,0.125,9
"month","2020-04",8,"48-84",48,84,1,1,0,0.125,9
"month","2020-04",8,"56-65",56,65,1,1,0,0.125,9
"month","2020-04",8,"11-66",11,66,0,0,0,0.0,10
"month","2020-04",8,"35-53",35,53,0,0,0,0.0,10
"month","2020-05",31,"24-42",24,42,26,19,2,0.8387096774193549,1
"month","2020-05",31,"34-43",34,43,24,16,4,0.7741935483870968,2
"month","2020-05",31,"08-80",8,80,23,15,3,0.7419354838709677,3
"month","2020-05",31,"17-71",17,71,22,18,2,0.7096774193548387,4
"month","2020-05",31,"22-77",22,77,22,15,1,0.7096774193548387,4
"month","2020-05",31,"39-93",39,93,22,16,2,0.7096774193548387,4
"month","2020-05",31,"48-84",48,84,22,18,2,0.7096774193548387,4
"month","2020-05",31,"79-97",79,97,22,17,3,0.7096774193548387,4
"month","2020-05",31,"01-10",1,10,21,15,4,0.6774193548387096,5
"month","2020-05",31,"15-51",15,51,21,18,1,0.6774193548387096,5
"month","2020-05",31,"46-64",46,64,21,18,2,0.6774193548387096,5
"month","2020-05",31,"00-55",0,55,20,13,4,0.6451612903225806,6
"month","2020-05",31,"16-61",16,61,20,15,0,0.6451612903225806,6
"month","2020-05",31,"25-52",25,52,20,16,2,0.6451612903225806,6
"month","2020-05",31,"36-63",36,63,20,16,1,0.6451612903225806,6
"month","2020-05",31,"13-31",13,31,19,15,1,0.6129032258064516,7
"month","2020-05",31,"37-73",37,73,19,14,2,0.6129032258064516,7
"month","2020-05",31,"45-54",45,54,19,14,1,0.6129032258064516,7
"month","2020-05",31,"14-41",14,41,18,14,2,0.5806451612903226,8
"month","2020-05",31,"18-81",18,81,18,14,2,0.5806451612903226,8
"month","2020-05",31,"59-95",59,95,18,13,2,0.5806451612903226,8
"month","2020-05",31,"78-87",78,87,18,12,3,0.5806451612903226,8
"month","2020-05",31,"28-82",28,82,17,12,1,0.5483870967741935,9
"month","2020-05",31,"57-75",57,75,17,12,1,0.5483870967741935,9
"month","2020-05",31,"02-20",2,20,16,11,3,0.5161290322580645,10
"month","2020-05",31,"11-66",11,66,16,11,2,0.5161290322580645,10
"month","2020-05",31,"38-83",38,83,16,12,2,0.5161290322580645,10
"month","2020-05",31,"44-99",44,99,16,14,1,0.5161290322580645,10
"month","2020-05",31,"47-74",47,74,16,13,1,0.5161290322580645,10
"month","2020-05",31,"49-94",49,94,16,11,2,0.5161290322580645,10
"month","2020-05",31,"56-65",56,65,16,14,1,0.5161290322580645,10
"month","2020-05",31,"58-85",58,85,16,13,2,0.5161290322580645,10
"month","2020-05",31,"89-98",89,98,16,12,0,0.5161290322580645,10
"month","2020-05",31,"03-30",3,30,15,12,1,0.4838709677419355,11
"month","2020-05",31,"26-62",26,62,15,12,1,0.4838709677419355,11
"month","2020-05",31,"33-88",33,88,15,11,2,0.4838709677419355,11
"month","2020-05",31,"68-86",68,86,15,12,3,0.4838709677419355,11
"month","2020-05",31,"07-70",7,70,14,10,0,0.45161290322580644,12
"month","2020-05",31,"12-21",12,21,14,12,0,0.45161290322580644,12
"month","2020-05",31,"67-76",67,76,14,12,1,0.45161290322580644,12
"month","2020-05",31,"05-50",5,50,13,12,0,0.41935483870967744,13
"month","2020-05",31,"35-53",35,53,12,9,1,0.3870967741935484,14
"month","2020-05",31,"09-90",9,90,11,9,1,0.3548387096774194,15
"month","2020-05",31,"19-91",19,91,11,9,1,0.3548387096774194,15
"month","2020-05",31,"27-72",27,72,11,10,0,0.3548387096774194,15
"month","2020-05",31,"29-92",29,92,11,9,0,0.3548387096774194,15
"month","2020-05",31,"04-40",4,40,10,8,0,0.3225806451612903,16
"month","2020-05",31,"23-32",23,32,9,7,1,0.2903225806451613,17
"month","2020-05",31,"69-96",69,96,9,8,0,0.2903225806451613,17
"month","2020-05",31,"06-60",6,60,5,5,0,0.16129032258064516,18
"month","2020-06",30,"03-30",3,30,25,17,5,0.8333333333333334,1
"month","2020-06",30,"38-83",38,83,25,17,4,0.8333333333333334,1
"month","2020-06",30,"59-95",59,95,24,15,5,0.8,2
"month","2020-06",30,"46-64",46,64,23,17,1,0.7666666666666667,3
"month","2020-06",30,"09-90",9,90,22,16,3,0.7333333333333333,4
"month","2020-06",30,"13-31",13,31,22,16,2,0.7333333333333333,4
"month","2020-06",30,"08-80",8,80,21,15,3,0.7,5
"month","2020-06",30,"22-77",22,77,21,13,4,0.7,5
"month","2020-06",30,"49-94",49,94,21,15,1,0.7,5
"month","2020-06",30,"78-87",78,87,21,17,2,0.7,5
"month","2020-06",30,"02-20",2,20,20,15,2,0.6666666666666666,6
"month","2020-06",30,"39-93",39,93,20,16,2,0.6666666666666666,6
"month","2020-06",30,"27-72",27,72,19,14,2,0.6333333333333333,7
"month","2020-06",30,"34-43",34,43,19,13,2,0.6333333333333333,7
"month","2020-06",30,"35-53",35,53,19,14,2,0.6333333333333333,7
"month","2020-06",30,"07-70",7,70,18,13,2,0.6,8
"month","2020-06",30,"36-63",36,63,18,13,1,0.6,8
"month","2020-06",30,"79-97",79,97,18,16,1,0.6,8
"month","2020-06",30,"06-60",6,60,17,15,0,0.5666666666666667,9
"month","2020-06",30,"14-41",14,41,17,14,1,0.5666666666666667,9
"month","2020-06",30,"33-88",33,88,17,11,2,0.5666666666666667,9
"month","2020-06",30,"67-76",67,76,17,15,1,0.5666666666666667,9
"month","2020-06",30,"04-40",4,40,16,11,3,0.5333333333333333,10
"month","2020-06",30,"12-21",12,21,16,14,0,0.5333333333333333,10
"month","2020-06",30,"19-91",19,91,16,11,2,0.5333333333333333,10
"month","2020-06",30,"23-32",23,32,16,13,2,0.5333333333333333,10
"month","2020-06",30,"24-42",24,42,16,13,2,0.5333333333333333,10
"month","2020-06",30,"28-82",28,82,16,11,2,0.5333333333333333,10
"month","2020-06",30,"05-50",5,50,15,12,1,0.5,11
"month","2020-06",30,"16-61",16,61,15,11,0,0.5,11
"month","2020-06",30,"17-71",17,71,15,13,1,0.5,11
"month","2020-06",30,"26-62",26,62,15,11,3,0.5,11
"month","2020-06",30,"45-54",45,54,15,11,3,0.5,11
"month","2020-06",30,"01-10",1,10,14,12,1,0.4666666666666667,12
"month","2020-06",30,"11-66",11,66,14,13,1,0.4666666666666667,12
"month","2020-06",30,"25-52",25,52,14,10,2,0.4666666666666667,12
"month","2020-06",30,"48-84",48,84,14,11,2,0.4666666666666667,12
"month","2020-06",30,"18-81",18,81,13,11,1,0.43333333333333335,13
"month","2020-06",30,"29-92",29,92,13,11,1,0.43333333333333335,13
"month","2020-06",30,"44-99",44,99,13,12,0,0.43333333333333335,13
"month","2020-06",30,"89-98",89,98,13,10,1,0.43333333333333335,13
"month","2020-06",30,"37-73",37,73,12,10,2,0.4,14
"month","2020-06",30,"47-74",47,74,12,9,0,0.4,14
"month","2020-06",30,"00-55",0,55,11,9,2,0.36666666666666664,15
"month","2020-06",30,"56-65",56,65,11,9,1,0.36666666666666664,15
"month","2020-06",30,"15-51",15,51,10,9,0,0.3333333333333333,16
"month","2020-06",30,"57-75",57,75,9,9,0,0.3,17
"month","2020-06",30,"58-85",58,85,8,6,0,0.26666666666666666,18
"month","2020-06",30,"69-96",69,96,8,7,0,0.26666666666666666,18
"month","2020-06",30,"68-86",68,86,6,6,0,0.2,19
"month","2020-07",31,"17-71",17,71,27,19,4,0.8709677419354839,1
"month","2020-07",31,"00-55",0,55,23,15,4,0.7419354838709677,2
"month","2020-07",31,"09-90",9,90,23,16,4,0.7419354838709677,2
"month","2020-07",31,"79-97",79,97,23,20,2,0.7419354838709677,2
"month","2020-07",31,"07-70",7,70,22,17,2,0.7096774193548387,3
"month","2020-07",31,"08-80",8,80,22,13,4,0.7096774193548387,3
"month","2020-07",31,"28-82",28,82,21,13,4,0.6774193548387096,4
"month","2020-07",31,"11-66",11,66,20,16,1,0.6451612903225806,5
"month","2020-07",31,"14-41",14,41,20,11,4,0.6451612903225806,5
"month","2020-07",31,"16-61",16,61,20,15,1,0.6451612903225806,5
"month","2020-07",31,"78-87",78,87,20,17,0,0.6451612903225806,5
"month","2020-07",31,"23-32",23,32,19,14,2,0.6129032258064516,6
"month","2020-07",31,"35-53",35,53,19,14,3,0.6129032258064516,6
"month","2020-07",31,"68-86",68,86,19,16,1,0.6129032258064516,6
"month","2020-07",31,"05-50",5,50,18,12,4,0.5806451612903226,7
"month","2020-07",31,"19-91",19,91,18,17,1,0.5806451612903226,7
"month","2020-07",31,"24-42",24,42,18,14,2,0.5806451612903226,7
"month","2020-07",31,"29-92",29,92,18,13,2,0.5806451612903226,7
"month","2020-07",31,"33-88",33,88,18,15,3,0.5806451612903226,7
"month","2020-07",31,"39-93",39,93,18,14,0,0.5806451612903226,7
"month","2020-07",31,"89-98",89,98,18,14,3,0.5806451612903226,7
"month","2020-07",31,"12-21",12,21,17,15,2,0.5483870967741935,8
"month","2020-07",31,"47-74",47,74,17,13,2,0.5483870967741935,8
"month","2020-07",31,"49-94",49,94,17,15,0,0.5483870967741935,8
"month","2020-07",31,"59-95",59,95,17,14,3,0.5483870967741935,8
"month","2020-07",31,"06-60",6,60,16,13,2,0.5161290322580645,9
"month","2020-07",31,"22-77",22,77,16,13,2,0.5161290322580645,9
"month","2020-07",31,"38-83",38,83,16,12,3,0.5161290322580645,9
"month","2020-07",31,"02-20",2,20,15,13,0,0.4838709677419355,10
"month","2020-07",31,"15-51",15,51,15,12,0,0.4838709677419355,10
"month","2020-07",31,"25-52",25,52,15,10,3,0.4838709677419355,10
"month","2020-07",31,"26-62",26,62,15,12,3,0.4838709677419355,10
"month","2020-07",31,"27-72",27,72,15,11,1,0.4838709677419355,10
"month","2020-07",31,"34-43",34,43,15,11,2,0.4838709677419355,10
"month","2020-07",31,"56-65",56,65,15,13,1,0.4838709677419355,10
"month","2020-07",31,"04-40",4,40,14,11,2,0.45161290322580644,11
"month","2020-07",31,"13-31",13,31,14,12,1,0.45161290322580644,11
"month","2020-07",31,"44-99",44,99,14,12,0,0.45161290322580644,11
"month","2020-07",31,"58-85",58,85,14,13,1,0.45161290322580644,11
"month","2020-07",31,"01-10",1,10,13,11,2,0.41935483870967744,12
"month","2020-07",31,"03-30",3,30,13,9,2,0.41935483870967744,12
"month","2020-07",31,"18-81",18,81,13,12,1,0.41935483870967744,12
"month","2020-07",31,"46-64",46,64,13,10,1,0.41935483870967744,12
"month","2020-07",31,"48-84",48,84,13,11,2,0.41935483870967744,12
"month","2020-07",31,"69-96",69,96,13,11,0,0.41935483870967744,12
"month","2020-07",31,"37-73",37,73,12,11,0,0.3870967741935484,13
"month","2020-07",31,"57-75",57,75,12,9,1,0.3870967741935484,13
"month","2020-07",31,"67-76",67,76,12,10,1,0.3870967741935484,13
"month","2020-07",31,"36-63",36,63,11,8,1,0.3548387096774194,14
"month","2020-07",31,"45-54",45,54,11,10,0,0.3548387096774194,14
"month","2020-08",31,"48-84",48,84,29,23,2,0.9354838709677419,1
"month","2020-08",31,"38-83",38,83,25,17,5,0.8064516129032258,2
"month","2020-08",31,"57-75",57,75,25,20,3,0.8064516129032258,2
"month","2020-08",31,"33-88",33,88,24,18,2,0.7741935483870968,3
"month","2020-08",31,"06-60",6,60,23,17,4,0.7419354838709677,4
"month","2020-08",31,"25-52",25,52,23,15,4,0.7419354838709677,4
"month","2020-08",31,"14-41",14,41,22,15,2,0.7096774193548387,5
"month","2020-08",31,"45-54",45,54,22,16,2,0.7096774193548387,5
"month","2020-08",31,"59-95",59,95,22,17,4,0.7096774193548387,5
"month","2020-08",31,"00-55",0,55,21,17,3,0.6774193548387096,6
"month","2020-08",31,"07-70",7,70,21,17,3,0.6774193548387096,6
"month","2020-08",31,"09-90",9,90,21,15,2,0.6774193548387096,6
"month","2020-08",31,"01-10",1,10,20,13,1,0.6451612903225806,7
"month","2020-08",31,"12-21",12,21,20,16,2,0.6451612903225806,7
"month","2020-08",31,"19-91",19,91,20,16,2,0.6451612903225806,7
"month","2020-08",31,"47-74",47,74,19,15,2,0.6129032258064516,8
"month","2020-08",31,"04-40",4,40,18,15,2,0.5806451612903226,9
"month","2020-08",31,"08-80",8,80,18,14,4,0.5806451612903226,9
"month","2020-08",31,"28-82",28,82,18,17,0,0.5806451612903226,9
"month","2020-08",31,"35-53",35,53,18,14,2,0.5806451612903226,9
"month","2020-08",31,"44-99",44,99,18,14,1,0.5806451612903226,9
"month","2020-08",31,"56-65",56,65,18,13,4,0.5806451612903226,9
"month","2020-08",31,"16-61",16,61,17,13,2,0.5483870967741935,10
"month","2020-08",31,"29-92",29,92,17,13,1,0.5483870967741935,10
"month","2020-08",31,"69-96",69,96,17,14,1,0.5483870967741935,10
"month","2020-08",31,"79-97",79,97,17,13,2,0.5483870967741935,10
"month","2020-08",31,"03-30",3,30,16,11,4,0.5161290322580645,11
"month","2020-08",31,"23-32",23,32,16,14,2,0.5161290322580645,11
"month","2020-08",31,"34-43",34,43,16,12,2,0.5161290322580645,11
"month","2020-08",31,"39-93",39,93,16,13,1,0.5161290322580645,11
"month","2020-08",31,"68-86",68,86,16,10,3,0.5161290322580645,11
"month","2020-08",31,"05-50",5,50,15,14,1,0.4838709677419355,12
"month","2020-08",31,"17-71",17,71,15,11,4,0.4838709677419355,12
"month","2020-08",31,"22-77",22,77,15,13,0,0.4838709677419355,12
"month","2020-08",31,"13-31",13,31,14,13,0,0.45161290322580644,13
"month","2020-08",31,"58-85",58,85,14,12,1,0.45161290322580644,13
"month","2020-08",31,"26-62",26,62,13,11,2,0.41935483870967744,14
"month","2020-08",31,"36-63",36,63,13,11,0,0.41935483870967744,14
"month","2020-08",31,"11-66",11,66,12,11,0,0.3870967741935484,15
"month","2020-08",31,"24-42",24,42,12,10,2,0.3870967741935484,15
"month","2020-08",31,"27-72",27,72,12,9,2,0.3870967741935484,15
"month","2020-08",31,"37-73",37,73,12,10,0,0.3870967741935484,15
"month","2020-08",31,"67-76",67,76,12,9,2,0.3870967741935484,15
"month","2020-08",31,"89-98",89,98,12,9,2,0.3870967741935484,15
"month","2020-08",31,"02-20",2,20,11,8,2,0.3548387096774194,16
"month","2020-08",31,"15-51",15,51,11,10,0,0.3548387096774194,16
"month","2020-08",31,"18-81",18,81,11,8,1,0.3548387096774194,16
"month","2020-08",31,"46-64",46,64,11,10,1,0.3548387096774194,16
"month","2020-08",31,"49-94",49,94,5,5,0,0.16129032258064516,17
"month","2020-08",31,"78-87",78,87,4,4,0,0.12903225806451613,18
"month","2020-09",30,"39-93",39,93,27,21,2,0.9,1
"month","2020-09",30,"68-86",68,86,24,14,3,0.8,2
"month","2020-09",30,"12-21",12,21,23,15,3,0.7666666666666667,3
"month","2020-09",30,"19-91",19,91,23,18,2,0.7666666666666667,3
"month","2020-09",30,"33-88",33,88,23,16,5,0.7666666666666667,3
"month","2020-09",30,"79-97",79,97,23,16,3,0.7666666666666667,3
"month","2020-09",30,"16-61",16,61,22,18,0,0.7333333333333333,4
"month","2020-09",30,"13-31",13,31,21,15,3,0.7,5
"month","2020-09",30,"49-94",49,94,21,16,4,0.7,5
"month","2020-09",30,"35-53",35,53,20,15,3,0.6666666666666666,6
"month","2020-09",30,"78-87",78,87,20,16,3,0.6666666666666666,6
"month","2020-09",30,"04-40",4,40,19,13,2,0.6333333333333333,7
"month","2020-09",30,"11-66",11,66,19,16,0,0.6333333333333333,7
"month","2020-09",30,"24-42",24,42,19,14,1,0.6333333333333333,7
"month","2020-09",30,"69-96",69,96,19,13,3,0.6333333333333333,7
"month","2020-09",30,"25-52",25,52,18,12,3,0.6,8
"month","2020-09",30,"34-43",34,43,18,15,1,0.6,8
"month","2020-09",30,"48-84",48,84,18,16,2,0.6,8
"month","2020-09",30,"29-92",29,92,17,13,2,0.5666666666666667,9
"month","2020-09",30,"58-85",58,85,17,12,2,0.5666666666666667,9
"month","2020-09",30,"59-95",59,95,17,14,2,0.5666666666666667,9
"month","2020-09",30,"89-98",89,98,17,13,2,0.5666666666666667,9
"month","2020-09",30,"08-80",8,80,16,13,1,0.5333333333333333,10
"month","2020-09",30,"23-32",23,32,16,15,0,0.5333333333333333,10
"month","2020-09",30,"28-82",28,82,16,14,1,0.5333333333333333,10
"month","2020-09",30,"37-73",37,73,16,14,0,0.5333333333333333,10
"month","2020-09",30,"38-83",38,83,16,11,1,0.5333333333333333,10
"month","2020-09",30,"02-20",2,20,15,12,2,0.5,11
"month","2020-09",30,"14-41",14,41,15,13,2,0.5,11
"month","2020-09",30,"36-63",36,63,15,12,3,0.5,11
"month","2020-09",30,"67-76",67,76,15,11,1,0.5,11
"month","2020-09",30,"00-55",0,55,14,11,0,0.4666666666666667,12
"month","2020-09",30,"05-50",5,50,14,10,3,0.4666666666666667,12
"month","2020-09",30,"45-54",45,54,14,12,1,0.4666666666666667,12
"month","2020-09",30,"47-74",47,74,14,11,2,0.4666666666666667,12
"month","2020-09",30,"57-75",57,75,14,12,0,0.4666666666666667,12
"month","2020-09",30,"01-10",1,10,13,9,2,0.43333333333333335,13
"month","2020-09",30,"03-30",3,30,13,9,3,0.43333333333333335,13
"month","2020-09",30,"09-90",9,90,13,10,1,0.43333333333333335,13
"month","2020-09",30,"15-51",15,51,13,10,2,0.43333333333333335,13
"month","2020-09",30,"46-64",46,64,13,11,1,0.43333333333333335,13
"month","2020-09",30,"56-65",56,65,13,10,1,0.43333333333333335,13
"month","2020-09",30,"18-81",18,81,12,10,0,0.4,14
"month","2020-09",30,"44-99",44,99,12,8,2,0.4,14
"month","2020-09",30,"07-70",7,70,11,7,1,0.36666666666666664,15
"month","2020-09",30,"17-71",17,71,11,10,1,0.36666666666666664,15
"month","2020-09",30,"06-60",6,60,10,8,1,0.3333333333333333,16
"month","2020-09",30,"27-72",27,72,9,8,0,0.3,17
"month","2020-09",30,"22-77",22,77,6,6,0,0.2,18
"month","2020-09",30,"26-62",26,62,6,6,0,0.2,18
"month","2020-10",31,"04-40",4,40,25,17,5,0.8064516129032258,1
"month","2020-10",31,"18-81",18,81,25,17,2,0.8064516129032258,1
"month","2020-10",31,"49-94",49,94,25,16,4,0.8064516129032258,1
"month","2020-10",31,"38-83",38,83,24,17,4,0.7741935483870968,2
"month","2020-10",31,"09-90",9,90,23,16,4,0.7419354838709677,3
"month","2020-10",31,"16-61",16,61,23,11,5,0.7419354838709677,3
"month","2020-10",31,"48-84",48,84,23,15,4,0.7419354838709677,3
"month","2020-10",31,"13-31",13,31,21,19,2,0.6774193548387096,4
"month","2020-10",31,"26-62",26,62,21,16,2,0.6774193548387096,4
"month","2020-10",31,"79-97",79,97,21,15,1,0.6774193548387096,4
"month","2020-10",31,"12-21",12,21,20,15,0,0.6451612903225806,5
"month","2020-10",31,"01-10",1,10,19,13,3,0.6129032258064516,6
"month","2020-10",31,"02-20",2,20,19,16,1,0.6129032258064516,6
"month","2020-10",31,"06-60",6,60,19,15,3,0.6129032258064516,6
"month","2020-10",31,"15-51",15,51,19,12,2,0.6129032258064516,6
"month","2020-10",31,"29-92",29,92,19,14,4,0.6129032258064516,6
"month","2020-10",31,"57-75",57,75,19,16,2,0.6129032258064516,6
"month","2020-10",31,"08-80",8,80,18,15,0,0.5806451612903226,7
"month","2020-10",31,"35-53",35,53,18,14,2,0.5806451612903226,7
"month","2020-10",31,"67-76",67,76,18,13,2,0.5806451612903226,7
"month","2020-10",31,"19-91",19,91,17,10,5,0.5483870967741935,8
"month","2020-10",31,"25-52",25,52,17,13,1,0.5483870967741935,8
"month","2020-10",31,"36-63",36,63,17,14,2,0.5483870967741935,8
"month","2020-10",31,"24-42",24,42,16,15,0,0.5161290322580645,9
"month","2020-10",31,"28-82",28,82,16,14,1,0.5161290322580645,9
"month","2020-10",31,"46-64",46,64,16,13,1,0.5161290322580645,9
"month","2020-10",31,"56-65",56,65,16,13,1,0.5161290322580645,9
"month","2020-10",31,"59-95",59,95,16,15,1,0.5161290322580645,9
"month","2020-10",31,"69-96",69,96,16,12,0,0.5161290322580645,9
"month","2020-10",31,"00-55",0,55,15,13,0,0.4838709677419355,10
"month","2020-10",31,"03-30",3,30,15,14,1,0.4838709677419355,10
"month","2020-10",31,"11-66",11,66,15,13,1,0.4838709677419355,10
"month","2020-10",31,"07-70",7,70,14,12,0,0.45161290322580644,11
"month","2020-10",31,"14-41",14,41,14,12,2,0.45161290322580644,11
"month","2020-10",31,"17-71",17,71,14,12,0,0.45161290322580644,11
"month","2020-10",31,"34-43",34,43,14,12,0,0.45161290322580644,11
"month","2020-10",31,"58-85",58,85,14,12,2,0.45161290322580644,11
"month","2020-10",31,"89-98",89,98,14,11,1,0.45161290322580644,11
"month","2020-10",31,"23-32",23,32,13,11,0,0.41935483870967744,12
"month","2020-10",31,"27-72",27,72,13,12,1,0.41935483870967744,12
"month","2020-10",31,"33-88",33,88,13,9,3,0.41935483870967744,12
"month","2020-10",31,"45-54",45,54,13,11,1,0.41935483870967744,12
"month","2020-10",31,"68-86",68,86,13,12,1,0.41935483870967744,12
"month","2020-10",31,"78-87",78,87,13,11,2,0.41935483870967744,12
"month","2020-10",31,"05-50",5,50,12,9,2,0.3870967741935484,13
"month","2020-10",31,"37-73",37,73,12,8,2,0.3870967741935484,13
"month","2020-10",31,"22-77",22,77,11,9,1,0.3548387096774194,14
"month","2020-10",31,"39-93",39,93,11,8,1,0.3548387096774194,14
"month","2020-10",31,"44-99",44,99,9,8,0,0.2903225806451613,15
"month","2020-10",31,"47-74",47,74,9,6,0,0.2903225806451613,15
"month","2020-11",30,"69-96",69,96,27,20,2,0.9,1
"month","2020-11",30,"68-86",68,86,24,19,2,0.8,2
"month","2020-11",30,"45-54",45,54,22,18,2,0.7333333333333333,3
"month","2020-11",30,"48-84",48,84,22,12,6,0.7333333333333333,3
"month","2020-11",30,"04-40",4,40,21,17,2,0.7,4
"month","2020-11",30,"46-64",46,64,21,15,4,0.7,4
"month","2020-11",30,"26-62",26,62,20,14,2,0.6666666666666666,5
"month","2020-11",30,"27-72",27,72,20,13,3,0.6666666666666666,5
"month","2020-11",30,"18-81",18,81,19,13,5,0.6333333333333333,6
"month","2020-11",30,"03-30",3,30,18,15,1,0.6,7
"month","2020-11",30,"17-71",17,71,18,15,1,0.6,7
"month","2020-11",30,"24-42",24,42,18,15,1,0.6,7
"month","2020-11",30,"33-88",33,88,18,16,1,0.6,7
"month","2020-11",30,"37-73",37,73,18,15,2,0.6,7
"month","2020-11",30,"44-99",44,99,18,14,4,0.6,7
"month","2020-11",30,"56-65",56,65,18,14,2,0.6,7
"month","2020-11",30,"58-85",58,85,18,16,0,0.6,7
"month","2020-11",30,"02-20",2,20,17,13,4,0.5666666666666667,8
"month","2020-11",30,"07-70",7,70,17,15,1,0.5666666666666667,8
"month","2020-11",30,"08-80",8,80,17,14,1,0.5666666666666667,8
"month","2020-11",30,"35-53",35,53,17,13,2,0.5666666666666667,8
"month","2020-11",30,"49-94",49,94,17,14,1,0.5666666666666667,8
"month","2020-11",30,"67-76",67,76,17,12,3,0.5666666666666667,8
"month","2020-11",30,"78-87",78,87,17,14,0,0.5666666666666667,8
"month","2020-11",30,"09-90",9,90,16,12,2,0.5333333333333333,9
"month","2020-11",30,"12-21",12,21,16,11,1,0.5333333333333333,9
"month","2020-11",30,"22-77",22,77,16,11,2,0.5333333333333333,9
"month","2020-11",30,"38-83",38,83,16,13,3,0.5333333333333333,9
"month","2020-11",30,"01-10",1,10,15,13,1,0.5,10
"month","2020-11",30,"05-50",5,50,15,11,1,0.5,10
"month","2020-11",30,"06-60",6,60,15,11,2,0.5,10
"month","2020-11",30,"89-98",89,98,15,11,3,0.5,10
"month","2020-11",30,"16-61",16,61,14,12,1,0.4666666666666667,11
"month","2020-11",30,"19-91",19,91,14,11,3,0.4666666666666667,11
"month","2020-11",30,"23-32",23,32,14,13,0,0.4666666666666667,11
"month","2020-11",30,"29-92",29,92,14,11,0,0.4666666666666667,11
"month","2020-11",30,"39-93",39,93,14,12,0,0.4666666666666667,11
"month","2020-11",30,"47-74",47,74,14,12,2,0.4666666666666667,11
"month","2020-11",30,"59-95",59,95,14,13,0,0.4666666666666667,11
"month","2020-11",30,"14-41",14,41,13,11,1,0.43333333333333335,12
"month","2020-11",30,"25-52",25,52,13,11,2,0.43333333333333335,12
"month","2020-11",30,"57-75",57,75,13,11,2,0.43333333333333335,12
"month","2020-11",30,"79-97",79,97,13,10,3,0.43333333333333335,12
"month","2020-11",30,"11-66",11,66,12,10,2,0.4,13
"month","2020-11",30,"36-63",36,63,12,11,0,0.4,13
"month","2020-11",30,"13-31",13,31,11,8,2,0.36666666666666664,14
"month","2020-11",30,"15-51",15,51,11,9,2,0.36666666666666664,14
"month","2020-11",30,"34-43",34,43,11,10,0,0.36666666666666664,14
"month","2020-11",30,"00-55",0,55,10,9,1,0.3333333333333333,15
"month","2020-11",30,"28-82",28,82,10,10,0,0.3333333333333333,15
"month","2020-12",31,"79-97",79,97,29,17,2,0.9354838709677419,1
"month","2020-12",31,"58-85",58,85,24,17,1,0.7741935483870968,2
"month","2020-12",31,"02-20",2,20,23,16,4,0.7419354838709677,3
"month","2020-12",31,"47-74",47,74,23,17,5,0.7419354838709677,3
"month","2020-12",31,"11-66",11,66,22,18,2,0.7096774193548387,4
"month","2020-12",31,"26-62",26,62,22,13,2,0.7096774193548387,4
"month","2020-12",31,"89-98",89,98,22,11,4,0.7096774193548387,4
"month","2020-12",31,"13-31",13,31,21,15,4,0.6774193548387096,5
"month","2020-12",31,"29-92",29,92,21,14,2,0.6774193548387096,5
"month","2020-12",31,"49-94",49,94,21,15,2,0.6774193548387096,5
"month","2020-12",31,"68-86",68,86,20,16,1,0.6451612903225806,6
"month","2020-12",31,"07-70",7,70,19,14,3,0.6129032258064516,7
"month","2020-12",31,"09-90",9,90,19,14,4,0.6129032258064516,7
"month","2020-12",31,"12-21",12,21,19,14,3,0.6129032258064516,7
"month","2020-12",31,"17-71",17,71,19,16,1,0.6129032258064516,7
"month","2020-12",31,"00-55",0,55,18,16,1,0.5806451612903226,8
"month","2020-12",31,"05-50",5,50,18,12,4,0.5806451612903226,8
"month","2020-12",31,"33-88",33,88,18,12,2,0.5806451612903226,8
"month","2020-12",31,"35-53",35,53,18,15,1,0.5806451612903226,8
"month","2020-12",31,"48-84",48,84,18,12,1,0.5806451612903226,8
"month","2020-12",31,"78-87",78,87,18,13,3,0.5806451612903226,8
"month","2020-12",31,"08-80",8,80,17,14,2,0.5483870967741935,9
"month","2020-12",31,"28-82",28,82,17,13,3,0.5483870967741935,9
"month","2020-12",31,"67-76",67,76,17,12,4,0.5483870967741935,9
"month","2020-12",31,"01-10",1,10,16,13,0,0.5161290322580645,10
"month","2020-12",31,"14-41",14,41,16,14,1,0.5161290322580645,10
"month","2020-12",31,"16-61",16,61,16,12,4,0.5161290322580645,10
"month","2020-12",31,"36-63",36,63,16,13,1,0.5161290322580645,10
"month","2020-12",31,"39-93",39,93,16,13,1,0.5161290322580645,10
"month","2020-12",31,"45-54",45,54,16,12,3,0.5161290322580645,10
"month","2020-12",31,"38-83",38,83,15,10,2,0.4838709677419355,11
"month","2020-12",31,"59-95",59,95,15,12,1,0.4838709677419355,11
"month","2020-12",31,"03-30",3,30,14,9,2,0.45161290322580644,12
"month","2020-12",31,"04-40",4,40,14,11,1,0.45161290322580644,12
"month","2020-12",31,"24-42",24,42,14,11,1,0.45161290322580644,12
"month","2020-12",31,"34-43",34,43,14,12,1,0.45161290322580644,12
"month","2020-12",31,"44-99",44,99,14,12,2,0.45161290322580644,12
"month","2020-12",31,"57-75",57,75,14,12,0,0.45161290322580644,12
"month","2020-12",31,"06-60",6,60,13,12,1,0.41935483870967744,13
"month","2020-12",31,"19-91",19,91,13,12,1,0.41935483870967744,13
"month","2020-12",31,"23-32",23,32,13,11,2,0.41935483870967744,13
"month","2020-12",31,"25-52",25,52,13,12,0,0.41935483870967744,13
"month","2020-12",31,"69-96",69,96,13,11,0,0.41935483870967744,13
"month","2020-12",31,"15-51",15,51,12,9,2,0.3870967741935484,14
"month","2020-12",31,"18-81",18,81,12,10,0,0.3870967741935484,14
"month","2020-12",31,"22-77",22,77,12,9,3,0.3870967741935484,14
"month","2020-12",31,"46-64",46,64,12,12,0,0.3870967741935484,14
"month","2020-12",31,"27-72",27,72,11,11,0,0.3548387096774194,15
"month","2020-12",31,"37-73",37,73,10,9,1,0.3225806451612903,16
"month","2020-12",31,"56-65",56,65,10,8,1,0.3225806451612903,16
"month","2021-01",31,"14-41",14,41,31,17,5,1.0,1
"month","2021-01",31,"08-80",8,80,25,18,5,0.8064516129032258,2
"month","2021-01",31,"17-71",17,71,24,19,1,0.7741935483870968,3
"month","2021-01",31,"18-81",18,81,23,14,3,0.7419354838709677,4
"month","2021-01",31,"38-83",38,83,22,17,2,0.7096774193548387,5
"month","2021-01",31,"48-84",48,84,21,16,2,0.6774193548387096,6
"month","2021-01",31,"79-97",79,97,21,16,2,0.6774193548387096,6
"month","2021-01",31,"11-66",11,66,20,15,2,0.6451612903225806,7
"month","2021-01",31,"59-95",59,95,20,14,4,0.6451612903225806,7
"month","2021-01",31,"33-88",33,88,19,16,1,0.6129032258064516,8
"month","2021-01",31,"68-86",68,86,19,14,3,0.6129032258064516,8
"month","2021-01",31,"00-55",0,55,18,16,1,0.5806451612903226,9
"month","2021-01",31,"01-10",1,10,18,14,1,0.5806451612903226,9
"month","2021-01",31,"04-40",4,40,18,16,1,0.5806451612903226,9
"month","2021-01",31,"16-61",16,61,18,15,2,0.5806451612903226,9
"month","2021-01",31,"36-63",36,63,18,13,3,0.5806451612903226,9
"month","2021-01",31,"67-76",67,76,18,14,3,0.5806451612903226,9
"month","2021-01",31,"02-20",2,20,17,14,3,0.5483870967741935,10
"month","2021-01",31,"06-60",6,60,17,13,3,0.5483870967741935,10
"month","2021-01",31,"07-70",7,70,17,13,1,0.5483870967741935,10
"month","2021-01",31,"09-90",9,90,17,13,1,0.5483870967741935,10
"month","2021-01",31,"15-51",15,51,17,14,2,0.5483870967741935,10
"month","2021-01",31,"27-72",27,72,17,14,1,0.5483870967741935,10
"month","2021-01",31,"46-64",46,64,17,14,2,0.5483870967741935,10
"month","2021-01",31,"49-94",49,94,17,13,2,0.5483870967741935,10
"month","2021-01",31,"26-62",26,62,16,11,1,0.5161290322580645,11
"month","2021-01",31,"35-53",35,53,16,9,3,0.5161290322580645,11
"month","2021-01",31,"45-54",45,54,16,13,1,0.5161290322580645,11
"month","2021-01",31,"57-75",57,75,16,13,3,0.5161290322580645,11
"month","2021-01",31,"69-96",69,96,16,15,0,0.5161290322580645,11
"month","2021-01",31,"03-30",3,30,15,12,1,0.4838709677419355,12
"month","2021-01",31,"12-21",12,21,15,10,2,0.4838709677419355,12
"month","2021-01",31,"23-32",23,32,15,13,2,0.4838709677419355,12
"month","2021-01",31,"24-42",24,42,15,10,4,0.4838709677419355,12
"month","2021-01",31,"47-74",47,74,15,12,2,0.4838709677419355,12
"month","2021-01",31,"56-65",56,65,15,13,2,0.4838709677419355,12
"month","2021-01",31,"58-85",58,85,15,10,2,0.4838709677419355,12
"month","2021-01",31,"78-87",78,87,15,14,1,0.4838709677419355,12
"month","2021-01",31,"13-31",13,31,14,11,2,0.45161290322580644,13
"month","2021-01",31,"19-91",19,91,14,11,0,0.45161290322580644,13
"month","2021-01",31,"22-77",22,77,14,12,2,0.45161290322580644,13
"month","2021-01",31,"25-52",25,52,14,10,2,0.45161290322580644,13
"month","2021-01",31,"29-92",29,92,14,10,2,0.45161290322580644,13
"month","2021-01",31,"28-82",28,82,13,11,0,0.41935483870967744,14
"month","2021-01",31,"89-98",89,98,12,10,1,0.3870967741935484,15
"month","2021-01",31,"05-50",5,50,11,11,0,0.3548387096774194,16
"month","2021-01",31,"34-43",34,43,11,9,2,0.3548387096774194,16
"month","2021-01",31,"39-93",39,93,11,9,1,0.3548387096774194,16
"month","2021-01",31,"37-73",37,73,10,10,0,0.3225806451612903,17
"month","2021-01",31,"44-99",44,99,10,10,0,0.3225806451612903,17
"month","2021-02",24,"33-88",33,88,23,16,2,0.9583333333333334,1
"month","2021-02",24,"23-32",23,32,21,15,2,0.875,2
"month","2021-02",24,"34-43",34,43,19,14,1,0.7916666666666666,3
"month","2021-02",24,"89-98",89,98,19,15,2,0.7916666666666666,3
"month","2021-02",24,"28-82",28,82,18,14,2,0.75,4
"month","2021-02",24,"46-64",46,64,18,14,3,0.75,4
"month","2021-02",24,"08-80",8,80,17,12,1,0.7083333333333334,5
"month","2021-02",24,"09-90",9,90,17,10,2,0.7083333333333334,5
"month","2021-02",24,"22-77",22,77,17,13,2,0.7083333333333334,5
"month","2021-02",24,"68-86",68,86,17,12,1,0.7083333333333334,5
"month","2021-02",24,"78-87",78,87,17,14,2,0.7083333333333334,5
"month","2021-02",24,"07-70",7,70,16,11,4,0.6666666666666666,6
"month","2021-02",24,"18-81",18,81,16,12,1,0.6666666666666666,6
"month","2021-02",24,"57-75",57,75,16,13,1,0.6666666666666666,6
"month","2021-02",24,"06-60",6,60,15,11,3,0.625,7
"month","2021-02",24,"11-66",11,66,15,9,1,0.625,7
"month","2021-02",24,"14-41",14,41,15,10,1,0.625,7
"month","2021-02",24,"25-52",25,52,15,11,2,0.625,7
"month","2021-02",24,"17-71",17,71,14,12,0,0.5833333333333334,8
"month","2021-02",24,"58-85",58,85,14,10,2,0.5833333333333334,8
"month","2021-02",24,"19-91",19,91,13,11,1,0.5416666666666666,9
"month","2021-02",24,"45-54",45,54,13,11,1,0.5416666666666666,9
"month","2021-02",24,"69-96",69,96,13,10,1,0.5416666666666666,9
"month","2021-02",24,"05-50",5,50,12,8,2,0.5,10
"month","2021-02",24,"24-42",24,42,12,11,1,0.5,10
"month","2021-02",24,"27-72",27,72,12,10,2,0.5,10
"month","2021-02",24,"29-92",29,92,12,12,0,0.5,10
"month","2021-02",24,"38-83",38,83,12,9,1,0.5,10
"month","2021-02",24,"39-93",39,93,12,10,1,0.5,10
"month","2021-02",24,"44-99",44,99,12,12,0,0.5,10
"month","2021-02",24,"47-74",47,74,12,9,1,0.5,10
"month","2021-02",24,"67-76",67,76,12,11,1,0.5,10
"month","2021-02",24,"04-40",4,40,11,7,3,0.4583333333333333,11
"month","2021-02",24,"26-62",26,62,11,10,1,0.4583333333333333,11
"month","2021-02",24,"36-63",36,63,11,8,2,0.4583333333333333,11
"month","2021-02",24,"00-55",0,55,10,9,0,0.4166666666666667,12
"month","2021-02",24,"01-10",1,10,10,7,1,0.4166666666666667,12
"month","2021-02",24,"02-20",2,20,10,7,0,0.4166666666666667,12
"month","2021-02",24,"03-30",3,30,10,6,2,0.4166666666666667,12
"month","2021-02",24,"12-21",12,21,10,9,1,0.4166666666666667,12
"month","2021-02",24,"16-61",16,61,10,9,0,0.4166666666666667,12
"month","2021-02",24,"13-31",13,31,9,8,1,0.375,13
"month","2021-02",24,"49-94",49,94,9,7,1,0.375,13
"month","2021-02",24,"56-65",56,65,9,7,0,0.375,13
"month","2021-02",24,"15-51",15,51,8,8,0,0.3333333333333333,14
"month","2021-02",24,"48-84",48,84,8,7,0,0.3333333333333333,14
"month","2021-02",24,"37-73",37,73,7,6,0,0.2916666666666667,15
"month","2021-02",24,"79-97",79,97,7,6,1,0.2916666666666667,15
"month","2021-02",24,"35-53",35,53,6,5,1,0.25,16
"month","2021-02",24,"59-95",59,95,6,5,0,0.25,16
"month","2021-03",31,"33-88",33,88,25,18,5,0.8064516129032258,1
"month","2021-03",31,"39-93",39,93,25,17,6,0.8064516129032258,1
"month","2021-03",31,"11-66",11,66,24,17,5,0.7741935483870968,2
"month","2021-03",31,"38-83",38,83,24,16,4,0.7741935483870968,2
"month","2021-03",31,"26-62",26,62,23,17,1,0.7419354838709677,3
"month","2021-03",31,"04-40",4,40,21,15,2,0.6774193548387096,4
"month","2021-03",31,"36-63",36,63,21,15,2,0.6774193548387096,4
"month","2021-03",31,"68-86",68,86,21,15,3,0.6774193548387096,4
"month","2021-03",31,"89-98",89,98,21,15,3,0.6774193548387096,4
"month","2021-03",31,"09-90",9,90,20,15,2,0.6451612903225806,5
"month","2021-03",31,"06-60",6,60,19,15,2,0.6129032258064516,6
"month","2021-03",31,"07-70",7,70,19,12,3,0.6129032258064516,6
"month","2021-03",31,"59-95",59,95,19,15,1,0.6129032258064516,6
"month","2021-03",31,"14-41",14,41,18,16,0,0.5806451612903226,7
"month","2021-03",31,"17-71",17,71,18,15,1,0.5806451612903226,7
"month","2021-03",31,"18-81",18,81,18,13,2,0.5806451612903226,7
"month","2021-03",31,"45-54",45,54,18,12,1,0.5806451612903226,7
"month","2021-03",31,"46-64",46,64,18,13,1,0.5806451612903226,7
"month","2021-03",31,"02-20",2,20,17,15,1,0.5483870967741935,8
"month","2021-03",31,"13-31",13,31,17,12,3,0.5483870967741935,8
"month","2021-03",31,"22-77",22,77,17,14,2,0.5483870967741935,8
"month","2021-03",31,"24-42",24,42,17,13,2,0.5483870967741935,8
"month","2021-03",31,"29-92",29,92,17,13,1,0.5483870967741935,8
"month","2021-03",31,"34-43",34,43,17,13,2,0.5483870967741935,8
"month","2021-03",31,"48-84",48,84,17,12,1,0.5483870967741935,8
"month","2021-03",31,"57-75",57,75,17,13,2,0.5483870967741935,8
"month","2021-03",31,"67-76",67,76,17,13,1,0.5483870967741935,8
"month","2021-03",31,"05-50",5,50,16,14,1,0.5161290322580645,9
"month","2021-03",31,"08-80",8,80,16,11,1,0.5161290322580645,9
"month","2021-03",31,"15-51",15,51,16,15,1,0.5161290322580645,9
"month","2021-03",31,"16-61",16,61,16,12,1,0.5161290322580645,9
"month","2021-03",31,"25-52",25,52,16,13,1,0.5161290322580645,9
"month","2021-03",31,"44-99",44,99,16,11,1,0.5161290322580645,9
"month","2021-03",31,"00-55",0,55,15,12,1,0.4838709677419355,10
"month","2021-03",31,"49-94",49,94,15,14,0,0.4838709677419355,10
"month","2021-03",31,"58-85",58,85,15,10,4,0.4838709677419355,10
"month","2021-03",31,"69-96",69,96,15,13,1,0.4838709677419355,10
"month","2021-03",31,"78-87",78,87,15,11,0,0.4838709677419355,10
"month","2021-03",31,"79-97",79,97,15,11,2,0.4838709677419355,10
"month","2021-03",31,"01-10",1,10,14,12,1,0.45161290322580644,11
"month","2021-03",31,"27-72",27,72,14,10,3,0.45161290322580644,11
"month","2021-03",31,"03-30",3,30,13,12,0,0.41935483870967744,12
"month","2021-03",31,"37-73",37,73,12,10,1,0.3870967741935484,13
"month","2021-03",31,"47-74",47,74,12,11,1,0.3870967741935484,13
"month","2021-03",31,"56-65",56,65,12,10,2,0.3870967741935484,13
"month","2021-03",31,"12-21",12,21,10,10,0,0.3225806451612903,14
"month","2021-03",31,"19-91",19,91,10,9,1,0.3225806451612903,14
"month","2021-03",31,"28-82",28,82,10,9,0,0.3225806451612903,14
"month","2021-03",31,"35-53",35,53,10,8,1,0.3225806451612903,14
"month","2021-03",31,"23-32",23,32,9,8,1,0.2903225806451613,15
"month","2021-04",30,"25-52",25,52,22,18,2,0.7333333333333333,1
"month","2021-04",30,"48-84",48,84,22,17,2,0.7333333333333333,1
"month","2021-04",30,"15-51",15,51,21,15,5,0.7,2
"month","2021-04",30,"37-73",37,73,21,13,3,0.7,2
"month","2021-04",30,"01-10",1,10,20,14,0,0.6666666666666666,3
"month","2021-04",30,"08-80",8,80,20,13,1,0.6666666666666666,3
"month","2021-04",30,"33-88",33,88,20,16,3,0.6666666666666666,3
"month","2021-04",30,"44-99",44,99,20,14,2,0.6666666666666666,3
"month","2021-04",30,"06-60",6,60,19,14,2,0.6333333333333333,4
"month","2021-04",30,"11-66",11,66,19,18,1,0.6333333333333333,4
"month","2021-04",30,"28-82",28,82,19,16,2,0.6333333333333333,4
"month","2021-04",30,"36-63",36,63,19,16,1,0.6333333333333333,4
"month","2021-04",30,"67-76",67,76,19,16,2,0.6333333333333333,4
"month","2021-04",30,"68-86",68,86,19,12,4,0.6333333333333333,4
"month","2021-04",30,"12-21",12,21,18,12,3,0.6,5
"month","2021-04",30,"16-61",16,61,18,12,1,0.6,5
"month","2021-04",30,"19-91",19,91,18,15,1,0.6,5
"month","2021-04",30,"23-32",23,32,18,14,3,0.6,5
"month","2021-04",30,"29-92",29,92,18,12,2,0.6,5
"month","2021-04",30,"35-53",35,53,18,13,3,0.6,5
"month","2021-04",30,"56-65",56,65,18,14,3,0.6,5
"month","2021-04",30,"59-95",59,95,18,14,3,0.6,5
"month","2021-04",30,"22-77",22,77,17,12,2,0.5666666666666667,6
"month","2021-04",30,"89-98",89,98,17,15,1,0.5666666666666667,6
"month","2021-04",30,"17-71",17,71,16,13,2,0.5333333333333333,7
"month","2021-04",30,"18-81",18,81,16,13,2,0.5333333333333333,7
"month","2021-04",30,"38-83",38,83,16,11,4,0.5333333333333333,7
"month","2021-04",30,"46-64",46,64,16,13,2,0.5333333333333333,7
"month","2021-04",30,"00-55",0,55,15,14,1,0.5,8
"month","2021-04",30,"07-70",7,70,15,11,0,0.5,8
"month","2021-04",30,"14-41",14,41,15,10,2,0.5,8
"month","2021-04",30,"45-54",45,54,15,13,0,0.5,8
"month","2021-04",30,"47-74",47,74,15,12,2,0.5,8
"month","2021-04",30,"79-97",79,97,15,13,1,0.5,8
"month","2021-04",30,"26-62",26,62,14,12,1,0.4666666666666667,9
"month","2021-04",30,"02-20",2,20,13,10,2,0.43333333333333335,10
"month","2021-04",30,"03-30",3,30,13,11,1,0.43333333333333335,10
"month","2021-04",30,"04-40",4,40,13,9,3,0.43333333333333335,10
"month","2021-04",30,"05-50",5,50,13,10,2,0.43333333333333335,10
"month","2021-04",30,"13-31",13,31,13,13,0,0.43333333333333335,10
"month","2021-04",30,"24-42",24,42,13,10,2,0.43333333333333335,10
"month","2021-04",30,"39-93",39,93,13,10,2,0.43333333333333335,10
"month","2021-04",30,"49-94",49,94,13,13,0,0.43333333333333335,10
"month","2021-04",30,"69-96",69,96,13,12,1,0.43333333333333335,10
"month","2021-04",30,"09-90",9,90,12,10,2,0.4,11
"month","2021-04",30,"27-72",27,72,12,10,1,0.4,11
"month","2021-04",30,"34-43",34,43,12,10,1,0.4,11
"month","2021-04",30,"57-75",57,75,12,11,0,0.4,11
"month","2021-04",30,"78-87",78,87,12,11,0,0.4,11
"month","2021-04",30,"58-85",58,85,7,7,0,0.23333333333333334,12
"month","2021-05",31,"13-31",13,31,28,19,3,0.9032258064516129,1
"month","2021-05",31,"33-88",33,88,23,15,5,0.7419354838709677,2
"month","2021-05",31,"02-20",2,20,22,15,2,0.7096774193548387,3
"month","2021-05",31,"28-82",28,82,22,15,4,0.7096774193548387,3
"month","2021-05",31,"04-40",4,40,21,17,2,0.6774193548387096,4
"month","2021-05",31,"14-41",14,41,21,16,2,0.6774193548387096,4
"month","2021-05",31,"47-74",47,74,21,15,5,0.6774193548387096,4
"month","2021-05",31,"67-76",67,76,21,16,3,0.6774193548387096,4
"month","2021-05",31,"11-66",11,66,20,15,2,0.6451612903225806,5
"month","2021-05",31,"29-92",29,92,20,16,4,0.6451612903225806,5
"month","2021-05",31,"44-99",44,99,20,16,2,0.6451612903225806,5
"month","2021-05",31,"78-87",78,87,20,16,0,0.6451612903225806,5
"month","2021-05",31,"08-80",8,80,19,12,5,0.6129032258064516,6
"month","2021-05",31,"57-75",57,75,19,14,1,0.6129032258064516,6
"month","2021-05",31,"79-97",79,97,19,15,1,0.6129032258064516,6
"month","2021-05",31,"89-98",89,98,19,14,2,0.6129032258064516,6
"month","2021-05",31,"01-10",1,10,18,14,2,0.5806451612903226,7
"month","2021-05",31,"27-72",27,72,18,13,0,0.5806451612903226,7
"month","2021-05",31,"39-93",39,93,18,13,2,0.5806451612903226,7
"month","2021-05",31,"56-65",56,65,18,15,2,0.5806451612903226,7
"month","2021-05",31,"59-95",59,95,18,15,1,0.5806451612903226,7
"month","2021-05",31,"69-96",69,96,18,15,0,0.5806451612903226,7
"month","2021-05",31,"05-50",5,50,17,14,1,0.5483870967741935,8
"month","2021-05",31,"15-51",15,51,17,14,2,0.5483870967741935,8
"month","2021-05",31,"17-71",17,71,17,13,3,0.5483870967741935,8
"month","2021-05",31,"36-63",36,63,17,14,2,0.5483870967741935,8
"month","2021-05",31,"45-54",45,54,17,13,1,0.5483870967741935,8
"month","2021-05",31,"46-64",46,64,17,13,3,0.5483870967741935,8
"month","2021-05",31,"49-94",49,94,17,15,1,0.5483870967741935,8
"month","2021-05",31,"68-86",68,86,17,13,3,0.5483870967741935,8
"month","2021-05",31,"12-21",12,21,16,15,0,0.5161290322580645,9
"month","2021-05",31,"38-83",38,83,16,13,1,0.5161290322580645,9
"month","2021-05",31,"35-53",35,53,15,10,3,0.4838709677419355,10
"month","2021-05",31,"37-73",37,73,15,12,1,0.4838709677419355,10
"month","2021-05",31,"00-55",0,55,14,13,1,0.45161290322580644,11
"month","2021-05",31,"06-60",6,60,14,9,4,0.45161290322580644,11
"month","2021-05",31,"09-90",9,90,14,10,2,0.45161290322580644,11
"month","2021-05",31,"16-61",16,61,14,12,1,0.45161290322580644,11
"month","2021-05",31,"18-81",18,81,14,12,2,0.45161290322580644,11
"month","2021-05",31,"58-85",58,85,14,11,1,0.45161290322580644,11
"month","2021-05",31,"07-70",7,70,13,12,0,0.41935483870967744,12
"month","2021-05",31,"19-91",19,91,12,8,2,0.3870967741935484,13
"month","2021-05",31,"22-77",22,77,12,11,0,0.3870967741935484,13
"month","2021-05",31,"25-52",25,52,12,11,1,0.3870967741935484,13
"month","2021-05",31,"26-62",26,62,12,11,0,0.3870967741935484,13
"month","2021-05",31,"23-32",23,32,11,10,0,0.3548387096774194,14
"month","2021-05",31,"34-43",34,43,11,9,2,0.3548387096774194,14
"month","2021-05",31,"48-84",48,84,11,9,1,0.3548387096774194,14
"month","2021-05",31,"24-42",24,42,10,7,0,0.3225806451612903,15
"month","2021-05",31,"03-30",3,30,8,7,1,0.25806451612903225,16
"month","2021-06",30,"22-77",22,77,23,17,2,0.7666666666666667,1
"month","2021-06",30,"36-63",36,63,23,15,5,0.7666666666666667,1
"month","2021-06",30,"48-84",48,84,23,18,3,0.7666666666666667,1
"month","2021-06",30,"03-30",3,30,21,16,2,0.7,2
"month","2021-06",30,"25-52",25,52,21,17,1,0.7,2
"month","2021-06",30,"01-10",1,10,20,16,1,0.6666666666666666,3
"month","2021-06",30,"14-41",14,41,20,14,2,0.6666666666666666,3
"month","2021-06",30,"45-54",45,54,20,15,4,0.6666666666666666,3
"month","2021-06",30,"49-94",49,94,20,14,1,0.6666666666666666,3
"month","2021-06",30,"05-50",5,50,19,17,1,0.6333333333333333,4
"month","2021-06",30,"06-60",6,60,19,17,2,0.6333333333333333,4
"month","2021-06",30,"08-80",8,80,19,15,1,0.6333333333333333,4
"month","2021-06",30,"39-93",39,93,19,14,3,0.6333333333333333,4
"month","2021-06",30,"89-98",89,98,19,15,1,0.6333333333333333,4
"month","2021-06",30,"02-20",2,20,18,12,4,0.6,5
"month","2021-06",30,"12-21",12,21,18,14,0,0.6,5
"month","2021-06",30,"44-99",44,99,18,15,0,0.6,5
"month","2021-06",30,"11-66",11,66,17,14,1,0.5666666666666667,6
"month","2021-06",30,"17-71",17,71,17,13,1,0.5666666666666667,6
"month","2021-06",30,"23-32",23,32,17,16,1,0.5666666666666667,6
"month","2021-06",30,"46-64",46,64,17,15,1,0.5666666666666667,6
"month","2021-06",30,"07-70",7,70,16,13,0,0.5333333333333333,7
"month","2021-06",30,"09-90",9,90,16,13,1,0.5333333333333333,7
"month","2021-06",30,"16-61",16,61,16,14,1,0.5333333333333333,7
"month","2021-06",30,"18-81",18,81,16,13,2,0.5333333333333333,7
"month","2021-06",30,"24-42",24,42,16,13,1,0.5333333333333333,7
"month","2021-06",30,"67-76",67,76,16,15,1,0.5333333333333333,7
"month","2021-06",30,"19-91",19,91,15,10,3,0.5,8
"month","2021-06",30,"34-43",34,43,15,13,1,0.5,8
"month","2021-06",30,"35-53",35,53,15,12,0,0.5,8
"month","2021-06",30,"47-74",47,74,15,12,1,0.5,8
"month","2021-06",30,"59-95",59,95,15,12,2,0.5,8
"month","2021-06",30,"69-96",69,96,15,12,1,0.5,8
"month","2021-06",30,"78-87",78,87,15,11,2,0.5,8
"month","2021-06",30,"00-55",0,55,14,13,1,0.4666666666666667,9
"month","2021-06",30,"56-65",56,65,14,12,2,0.4666666666666667,9
"month","2021-06",30,"57-75",57,75,14,10,2,0.4666666666666667,9
"month","2021-06",30,"13-31",13,31,13,11,0,0.43333333333333335,10
"month","2021-06",30,"28-82",28,82,13,12,1,0.43333333333333335,10
"month","2021-06",30,"29-92",29,92,13,11,1,0.43333333333333335,10
"month","2021-06",30,"37-73",37,73,13,11,2,0.43333333333333335,10
"month","2021-06",30,"58-85",58,85,13,10,1,0.43333333333333335,10
"month","2021-06",30,"68-86",68,86,13,12,1,0.43333333333333335,10
"month","2021-06",30,"04-40",4,40,12,12,0,0.4,11
"month","2021-06",30,"15-51",15,51,12,11,0,0.4,11
"month","2021-06",30,"27-72",27,72,12,10,0,0.4,11
"month","2021-06",30,"38-83",38,83,12,10,2,0.4,11
"month","2021-06",30,"79-97",79,97,12,12,0,0.4,11
"month","2021-06",30,"26-62",26,62,11,10,1,0.36666666666666664,12
"month","2021-06",30,"33-88",33,88,10,8,2,0.3333333333333333,13
"month","2021-07",31,"44-99",44,99,26,16,5,0.8387096774193549,1
"month","2021-07",31,"18-81",18,81,24,15,5,0.7741935483870968,2
"month","2021-07",31,"69-96",69,96,24,20,2,0.7741935483870968,2
"month","2021-07",31,"46-64",46,64,23,16,1,0.7419354838709677,3
"month","2021-07",31,"08-80",8,80,22,15,4,0.7096774193548387,4
"month","2021-07",31,"24-42",24,42,22,17,3,0.7096774193548387,4
"month","2021-07",31,"33-88",33,88,22,15,4,0.7096774193548387,4
"month","2021-07",31,"03-30",3,30,21,14,3,0.6774193548387096,5
"month","2021-07",31,"36-63",36,63,21,15,4,0.6774193548387096,5
"month","2021-07",31,"28-82",28,82,20,14,3,0.6451612903225806,6
"month","2021-07",31,"39-93",39,93,20,15,0,0.6451612903225806,6
"month","2021-07",31,"27-72",27,72,19,12,4,0.6129032258064516,7
"month","2021-07",31,"35-53",35,53,19,15,3,0.6129032258064516,7
"month","2021-07",31,"48-84",48,84,19,16,1,0.6129032258064516,7
"month","2021-07",31,"49-94",49,94,19,15,2,0.6129032258064516,7
"month","2021-07",31,"57-75",57,75,18,15,1,0.5806451612903226,8
"month","2021-07",31,"04-40",4,40,17,11,2,0.5483870967741935,9
"month","2021-07",31,"11-66",11,66,17,13,2,0.5483870967741935,9
"month","2021-07",31,"12-21",12,21,17,12,3,0.5483870967741935,9
"month","2021-07",31,"17-71",17,71,17,14,3,0.5483870967741935,9
"month","2021-07",31,"22-77",22,77,17,15,0,0.5483870967741935,9
"month","2021-07",31,"79-97",79,97,17,13,3,0.5483870967741935,9
"month","2021-07",31,"01-10",1,10,16,13,0,0.5161290322580645,10
"month","2021-07",31,"02-20",2,20,16,15,0,0.5161290322580645,10
"month","2021-07",31,"07-70",7,70,16,13,2,0.5161290322580645,10
"month","2021-07",31,"09-90",9,90,16,14,1,0.5161290322580645,10
"month","2021-07",31,"13-31",13,31,16,9,3,0.5161290322580645,10
"month","2021-07",31,"19-91",19,91,16,13,0,0.5161290322580645,10
"month","2021-07",31,"23-32",23,32,16,11,3,0.5161290322580645,10
"month","2021-07",31,"25-52",25,52,16,13,2,0.5161290322580645,10
"month","2021-07",31,"34-43",34,43,15,10,4,0.4838709677419355,11
"month","2021-07",31,"37-73",37,73,15,11,2,0.4838709677419355,11
"month","2021-07",31,"45-54",45,54,15,11,2,0.4838709677419355,11
"month","2021-07",31,"56-65",56,65,15,13,0,0.4838709677419355,11
"month","2021-07",31,"58-85",58,85,15,11,3,0.4838709677419355,11
"month","2021-07",31,"59-95",59,95,15,12,3,0.4838709677419355,11
"month","2021-07",31,"67-76",67,76,15,11,2,0.4838709677419355,11
"month","2021-07",31,"78-87",78,87,15,12,2,0.4838709677419355,11
"month","2021-07",31,"38-83",38,83,14,12,1,0.45161290322580644,12
"month","2021-07",31,"68-86",68,86,14,10,1,0.45161290322580644,12
"month","2021-07",31,"16-61",16,61,13,9,1,0.41935483870967744,13
"month","2021-07",31,"26-62",26,62,13,12,1,0.41935483870967744,13
"month","2021-07",31,"47-74",47,74,13,12,0,0.41935483870967744,13
"month","2021-07",31,"00-55",0,55,12,9,2,0.3870967741935484,14
"month","2021-07",31,"05-50",5,50,12,10,0,0.3870967741935484,14
"month","2021-07",31,"15-51",15,51,12,10,0,0.3870967741935484,14
"month","2021-07",31,"29-92",29,92,12,11,1,0.3870967741935484,14
"month","2021-07",31,"89-98",89,98,12,10,1,0.3870967741935484,14
"month","2021-07",31,"14-41",14,41,11,8,1,0.3548387096774194,15
"month","2021-07",31,"06-60",6,60,10,10,0,0.3225806451612903,16
"month","2021-08",31,"02-20",2,20,30,19,2,0.967741935483871,1
"month","2021-08",31,"36-63",36,63,24,18,3,0.7741935483870968,2
"month","2021-08",31,"68-86",68,86,24,17,2,0.7741935483870968,2
"month","2021-08",31,"00-55",0,55,22,14,3,0.7096774193548387,3
"month","2021-08",31,"11-66",11,66,22,15,5,0.7096774193548387,3
"month","2021-08",31,"45-54",45,54,22,14,1,0.7096774193548387,3
"month","2021-08",31,"07-70",7,70,21,16,2,0.6774193548387096,4
"month","2021-08",31,"15-51",15,51,21,14,4,0.6774193548387096,4
"month","2021-08",31,"69-96",69,96,21,19,1,0.6774193548387096,4
"month","2021-08",31,"89-98",89,98,20,19,0,0.6451612903225806,5
"month","2021-08",31,"04-40",4,40,19,16,2,0.6129032258064516,6
"month","2021-08",31,"09-90",9,90,19,16,2,0.6129032258064516,6
"month","2021-08",31,"13-31",13,31,19,14,3,0.6129032258064516,6
"month","2021-08",31,"14-41",14,41,19,13,3,0.6129032258064516,6
"month","2021-08",31,"39-93",39,93,19,16,2,0.6129032258064516,6
"month","2021-08",31,"47-74",47,74,19,15,3,0.6129032258064516,6
"month","2021-08",31,"57-75",57,75,19,15,4,0.6129032258064516,6
"month","2021-08",31,"59-95",59,95,19,13,3,0.6129032258064516,6
"month","2021-08",31,"06-60",6,60,18,13,3,0.5806451612903226,7
"month","2021-08",31,"19-91",19,91,18,13,2,0.5806451612903226,7
"month","2021-08",31,"58-85",58,85,18,14,3,0.5806451612903226,7
"month","2021-08",31,"78-87",78,87,18,13,3,0.5806451612903226,7
"month","2021-08",31,"28-82",28,82,17,13,3,0.5483870967741935,8
"month","2021-08",31,"35-53",35,53,17,16,1,0.5483870967741935,8
"month","2021-08",31,"48-84",48,84,17,13,2,0.5483870967741935,8
"month","2021-08",31,"05-50",5,50,16,13,2,0.5161290322580645,9
"month","2021-08",31,"18-81",18,81,16,13,1,0.5161290322580645,9
"month","2021-08",31,"37-73",37,73,16,13,1,0.5161290322580645,9
"month","2021-08",31,"38-83",38,83,16,14,0,0.5161290322580645,9
"month","2021-08",31,"17-71",17,71,15,10,2,0.4838709677419355,10
"month","2021-08",31,"27-72",27,72,15,13,0,0.4838709677419355,10
"month","2021-08",31,"29-92",29,92,15,12,3,0.4838709677419355,10
"month","2021-08",31,"34-43",34,43,15,12,2,0.4838709677419355,10
"month","2021-08",31,"44-99",44,99,15,13,1,0.4838709677419355,10
"month","2021-08",31,"46-64",46,64,15,13,1,0.4838709677419355,10
"month","2021-08",31,"67-76",67,76,15,11,3,0.4838709677419355,10
"month","2021-08",31,"79-97",79,97,15,13,0,0.4838709677419355,10
"month","2021-08",31,"01-10",1,10,14,11,2,0.45161290322580644,11
"month","2021-08",31,"03-30",3,30,14,12,1,0.45161290322580644,11
"month","2021-08",31,"23-32",23,32,14,12,2,0.45161290322580644,11
"month","2021-08",31,"24-42",24,42,14,14,0,0.45161290322580644,11
"month","2021-08",31,"26-62",26,62,14,12,2,0.45161290322580644,11
"month","2021-08",31,"12-21",12,21,13,10,1,0.41935483870967744,12
"month","2021-08",31,"08-80",8,80,12,10,1,0.3870967741935484,13
"month","2021-08",31,"33-88",33,88,12,9,1,0.3870967741935484,13
"month","2021-08",31,"56-65",56,65,11,9,0,0.3548387096774194,14
"month","2021-08",31,"16-61",16,61,10,8,0,0.3225806451612903,15
"month","2021-08",31,"49-94",49,94,9,9,0,0.2903225806451613,16
"month","2021-08",31,"22-77",22,77,7,6,0,0.22580645161290322,17
"month","2021-08",31,"25-52",25,52,7,7,0,0.22580645161290322,17
"month","2021-09",30,"38-83",38,83,25,19,0,0.8333333333333334,1
"month","2021-09",30,"47-74",47,74,25,16,2,0.8333333333333334,1
"month","2021-09",30,"19-91",19,91,23,15,3,0.7666666666666667,2
"month","2021-09",30,"11-66",11,66,22,15,4,0.7333333333333333,3
"month","2021-09",30,"34-43",34,43,22,15,4,0.7333333333333333,3
"month","2021-09",30,"27-72",27,72,21,14,4,0.7,4
"month","2021-09",30,"56-65",56,65,21,16,2,0.7,4
"month","2021-09",30,"03-30",3,30,20,15,2,0.6666666666666666,5
"month","2021-09",30,"08-80",8,80,20,17,1,0.6666666666666666,5
"month","2021-09",30,"36-63",36,63,20,17,2,0.6666666666666666,5
"month","2021-09",30,"05-50",5,50,19,13,2,0.6333333333333333,6
"month","2021-09",30,"24-42",24,42,19,14,1,0.6333333333333333,6
"month","2021-09",30,"48-84",48,84,19,13,2,0.6333333333333333,6
"month","2021-09",30,"01-10",1,10,18,15,1,0.6,7
"month","2021-09",30,"12-21",12,21,18,16,1,0.6,7
"month","2021-09",30,"13-31",13,31,18,13,1,0.6,7
"month","2021-09",30,"28-82",28,82,18,14,0,0.6,7
"month","2021-09",30,"69-96",69,96,18,14,1,0.6,7
"month","2021-09",30,"07-70",7,70,17,16,0,0.5666666666666667,8
"month","2021-09",30,"18-81",18,81,17,13,3,0.5666666666666667,8
"month","2021-09",30,"49-94",49,94,17,14,1,0.5666666666666667,8
"month","2021-09",30,"67-76",67,76,17,13,4,0.5666666666666667,8
"month","2021-09",30,"68-86",68,86,17,13,3,0.5666666666666667,8
"month","2021-09",30,"00-55",0,55,16,13,1,0.5333333333333333,9
"month","2021-09",30,"09-90",9,90,16,12,3,0.5333333333333333,9
"month","2021-09",30,"15-51",15,51,16,13,1,0.5333333333333333,9
"month","2021-09",30,"39-93",39,93,16,14,2,0.5333333333333333,9
"month","2021-09",30,"57-75",57,75,16,14,1,0.5333333333333333,9
"month","2021-09",30,"14-41",14,41,15,14,0,0.5,10
"month","2021-09",30,"17-71",17,71,15,12,3,0.5,10
"month","2021-09",30,"22-77",22,77,15,14,0,0.5,10
"month","2021-09",30,"29-92",29,92,15,12,1,0.5,10
"month","2021-09",30,"37-73",37,73,15,13,1,0.5,10
"month","2021-09",30,"04-40",4,40,14,8,5,0.4666666666666667,11
"month","2021-09",30,"06-60",6,60,14,13,1,0.4666666666666667,11
"month","2021-09",30,"25-52",25,52,14,13,0,0.4666666666666667,11
"month","2021-09",30,"26-62",26,62,14,10,2,0.4666666666666667,11
"month","2021-09",30,"45-54",45,54,14,10,1,0.4666666666666667,11
"month","2021-09",30,"59-95",59,95,14,12,0,0.4666666666666667,11
"month","2021-09",30,"78-87",78,87,14,13,0,0.4666666666666667,11
"month","2021-09",30,"79-97",79,97,14,11,0,0.4666666666666667,11
"month","2021-09",30,"23-32",23,32,13,8,2,0.43333333333333335,12
"month","2021-09",30,"35-53",35,53,13,12,1,0.43333333333333335,12
"month","2021-09",30,"58-85",58,85,13,11,2,0.43333333333333335,12
"month","2021-09",30,"16-61",16,61,12,10,2,0.4,13
"month","2021-09",30,"44-99",44,99,11,9,1,0.36666666666666664,14
"month","2021-09",30,"89-98",89,98,11,9,0,0.36666666666666664,14
"month","2021-09",30,"33-88",33,88,7,6,1,0.23333333333333334,15
"month","2021-09",30,"46-64",46,64,7,5,1,0.23333333333333334,15
"month","2021-09",30,"02-20",2,20,5,5,0,0.16666666666666666,16
"month","2021-10",31,"07-70",7,70,26,14,6,0.8387096774193549,1
"month","2021-10",31,"24-42",24,42,24,15,4,0.7741935483870968,2
"month","2021-10",31,"23-32",23,32,23,14,2,0.7419354838709677,3
"month","2021-10",31,"26-62",26,62,23,17,5,0.7419354838709677,3
"month","2021-10",31,"68-86",68,86,22,15,3,0.7096774193548387,4
"month","2021-10",31,"13-31",13,31,21,17,1,0.6774193548387096,5
"month","2021-10",31,"27-72",27,72,21,17,4,0.6774193548387096,5
"month","2021-10",31,"49-94",49,94,21,19,0,0.6774193548387096,5
"month","2021-10",31,"11-66",11,66,20,15,1,0.6451612903225806,6
"month","2021-10",31,"16-61",16,61,20,13,4,0.6451612903225806,6
"month","2021-10",31,"39-93",39,93,20,16,2,0.6451612903225806,6
"month","2021-10",31,"45-54",45,54,20,13,4,0.6451612903225806,6
"month","2021-10",31,"58-85",58,85,20,14,2,0.6451612903225806,6
"month","2021-10",31,"02-20",2,20,19,14,2,0.6129032258064516,7
"month","2021-10",31,"09-90",9,90,19,15,2,0.6129032258064516,7
"month","2021-10",31,"18-81",18,81,19,17,2,0.6129032258064516,7
"month","2021-10",31,"47-74",47,74,19,17,2,0.6129032258064516,7
"month","2021-10",31,"56-65",56,65,19,16,0,0.6129032258064516,7
"month","2021-10",31,"78-87",78,87,19,14,3,0.6129032258064516,7
"month","2021-10",31,"03-30",3,30,18,13,3,0.5806451612903226,8
"month","2021-10",31,"06-60",6,60,18,12,2,0.5806451612903226,8
"month","2021-10",31,"22-77",22,77,18,14,2,0.5806451612903226,8
"month","2021-10",31,"46-64",46,64,18,15,2,0.5806451612903226,8
"month","2021-10",31,"79-97",79,97,18,15,2,0.5806451612903226,8
"month","2021-10",31,"00-55",0,55,17,13,2,0.5483870967741935,9
"month","2021-10",31,"14-41",14,41,17,13,2,0.5483870967741935,9
"month","2021-10",31,"19-91",19,91,17,13,3,0.5483870967741935,9
"month","2021-10",31,"48-84",48,84,17,13,2,0.5483870967741935,9
"month","2021-10",31,"15-51",15,51,16,15,0,0.5161290322580645,10
"month","2021-10",31,"17-71",17,71,16,11,2,0.5161290322580645,10
"month","2021-10",31,"38-83",38,83,16,14,1,0.5161290322580645,10
"month","2021-10",31,"05-50",5,50,15,14,0,0.4838709677419355,11
"month","2021-10",31,"12-21",12,21,15,12,2,0.4838709677419355,11
"month","2021-10",31,"28-82",28,82,15,11,2,0.4838709677419355,11
"month","2021-10",31,"35-53",35,53,15,12,0,0.4838709677419355,11
"month","2021-10",31,"01-10",1,10,14,13,1,0.45161290322580644,12
"month","2021-10",31,"08-80",8,80,14,12,1,0.45161290322580644,12
"month","2021-10",31,"33-88",33,88,14,13,0,0.45161290322580644,12
"month","2021-10",31,"44-99",44,99,13,9,2,0.41935483870967744,13
"month","2021-10",31,"67-76",67,76,13,11,1,0.41935483870967744,13
"month","2021-10",31,"04-40",4,40,12,9,0,0.3870967741935484,14
"month","2021-10",31,"34-43",34,43,12,11,0,0.3870967741935484,14
"month","2021-10",31,"57-75",57,75,12,11,0,0.3870967741935484,14
"month","2021-10",31,"89-98",89,98,12,10,2,0.3870967741935484,14
"month","2021-10",31,"25-52",25,52,11,11,0,0.3548387096774194,15
"month","2021-10",31,"36-63",36,63,11,10,0,0.3548387096774194,15
"month","2021-10",31,"69-96",69,96,11,9,0,0.3548387096774194,15
"month","2021-10",31,"37-73",37,73,10,10,0,0.3225806451612903,16
"month","2021-10",31,"59-95",59,95,9,8,0,0.2903225806451613,17
"month","2021-10",31,"29-92",29,92,8,7,0,0.25806451612903225,18
"month","2021-11",30,"27-72",27,72,26,16,4,0.8666666666666667,1
"month","2021-11",30,"01-10",1,10,25,17,1,0.8333333333333334,2
"month","2021-11",30,"03-30",3,30,25,17,4,0.8333333333333334,2
"month","2021-11",30,"11-66",11,66,23,17,2,0.7666666666666667,3
"month","2021-11",30,"16-61",16,61,22,19,1,0.7333333333333333,4
"month","2021-11",30,"13-31",13,31,21,15,4,0.7,5
"month","2021-11",30,"06-60",6,60,20,14,4,0.6666666666666666,6
"month","2021-11",30,"47-74",47,74,20,15,3,0.6666666666666666,6
"month","2021-11",30,"04-40",4,40,19,13,3,0.6333333333333333,7
"month","2021-11",30,"05-50",5,50,19,14,1,0.6333333333333333,7
"month","2021-11",30,"12-21",12,21,19,15,2,0.6333333333333333,7
"month","2021-11",30,"17-71",17,71,19,13,1,0.6333333333333333,7
"month","2021-11",30,"29-92",29,92,19,15,3,0.6333333333333333,7
"month","2021-11",30,"33-88",33,88,19,14,1,0.6333333333333333,7
"month","2021-11",30,"44-99",44,99,19,13,2,0.6333333333333333,7
"month","2021-11",30,"67-76",67,76,18,12,4,0.6,8
"month","2021-11",30,"00-55",0,55,17,14,1,0.5666666666666667,9
"month","2021-11",30,"09-90",9,90,17,13,1,0.5666666666666667,9
"month","2021-11",30,"23-32",23,32,17,12,4,0.5666666666666667,9
"month","2021-11",30,"24-42",24,42,17,12,2,0.5666666666666667,9
"month","2021-11",30,"36-63",36,63,17,14,0,0.5666666666666667,9
"month","2021-11",30,"57-75",57,75,17,15,2,0.5666666666666667,9
"month","2021-11",30,"69-96",69,96,17,14,2,0.5666666666666667,9
"month","2021-11",30,"38-83",38,83,16,12,1,0.5333333333333333,10
"month","2021-11",30,"46-64",46,64,16,12,1,0.5333333333333333,10
"month","2021-11",30,"89-98",89,98,16,11,3,0.5333333333333333,10
"month","2021-11",30,"26-62",26,62,15,12,1,0.5,11
"month","2021-11",30,"34-43",34,43,15,10,4,0.5,11
"month","2021-11",30,"37-73",37,73,15,13,0,0.5,11
"month","2021-11",30,"48-84",48,84,15,12,2,0.5,11
"month","2021-11",30,"78-87",78,87,15,11,2,0.5,11
"month","2021-11",30,"02-20",2,20,14,13,1,0.4666666666666667,12
"month","2021-11",30,"07-70",7,70,14,10,0,0.4666666666666667,12
"month","2021-11",30,"08-80",8,80,14,11,2,0.4666666666666667,12
"month","2021-11",30,"28-82",28,82,14,11,2,0.4666666666666667,12
"month","2021-11",30,"39-93",39,93,14,9,2,0.4666666666666667,12
"month","2021-11",30,"56-65",56,65,14,14,0,0.4666666666666667,12
"month","2021-11",30,"59-95",59,95,14,9,3,0.4666666666666667,12
"month","2021-11",30,"79-97",79,97,14,12,0,0.4666666666666667,12
"month","2021-11",30,"14-41",14,41,13,10,3,0.43333333333333335,13
"month","2021-11",30,"19-91",19,91,13,11,1,0.43333333333333335,13
"month","2021-11",30,"25-52",25,52,12,9,3,0.4,14
"month","2021-11",30,"45-54",45,54,12,10,1,0.4,14
"month","2021-11",30,"15-51",15,51,11,9,0,0.36666666666666664,15
"month","2021-11",30,"49-94",49,94,11,10,1,0.36666666666666664,15
"month","2021-11",30,"58-85",58,85,11,9,2,0.36666666666666664,15
"month","2021-11",30,"68-86",68,86,11,9,0,0.36666666666666664,15
"month","2021-11",30,"18-81",18,81,10,10,0,0.3333333333333333,16
"month","2021-11",30,"22-77",22,77,10,8,1,0.3333333333333333,16
"month","2021-11",30,"35-53",35,53,9,8,0,0.3,17
"month","2021-12",31,"67-76",67,76,30,22,4,0.967741935483871,1
"month","2021-12",31,"23-32",23,32,24,19,0,0.7741935483870968,2
"month","2021-12",31,"12-21",12,21,23,14,4,0.7419354838709677,3
"month","2021-12",31,"16-61",16,61,21,14,2,0.6774193548387096,4
"month","2021-12",31,"17-71",17,71,21,15,3,0.6774193548387096,4
"month","2021-12",31,"24-42",24,42,21,16,1,0.6774193548387096,4
"month","2021-12",31,"79-97",79,97,21,15,2,0.6774193548387096,4
"month","2021-12",31,"18-81",18,81,20,16,2,0.6451612903225806,5
"month","2021-12",31,"25-52",25,52,20,15,2,0.6451612903225806,5
"month","2021-12",31,"03-30",3,30,19,15,1,0.6129032258064516,6
"month","2021-12",31,"14-41",14,41,19,14,4,0.6129032258064516,6
"month","2021-12",31,"47-74",47,74,19,13,2,0.6129032258064516,6
"month","2021-12",31,"49-94",49,94,19,13,2,0.6129032258064516,6
"month","2021-12",31,"68-86",68,86,19,14,1,0.6129032258064516,6
"month","2021-12",31,"07-70",7,70,18,13,3,0.5806451612903226,7
"month","2021-12",31,"08-80",8,80,18,15,1,0.5806451612903226,7
"month","2021-12",31,"09-90",9,90,18,12,3,0.5806451612903226,7
"month","2021-12",31,"11-66",11,66,18,12,2,0.5806451612903226,7
"month","2021-12",31,"33-88",33,88,18,14,1,0.5806451612903226,7
"month","2021-12",31,"44-99",44,99,18,12,2,0.5806451612903226,7
"month","2021-12",31,"45-54",45,54,18,15,1,0.5806451612903226,7
"month","2021-12",31,"46-64",46,64,18,17,1,0.5806451612903226,7
"month","2021-12",31,"58-85",58,85,18,13,2,0.5806451612903226,7
"month","2021-12",31,"22-77",22,77,17,13,0,0.5483870967741935,8
"month","2021-12",31,"37-73",37,73,17,17,0,0.5483870967741935,8
"month","2021-12",31,"78-87",78,87,17,11,2,0.5483870967741935,8
"month","2021-12",31,"05-50",5,50,16,12,1,0.5161290322580645,9
"month","2021-12",31,"15-51",15,51,16,15,0,0.5161290322580645,9
"month","2021-12",31,"26-62",26,62,16,12,1,0.5161290322580645,9
"month","2021-12",31,"29-92",29,92,16,12,2,0.5161290322580645,9
"month","2021-12",31,"34-43",34,43,16,15,1,0.5161290322580645,9
"month","2021-12",31,"35-53",35,53,16,14,1,0.5161290322580645,9
"month","2021-12",31,"00-55",0,55,15,11,1,0.4838709677419355,10
"month","2021-12",31,"02-20",2,20,15,12,1,0.4838709677419355,10
"month","2021-12",31,"13-31",13,31,14,13,1,0.45161290322580644,11
"month","2021-12",31,"36-63",36,63,14,12,2,0.45161290322580644,11
"month","2021-12",31,"39-93",39,93,14,10,3,0.45161290322580644,11
"month","2021-12",31,"59-95",59,95,14,12,1,0.45161290322580644,11
"month","2021-12",31,"69-96",69,96,14,10,0,0.45161290322580644,11
"month","2021-12",31,"89-98",89,98,14,12,1,0.45161290322580644,11
"month","2021-12",31,"04-40",4,40,13,10,0,0.41935483870967744,12
"month","2021-12",31,"06-60",6,60,13,10,1,0.41935483870967744,12
"month","2021-12",31,"27-72",27,72,13,9,2,0.41935483870967744,12
"month","2021-12",31,"56-65",56,65,13,10,1,0.41935483870967744,12
"month","2021-12",31,"57-75",57,75,13,12,0,0.41935483870967744,12
"month","2021-12",31,"01-10",1,10,12,10,1,0.3870967741935484,13
"month","2021-12",31,"38-83",38,83,12,9,1,0.3870967741935484,13
"month","2021-12",31,"19-91",19,91,10,10,0,0.3225806451612903,14
"month","2021-12",31,"28-82",28,82,10,8,0,0.3225806451612903,14
"month","2021-12",31,"48-84",48,84,9,9,0,0.2903225806451613,15
"month","2022-01",30,"04-40",4,40,24,17,3,0.8,1
"month","2022-01",30,"46-64",46,64,23,16,1,0.7666666666666667,2
"month","2022-01",30,"18-81",18,81,22,13,4,0.7333333333333333,3
"month","2022-01",30,"25-52",25,52,22,16,2,0.7333333333333333,3
"month","2022-01",30,"44-99",44,99,22,15,4,0.7333333333333333,3
"month","2022-01",30,"22-77",22,77,21,18,3,0.7,4
"month","2022-01",30,"29-92",29,92,21,14,4,0.7,4
"month","2022-01",30,"00-55",0,55,19,14,2,0.6333333333333333,5
"month","2022-01",30,"02-20",2,20,19,16,2,0.6333333333333333,5
"month","2022-01",30,"16-61",16,61,19,14,4,0.6333333333333333,5
"month","2022-01",30,"48-84",48,84,19,16,1,0.6333333333333333,5
"month","2022-01",30,"89-98",89,98,19,12,2,0.6333333333333333,5
"month","2022-01",30,"28-82",28,82,18,11,3,0.6,6
"month","2022-01",30,"03-30",3,30,17,14,3,0.5666666666666667,7
"month","2022-01",30,"06-60",6,60,17,15,1,0.5666666666666667,7
"month","2022-01",30,"14-41",14,41,17,13,0,0.5666666666666667,7
"month","2022-01",30,"17-71",17,71,17,14,0,0.5666666666666667,7
"month","2022-01",30,"33-88",33,88,17,14,1,0.5666666666666667,7
"month","2022-01",30,"36-63",36,63,17,13,3,0.5666666666666667,7
"month","2022-01",30,"39-93",39,93,17,14,0,0.5666666666666667,7
"month","2022-01",30,"56-65",56,65,17,13,4,0.5666666666666667,7
"month","2022-01",30,"58-85",58,85,17,14,1,0.5666666666666667,7
"month","2022-01",30,"01-10",1,10,16,13,1,0.5333333333333333,8
"month","2022-01",30,"07-70",7,70,16,14,1,0.5333333333333333,8
"month","2022-01",30,"45-54",45,54,16,11,3,0.5333333333333333,8
"month","2022-01",30,"78-87",78,87,16,11,1,0.5333333333333333,8
"month","2022-01",30,"05-50",5,50,15,12,2,0.5,9
"month","2022-01",30,"19-91",19,91,15,11,3,0.5,9
"month","2022-01",30,"26-62",26,62,15,9,3,0.5,9
"month","2022-01",30,"27-72",27,72,15,11,3,0.5,9
"month","2022-01",30,"35-53",35,53,15,12,2,0.5,9
"month","2022-01",30,"38-83",38,83,15,13,1,0.5,9
"month","2022-01",30,"49-94",49,94,15,13,2,0.5,9
"month","2022-01",30,"59-95",59,95,15,10,3,0.5,9
"month","2022-01",30,"69-96",69,96,15,14,1,0.5,9
"month","2022-01",30,"79-97",79,97,15,12,0,0.5,9
"month","2022-01",30,"12-21",12,21,14,11,1,0.4666666666666667,10
"month","2022-01",30,"37-73",37,73,14,11,1,0.4666666666666667,10
"month","2022-01",30,"67-76",67,76,14,11,1,0.4666666666666667,10
"month","2022-01",30,"68-86",68,86,14,12,1,0.4666666666666667,10
"month","2022-01",30,"08-80",8,80,13,11,0,0.43333333333333335,11
"month","2022-01",30,"09-90",9,90,13,13,0,0.43333333333333335,11
"month","2022-01",30,"34-43",34,43,13,11,0,0.43333333333333335,11
"month","2022-01",30,"57-75",57,75,13,11,2,0.43333333333333335,11
"month","2022-01",30,"15-51",15,51,12,12,0,0.4,12
"month","2022-01",30,"23-32",23,32,12,12,0,0.4,12
"month","2022-01",30,"47-74",47,74,12,10,1,0.4,12
"month","2022-01",30,"11-66",11,66,11,8,1,0.36666666666666664,13
"month","2022-01",30,"13-31",13,31,11,9,2,0.36666666666666664,13
"month","2022-01",30,"24-42",24,42,9,7,2,0.3,14
"month","2022-02",25,"79-97",79,97,23,17,2,0.92,1
"month","2022-02",25,"27-72",27,72,22,12,4,0.88,2
"month","2022-02",25,"19-91",19,91,19,14,4,0.76,3
"month","2022-02",25,"56-65",56,65,19,14,3,0.76,3
"month","2022-02",25,"67-76",67,76,18,14,2,0.72,4
"month","2022-02",25,"26-62",26,62,17,11,1,0.68,5
"month","2022-02",25,"34-43",34,43,17,14,2,0.68,5
"month","2022-02",25,"89-98",89,98,17,13,2,0.68,5
"month","2022-02",25,"05-50",5,50,16,13,2,0.64,6
"month","2022-02",25,"49-94",49,94,16,14,1,0.64,6
"month","2022-02",25,"02-20",2,20,15,12,2,0.6,7
"month","2022-02",25,"15-51",15,51,15,12,1,0.6,7
"month","2022-02",25,"17-71",17,71,15,12,1,0.6,7
"month","2022-02",25,"18-81",18,81,15,12,1,0.6,7
"month","2022-02",25,"45-54",45,54,15,14,1,0.6,7
"month","2022-02",25,"46-64",46,64,15,12,2,0.6,7
"month","2022-02",25,"01-10",1,10,14,9,3,0.56,8
"month","2022-02",25,"03-30",3,30,14,11,1,0.56,8
"month","2022-02",25,"04-40",4,40,14,12,1,0.56,8
"month","2022-02",25,"24-42",24,42,14,10,1,0.56,8
"month","2022-02",25,"29-92",29,92,14,13,1,0.56,8
"month","2022-02",25,"39-93",39,93,14,12,1,0.56,8
"month","2022-02",25,"48-84",48,84,14,10,3,0.56,8
"month","2022-02",25,"57-75",57,75,14,10,2,0.56,8
"month","2022-02",25,"59-95",59,95,14,11,2,0.56,8
"month","2022-02",25,"69-96",69,96,14,8,2,0.56,8
"month","2022-02",25,"37-73",37,73,13,11,2,0.52,9
"month","2022-02",25,"68-86",68,86,13,9,0,0.52,9
"month","2022-02",25,"08-80",8,80,12,8,1,0.48,10
"month","2022-02",25,"22-77",22,77,12,9,1,0.48,10
"month","2022-02",25,"23-32",23,32,12,10,0,0.48,10
"month","2022-02",25,"28-82",28,82,12,9,1,0.48,10
"month","2022-02",25,"33-88",33,88,12,9,2,0.48,10
"month","2022-02",25,"38-83",38,83,12,11,0,0.48,10
"month","2022-02",25,"00-55",0,55,11,9,1,0.44,11
"month","2022-02",25,"06-60",6,60,11,8,2,0.44,11
"month","2022-02",25,"14-41",14,41,11,7,2,0.44,11
"month","2022-02",25,"16-61",16,61,11,8,1,0.44,11
"month","2022-02",25,"35-53",35,53,11,10,0,0.44,11
"month","2022-02",25,"47-74",47,74,11,9,2,0.44,11
"month","2022-02",25,"78-87",78,87,11,11,0,0.44,11
"month","2022-02",25,"07-70",7,70,10,6,2,0.4,12
"month","2022-02",25,"09-90",9,90,10,8,0,0.4,12
"month","2022-02",25,"12-21",12,21,10,9,0,0.4,12
"month","2022-02",25,"13-31",13,31,10,8,1,0.4,12
"month","2022-02",25,"25-52",25,52,10,8,2,0.4,12
"month","2022-02",25,"44-99",44,99,10,10,0,0.4,12
"month","2022-02",25,"58-85",58,85,10,8,1,0.4,12
"month","2022-02",25,"36-63",36,63,9,7,2,0.36,13
"month","2022-02",25,"11-66",11,66,7,6,0,0.28,14
"month","2022-03",31,"18-81",18,81,24,17,3,0.7741935483870968,1
"month","2022-03",31,"07-70",7,70,23,17,3,0.7419354838709677,2
"month","2022-03",31,"13-31",13,31,23,18,3,0.7419354838709677,2
"month","2022-03",31,"47-74",47,74,23,16,4,0.7419354838709677,2
"month","2022-03",31,"23-32",23,32,22,17,4,0.7096774193548387,3
"month","2022-03",31,"25-52",25,52,22,18,3,0.7096774193548387,3
"month","2022-03",31,"33-88",33,88,21,13,3,0.6774193548387096,4
"month","2022-03",31,"36-63",36,63,21,15,4,0.6774193548387096,4
"month","2022-03",31,"79-97",79,97,21,17,2,0.6774193548387096,4
"month","2022-03",31,"02-20",2,20,20,12,3,0.6451612903225806,5
"month","2022-03",31,"09-90",9,90,19,14,2,0.6129032258064516,6
"month","2022-03",31,"28-82",28,82,19,16,1,0.6129032258064516,6
"month","2022-03",31,"29-92",29,92,19,15,3,0.6129032258064516,6
"month","2022-03",31,"39-93",39,93,19,16,1,0.6129032258064516,6
"month","2022-03",31,"48-84",48,84,19,13,2,0.6129032258064516,6
"month","2022-03",31,"01-10",1,10,18,14,2,0.5806451612903226,7
"month","2022-03",31,"08-80",8,80,18,16,0,0.5806451612903226,7
"month","2022-03",31,"12-21",12,21,18,14,1,0.5806451612903226,7
"month","2022-03",31,"14-41",14,41,18,13,1,0.5806451612903226,7
"month","2022-03",31,"45-54",45,54,18,13,4,0.5806451612903226,7
"month","2022-03",31,"49-94",49,94,18,14,2,0.5806451612903226,7
"month","2022-03",31,"67-76",67,76,18,13,2,0.5806451612903226,7
"month","2022-03",31,"89-98",89,98,18,13,4,0.5806451612903226,7
"month","2022-03",31,"19-91",19,91,17,14,1,0.5483870967741935,8
"month","2022-03",31,"22-77",22,77,16,12,2,0.5161290322580645,9
"month","2022-03",31,"27-72",27,72,16,11,2,0.5161290322580645,9
"month","2022-03",31,"34-43",34,43,16,12,3,0.5161290322580645,9
"month","2022-03",31,"37-73",37,73,16,14,1,0.5161290322580645,9
"month","2022-03",31,"56-65",56,65,16,11,1,0.5161290322580645,9
"month","2022-03",31,"68-86",68,86,16,12,0,0.5161290322580645,9
"month","2022-03",31,"69-96",69,96,16,13,2,0.5161290322580645,9
"month","2022-03",31,"06-60",6,60,15,13,2,0.4838709677419355,10
"month","2022-03",31,"15-51",15,51,15,12,0,0.4838709677419355,10
"month","2022-03",31,"26-62",26,62,15,11,1,0.4838709677419355,10
"month","2022-03",31,"46-64",46,64,15,12,0,0.4838709677419355,10
"month","2022-03",31,"57-75",57,75,15,13,2,0.4838709677419355,10
"month","2022-03",31,"58-85",58,85,15,14,0,0.4838709677419355,10
"month","2022-03",31,"59-95",59,95,15,12,1,0.4838709677419355,10
"month","2022-03",31,"05-50",5,50,14,10,1,0.45161290322580644,11
"month","2022-03",31,"17-71",17,71,14,11,3,0.45161290322580644,11
"month","2022-03",31,"35-53",35,53,14,11,2,0.45161290322580644,11
"month","2022-03",31,"04-40",4,40,13,11,0,0.41935483870967744,12
"month","2022-03",31,"38-83",38,83,13,11,1,0.41935483870967744,12
"month","2022-03",31,"03-30",3,30,12,8,1,0.3870967741935484,13
"month","2022-03",31,"11-66",11,66,12,10,1,0.3870967741935484,13
"month","2022-03",31,"24-42",24,42,12,10,1,0.3870967741935484,13
"month","2022-03",31,"44-99",44,99,12,8,3,0.3870967741935484,13
"month","2022-03",31,"00-55",0,55,10,9,0,0.3225806451612903,14
"month","2022-03",31,"16-61",16,61,9,8,0,0.2903225806451613,15
"month","2022-03",31,"78-87",78,87,9,7,1,0.2903225806451613,15
"month","2022-04",30,"07-70",7,70,28,19,5,0.9333333333333333,1
"month","2022-04",30,"01-10",1,10,24,16,4,0.8,2
"month","2022-04",30,"11-66",11,66,24,18,3,0.8,2
"month","2022-04",30,"18-81",18,81,24,18,0,0.8,2
"month","2022-04",30,"05-50",5,50,22,16,4,0.7333333333333333,3
"month","2022-04",30,"06-60",6,60,22,14,3,0.7333333333333333,3
"month","2022-04",30,"36-63",36,63,22,16,1,0.7333333333333333,3
"month","2022-04",30,"14-41",14,41,21,17,2,0.7,4
"month","2022-04",30,"35-53",35,53,21,17,2,0.7,4
"month","2022-04",30,"46-64",46,64,21,17,3,0.7,4
"month","2022-04",30,"00-55",0,55,20,17,1,0.6666666666666666,5
"month","2022-04",30,"17-71",17,71,20,14,3,0.6666666666666666,5
"month","2022-04",30,"45-54",45,54,20,12,5,0.6666666666666666,5
"month","2022-04",30,"22-77",22,77,19,14,3,0.6333333333333333,6
"month","2022-04",30,"38-83",38,83,19,15,2,0.6333333333333333,6
"month","2022-04",30,"47-74",47,74,19,13,1,0.6333333333333333,6
"month","2022-04",30,"08-80",8,80,18,14,2,0.6,7
"month","2022-04",30,"19-91",19,91,18,14,2,0.6,7
"month","2022-04",30,"67-76",67,76,18,15,3,0.6,7
"month","2022-04",30,"33-88",33,88,17,11,2,0.5666666666666667,8
"month","2022-04",30,"49-94",49,94,17,13,1,0.5666666666666667,8
"month","2022-04",30,"13-31",13,31,16,12,1,0.5333333333333333,9
"month","2022-04",30,"24-42",24,42,16,11,2,0.5333333333333333,9
"month","2022-04",30,"26-62",26,62,16,11,2,0.5333333333333333,9
"month","2022-04",30,"34-43",34,43,16,12,2,0.5333333333333333,9
"month","2022-04",30,"56-65",56,65,16,12,2,0.5333333333333333,9
"month","2022-04",30,"58-85",58,85,16,14,1,0.5333333333333333,9
"month","2022-04",30,"09-90",9,90,15,12,2,0.5,10
"month","2022-04",30,"57-75",57,75,15,12,0,0.5,10
"month","2022-04",30,"68-86",68,86,15,13,1,0.5,10
"month","2022-04",30,"02-20",2,20,14,12,2,0.4666666666666667,11
"month","2022-04",30,"15-51",15,51,14,12,0,0.4666666666666667,11
"month","2022-04",30,"16-61",16,61,14,12,0,0.4666666666666667,11
"month","2022-04",30,"25-52",25,52,14,10,1,0.4666666666666667,11
"month","2022-04",30,"27-72",27,72,14,12,0,0.4666666666666667,11
"month","2022-04",30,"48-84",48,84,14,9,2,0.4666666666666667,11
"month","2022-04",30,"59-95",59,95,14,11,1,0.4666666666666667,11
"month","2022-04",30,"89-98",89,98,14,11,1,0.4666666666666667,11
"month","2022-04",30,"04-40",4,40,13,12,1,0.43333333333333335,12
"month","2022-04",30,"23-32",23,32,13,10,1,0.43333333333333335,12
"month","2022-04",30,"28-82",28,82,13,10,3,0.43333333333333335,12
"month","2022-04",30,"69-96",69,96,13,10,1,0.43333333333333335,12
"month","2022-04",30,"79-97",79,97,13,12,1,0.43333333333333335,12
"month","2022-04",30,"37-73",37,73,12,9,2,0.4,13
"month","2022-04",30,"29-92",29,92,11,11,0,0.36666666666666664,14
"month","2022-04",30,"12-21",12,21,9,9,0,0.3,15
"month","2022-04",30,"78-87",78,87,9,8,1,0.3,15
"month","2022-04",30,"39-93",39,93,7,7,0,0.23333333333333334,16
"month","2022-04",30,"03-30",3,30,6,5,0,0.2,17
"month","2022-04",30,"44-99",44,99,4,4,0,0.13333333333333333,18
"month","2022-05",31,"13-31",13,31,30,20,6,0.967741935483871,1
"month","2022-05",31,"01-10",1,10,24,19,2,0.7741935483870968,2
"month","2022-05",31,"11-66",11,66,24,16,2,0.7741935483870968,2
"month","2022-05",31,"29-92",29,92,22,17,2,0.7096774193548387,3
"month","2022-05",31,"44-99",44,99,22,15,3,0.7096774193548387,3
"month","2022-05",31,"48-84",48,84,22,17,0,0.7096774193548387,3
"month","2022-05",31,"59-95",59,95,22,18,2,0.7096774193548387,3
"month","2022-05",31,"19-91",19,91,21,18,0,0.6774193548387096,4
"month","2022-05",31,"47-74",47,74,21,15,3,0.6774193548387096,4
"month","2022-05",31,"46-64",46,64,20,17,1,0.6451612903225806,5
"month","2022-05",31,"06-60",6,60,19,15,3,0.6129032258064516,6
"month","2022-05",31,"17-71",17,71,19,16,2,0.6129032258064516,6
"month","2022-05",31,"22-77",22,77,19,14,4,0.6129032258064516,6
"month","2022-05",31,"38-83",38,83,19,15,1,0.6129032258064516,6
"month","2022-05",31,"39-93",39,93,19,13,0,0.6129032258064516,6
"month","2022-05",31,"57-75",57,75,19,14,3,0.6129032258064516,6
"month","2022-05",31,"09-90",9,90,18,15,1,0.5806451612903226,7
"month","2022-05",31,"12-21",12,21,18,15,1,0.5806451612903226,7
"month","2022-05",31,"35-53",35,53,18,15,1,0.5806451612903226,7
"month","2022-05",31,"56-65",56,65,18,13,3,0.5806451612903226,7
"month","2022-05",31,"15-51",15,51,17,13,2,0.5483870967741935,8
"month","2022-05",31,"25-52",25,52,17,14,2,0.5483870967741935,8
"month","2022-05",31,"04-40",4,40,16,12,1,0.5161290322580645,9
"month","2022-05",31,"34-43",34,43,16,13,2,0.5161290322580645,9
"month","2022-05",31,"36-63",36,63,16,14,0,0.5161290322580645,9
"month","2022-05",31,"45-54",45,54,16,13,2,0.5161290322580645,9
"month","2022-05",31,"58-85",58,85,16,13,1,0.5161290322580645,9
"month","2022-05",31,"79-97",79,97,16,11,4,0.5161290322580645,9
"month","2022-05",31,"14-41",14,41,15,14,1,0.4838709677419355,10
"month","2022-05",31,"16-61",16,61,15,11,3,0.4838709677419355,10
"month","2022-05",31,"27-72",27,72,15,10,1,0.4838709677419355,10
"month","2022-05",31,"49-94",49,94,15,10,3,0.4838709677419355,10
"month","2022-05",31,"67-76",67,76,15,11,2,0.4838709677419355,10
"month","2022-05",31,"69-96",69,96,15,11,1,0.4838709677419355,10
"month","2022-05",31,"03-30",3,30,14,11,1,0.45161290322580644,11
"month","2022-05",31,"05-50",5,50,14,9,1,0.45161290322580644,11
"month","2022-05",31,"08-80",8,80,14,10,3,0.45161290322580644,11
"month","2022-05",31,"24-42",24,42,14,11,0,0.45161290322580644,11
"month","2022-05",31,"33-88",33,88,14,12,2,0.45161290322580644,11
"month","2022-05",31,"68-86",68,86,14,10,3,0.45161290322580644,11
"month","2022-05",31,"78-87",78,87,14,11,1,0.45161290322580644,11
"month","2022-05",31,"18-81",18,81,13,12,1,0.41935483870967744,12
"month","2022-05",31,"28-82",28,82,13,9,0,0.41935483870967744,12
"month","2022-05",31,"89-98",89,98,13,9,1,0.41935483870967744,12
"month","2022-05",31,"02-20",2,20,12,10,0,0.3870967741935484,13
"month","2022-05",31,"23-32",23,32,12,11,0,0.3870967741935484,13
"month","2022-05",31,"26-62",26,62,12,11,1,0.3870967741935484,13
"month","2022-05",31,"37-73",37,73,11,10,1,0.3548387096774194,14
"month","2022-05",31,"07-70",7,70,10,8,1,0.3225806451612903,15
"month","2022-05",31,"00-55",0,55,9,9,0,0.2903225806451613,16
"month","2022-06",30,"04-40",4,40,24,19,2,0.8,1
"month","2022-06",30,"29-92",29,92,24,16,4,0.8,1
"month","2022-06",30,"59-95",59,95,24,16,7,0.8,1
"month","2022-06",30,"23-32",23,32,22,17,2,0.7333333333333333,2
"month","2022-06",30,"01-10",1,10,21,18,2,0.7,3
"month","2022-06",30,"46-64",46,64,21,16,2,0.7,3
"month","2022-06",30,"47-74",47,74,21,16,2,0.7,3
"month","2022-06",30,"58-85",58,85,21,14,5,0.7,3
"month","2022-06",30,"13-31",13,31,20,16,3,0.6666666666666666,4
"month","2022-06",30,"22-77",22,77,20,16,1,0.6666666666666666,4
"month","2022-06",30,"33-88",33,88,20,13,2,0.6666666666666666,4
"month","2022-06",30,"44-99",44,99,20,16,2,0.6666666666666666,4
"month","2022-06",30,"00-55",0,55,19,14,1,0.6333333333333333,5
"month","2022-06",30,"24-42",24,42,19,13,2,0.6333333333333333,5
"month","2022-06",30,"48-84",48,84,19,16,1,0.6333333333333333,5
"month","2022-06",30,"49-94",49,94,19,16,1,0.6333333333333333,5
"month","2022-06",30,"08-80",8,80,18,15,3,0.6,6
"month","2022-06",30,"19-91",19,91,18,16,1,0.6,6
"month","2022-06",30,"78-87",78,87,18,12,2,0.6,6
"month","2022-06",30,"05-50",5,50,17,11,2,0.5666666666666667,7
"month","2022-06",30,"07-70",7,70,17,15,0,0.5666666666666667,7
"month","2022-06",30,"11-66",11,66,17,12,3,0.5666666666666667,7
"month","2022-06",30,"25-52",25,52,17,14,3,0.5666666666666667,7
"month","2022-06",30,"27-72",27,72,17,13,2,0.5666666666666667,7
"month","2022-06",30,"34-43",34,43,17,12,2,0.5666666666666667,7
"month","2022-06",30,"45-54",45,54,17,10,2,0.5666666666666667,7
"month","2022-06",30,"12-21",12,21,16,11,2,0.5333333333333333,8
"month","2022-06",30,"16-61",16,61,16,14,0,0.5333333333333333,8
"month","2022-06",30,"18-81",18,81,15,12,2,0.5,9
"month","2022-06",30,"28-82",28,82,15,13,0,0.5,9
"month","2022-06",30,"36-63",36,63,15,13,1,0.5,9
"month","2022-06",30,"67-76",67,76,15,13,1,0.5,9
"month","2022-06",30,"03-30",3,30,14,13,0,0.4666666666666667,10
"month","2022-06",30,"06-60",6,60,14,11,0,0.4666666666666667,10
"month","2022-06",30,"09-90",9,90,14,10,2,0.4666666666666667,10
"month","2022-06",30,"15-51",15,51,14,11,1,0.4666666666666667,10
"month","2022-06",30,"35-53",35,53,14,11,2,0.4666666666666667,10
"month","2022-06",30,"39-93",39,93,14,10,3,0.4666666666666667,10
"month","2022-06",30,"37-73",37,73,13,12,1,0.43333333333333335,11
"month","2022-06",30,"69-96",69,96,13,11,1,0.43333333333333335,11
"month","2022-06",30,"17-71",17,71,12,10,1,0.4,12
"month","2022-06",30,"26-62",26,62,12,9,0,0.4,12
"month","2022-06",30,"56-65",56,65,11,10,0,0.36666666666666664,13
"month","2022-06",30,"68-86",68,86,11,9,0,0.36666666666666664,13
"month","2022-06",30,"02-20",2,20,10,8,1,0.3333333333333333,14
"month","2022-06",30,"14-41",14,41,10,9,0,0.3333333333333333,14
"month","2022-06",30,"38-83",38,83,10,10,0,0.3333333333333333,14
"month","2022-06",30,"79-97",79,97,9,8,1,0.3,15
"month","2022-06",30,"57-75",57,75,8,8,0,0.26666666666666666,16
"month","2022-06",30,"89-98",89,98,8,7,1,0.26666666666666666,16
"month","2022-07",31,"00-55",0,55,30,18,5,0.967741935483871,1
"month","2022-07",31,"01-10",1,10,26,16,7,0.8387096774193549,2
"month","2022-07",31,"13-31",13,31,23,16,2,0.7419354838709677,3
"month","2022-07",31,"14-41",14,41,23,19,3,0.7419354838709677,3
"month","2022-07",31,"39-93",39,93,22,19,3,0.7096774193548387,4
"month","2022-07",31,"46-64",46,64,22,14,3,0.7096774193548387,4
"month","2022-07",31,"35-53",35,53,21,15,2,0.6774193548387096,5
"month","2022-07",31,"69-96",69,96,21,18,1,0.6774193548387096,5
"month","2022-07",31,"02-20",2,20,20,15,2,0.6451612903225806,6
"month","2022-07",31,"05-50",5,50,20,14,3,0.6451612903225806,6
"month","2022-07",31,"06-60",6,60,20,17,1,0.6451612903225806,6
"month","2022-07",31,"09-90",9,90,20,16,1,0.6451612903225806,6
"month","2022-07",31,"27-72",27,72,20,15,4,0.6451612903225806,6
"month","2022-07",31,"38-83",38,83,20,16,1,0.6451612903225806,6
"month","2022-07",31,"04-40",4,40,19,12,2,0.6129032258064516,7
"month","2022-07",31,"23-32",23,32,19,15,1,0.6129032258064516,7
"month","2022-07",31,"49-94",49,94,19,10,4,0.6129032258064516,7
"month","2022-07",31,"58-85",58,85,19,14,4,0.6129032258064516,7
"month","2022-07",31,"16-61",16,61,18,14,3,0.5806451612903226,8
"month","2022-07",31,"17-71",17,71,18,13,3,0.5806451612903226,8
"month","2022-07",31,"25-52",25,52,18,15,1,0.5806451612903226,8
"month","2022-07",31,"26-62",26,62,18,13,2,0.5806451612903226,8
"month","2022-07",31,"45-54",45,54,18,13,2,0.5806451612903226,8
"month","2022-07",31,"19-91",19,91,17,15,2,0.5483870967741935,9
"month","2022-07",31,"57-75",57,75,17,13,2,0.5483870967741935,9
"month","2022-07",31,"59-95",59,95,17,13,1,0.5483870967741935,9
"month","2022-07",31,"79-97",79,97,17,15,2,0.5483870967741935,9
"month","2022-07",31,"89-98",89,98,17,13,2,0.5483870967741935,9
"month","2022-07",31,"15-51",15,51,16,12,1,0.5161290322580645,10
"month","2022-07",31,"18-81",18,81,15,12,1,0.4838709677419355,11
"month","2022-07",31,"37-73",37,73,15,14,0,0.4838709677419355,11
"month","2022-07",31,"48-84",48,84,15,14,1,0.4838709677419355,11
"month","2022-07",31,"78-87",78,87,15,13,0,0.4838709677419355,11
"month","2022-07",31,"11-66",11,66,14,12,1,0.45161290322580644,12
"month","2022-07",31,"29-92",29,92,14,10,1,0.45161290322580644,12
"month","2022-07",31,"44-99",44,99,14,11,1,0.45161290322580644,12
"month","2022-07",31,"03-30",3,30,13,10,1,0.41935483870967744,13
"month","2022-07",31,"07-70",7,70,13,13,0,0.41935483870967744,13
"month","2022-07",31,"24-42",24,42,13,11,1,0.41935483870967744,13
"month","2022-07",31,"67-76",67,76,13,10,2,0.41935483870967744,13
"month","2022-07",31,"68-86",68,86,13,9,1,0.41935483870967744,13
"month","2022-07",31,"12-21",12,21,12,12,0,0.3870967741935484,14
"month","2022-07",31,"22-77",22,77,12,12,0,0.3870967741935484,14
"month","2022-07",31,"08-80",8,80,11,9,2,0.3548387096774194,15
"month","2022-07",31,"33-88",33,88,11,10,1,0.3548387096774194,15
"month","2022-07",31,"34-43",34,43,11,9,2,0.3548387096774194,15
"month","2022-07",31,"56-65",56,65,11,9,1,0.3548387096774194,15
"month","2022-07",31,"28-82",28,82,10,8,1,0.3225806451612903,16
"month","2022-07",31,"47-74",47,74,9,8,0,0.2903225806451613,17
"month","2022-07",31,"36-63",36,63,8,8,0,0.25806451612903225,18
"month","2022-08",31,"34-43",34,43,29,20,6,0.9354838709677419,1
"month","2022-08",31,"13-31",13,31,26,20,4,0.8387096774193549,2
"month","2022-08",31,"03-30",3,30,23,18,4,0.7419354838709677,3
"month","2022-08",31,"19-91",19,91,23,17,2,0.7419354838709677,3
"month","2022-08",31,"57-75",57,75,23,16,3,0.7419354838709677,3
"month","2022-08",31,"07-70",7,70,22,17,2,0.7096774193548387,4
"month","2022-08",31,"29-92",29,92,22,15,5,0.7096774193548387,4
"month","2022-08",31,"37-73",37,73,21,16,3,0.6774193548387096,5
"month","2022-08",31,"47-74",47,74,21,13,4,0.6774193548387096,5
"month","2022-08",31,"12-21",12,21,19,14,2,0.6129032258064516,6
"month","2022-08",31,"15-51",15,51,19,13,2,0.6129032258064516,6
"month","2022-08",31,"25-52",25,52,19,16,2,0.6129032258064516,6
"month","2022-08",31,"26-62",26,62,19,17,0,0.6129032258064516,6
"month","2022-08",31,"39-93",39,93,19,14,1,0.6129032258064516,6
"month","2022-08",31,"04-40",4,40,18,16,1,0.5806451612903226,7
"month","2022-08",31,"05-50",5,50,18,14,3,0.5806451612903226,7
"month","2022-08",31,"17-71",17,71,18,13,3,0.5806451612903226,7
"month","2022-08",31,"22-77",22,77,18,13,2,0.5806451612903226,7
"month","2022-08",31,"24-42",24,42,18,16,1,0.5806451612903226,7
"month","2022-08",31,"09-90",9,90,17,15,1,0.5483870967741935,8
"month","2022-08",31,"18-81",18,81,17,14,2,0.5483870967741935,8
"month","2022-08",31,"33-88",33,88,17,14,1,0.5483870967741935,8
"month","2022-08",31,"44-99",44,99,17,13,3,0.5483870967741935,8
"month","2022-08",31,"06-60",6,60,16,13,1,0.5161290322580645,9
"month","2022-08",31,"28-82",28,82,16,14,1,0.5161290322580645,9
"month","2022-08",31,"59-95",59,95,16,14,1,0.5161290322580645,9
"month","2022-08",31,"89-98",89,98,16,12,2,0.5161290322580645,9
"month","2022-08",31,"01-10",1,10,15,13,0,0.4838709677419355,10
"month","2022-08",31,"02-20",2,20,15,14,0,0.4838709677419355,10
"month","2022-08",31,"35-53",35,53,15,13,0,0.4838709677419355,10
"month","2022-08",31,"58-85",58,85,15,13,2,0.4838709677419355,10
"month","2022-08",31,"67-76",67,76,15,12,3,0.4838709677419355,10
"month","2022-08",31,"08-80",8,80,14,12,1,0.45161290322580644,11
"month","2022-08",31,"11-66",11,66,14,12,1,0.45161290322580644,11
"month","2022-08",31,"14-41",14,41,14,12,1,0.45161290322580644,11
"month","2022-08",31,"27-72",27,72,14,11,2,0.45161290322580644,11
"month","2022-08",31,"36-63",36,63,14,11,2,0.45161290322580644,11
"month","2022-08",31,"38-83",38,83,14,13,1,0.45161290322580644,11
"month","2022-08",31,"56-65",56,65,14,12,1,0.45161290322580644,11
"month","2022-08",31,"69-96",69,96,14,12,1,0.45161290322580644,11
"month","2022-08",31,"78-87",78,87,14,10,1,0.45161290322580644,11
"month","2022-08",31,"00-55",0,55,13,11,0,0.41935483870967744,12
"month","2022-08",31,"23-32",23,32,13,9,2,0.41935483870967744,12
"month","2022-08",31,"45-54",45,54,13,12,1,0.41935483870967744,12
"month","2022-08",31,"46-64",46,64,13,12,1,0.41935483870967744,12
"month","2022-08",31,"48-84",48,84,13,9,1,0.41935483870967744,12
"month","2022-08",31,"68-86",68,86,12,9,1,0.3870967741935484,13
"month","2022-08",31,"49-94",49,94,11,9,1,0.3548387096774194,14
"month","2022-08",31,"79-97",79,97,11,7,1,0.3548387096774194,14
"month","2022-08",31,"16-61",16,61,10,9,0,0.3225806451612903,15
"month","2022-09",30,"17-71",17,71,24,17,5,0.8,1
"month","2022-09",30,"48-84",48,84,24,18,3,0.8,1
"month","2022-09",30,"34-43",34,43,23,17,3,0.7666666666666667,2
"month","2022-09",30,"00-55",0,55,22,17,2,0.7333333333333333,3
"month","2022-09",30,"04-40",4,40,22,14,5,0.7333333333333333,3
"month","2022-09",30,"26-62",26,62,22,17,3,0.7333333333333333,3
"month","2022-09",30,"05-50",5,50,21,16,3,0.7,4
"month","2022-09",30,"67-76",67,76,21,15,4,0.7,4
"month","2022-09",30,"68-86",68,86,21,14,2,0.7,4
"month","2022-09",30,"11-66",11,66,20,14,5,0.6666666666666666,5
"month","2022-09",30,"29-92",29,92,20,14,4,0.6666666666666666,5
"month","2022-09",30,"49-94",49,94,20,14,0,0.6666666666666666,5
"month","2022-09",30,"56-65",56,65,20,16,3,0.6666666666666666,5
"month","2022-09",30,"02-20",2,20,19,14,3,0.6333333333333333,6
"month","2022-09",30,"38-83",38,83,19,13,4,0.6333333333333333,6
"month","2022-09",30,"33-88",33,88,18,15,1,0.6,7
"month","2022-09",30,"35-53",35,53,18,16,1,0.6,7
"month","2022-09",30,"46-64",46,64,18,14,3,0.6,7
"month","2022-09",30,"01-10",1,10,17,13,3,0.5666666666666667,8
"month","2022-09",30,"09-90",9,90,17,13,2,0.5666666666666667,8
"month","2022-09",30,"16-61",16,61,17,12,0,0.5666666666666667,8
"month","2022-09",30,"23-32",23,32,17,13,1,0.5666666666666667,8
"month","2022-09",30,"24-42",24,42,17,15,2,0.5666666666666667,8
"month","2022-09",30,"27-72",27,72,17,13,2,0.5666666666666667,8
"month","2022-09",30,"36-63",36,63,17,13,3,0.5666666666666667,8
"month","2022-09",30,"08-80",8,80,16,12,1,0.5333333333333333,9
"month","2022-09",30,"12-21",12,21,16,14,1,0.5333333333333333,9
"month","2022-09",30,"22-77",22,77,16,13,3,0.5333333333333333,9
"month","2022-09",30,"47-74",47,74,16,13,2,0.5333333333333333,9
"month","2022-09",30,"78-87",78,87,16,14,0,0.5333333333333333,9
"month","2022-09",30,"07-70",7,70,15,11,2,0.5,10
"month","2022-09",30,"15-51",15,51,15,13,1,0.5,10
"month","2022-09",30,"28-82",28,82,15,8,4,0.5,10
"month","2022-09",30,"06-60",6,60,14,13,1,0.4666666666666667,11
"month","2022-09",30,"37-73",37,73,14,11,0,0.4666666666666667,11
"month","2022-09",30,"39-93",39,93,14,11,1,0.4666666666666667,11
"month","2022-09",30,"18-81",18,81,13,11,2,0.43333333333333335,12
"month","2022-09",30,"44-99",44,99,13,8,1,0.43333333333333335,12
"month","2022-09",30,"45-54",45,54,13,12,1,0.43333333333333335,12
"month","2022-09",30,"69-96",69,96,13,11,2,0.43333333333333335,12
"month","2022-09",30,"13-31",13,31,12,11,1,0.4,13
"month","2022-09",30,"14-41",14,41,12,10,2,0.4,13
"month","2022-09",30,"59-95",59,95,12,10,1,0.4,13
"month","2022-09",30,"03-30",3,30,11,10,0,0.36666666666666664,14
"month","2022-09",30,"58-85",58,85,11,9,0,0.36666666666666664,14
"month","2022-09",30,"57-75",57,75,10,8,1,0.3333333333333333,15
"month","2022-09",30,"89-98",89,98,10,10,0,0.3333333333333333,15
"month","2022-09",30,"19-91",19,91,9,7,0,0.3,16
"month","2022-09",30,"79-97",79,97,8,7,0,0.26666666666666666,17
"month","2022-09",30,"25-52",25,52,5,5,0,0.16666666666666666,18
"month","2022-10",31,"19-91",19,91,24,18,4,0.7741935483870968,1
"month","2022-10",31,"69-96",69,96,23,15,3,0.7419354838709677,2
"month","2022-10",31,"29-92",29,92,22,15,5,0.7096774193548387,3
"month","2022-10",31,"04-40",4,40,21,17,4,0.6774193548387096,4
"month","2022-10",31,"07-70",7,70,21,14,4,0.6774193548387096,4
"month","2022-10",31,"26-62",26,62,21,16,3,0.6774193548387096,4
"month","2022-10",31,"67-76",67,76,21,16,3,0.6774193548387096,4
"month","2022-10",31,"12-21",12,21,20,16,3,0.6451612903225806,5
"month","2022-10",31,"13-31",13,31,20,19,1,0.6451612903225806,5
"month","2022-10",31,"14-41",14,41,20,14,2,0.6451612903225806,5
"month","2022-10",31,"44-99",44,99,20,14,2,0.6451612903225806,5
"month","2022-10",31,"68-86",68,86,20,13,3,0.6451612903225806,5
"month","2022-10",31,"78-87",78,87,20,14,3,0.6451612903225806,5
"month","2022-10",31,"01-10",1,10,19,16,2,0.6129032258064516,6
"month","2022-10",31,"15-51",15,51,19,14,1,0.6129032258064516,6
"month","2022-10",31,"22-77",22,77,19,16,2,0.6129032258064516,6
"month","2022-10",31,"47-74",47,74,19,14,3,0.6129032258064516,6
"month","2022-10",31,"59-95",59,95,19,16,0,0.6129032258064516,6
"month","2022-10",31,"00-55",0,55,18,14,2,0.5806451612903226,7
"month","2022-10",31,"11-66",11,66,18,14,2,0.5806451612903226,7
"month","2022-10",31,"48-84",48,84,18,16,0,0.5806451612903226,7
"month","2022-10",31,"49-94",49,94,18,13,1,0.5806451612903226,7
"month","2022-10",31,"02-20",2,20,17,13,2,0.5483870967741935,8
"month","2022-10",31,"46-64",46,64,17,14,1,0.5483870967741935,8
"month","2022-10",31,"79-97",79,97,17,13,4,0.5483870967741935,8
"month","2022-10",31,"03-30",3,30,16,11,1,0.5161290322580645,9
"month","2022-10",31,"16-61",16,61,16,11,2,0.5161290322580645,9
"month","2022-10",31,"24-42",24,42,16,9,2,0.5161290322580645,9
"month","2022-10",31,"25-52",25,52,16,15,1,0.5161290322580645,9
"month","2022-10",31,"56-65",56,65,16,15,0,0.5161290322580645,9
"month","2022-10",31,"89-98",89,98,16,14,1,0.5161290322580645,9
"month","2022-10",31,"05-50",5,50,15,13,1,0.4838709677419355,10
"month","2022-10",31,"18-81",18,81,15,13,1,0.4838709677419355,10
"month","2022-10",31,"34-43",34,43,15,12,2,0.4838709677419355,10
"month","2022-10",31,"39-93",39,93,15,10,1,0.4838709677419355,10
"month","2022-10",31,"45-54",45,54,15,11,1,0.4838709677419355,10
"month","2022-10",31,"58-85",58,85,15,13,1,0.4838709677419355,10
"month","2022-10",31,"09-90",9,90,14,12,0,0.45161290322580644,11
"month","2022-10",31,"17-71",17,71,14,11,2,0.45161290322580644,11
"month","2022-10",31,"27-72",27,72,14,12,1,0.45161290322580644,11
"month","2022-10",31,"35-53",35,53,14,12,1,0.45161290322580644,11
"month","2022-10",31,"38-83",38,83,14,12,1,0.45161290322580644,11
"month","2022-10",31,"28-82",28,82,13,11,2,0.41935483870967744,12
"month","2022-10",31,"57-75",57,75,13,10,1,0.41935483870967744,12
"month","2022-10",31,"08-80",8,80,12,10,1,0.3870967741935484,13
"month","2022-10",31,"36-63",36,63,12,9,3,0.3870967741935484,13
"month","2022-10",31,"23-32",23,32,11,11,0,0.3548387096774194,14
"month","2022-10",31,"33-88",33,88,11,11,0,0.3548387096774194,14
"month","2022-10",31,"37-73",37,73,11,8,1,0.3548387096774194,14
"month","2022-10",31,"06-60",6,60,7,7,0,0.22580645161290322,15
"month","2022-11",30,"67-76",67,76,26,19,3,0.8666666666666667,1
"month","2022-11",30,"07-70",7,70,24,16,3,0.8,2
"month","2022-11",30,"12-21",12,21,24,15,4,0.8,2
"month","2022-11",30,"46-64",46,64,22,17,2,0.7333333333333333,3
"month","2022-11",30,"00-55",0,55,21,12,3,0.7,4
"month","2022-11",30,"03-30",3,30,21,18,0,0.7,4
"month","2022-11",30,"11-66",11,66,21,18,2,0.7,4
"month","2022-11",30,"34-43",34,43,21,16,3,0.7,4
"month","2022-11",30,"05-50",5,50,20,14,3,0.6666666666666666,5
"month","2022-11",30,"14-41",14,41,20,13,3,0.6666666666666666,5
"month","2022-11",30,"24-42",24,42,20,16,0,0.6666666666666666,5
"month","2022-11",30,"69-96",69,96,20,16,1,0.6666666666666666,5
"month","2022-11",30,"78-87",78,87,20,14,2,0.6666666666666666,5
"month","2022-11",30,"02-20",2,20,19,13,3,0.6333333333333333,6
"month","2022-11",30,"13-31",13,31,19,13,3,0.6333333333333333,6
"month","2022-11",30,"28-82",28,82,19,15,1,0.6333333333333333,6
"month","2022-11",30,"38-83",38,83,19,14,2,0.6333333333333333,6
"month","2022-11",30,"09-90",9,90,18,12,2,0.6,7
"month","2022-11",30,"57-75",57,75,17,14,2,0.5666666666666667,8
"month","2022-11",30,"04-40",4,40,16,13,0,0.5333333333333333,9
"month","2022-11",30,"19-91",19,91,16,14,0,0.5333333333333333,9
"month","2022-11",30,"23-32",23,32,16,13,1,0.5333333333333333,9
"month","2022-11",30,"25-52",25,52,16,10,2,0.5333333333333333,9
"month","2022-11",30,"26-62",26,62,16,14,1,0.5333333333333333,9
"month","2022-11",30,"35-53",35,53,16,13,0,0.5333333333333333,9
"month","2022-11",30,"08-80",8,80,15,14,1,0.5,10
"month","2022-11",30,"15-51",15,51,15,11,4,0.5,10
"month","2022-11",30,"16-61",16,61,15,15,0,0.5,10
"month","2022-11",30,"37-73",37,73,15,11,2,0.5,10
"month","2022-11",30,"79-97",79,97,15,11,2,0.5,10
"month","2022-11",30,"89-98",89,98,15,13,1,0.5,10
"month","2022-11",30,"06-60",6,60,14,11,2,0.4666666666666667,11
"month","2022-11",30,"29-92",29,92,14,14,0,0.4666666666666667,11
"month","2022-11",30,"36-63",36,63,14,11,0,0.4666666666666667,11
"month","2022-11",30,"47-74",47,74,14,11,0,0.4666666666666667,11
"month","2022-11",30,"59-95",59,95,14,12,0,0.4666666666666667,11
"month","2022-11",30,"17-71",17,71,13,12,0,0.43333333333333335,12
"month","2022-11",30,"22-77",22,77,13,12,0,0.43333333333333335,12
"month","2022-11",30,"33-88",33,88,13,12,0,0.43333333333333335,12
"month","2022-11",30,"44-99",44,99,13,12,1,0.43333333333333335,12
"month","2022-11",30,"56-65",56,65,13,10,2,0.43333333333333335,12
"month","2022-11",30,"39-93",39,93,12,10,1,0.4,13
"month","2022-11",30,"48-84",48,84,12,9,1,0.4,13
"month","2022-11",30,"49-94",49,94,12,12,0,0.4,13
"month","2022-11",30,"58-85",58,85,12,11,0,0.4,13
"month","2022-11",30,"27-72",27,72,11,10,1,0.36666666666666664,14
"month","2022-11",30,"45-54",45,54,11,8,1,0.36666666666666664,14
"month","2022-11",30,"01-10",1,10,10,9,1,0.3333333333333333,15
"month","2022-11",30,"18-81",18,81,10,9,1,0.3333333333333333,15
"month","2022-11",30,"68-86",68,86,8,6,0,0.26666666666666666,16
"month","2022-12",31,"28-82",28,82,28,19,5,0.9032258064516129,1
"month","2022-12",31,"38-83",38,83,24,18,3,0.7741935483870968,2
"month","2022-12",31,"33-88",33,88,23,13,4,0.7419354838709677,3
"month","2022-12",31,"06-60",6,60,22,18,2,0.7096774193548387,4
"month","2022-12",31,"46-64",46,64,22,17,3,0.7096774193548387,4
"month","2022-12",31,"15-51",15,51,20,16,3,0.6451612903225806,5
"month","2022-12",31,"17-71",17,71,20,14,3,0.6451612903225806,5
"month","2022-12",31,"56-65",56,65,20,17,2,0.6451612903225806,5
"month","2022-12",31,"58-85",58,85,20,15,1,0.6451612903225806,5
"month","2022-12",31,"12-21",12,21,19,15,2,0.6129032258064516,6
"month","2022-12",31,"27-72",27,72,19,15,3,0.6129032258064516,6
"month","2022-12",31,"29-92",29,92,19,14,2,0.6129032258064516,6
"month","2022-12",31,"37-73",37,73,19,14,0,0.6129032258064516,6
"month","2022-12",31,"45-54",45,54,19,14,1,0.6129032258064516,6
"month","2022-12",31,"59-95",59,95,19,13,3,0.6129032258064516,6
"month","2022-12",31,"02-20",2,20,18,14,0,0.5806451612903226,7
"month","2022-12",31,"07-70",7,70,18,12,2,0.5806451612903226,7
"month","2022-12",31,"24-42",24,42,18,12,3,0.5806451612903226,7
"month","2022-12",31,"26-62",26,62,18,14,3,0.5806451612903226,7
"month","2022-12",31,"36-63",36,63,18,12,4,0.5806451612903226,7
"month","2022-12",31,"39-93",39,93,18,14,2,0.5806451612903226,7
"month","2022-12",31,"44-99",44,99,18,12,1,0.5806451612903226,7
"month","2022-12",31,"01-10",1,10,17,13,3,0.5483870967741935,8
"month","2022-12",31,"08-80",8,80,17,15,0,0.5483870967741935,8
"month","2022-12",31,"18-81",18,81,17,14,3,0.5483870967741935,8
"month","2022-12",31,"19-91",19,91,17,14,2,0.5483870967741935,8
"month","2022-12",31,"34-43",34,43,17,12,4,0.5483870967741935,8
"month","2022-12",31,"79-97",79,97,17,13,1,0.5483870967741935,8
"month","2022-12",31,"03-30",3,30,16,14,2,0.5161290322580645,9
"month","2022-12",31,"16-61",16,61,16,14,1,0.5161290322580645,9
"month","2022-12",31,"67-76",67,76,16,12,1,0.5161290322580645,9
"month","2022-12",31,"68-86",68,86,16,13,2,0.5161290322580645,9
"month","2022-12",31,"89-98",89,98,16,10,2,0.5161290322580645,9
"month","2022-12",31,"09-90",9,90,15,14,1,0.4838709677419355,10
"month","2022-12",31,"14-41",14,41,15,12,2,0.4838709677419355,10
"month","2022-12",31,"25-52",25,52,15,13,1,0.4838709677419355,10
"month","2022-12",31,"78-87",78,87,15,12,1,0.4838709677419355,10
"month","2022-12",31,"00-55",0,55,14,12,0,0.45161290322580644,11
"month","2022-12",31,"13-31",13,31,14,10,1,0.45161290322580644,11
"month","2022-12",31,"23-32",23,32,14,12,0,0.45161290322580644,11
"month","2022-12",31,"05-50",5,50,13,9,1,0.41935483870967744,12
"month","2022-12",31,"35-53",35,53,13,11,1,0.41935483870967744,12
"month","2022-12",31,"47-74",47,74,13,11,1,0.41935483870967744,12
"month","2022-12",31,"69-96",69,96,13,13,0,0.41935483870967744,12
"month","2022-12",31,"04-40",4,40,12,11,1,0.3870967741935484,13
"month","2022-12",31,"22-77",22,77,11,10,1,0.3548387096774194,14
"month","2022-12",31,"57-75",57,75,11,10,1,0.3548387096774194,14
"month","2022-12",31,"49-94",49,94,10,9,1,0.3225806451612903,15
"month","2022-12",31,"11-66",11,66,9,8,0,0.2903225806451613,16
"month","2022-12",31,"48-84",48,84,9,8,0,0.2903225806451613,16
"month","2023-01",27,"57-75",57,75,23,15,3,0.8518518518518519,1
"month","2023-01",27,"79-97",79,97,22,16,2,0.8148148148148148,2
"month","2023-01",27,"04-40",4,40,20,13,3,0.7407407407407407,3
"month","2023-01",27,"34-43",34,43,20,14,1,0.7407407407407407,3
"month","2023-01",27,"01-10",1,10,19,15,3,0.7037037037037037,4
"month","2023-01",27,"24-42",24,42,19,16,1,0.7037037037037037,4
"month","2023-01",27,"35-53",35,53,19,13,2,0.7037037037037037,4
"month","2023-01",27,"16-61",16,61,18,12,3,0.6666666666666666,5
"month","2023-01",27,"18-81",18,81,18,14,1,0.6666666666666666,5
"month","2023-01",27,"38-83",38,83,18,15,1,0.6666666666666666,5
"month","2023-01",27,"49-94",49,94,18,14,4,0.6666666666666666,5
"month","2023-01",27,"56-65",56,65,18,14,0,0.6666666666666666,5
"month","2023-01",27,"00-55",0,55,17,13,2,0.6296296296296297,6
"month","2023-01",27,"11-66",11,66,17,15,1,0.6296296296296297,6
"month","2023-01",27,"48-84",48,84,17,12,3,0.6296296296296297,6
"month","2023-01",27,"07-70",7,70,16,12,1,0.5925925925925926,7
"month","2023-01",27,"13-31",13,31,16,13,0,0.5925925925925926,7
"month","2023-01",27,"25-52",25,52,16,13,2,0.5925925925925926,7
"month","2023-01",27,"28-82",28,82,16,14,2,0.5925925925925926,7
"month","2023-01",27,"59-95",59,95,16,13,0,0.5925925925925926,7
"month","2023-01",27,"12-21",12,21,15,13,1,0.5555555555555556,8
"month","2023-01",27,"19-91",19,91,15,11,2,0.5555555555555556,8
"month","2023-01",27,"22-77",22,77,15,11,3,0.5555555555555556,8
"month","2023-01",27,"23-32",23,32,15,11,2,0.5555555555555556,8
"month","2023-01",27,"46-64",46,64,15,10,3,0.5555555555555556,8
"month","2023-01",27,"69-96",69,96,15,15,0,0.5555555555555556,8
"month","2023-01",27,"02-20",2,20,14,11,1,0.5185185185185185,9
"month","2023-01",27,"05-50",5,50,14,10,2,0.5185185185185185,9
"month","2023-01",27,"26-62",26,62,14,11,0,0.5185185185185185,9
"month","2023-01",27,"29-92",29,92,14,11,1,0.5185185185185185,9
"month","2023-01",27,"68-86",68,86,14,12,1,0.5185185185185185,9
"month","2023-01",27,"15-51",15,51,13,10,1,0.48148148148148145,10
"month","2023-01",27,"45-54",45,54,13,11,1,0.48148148148148145,10
"month","2023-01",27,"47-74",47,74,13,11,1,0.48148148148148145,10
"month","2023-01",27,"03-30",3,30,12,11,1,0.4444444444444444,11
"month","2023-01",27,"08-80",8,80,12,11,1,0.4444444444444444,11
"month","2023-01",27,"44-99",44,99,12,10,2,0.4444444444444444,11
"month","2023-01",27,"78-87",78,87,12,10,0,0.4444444444444444,11
"month","2023-01",27,"89-98",89,98,12,10,2,0.4444444444444444,11
"month","2023-01",27,"06-60",6,60,11,11,0,0.4074074074074074,12
"month","2023-01",27,"14-41",14,41,11,10,1,0.4074074074074074,12
"month","2023-01",27,"37-73",37,73,11,8,2,0.4074074074074074,12
"month","2023-01",27,"39-93",39,93,11,10,1,0.4074074074074074,12
"month","2023-01",27,"67-76",67,76,11,9,0,0.4074074074074074,12
"month","2023-01",27,"36-63",36,63,10,8,1,0.37037037037037035,13
"month","2023-01",27,"58-85",58,85,10,9,1,0.37037037037037035,13
"month","2023-01",27,"33-88",33,88,9,7,0,0.3333333333333333,14
"month","2023-01",27,"17-71",17,71,8,7,0,0.2962962962962963,15
"month","2023-01",27,"27-72",27,72,8,8,0,0.2962962962962963,15
"month","2023-01",27,"09-90",9,90,7,5,2,0.25925925925925924,16
"month","2023-02",28,"04-40",4,40,27,18,3,0.9642857142857143,1
"month","2023-02",28,"09-90",9,90,23,18,2,0.8214285714285714,2
"month","2023-02",28,"16-61",16,61,23,15,4,0.8214285714285714,2
"month","2023-02",28,"34-43",34,43,21,12,5,0.75,3
"month","2023-02",28,"79-97",79,97,21,15,2,0.75,3
"month","2023-02",28,"06-60",6,60,20,15,3,0.7142857142857143,4
"month","2023-02",28,"14-41",14,41,20,13,1,0.7142857142857143,4
"month","2023-02",28,"44-99",44,99,20,15,3,0.7142857142857143,4
"month","2023-02",28,"47-74",47,74,20,15,3,0.7142857142857143,4
"month","2023-02",28,"56-65",56,65,20,16,0,0.7142857142857143,4
"month","2023-02",28,"17-71",17,71,19,14,1,0.6785714285714286,5
"month","2023-02",28,"35-53",35,53,19,15,1,0.6785714285714286,5
"month","2023-02",28,"01-10",1,10,18,12,2,0.6428571428571429,6
"month","2023-02",28,"49-94",49,94,18,13,2,0.6428571428571429,6
"month","2023-02",28,"68-86",68,86,18,13,2,0.6428571428571429,6
"month","2023-02",28,"33-88",33,88,17,14,3,0.6071428571428571,7
"month","2023-02",28,"19-91",19,91,16,11,1,0.5714285714285714,8
"month","2023-02",28,"38-83",38,83,16,14,1,0.5714285714285714,8
"month","2023-02",28,"45-54",45,54,16,13,2,0.5714285714285714,8
"month","2023-02",28,"46-64",46,64,16,13,1,0.5714285714285714,8
"month","2023-02",28,"58-85",58,85,16,12,2,0.5714285714285714,8
"month","2023-02",28,"78-87",78,87,16,12,2,0.5714285714285714,8
"month","2023-02",28,"08-80",8,80,15,12,1,0.5357142857142857,9
"month","2023-02",28,"11-66",11,66,15,12,3,0.5357142857142857,9
"month","2023-02",28,"13-31",13,31,15,12,1,0.5357142857142857,9
"month","2023-02",28,"29-92",29,92,15,11,2,0.5357142857142857,9
"month","2023-02",28,"39-93",39,93,15,11,3,0.5357142857142857,9
"month","2023-02",28,"89-98",89,98,15,13,0,0.5357142857142857,9
"month","2023-02",28,"24-42",24,42,14,13,1,0.5,10
"month","2023-02",28,"27-72",27,72,14,11,1,0.5,10
"month","2023-02",28,"28-82",28,82,14,11,0,0.5,10
"month","2023-02",28,"36-63",36,63,14,14,0,0.5,10
"month","2023-02",28,"00-55",0,55,13,10,2,0.4642857142857143,11
"month","2023-02",28,"02-20",2,20,13,11,0,0.4642857142857143,11
"month","2023-02",28,"03-30",3,30,13,9,1,0.4642857142857143,11
"month","2023-02",28,"15-51",15,51,13,9,2,0.4642857142857143,11
"month","2023-02",28,"26-62",26,62,13,10,0,0.4642857142857143,11
"month","2023-02",28,"48-84",48,84,12,9,2,0.42857142857142855,12
"month","2023-02",28,"07-70",7,70,11,9,1,0.39285714285714285,13
"month","2023-02",28,"57-75",57,75,11,10,1,0.39285714285714285,13
"month","2023-02",28,"67-76",67,76,11,9,2,0.39285714285714285,13
"month","2023-02",28,"69-96",69,96,11,11,0,0.39285714285714285,13
"month","2023-02",28,"37-73",37,73,10,9,1,0.35714285714285715,14
"month","2023-02",28,"05-50",5,50,9,8,1,0.32142857142857145,15
"month","2023-02",28,"12-21",12,21,9,9,0,0.32142857142857145,15
"month","2023-02",28,"22-77",22,77,9,6,2,0.32142857142857145,15
"month","2023-02",28,"23-32",23,32,9,9,0,0.32142857142857145,15
"month","2023-02",28,"59-95",59,95,9,7,1,0.32142857142857145,15
"month","2023-02",28,"25-52",25,52,8,7,1,0.2857142857142857,16
"month","2023-02",28,"18-81",18,81,6,5,0,0.21428571428571427,17
"month","2023-03",31,"47-74",47,74,26,18,4,0.8387096774193549,1
"month","2023-03",31,"58-85",58,85,25,15,5,0.8064516129032258,2
"month","2023-03",31,"46-64",46,64,23,17,4,0.7419354838709677,3
"month","2023-03",31,"56-65",56,65,23,18,0,0.7419354838709677,3
"month","2023-03",31,"26-62",26,62,22,14,5,0.7096774193548387,4
"month","2023-03",31,"79-97",79,97,22,14,5,0.7096774193548387,4
"month","2023-03",31,"29-92",29,92,21,15,1,0.6774193548387096,5
"month","2023-03",31,"23-32",23,32,20,17,2,0.6451612903225806,6
"month","2023-03",31,"34-43",34,43,20,18,1,0.6451612903225806,6
"month","2023-03",31,"44-99",44,99,20,15,2,0.6451612903225806,6
"month","2023-03",31,"02-20",2,20,19,16,2,0.6129032258064516,7
"month","2023-03",31,"05-50",5,50,19,16,2,0.6129032258064516,7
"month","2023-03",31,"18-81",18,81,19,14,1,0.6129032258064516,7
"month","2023-03",31,"22-77",22,77,19,16,3,0.6129032258064516,7
"month","2023-03",31,"49-94",49,94,19,14,0,0.6129032258064516,7
"month","2023-03",31,"59-95",59,95,19,14,2,0.6129032258064516,7
"month","2023-03",31,"33-88",33,88,18,13,2,0.5806451612903226,8
"month","2023-03",31,"37-73",37,73,18,15,2,0.5806451612903226,8
"month","2023-03",31,"38-83",38,83,18,16,2,0.5806451612903226,8
"month","2023-03",31,"68-86",68,86,18,15,3,0.5806451612903226,8
"month","2023-03",31,"69-96",69,96,18,15,2,0.5806451612903226,8
"month","2023-03",31,"01-10",1,10,17,15,1,0.5483870967741935,9
"month","2023-03",31,"03-30",3,30,17,15,0,0.5483870967741935,9
"month","2023-03",31,"16-61",16,61,17,13,1,0.5483870967741935,9
"month","2023-03",31,"57-75",57,75,17,14,1,0.5483870967741935,9
"month","2023-03",31,"78-87",78,87,17,14,2,0.5483870967741935,9
"month","2023-03",31,"04-40",4,40,16,11,3,0.5161290322580645,10
"month","2023-03",31,"06-60",6,60,16,13,1,0.5161290322580645,10
"month","2023-03",31,"09-90",9,90,16,13,2,0.5161290322580645,10
"month","2023-03",31,"11-66",11,66,16,12,0,0.5161290322580645,10
"month","2023-03",31,"36-63",36,63,16,14,1,0.5161290322580645,10
"month","2023-03",31,"39-93",39,93,16,13,1,0.5161290322580645,10
"month","2023-03",31,"48-84",48,84,16,12,1,0.5161290322580645,10
"month","2023-03",31,"89-98",89,98,16,15,1,0.5161290322580645,10
"month","2023-03",31,"17-71",17,71,15,11,3,0.4838709677419355,11
"month","2023-03",31,"25-52",25,52,15,11,1,0.4838709677419355,11
"month","2023-03",31,"00-55",0,55,14,10,2,0.45161290322580644,12
"month","2023-03",31,"07-70",7,70,14,13,1,0.45161290322580644,12
"month","2023-03",31,"14-41",14,41,14,11,1,0.45161290322580644,12
"month","2023-03",31,"19-91",19,91,14,11,1,0.45161290322580644,12
"month","2023-03",31,"45-54",45,54,14,13,0,0.45161290322580644,12
"month","2023-03",31,"08-80",8,80,13,10,1,0.41935483870967744,13
"month","2023-03",31,"12-21",12,21,13,10,2,0.41935483870967744,13
"month","2023-03",31,"27-72",27,72,13,11,0,0.41935483870967744,13
"month","2023-03",31,"35-53",35,53,13,10,2,0.41935483870967744,13
"month","2023-03",31,"13-31",13,31,11,10,1,0.3548387096774194,14
"month","2023-03",31,"24-42",24,42,11,9,0,0.3548387096774194,14
"month","2023-03",31,"28-82",28,82,9,8,1,0.2903225806451613,15
"month","2023-03",31,"67-76",67,76,9,9,0,0.2903225806451613,15
"month","2023-03",31,"15-51",15,51,6,5,1,0.1935483870967742,16
"month","2023-04",30,"06-60",6,60,22,14,3,0.7333333333333333,1
"month","2023-04",30,"07-70",7,70,22,15,2,0.7333333333333333,1
"month","2023-04",30,"24-42",24,42,22,17,1,0.7333333333333333,1
"month","2023-04",30,"12-21",12,21,21,17,2,0.7,2
"month","2023-04",30,"23-32",23,32,21,13,4,0.7,2
"month","2023-04",30,"39-93",39,93,20,17,1,0.6666666666666666,3
"month","2023-04",30,"69-96",69,96,20,15,2,0.6666666666666666,3
"month","2023-04",30,"05-50",5,50,19,17,0,0.6333333333333333,4
"month","2023-04",30,"17-71",17,71,19,14,1,0.6333333333333333,4
"month","2023-04",30,"19-91",19,91,19,14,3,0.6333333333333333,4
"month","2023-04",30,"35-53",35,53,19,14,2,0.6333333333333333,4
"month","2023-04",30,"44-99",44,99,19,16,1,0.6333333333333333,4
"month","2023-04",30,"48-84",48,84,19,15,1,0.6333333333333333,4
"month","2023-04",30,"57-75",57,75,19,17,1,0.6333333333333333,4
"month","2023-04",30,"00-55",0,55,18,15,3,0.6,5
"month","2023-04",30,"03-30",3,30,18,14,3,0.6,5
"month","2023-04",30,"14-41",14,41,18,12,2,0.6,5
"month","2023-04",30,"33-88",33,88,18,14,1,0.6,5
"month","2023-04",30,"38-83",38,83,18,12,3,0.6,5
"month","2023-04",30,"58-85",58,85,18,13,3,0.6,5
"month","2023-04",30,"68-86",68,86,18,15,2,0.6,5
"month","2023-04",30,"16-61",16,61,17,13,2,0.5666666666666667,6
"month","2023-04",30,"26-62",26,62,17,14,1,0.5666666666666667,6
"month","2023-04",30,"36-63",36,63,17,14,2,0.5666666666666667,6
"month","2023-04",30,"56-65",56,65,17,14,2,0.5666666666666667,6
"month","2023-04",30,"59-95",59,95,17,13,1,0.5666666666666667,6
"month","2023-04",30,"01-10",1,10,16,15,0,0.5333333333333333,7
"month","2023-04",30,"09-90",9,90,16,14,1,0.5333333333333333,7
"month","2023-04",30,"11-66",11,66,16,13,2,0.5333333333333333,7
"month","2023-04",30,"15-51",15,51,16,12,2,0.5333333333333333,7
"month","2023-04",30,"25-52",25,52,16,10,2,0.5333333333333333,7
"month","2023-04",30,"34-43",34,43,16,12,3,0.5333333333333333,7
"month","2023-04",30,"13-31",13,31,15,12,1,0.5,8
"month","2023-04",30,"22-77",22,77,15,11,2,0.5,8
"month","2023-04",30,"29-92",29,92,15,14,0,0.5,8
"month","2023-04",30,"27-72",27,72,14,11,3,0.4666666666666667,9
"month","2023-04",30,"02-20",2,20,13,11,1,0.43333333333333335,10
"month","2023-04",30,"04-40",4,40,13,12,0,0.43333333333333335,10
"month","2023-04",30,"45-54",45,54,13,10,0,0.43333333333333335,10
"month","2023-04",30,"08-80",8,80,12,12,0,0.4,11
"month","2023-04",30,"18-81",18,81,12,10,1,0.4,11
"month","2023-04",30,"46-64",46,64,12,12,0,0.4,11
"month","2023-04",30,"47-74",47,74,12,8,1,0.4,11
"month","2023-04",30,"67-76",67,76,12,11,0,0.4,11
"month","2023-04",30,"79-97",79,97,12,10,0,0.4,11
"month","2023-04",30,"89-98",89,98,12,10,2,0.4,11
"month","2023-04",30,"37-73",37,73,11,9,0,0.36666666666666664,12
"month","2023-04",30,"49-94",49,94,10,9,0,0.3333333333333333,13
"month","2023-04",30,"78-87",78,87,10,8,1,0.3333333333333333,13
"month","2023-04",30,"28-82",28,82,9,7,2,0.3,14
"month","2023-05",31,"67-76",67,76,26,18,5,0.8387096774193549,1
"month","2023-05",31,"56-65",56,65,25,19,1,0.8064516129032258,2
"month","2023-05",31,"16-61",16,61,24,17,4,0.7741935483870968,3
"month","2023-05",31,"24-42",24,42,23,13,4,0.7419354838709677,4
"month","2023-05",31,"08-80",8,80,22,16,1,0.7096774193548387,5
"month","2023-05",31,"19-91",19,91,22,14,4,0.7096774193548387,5
"month","2023-05",31,"48-84",48,84,22,14,2,0.7096774193548387,5
"month","2023-05",31,"78-87",78,87,22,14,3,0.7096774193548387,5
"month","2023-05",31,"12-21",12,21,21,18,1,0.6774193548387096,6
"month","2023-05",31,"26-62",26,62,21,15,3,0.6774193548387096,6
"month","2023-05",31,"00-55",0,55,20,13,2,0.6451612903225806,7
"month","2023-05",31,"27-72",27,72,19,13,4,0.6129032258064516,8
"month","2023-05",31,"34-43",34,43,19,16,1,0.6129032258064516,8
"month","2023-05",31,"36-63",36,63,19,15,2,0.6129032258064516,8
"month","2023-05",31,"49-94",49,94,19,14,2,0.6129032258064516,8
"month","2023-05",31,"79-97",79,97,19,15,1,0.6129032258064516,8
"month","2023-05",31,"06-60",6,60,18,13,3,0.5806451612903226,9
"month","2023-05",31,"18-81",18,81,18,13,4,0.5806451612903226,9
"month","2023-05",31,"13-31",13,31,17,12,3,0.5483870967741935,10
"month","2023-05",31,"14-41",14,41,17,13,2,0.5483870967741935,10
"month","2023-05",31,"04-40",4,40,16,12,3,0.5161290322580645,11
"month","2023-05",31,"07-70",7,70,16,13,1,0.5161290322580645,11
"month","2023-05",31,"15-51",15,51,16,12,2,0.5161290322580645,11
"month","2023-05",31,"17-71",17,71,16,14,1,0.5161290322580645,11
"month","2023-05",31,"35-53",35,53,16,13,1,0.5161290322580645,11
"month","2023-05",31,"38-83",38,83,16,12,1,0.5161290322580645,11
"month","2023-05",31,"39-93",39,93,16,13,2,0.5161290322580645,11
"month","2023-05",31,"45-54",45,54,16,12,3,0.5161290322580645,11
"month","2023-05",31,"02-20",2,20,15,12,1,0.4838709677419355,12
"month","2023-05",31,"03-30",3,30,15,12,1,0.4838709677419355,12
"month","2023-05",31,"09-90",9,90,15,10,2,0.4838709677419355,12
"month","2023-05",31,"37-73",37,73,15,14,0,0.4838709677419355,12
"month","2023-05",31,"44-99",44,99,15,15,0,0.4838709677419355,12
"month","2023-05",31,"59-95",59,95,15,14,0,0.4838709677419355,12
"month","2023-05",31,"23-32",23,32,14,10,0,0.45161290322580644,13
"month","2023-05",31,"25-52",25,52,14,13,1,0.45161290322580644,13
"month","2023-05",31,"28-82",28,82,14,8,1,0.45161290322580644,13
"month","2023-05",31,"46-64",46,64,14,10,3,0.45161290322580644,13
"month","2023-05",31,"68-86",68,86,14,10,1,0.45161290322580644,13
"month","2023-05",31,"69-96",69,96,14,11,2,0.45161290322580644,13
"month","2023-05",31,"01-10",1,10,13,11,1,0.41935483870967744,14
"month","2023-05",31,"05-50",5,50,13,9,2,0.41935483870967744,14
"month","2023-05",31,"11-66",11,66,13,12,1,0.41935483870967744,14
"month","2023-05",31,"22-77",22,77,13,10,1,0.41935483870967744,14
"month","2023-05",31,"33-88",33,88,13,11,2,0.41935483870967744,14
"month","2023-05",31,"47-74",47,74,13,11,2,0.41935483870967744,14
"month","2023-05",31,"57-75",57,75,12,10,1,0.3870967741935484,15
"month","2023-05",31,"58-85",58,85,12,11,0,0.3870967741935484,15
"month","2023-05",31,"89-98",89,98,11,9,1,0.3548387096774194,16
"month","2023-05",31,"29-92",29,92,9,9,0,0.2903225806451613,17
"month","2023-06",30,"07-70",7,70,24,19,3,0.8,1
"month","2023-06",30,"02-20",2,20,23,17,1,0.7666666666666667,2
"month","2023-06",30,"05-50",5,50,23,14,4,0.7666666666666667,2
"month","2023-06",30,"34-43",34,43,23,16,3,0.7666666666666667,2
"month","2023-06",30,"48-84",48,84,23,20,2,0.7666666666666667,2
"month","2023-06",30,"44-99",44,99,22,14,4,0.7333333333333333,3
"month","2023-06",30,"16-61",16,61,20,15,1,0.6666666666666666,4
"month","2023-06",30,"18-81",18,81,20,16,3,0.6666666666666666,4
"month","2023-06",30,"24-42",24,42,20,17,1,0.6666666666666666,4
"month","2023-06",30,"36-63",36,63,20,13,2,0.6666666666666666,4
"month","2023-06",30,"57-75",57,75,20,14,3,0.6666666666666666,4
"month","2023-06",30,"89-98",89,98,20,12,3,0.6666666666666666,4
"month","2023-06",30,"15-51",15,51,19,14,3,0.6333333333333333,5
"month","2023-06",30,"25-52",25,52,19,17,1,0.6333333333333333,5
"month","2023-06",30,"39-93",39,93,19,13,2,0.6333333333333333,5
"month","2023-06",30,"28-82",28,82,18,14,2,0.6,6
"month","2023-06",30,"68-86",68,86,18,15,2,0.6,6
"month","2023-06",30,"26-62",26,62,17,15,0,0.5666666666666667,7
"month","2023-06",30,"33-88",33,88,17,13,2,0.5666666666666667,7
"month","2023-06",30,"37-73",37,73,17,14,1,0.5666666666666667,7
"month","2023-06",30,"79-97",79,97,17,15,1,0.5666666666666667,7
"month","2023-06",30,"06-60",6,60,16,14,1,0.5333333333333333,8
"month","2023-06",30,"11-66",11,66,16,12,3,0.5333333333333333,8
"month","2023-06",30,"19-91",19,91,16,13,1,0.5333333333333333,8
"month","2023-06",30,"22-77",22,77,16,13,1,0.5333333333333333,8
"month","2023-06",30,"38-83",38,83,16,11,2,0.5333333333333333,8
"month","2023-06",30,"46-64",46,64,16,13,1,0.5333333333333333,8
"month","2023-06",30,"59-95",59,95,16,14,2,0.5333333333333333,8
"month","2023-06",30,"69-96",69,96,16,12,3,0.5333333333333333,8
"month","2023-06",30,"13-31",13,31,15,13,2,0.5,9
"month","2023-06",30,"45-54",45,54,15,10,3,0.5,9
"month","2023-06",30,"67-76",67,76,15,12,2,0.5,9
"month","2023-06",30,"03-30",3,30,14,12,2,0.4666666666666667,10
"month","2023-06",30,"27-72",27,72,14,10,3,0.4666666666666667,10
"month","2023-06",30,"47-74",47,74,14,11,1,0.4666666666666667,10
"month","2023-06",30,"49-94",49,94,14,12,1,0.4666666666666667,10
"month","2023-06",30,"58-85",58,85,14,13,1,0.4666666666666667,10
"month","2023-06",30,"78-87",78,87,14,11,2,0.4666666666666667,10
"month","2023-06",30,"00-55",0,55,13,11,1,0.43333333333333335,11
"month","2023-06",30,"14-41",14,41,13,11,1,0.43333333333333335,11
"month","2023-06",30,"17-71",17,71,13,10,1,0.43333333333333335,11
"month","2023-06",30,"29-92",29,92,13,10,1,0.43333333333333335,11
"month","2023-06",30,"09-90",9,90,12,10,0,0.4,12
"month","2023-06",30,"01-10",1,10,11,11,0,0.36666666666666664,13
"month","2023-06",30,"35-53",35,53,11,10,1,0.36666666666666664,13
"month","2023-06",30,"04-40",4,40,10,10,0,0.3333333333333333,14
"month","2023-06",30,"23-32",23,32,10,10,0,0.3333333333333333,14
"month","2023-06",30,"56-65",56,65,10,9,0,0.3333333333333333,14
"month","2023-06",30,"08-80",8,80,9,8,0,0.3,15
"month","2023-06",30,"12-21",12,21,9,8,0,0.3,15
"month","2023-07",31,"06-60",6,60,27,18,4,0.8709677419354839,1
"month","2023-07",31,"24-42",24,42,24,15,2,0.7741935483870968,2
"month","2023-07",31,"08-80",8,80,22,13,3,0.7096774193548387,3
"month","2023-07",31,"38-83",38,83,22,15,3,0.7096774193548387,3
"month","2023-07",31,"16-61",16,61,21,15,2,0.6774193548387096,4
"month","2023-07",31,"05-50",5,50,20,16,1,0.6451612903225806,5
"month","2023-07",31,"19-91",19,91,20,16,1,0.6451612903225806,5
"month","2023-07",31,"26-62",26,62,20,17,1,0.6451612903225806,5
"month","2023-07",31,"46-64",46,64,20,15,3,0.6451612903225806,5
"month","2023-07",31,"59-95",59,95,20,15,0,0.6451612903225806,5
"month","2023-07",31,"09-90",9,90,19,15,0,0.6129032258064516,6
"month","2023-07",31,"25-52",25,52,19,15,0,0.6129032258064516,6
"month","2023-07",31,"49-94",49,94,19,13,3,0.6129032258064516,6
"month","2023-07",31,"69-96",69,96,19,12,2,0.6129032258064516,6
"month","2023-07",31,"78-87",78,87,19,13,3,0.6129032258064516,6
"month","2023-07",31,"27-72",27,72,18,13,1,0.5806451612903226,7
"month","2023-07",31,"29-92",29,92,18,15,2,0.5806451612903226,7
"month","2023-07",31,"34-43",34,43,18,13,3,0.5806451612903226,7
"month","2023-07",31,"57-75",57,75,18,16,1,0.5806451612903226,7
"month","2023-07",31,"12-21",12,21,17,15,1,0.5483870967741935,8
"month","2023-07",31,"35-53",35,53,17,12,1,0.5483870967741935,8
"month","2023-07",31,"37-73",37,73,17,14,1,0.5483870967741935,8
"month","2023-07",31,"39-93",39,93,17,12,2,0.5483870967741935,8
"month","2023-07",31,"01-10",1,10,16,14,1,0.5161290322580645,9
"month","2023-07",31,"02-20",2,20,16,12,0,0.5161290322580645,9
"month","2023-07",31,"13-31",13,31,16,12,3,0.5161290322580645,9
"month","2023-07",31,"18-81",18,81,16,15,1,0.5161290322580645,9
"month","2023-07",31,"22-77",22,77,16,14,0,0.5161290322580645,9
"month","2023-07",31,"67-76",67,76,16,14,2,0.5161290322580645,9
"month","2023-07",31,"89-98",89,98,16,16,0,0.5161290322580645,9
"month","2023-07",31,"03-30",3,30,15,14,1,0.4838709677419355,10
"month","2023-07",31,"04-40",4,40,15,15,0,0.4838709677419355,10
"month","2023-07",31,"17-71",17,71,15,13,1,0.4838709677419355,10
"month","2023-07",31,"28-82",28,82,15,12,1,0.4838709677419355,10
"month","2023-07",31,"56-65",56,65,15,15,0,0.4838709677419355,10
"month","2023-07",31,"58-85",58,85,15,12,2,0.4838709677419355,10
"month","2023-07",31,"79-97",79,97,15,11,1,0.4838709677419355,10
"month","2023-07",31,"11-66",11,66,14,13,0,0.45161290322580644,11
"month","2023-07",31,"15-51",15,51,14,12,0,0.45161290322580644,11
"month","2023-07",31,"23-32",23,32,14,10,2,0.45161290322580644,11
"month","2023-07",31,"36-63",36,63,14,12,1,0.45161290322580644,11
"month","2023-07",31,"45-54",45,54,14,12,1,0.45161290322580644,11
"month","2023-07",31,"47-74",47,74,14,12,0,0.45161290322580644,11
"month","2023-07",31,"48-84",48,84,14,11,2,0.45161290322580644,11
"month","2023-07",31,"68-86",68,86,14,13,0,0.45161290322580644,11
"month","2023-07",31,"33-88",33,88,13,11,2,0.41935483870967744,12
"month","2023-07",31,"14-41",14,41,12,10,1,0.3870967741935484,13
"month","2023-07",31,"00-55",0,55,11,8,2,0.3548387096774194,14
"month","2023-07",31,"07-70",7,70,11,10,1,0.3548387096774194,14
"month","2023-07",31,"44-99",44,99,10,8,0,0.3225806451612903,15
"month","2023-08",31,"26-62",26,62,29,18,4,0.9354838709677419,1
"month","2023-08",31,"08-80",8,80,28,18,4,0.9032258064516129,2
"month","2023-08",31,"15-51",15,51,28,20,5,0.9032258064516129,2
"month","2023-08",31,"03-30",3,30,26,18,3,0.8387096774193549,3
"month","2023-08",31,"37-73",37,73,23,18,5,0.7419354838709677,4
"month","2023-08",31,"27-72",27,72,22,16,5,0.7096774193548387,5
"month","2023-08",31,"48-84",48,84,22,14,4,0.7096774193548387,5
"month","2023-08",31,"68-86",68,86,22,18,2,0.7096774193548387,5
"month","2023-08",31,"17-71",17,71,21,15,2,0.6774193548387096,6
"month","2023-08",31,"79-97",79,97,21,17,2,0.6774193548387096,6
"month","2023-08",31,"00-55",0,55,20,17,1,0.6451612903225806,7
"month","2023-08",31,"34-43",34,43,20,17,1,0.6451612903225806,7
"month","2023-08",31,"57-75",57,75,20,16,2,0.6451612903225806,7
"month","2023-08",31,"78-87",78,87,20,16,2,0.6451612903225806,7
"month","2023-08",31,"04-40",4,40,19,15,3,0.6129032258064516,8
"month","2023-08",31,"47-74",47,74,18,15,2,0.5806451612903226,9
"month","2023-08",31,"67-76",67,76,18,16,1,0.5806451612903226,9
"month","2023-08",31,"02-20",2,20,17,14,1,0.5483870967741935,10
"month","2023-08",31,"22-77",22,77,17,13,4,0.5483870967741935,10
"month","2023-08",31,"56-65",56,65,17,12,1,0.5483870967741935,10
"month","2023-08",31,"07-70",7,70,16,14,1,0.5161290322580645,11
"month","2023-08",31,"11-66",11,66,16,11,1,0.5161290322580645,11
"month","2023-08",31,"23-32",23,32,16,10,2,0.5161290322580645,11
"month","2023-08",31,"28-82",28,82,16,14,1,0.5161290322580645,11
"month","2023-08",31,"89-98",89,98,16,13,2,0.5161290322580645,11
"month","2023-08",31,"05-50",5,50,15,13,0,0.4838709677419355,12
"month","2023-08",31,"16-61",16,61,15,13,1,0.4838709677419355,12
"month","2023-08",31,"29-92",29,92,15,14,1,0.4838709677419355,12
"month","2023-08",31,"01-10",1,10,14,10,1,0.45161290322580644,13
"month","2023-08",31,"25-52",25,52,14,13,1,0.45161290322580644,13
"month","2023-08",31,"36-63",36,63,14,12,0,0.45161290322580644,13
"month","2023-08",31,"39-93",39,93,14,10,3,0.45161290322580644,13
"month","2023-08",31,"44-99",44,99,14,13,0,0.45161290322580644,13
"month","2023-08",31,"45-54",45,54,14,10,2,0.45161290322580644,13
"month","2023-08",31,"59-95",59,95,14,12,0,0.45161290322580644,13
"month","2023-08",31,"09-90",9,90,13,10,2,0.41935483870967744,14
"month","2023-08",31,"12-21",12,21,13,12,0,0.41935483870967744,14
"month","2023-08",31,"13-31",13,31,13,10,1,0.41935483870967744,14
"month","2023-08",31,"14-41",14,41,13,9,1,0.41935483870967744,14
"month","2023-08",31,"18-81",18,81,13,11,0,0.41935483870967744,14
"month","2023-08",31,"19-91",19,91,13,11,2,0.41935483870967744,14
"month","2023-08",31,"33-88",33,88,13,11,1,0.41935483870967744,14
"month","2023-08",31,"35-53",35,53,13,10,1,0.41935483870967744,14
"month","2023-08",31,"46-64",46,64,13,12,0,0.41935483870967744,14
"month","2023-08",31,"69-96",69,96,13,12,1,0.41935483870967744,14
"month","2023-08",31,"38-83",38,83,12,11,1,0.3870967741935484,15
"month","2023-08",31,"49-94",49,94,12,9,2,0.3870967741935484,15
"month","2023-08",31,"58-85",58,85,12,9,3,0.3870967741935484,15
"month","2023-08",31,"06-60",6,60,10,10,0,0.3225806451612903,16
"month","2023-08",31,"24-42",24,42,10,9,0,0.3225806451612903,16
"month","2023-09",30,"79-97",79,97,28,21,3,0.9333333333333333,1
"month","2023-09",30,"11-66",11,66,25,15,3,0.8333333333333334,2
"month","2023-09",30,"05-50",5,50,24,16,3,0.8,3
"month","2023-09",30,"23-32",23,32,23,16,2,0.7666666666666667,4
"month","2023-09",30,"14-41",14,41,22,18,3,0.7333333333333333,5
"month","2023-09",30,"24-42",24,42,22,15,3,0.7333333333333333,5
"month","2023-09",30,"04-40",4,40,20,15,3,0.6666666666666666,6
"month","2023-09",30,"08-80",8,80,20,17,0,0.6666666666666666,6
"month","2023-09",30,"12-21",12,21,19,14,1,0.6333333333333333,7
"month","2023-09",30,"33-88",33,88,19,13,3,0.6333333333333333,7
"month","2023-09",30,"49-94",49,94,19,13,0,0.6333333333333333,7
"month","2023-09",30,"34-43",34,43,18,13,2,0.6,8
"month","2023-09",30,"57-75",57,75,18,15,1,0.6,8
"month","2023-09",30,"01-10",1,10,17,14,2,0.5666666666666667,9
"month","2023-09",30,"03-30",3,30,17,14,1,0.5666666666666667,9
"month","2023-09",30,"29-92",29,92,17,15,1,0.5666666666666667,9
"month","2023-09",30,"36-63",36,63,17,13,3,0.5666666666666667,9
"month","2023-09",30,"68-86",68,86,17,14,1,0.5666666666666667,9
"month","2023-09",30,"69-96",69,96,17,12,1,0.5666666666666667,9
"month","2023-09",30,"07-70",7,70,16,12,2,0.5333333333333333,10
"month","2023-09",30,"15-51",15,51,16,13,1,0.5333333333333333,10
"month","2023-09",30,"25-52",25,52,16,15,1,0.5333333333333333,10
"month","2023-09",30,"26-62",26,62,16,15,0,0.5333333333333333,10
"month","2023-09",30,"27-72",27,72,16,11,2,0.5333333333333333,10
"month","2023-09",30,"39-93",39,93,16,13,2,0.5333333333333333,10
"month","2023-09",30,"46-64",46,64,16,14,1,0.5333333333333333,10
"month","2023-09",30,"48-84",48,84,16,11,3,0.5333333333333333,10
"month","2023-09",30,"02-20",2,20,15,9,3,0.5,11
"month","2023-09",30,"09-90",9,90,15,13,0,0.5,11
"month","2023-09",30,"16-61",16,61,15,11,3,0.5,11
"month","2023-09",30,"19-91",19,91,15,12,1,0.5,11
"month","2023-09",30,"78-87",78,87,15,12,1,0.5,11
"month","2023-09",30,"00-55",0,55,14,14,0,0.4666666666666667,12
"month","2023-09",30,"13-31",13,31,14,12,2,0.4666666666666667,12
"month","2023-09",30,"17-71",17,71,14,12,2,0.4666666666666667,12
"month","2023-09",30,"18-81",18,81,14,12,2,0.4666666666666667,12
"month","2023-09",30,"35-53",35,53,14,12,1,0.4666666666666667,12
"month","2023-09",30,"38-83",38,83,14,12,1,0.4666666666666667,12
"month","2023-09",30,"44-99",44,99,14,11,1,0.4666666666666667,12
"month","2023-09",30,"59-95",59,95,14,11,3,0.4666666666666667,12
"month","2023-09",30,"67-76",67,76,14,11,3,0.4666666666666667,12
"month","2023-09",30,"89-98",89,98,14,11,1,0.4666666666666667,12
"month","2023-09",30,"22-77",22,77,13,12,1,0.43333333333333335,13
"month","2023-09",30,"28-82",28,82,13,11,1,0.43333333333333335,13
"month","2023-09",30,"56-65",56,65,13,10,2,0.43333333333333335,13
"month","2023-09",30,"45-54",45,54,11,9,0,0.36666666666666664,14
"month","2023-09",30,"47-74",47,74,10,9,1,0.3333333333333333,15
"month","2023-09",30,"58-85",58,85,10,10,0,0.3333333333333333,15
"month","2023-09",30,"06-60",6,60,9,8,0,0.3,16
"month","2023-09",30,"37-73",37,73,9,7,1,0.3,16
"month","2023-10",31,"56-65",56,65,27,18,3,0.8709677419354839,1
"month","2023-10",31,"27-72",27,72,25,19,3,0.8064516129032258,2
"month","2023-10",31,"38-83",38,83,24,16,1,0.7741935483870968,3
"month","2023-10",31,"49-94",49,94,24,17,3,0.7741935483870968,3
"month","2023-10",31,"00-55",0,55,22,16,3,0.7096774193548387,4
"month","2023-10",31,"37-73",37,73,22,17,2,0.7096774193548387,4
"month","2023-10",31,"39-93",39,93,22,19,1,0.7096774193548387,4
"month","2023-10",31,"67-76",67,76,22,14,4,0.7096774193548387,4
"month","2023-10",31,"06-60",6,60,21,17,1,0.6774193548387096,5
"month","2023-10",31,"22-77",22,77,20,13,4,0.6451612903225806,6
"month","2023-10",31,"79-97",79,97,20,15,2,0.6451612903225806,6
"month","2023-10",31,"02-20",2,20,19,15,4,0.6129032258064516,7
"month","2023-10",31,"08-80",8,80,19,17,0,0.6129032258064516,7
"month","2023-10",31,"18-81",18,81,19,15,2,0.6129032258064516,7
"month","2023-10",31,"25-52",25,52,19,16,1,0.6129032258064516,7
"month","2023-10",31,"29-92",29,92,19,13,2,0.6129032258064516,7
"month","2023-10",31,"33-88",33,88,19,13,4,0.6129032258064516,7
"month","2023-10",31,"47-74",47,74,19,14,3,0.6129032258064516,7
"month","2023-10",31,"03-30",3,30,18,14,3,0.5806451612903226,8
"month","2023-10",31,"35-53",35,53,18,14,1,0.5806451612903226,8
"month","2023-10",31,"04-40",4,40,17,14,2,0.5483870967741935,9
"month","2023-10",31,"19-91",19,91,17,14,1,0.5483870967741935,9
"month","2023-10",31,"23-32",23,32,17,14,2,0.5483870967741935,9
"month","2023-10",31,"28-82",28,82,17,16,1,0.5483870967741935,9
"month","2023-10",31,"44-99",44,99,17,14,1,0.5483870967741935,9
"month","2023-10",31,"59-95",59,95,17,14,2,0.5483870967741935,9
"month","2023-10",31,"89-98",89,98,17,12,1,0.5483870967741935,9
"month","2023-10",31,"05-50",5,50,16,12,0,0.5161290322580645,10
"month","2023-10",31,"07-70",7,70,16,10,3,0.5161290322580645,10
"month","2023-10",31,"68-86",68,86,16,13,2,0.5161290322580645,10
"month","2023-10",31,"09-90",9,90,15,12,1,0.4838709677419355,11
"month","2023-10",31,"11-66",11,66,15,14,1,0.4838709677419355,11
"month","2023-10",31,"36-63",36,63,15,14,1,0.4838709677419355,11
"month","2023-10",31,"17-71",17,71,14,13,1,0.45161290322580644,12
"month","2023-10",31,"45-54",45,54,14,12,1,0.45161290322580644,12
"month","2023-10",31,"48-84",48,84,14,12,2,0.45161290322580644,12
"month","2023-10",31,"57-75",57,75,14,10,1,0.45161290322580644,12
"month","2023-10",31,"01-10",1,10,13,9,1,0.41935483870967744,13
"month","2023-10",31,"13-31",13,31,13,10,2,0.41935483870967744,13
"month","2023-10",31,"14-41",14,41,13,9,2,0.41935483870967744,13
"month","2023-10",31,"24-42",24,42,13,10,2,0.41935483870967744,13
"month","2023-10",31,"46-64",46,64,13,11,1,0.41935483870967744,13
"month","2023-10",31,"15-51",15,51,12,10,1,0.3870967741935484,14
"month","2023-10",31,"16-61",16,61,12,10,1,0.3870967741935484,14
"month","2023-10",31,"69-96",69,96,12,9,2,0.3870967741935484,14
"month","2023-10",31,"78-87",78,87,12,12,0,0.3870967741935484,14
"month","2023-10",31,"12-21",12,21,11,10,1,0.3548387096774194,15
"month","2023-10",31,"26-62",26,62,11,9,2,0.3548387096774194,15
"month","2023-10",31,"34-43",34,43,10,10,0,0.3225806451612903,16
"month","2023-10",31,"58-85",58,85,6,5,0,0.1935483870967742,17
"month","2023-11",30,"44-99",44,99,27,19,4,0.9,1
"month","2023-11",30,"79-97",79,97,24,18,2,0.8,2
"month","2023-11",30,"01-10",1,10,23,19,3,0.7666666666666667,3
"month","2023-11",30,"07-70",7,70,22,18,2,0.7333333333333333,4
"month","2023-11",30,"26-62",26,62,22,17,3,0.7333333333333333,4
"month","2023-11",30,"28-82",28,82,22,15,3,0.7333333333333333,4
"month","2023-11",30,"29-92",29,92,20,17,1,0.6666666666666666,5
"month","2023-11",30,"36-63",36,63,20,14,2,0.6666666666666666,5
"month","2023-11",30,"69-96",69,96,20,17,2,0.6666666666666666,5
"month","2023-11",30,"35-53",35,53,19,15,3,0.6333333333333333,6
"month","2023-11",30,"13-31",13,31,18,13,1,0.6,7
"month","2023-11",30,"19-91",19,91,18,14,2,0.6,7
"month","2023-11",30,"25-52",25,52,18,14,2,0.6,7
"month","2023-11",30,"89-98",89,98,18,12,2,0.6,7
"month","2023-11",30,"03-30",3,30,17,12,3,0.5666666666666667,8
"month","2023-11",30,"09-90",9,90,17,12,1,0.5666666666666667,8
"month","2023-11",30,"27-72",27,72,17,13,3,0.5666666666666667,8
"month","2023-11",30,"37-73",37,73,17,13,0,0.5666666666666667,8
"month","2023-11",30,"38-83",38,83,17,10,2,0.5666666666666667,8
"month","2023-11",30,"45-54",45,54,17,14,1,0.5666666666666667,8
"month","2023-11",30,"48-84",48,84,17,16,1,0.5666666666666667,8
"month","2023-11",30,"17-71",17,71,16,13,0,0.5333333333333333,9
"month","2023-11",30,"24-42",24,42,16,12,1,0.5333333333333333,9
"month","2023-11",30,"68-86",68,86,16,14,1,0.5333333333333333,9
"month","2023-11",30,"00-55",0,55,15,11,2,0.5,10
"month","2023-11",30,"06-60",6,60,15,11,2,0.5,10
"month","2023-11",30,"12-21",12,21,15,11,2,0.5,10
"month","2023-11",30,"14-41",14,41,15,10,3,0.5,10
"month","2023-11",30,"23-32",23,32,15,11,3,0.5,10
"month","2023-11",30,"34-43",34,43,15,13,0,0.5,10
"month","2023-11",30,"46-64",46,64,15,14,1,0.5,10
"month","2023-11",30,"49-94",49,94,15,10,3,0.5,10
"month","2023-11",30,"56-65",56,65,15,10,1,0.5,10
"month","2023-11",30,"58-85",58,85,15,11,1,0.5,10
"month","2023-11",30,"02-20",2,20,14,12,1,0.4666666666666667,11
"month","2023-11",30,"05-50",5,50,14,12,2,0.4666666666666667,11
"month","2023-11",30,"18-81",18,81,14,12,2,0.4666666666666667,11
"month","2023-11",30,"22-77",22,77,14,12,1,0.4666666666666667,11
"month","2023-11",30,"57-75",57,75,14,12,1,0.4666666666666667,11
"month","2023-11",30,"59-95",59,95,14,10,1,0.4666666666666667,11
"month","2023-11",30,"78-87",78,87,14,11,3,0.4666666666666667,11
"month","2023-11",30,"08-80",8,80,13,11,2,0.43333333333333335,12
"month","2023-11",30,"11-66",11,66,13,12,0,0.43333333333333335,12
"month","2023-11",30,"16-61",16,61,13,10,1,0.43333333333333335,12
"month","2023-11",30,"33-88",33,88,13,10,2,0.43333333333333335,12
"month","2023-11",30,"04-40",4,40,12,11,1,0.4,13
"month","2023-11",30,"47-74",47,74,12,10,1,0.4,13
"month","2023-11",30,"15-51",15,51,10,9,0,0.3333333333333333,14
"month","2023-11",30,"39-93",39,93,10,9,1,0.3333333333333333,14
"month","2023-11",30,"67-76",67,76,8,7,1,0.26666666666666666,15
"month","2023-12",31,"36-63",36,63,28,20,3,0.9032258064516129,1
"month","2023-12",31,"16-61",16,61,25,19,1,0.8064516129032258,2
"month","2023-12",31,"28-82",28,82,21,13,4,0.6774193548387096,3
"month","2023-12",31,"06-60",6,60,20,14,1,0.6451612903225806,4
"month","2023-12",31,"12-21",12,21,20,17,2,0.6451612903225806,4
"month","2023-12",31,"23-32",23,32,20,16,1,0.6451612903225806,4
"month","2023-12",31,"14-41",14,41,19,16,2,0.6129032258064516,5
"month","2023-12",31,"17-71",17,71,19,14,0,0.6129032258064516,5
"month","2023-12",31,"18-81",18,81,19,15,1,0.6129032258064516,5
"month","2023-12",31,"25-52",25,52,19,13,4,0.6129032258064516,5
"month","2023-12",31,"37-73",37,73,19,13,2,0.6129032258064516,5
"month","2023-12",31,"44-99",44,99,19,15,2,0.6129032258064516,5
"month","2023-12",31,"46-64",46,64,19,14,0,0.6129032258064516,5
"month","2023-12",31,"47-74",47,74,19,15,3,0.6129032258064516,5
"month","2023-12",31,"89-98",89,98,19,13,2,0.6129032258064516,5
"month","2023-12",31,"04-40",4,40,18,13,1,0.5806451612903226,6
"month","2023-12",31,"11-66",11,66,18,12,1,0.5806451612903226,6
"month","2023-12",31,"33-88",33,88,18,14,1,0.5806451612903226,6
"month","2023-12",31,"48-84",48,84,18,14,1,0.5806451612903226,6
"month","2023-12",31,"49-94",49,94,18,14,1,0.5806451612903226,6
"month","2023-12",31,"02-20",2,20,17,15,0,0.5483870967741935,7
"month","2023-12",31,"15-51",15,51,17,12,2,0.5483870967741935,7
"month","2023-12",31,"26-62",26,62,17,15,0,0.5483870967741935,7
"month","2023-12",31,"34-43",34,43,17,14,0,0.5483870967741935,7
"month","2023-12",31,"58-85",58,85,17,16,0,0.5483870967741935,7
"month","2023-12",31,"59-95",59,95,17,14,1,0.5483870967741935,7
"month","2023-12",31,"68-86",68,86,17,12,1,0.5483870967741935,7
"month","2023-12",31,"78-87",78,87,17,14,1,0.5483870967741935,7
"month","2023-12",31,"00-55",0,55,16,14,1,0.5161290322580645,8
"month","2023-12",31,"01-10",1,10,16,12,1,0.5161290322580645,8
"month","2023-12",31,"09-90",9,90,16,10,2,0.5161290322580645,8
"month","2023-12",31,"19-91",19,91,16,14,2,0.5161290322580645,8
"month","2023-12",31,"24-42",24,42,16,12,2,0.5161290322580645,8
"month","2023-12",31,"56-65",56,65,16,13,0,0.5161290322580645,8
"month","2023-12",31,"57-75",57,75,16,13,1,0.5161290322580645,8
"month","2023-12",31,"08-80",8,80,15,9,3,0.4838709677419355,9
"month","2023-12",31,"13-31",13,31,15,13,0,0.4838709677419355,9
"month","2023-12",31,"29-92",29,92,15,14,0,0.4838709677419355,9
"month","2023-12",31,"38-83",38,83,15,9,3,0.4838709677419355,9
"month","2023-12",31,"45-54",45,54,15,12,1,0.4838709677419355,9
"month","2023-12",31,"07-70",7,70,14,13,1,0.45161290322580644,10
"month","2023-12",31,"27-72",27,72,14,10,2,0.45161290322580644,10
"month","2023-12",31,"79-97",79,97,14,11,1,0.45161290322580644,10
"month","2023-12",31,"03-30",3,30,13,10,1,0.41935483870967744,11
"month","2023-12",31,"39-93",39,93,13,10,3,0.41935483870967744,11
"month","2023-12",31,"67-76",67,76,12,12,0,0.3870967741935484,12
"month","2023-12",31,"69-96",69,96,11,8,2,0.3548387096774194,13
"month","2023-12",31,"22-77",22,77,10,9,1,0.3225806451612903,14
"month","2023-12",31,"05-50",5,50,9,8,0,0.2903225806451613,15
"month","2023-12",31,"35-53",35,53,9,9,0,0.2903225806451613,15
"month","2024-01",31,"35-53",35,53,25,19,2,0.8064516129032258,1
"month","2024-01",31,"56-65",56,65,25,17,5,0.8064516129032258,1
"month","2024-01",31,"12-21",12,21,23,17,1,0.7419354838709677,2
"month","2024-01",31,"14-41",14,41,22,16,4,0.7096774193548387,3
"month","2024-01",31,"17-71",17,71,22,18,1,0.7096774193548387,3
"month","2024-01",31,"47-74",47,74,22,16,3,0.7096774193548387,3
"month","2024-01",31,"57-75",57,75,22,17,2,0.7096774193548387,3
"month","2024-01",31,"11-66",11,66,21,17,1,0.6774193548387096,4
"month","2024-01",31,"18-81",18,81,21,16,2,0.6774193548387096,4
"month","2024-01",31,"13-31",13,31,20,17,3,0.6451612903225806,5
"month","2024-01",31,"16-61",16,61,20,18,1,0.6451612903225806,5
"month","2024-01",31,"23-32",23,32,20,18,1,0.6451612903225806,5
"month","2024-01",31,"34-43",34,43,20,18,0,0.6451612903225806,5
"month","2024-01",31,"36-63",36,63,20,12,5,0.6451612903225806,5
"month","2024-01",31,"69-96",69,96,20,14,3,0.6451612903225806,5
"month","2024-01",31,"09-90",9,90,19,12,4,0.6129032258064516,6
"month","2024-01",31,"19-91",19,91,19,14,2,0.6129032258064516,6
"month","2024-01",31,"59-95",59,95,19,17,2,0.6129032258064516,6
"month","2024-01",31,"02-20",2,20,18,15,2,0.5806451612903226,7
"month","2024-01",31,"15-51",15,51,18,13,1,0.5806451612903226,7
"month","2024-01",31,"68-86",68,86,18,16,1,0.5806451612903226,7
"month","2024-01",31,"79-97",79,97,18,16,2,0.5806451612903226,7
"month","2024-01",31,"00-55",0,55,17,13,1,0.5483870967741935,8
"month","2024-01",31,"38-83",38,83,17,13,2,0.5483870967741935,8
"month","2024-01",31,"39-93",39,93,17,10,4,0.5483870967741935,8
"month","2024-01",31,"44-99",44,99,17,14,3,0.5483870967741935,8
"month","2024-01",31,"03-30",3,30,16,12,1,0.5161290322580645,9
"month","2024-01",31,"25-52",25,52,16,14,1,0.5161290322580645,9
"month","2024-01",31,"27-72",27,72,16,12,2,0.5161290322580645,9
"month","2024-01",31,"49-94",49,94,16,13,2,0.5161290322580645,9
"month","2024-01",31,"67-76",67,76,16,12,2,0.5161290322580645,9
"month","2024-01",31,"37-73",37,73,15,11,1,0.4838709677419355,10
"month","2024-01",31,"58-85",58,85,15,12,1,0.4838709677419355,10
"month","2024-01",31,"78-87",78,87,15,11,3,0.4838709677419355,10
"month","2024-01",31,"89-98",89,98,15,10,2,0.4838709677419355,10
"month","2024-01",31,"01-10",1,10,14,13,1,0.45161290322580644,11
"month","2024-01",31,"24-42",24,42,14,12,1,0.45161290322580644,11
"month","2024-01",31,"28-82",28,82,14,12,1,0.45161290322580644,11
"month","2024-01",31,"48-84",48,84,14,12,1,0.45161290322580644,11
"month","2024-01",31,"04-40",4,40,13,10,0,0.41935483870967744,12
"month","2024-01",31,"26-62",26,62,13,11,0,0.41935483870967744,12
"month","2024-01",31,"33-88",33,88,13,10,3,0.41935483870967744,12
"month","2024-01",31,"45-54",45,54,13,12,0,0.41935483870967744,12
"month","2024-01",31,"46-64",46,64,13,12,0,0.41935483870967744,12
"month","2024-01",31,"22-77",22,77,12,10,0,0.3870967741935484,13
"month","2024-01",31,"06-60",6,60,11,10,1,0.3548387096774194,14
"month","2024-01",31,"07-70",7,70,10,8,0,0.3225806451612903,15
"month","2024-01",31,"05-50",5,50,9,8,1,0.2903225806451613,16
"month","2024-01",31,"08-80",8,80,7,7,0,0.22580645161290322,17
"month","2024-01",31,"29-92",29,92,7,6,0,0.22580645161290322,17
"month","2024-02",25,"67-76",67,76,21,13,5,0.84,1
"month","2024-02",25,"24-42",24,42,20,13,3,0.8,2
"month","2024-02",25,"14-41",14,41,19,13,3,0.76,3
"month","2024-02",25,"26-62",26,62,19,12,2,0.76,3
"month","2024-02",25,"33-88",33,88,19,12,3,0.76,3
"month","2024-02",25,"02-20",2,20,18,14,3,0.72,4
"month","2024-02",25,"04-40",4,40,18,12,3,0.72,4
"month","2024-02",25,"16-61",16,61,18,14,4,0.72,4
"month","2024-02",25,"05-50",5,50,17,11,4,0.68,5
"month","2024-02",25,"15-51",15,51,17,15,2,0.68,5
"month","2024-02",25,"35-53",35,53,17,13,1,0.68,5
"month","2024-02",25,"89-98",89,98,17,12,1,0.68,5
"month","2024-02",25,"08-80",8,80,16,13,1,0.64,6
"month","2024-02",25,"09-90",9,90,16,12,2,0.64,6
"month","2024-02",25,"13-31",13,31,16,12,3,0.64,6
"month","2024-02",25,"45-54",45,54,16,13,0,0.64,6
"month","2024-02",25,"78-87",78,87,16,12,1,0.64,6
"month","2024-02",25,"79-97",79,97,16,12,1,0.64,6
"month","2024-02",25,"18-81",18,81,15,14,0,0.6,7
"month","2024-02",25,"59-95",59,95,15,10,2,0.6,7
"month","2024-02",25,"07-70",7,70,14,11,2,0.56,8
"month","2024-02",25,"11-66",11,66,14,11,2,0.56,8
"month","2024-02",25,"22-77",22,77,14,13,0,0.56,8
"month","2024-02",25,"29-92",29,92,14,11,1,0.56,8
"month","2024-02",25,"37-73",37,73,14,11,1,0.56,8
"month","2024-02",25,"39-93",39,93,14,10,2,0.56,8
"month","2024-02",25,"44-99",44,99,14,10,3,0.56,8
"month","2024-02",25,"46-64",46,64,13,10,1,0.52,9
"month","2024-02",25,"49-94",49,94,13,10,2,0.52,9
"month","2024-02",25,"56-65",56,65,13,10,0,0.52,9
"month","2024-02",25,"06-60",6,60,12,9,2,0.48,10
"month","2024-02",25,"25-52",25,52,12,11,0,0.48,10
"month","2024-02",25,"28-82",28,82,12,8,1,0.48,10
"month","2024-02",25,"01-10",1,10,11,9,0,0.44,11
"month","2024-02",25,"03-30",3,30,11,8,1,0.44,11
"month","2024-02",25,"12-21",12,21,11,8,2,0.44,11
"month","2024-02",25,"19-91",19,91,11,9,1,0.44,11
"month","2024-02",25,"23-32",23,32,11,9,1,0.44,11
"month","2024-02",25,"47-74",47,74,11,8,0,0.44,11
"month","2024-02",25,"48-84",48,84,11,9,0,0.44,11
"month","2024-02",25,"69-96",69,96,11,9,2,0.44,11
"month","2024-02",25,"38-83",38,83,10,10,0,0.4,12
"month","2024-02",25,"34-43",34,43,9,8,0,0.36,13
"month","2024-02",25,"68-86",68,86,9,8,1,0.36,13
"month","2024-02",25,"36-63",36,63,8,8,0,0.32,14
"month","2024-02",25,"58-85",58,85,8,7,1,0.32,14
"month","2024-02",25,"00-55",0,55,7,6,0,0.28,15
"month","2024-02",25,"17-71",17,71,6,6,0,0.24,16
"month","2024-02",25,"57-75",57,75,6,6,0,0.24,16
"month","2024-02",25,"27-72",27,72,5,5,0,0.2,17
"month","2024-03",31,"79-97",79,97,26,18,4,0.8387096774193549,1
"month","2024-03",31,"02-20",2,20,25,18,1,0.8064516129032258,2
"month","2024-03",31,"25-52",25,52,23,18,4,0.7419354838709677,3
"month","2024-03",31,"28-82",28,82,22,15,4,0.7096774193548387,4
"month","2024-03",31,"44-99",44,99,22,15,3,0.7096774193548387,4
"month","2024-03",31,"29-92",29,92,21,16,2,0.6774193548387096,5
"month","2024-03",31,"19-91",19,91,20,14,2,0.6451612903225806,6
"month","2024-03",31,"49-94",49,94,20,15,3,0.6451612903225806,6
"month","2024-03",31,"78-87",78,87,20,14,1,0.6451612903225806,6
"month","2024-03",31,"89-98",89,98,20,14,2,0.6451612903225806,6
"month","2024-03",31,"14-41",14,41,19,16,0,0.6129032258064516,7
"month","2024-03",31,"26-62",26,62,19,15,1,0.6129032258064516,7
"month","2024-03",31,"59-95",59,95,19,14,2,0.6129032258064516,7
"month","2024-03",31,"05-50",5,50,18,15,3,0.5806451612903226,8
"month","2024-03",31,"09-90",9,90,18,14,3,0.5806451612903226,8
"month","2024-03",31,"17-71",17,71,18,13,2,0.5806451612903226,8
"month","2024-03",31,"23-32",23,32,18,13,0,0.5806451612903226,8
"month","2024-03",31,"27-72",27,72,18,16,1,0.5806451612903226,8
"month","2024-03",31,"38-83",38,83,18,15,0,0.5806451612903226,8
"month","2024-03",31,"00-55",0,55,17,12,3,0.5483870967741935,9
"month","2024-03",31,"03-30",3,30,17,12,2,0.5483870967741935,9
"month","2024-03",31,"07-70",7,70,17,13,3,0.5483870967741935,9
"month","2024-03",31,"11-66",11,66,17,16,0,0.5483870967741935,9
"month","2024-03",31,"16-61",16,61,17,13,2,0.5483870967741935,9
"month","2024-03",31,"39-93",39,93,17,14,3,0.5483870967741935,9
"month","2024-03",31,"48-84",48,84,17,14,2,0.5483870967741935,9
"month","2024-03",31,"56-65",56,65,17,13,3,0.5483870967741935,9
"month","2024-03",31,"13-31",13,31,16,14,0,0.5161290322580645,10
"month","2024-03",31,"33-88",33,88,16,13,1,0.5161290322580645,10
"month","2024-03",31,"47-74",47,74,16,12,2,0.5161290322580645,10
"month","2024-03",31,"68-86",68,86,16,14,1,0.5161290322580645,10
"month","2024-03",31,"69-96",69,96,16,15,1,0.5161290322580645,10
"month","2024-03",31,"15-51",15,51,15,13,0,0.4838709677419355,11
"month","2024-03",31,"24-42",24,42,15,13,0,0.4838709677419355,11
"month","2024-03",31,"36-63",36,63,15,14,0,0.4838709677419355,11
"month","2024-03",31,"45-54",45,54,15,12,1,0.4838709677419355,11
"month","2024-03",31,"34-43",34,43,14,12,1,0.45161290322580644,12
"month","2024-03",31,"46-64",46,64,14,12,0,0.45161290322580644,12
"month","2024-03",31,"57-75",57,75,14,12,0,0.45161290322580644,12
"month","2024-03",31,"06-60",6,60,13,10,1,0.41935483870967744,13
"month","2024-03",31,"12-21",12,21,13,9,2,0.41935483870967744,13
"month","2024-03",31,"18-81",18,81,13,11,0,0.41935483870967744,13
"month","2024-03",31,"22-77",22,77,13,12,1,0.41935483870967744,13
"month","2024-03",31,"35-53",35,53,13,12,0,0.41935483870967744,13
"month","2024-03",31,"37-73",37,73,13,9,2,0.41935483870967744,13
"month","2024-03",31,"01-10",1,10,12,7,1,0.3870967741935484,14
"month","2024-03",31,"08-80",8,80,12,7,2,0.3870967741935484,14
"month","2024-03",31,"58-85",58,85,12,8,1,0.3870967741935484,14
"month","2024-03",31,"04-40",4,40,11,10,1,0.3548387096774194,15
"month","2024-03",31,"67-76",67,76,10,8,0,0.3225806451612903,16
"month","2024-04",30,"22-77",22,77,26,18,3,0.8666666666666667,1
"month","2024-04",30,"16-61",16,61,25,17,4,0.8333333333333334,2
"month","2024-04",30,"57-75",57,75,24,18,3,0.8,3
"month","2024-04",30,"01-10",1,10,22,17,1,0.7333333333333333,4
"month","2024-04",30,"69-96",69,96,22,15,3,0.7333333333333333,4
"month","2024-04",30,"17-71",17,71,21,14,4,0.7,5
"month","2024-04",30,"24-42",24,42,21,15,2,0.7,5
"month","2024-04",30,"09-90",9,90,20,14,2,0.6666666666666666,6
"month","2024-04",30,"59-95",59,95,20,16,1,0.6666666666666666,6
"month","2024-04",30,"89-98",89,98,20,14,1,0.6666666666666666,6
"month","2024-04",30,"06-60",6,60,19,17,1,0.6333333333333333,7
"month","2024-04",30,"18-81",18,81,19,15,3,0.6333333333333333,7
"month","2024-04",30,"19-91",19,91,19,13,2,0.6333333333333333,7
"month","2024-04",30,"25-52",25,52,19,18,0,0.6333333333333333,7
"month","2024-04",30,"28-82",28,82,19,12,3,0.6333333333333333,7
"month","2024-04",30,"29-92",29,92,19,12,2,0.6333333333333333,7
"month","2024-04",30,"05-50",5,50,18,16,2,0.6,8
"month","2024-04",30,"39-93",39,93,18,12,1,0.6,8
"month","2024-04",30,"49-94",49,94,18,16,1,0.6,8
"month","2024-04",30,"03-30",3,30,17,11,4,0.5666666666666667,9
"month","2024-04",30,"11-66",11,66,17,13,3,0.5666666666666667,9
"month","2024-04",30,"26-62",26,62,17,11,2,0.5666666666666667,9
"month","2024-04",30,"79-97",79,97,17,13,2,0.5666666666666667,9
"month","2024-04",30,"12-21",12,21,16,12,3,0.5333333333333333,10
"month","2024-04",30,"15-51",15,51,16,14,1,0.5333333333333333,10
"month","2024-04",30,"38-83",38,83,16,11,1,0.5333333333333333,10
"month","2024-04",30,"45-54",45,54,16,12,1,0.5333333333333333,10
"month","2024-04",30,"47-74",47,74,16,13,1,0.5333333333333333,10
"month","2024-04",30,"02-20",2,20,15,12,1,0.5,11
"month","2024-04",30,"08-80",8,80,15,14,0,0.5,11
"month","2024-04",30,"23-32",23,32,15,11,2,0.5,11
"month","2024-04",30,"37-73",37,73,15,11,3,0.5,11
"month","2024-04",30,"27-72",27,72,14,9,3,0.4666666666666667,12
"month","2024-04",30,"35-53",35,53,14,12,2,0.4666666666666667,12
"month","2024-04",30,"36-63",36,63,14,11,2,0.4666666666666667,12
"month","2024-04",30,"56-65",56,65,14,13,0,0.4666666666666667,12
"month","2024-04",30,"44-99",44,99,13,12,0,0.43333333333333335,13
"month","2024-04",30,"00-55",0,55,12,12,0,0.4,14
"month","2024-04",30,"04-40",4,40,12,9,1,0.4,14
"month","2024-04",30,"07-70",7,70,12,9,1,0.4,14
"month","2024-04",30,"33-88",33,88,12,10,1,0.4,14
"month","2024-04",30,"46-64",46,64,12,11,0,0.4,14
"month","2024-04",30,"48-84",48,84,12,11,1,0.4,14
"month","2024-04",30,"68-86",68,86,12,10,0,0.4,14
"month","2024-04",30,"58-85",58,85,11,9,2,0.36666666666666664,15
"month","2024-04",30,"78-87",78,87,11,9,1,0.36666666666666664,15
"month","2024-04",30,"13-31",13,31,10,10,0,0.3333333333333333,16
"month","2024-04",30,"14-41",14,41,10,9,0,0.3333333333333333,16
"month","2024-04",30,"34-43",34,43,10,10,0,0.3333333333333333,16
"month","2024-04",30,"67-76",67,76,8,8,0,0.26666666666666666,17
"month","2024-05",31,"25-52",25,52,33,20,6,1.064516129032258,1
"month","2024-05",31,"89-98",89,98,26,19,6,0.8387096774193549,2
"month","2024-05",31,"26-62",26,62,25,16,3,0.8064516129032258,3
"month","2024-05",31,"67-76",67,76,24,19,1,0.7741935483870968,4
"month","2024-05",31,"22-77",22,77,23,16,1,0.7419354838709677,5
"month","2024-05",31,"09-90",9,90,22,16,3,0.7096774193548387,6
"month","2024-05",31,"57-75",57,75,22,14,4,0.7096774193548387,6
"month","2024-05",31,"69-96",69,96,22,14,3,0.7096774193548387,6
"month","2024-05",31,"01-10",1,10,21,17,2,0.6774193548387096,7
"month","2024-05",31,"03-30",3,30,21,17,4,0.6774193548387096,7
"month","2024-05",31,"12-21",12,21,21,14,3,0.6774193548387096,7
"month","2024-05",31,"08-80",8,80,20,13,2,0.6451612903225806,8
"month","2024-05",31,"23-32",23,32,20,12,3,0.6451612903225806,8
"month","2024-05",31,"28-82",28,82,20,17,1,0.6451612903225806,8
"month","2024-05",31,"59-95",59,95,19,18,0,0.6129032258064516,9
"month","2024-05",31,"49-94",49,94,18,15,3,0.5806451612903226,10
"month","2024-05",31,"68-86",68,86,18,14,1,0.5806451612903226,10
"month","2024-05",31,"00-55",0,55,17,15,0,0.5483870967741935,11
"month","2024-05",31,"29-92",29,92,17,12,2,0.5483870967741935,11
"month","2024-05",31,"34-43",34,43,17,16,0,0.5483870967741935,11
"month","2024-05",31,"36-63",36,63,17,14,2,0.5483870967741935,11
"month","2024-05",31,"45-54",45,54,17,12,2,0.5483870967741935,11
"month","2024-05",31,"56-65",56,65,17,14,0,0.5483870967741935,11
"month","2024-05",31,"04-40",4,40,16,14,1,0.5161290322580645,12
"month","2024-05",31,"06-60",6,60,16,12,1,0.5161290322580645,12
"month","2024-05",31,"07-70",7,70,16,13,1,0.5161290322580645,12
"month","2024-05",31,"02-20",2,20,15,13,1,0.4838709677419355,13
"month","2024-05",31,"16-61",16,61,15,13,2,0.4838709677419355,13
"month","2024-05",31,"18-81",18,81,15,14,1,0.4838709677419355,13
"month","2024-05",31,"27-72",27,72,15,12,2,0.4838709677419355,13
"month","2024-05",31,"33-88",33,88,15,11,3,0.4838709677419355,13
"month","2024-05",31,"37-73",37,73,15,11,2,0.4838709677419355,13
"month","2024-05",31,"39-93",39,93,15,13,1,0.4838709677419355,13
"month","2024-05",31,"44-99",44,99,15,13,0,0.4838709677419355,13
"month","2024-05",31,"78-87",78,87,15,12,1,0.4838709677419355,13
"month","2024-05",31,"14-41",14,41,14,11,2,0.45161290322580644,14
"month","2024-05",31,"17-71",17,71,14,12,0,0.45161290322580644,14
"month","2024-05",31,"19-91",19,91,14,13,1,0.45161290322580644,14
"month","2024-05",31,"58-85",58,85,14,13,1,0.45161290322580644,14
"month","2024-05",31,"05-50",5,50,13,13,0,0.41935483870967744,15
"month","2024-05",31,"11-66",11,66,12,11,0,0.3870967741935484,16
"month","2024-05",31,"35-53",35,53,12,11,1,0.3870967741935484,16
"month","2024-05",31,"46-64",46,64,12,10,2,0.3870967741935484,16
"month","2024-05",31,"79-97",79,97,12,11,1,0.3870967741935484,16
"month","2024-05",31,"13-31",13,31,10,8,2,0.3225806451612903,17
"month","2024-05",31,"15-51",15,51,10,8,0,0.3225806451612903,17
"month","2024-05",31,"24-42",24,42,10,9,1,0.3225806451612903,17
"month","2024-05",31,"38-83",38,83,10,9,0,0.3225806451612903,17
"month","2024-05",31,"47-74",47,74,10,10,0,0.3225806451612903,17
"month","2024-05",31,"48-84",48,84,10,8,1,0.3225806451612903,17
"month","2024-06",30,"11-66",11,66,26,17,5,0.8666666666666667,1
"month","2024-06",30,"23-32",23,32,26,18,3,0.8666666666666667,1
"month","2024-06",30,"59-95",59,95,25,21,0,0.8333333333333334,2
"month","2024-06",30,"16-61",16,61,22,18,0,0.7333333333333333,3
"month","2024-06",30,"29-92",29,92,22,18,3,0.7333333333333333,3
"month","2024-06",30,"69-96",69,96,22,15,3,0.7333333333333333,3
"month","2024-06",30,"89-98",89,98,22,16,2,0.7333333333333333,3
"month","2024-06",30,"01-10",1,10,20,15,2,0.6666666666666666,4
"month","2024-06",30,"09-90",9,90,20,17,3,0.6666666666666666,4
"month","2024-06",30,"14-41",14,41,19,13,4,0.6333333333333333,5
"month","2024-06",30,"45-54",45,54,19,16,1,0.6333333333333333,5
"month","2024-06",30,"04-40",4,40,18,13,3,0.6,6
"month","2024-06",30,"46-64",46,64,18,13,4,0.6,6
"month","2024-06",30,"56-65",56,65,18,16,1,0.6,6
"month","2024-06",30,"07-70",7,70,17,11,3,0.5666666666666667,7
"month","2024-06",30,"12-21",12,21,17,13,2,0.5666666666666667,7
"month","2024-06",30,"24-42",24,42,17,14,2,0.5666666666666667,7
"month","2024-06",30,"49-94",49,94,17,14,2,0.5666666666666667,7
"month","2024-06",30,"79-97",79,97,17,15,1,0.5666666666666667,7
"month","2024-06",30,"18-81",18,81,16,12,2,0.5333333333333333,8
"month","2024-06",30,"48-84",48,84,16,14,1,0.5333333333333333,8
"month","2024-06",30,"00-55",0,55,15,11,2,0.5,9
"month","2024-06",30,"02-20",2,20,15,14,0,0.5,9
"month","2024-06",30,"08-80",8,80,15,12,0,0.5,9
"month","2024-06",30,"22-77",22,77,15,13,1,0.5,9
"month","2024-06",30,"25-52",25,52,15,13,0,0.5,9
"month","2024-06",30,"28-82",28,82,15,11,2,0.5,9
"month","2024-06",30,"37-73",37,73,15,13,1,0.5,9
"month","2024-06",30,"44-99",44,99,15,14,0,0.5,9
"month","2024-06",30,"67-76",67,76,15,14,1,0.5,9
"month","2024-06",30,"78-87",78,87,15,13,0,0.5,9
"month","2024-06",30,"05-50",5,50,14,12,1,0.4666666666666667,10
"month","2024-06",30,"06-60",6,60,14,13,1,0.4666666666666667,10
"month","2024-06",30,"17-71",17,71,14,12,0,0.4666666666666667,10
"month","2024-06",30,"19-91",19,91,14,12,0,0.4666666666666667,10
"month","2024-06",30,"36-63",36,63,14,12,0,0.4666666666666667,10
"month","2024-06",30,"38-83",38,83,14,12,1,0.4666666666666667,10
"month","2024-06",30,"47-74",47,74,14,10,2,0.4666666666666667,10
"month","2024-06",30,"57-75",57,75,14,11,1,0.4666666666666667,10
"month","2024-06",30,"03-30",3,30,13,12,1,0.43333333333333335,11
"month","2024-06",30,"26-62",26,62,13,10,2,0.43333333333333335,11
"month","2024-06",30,"33-88",33,88,13,12,1,0.43333333333333335,11
"month","2024-06",30,"35-53",35,53,13,10,2,0.43333333333333335,11
"month","2024-06",30,"39-93",39,93,13,12,0,0.43333333333333335,11
"month","2024-06",30,"15-51",15,51,12,10,0,0.4,12
"month","2024-06",30,"27-72",27,72,12,9,1,0.4,12
"month","2024-06",30,"58-85",58,85,12,11,1,0.4,12
"month","2024-06",30,"68-86",68,86,12,10,2,0.4,12
"month","2024-06",30,"34-43",34,43,11,10,0,0.36666666666666664,13
"month","2024-06",30,"13-31",13,31,10,10,0,0.3333333333333333,14
"month","2024-07",31,"11-66",11,66,25,18,2,0.8064516129032258,1
"month","2024-07",31,"22-77",22,77,24,19,4,0.7741935483870968,2
"month","2024-07",31,"67-76",67,76,24,19,1,0.7741935483870968,2
"month","2024-07",31,"89-98",89,98,24,19,1,0.7741935483870968,2
"month","2024-07",31,"02-20",2,20,23,18,2,0.7419354838709677,3
"month","2024-07",31,"12-21",12,21,23,14,5,0.7419354838709677,3
"month","2024-07",31,"23-32",23,32,23,16,3,0.7419354838709677,3
"month","2024-07",31,"36-63",36,63,23,17,3,0.7419354838709677,3
"month","2024-07",31,"29-92",29,92,22,14,4,0.7096774193548387,4
"month","2024-07",31,"25-52",25,52,21,15,2,0.6774193548387096,5
"month","2024-07",31,"37-73",37,73,21,17,3,0.6774193548387096,5
"month","2024-07",31,"07-70",7,70,20,17,2,0.6451612903225806,6
"month","2024-07",31,"18-81",18,81,20,16,2,0.6451612903225806,6
"month","2024-07",31,"49-94",49,94,20,17,2,0.6451612903225806,6
"month","2024-07",31,"59-95",59,95,20,13,3,0.6451612903225806,6
"month","2024-07",31,"69-96",69,96,20,18,0,0.6451612903225806,6
"month","2024-07",31,"27-72",27,72,19,16,1,0.6129032258064516,7
"month","2024-07",31,"44-99",44,99,19,16,3,0.6129032258064516,7
"month","2024-07",31,"06-60",6,60,18,17,0,0.5806451612903226,8
"month","2024-07",31,"13-31",13,31,18,13,1,0.5806451612903226,8
"month","2024-07",31,"14-41",14,41,18,16,0,0.5806451612903226,8
"month","2024-07",31,"48-84",48,84,18,13,2,0.5806451612903226,8
"month","2024-07",31,"79-97",79,97,18,14,3,0.5806451612903226,8
"month","2024-07",31,"00-55",0,55,17,15,1,0.5483870967741935,9
"month","2024-07",31,"16-61",16,61,17,15,0,0.5483870967741935,9
"month","2024-07",31,"28-82",28,82,17,12,1,0.5483870967741935,9
"month","2024-07",31,"39-93",39,93,17,15,0,0.5483870967741935,9
"month","2024-07",31,"45-54",45,54,17,14,1,0.5483870967741935,9
"month","2024-07",31,"35-53",35,53,16,12,3,0.5161290322580645,10
"month","2024-07",31,"68-86",68,86,16,14,1,0.5161290322580645,10
"month","2024-07",31,"03-30",3,30,15,12,1,0.4838709677419355,11
"month","2024-07",31,"26-62",26,62,15,14,0,0.4838709677419355,11
"month","2024-07",31,"47-74",47,74,15,10,4,0.4838709677419355,11
"month","2024-07",31,"56-65",56,65,15,14,0,0.4838709677419355,11
"month","2024-07",31,"33-88",33,88,14,10,1,0.45161290322580644,12
"month","2024-07",31,"04-40",4,40,13,11,1,0.41935483870967744,13
"month","2024-07",31,"08-80",8,80,13,12,0,0.41935483870967744,13
"month","2024-07",31,"09-90",9,90,13,10,2,0.41935483870967744,13
"month","2024-07",31,"24-42",24,42,13,12,0,0.41935483870967744,13
"month","2024-07",31,"46-64",46,64,13,12,0,0.41935483870967744,13
"month","2024-07",31,"78-87",78,87,13,13,0,0.41935483870967744,13
"month","2024-07",31,"01-10",1,10,12,11,1,0.3870967741935484,14
"month","2024-07",31,"15-51",15,51,11,10,0,0.3548387096774194,15
"month","2024-07",31,"19-91",19,91,11,8,2,0.3548387096774194,15
"month","2024-07",31,"38-83",38,83,11,11,0,0.3548387096774194,15
"month","2024-07",31,"05-50",5,50,9,9,0,0.2903225806451613,16
"month","2024-07",31,"34-43",34,43,9,8,0,0.2903225806451613,16
"month","2024-07",31,"57-75",57,75,9,8,1,0.2903225806451613,16
"month","2024-07",31,"58-85",58,85,9,8,0,0.2903225806451613,16
"month","2024-07",31,"17-71",17,71,6,5,1,0.1935483870967742,17
"month","2024-08",31,"23-32",23,32,24,20,2,0.7741935483870968,1
"month","2024-08",31,"27-72",27,72,24,20,1,0.7741935483870968,1
"month","2024-08",31,"14-41",14,41,22,16,4,0.7096774193548387,2
"month","2024-08",31,"17-71",17,71,22,14,2,0.7096774193548387,2
"month","2024-08",31,"12-21",12,21,21,17,3,0.6774193548387096,3
"month","2024-08",31,"13-31",13,31,21,17,2,0.6774193548387096,3
"month","2024-08",31,"26-62",26,62,21,15,2,0.6774193548387096,3
"month","2024-08",31,"39-93",39,93,21,16,1,0.6774193548387096,3
"month","2024-08",31,"07-70",7,70,20,16,3,0.6451612903225806,4
"month","2024-08",31,"09-90",9,90,20,15,2,0.6451612903225806,4
"month","2024-08",31,"29-92",29,92,20,11,6,0.6451612903225806,4
"month","2024-08",31,"49-94",49,94,20,18,2,0.6451612903225806,4
"month","2024-08",31,"08-80",8,80,19,14,3,0.6129032258064516,5
"month","2024-08",31,"15-51",15,51,19,13,4,0.6129032258064516,5
"month","2024-08",31,"36-63",36,63,19,13,5,0.6129032258064516,5
"month","2024-08",31,"38-83",38,83,19,13,1,0.6129032258064516,5
"month","2024-08",31,"46-64",46,64,19,15,0,0.6129032258064516,5
"month","2024-08",31,"04-40",4,40,18,15,1,0.5806451612903226,6
"month","2024-08",31,"67-76",67,76,18,15,3,0.5806451612903226,6
"month","2024-08",31,"68-86",68,86,18,12,3,0.5806451612903226,6
"month","2024-08",31,"69-96",69,96,18,14,2,0.5806451612903226,6
"month","2024-08",31,"22-77",22,77,17,12,3,0.5483870967741935,7
"month","2024-08",31,"24-42",24,42,17,16,1,0.5483870967741935,7
"month","2024-08",31,"34-43",34,43,17,16,1,0.5483870967741935,7
"month","2024-08",31,"37-73",37,73,17,12,1,0.5483870967741935,7
"month","2024-08",31,"56-65",56,65,17,13,2,0.5483870967741935,7
"month","2024-08",31,"01-10",1,10,16,13,1,0.5161290322580645,8
"month","2024-08",31,"19-91",19,91,16,12,2,0.5161290322580645,8
"month","2024-08",31,"25-52",25,52,16,12,2,0.5161290322580645,8
"month","2024-08",31,"33-88",33,88,16,11,3,0.5161290322580645,8
"month","2024-08",31,"48-84",48,84,16,13,2,0.5161290322580645,8
"month","2024-08",31,"58-85",58,85,16,9,5,0.5161290322580645,8
"month","2024-08",31,"79-97",79,97,16,14,1,0.5161290322580645,8
"month","2024-08",31,"00-55",0,55,15,11,1,0.4838709677419355,9
"month","2024-08",31,"47-74",47,74,15,12,2,0.4838709677419355,9
"month","2024-08",31,"02-20",2,20,14,11,1,0.45161290322580644,10
"month","2024-08",31,"11-66",11,66,14,13,1,0.45161290322580644,10
"month","2024-08",31,"45-54",45,54,14,12,1,0.45161290322580644,10
"month","2024-08",31,"06-60",6,60,13,10,2,0.41935483870967744,11
"month","2024-08",31,"16-61",16,61,13,12,0,0.41935483870967744,11
"month","2024-08",31,"18-81",18,81,13,11,1,0.41935483870967744,11
"month","2024-08",31,"28-82",28,82,13,13,0,0.41935483870967744,11
"month","2024-08",31,"57-75",57,75,13,10,1,0.41935483870967744,11
"month","2024-08",31,"78-87",78,87,13,12,0,0.41935483870967744,11
"month","2024-08",31,"03-30",3,30,12,11,0,0.3870967741935484,12
"month","2024-08",31,"35-53",35,53,12,9,2,0.3870967741935484,12
"month","2024-08",31,"44-99",44,99,11,9,0,0.3548387096774194,13
"month","2024-08",31,"59-95",59,95,11,10,0,0.3548387096774194,13
"month","2024-08",31,"89-98",89,98,11,10,1,0.3548387096774194,13
"month","2024-08",31,"05-50",5,50,10,8,1,0.3225806451612903,14
"month","2024-09",30,"11-66",11,66,26,16,5,0.8666666666666667,1
"month","2024-09",30,"69-96",69,96,26,19,3,0.8666666666666667,1
"month","2024-09",30,"78-87",78,87,24,18,4,0.8,2
"month","2024-09",30,"22-77",22,77,23,15,1,0.7666666666666667,3
"month","2024-09",30,"89-98",89,98,23,18,3,0.7666666666666667,3
"month","2024-09",30,"24-42",24,42,22,15,2,0.7333333333333333,4
"month","2024-09",30,"09-90",9,90,21,13,2,0.7,5
"month","2024-09",30,"36-63",36,63,21,14,1,0.7,5
"month","2024-09",30,"68-86",68,86,21,14,2,0.7,5
"month","2024-09",30,"45-54",45,54,20,14,1,0.6666666666666666,6
"month","2024-09",30,"05-50",5,50,19,13,2,0.6333333333333333,7
"month","2024-09",30,"57-75",57,75,19,13,4,0.6333333333333333,7
"month","2024-09",30,"59-95",59,95,19,16,1,0.6333333333333333,7
"month","2024-09",30,"01-10",1,10,18,16,1,0.6,8
"month","2024-09",30,"27-72",27,72,18,14,1,0.6,8
"month","2024-09",30,"35-53",35,53,18,13,4,0.6,8
"month","2024-09",30,"37-73",37,73,18,13,1,0.6,8
"month","2024-09",30,"44-99",44,99,18,14,0,0.6,8
"month","2024-09",30,"58-85",58,85,18,14,2,0.6,8
"month","2024-09",30,"67-76",67,76,18,16,1,0.6,8
"month","2024-09",30,"79-97",79,97,18,14,1,0.6,8
"month","2024-09",30,"16-61",16,61,17,13,2,0.5666666666666667,9
"month","2024-09",30,"19-91",19,91,17,10,2,0.5666666666666667,9
"month","2024-09",30,"23-32",23,32,17,15,1,0.5666666666666667,9
"month","2024-09",30,"34-43",34,43,17,16,1,0.5666666666666667,9
"month","2024-09",30,"49-94",49,94,17,13,3,0.5666666666666667,9
"month","2024-09",30,"03-30",3,30,16,12,3,0.5333333333333333,10
"month","2024-09",30,"26-62",26,62,16,15,0,0.5333333333333333,10
"month","2024-09",30,"47-74",47,74,16,11,2,0.5333333333333333,10
"month","2024-09",30,"13-31",13,31,15,15,0,0.5,11
"month","2024-09",30,"14-41",14,41,15,12,3,0.5,11
"month","2024-09",30,"18-81",18,81,15,13,1,0.5,11
"month","2024-09",30,"29-92",29,92,15,12,3,0.5,11
"month","2024-09",30,"39-93",39,93,15,12,2,0.5,11
"month","2024-09",30,"04-40",4,40,14,12,1,0.4666666666666667,12
"month","2024-09",30,"25-52",25,52,14,12,0,0.4666666666666667,12
"month","2024-09",30,"00-55",0,55,13,12,0,0.43333333333333335,13
"month","2024-09",30,"15-51",15,51,13,12,1,0.43333333333333335,13
"month","2024-09",30,"07-70",7,70,12,10,0,0.4,14
"month","2024-09",30,"28-82",28,82,12,9,2,0.4,14
"month","2024-09",30,"06-60",6,60,11,11,0,0.36666666666666664,15
"month","2024-09",30,"46-64",46,64,11,11,0,0.36666666666666664,15
"month","2024-09",30,"48-84",48,84,11,9,1,0.36666666666666664,15
"month","2024-09",30,"33-88",33,88,10,8,1,0.3333333333333333,16
"month","2024-09",30,"56-65",56,65,10,8,1,0.3333333333333333,16
"month","2024-09",30,"08-80",8,80,9,9,0,0.3,17
"month","2024-09",30,"12-21",12,21,9,9,0,0.3,17
"month","2024-09",30,"38-83",38,83,9,7,0,0.3,17
"month","2024-09",30,"02-20",2,20,8,6,1,0.26666666666666666,18
"month","2024-09",30,"17-71",17,71,8,7,1,0.26666666666666666,18
"month","2024-10",31,"27-72",27,72,26,18,1,0.8387096774193549,1
"month","2024-10",31,"35-53",35,53,26,16,6,0.8387096774193549,1
"month","2024-10",31,"36-63",36,63,26,18,5,0.8387096774193549,1
"month","2024-10",31,"00-55",0,55,23,15,3,0.7419354838709677,2
"month","2024-10",31,"05-50",5,50,22,16,2,0.7096774193548387,3
"month","2024-10",31,"16-61",16,61,22,14,2,0.7096774193548387,3
"month","2024-10",31,"56-65",56,65,21,14,4,0.6774193548387096,4
"month","2024-10",31,"08-80",8,80,20,15,2,0.6451612903225806,5
"month","2024-10",31,"18-81",18,81,20,16,0,0.6451612903225806,5
"month","2024-10",31,"26-62",26,62,20,13,2,0.6451612903225806,5
"month","2024-10",31,"37-73",37,73,20,13,4,0.6451612903225806,5
"month","2024-10",31,"38-83",38,83,20,15,3,0.6451612903225806,5
"month","2024-10",31,"45-54",45,54,20,16,3,0.6451612903225806,5
"month","2024-10",31,"58-85",58,85,20,14,4,0.6451612903225806,5
"month","2024-10",31,"78-87",78,87,20,14,1,0.6451612903225806,5
"month","2024-10",31,"01-10",1,10,19,14,3,0.6129032258064516,6
"month","2024-10",31,"03-30",3,30,19,13,4,0.6129032258064516,6
"month","2024-10",31,"47-74",47,74,19,12,2,0.6129032258064516,6
"month","2024-10",31,"19-91",19,91,18,12,4,0.5806451612903226,7
"month","2024-10",31,"28-82",28,82,18,14,2,0.5806451612903226,7
"month","2024-10",31,"79-97",79,97,18,13,2,0.5806451612903226,7
"month","2024-10",31,"23-32",23,32,17,10,4,0.5483870967741935,8
"month","2024-10",31,"24-42",24,42,17,16,1,0.5483870967741935,8
"month","2024-10",31,"25-52",25,52,17,13,3,0.5483870967741935,8
"month","2024-10",31,"57-75",57,75,17,15,2,0.5483870967741935,8
"month","2024-10",31,"13-31",13,31,16,13,2,0.5161290322580645,9
"month","2024-10",31,"15-51",15,51,16,13,1,0.5161290322580645,9
"month","2024-10",31,"39-93",39,93,16,14,0,0.5161290322580645,9
"month","2024-10",31,"48-84",48,84,16,14,1,0.5161290322580645,9
"month","2024-10",31,"69-96",69,96,16,12,2,0.5161290322580645,9
"month","2024-10",31,"02-20",2,20,15,8,4,0.4838709677419355,10
"month","2024-10",31,"29-92",29,92,15,12,3,0.4838709677419355,10
"month","2024-10",31,"33-88",33,88,15,12,2,0.4838709677419355,10
"month","2024-10",31,"44-99",44,99,15,15,0,0.4838709677419355,10
"month","2024-10",31,"46-64",46,64,15,12,1,0.4838709677419355,10
"month","2024-10",31,"07-70",7,70,14,9,2,0.45161290322580644,11
"month","2024-10",31,"17-71",17,71,14,11,2,0.45161290322580644,11
"month","2024-10",31,"22-77",22,77,14,14,0,0.45161290322580644,11
"month","2024-10",31,"68-86",68,86,14,11,1,0.45161290322580644,11
"month","2024-10",31,"04-40",4,40,13,11,0,0.41935483870967744,12
"month","2024-10",31,"11-66",11,66,13,10,1,0.41935483870967744,12
"month","2024-10",31,"34-43",34,43,13,12,1,0.41935483870967744,12
"month","2024-10",31,"49-94",49,94,13,11,0,0.41935483870967744,12
"month","2024-10",31,"59-95",59,95,12,8,1,0.3870967741935484,13
"month","2024-10",31,"09-90",9,90,11,9,2,0.3548387096774194,14
"month","2024-10",31,"12-21",12,21,11,9,2,0.3548387096774194,14
"month","2024-10",31,"89-98",89,98,11,9,2,0.3548387096774194,14
"month","2024-10",31,"14-41",14,41,9,6,2,0.2903225806451613,15
"month","2024-10",31,"67-76",67,76,8,8,0,0.25806451612903225,16
"month","2024-10",31,"06-60",6,60,7,6,0,0.22580645161290322,17
"month","2024-11",30,"46-64",46,64,29,17,6,0.9666666666666667,1
"month","2024-11",30,"02-20",2,20,26,18,4,0.8666666666666667,2
"month","2024-11",30,"18-81",18,81,25,17,3,0.8333333333333334,3
"month","2024-11",30,"26-62",26,62,23,16,4,0.7666666666666667,4
"month","2024-11",30,"12-21",12,21,21,14,1,0.7,5
"month","2024-11",30,"35-53",35,53,21,18,1,0.7,5
"month","2024-11",30,"11-66",11,66,20,18,1,0.6666666666666666,6
"month","2024-11",30,"67-76",67,76,20,17,1,0.6666666666666666,6
"month","2024-11",30,"06-60",6,60,19,13,3,0.6333333333333333,7
"month","2024-11",30,"28-82",28,82,19,13,2,0.6333333333333333,7
"month","2024-11",30,"47-74",47,74,19,16,1,0.6333333333333333,7
"month","2024-11",30,"07-70",7,70,18,14,2,0.6,8
"month","2024-11",30,"44-99",44,99,18,12,3,0.6,8
"month","2024-11",30,"89-98",89,98,18,15,2,0.6,8
"month","2024-11",30,"09-90",9,90,17,14,2,0.5666666666666667,9
"month","2024-11",30,"14-41",14,41,17,13,1,0.5666666666666667,9
"month","2024-11",30,"22-77",22,77,17,14,2,0.5666666666666667,9
"month","2024-11",30,"27-72",27,72,17,12,2,0.5666666666666667,9
"month","2024-11",30,"49-94",49,94,17,12,1,0.5666666666666667,9
"month","2024-11",30,"57-75",57,75,17,12,3,0.5666666666666667,9
"month","2024-11",30,"58-85",58,85,17,12,2,0.5666666666666667,9
"month","2024-11",30,"78-87",78,87,17,15,1,0.5666666666666667,9
"month","2024-11",30,"01-10",1,10,16,12,2,0.5333333333333333,10
"month","2024-11",30,"03-30",3,30,16,12,2,0.5333333333333333,10
"month","2024-11",30,"08-80",8,80,16,14,1,0.5333333333333333,10
"month","2024-11",30,"48-84",48,84,16,13,2,0.5333333333333333,10
"month","2024-11",30,"69-96",69,96,16,13,0,0.5333333333333333,10
"month","2024-11",30,"23-32",23,32,15,12,1,0.5,11
"month","2024-11",30,"25-52",25,52,15,10,3,0.5,11
"month","2024-11",30,"39-93",39,93,15,12,2,0.5,11
"month","2024-11",30,"00-55",0,55,14,12,1,0.4666666666666667,12
"month","2024-11",30,"16-61",16,61,14,11,2,0.4666666666666667,12
"month","2024-11",30,"29-92",29,92,14,9,2,0.4666666666666667,12
"month","2024-11",30,"37-73",37,73,14,11,1,0.4666666666666667,12
"month","2024-11",30,"56-65",56,65,14,13,0,0.4666666666666667,12
"month","2024-11",30,"68-86",68,86,14,10,2,0.4666666666666667,12
"month","2024-11",30,"13-31",13,31,13,12,1,0.43333333333333335,13
"month","2024-11",30,"33-88",33,88,13,10,2,0.43333333333333335,13
"month","2024-11",30,"34-43",34,43,13,10,2,0.43333333333333335,13
"month","2024-11",30,"36-63",36,63,13,11,1,0.43333333333333335,13
"month","2024-11",30,"79-97",79,97,13,10,1,0.43333333333333335,13
"month","2024-11",30,"04-40",4,40,12,9,0,0.4,14
"month","2024-11",30,"15-51",15,51,12,11,0,0.4,14
"month","2024-11",30,"19-91",19,91,12,9,1,0.4,14
"month","2024-11",30,"24-42",24,42,12,10,2,0.4,14
"month","2024-11",30,"38-83",38,83,12,11,0,0.4,14
"month","2024-11",30,"45-54",45,54,12,11,0,0.4,14
"month","2024-11",30,"59-95",59,95,12,10,1,0.4,14
"month","2024-11",30,"05-50",5,50,11,11,0,0.36666666666666664,15
"month","2024-11",30,"17-71",17,71,9,8,0,0.3,16
"month","2024-12",31,"06-60",6,60,26,19,4,0.8387096774193549,1
"month","2024-12",31,"15-51",15,51,23,16,3,0.7419354838709677,2
"month","2024-12",31,"59-95",59,95,22,16,3,0.7096774193548387,3
"month","2024-12",31,"67-76",67,76,22,14,2,0.7096774193548387,3
"month","2024-12",31,"89-98",89,98,22,15,2,0.7096774193548387,3
"month","2024-12",31,"34-43",34,43,21,15,2,0.6774193548387096,4
"month","2024-12",31,"02-20",2,20,20,15,2,0.6451612903225806,5
"month","2024-12",31,"16-61",16,61,20,17,1,0.6451612903225806,5
"month","2024-12",31,"23-32",23,32,20,17,1,0.6451612903225806,5
"month","2024-12",31,"29-92",29,92,20,16,3,0.6451612903225806,5
"month","2024-12",31,"49-94",49,94,20,16,2,0.6451612903225806,5
"month","2024-12",31,"79-97",79,97,20,15,1,0.6451612903225806,5
"month","2024-12",31,"01-10",1,10,19,14,4,0.6129032258064516,6
"month","2024-12",31,"04-40",4,40,19,14,2,0.6129032258064516,6
"month","2024-12",31,"05-50",5,50,19,15,2,0.6129032258064516,6
"month","2024-12",31,"09-90",9,90,19,17,2,0.6129032258064516,6
"month","2024-12",31,"17-71",17,71,19,14,1,0.6129032258064516,6
"month","2024-12",31,"19-91",19,91,19,11,3,0.6129032258064516,6
"month","2024-12",31,"35-53",35,53,19,17,0,0.6129032258064516,6
"month","2024-12",31,"36-63",36,63,19,14,2,0.6129032258064516,6
"month","2024-12",31,"46-64",46,64,19,15,3,0.6129032258064516,6
"month","2024-12",31,"69-96",69,96,19,13,3,0.6129032258064516,6
"month","2024-12",31,"07-70",7,70,18,12,2,0.5806451612903226,7
"month","2024-12",31,"48-84",48,84,18,15,1,0.5806451612903226,7
"month","2024-12",31,"39-93",39,93,17,14,1,0.5483870967741935,8
"month","2024-12",31,"44-99",44,99,17,14,1,0.5483870967741935,8
"month","2024-12",31,"47-74",47,74,17,13,2,0.5483870967741935,8
"month","2024-12",31,"78-87",78,87,17,14,1,0.5483870967741935,8
"month","2024-12",31,"00-55",0,55,16,15,0,0.5161290322580645,9
"month","2024-12",31,"11-66",11,66,16,11,3,0.5161290322580645,9
"month","2024-12",31,"12-21",12,21,16,12,2,0.5161290322580645,9
"month","2024-12",31,"13-31",13,31,16,15,1,0.5161290322580645,9
"month","2024-12",31,"37-73",37,73,16,14,1,0.5161290322580645,9
"month","2024-12",31,"57-75",57,75,16,12,1,0.5161290322580645,9
"month","2024-12",31,"22-77",22,77,15,10,4,0.4838709677419355,10
"month","2024-12",31,"25-52",25,52,15,12,2,0.4838709677419355,10
"month","2024-12",31,"26-62",26,62,15,14,0,0.4838709677419355,10
"month","2024-12",31,"03-30",3,30,14,10,3,0.45161290322580644,11
"month","2024-12",31,"24-42",24,42,14,12,2,0.45161290322580644,11
"month","2024-12",31,"56-65",56,65,14,10,1,0.45161290322580644,11
"month","2024-12",31,"28-82",28,82,13,8,3,0.41935483870967744,12
"month","2024-12",31,"38-83",38,83,13,13,0,0.41935483870967744,12
"month","2024-12",31,"45-54",45,54,12,9,1,0.3870967741935484,13
"month","2024-12",31,"68-86",68,86,12,11,0,0.3870967741935484,13
"month","2024-12",31,"58-85",58,85,11,10,1,0.3548387096774194,14
"month","2024-12",31,"14-41",14,41,10,8,0,0.3225806451612903,15
"month","2024-12",31,"08-80",8,80,9,7,0,0.2903225806451613,16
"month","2024-12",31,"27-72",27,72,9,8,1,0.2903225806451613,16
"month","2024-12",31,"18-81",18,81,8,7,0,0.25806451612903225,17
"month","2024-12",31,"33-88",33,88,7,6,0,0.22580645161290322,18
"month","2025-01",27,"19-91",19,91,24,17,3,0.8888888888888888,1
"month","2025-01",27,"68-86",68,86,23,15,5,0.8518518518518519,2
"month","2025-01",27,"39-93",39,93,21,18,2,0.7777777777777778,3
"month","2025-01",27,"05-50",5,50,20,15,2,0.7407407407407407,4
"month","2025-01",27,"13-31",13,31,19,14,2,0.7037037037037037,5
"month","2025-01",27,"33-88",33,88,19,13,2,0.7037037037037037,5
"month","2025-01",27,"07-70",7,70,18,13,2,0.6666666666666666,6
"month","2025-01",27,"16-61",16,61,18,15,1,0.6666666666666666,6
"month","2025-01",27,"17-71",17,71,18,16,2,0.6666666666666666,6
"month","2025-01",27,"26-62",26,62,18,14,2,0.6666666666666666,6
"month","2025-01",27,"01-10",1,10,17,12,1,0.6296296296296297,7
"month","2025-01",27,"15-51",15,51,17,14,2,0.6296296296296297,7
"month","2025-01",27,"25-52",25,52,17,15,1,0.6296296296296297,7
"month","2025-01",27,"57-75",57,75,17,14,1,0.6296296296296297,7
"month","2025-01",27,"58-85",58,85,17,12,2,0.6296296296296297,7
"month","2025-01",27,"27-72",27,72,16,13,1,0.5925925925925926,8
"month","2025-01",27,"46-64",46,64,16,13,3,0.5925925925925926,8
"month","2025-01",27,"00-55",0,55,15,13,1,0.5555555555555556,9
"month","2025-01",27,"02-20",2,20,15,14,1,0.5555555555555556,9
"month","2025-01",27,"03-30",3,30,15,12,3,0.5555555555555556,9
"month","2025-01",27,"08-80",8,80,15,10,3,0.5555555555555556,9
"month","2025-01",27,"09-90",9,90,15,12,2,0.5555555555555556,9
"month","2025-01",27,"14-41",14,41,15,12,2,0.5555555555555556,9
"month","2025-01",27,"29-92",29,92,15,13,1,0.5555555555555556,9
"month","2025-01",27,"59-95",59,95,15,12,1,0.5555555555555556,9
"month","2025-01",27,"18-81",18,81,14,12,2,0.5185185185185185,10
"month","2025-01",27,"23-32",23,32,14,11,1,0.5185185185185185,10
"month","2025-01",27,"49-94",49,94,14,11,0,0.5185185185185185,10
"month","2025-01",27,"78-87",78,87,14,13,0,0.5185185185185185,10
"month","2025-01",27,"79-97",79,97,14,13,0,0.5185185185185185,10
"month","2025-01",27,"35-53",35,53,13,9,1,0.48148148148148145,11
"month","2025-01",27,"36-63",36,63,13,10,2,0.48148148148148145,11
"month","2025-01",27,"37-73",37,73,13,10,2,0.48148148148148145,11
"month","2025-01",27,"45-54",45,54,13,11,2,0.48148148148148145,11
"month","2025-01",27,"11-66",11,66,12,9,1,0.4444444444444444,12
"month","2025-01",27,"12-21",12,21,12,11,0,0.4444444444444444,12
"month","2025-01",27,"24-42",24,42,12,10,1,0.4444444444444444,12
"month","2025-01",27,"38-83",38,83,12,7,2,0.4444444444444444,12
"month","2025-01",27,"44-99",44,99,12,11,1,0.4444444444444444,12
"month","2025-01",27,"89-98",89,98,12,11,0,0.4444444444444444,12
"month","2025-01",27,"04-40",4,40,11,8,0,0.4074074074074074,13
"month","2025-01",27,"22-77",22,77,11,9,1,0.4074074074074074,13
"month","2025-01",27,"28-82",28,82,11,9,2,0.4074074074074074,13
"month","2025-01",27,"47-74",47,74,11,8,2,0.4074074074074074,13
"month","2025-01",27,"69-96",69,96,11,10,1,0.4074074074074074,13
"month","2025-01",27,"67-76",67,76,10,8,1,0.37037037037037035,14
"month","2025-01",27,"34-43",34,43,9,8,1,0.3333333333333333,15
"month","2025-01",27,"48-84",48,84,9,8,1,0.3333333333333333,15
"month","2025-01",27,"56-65",56,65,9,7,1,0.3333333333333333,15
"month","2025-01",27,"06-60",6,60,8,7,1,0.2962962962962963,16
"month","2025-02",28,"19-91",19,91,26,17,3,0.9285714285714286,1
"month","2025-02",28,"24-42",24,42,24,17,6,0.8571428571428571,2
"month","2025-02",28,"14-41",14,41,22,15,6,0.7857142857142857,3
"month","2025-02",28,"18-81",18,81,20,17,0,0.7142857142857143,4
"month","2025-02",28,"47-74",47,74,20,14,2,0.7142857142857143,4
"month","2025-02",28,"17-71",17,71,19,14,1,0.6785714285714286,5
"month","2025-02",28,"23-32",23,32,19,14,3,0.6785714285714286,5
"month","2025-02",28,"57-75",57,75,19,17,1,0.6785714285714286,5
"month","2025-02",28,"29-92",29,92,18,14,3,0.6428571428571429,6
"month","2025-02",28,"35-53",35,53,18,14,1,0.6428571428571429,6
"month","2025-02",28,"45-54",45,54,18,13,2,0.6428571428571429,6
"month","2025-02",28,"48-84",48,84,18,13,3,0.6428571428571429,6
"month","2025-02",28,"58-85",58,85,18,15,1,0.6428571428571429,6
"month","2025-02",28,"02-20",2,20,17,13,1,0.6071428571428571,7
"month","2025-02",28,"08-80",8,80,17,12,1,0.6071428571428571,7
"month","2025-02",28,"44-99",44,99,17,13,2,0.6071428571428571,7
"month","2025-02",28,"69-96",69,96,17,11,1,0.6071428571428571,7
"month","2025-02",28,"79-97",79,97,17,13,3,0.6071428571428571,7
"month","2025-02",28,"37-73",37,73,16,13,2,0.5714285714285714,8
"month","2025-02",28,"49-94",49,94,16,13,2,0.5714285714285714,8
"month","2025-02",28,"56-65",56,65,16,11,3,0.5714285714285714,8
"month","2025-02",28,"68-86",68,86,16,12,1,0.5714285714285714,8
"month","2025-02",28,"04-40",4,40,15,9,1,0.5357142857142857,9
"month","2025-02",28,"11-66",11,66,15,12,3,0.5357142857142857,9
"month","2025-02",28,"16-61",16,61,15,10,2,0.5357142857142857,9
"month","2025-02",28,"22-77",22,77,15,13,0,0.5357142857142857,9
"month","2025-02",28,"26-62",26,62,15,10,2,0.5357142857142857,9
"month","2025-02",28,"28-82",28,82,15,12,2,0.5357142857142857,9
"month","2025-02",28,"36-63",36,63,15,13,1,0.5357142857142857,9
"month","2025-02",28,"59-95",59,95,15,12,2,0.5357142857142857,9
"month","2025-02",28,"67-76",67,76,15,12,2,0.5357142857142857,9
"month","2025-02",28,"89-98",89,98,15,11,1,0.5357142857142857,9
"month","2025-02",28,"00-55",0,55,14,9,1,0.5,10
"month","2025-02",28,"09-90",9,90,14,12,2,0.5,10
"month","2025-02",28,"39-93",39,93,14,11,1,0.5,10
"month","2025-02",28,"05-50",5,50,13,10,1,0.4642857142857143,11
"month","2025-02",28,"46-64",46,64,13,10,1,0.4642857142857143,11
"month","2025-02",28,"01-10",1,10,12,9,2,0.42857142857142855,12
"month","2025-02",28,"06-60",6,60,12,10,1,0.42857142857142855,12
"month","2025-02",28,"07-70",7,70,12,11,1,0.42857142857142855,12
"month","2025-02",28,"12-21",12,21,12,12,0,0.42857142857142855,12
"month","2025-02",28,"33-88",33,88,12,10,1,0.42857142857142855,12
"month","2025-02",28,"13-31",13,31,11,10,1,0.39285714285714285,13
"month","2025-02",28,"25-52",25,52,11,10,1,0.39285714285714285,13
"month","2025-02",28,"38-83",38,83,11,8,2,0.39285714285714285,13
"month","2025-02",28,"78-87",78,87,10,8,1,0.35714285714285715,14
"month","2025-02",28,"15-51",15,51,8,6,0,0.2857142857142857,15
"month","2025-02",28,"27-72",27,72,8,6,1,0.2857142857142857,15
"month","2025-02",28,"03-30",3,30,6,6,0,0.21428571428571427,16
"month","2025-02",28,"34-43",34,43,5,4,1,0.17857142857142858,17
"month","2025-03",31,"16-61",16,61,27,17,4,0.8709677419354839,1
"month","2025-03",31,"44-99",44,99,26,18,4,0.8387096774193549,2
"month","2025-03",31,"17-71",17,71,22,17,2,0.7096774193548387,3
"month","2025-03",31,"25-52",25,52,22,15,5,0.7096774193548387,3
"month","2025-03",31,"09-90",9,90,21,15,3,0.6774193548387096,4
"month","2025-03",31,"27-72",27,72,21,14,3,0.6774193548387096,4
"month","2025-03",31,"47-74",47,74,21,16,3,0.6774193548387096,4
"month","2025-03",31,"68-86",68,86,21,18,1,0.6774193548387096,4
"month","2025-03",31,"13-31",13,31,20,15,2,0.6451612903225806,5
"month","2025-03",31,"34-43",34,43,19,13,4,0.6129032258064516,6
"month","2025-03",31,"36-63",36,63,19,11,3,0.6129032258064516,6
"month","2025-03",31,"38-83",38,83,19,13,3,0.6129032258064516,6
"month","2025-03",31,"67-76",67,76,19,10,4,0.6129032258064516,6
"month","2025-03",31,"15-51",15,51,18,12,3,0.5806451612903226,7
"month","2025-03",31,"19-91",19,91,18,14,2,0.5806451612903226,7
"month","2025-03",31,"33-88",33,88,18,13,4,0.5806451612903226,7
"month","2025-03",31,"45-54",45,54,18,14,2,0.5806451612903226,7
"month","2025-03",31,"57-75",57,75,18,14,3,0.5806451612903226,7
"month","2025-03",31,"58-85",58,85,18,13,1,0.5806451612903226,7
"month","2025-03",31,"59-95",59,95,18,14,3,0.5806451612903226,7
"month","2025-03",31,"05-50",5,50,17,14,0,0.5483870967741935,8
"month","2025-03",31,"12-21",12,21,17,12,2,0.5483870967741935,8
"month","2025-03",31,"23-32",23,32,17,12,3,0.5483870967741935,8
"month","2025-03",31,"35-53",35,53,17,14,0,0.5483870967741935,8
"month","2025-03",31,"39-93",39,93,17,13,2,0.5483870967741935,8
"month","2025-03",31,"01-10",1,10,16,14,1,0.5161290322580645,9
"month","2025-03",31,"06-60",6,60,16,11,3,0.5161290322580645,9
"month","2025-03",31,"11-66",11,66,16,12,1,0.5161290322580645,9
"month","2025-03",31,"18-81",18,81,16,14,1,0.5161290322580645,9
"month","2025-03",31,"48-84",48,84,16,13,1,0.5161290322580645,9
"month","2025-03",31,"56-65",56,65,16,14,1,0.5161290322580645,9
"month","2025-03",31,"79-97",79,97,16,13,1,0.5161290322580645,9
"month","2025-03",31,"03-30",3,30,15,12,1,0.4838709677419355,10
"month","2025-03",31,"28-82",28,82,15,13,2,0.4838709677419355,10
"month","2025-03",31,"46-64",46,64,15,12,2,0.4838709677419355,10
"month","2025-03",31,"08-80",8,80,14,11,2,0.45161290322580644,11
"month","2025-03",31,"22-77",22,77,14,11,2,0.45161290322580644,11
"month","2025-03",31,"26-62",26,62,14,13,0,0.45161290322580644,11
"month","2025-03",31,"37-73",37,73,14,13,0,0.45161290322580644,11
"month","2025-03",31,"69-96",69,96,14,11,1,0.45161290322580644,11
"month","2025-03",31,"89-98",89,98,14,11,1,0.45161290322580644,11
"month","2025-03",31,"02-20",2,20,13,11,1,0.41935483870967744,12
"month","2025-03",31,"04-40",4,40,13,8,1,0.41935483870967744,12
"month","2025-03",31,"07-70",7,70,13,12,1,0.41935483870967744,12
"month","2025-03",31,"24-42",24,42,13,12,1,0.41935483870967744,12
"month","2025-03",31,"29-92",29,92,13,12,1,0.41935483870967744,12
"month","2025-03",31,"78-87",78,87,12,10,0,0.3870967741935484,13
"month","2025-03",31,"14-41",14,41,11,8,2,0.3548387096774194,14
"month","2025-03",31,"49-94",49,94,11,10,0,0.3548387096774194,14
"month","2025-03",31,"00-55",0,55,9,7,1,0.2903225806451613,15
"month","2025-04",30,"06-60",6,60,25,17,5,0.8333333333333334,1
"month","2025-04",30,"35-53",35,53,25,18,4,0.8333333333333334,1
"month","2025-04",30,"09-90",9,90,23,14,5,0.7666666666666667,2
"month","2025-04",30,"22-77",22,77,22,16,3,0.7333333333333333,3
"month","2025-04",30,"45-54",45,54,22,15,3,0.7333333333333333,3
"month","2025-04",30,"49-94",49,94,22,16,2,0.7333333333333333,3
"month","2025-04",30,"57-75",57,75,21,15,3,0.7,4
"month","2025-04",30,"79-97",79,97,21,17,2,0.7,4
"month","2025-04",30,"05-50",5,50,20,15,1,0.6666666666666666,5
"month","2025-04",30,"18-81",18,81,20,14,1,0.6666666666666666,5
"month","2025-04",30,"19-91",19,91,20,16,2,0.6666666666666666,5
"month","2025-04",30,"28-82",28,82,20,15,4,0.6666666666666666,5
"month","2025-04",30,"04-40",4,40,19,17,1,0.6333333333333333,6
"month","2025-04",30,"13-31",13,31,19,16,2,0.6333333333333333,6
"month","2025-04",30,"23-32",23,32,19,15,2,0.6333333333333333,6
"month","2025-04",30,"56-65",56,65,19,15,1,0.6333333333333333,6
"month","2025-04",30,"89-98",89,98,19,14,3,0.6333333333333333,6
"month","2025-04",30,"24-42",24,42,18,14,2,0.6,7
"month","2025-04",30,"78-87",78,87,18,14,0,0.6,7
"month","2025-04",30,"08-80",8,80,17,14,3,0.5666666666666667,8
"month","2025-04",30,"25-52",25,52,17,14,2,0.5666666666666667,8
"month","2025-04",30,"58-85",58,85,17,12,2,0.5666666666666667,8
"month","2025-04",30,"68-86",68,86,17,13,1,0.5666666666666667,8
"month","2025-04",30,"29-92",29,92,16,13,1,0.5333333333333333,9
"month","2025-04",30,"34-43",34,43,16,13,1,0.5333333333333333,9
"month","2025-04",30,"38-83",38,83,16,14,1,0.5333333333333333,9
"month","2025-04",30,"44-99",44,99,16,13,0,0.5333333333333333,9
"month","2025-04",30,"67-76",67,76,16,14,1,0.5333333333333333,9
"month","2025-04",30,"69-96",69,96,16,13,0,0.5333333333333333,9
"month","2025-04",30,"07-70",7,70,15,12,1,0.5,10
"month","2025-04",30,"47-74",47,74,15,11,2,0.5,10
"month","2025-04",30,"03-30",3,30,14,11,2,0.4666666666666667,11
"month","2025-04",30,"15-51",15,51,14,12,0,0.4666666666666667,11
"month","2025-04",30,"33-88",33,88,14,12,2,0.4666666666666667,11
"month","2025-04",30,"39-93",39,93,14,12,1,0.4666666666666667,11
"month","2025-04",30,"48-84",48,84,14,11,2,0.4666666666666667,11
"month","2025-04",30,"11-66",11,66,13,11,1,0.43333333333333335,12
"month","2025-04",30,"12-21",12,21,13,10,1,0.43333333333333335,12
"month","2025-04",30,"17-71",17,71,13,12,1,0.43333333333333335,12
"month","2025-04",30,"00-55",0,55,12,9,1,0.4,13
"month","2025-04",30,"01-10",1,10,12,9,1,0.4,13
"month","2025-04",30,"16-61",16,61,12,10,1,0.4,13
"month","2025-04",30,"14-41",14,41,11,10,0,0.36666666666666664,14
"month","2025-04",30,"36-63",36,63,11,10,1,0.36666666666666664,14
"month","2025-04",30,"37-73",37,73,11,9,0,0.36666666666666664,14
"month","2025-04",30,"46-64",46,64,11,9,2,0.36666666666666664,14
"month","2025-04",30,"59-95",59,95,10,9,1,0.3333333333333333,15
"month","2025-04",30,"26-62",26,62,9,9,0,0.3,16
"month","2025-04",30,"02-20",2,20,8,6,0,0.26666666666666666,17
"month","2025-04",30,"27-72",27,72,8,7,1,0.26666666666666666,17
"month","2025-05",31,"03-30",3,30,27,17,6,0.8709677419354839,1
"month","2025-05",31,"45-54",45,54,25,18,2,0.8064516129032258,2
"month","2025-05",31,"58-85",58,85,24,19,3,0.7741935483870968,3
"month","2025-05",31,"36-63",36,63,23,16,2,0.7419354838709677,4
"month","2025-05",31,"57-75",57,75,23,20,0,0.7419354838709677,4
"month","2025-05",31,"44-99",44,99,22,17,3,0.7096774193548387,5
"month","2025-05",31,"11-66",11,66,21,16,2,0.6774193548387096,6
"month","2025-05",31,"09-90",9,90,20,15,3,0.6451612903225806,7
"month","2025-05",31,"18-81",18,81,20,15,3,0.6451612903225806,7
"month","2025-05",31,"46-64",46,64,20,15,0,0.6451612903225806,7
"month","2025-05",31,"04-40",4,40,19,15,2,0.6129032258064516,8
"month","2025-05",31,"06-60",6,60,19,16,1,0.6129032258064516,8
"month","2025-05",31,"13-31",13,31,19,14,2,0.6129032258064516,8
"month","2025-05",31,"22-77",22,77,19,13,3,0.6129032258064516,8
"month","2025-05",31,"27-72",27,72,19,14,1,0.6129032258064516,8
"month","2025-05",31,"33-88",33,88,19,17,2,0.6129032258064516,8
"month","2025-05",31,"67-76",67,76,19,14,2,0.6129032258064516,8
"month","2025-05",31,"00-55",0,55,18,13,2,0.5806451612903226,9
"month","2025-05",31,"01-10",1,10,18,13,4,0.5806451612903226,9
"month","2025-05",31,"23-32",23,32,18,14,1,0.5806451612903226,9
"month","2025-05",31,"24-42",24,42,18,16,0,0.5806451612903226,9
"month","2025-05",31,"49-94",49,94,18,14,2,0.5806451612903226,9
"month","2025-05",31,"68-86",68,86,18,13,3,0.5806451612903226,9
"month","2025-05",31,"89-98",89,98,18,12,2,0.5806451612903226,9
"month","2025-05",31,"07-70",7,70,17,14,3,0.5483870967741935,10
"month","2025-05",31,"08-80",8,80,17,14,2,0.5483870967741935,10
"month","2025-05",31,"15-51",15,51,17,12,3,0.5483870967741935,10
"month","2025-05",31,"19-91",19,91,17,13,3,0.5483870967741935,10
"month","2025-05",31,"78-87",78,87,17,14,1,0.5483870967741935,10
"month","2025-05",31,"37-73",37,73,16,11,2,0.5161290322580645,11
"month","2025-05",31,"47-74",47,74,16,13,1,0.5161290322580645,11
"month","2025-05",31,"34-43",34,43,15,14,1,0.4838709677419355,12
"month","2025-05",31,"56-65",56,65,15,12,2,0.4838709677419355,12
"month","2025-05",31,"05-50",5,50,14,10,1,0.45161290322580644,13
"month","2025-05",31,"17-71",17,71,14,9,1,0.45161290322580644,13
"month","2025-05",31,"39-93",39,93,14,11,2,0.45161290322580644,13
"month","2025-05",31,"02-20",2,20,13,11,1,0.41935483870967744,14
"month","2025-05",31,"14-41",14,41,13,10,2,0.41935483870967744,14
"month","2025-05",31,"25-52",25,52,13,11,1,0.41935483870967744,14
"month","2025-05",31,"28-82",28,82,13,10,2,0.41935483870967744,14
"month","2025-05",31,"29-92",29,92,13,11,1,0.41935483870967744,14
"month","2025-05",31,"69-96",69,96,13,11,2,0.41935483870967744,14
"month","2025-05",31,"16-61",16,61,12,10,1,0.3870967741935484,15
"month","2025-05",31,"79-97",79,97,12,11,0,0.3870967741935484,15
"month","2025-05",31,"35-53",35,53,11,9,0,0.3548387096774194,16
"month","2025-05",31,"38-83",38,83,11,9,1,0.3548387096774194,16
"month","2025-05",31,"48-84",48,84,11,10,1,0.3548387096774194,16
"month","2025-05",31,"26-62",26,62,10,9,0,0.3225806451612903,17
"month","2025-05",31,"59-95",59,95,10,8,0,0.3225806451612903,17
"month","2025-05",31,"12-21",12,21,9,6,1,0.2903225806451613,18
"month","2025-06",30,"12-21",12,21,27,23,1,0.9,1
"month","2025-06",30,"02-20",2,20,21,15,1,0.7,2
"month","2025-06",30,"05-50",5,50,21,12,4,0.7,2
"month","2025-06",30,"25-52",25,52,21,16,1,0.7,2
"month","2025-06",30,"39-93",39,93,21,17,1,0.7,2
"month","2025-06",30,"68-86",68,86,21,15,3,0.7,2
"month","2025-06",30,"01-10",1,10,20,15,2,0.6666666666666666,3
"month","2025-06",30,"19-91",19,91,20,13,6,0.6666666666666666,3
"month","2025-06",30,"34-43",34,43,20,16,4,0.6666666666666666,3
"month","2025-06",30,"47-74",47,74,20,13,3,0.6666666666666666,3
"month","2025-06",30,"59-95",59,95,19,14,3,0.6333333333333333,4
"month","2025-06",30,"13-31",13,31,18,15,2,0.6,5
"month","2025-06",30,"14-41",14,41,18,15,0,0.6,5
"month","2025-06",30,"29-92",29,92,18,14,1,0.6,5
"month","2025-06",30,"45-54",45,54,18,15,0,0.6,5
"month","2025-06",30,"79-97",79,97,18,13,3,0.6,5
"month","2025-06",30,"03-30",3,30,17,14,1,0.5666666666666667,6
"month","2025-06",30,"26-62",26,62,17,15,1,0.5666666666666667,6
"month","2025-06",30,"49-94",49,94,17,14,1,0.5666666666666667,6
"month","2025-06",30,"56-65",56,65,17,9,3,0.5666666666666667,6
"month","2025-06",30,"89-98",89,98,17,11,2,0.5666666666666667,6
"month","2025-06",30,"04-40",4,40,16,12,1,0.5333333333333333,7
"month","2025-06",30,"08-80",8,80,16,15,1,0.5333333333333333,7
"month","2025-06",30,"22-77",22,77,16,11,3,0.5333333333333333,7
"month","2025-06",30,"35-53",35,53,16,10,3,0.5333333333333333,7
"month","2025-06",30,"44-99",44,99,16,11,3,0.5333333333333333,7
"month","2025-06",30,"58-85",58,85,16,12,2,0.5333333333333333,7
"month","2025-06",30,"06-60",6,60,15,14,1,0.5,8
"month","2025-06",30,"07-70",7,70,15,10,3,0.5,8
"month","2025-06",30,"09-90",9,90,15,12,0,0.5,8
"month","2025-06",30,"15-51",15,51,15,12,3,0.5,8
"month","2025-06",30,"16-61",16,61,15,11,3,0.5,8
"month","2025-06",30,"18-81",18,81,15,15,0,0.5,8
"month","2025-06",30,"27-72",27,72,15,13,1,0.5,8
"month","2025-06",30,"36-63",36,63,15,11,2,0.5,8
"month","2025-06",30,"57-75",57,75,15,11,2,0.5,8
"month","2025-06",30,"67-76",67,76,15,13,1,0.5,8
"month","2025-06",30,"23-32",23,32,14,13,1,0.4666666666666667,9
"month","2025-06",30,"69-96",69,96,14,12,1,0.4666666666666667,9
"month","2025-06",30,"00-55",0,55,13,9,2,0.43333333333333335,10
"month","2025-06",30,"11-66",11,66,13,12,1,0.43333333333333335,10
"month","2025-06",30,"17-71",17,71,13,11,1,0.43333333333333335,10
"month","2025-06",30,"38-83",38,83,13,11,1,0.43333333333333335,10
"month","2025-06",30,"46-64",46,64,13,12,0,0.43333333333333335,10
"month","2025-06",30,"24-42",24,42,12,9,2,0.4,11
"month","2025-06",30,"28-82",28,82,12,11,0,0.4,11
"month","2025-06",30,"78-87",78,87,12,11,1,0.4,11
"month","2025-06",30,"33-88",33,88,10,10,0,0.3333333333333333,12
"month","2025-06",30,"48-84",48,84,10,8,1,0.3333333333333333,12
"month","2025-06",30,"37-73",37,73,9,9,0,0.3,13
"month","2025-07",31,"56-65",56,65,25,18,3,0.8064516129032258,1
"month","2025-07",31,"06-60",6,60,24,17,4,0.7741935483870968,2
"month","2025-07",31,"11-66",11,66,24,18,4,0.7741935483870968,2
"month","2025-07",31,"79-97",79,97,24,16,5,0.7741935483870968,2
"month","2025-07",31,"00-55",0,55,23,15,3,0.7419354838709677,3
"month","2025-07",31,"48-84",48,84,23,16,3,0.7419354838709677,3
"month","2025-07",31,"68-86",68,86,23,17,5,0.7419354838709677,3
"month","2025-07",31,"49-94",49,94,22,16,2,0.7096774193548387,4
"month","2025-07",31,"04-40",4,40,21,13,5,0.6774193548387096,5
"month","2025-07",31,"16-61",16,61,21,16,2,0.6774193548387096,5
"month","2025-07",31,"36-63",36,63,21,15,2,0.6774193548387096,5
"month","2025-07",31,"45-54",45,54,21,17,0,0.6774193548387096,5
"month","2025-07",31,"12-21",12,21,20,17,1,0.6451612903225806,6
"month","2025-07",31,"35-53",35,53,20,16,2,0.6451612903225806,6
"month","2025-07",31,"57-75",57,75,20,12,5,0.6451612903225806,6
"month","2025-07",31,"58-85",58,85,20,15,3,0.6451612903225806,6
"month","2025-07",31,"67-76",67,76,20,15,1,0.6451612903225806,6
"month","2025-07",31,"08-80",8,80,19,13,5,0.6129032258064516,7
"month","2025-07",31,"15-51",15,51,19,15,1,0.6129032258064516,7
"month","2025-07",31,"19-91",19,91,19,14,2,0.6129032258064516,7
"month","2025-07",31,"47-74",47,74,19,13,2,0.6129032258064516,7
"month","2025-07",31,"59-95",59,95,19,16,0,0.6129032258064516,7
"month","2025-07",31,"33-88",33,88,18,15,3,0.5806451612903226,8
"month","2025-07",31,"89-98",89,98,17,11,3,0.5483870967741935,9
"month","2025-07",31,"01-10",1,10,16,12,1,0.5161290322580645,10
"month","2025-07",31,"14-41",14,41,16,14,1,0.5161290322580645,10
"month","2025-07",31,"27-72",27,72,16,12,1,0.5161290322580645,10
"month","2025-07",31,"29-92",29,92,16,15,1,0.5161290322580645,10
"month","2025-07",31,"78-87",78,87,16,13,2,0.5161290322580645,10
"month","2025-07",31,"05-50",5,50,15,13,0,0.4838709677419355,11
"month","2025-07",31,"09-90",9,90,15,11,3,0.4838709677419355,11
"month","2025-07",31,"17-71",17,71,15,13,0,0.4838709677419355,11
"month","2025-07",31,"02-20",2,20,14,12,2,0.45161290322580644,12
"month","2025-07",31,"03-30",3,30,14,12,1,0.45161290322580644,12
"month","2025-07",31,"18-81",18,81,13,11,1,0.41935483870967744,13
"month","2025-07",31,"22-77",22,77,13,13,0,0.41935483870967744,13
"month","2025-07",31,"24-42",24,42,13,11,1,0.41935483870967744,13
"month","2025-07",31,"26-62",26,62,13,11,1,0.41935483870967744,13
"month","2025-07",31,"37-73",37,73,13,12,1,0.41935483870967744,13
"month","2025-07",31,"44-99",44,99,13,12,0,0.41935483870967744,13
"month","2025-07",31,"25-52",25,52,12,11,0,0.3870967741935484,14
"month","2025-07",31,"28-82",28,82,12,11,0,0.3870967741935484,14
"month","2025-07",31,"13-31",13,31,11,10,1,0.3548387096774194,15
"month","2025-07",31,"34-43",34,43,11,9,1,0.3548387096774194,15
"month","2025-07",31,"46-64",46,64,11,9,2,0.3548387096774194,15
"month","2025-07",31,"69-96",69,96,11,10,1,0.3548387096774194,15
"month","2025-07",31,"38-83",38,83,10,9,0,0.3225806451612903,16
"month","2025-07",31,"07-70",7,70,9,9,0,0.2903225806451613,17
"month","2025-07",31,"39-93",39,93,9,9,0,0.2903225806451613,17
"month","2025-07",31,"23-32",23,32,8,7,0,0.25806451612903225,18
"month","2025-08",31,"26-62",26,62,28,21,4,0.9032258064516129,1
"month","2025-08",31,"22-77",22,77,23,15,3,0.7419354838709677,2
"month","2025-08",31,"03-30",3,30,22,14,3,0.7096774193548387,3
"month","2025-08",31,"67-76",67,76,22,16,2,0.7096774193548387,3
"month","2025-08",31,"37-73",37,73,21,18,1,0.6774193548387096,4
"month","2025-08",31,"06-60",6,60,20,14,2,0.6451612903225806,5
"month","2025-08",31,"15-51",15,51,20,16,2,0.6451612903225806,5
"month","2025-08",31,"19-91",19,91,20,15,1,0.6451612903225806,5
"month","2025-08",31,"28-82",28,82,20,17,1,0.6451612903225806,5
"month","2025-08",31,"34-43",34,43,20,16,2,0.6451612903225806,5
"month","2025-08",31,"57-75",57,75,20,15,2,0.6451612903225806,5
"month","2025-08",31,"59-95",59,95,20,13,2,0.6451612903225806,5
"month","2025-08",31,"69-96",69,96,20,17,0,0.6451612903225806,5
"month","2025-08",31,"78-87",78,87,20,17,2,0.6451612903225806,5
"month","2025-08",31,"08-80",8,80,19,15,1,0.6129032258064516,6
"month","2025-08",31,"38-83",38,83,19,11,4,0.6129032258064516,6
"month","2025-08",31,"44-99",44,99,19,13,3,0.6129032258064516,6
"month","2025-08",31,"01-10",1,10,18,14,1,0.5806451612903226,7
"month","2025-08",31,"13-31",13,31,18,11,3,0.5806451612903226,7
"month","2025-08",31,"16-61",16,61,18,13,3,0.5806451612903226,7
"month","2025-08",31,"35-53",35,53,18,13,3,0.5806451612903226,7
"month","2025-08",31,"02-20",2,20,17,13,2,0.5483870967741935,8
"month","2025-08",31,"12-21",12,21,17,15,2,0.5483870967741935,8
"month","2025-08",31,"17-71",17,71,17,14,2,0.5483870967741935,8
"month","2025-08",31,"18-81",18,81,17,14,2,0.5483870967741935,8
"month","2025-08",31,"23-32",23,32,17,13,2,0.5483870967741935,8
"month","2025-08",31,"27-72",27,72,17,14,2,0.5483870967741935,8
"month","2025-08",31,"49-94",49,94,17,13,3,0.5483870967741935,8
"month","2025-08",31,"58-85",58,85,17,13,2,0.5483870967741935,8
"month","2025-08",31,"36-63",36,63,16,13,2,0.5161290322580645,9
"month","2025-08",31,"46-64",46,64,16,10,2,0.5161290322580645,9
"month","2025-08",31,"89-98",89,98,16,13,2,0.5161290322580645,9
"month","2025-08",31,"33-88",33,88,15,11,2,0.4838709677419355,10
"month","2025-08",31,"47-74",47,74,15,10,1,0.4838709677419355,10
"month","2025-08",31,"05-50",5,50,14,12,0,0.45161290322580644,11
"month","2025-08",31,"24-42",24,42,14,12,2,0.45161290322580644,11
"month","2025-08",31,"39-93",39,93,14,11,2,0.45161290322580644,11
"month","2025-08",31,"45-54",45,54,14,11,2,0.45161290322580644,11
"month","2025-08",31,"00-55",0,55,13,12,1,0.41935483870967744,12
"month","2025-08",31,"04-40",4,40,13,11,2,0.41935483870967744,12
"month","2025-08",31,"09-90",9,90,13,12,0,0.41935483870967744,12
"month","2025-08",31,"11-66",11,66,13,11,1,0.41935483870967744,12
"month","2025-08",31,"48-84",48,84,13,10,1,0.41935483870967744,12
"month","2025-08",31,"56-65",56,65,13,10,1,0.41935483870967744,12
"month","2025-08",31,"07-70",7,70,12,8,0,0.3870967741935484,13
"month","2025-08",31,"29-92",29,92,12,11,1,0.3870967741935484,13
"month","2025-08",31,"14-41",14,41,11,8,1,0.3548387096774194,14
"month","2025-08",31,"68-86",68,86,11,9,1,0.3548387096774194,14
"month","2025-08",31,"79-97",79,97,10,9,0,0.3225806451612903,15
"month","2025-08",31,"25-52",25,52,8,6,1,0.25806451612903225,16
"month","2025-09",30,"23-32",23,32,24,21,0,0.8,1
"month","2025-09",30,"34-43",34,43,24,18,2,0.8,1
"month","2025-09",30,"68-86",68,86,24,17,3,0.8,1
"month","2025-09",30,"69-96",69,96,24,19,3,0.8,1
"month","2025-09",30,"26-62",26,62,23,15,3,0.7666666666666667,2
"month","2025-09",30,"57-75",57,75,23,11,4,0.7666666666666667,2
"month","2025-09",30,"28-82",28,82,22,17,3,0.7333333333333333,3
"month","2025-09",30,"02-20",2,20,21,17,1,0.7,4
"month","2025-09",30,"33-88",33,88,21,14,6,0.7,4
"month","2025-09",30,"13-31",13,31,20,17,1,0.6666666666666666,5
"month","2025-09",30,"38-83",38,83,19,14,2,0.6333333333333333,6
"month","2025-09",30,"05-50",5,50,18,14,3,0.6,7
"month","2025-09",30,"25-52",25,52,18,13,2,0.6,7
"month","2025-09",30,"36-63",36,63,18,14,1,0.6,7
"month","2025-09",30,"09-90",9,90,17,15,0,0.5666666666666667,8
"month","2025-09",30,"29-92",29,92,17,12,3,0.5666666666666667,8
"month","2025-09",30,"35-53",35,53,17,14,1,0.5666666666666667,8
"month","2025-09",30,"45-54",45,54,17,11,2,0.5666666666666667,8
"month","2025-09",30,"48-84",48,84,17,12,2,0.5666666666666667,8
"month","2025-09",30,"49-94",49,94,17,13,2,0.5666666666666667,8
"month","2025-09",30,"56-65",56,65,17,15,0,0.5666666666666667,8
"month","2025-09",30,"03-30",3,30,16,13,3,0.5333333333333333,9
"month","2025-09",30,"07-70",7,70,16,13,3,0.5333333333333333,9
"month","2025-09",30,"19-91",19,91,16,13,3,0.5333333333333333,9
"month","2025-09",30,"01-10",1,10,15,11,2,0.5,10
"month","2025-09",30,"08-80",8,80,15,9,4,0.5,10
"month","2025-09",30,"14-41",14,41,15,12,2,0.5,10
"month","2025-09",30,"24-42",24,42,15,12,3,0.5,10
"month","2025-09",30,"78-87",78,87,15,12,0,0.5,10
"month","2025-09",30,"79-97",79,97,15,12,2,0.5,10
"month","2025-09",30,"00-55",0,55,14,12,2,0.4666666666666667,11
"month","2025-09",30,"04-40",4,40,14,11,1,0.4666666666666667,11
"month","2025-09",30,"15-51",15,51,14,13,0,0.4666666666666667,11
"month","2025-09",30,"17-71",17,71,14,11,2,0.4666666666666667,11
"month","2025-09",30,"18-81",18,81,14,11,1,0.4666666666666667,11
"month","2025-09",30,"39-93",39,93,14,12,2,0.4666666666666667,11
"month","2025-09",30,"44-99",44,99,14,11,2,0.4666666666666667,11
"month","2025-09",30,"47-74",47,74,14,12,0,0.4666666666666667,11
"month","2025-09",30,"89-98",89,98,14,13,0,0.4666666666666667,11
"month","2025-09",30,"37-73",37,73,13,11,2,0.43333333333333335,12
"month","2025-09",30,"06-60",6,60,12,10,0,0.4,13
"month","2025-09",30,"11-66",11,66,12,11,1,0.4,13
"month","2025-09",30,"12-21",12,21,12,11,1,0.4,13
"month","2025-09",30,"16-61",16,61,12,9,2,0.4,13
"month","2025-09",30,"46-64",46,64,12,10,1,0.4,13
"month","2025-09",30,"58-85",58,85,12,10,2,0.4,13
"month","2025-09",30,"59-95",59,95,12,12,0,0.4,13
"month","2025-09",30,"22-77",22,77,11,9,1,0.36666666666666664,14
"month","2025-09",30,"67-76",67,76,11,8,1,0.36666666666666664,14
"month","2025-09",30,"27-72",27,72,9,7,1,0.3,15
"month","2025-10",31,"27-72",27,72,25,17,4,0.8064516129032258,1
"month","2025-10",31,"46-64",46,64,25,19,2,0.8064516129032258,1
"month","2025-10",31,"05-50",5,50,23,17,3,0.7419354838709677,2
"month","2025-10",31,"56-65",56,65,22,14,3,0.7096774193548387,3
"month","2025-10",31,"06-60",6,60,21,16,2,0.6774193548387096,4
"month","2025-10",31,"08-80",8,80,21,12,5,0.6774193548387096,4
"month","2025-10",31,"22-77",22,77,21,15,4,0.6774193548387096,4
"month","2025-10",31,"01-10",1,10,20,15,2,0.6451612903225806,5
"month","2025-10",31,"02-20",2,20,20,11,2,0.6451612903225806,5
"month","2025-10",31,"25-52",25,52,20,16,2,0.6451612903225806,5
"month","2025-10",31,"38-83",38,83,20,15,1,0.6451612903225806,5
"month","2025-10",31,"39-93",39,93,20,15,3,0.6451612903225806,5
"month","2025-10",31,"44-99",44,99,20,17,1,0.6451612903225806,5
"month","2025-10",31,"79-97",79,97,20,16,2,0.6451612903225806,5
"month","2025-10",31,"24-42",24,42,19,16,3,0.6129032258064516,6
"month","2025-10",31,"45-54",45,54,19,14,2,0.6129032258064516,6
"month","2025-10",31,"28-82",28,82,18,14,2,0.5806451612903226,7
"month","2025-10",31,"49-94",49,94,18,14,2,0.5806451612903226,7
"month","2025-10",31,"68-86",68,86,18,14,1,0.5806451612903226,7
"month","2025-10",31,"69-96",69,96,18,14,1,0.5806451612903226,7
"month","2025-10",31,"11-66",11,66,17,13,2,0.5483870967741935,8
"month","2025-10",31,"16-61",16,61,17,14,2,0.5483870967741935,8
"month","2025-10",31,"19-91",19,91,17,15,0,0.5483870967741935,8
"month","2025-10",31,"33-88",33,88,17,14,2,0.5483870967741935,8
"month","2025-10",31,"47-74",47,74,17,14,2,0.5483870967741935,8
"month","2025-10",31,"67-76",67,76,17,12,5,0.5483870967741935,8
"month","2025-10",31,"78-87",78,87,17,15,1,0.5483870967741935,8
"month","2025-10",31,"04-40",4,40,16,11,2,0.5161290322580645,9
"month","2025-10",31,"09-90",9,90,16,12,2,0.5161290322580645,9
"month","2025-10",31,"17-71",17,71,16,12,2,0.5161290322580645,9
"month","2025-10",31,"07-70",7,70,15,12,2,0.4838709677419355,10
"month","2025-10",31,"18-81",18,81,15,12,0,0.4838709677419355,10
"month","2025-10",31,"26-62",26,62,15,14,0,0.4838709677419355,10
"month","2025-10",31,"34-43",34,43,15,14,0,0.4838709677419355,10
"month","2025-10",31,"57-75",57,75,15,14,1,0.4838709677419355,10
"month","2025-10",31,"12-21",12,21,14,13,0,0.45161290322580644,11
"month","2025-10",31,"37-73",37,73,14,11,2,0.45161290322580644,11
"month","2025-10",31,"48-84",48,84,14,13,0,0.45161290322580644,11
"month","2025-10",31,"58-85",58,85,14,12,0,0.45161290322580644,11
"month","2025-10",31,"00-55",0,55,13,12,0,0.41935483870967744,12
"month","2025-10",31,"03-30",3,30,13,12,0,0.41935483870967744,12
"month","2025-10",31,"13-31",13,31,13,10,1,0.41935483870967744,12
"month","2025-10",31,"23-32",23,32,13,11,2,0.41935483870967744,12
"month","2025-10",31,"14-41",14,41,12,11,1,0.3870967741935484,13
"month","2025-10",31,"29-92",29,92,12,9,2,0.3870967741935484,13
"month","2025-10",31,"36-63",36,63,12,12,0,0.3870967741935484,13
"month","2025-10",31,"59-95",59,95,12,8,2,0.3870967741935484,13
"month","2025-10",31,"15-51",15,51,11,8,3,0.3548387096774194,14
"month","2025-10",31,"35-53",35,53,11,11,0,0.3548387096774194,14
"month","2025-10",31,"89-98",89,98,9,8,1,0.2903225806451613,15
"month","2025-11",30,"33-88",33,88,25,18,4,0.8333333333333334,1
"month","2025-11",30,"38-83",38,83,24,15,4,0.8,2
"month","2025-11",30,"35-53",35,53,23,14,7,0.7666666666666667,3
"month","2025-11",30,"24-42",24,42,22,18,2,0.7333333333333333,4
"month","2025-11",30,"14-41",14,41,21,14,4,0.7,5
"month","2025-11",30,"26-62",26,62,21,16,2,0.7,5
"month","2025-11",30,"27-72",27,72,21,17,1,0.7,5
"month","2025-11",30,"12-21",12,21,20,15,3,0.6666666666666666,6
"month","2025-11",30,"16-61",16,61,20,13,4,0.6666666666666666,6
"month","2025-11",30,"29-92",29,92,20,18,0,0.6666666666666666,6
"month","2025-11",30,"46-64",46,64,20,17,1,0.6666666666666666,6
"month","2025-11",30,"47-74",47,74,20,17,2,0.6666666666666666,6
"month","2025-11",30,"09-90",9,90,19,15,2,0.6333333333333333,7
"month","2025-11",30,"11-66",11,66,19,13,0,0.6333333333333333,7
"month","2025-11",30,"36-63",36,63,19,12,3,0.6333333333333333,7
"month","2025-11",30,"57-75",57,75,19,14,1,0.6333333333333333,7
"month","2025-11",30,"79-97",79,97,19,13,3,0.6333333333333333,7
"month","2025-11",30,"34-43",34,43,18,12,4,0.6,8
"month","2025-11",30,"59-95",59,95,18,16,0,0.6,8
"month","2025-11",30,"04-40",4,40,17,15,1,0.5666666666666667,9
"month","2025-11",30,"17-71",17,71,17,14,0,0.5666666666666667,9
"month","2025-11",30,"48-84",48,84,17,11,3,0.5666666666666667,9
"month","2025-11",30,"49-94",49,94,17,13,3,0.5666666666666667,9
"month","2025-11",30,"68-86",68,86,17,13,1,0.5666666666666667,9
"month","2025-11",30,"78-87",78,87,17,15,1,0.5666666666666667,9
"month","2025-11",30,"89-98",89,98,17,13,0,0.5666666666666667,9
"month","2025-11",30,"03-30",3,30,15,12,3,0.5,10
"month","2025-11",30,"06-60",6,60,15,12,1,0.5,10
"month","2025-11",30,"22-77",22,77,15,11,1,0.5,10
"month","2025-11",30,"39-93",39,93,15,11,1,0.5,10
"month","2025-11",30,"07-70",7,70,14,11,1,0.4666666666666667,11
"month","2025-11",30,"13-31",13,31,14,12,1,0.4666666666666667,11
"month","2025-11",30,"23-32",23,32,14,12,0,0.4666666666666667,11
"month","2025-11",30,"01-10",1,10,13,10,0,0.43333333333333335,12
"month","2025-11",30,"08-80",8,80,13,10,2,0.43333333333333335,12
"month","2025-11",30,"18-81",18,81,13,12,1,0.43333333333333335,12
"month","2025-11",30,"25-52",25,52,13,12,1,0.43333333333333335,12
"month","2025-11",30,"44-99",44,99,13,10,1,0.43333333333333335,12
"month","2025-11",30,"67-76",67,76,13,11,1,0.43333333333333335,12
"month","2025-11",30,"00-55",0,55,12,9,2,0.4,13
"month","2025-11",30,"02-20",2,20,12,10,1,0.4,13
"month","2025-11",30,"19-91",19,91,12,9,1,0.4,13
"month","2025-11",30,"45-54",45,54,12,11,0,0.4,13
"month","2025-11",30,"69-96",69,96,12,9,1,0.4,13
"month","2025-11",30,"05-50",5,50,11,7,1,0.36666666666666664,14
"month","2025-11",30,"28-82",28,82,11,8,1,0.36666666666666664,14
"month","2025-11",30,"58-85",58,85,11,10,1,0.36666666666666664,14
"month","2025-11",30,"15-51",15,51,10,10,0,0.3333333333333333,15
"month","2025-11",30,"37-73",37,73,10,9,1,0.3333333333333333,15
"month","2025-11",30,"56-65",56,65,10,9,1,0.3333333333333333,15
"month","2025-12",31,"14-41",14,41,24,20,2,0.7741935483870968,1
"month","2025-12",31,"29-92",29,92,23,17,3,0.7419354838709677,2
"month","2025-12",31,"16-61",16,61,22,17,4,0.7096774193548387,3
"month","2025-12",31,"36-63",36,63,22,16,3,0.7096774193548387,3
"month","2025-12",31,"59-95",59,95,22,16,4,0.7096774193548387,3
"month","2025-12",31,"01-10",1,10,21,16,3,0.6774193548387096,4
"month","2025-12",31,"28-82",28,82,21,14,2,0.6774193548387096,4
"month","2025-12",31,"58-85",58,85,21,17,2,0.6774193548387096,4
"month","2025-12",31,"12-21",12,21,20,15,4,0.6451612903225806,5
"month","2025-12",31,"13-31",13,31,20,14,4,0.6451612903225806,5
"month","2025-12",31,"27-72",27,72,20,14,2,0.6451612903225806,5
"month","2025-12",31,"46-64",46,64,20,16,1,0.6451612903225806,5
"month","2025-12",31,"69-96",69,96,20,19,0,0.6451612903225806,5
"month","2025-12",31,"03-30",3,30,19,13,2,0.6129032258064516,6
"month","2025-12",31,"06-60",6,60,19,16,2,0.6129032258064516,6
"month","2025-12",31,"17-71",17,71,19,15,3,0.6129032258064516,6
"month","2025-12",31,"19-91",19,91,19,13,2,0.6129032258064516,6
"month","2025-12",31,"37-73",37,73,19,14,2,0.6129032258064516,6
"month","2025-12",31,"78-87",78,87,19,15,3,0.6129032258064516,6
"month","2025-12",31,"22-77",22,77,18,17,1,0.5806451612903226,7
"month","2025-12",31,"25-52",25,52,18,14,1,0.5806451612903226,7
"month","2025-12",31,"35-53",35,53,18,15,1,0.5806451612903226,7
"month","2025-12",31,"56-65",56,65,18,15,1,0.5806451612903226,7
"month","2025-12",31,"89-98",89,98,18,14,1,0.5806451612903226,7
"month","2025-12",31,"08-80",8,80,17,12,3,0.5483870967741935,8
"month","2025-12",31,"15-51",15,51,17,15,0,0.5483870967741935,8
"month","2025-12",31,"38-83",38,83,17,13,1,0.5483870967741935,8
"month","2025-12",31,"49-94",49,94,17,16,0,0.5483870967741935,8
"month","2025-12",31,"05-50",5,50,16,13,2,0.5161290322580645,9
"month","2025-12",31,"24-42",24,42,16,12,2,0.5161290322580645,9
"month","2025-12",31,"44-99",44,99,16,14,1,0.5161290322580645,9
"month","2025-12",31,"57-75",57,75,16,12,3,0.5161290322580645,9
"month","2025-12",31,"67-76",67,76,16,14,2,0.5161290322580645,9
"month","2025-12",31,"26-62",26,62,15,12,2,0.4838709677419355,10
"month","2025-12",31,"48-84",48,84,15,9,3,0.4838709677419355,10
"month","2025-12",31,"68-86",68,86,15,13,0,0.4838709677419355,10
"month","2025-12",31,"23-32",23,32,14,11,0,0.45161290322580644,11
"month","2025-12",31,"33-88",33,88,14,12,1,0.45161290322580644,11
"month","2025-12",31,"45-54",45,54,14,12,1,0.45161290322580644,11
"month","2025-12",31,"79-97",79,97,14,11,2,0.45161290322580644,11
"month","2025-12",31,"07-70",7,70,13,9,2,0.41935483870967744,12
"month","2025-12",31,"18-81",18,81,13,12,0,0.41935483870967744,12
"month","2025-12",31,"47-74",47,74,13,11,1,0.41935483870967744,12
"month","2025-12",31,"11-66",11,66,12,12,0,0.3870967741935484,13
"month","2025-12",31,"09-90",9,90,11,9,0,0.3548387096774194,14
"month","2025-12",31,"39-93",39,93,11,11,0,0.3548387096774194,14
"month","2025-12",31,"00-55",0,55,9,8,0,0.2903225806451613,15
"month","2025-12",31,"04-40",4,40,9,8,0,0.2903225806451613,15
"month","2025-12",31,"34-43",34,43,9,9,0,0.2903225806451613,15
"month","2025-12",31,"02-20",2,20,8,8,0,0.25806451612903225,16
"month","2026-01",31,"45-54",45,54,25,18,4,0.8064516129032258,1
"month","2026-01",31,"15-51",15,51,22,16,2,0.7096774193548387,2
"month","2026-01",31,"49-94",49,94,22,19,2,0.7096774193548387,2
"month","2026-01",31,"12-21",12,21,21,14,3,0.6774193548387096,3
"month","2026-01",31,"22-77",22,77,21,13,2,0.6774193548387096,3
"month","2026-01",31,"25-52",25,52,21,14,4,0.6774193548387096,3
"month","2026-01",31,"29-92",29,92,21,13,3,0.6774193548387096,3
"month","2026-01",31,"39-93",39,93,21,15,3,0.6774193548387096,3
"month","2026-01",31,"47-74",47,74,21,15,4,0.6774193548387096,3
"month","2026-01",31,"58-85",58,85,21,13,3,0.6774193548387096,3
"month","2026-01",31,"67-76",67,76,21,15,4,0.6774193548387096,3
"month","2026-01",31,"17-71",17,71,20,14,1,0.6451612903225806,4
"month","2026-01",31,"33-88",33,88,20,18,0,0.6451612903225806,4
"month","2026-01",31,"02-20",2,20,19,15,2,0.6129032258064516,5
"month","2026-01",31,"14-41",14,41,19,14,2,0.6129032258064516,5
"month","2026-01",31,"34-43",34,43,19,15,3,0.6129032258064516,5
"month","2026-01",31,"68-86",68,86,19,17,1,0.6129032258064516,5
"month","2026-01",31,"01-10",1,10,18,16,1,0.5806451612903226,6
"month","2026-01",31,"08-80",8,80,18,14,2,0.5806451612903226,6
"month","2026-01",31,"35-53",35,53,18,14,2,0.5806451612903226,6
"month","2026-01",31,"44-99",44,99,18,13,4,0.5806451612903226,6
"month","2026-01",31,"38-83",38,83,17,13,3,0.5483870967741935,7
"month","2026-01",31,"56-65",56,65,17,12,2,0.5483870967741935,7
"month","2026-01",31,"78-87",78,87,17,11,3,0.5483870967741935,7
"month","2026-01",31,"13-31",13,31,16,14,1,0.5161290322580645,8
"month","2026-01",31,"19-91",19,91,16,12,1,0.5161290322580645,8
"month","2026-01",31,"28-82",28,82,16,16,0,0.5161290322580645,8
"month","2026-01",31,"36-63",36,63,16,11,2,0.5161290322580645,8
"month","2026-01",31,"57-75",57,75,16,13,3,0.5161290322580645,8
"month","2026-01",31,"69-96",69,96,16,12,3,0.5161290322580645,8
"month","2026-01",31,"79-97",79,97,16,12,0,0.5161290322580645,8
"month","2026-01",31,"89-98",89,98,16,14,1,0.5161290322580645,8
"month","2026-01",31,"23-32",23,32,15,14,0,0.4838709677419355,9
"month","2026-01",31,"24-42",24,42,15,12,3,0.4838709677419355,9
"month","2026-01",31,"26-62",26,62,15,13,0,0.4838709677419355,9
"month","2026-01",31,"27-72",27,72,15,12,2,0.4838709677419355,9
"month","2026-01",31,"46-64",46,64,15,11,1,0.4838709677419355,9
"month","2026-01",31,"06-60",6,60,14,12,1,0.45161290322580644,10
"month","2026-01",31,"07-70",7,70,14,12,1,0.45161290322580644,10
"month","2026-01",31,"48-84",48,84,14,11,3,0.45161290322580644,10
"month","2026-01",31,"00-55",0,55,13,10,0,0.41935483870967744,11
"month","2026-01",31,"05-50",5,50,13,12,0,0.41935483870967744,11
"month","2026-01",31,"11-66",11,66,13,9,2,0.41935483870967744,11
"month","2026-01",31,"37-73",37,73,13,12,0,0.41935483870967744,11
"month","2026-01",31,"04-40",4,40,12,10,1,0.3870967741935484,12
"month","2026-01",31,"16-61",16,61,11,9,2,0.3548387096774194,13
"month","2026-01",31,"59-95",59,95,11,10,0,0.3548387096774194,13
"month","2026-01",31,"03-30",3,30,10,8,0,0.3225806451612903,14
"month","2026-01",31,"09-90",9,90,10,8,1,0.3225806451612903,14
"month","2026-01",31,"18-81",18,81,10,9,0,0.3225806451612903,14
"month","2026-02",24,"09-90",9,90,25,18,4,1.0416666666666667,1
"month","2026-02",24,"01-10",1,10,20,14,2,0.8333333333333334,2
"month","2026-02",24,"16-61",16,61,19,16,0,0.7916666666666666,3
"month","2026-02",24,"45-54",45,54,18,12,4,0.75,4
"month","2026-02",24,"03-30",3,30,17,13,2,0.7083333333333334,5
"month","2026-02",24,"22-77",22,77,17,17,0,0.7083333333333334,5
"month","2026-02",24,"37-73",37,73,17,12,1,0.7083333333333334,5
"month","2026-02",24,"59-95",59,95,17,13,1,0.7083333333333334,5
"month","2026-02",24,"14-41",14,41,16,13,2,0.6666666666666666,6
"month","2026-02",24,"18-81",18,81,16,11,2,0.6666666666666666,6
"month","2026-02",24,"19-91",19,91,16,12,2,0.6666666666666666,6
"month","2026-02",24,"23-32",23,32,16,12,2,0.6666666666666666,6
"month","2026-02",24,"49-94",49,94,16,11,2,0.6666666666666666,6
"month","2026-02",24,"58-85",58,85,15,12,1,0.625,7
"month","2026-02",24,"89-98",89,98,15,12,2,0.625,7
"month","2026-02",24,"00-55",0,55,14,10,2,0.5833333333333334,8
"month","2026-02",24,"08-80",8,80,14,10,0,0.5833333333333334,8
"month","2026-02",24,"34-43",34,43,14,11,1,0.5833333333333334,8
"month","2026-02",24,"57-75",57,75,14,11,1,0.5833333333333334,8
"month","2026-02",24,"26-62",26,62,13,9,3,0.5416666666666666,9
"month","2026-02",24,"33-88",33,88,13,10,2,0.5416666666666666,9
"month","2026-02",24,"05-50",5,50,12,9,1,0.5,10
"month","2026-02",24,"12-21",12,21,12,8,1,0.5,10
"month","2026-02",24,"13-31",13,31,12,8,3,0.5,10
"month","2026-02",24,"29-92",29,92,12,9,1,0.5,10
"month","2026-02",24,"35-53",35,53,12,10,1,0.5,10
"month","2026-02",24,"46-64",46,64,12,11,1,0.5,10
"month","2026-02",24,"56-65",56,65,12,8,2,0.5,10
"month","2026-02",24,"02-20",2,20,11,10,0,0.4583333333333333,11
"month","2026-02",24,"07-70",7,70,11,10,0,0.4583333333333333,11
"month","2026-02",24,"24-42",24,42,11,11,0,0.4583333333333333,11
"month","2026-02",24,"25-52",25,52,11,8,0,0.4583333333333333,11
"month","2026-02",24,"36-63",36,63,11,10,1,0.4583333333333333,11
"month","2026-02",24,"38-83",38,83,11,10,1,0.4583333333333333,11
"month","2026-02",24,"47-74",47,74,11,10,1,0.4583333333333333,11
"month","2026-02",24,"67-76",67,76,11,9,2,0.4583333333333333,11
"month","2026-02",24,"78-87",78,87,11,8,1,0.4583333333333333,11
"month","2026-02",24,"79-97",79,97,11,8,2,0.4583333333333333,11
"month","2026-02",24,"04-40",4,40,10,8,1,0.4166666666666667,12
"month","2026-02",24,"15-51",15,51,10,9,0,0.4166666666666667,12
"month","2026-02",24,"17-71",17,71,10,8,1,0.4166666666666667,12
"month","2026-02",24,"28-82",28,82,10,9,1,0.4166666666666667,12
"month","2026-02",24,"44-99",44,99,10,9,1,0.4166666666666667,12
"month","2026-02",24,"68-86",68,86,10,7,3,0.4166666666666667,12
"month","2026-02",24,"69-96",69,96,10,8,2,0.4166666666666667,12
"month","2026-02",24,"06-60",6,60,9,7,0,0.375,13
"month","2026-02",24,"39-93",39,93,9,7,1,0.375,13
"month","2026-02",24,"48-84",48,84,9,7,1,0.375,13
"month","2026-02",24,"27-72",27,72,8,7,1,0.3333333333333333,14
"month","2026-02",24,"11-66",11,66,7,7,0,0.2916666666666667,15
"month","2026-03",31,"03-30",3,30,26,16,4,0.8387096774193549,1
"month","2026-03",31,"09-90",9,90,24,15,5,0.7741935483870968,2
"month","2026-03",31,"19-91",19,91,22,18,2,0.7096774193548387,3
"month","2026-03",31,"25-52",25,52,22,15,2,0.7096774193548387,3
"month","2026-03",31,"46-64",46,64,21,13,5,0.6774193548387096,4
"month","2026-03",31,"02-20",2,20,20,17,1,0.6451612903225806,5
"month","2026-03",31,"13-31",13,31,20,13,5,0.6451612903225806,5
"month","2026-03",31,"15-51",15,51,20,15,2,0.6451612903225806,5
"month","2026-03",31,"18-81",18,81,20,17,1,0.6451612903225806,5
"month","2026-03",31,"28-82",28,82,20,13,2,0.6451612903225806,5
"month","2026-03",31,"33-88",33,88,20,14,3,0.6451612903225806,5
"month","2026-03",31,"38-83",38,83,20,15,3,0.6451612903225806,5
"month","2026-03",31,"78-87",78,87,20,15,1,0.6451612903225806,5
"month","2026-03",31,"24-42",24,42,19,15,1,0.6129032258064516,6
"month","2026-03",31,"56-65",56,65,19,15,2,0.6129032258064516,6
"month","2026-03",31,"57-75",57,75,19,15,3,0.6129032258064516,6
"month","2026-03",31,"69-96",69,96,19,14,3,0.6129032258064516,6
"month","2026-03",31,"05-50",5,50,18,14,2,0.5806451612903226,7
"month","2026-03",31,"08-80",8,80,18,13,3,0.5806451612903226,7
"month","2026-03",31,"14-41",14,41,18,14,2,0.5806451612903226,7
"month","2026-03",31,"16-61",16,61,18,15,2,0.5806451612903226,7
"month","2026-03",31,"27-72",27,72,18,13,3,0.5806451612903226,7
"month","2026-03",31,"04-40",4,40,17,14,2,0.5483870967741935,8
"month","2026-03",31,"07-70",7,70,17,13,4,0.5483870967741935,8
"month","2026-03",31,"11-66",11,66,17,13,3,0.5483870967741935,8
"month","2026-03",31,"29-92",29,92,17,13,2,0.5483870967741935,8
"month","2026-03",31,"47-74",47,74,17,12,3,0.5483870967741935,8
"month","2026-03",31,"79-97",79,97,17,14,2,0.5483870967741935,8
"month","2026-03",31,"01-10",1,10,16,12,2,0.5161290322580645,9
"month","2026-03",31,"26-62",26,62,16,13,1,0.5161290322580645,9
"month","2026-03",31,"36-63",36,63,16,13,2,0.5161290322580645,9
"month","2026-03",31,"48-84",48,84,16,11,2,0.5161290322580645,9
"month","2026-03",31,"49-94",49,94,16,12,2,0.5161290322580645,9
"month","2026-03",31,"59-95",59,95,16,15,0,0.5161290322580645,9
"month","2026-03",31,"22-77",22,77,15,13,1,0.4838709677419355,10
"month","2026-03",31,"44-99",44,99,15,14,0,0.4838709677419355,10
"month","2026-03",31,"58-85",58,85,15,11,2,0.4838709677419355,10
"month","2026-03",31,"37-73",37,73,14,12,1,0.45161290322580644,11
"month","2026-03",31,"06-60",6,60,13,11,2,0.41935483870967744,12
"month","2026-03",31,"12-21",12,21,13,10,3,0.41935483870967744,12
"month","2026-03",31,"23-32",23,32,13,12,1,0.41935483870967744,12
"month","2026-03",31,"34-43",34,43,13,9,2,0.41935483870967744,12
"month","2026-03",31,"68-86",68,86,13,11,1,0.41935483870967744,12
"month","2026-03",31,"45-54",45,54,12,9,1,0.3870967741935484,13
"month","2026-03",31,"89-98",89,98,12,9,2,0.3870967741935484,13
"month","2026-03",31,"39-93",39,93,11,8,2,0.3548387096774194,14
"month","2026-03",31,"00-55",0,55,10,9,1,0.3225806451612903,15
"month","2026-03",31,"35-53",35,53,10,7,2,0.3225806451612903,15
"month","2026-03",31,"67-76",67,76,10,9,1,0.3225806451612903,15
"month","2026-03",31,"17-71",17,71,9,8,0,0.2903225806451613,16
"month","2026-04",30,"79-97",79,97,23,19,1,0.7666666666666667,1
"month","2026-04",30,"06-60",6,60,22,16,1,0.7333333333333333,2
"month","2026-04",30,"13-31",13,31,22,16,4,0.7333333333333333,2
"month","2026-04",30,"27-72",27,72,22,17,3,0.7333333333333333,2
"month","2026-04",30,"37-73",37,73,22,17,2,0.7333333333333333,2
"month","2026-04",30,"09-90",9,90,20,14,3,0.6666666666666666,3
"month","2026-04",30,"14-41",14,41,20,16,1,0.6666666666666666,3
"month","2026-04",30,"19-91",19,91,20,14,2,0.6666666666666666,3
"month","2026-04",30,"28-82",28,82,20,16,0,0.6666666666666666,3
"month","2026-04",30,"59-95",59,95,20,15,3,0.6666666666666666,3
"month","2026-04",30,"89-98",89,98,20,16,2,0.6666666666666666,3
"month","2026-04",30,"02-20",2,20,19,12,5,0.6333333333333333,4
"month","2026-04",30,"48-84",48,84,19,14,3,0.6333333333333333,4
"month","2026-04",30,"39-93",39,93,18,15,1,0.6,5
"month","2026-04",30,"44-99",44,99,18,14,2,0.6,5
"month","2026-04",30,"45-54",45,54,18,14,2,0.6,5
"month","2026-04",30,"49-94",49,94,18,13,3,0.6,5
"month","2026-04",30,"69-96",69,96,18,14,1,0.6,5
"month","2026-04",30,"03-30",3,30,17,14,1,0.5666666666666667,6
"month","2026-04",30,"17-71",17,71,17,13,3,0.5666666666666667,6
"month","2026-04",30,"25-52",25,52,17,13,2,0.5666666666666667,6
"month","2026-04",30,"05-50",5,50,16,14,1,0.5333333333333333,7
"month","2026-04",30,"07-70",7,70,16,10,3,0.5333333333333333,7
"month","2026-04",30,"08-80",8,80,16,13,0,0.5333333333333333,7
"month","2026-04",30,"11-66",11,66,16,12,3,0.5333333333333333,7
"month","2026-04",30,"12-21",12,21,16,13,0,0.5333333333333333,7
"month","2026-04",30,"16-61",16,61,16,12,0,0.5333333333333333,7
"month","2026-04",30,"22-77",22,77,16,13,1,0.5333333333333333,7
"month","2026-04",30,"36-63",36,63,16,13,1,0.5333333333333333,7
"month","2026-04",30,"56-65",56,65,16,14,0,0.5333333333333333,7
"month","2026-04",30,"78-87",78,87,16,12,2,0.5333333333333333,7
"month","2026-04",30,"01-10",1,10,15,12,1,0.5,8
"month","2026-04",30,"57-75",57,75,15,11,1,0.5,8
"month","2026-04",30,"00-55",0,55,14,12,0,0.4666666666666667,9
"month","2026-04",30,"23-32",23,32,14,9,0,0.4666666666666667,9
"month","2026-04",30,"24-42",24,42,14,12,2,0.4666666666666667,9
"month","2026-04",30,"34-43",34,43,14,12,0,0.4666666666666667,9
"month","2026-04",30,"58-85",58,85,14,13,0,0.4666666666666667,9
"month","2026-04",30,"04-40",4,40,13,11,1,0.43333333333333335,10
"month","2026-04",30,"15-51",15,51,13,11,0,0.43333333333333335,10
"month","2026-04",30,"26-62",26,62,13,12,0,0.43333333333333335,10
"month","2026-04",30,"29-92",29,92,13,10,1,0.43333333333333335,10
"month","2026-04",30,"18-81",18,81,12,11,1,0.4,11
"month","2026-04",30,"47-74",47,74,12,11,0,0.4,11
"month","2026-04",30,"68-86",68,86,12,11,0,0.4,11
"month","2026-04",30,"33-88",33,88,11,8,0,0.36666666666666664,12
"month","2026-04",30,"38-83",38,83,11,10,1,0.36666666666666664,12
"month","2026-04",30,"46-64",46,64,11,9,2,0.36666666666666664,12
"month","2026-04",30,"67-76",67,76,11,10,0,0.36666666666666664,12
"month","2026-04",30,"35-53",35,53,8,7,0,0.26666666666666666,13
"month","2026-05",31,"14-41",14,41,25,18,3,0.8064516129032258,1
"month","2026-05",31,"13-31",13,31,23,16,2,0.7419354838709677,2
"month","2026-05",31,"15-51",15,51,22,15,3,0.7096774193548387,3
"month","2026-05",31,"25-52",25,52,22,16,3,0.7096774193548387,3
"month","2026-05",31,"12-21",12,21,21,18,2,0.6774193548387096,4
"month","2026-05",31,"17-71",17,71,21,16,2,0.6774193548387096,4
"month","2026-05",31,"19-91",19,91,21,17,3,0.6774193548387096,4
"month","2026-05",31,"46-64",46,64,21,18,1,0.6774193548387096,4
"month","2026-05",31,"04-40",4,40,20,14,1,0.6451612903225806,5
"month","2026-05",31,"38-83",38,83,20,14,4,0.6451612903225806,5
"month","2026-05",31,"45-54",45,54,20,17,2,0.6451612903225806,5
"month","2026-05",31,"48-84",48,84,20,14,3,0.6451612903225806,5
"month","2026-05",31,"05-50",5,50,19,14,3,0.6129032258064516,6
"month","2026-05",31,"11-66",11,66,19,15,2,0.6129032258064516,6
"month","2026-05",31,"16-61",16,61,19,14,3,0.6129032258064516,6
"month","2026-05",31,"27-72",27,72,19,15,1,0.6129032258064516,6
"month","2026-05",31,"68-86",68,86,19,13,4,0.6129032258064516,6
"month","2026-05",31,"09-90",9,90,18,13,3,0.5806451612903226,7
"month","2026-05",31,"18-81",18,81,18,15,1,0.5806451612903226,7
"month","2026-05",31,"37-73",37,73,18,16,1,0.5806451612903226,7
"month","2026-05",31,"79-97",79,97,18,14,2,0.5806451612903226,7
"month","2026-05",31,"01-10",1,10,17,10,3,0.5483870967741935,8
"month","2026-05",31,"29-92",29,92,17,13,1,0.5483870967741935,8
"month","2026-05",31,"57-75",57,75,17,14,0,0.5483870967741935,8
"month","2026-05",31,"58-85",58,85,17,11,1,0.5483870967741935,8
"month","2026-05",31,"06-60",6,60,16,15,0,0.5161290322580645,9
"month","2026-05",31,"23-32",23,32,16,15,1,0.5161290322580645,9
"month","2026-05",31,"24-42",24,42,16,14,1,0.5161290322580645,9
"month","2026-05",31,"47-74",47,74,16,12,2,0.5161290322580645,9
"month","2026-05",31,"49-94",49,94,16,14,2,0.5161290322580645,9
"month","2026-05",31,"59-95",59,95,16,12,2,0.5161290322580645,9
"month","2026-05",31,"78-87",78,87,16,12,2,0.5161290322580645,9
"month","2026-05",31,"00-55",0,55,15,12,1,0.4838709677419355,10
"month","2026-05",31,"35-53",35,53,15,12,0,0.4838709677419355,10
"month","2026-05",31,"67-76",67,76,15,10,2,0.4838709677419355,10
"month","2026-05",31,"26-62",26,62,14,11,0,0.45161290322580644,11
"month","2026-05",31,"33-88",33,88,14,11,1,0.45161290322580644,11
"month","2026-05",31,"36-63",36,63,14,11,2,0.45161290322580644,11
"month","2026-05",31,"69-96",69,96,14,12,0,0.45161290322580644,11
"month","2026-05",31,"89-98",89,98,14,8,2,0.45161290322580644,11
"month","2026-05",31,"07-70",7,70,13,8,3,0.41935483870967744,12
"month","2026-05",31,"08-80",8,80,13,9,4,0.41935483870967744,12
"month","2026-05",31,"28-82",28,82,13,11,0,0.41935483870967744,12
"month","2026-05",31,"39-93",39,93,13,12,1,0.41935483870967744,12
"month","2026-05",31,"44-99",44,99,13,11,0,0.41935483870967744,12
"month","2026-05",31,"56-65",56,65,13,11,2,0.41935483870967744,12
"month","2026-05",31,"03-30",3,30,11,11,0,0.3548387096774194,13
"month","2026-05",31,"34-43",34,43,11,10,0,0.3548387096774194,13
"month","2026-05",31,"02-20",2,20,10,8,1,0.3225806451612903,14
"month","2026-05",31,"22-77",22,77,9,9,0,0.2903225806451613,15
"month","2026-06",30,"38-83",38,83,27,19,5,0.9,1
"month","2026-06",30,"00-55",0,55,25,17,2,0.8333333333333334,2
"month","2026-06",30,"13-31",13,31,23,16,4,0.7666666666666667,3
"month","2026-06",30,"23-32",23,32,23,14,5,0.7666666666666667,3
"month","2026-06",30,"25-52",25,52,23,19,0,0.7666666666666667,3
"month","2026-06",30,"06-60",6,60,22,16,6,0.7333333333333333,4
"month","2026-06",30,"45-54",45,54,22,17,2,0.7333333333333333,4
"month","2026-06",30,"67-76",67,76,22,15,3,0.7333333333333333,4
"month","2026-06",30,"12-21",12,21,21,16,1,0.7,5
"month","2026-06",30,"69-96",69,96,21,17,1,0.7,5
"month","2026-06",30,"47-74",47,74,20,15,0,0.6666666666666666,6
"month","2026-06",30,"48-84",48,84,20,16,3,0.6666666666666666,6
"month","2026-06",30,"58-85",58,85,20,17,2,0.6666666666666666,6
"month","2026-06",30,"07-70",7,70,18,16,2,0.6,7
"month","2026-06",30,"08-80",8,80,18,13,2,0.6,7
"month","2026-06",30,"29-92",29,92,18,12,0,0.6,7
"month","2026-06",30,"36-63",36,63,17,16,1,0.5666666666666667,8
"month","2026-06",30,"37-73",37,73,17,13,1,0.5666666666666667,8
"month","2026-06",30,"59-95",59,95,17,15,2,0.5666666666666667,8
"month","2026-06",30,"01-10",1,10,16,12,3,0.5333333333333333,9
"month","2026-06",30,"03-30",3,30,16,14,1,0.5333333333333333,9
"month","2026-06",30,"09-90",9,90,16,14,1,0.5333333333333333,9
"month","2026-06",30,"15-51",15,51,16,14,1,0.5333333333333333,9
"month","2026-06",30,"19-91",19,91,16,14,0,0.5333333333333333,9
"month","2026-06",30,"27-72",27,72,16,15,0,0.5333333333333333,9
"month","2026-06",30,"68-86",68,86,16,13,2,0.5333333333333333,9
"month","2026-06",30,"44-99",44,99,15,12,0,0.5,10
"month","2026-06",30,"57-75",57,75,15,14,1,0.5,10
"month","2026-06",30,"04-40",4,40,14,11,2,0.4666666666666667,11
"month","2026-06",30,"14-41",14,41,14,10,2,0.4666666666666667,11
"month","2026-06",30,"17-71",17,71,14,13,0,0.4666666666666667,11
"month","2026-06",30,"22-77",22,77,14,10,3,0.4666666666666667,11
"month","2026-06",30,"28-82",28,82,14,9,3,0.4666666666666667,11
"month","2026-06",30,"39-93",39,93,14,12,0,0.4666666666666667,11
"month","2026-06",30,"89-98",89,98,14,11,0,0.4666666666666667,11
"month","2026-06",30,"05-50",5,50,13,12,0,0.43333333333333335,12
"month","2026-06",30,"11-66",11,66,13,11,0,0.43333333333333335,12
"month","2026-06",30,"26-62",26,62,13,13,0,0.43333333333333335,12
"month","2026-06",30,"34-43",34,43,13,10,1,0.43333333333333335,12
"month","2026-06",30,"56-65",56,65,13,12,0,0.43333333333333335,12
"month","2026-06",30,"78-87",78,87,13,12,1,0.43333333333333335,12
"month","2026-06",30,"33-88",33,88,12,10,1,0.4,13
"month","2026-06",30,"46-64",46,64,12,10,2,0.4,13
"month","2026-06",30,"16-61",16,61,11,9,1,0.36666666666666664,14
"month","2026-06",30,"18-81",18,81,11,10,0,0.36666666666666664,14
"month","2026-06",30,"24-42",24,42,11,10,0,0.36666666666666664,14
"month","2026-06",30,"35-53",35,53,11,10,1,0.36666666666666664,14
"month","2026-06",30,"49-94",49,94,11,9,0,0.36666666666666664,14
"month","2026-06",30,"79-97",79,97,11,10,0,0.36666666666666664,14
"month","2026-06",30,"02-20",2,20,8,6,1,0.26666666666666666,15
"month","2026-07",31,"05-50",5,50,27,20,4,0.8709677419354839,1
"month","2026-07",31,"35-53",35,53,23,18,2,0.7419354838709677,2
"month","2026-07",31,"09-90",9,90,22,15,4,0.7096774193548387,3
"month","2026-07",31,"13-31",13,31,22,13,3,0.7096774193548387,3
"month","2026-07",31,"46-64",46,64,21,14,3,0.6774193548387096,4
"month","2026-07",31,"68-86",68,86,21,15,4,0.6774193548387096,4
"month","2026-07",31,"06-60",6,60,20,16,3,0.6451612903225806,5
"month","2026-07",31,"19-91",19,91,20,16,2,0.6451612903225806,5
"month","2026-07",31,"24-42",24,42,20,14,2,0.6451612903225806,5
"month","2026-07",31,"36-63",36,63,20,14,2,0.6451612903225806,5
"month","2026-07",31,"38-83",38,83,20,15,2,0.6451612903225806,5
"month","2026-07",31,"56-65",56,65,20,13,3,0.6451612903225806,5
"month","2026-07",31,"18-81",18,81,19,14,2,0.6129032258064516,6
"month","2026-07",31,"89-98",89,98,19,14,2,0.6129032258064516,6
"month","2026-07",31,"08-80",8,80,18,14,2,0.5806451612903226,7
"month","2026-07",31,"11-66",11,66,18,15,1,0.5806451612903226,7
"month","2026-07",31,"17-71",17,71,18,14,2,0.5806451612903226,7
"month","2026-07",31,"26-62",26,62,18,12,2,0.5806451612903226,7
"month","2026-07",31,"29-92",29,92,18,13,3,0.5806451612903226,7
"month","2026-07",31,"37-73",37,73,18,14,3,0.5806451612903226,7
"month","2026-07",31,"45-54",45,54,18,11,3,0.5806451612903226,7
"month","2026-07",31,"47-74",47,74,18,13,4,0.5806451612903226,7
"month","2026-07",31,"79-97",79,97,18,15,1,0.5806451612903226,7
"month","2026-07",31,"23-32",23,32,17,12,2,0.5483870967741935,8
"month","2026-07",31,"78-87",78,87,17,10,3,0.5483870967741935,8
"month","2026-07",31,"02-20",2,20,16,10,4,0.5161290322580645,9
"month","2026-07",31,"49-94",49,94,16,12,1,0.5161290322580645,9
"month","2026-07",31,"57-75",57,75,16,13,2,0.5161290322580645,9
"month","2026-07",31,"01-10",1,10,15,14,0,0.4838709677419355,10
"month","2026-07",31,"04-40",4,40,15,12,1,0.4838709677419355,10
"month","2026-07",31,"15-51",15,51,15,9,2,0.4838709677419355,10
"month","2026-07",31,"16-61",16,61,15,13,2,0.4838709677419355,10
"month","2026-07",31,"25-52",25,52,15,11,2,0.4838709677419355,10
"month","2026-07",31,"27-72",27,72,15,12,1,0.4838709677419355,10
"month","2026-07",31,"34-43",34,43,15,11,2,0.4838709677419355,10
"month","2026-07",31,"48-84",48,84,15,14,0,0.4838709677419355,10
"month","2026-07",31,"59-95",59,95,15,13,1,0.4838709677419355,10
"month","2026-07",31,"03-30",3,30,14,9,2,0.45161290322580644,11
"month","2026-07",31,"33-88",33,88,14,10,2,0.45161290322580644,11
"month","2026-07",31,"39-93",39,93,14,9,2,0.45161290322580644,11
"month","2026-07",31,"58-85",58,85,14,12,2,0.45161290322580644,11
"month","2026-07",31,"00-55",0,55,13,11,0,0.41935483870967744,12
"month","2026-07",31,"07-70",7,70,13,10,1,0.41935483870967744,12
"month","2026-07",31,"22-77",22,77,13,12,0,0.41935483870967744,12
"month","2026-07",31,"69-96",69,96,13,10,1,0.41935483870967744,12
"month","2026-07",31,"28-82",28,82,12,11,0,0.3870967741935484,13
"month","2026-07",31,"12-21",12,21,11,8,3,0.3548387096774194,14
"month","2026-07",31,"14-41",14,41,11,9,1,0.3548387096774194,14
"month","2026-07",31,"44-99",44,99,11,10,0,0.3548387096774194,14
"month","2026-07",31,"67-76",67,76,11,9,1,0.3548387096774194,14
"month","2026-08",31,"18-81",18,81,28,16,6,0.9032258064516129,1
"month","2026-08",31,"34-43",34,43,27,18,4,0.8709677419354839,2
"month","2026-08",31,"33-88",33,88,26,16,2,0.8387096774193549,3
"month","2026-08",31,"02-20",2,20,24,17,0,0.7741935483870968,4
"month","2026-08",31,"22-77",22,77,22,17,3,0.7096774193548387,5
"month","2026-08",31,"38-83",38,83,22,17,2,0.7096774193548387,5
"month","2026-08",31,"49-94",49,94,22,17,2,0.7096774193548387,5
"month","2026-08",31,"26-62",26,62,21,18,2,0.6774193548387096,6
"month","2026-08",31,"44-99",44,99,21,17,0,0.6774193548387096,6
"month","2026-08",31,"04-40",4,40,20,16,1,0.6451612903225806,7
"month","2026-08",31,"17-71",17,71,20,11,4,0.6451612903225806,7
"month","2026-08",31,"23-32",23,32,20,15,2,0.6451612903225806,7
"month","2026-08",31,"69-96",69,96,20,16,2,0.6451612903225806,7
"month","2026-08",31,"15-51",15,51,19,15,2,0.6129032258064516,8
"month","2026-08",31,"16-61",16,61,19,15,1,0.6129032258064516,8
"month","2026-08",31,"46-64",46,64,19,17,0,0.6129032258064516,8
"month","2026-08",31,"59-95",59,95,19,13,2,0.6129032258064516,8
"month","2026-08",31,"24-42",24,42,18,14,1,0.5806451612903226,9
"month","2026-08",31,"06-60",6,60,17,12,1,0.5483870967741935,10
"month","2026-08",31,"07-70",7,70,17,11,6,0.5483870967741935,10
"month","2026-08",31,"08-80",8,80,17,15,1,0.5483870967741935,10
"month","2026-08",31,"25-52",25,52,17,15,0,0.5483870967741935,10
"month","2026-08",31,"48-84",48,84,17,16,1,0.5483870967741935,10
"month","2026-08",31,"67-76",67,76,17,15,2,0.5483870967741935,10
"month","2026-08",31,"00-55",0,55,16,14,1,0.5161290322580645,11
"month","2026-08",31,"11-66",11,66,16,11,3,0.5161290322580645,11
"month","2026-08",31,"12-21",12,21,16,12,2,0.5161290322580645,11
"month","2026-08",31,"27-72",27,72,16,15,0,0.5161290322580645,11
"month","2026-08",31,"36-63",36,63,16,12,2,0.5161290322580645,11
"month","2026-08",31,"45-54",45,54,16,15,1,0.5161290322580645,11
"month","2026-08",31,"05-50",5,50,15,13,1,0.4838709677419355,12
"month","2026-08",31,"09-90",9,90,15,13,2,0.4838709677419355,12
"month","2026-08",31,"13-31",13,31,15,13,1,0.4838709677419355,12
"month","2026-08",31,"14-41",14,41,15,11,2,0.4838709677419355,12
"month","2026-08",31,"19-91",19,91,15,14,0,0.4838709677419355,12
"month","2026-08",31,"29-92",29,92,15,12,2,0.4838709677419355,12
"month","2026-08",31,"68-86",68,86,15,14,1,0.4838709677419355,12
"month","2026-08",31,"35-53",35,53,14,11,2,0.45161290322580644,13
"month","2026-08",31,"37-73",37,73,14,12,1,0.45161290322580644,13
"month","2026-08",31,"78-87",78,87,14,13,1,0.45161290322580644,13
"month","2026-08",31,"01-10",1,10,13,11,1,0.41935483870967744,14
"month","2026-08",31,"03-30",3,30,12,12,0,0.3870967741935484,15
"month","2026-08",31,"28-82",28,82,12,11,0,0.3870967741935484,15
"month","2026-08",31,"39-93",39,93,11,10,0,0.3548387096774194,16
"month","2026-08",31,"56-65",56,65,11,10,0,0.3548387096774194,16
"month","2026-08",31,"79-97",79,97,11,8,1,0.3548387096774194,16
"month","2026-08",31,"89-98",89,98,11,10,0,0.3548387096774194,16
"month","2026-08",31,"47-74",47,74,10,8,1,0.3225806451612903,17
"month","2026-08",31,"57-75",57,75,9,6,2,0.2903225806451613,18
"month","2026-08",31,"58-85",58,85,5,5,0,0.16129032258064516,19
"month","2026-09",23,"39-93",39,93,23,15,4,1.0,1
"month","2026-09",23,"46-64",46,64,21,14,4,0.9130434782608695,2
"month","2026-09",23,"44-99",44,99,20,15,2,0.8695652173913043,3
"month","2026-09",23,"22-77",22,77,18,14,1,0.782608695652174,4
"month","2026-09",23,"27-72",27,72,17,12,1,0.7391304347826086,5
"month","2026-09",23,"48-84",48,84,17,12,3,0.7391304347826086,5
"month","2026-09",23,"34-43",34,43,16,10,3,0.6956521739130435,6
"month","2026-09",23,"57-75",57,75,16,12,3,0.6956521739130435,6
"month","2026-09",23,"04-40",4,40,15,12,0,0.6521739130434783,7
"month","2026-09",23,"13-31",13,31,15,9,4,0.6521739130434783,7
"month","2026-09",23,"12-21",12,21,14,11,2,0.6086956521739131,8
"month","2026-09",23,"23-32",23,32,14,6,2,0.6086956521739131,8
"month","2026-09",23,"26-62",26,62,14,11,1,0.6086956521739131,8
"month","2026-09",23,"29-92",29,92,14,10,2,0.6086956521739131,8
"month","2026-09",23,"33-88",33,88,14,11,1,0.6086956521739131,8
"month","2026-09",23,"38-83",38,83,14,10,0,0.6086956521739131,8
"month","2026-09",23,"11-66",11,66,13,10,2,0.5652173913043478,9
"month","2026-09",23,"24-42",24,42,13,9,2,0.5652173913043478,9
"month","2026-09",23,"35-53",35,53,13,11,0,0.5652173913043478,9
"month","2026-09",23,"37-73",37,73,13,10,1,0.5652173913043478,9
"month","2026-09",23,"67-76",67,76,13,9,1,0.5652173913043478,9
"month","2026-09",23,"68-86",68,86,13,8,2,0.5652173913043478,9
"month","2026-09",23,"79-97",79,97,13,12,0,0.5652173913043478,9
"month","2026-09",23,"00-55",0,55,12,10,0,0.5217391304347826,10
"month","2026-09",23,"06-60",6,60,12,9,2,0.5217391304347826,10
"month","2026-09",23,"09-90",9,90,12,11,0,0.5217391304347826,10
"month","2026-09",23,"15-51",15,51,12,10,0,0.5217391304347826,10
"month","2026-09",23,"17-71",17,71,12,9,2,0.5217391304347826,10
"month","2026-09",23,"36-63",36,63,12,10,1,0.5217391304347826,10
"month","2026-09",23,"78-87",78,87,12,9,1,0.5217391304347826,10
"month","2026-09",23,"89-98",89,98,12,9,1,0.5217391304347826,10
"month","2026-09",23,"07-70",7,70,11,8,2,0.4782608695652174,11
"month","2026-09",23,"14-41",14,41,11,9,1,0.4782608695652174,11
"month","2026-09",23,"49-94",49,94,11,10,0,0.4782608695652174,11
"month","2026-09",23,"69-96",69,96,11,10,0,0.4782608695652174,11
"month","2026-09",23,"05-50",5,50,10,10,0,0.43478260869565216,12
"month","2026-09",23,"28-82",28,82,10,10,0,0.43478260869565216,12
"month","2026-09",23,"47-74",47,74,10,9,1,0.43478260869565216,12
"month","2026-09",23,"56-65",56,65,10,9,0,0.43478260869565216,12
"month","2026-09",23,"58-85",58,85,10,8,1,0.43478260869565216,12
"month","2026-09",23,"02-20",2,20,9,9,0,0.391304347826087,13
"month","2026-09",23,"03-30",3,30,9,8,0,0.391304347826087,13
"month","2026-09",23,"08-80",8,80,9,9,0,0.391304347826087,13
"month","2026-09",23,"19-91",19,91,8,7,0,0.34782608695652173,14
"month","2026-09",23,"25-52",25,52,8,7,1,0.34782608695652173,14
"month","2026-09",23,"59-95",59,95,8,8,0,0.34782608695652173,14
"month","2026-09",23,"01-10",1,10,7,7,0,0.30434782608695654,15
"month","2026-09",23,"16-61",16,61,7,5,1,0.30434782608695654,15
"month","2026-09",23,"45-54",45,54,7,6,0,0.30434782608695654,15
"month","2026-09",23,"18-81",18,81,6,6,0,0.2608695652173913,16
