rule,position_i,position_i_name,position_j,position_j_name,mode,train_days,validation_days,holdout_days,train_precision,train_baseline,train_lift,train_effect,train_p_value,train_q_value_fdr,validation_precision,validation_baseline,validation_lift,validation_effect,holdout_precision,holdout_baseline,holdout_lift,holdout_effect,production_eligible
head_tail,16,prize5_3,16,prize5_3,de,2533,844,845,0.011054086063955783,0.010014748404364315,1.1037807059774498,0.0010393376595914678,0.3351926820101032,0.9469642663909963,0.013033175355450236,0.009948855181382787,1.3100175967823025,0.0030843201740674495,0.027218934911242602,0.010011218738639076,2.718843291895023,0.017207716172603527,False
head_tail,7,prize3_4,23,prize7_1,de,2533,844,845,0.005527043031977891,0.01004242677397144,0.550369263961497,-0.004515383741993548,0.9913239874112882,0.9961063912099644,0.008293838862559242,0.010001107572041307,0.8292920361885882,-0.0017072687094820647,0.023668639053254437,0.010054933903117381,2.3539328335033938,0.013613705150137056,False
tail_tail,25,prize7_3,25,prize7_3,de,2533,844,845,0.010264508487958943,0.009771297798572599,1.0504754536760095,0.000493210689386344,0.4398421964568882,0.9622180214446507,0.016587677725118485,0.0098336319609563,1.6868312532926408,0.006754045764162185,0.022485207100591716,0.009790858623819858,2.2965510957219006,0.012694348476771858,False
tail_tail,21,prize6_2,20,prize6_1,de,2533,844,845,0.011843663639952625,0.009984242674420975,1.1862355539790088,0.00185942096553165,0.20004349867915888,0.9445822294163744,0.009478672985781991,0.009977437685674627,0.9500107426770753,-0.0004987646998926357,0.022485207100591716,0.010015679469708291,2.245000668062174,0.012469527630883425,False
tail_tail,16,prize5_3,5,prize3_2,de,2533,844,845,0.010659297275957363,0.009964004726751248,1.069780431490503,0.0006952925492061147,0.40039177962837524,0.9494918937002462,0.0071090047393364926,0.010060505588772794,0.7066249977804214,-0.002951500849436301,0.022485207100591716,0.010034860613305913,2.24070945945946,0.012450346487285803,False
head_tail,7,prize3_4,7,prize3_4,de,2533,844,845,0.011843663639952625,0.010045402942746398,1.1790132966746463,0.0017982606972062262,0.20952951162651873,0.9445822294163744,0.009478672985781991,0.010053359962699834,0.9428363274517119,-0.0005746869769178431,0.021301775147928994,0.009942969553280088,2.1423956931359354,0.011358805594648906,False
tail_tail,25,prize7_3,13,prize4_4,de,2533,844,845,0.010264508487958943,0.009998379476102033,1.0266172145689216,0.0002661290118569099,0.4861295716073825,0.9622180214446507,0.009478672985781991,0.009995301750857027,0.9483128395767803,-0.0005166287650750362,0.021301775147928994,0.009950552796097753,2.140762989196216,0.01135122235183124,False
tail_tail,23,prize7_1,10,prize4_1,de,2533,844,845,0.006711409395973154,0.009995849732643317,0.6714195966807895,-0.0032844403366701627,0.9609489067324554,0.9888452758037601,0.014218009478672985,0.009918932872202264,1.4334212824969157,0.0042990766064707215,0.020118343195266272,0.009878735025883394,2.0365302989253133,0.010239608169382878,False
tail_tail,18,prize5_5,26,prize7_4,de,2533,844,845,0.012633241215949467,0.010047783877766366,1.2573161773417694,0.0025854573381831007,0.11405121744171143,0.8951928852261679,0.011848341232227487,0.009976991084045069,1.1875665851977186,0.0018713501481824185,0.020118343195266272,0.009894347584625646,2.0333168026689505,0.010223995610640626,False
tail_tail,22,prize6_3,13,prize4_4,de,2533,844,845,0.011843663639952625,0.00997948080438104,1.1868015853844018,0.0018641828355715848,0.19931309744750936,0.9445822294163744,0.013033175355450236,0.009937690140643786,1.3114894075984862,0.0030954852148064507,0.020118343195266272,0.009929587360072439,2.026100628930818,0.010188755835193833,False
head_tail,22,prize6_3,7,prize3_4,de,2533,844,845,0.011054086063955783,0.010008944875253141,1.1044207158425585,0.0010451411887026415,0.33407745625628593,0.9469642663909963,0.013033175355450236,0.009926078498275225,1.3130236031998848,0.0031070968571750117,0.020118343195266272,0.00995278316163236,2.021378630333453,0.010165560033633912,False
head_tail,12,prize4_3,24,prize7_2,de,2533,844,845,0.006711409395973154,0.009983052206910991,0.6722803063502995,-0.003271642810937837,0.9604924780171549,0.9888452758037601,0.008293838862559242,0.009976544482415507,0.8313338227657708,-0.001682705619856265,0.020118343195266272,0.009968841793481531,2.018122427062825,0.010149501401784741,False
tail_tail,26,prize7_4,20,prize6_1,de,2533,844,845,0.008685353335965259,0.00995790358076258,0.8722070128038066,-0.0012725502447973203,0.7719208636638683,0.982710387641021,0.01066350710900474,0.009957787213973989,1.0708711563991244,0.0007057198950307514,0.020118343195266272,0.009968841793481535,2.018122427062824,0.010149501401784737,False
head_tail,12,prize4_3,7,prize3_4,de,2533,844,845,0.007106198183971575,0.00996162379173128,0.7133574136648412,-0.0028554256077597054,0.939110247519859,0.9839959698496815,0.0071090047393364926,0.009974758075897268,0.7126994645127782,-0.0028657533365607753,0.020118343195266272,0.009983562206009943,2.0151467762834545,0.010134780989256329,False
head_tail,2,prize2_1,23,prize7_1,de,2533,844,845,0.007895775759968417,0.010023230485372948,0.7877476000867029,-0.0021274547254045307,0.8799569003619864,0.9839959698496815,0.009478672985781991,0.009910894042870183,0.9563892969475213,-0.0004322210570881918,0.020118343195266272,0.01001567946970829,2.0086848082661564,0.010102663725557983,False
head_tail,12,prize4_3,23,prize7_1,de,2533,844,845,0.009080142123963679,0.010009986534324377,0.9071083255534611,-0.0009298444103606977,0.7156539111998989,0.982710387641021,0.013033175355450236,0.009991728937820547,1.3043964099263392,0.0030414464176296892,0.020118343195266272,0.010023262712525956,2.007165109034268,0.010095080482740316,False
head_tail,5,prize3_2,13,prize4_4,de,2533,844,845,0.012238452427951046,0.010023974527566688,1.220918149212608,0.0022144779003843585,0.1540501704204772,0.9321775641699296,0.013033175355450236,0.009962253230269585,1.3082557785070024,0.003070922125180651,0.020118343195266272,0.010037983125054366,2.0042216593343105,0.010080360070211906,False
tail_tail,21,prize6_2,9,prize3_6,de,2533,844,845,0.013422818791946308,0.009959094048272565,1.3477951635846372,0.0034637247436737437,0.04888398142042441,0.8352524262899428,0.008293838862559242,0.010005573588336909,0.8289218793240434,-0.0017117347257776666,0.020118343195266272,0.010055379976224304,2.0007541478129713,0.010062963219041968,False
head_tail,13,prize4_4,6,prize3_3,de,2533,844,845,0.0094749309119621,0.010021891209424216,0.9454234449334499,-0.0005469602974621148,0.6465994279724347,0.9770536338286936,0.011848341232227487,0.009971631864490347,1.1882048388108097,0.00187670936773714,0.020118343195266272,0.010057610341758911,2.000310462589258,0.010060732853507361,False
tail_tail,16,prize5_3,23,prize7_1,de,2533,844,845,0.011843663639952625,0.01001802219001677,1.1822357163228443,0.0018256414499358553,0.20526013129931475,0.9445822294163744,0.008293838862559242,0.010085068678398593,0.8223879407310313,-0.001791229815839351,0.01893491124260355,0.00988988685355643,1.9145730909746967,0.009045024389047121,False
head_tail,8,prize3_5,12,prize4_3,de,2533,844,845,0.005921831819976312,0.009987814076950928,0.5929056923118181,-0.004065982256974615,0.9845402071087191,0.9933949524241739,0.01066350710900474,0.010052466759440711,1.0607851151549617,0.000611040349564029,0.01893491124260355,0.00993226379871397,1.9064043833647717,0.00900264744388958,False
head_tail,22,prize6_3,21,prize6_2,de,2533,844,845,0.011054086063955783,0.010003290154580718,1.1050450294990077,0.001050795909375065,0.33299453015701463,0.9469642663909963,0.01066350710900474,0.010066311409957073,1.059326169708693,0.000597195699047667,0.01893491124260355,0.009950998869204674,1.9028151335843644,0.008983912373398876,False
head_tail,3,prize2_2,24,prize7_2,de,2533,844,845,0.010659297275957363,0.00998602837568595,1.0674210882387127,0.0006732689002714124,0.40481328711804476,0.9494918937002462,0.011848341232227487,0.009969845457972108,1.1884177424990368,0.0018784957742553794,0.01893491124260355,0.009966611427946926,1.8998344000358054,0.008968299814656624,False
tail_tail,6,prize3_3,23,prize7_1,de,2533,844,845,0.010264508487958943,0.009988855736022163,1.0275960289367991,0.0002756527519367797,0.4842011862906122,0.9622180214446507,0.008293838862559242,0.009930097912941263,0.8352222641984639,-0.0016362590503820208,0.01893491124260355,0.009973748597657671,1.8984748870700836,0.00896116264494588,False
tail_tail,26,prize7_4,19,prize5_6,de,2533,844,845,0.01381760757994473,0.009954034561355133,1.388141410879692,0.0038635730185895972,0.03151879007848328,0.8352524262899428,0.013033175355450236,0.009955554205826186,1.309136094886909,0.00307762114962405,0.01893491124260355,0.01000095905717988,1.8933095450490633,0.00893395218542367,False
head_tail,12,prize4_3,26,prize7_4,de,2533,844,845,0.012238452427951046,0.009985581950369707,1.2256123367449736,0.0022528704775813396,0.14903211428703117,0.9321775641699296,0.008293838862559242,0.009958233815603545,0.8328624348590445,-0.0016643949530443028,0.01893491124260355,0.01000943444621139,1.8917064040287,0.00892547679639216,False
tail_tail,14,prize5_1,25,prize7_3,de,2533,844,845,0.0094749309119621,0.009972933233076128,0.9500646089294614,-0.0004980023211140269,0.6376817406593637,0.9770536338286936,0.011848341232227487,0.010007359994855148,1.1839627272646132,0.001840981237372339,0.01893491124260355,0.010010772665532155,1.8914535246412973,0.008924138577071396,False
tail_tail,21,prize6_2,8,prize3_5,de,2533,844,845,0.011843663639952625,0.010000016368928262,1.184364425317631,0.001843647271024363,0.20247167255342197,0.9445822294163744,0.015402843601895734,0.009947068774864546,1.5484806580223411,0.005455774827031188,0.01893491124260355,0.010017463762135977,1.8901901411586588,0.008917447480467574,False
head_tail,25,prize7_3,15,prize5_2,de,2533,844,845,0.0094749309119621,0.010009540109008133,0.9465900339851869,-0.0005346091970460324,0.6443606443929619,0.9770536338286936,0.008293838862559242,0.010056039572477192,0.8247619555176581,-0.0017622007099179493,0.01893491124260355,0.01002147842009827,1.8894329208581855,0.00891343282250528,False
tail_tail,22,prize6_3,26,prize7_4,de,2533,844,845,0.011054086063955783,0.010037069670176512,1.1013260271372995,0.0010170163937792704,0.3394804500435322,0.9469642663909963,0.011848341232227487,0.010093107507730674,1.1739041938424233,0.0017552337244968134,0.01893491124260355,0.010024154858739798,1.8889284442862229,0.008910756383863752,False
head_tail,11,prize4_2,26,prize7_4,de,2533,844,845,0.015001973943939992,0.010022932868495453,1.496764883170563,0.0049790410754445395,0.007840272328060106,0.5672038784673793,0.004739336492890996,0.010092660906101112,0.4695824557056128,-0.005353324413210117,0.01893491124260355,0.010024600931846721,1.888844391047034,0.00891031031075683,False
tail_tail,15,prize5_2,2,prize2_1,de,2533,844,845,0.008290564547966837,0.009986623609440942,0.8301669184897766,-0.001696059061474105,0.8311000742792212,0.9839959698496815,0.005924170616113744,0.00998860272641363,0.5930930259592769,-0.004064432110299886,0.01893491124260355,0.010041997783016659,1.8855721393034826,0.008892913459586892,False
tail_tail,13,prize4_4,25,prize7_3,de,2533,844,845,0.0094749309119621,0.009962070217047524,0.9511005951100596,-0.0004871393050854232,0.6356869588790705,0.9770536338286936,0.015402843601895734,0.010137321069057117,1.5194195287856627,0.005265522532838617,0.01893491124260355,0.010058502487972755,1.8824781586766597,0.008876408754630796,False
head_tail,25,prize7_3,11,prize4_2,de,2533,844,845,0.011054086063955783,0.010022635251617956,1.1029121370221788,0.001031450812337827,0.3367063202275795,0.9469642663909963,0.005924170616113744,0.00990330181516766,0.5982015621335932,-0.003979131199053917,0.01893491124260355,0.010061178926614282,1.8819773886056308,0.008873732315989268,False
tail_tail,9,prize3_6,9,prize3_6,de,2533,844,845,0.008290564547966837,0.009813559395177028,0.8448070892648103,-0.0015229948472101906,0.8101479417395445,0.9839959698496815,0.01066350710900474,0.009872932904357581,1.08007490907775,0.0007905742046471591,0.01775147928994083,0.00983011305722895,1.8058265644143938,0.007921366232711878,False
tail_tail,15,prize5_2,15,prize5_2,de,2533,844,845,0.008685353335965259,0.009779035837387495,0.8881604976596121,-0.0010936825014222357,0.7454971581509662,0.982710387641021,0.0071090047393364926,0.009841224188658819,0.722369961607929,-0.002732219449322326,0.01775147928994083,0.009838588446260456,1.8042709466811755,0.007912890843680373,False
tail_tail,22,prize6_3,8,prize3_5,de,2533,844,845,0.013028030003947888,0.010005968706478182,1.3020258593766267,0.0030220612974697064,0.0765656176114546,0.8435413945880753,0.008293838862559242,0.01002611726329667,0.8272234051082861,-0.001732278400737428,0.01775147928994083,0.009930925579393207,1.7874949467726722,0.007820553710547622,False
tail_tail,20,prize6_1,26,prize7_4,de,2533,844,845,0.013422818791946308,0.009968617788352436,1.3465075175848191,0.0034542010035938722,0.04945368854610977,0.8352524262899428,0.008293838862559242,0.01004040851544259,0.8260459571742478,-0.001746569652883348,0.01775147928994083,0.009956797819594652,1.78285023072443,0.007794681470346176,False
tail_tail,1,prize1,23,prize7_1,de,2533,844,845,0.007106198183971575,0.00999867709297953,0.7107138392299038,-0.0028924789090079544,0.9410026732050224,0.9839959698496815,0.009478672985781991,0.009928311506423024,0.9547114813681921,-0.0004496385206410325,0.01775147928994083,0.009966611427946928,1.7810947500335672,0.007784867861993901,False
tail_tail,24,prize7_2,17,prize5_4,de,2533,844,845,0.008685353335965259,0.010075462247373494,0.862030259527734,-0.0013901089114082346,0.7881792121666475,0.9838743932696679,0.013033175355450236,0.01004130171870171,1.2979567510830021,0.0029918736367485262,0.01775147928994083,0.009968395720374614,1.7807759430796077,0.007783083569566215,False
head_tail,7,prize3_4,26,prize7_4,de,2533,844,845,0.009080142123963679,0.010021742400985467,0.9060442546468568,-0.0009416002770217882,0.717553601334223,0.982710387641021,0.0071090047393364926,0.009991282336190989,0.7115207538061309,-0.0028822775968544963,0.01775147928994083,0.009970626085909217,1.7803775948460994,0.007780853204031612,False
tail_tail,23,prize7_1,6,prize3_3,de,2533,844,845,0.007106198183971575,0.009989302161338406,0.7113808421447788,-0.0028831039773668313,0.9405296564574966,0.9839959698496815,0.01066350710900474,0.009947515376494104,1.0719769415187352,0.0007159917325106364,0.01775147928994083,0.009978209328726884,1.779024542894184,0.0077732699612139446,False
tail_tail,24,prize7_2,7,prize3_4,de,2533,844,845,0.011448874851954205,0.00997337965839237,1.1479433496066942,0.0014754951935618352,0.2586747894589816,0.9469642663909963,0.005924170616113744,0.010015845425816789,0.5914798366240391,-0.004091674809703045,0.01775147928994083,0.00999203759504145,1.7765625000000003,0.007759441694899378,False
tail_tail,24,prize7_2,6,prize3_3,de,2533,844,845,0.005132254243979471,0.009982456973156,0.5141273594046742,-0.004850202729176528,0.9947023064594778,0.9972173875150933,0.011848341232227487,0.010014952222557669,1.1830651778388213,0.0018333890096698183,0.01775147928994083,0.009993375814362217,1.7763245993840109,0.007758103475578612,False
tail_tail,7,prize3_4,15,prize5_2,de,2533,844,845,0.010264508487958943,0.010054926682826272,1.020843693021714,0.00020958180513267095,0.497546996340009,0.9630851840524135,0.011848341232227487,0.01001405901929855,1.1831707012505128,0.001834282212928938,0.01775147928994083,0.01000318942271449,1.774581939799331,0.00774828986722634,False
head_tail,1,prize1,9,prize3_6,de,2533,844,845,0.011054086063955783,0.010050908854980075,1.0998096016439993,0.0010031772089757075,0.34214470972104494,0.9469642663909963,0.005924170616113744,0.010001554173670869,0.5923250040187901,-0.004077383557557125,0.01775147928994083,0.01000318942271449,1.774581939799331,0.00774828986722634,False
head_tail,1,prize1,17,prize5_4,de,2533,844,845,0.011448874851954205,0.010064450422906143,1.1375558893804263,0.0013844244290480614,0.2747183378447305,0.9469642663909963,0.008293838862559242,0.010006466791596027,0.8288478876005323,-0.0017126279290367846,0.01775147928994083,0.010006311934462941,1.7740281740370896,0.007745167355477887,False
tail_tail,12,prize4_3,23,prize7_1,de,2533,844,845,0.007895775759968417,0.010000016368928262,0.7895762835450875,-0.0021042406089598446,0.8778645016232309,0.9839959698496815,0.005924170616113744,0.010126602629947676,0.5850106726409935,-0.004202432013833932,0.01775147928994083,0.01000943444621139,1.7734747537769062,0.007742044843729439,False
tail_tail,24,prize7_2,9,prize3_6,de,2533,844,845,0.011054086063955783,0.00997948080438104,1.1076814796921084,0.001074605259574743,0.3284391105981653,0.9469642663909963,0.0071090047393364926,0.01002656386492623,0.7090170506173499,-0.0029175591255897375,0.01775147928994083,0.010014787323494449,1.7725268362211035,0.00773669196644638,False
tail_tail,4,prize3_1,1,prize1,de,2533,844,845,0.012633241215949467,0.009965790428016224,1.2676607347104552,0.002667450787933243,0.10533935713347298,0.8951928852261679,0.014218009478672985,0.009988156124784068,1.423486907998283,0.004229853353888917,0.01775147928994083,0.01002103234699135,1.7714222123302914,0.007730446942949479,False
tail_tail,10,prize4_1,23,prize7_1,de,2533,844,845,0.012633241215949467,0.010044361283675163,1.2577446050732903,0.0025888799322743034,0.11368055285079842,0.8951928852261679,0.0071090047393364926,0.009983690108488466,0.7120618390681197,-0.002874685369151974,0.01775147928994083,0.010023262712525956,1.7710280373831775,0.007728216577414872,False
tail_tail,23,prize7_1,13,prize4_4,de,2533,844,845,0.010659297275957363,0.009986325992563449,1.067389276486173,0.0006729712833939139,0.4048729208160705,0.9494918937002462,0.011848341232227487,0.009926525099904786,1.193604117551784,0.0019218161323227012,0.01775147928994083,0.010025493078060565,1.7706340378197996,0.007725986211880264,False
tail_tail,14,prize5_1,7,prize3_4,de,2533,844,845,0.010264508487958943,0.009995105690449578,1.0269534716142903,0.0002694027975093643,0.48546678495810963,0.9622180214446507,0.011848341232227487,0.010035942499146992,1.1805907848948458,0.0018123987330804954,0.01775147928994083,0.01002683129738133,1.7703977222172789,0.007724647992559499,False
tail_tail,21,prize6_2,7,prize3_4,de,2533,844,845,0.014607185155941572,0.009985433141930958,1.4628494275929698,0.004621752014010614,0.012549592895597084,0.6497913596636627,0.008293838862559242,0.01004755414151555,0.825458489274507,-0.0017537152789563071,0.01775147928994083,0.01002683129738133,1.7703977222172789,0.007724647992559499,False
head_tail,22,prize6_3,12,prize4_3,de,2533,844,845,0.010264508487958943,0.00997486774277985,1.029037051181831,0.0002896407451790928,0.4813662455486203,0.9622180214446507,0.01066350710900474,0.01003817550729479,1.0622953445330299,0.0006253316017099508,0.01775147928994083,0.010034414540198995,1.7690597910646808,0.007717064749741834,False
head_tail,19,prize5_6,26,prize7_4,de,2533,844,845,0.008290564547966837,0.010032307800136576,0.8263865815454718,-0.0017417432521697387,0.836316459368573,0.9839959698496815,0.0071090047393364926,0.010035495897517432,0.7083859942681168,-0.0029264911581809395,0.01775147928994083,0.010040659563695894,1.7679594828735172,0.007710819726244935,False
head_tail,26,prize7_4,2,prize2_1,de,2533,844,845,0.012633241215949467,0.010015492446558054,1.2613699509394602,0.002617748769391413,0.11056997916535122,0.8951928852261679,0.005924170616113744,0.009974758075897268,0.5939162204273152,-0.004050587459783524,0.01775147928994083,0.010047796733406637,1.7667036625971146,0.007703682556534192,False
tail_tail,9,prize3_6,19,prize5_6,de,2533,844,845,0.012238452427951046,0.010004927047406945,1.22324254539397,0.0022335253805441015,0.1515487637557162,0.9321775641699296,0.008293838862559242,0.009995301750857027,0.8297737346296827,-0.001701462888297785,0.01775147928994083,0.010050919245155089,1.7661548020592934,0.00770056004478574,False
head_tail,25,prize7_3,16,prize5_3,de,2533,844,845,0.0094749309119621,0.010005819898039434,0.9469419806185642,-0.0005308889860773328,0.6436853865268511,0.9770536338286936,0.0071090047393364926,0.009895709587465142,0.7183926202059772,-0.002786704848128649,0.01775147928994083,0.010061624999721205,1.7642755807767334,0.007689854290219624,False
head_tail,11,prize4_2,16,prize5_3,de,2533,844,845,0.0094749309119621,0.01006236710476367,0.9416204769031464,-0.0005874361928015701,0.6538809738452052,0.9770536338286936,0.005924170616113744,0.01000021436878219,0.5924043623112032,-0.0040760437526684455,0.01775147928994083,0.010068762169431948,1.7630249867091974,0.007682717120508881,False
tail_tail,4,prize3_1,17,prize5_4,de,2533,844,845,0.007106198183971575,0.010028885206045373,0.7085730904256424,-0.002922687022073798,0.9425074476685216,0.9839959698496815,0.011848341232227487,0.00999440854759791,1.1854969882209947,0.0018539326846295778,0.01775147928994083,0.010070546461859634,1.7627126151665486,0.007680932828081195,False
head_tail,12,prize4_3,13,prize4_4,de,2533,844,845,0.014607185155941572,0.009962963067680013,1.4661486805393749,0.0046442220882615595,0.012106056212525059,0.6497913596636627,0.008293838862559242,0.00999932116552307,0.8294401915157795,-0.0017054823029638271,0.01775147928994083,0.010070546461859634,1.7627126151665486,0.007680932828081195,False
tail_tail,24,prize7_2,25,prize7_3,de,2533,844,845,0.0094749309119621,0.01002084955035298,0.9455217209231876,-0.0005459186383908795,0.6464117383216388,0.9770536338286936,0.013033175355450236,0.01005380656432939,1.296342362672021,0.0029793687911208455,0.01775147928994083,0.010086159020601886,1.7599840785458407,0.007665320269338943,False
head_tail,7,prize3_4,5,prize3_2,de,2533,844,845,0.012633241215949467,0.01004242677397144,1.2579868890548502,0.0025908144419780274,0.11346973529687687,0.8951928852261679,0.008293838862559242,0.01001182601115075,0.8284042145081141,-0.0017179871485915078,0.01775147928994083,0.01009285011720571,1.7588172898435426,0.007658629172735118,False
tail_tail,6,prize3_3,6,prize3_3,de,2533,844,845,0.011843663639952625,0.009784541749621171,1.2104464310156555,0.0020591218903314532,0.17054671923744752,0.9445822294163744,0.009478672985781991,0.009755476675783293,0.9716258160210223,-0.0002768036900013017,0.016568047337278107,0.009768554968473783,1.696059180784511,0.006799492368804325,False
tail_tail,23,prize7_1,19,prize5_6,de,2533,844,845,0.011054086063955783,0.010028141163851631,1.1023065873665967,0.0010259449001041518,0.33776335395578816,0.9469642663909963,0.01066350710900474,0.010047107539885993,1.061350947690338,0.000616399569118747,0.016568047337278107,0.009893901511518723,1.6745716862037872,0.006674145825759384,False
head_tail,14,prize5_1,26,prize7_4,de,2533,844,845,0.013028030003947888,0.010017724573139273,1.3004979233388196,0.003010305430808616,0.07754430980108318,0.8435413945880753,0.0071090047393364926,0.009909554237981502,0.7173889529852899,-0.0028005494986450092,0.016568047337278107,0.009897470096374095,1.6739679105822969,0.0066705772409040125,False
tail_tail,6,prize3_3,24,prize7_2,de,2533,844,845,0.009080142123963679,0.010003141346141971,0.9077290632772798,-0.0009229992221782921,0.7145450510761095,0.982710387641021,0.004739336492890996,0.009976097880785947,0.47506916527142334,-0.005236761387894952,0.016568047337278107,0.009902376900550229,1.6731384296589942,0.006665670436727878,False
head_tail,10,prize4_1,3,prize2_2,de,2533,844,845,0.013028030003947888,0.010022040017862964,1.2999379348642734,0.0030059899860849244,0.07790495164050905,0.8435413945880753,0.009478672985781991,0.009948855181382785,0.9527400703871294,-0.0004701821956007938,0.016568047337278107,0.009913082655116347,1.6713315033973812,0.00665496468216176,False
head_tail,12,prize4_3,9,prize3_6,de,2533,844,845,0.008685353335965259,0.00995046315882518,0.8728592023640748,-0.0012651098228599212,0.7708629227760952,0.982710387641021,0.011848341232227487,0.010053359962699834,1.1785454093146397,0.001794981269527653,0.016568047337278107,0.009918881605506327,1.6703543802842238,0.006649165731771781,False
tail_tail,22,prize6_3,6,prize3_3,de,2533,844,845,0.00986971969996052,0.010037664903931504,0.9832684986420295,-0.0001679452039709834,0.5731810083624186,0.9681595906586115,0.016587677725118485,0.010119010402245155,1.6392588865644504,0.00646866732287333,0.016568047337278107,0.009948322430563145,1.6654111738857502,0.006619724906714962,False
head_tail,16,prize5_3,0,special,de,2533,844,845,0.013028030003947888,0.010015046021241808,1.3008457451234445,0.00301298398270608,0.07732012754209198,0.8435413945880753,0.005924170616113744,0.009960466823751346,0.5947683698907761,-0.004036296207637602,0.016568047337278107,0.009957243892701573,1.6639190036735063,0.006610803444576534,False
head_tail,16,prize5_3,12,prize4_3,de,2533,844,845,0.01381760757994473,0.009926802617064249,1.391949463787278,0.0038908049628804814,0.03037740113364413,0.8352524262899428,0.015402843601895734,0.010002893978559546,1.5398387341613913,0.005399949623336188,0.016568047337278107,0.009962596769984632,1.663024984328826,0.006605450567293475,False
tail_tail,22,prize6_3,9,prize3_6,de,2533,844,845,0.013028030003947888,0.009993319989184603,1.303673855940532,0.0030347100147632856,0.0755223170659842,0.8435413945880753,0.01066350710900474,0.010001554173670869,1.0661850072338221,0.0006619529353338715,0.016568047337278107,0.009963488916198474,1.6628760744985676,0.006604558421079633,False
tail_tail,23,prize7_1,2,prize2_1,de,2533,844,845,0.010264508487958943,0.009994510456694587,1.0270146329261685,0.00026999803126435615,0.48534636945093407,0.9622180214446507,0.013033175355450236,0.009926525099904784,1.3129645293069627,0.003106650255545452,0.016568047337278107,0.00996438106241232,1.6627271913331543,0.0066036662748657875,False
head_tail,11,prize4_2,2,prize2_1,de,2533,844,845,0.013028030003947888,0.010009540109008133,1.301561296729632,0.003018489894939755,0.07686352076412274,0.8435413945880753,0.002369668246445498,0.009983243506858908,0.23736456441410408,-0.0076135752604134105,0.016568047337278107,0.009967503574160768,1.6622063101364961,0.006600543763117339,False
head_tail,11,prize4_2,24,prize7_2,de,2533,844,845,0.010659297275957363,0.01000537347272319,1.065357260777612,0.0006539238032341726,0.4086990853269026,0.9494918937002462,0.009478672985781991,0.01001093280789163,0.9468321451833082,-0.0005322598221096392,0.016568047337278107,0.009968395720374614,1.6620575468743006,0.006599651616903493,False
head_tail,7,prize3_4,8,prize3_5,de,2533,844,845,0.011054086063955783,0.009978885570626048,1.1077475521409632,0.0010752004933297348,0.32832542371828044,0.9469642663909963,0.008293838862559242,0.01003236968611051,0.826707858866265,-0.0017385308235512674,0.016568047337278107,0.009968841793481531,1.6619831752282088,0.006599205543796576,False
tail_tail,26,prize7_4,7,prize3_4,de,2533,844,845,0.00986971969996052,0.009961326174853785,0.9908037872382379,-9.160647489326462e-05,0.5582303946128317,0.9681595906586115,0.005924170616113744,0.01001450562092811,0.5915589685958669,-0.0040903350048143656,0.016568047337278107,0.009968841793481531,1.6619831752282088,0.006599205543796576,False
head_tail,0,special,20,prize6_1,de,2533,844,845,0.010264508487958943,0.010064896848222385,1.0198324575747453,0.0001996116397365577,0.49955394394412994,0.963425463320822,0.016587677725118485,0.010032816287740071,1.65334211744596,0.006554861437378413,0.016568047337278107,0.009975532890085357,1.6608683986942718,0.0065925144471927506,False
tail_tail,4,prize3_1,2,prize2_1,de,2533,844,845,0.00986971969996052,0.010000016368928262,0.9869703544313593,-0.0001302966689677408,0.565833266512081,0.9681595906586115,0.004739336492890996,0.009941709555309826,0.4767124272263351,-0.00520237306241883,0.016568047337278107,0.009981777913582257,1.6598292890021005,0.00658626942369585,False
tail_tail,19,prize5_6,7,prize3_4,de,2533,844,845,0.009080142123963679,0.010011325810273109,0.9069869761551566,-0.0009311836863094298,0.7158717700777245,0.982710387641021,0.009478672985781991,0.010060058987143232,0.9422084898205614,-0.0005813860013612407,0.016568047337278107,0.009984008279116864,1.6594584934322225,0.006584039058161243,False
head_tail,1,prize1,12,prize4_3,de,2533,844,845,0.00986971969996052,0.00997189157400489,0.9897540127380932,-0.00010217187404436973,0.5603120431558648,0.9681595906586115,0.009478672985781991,0.009914466855906664,0.9560446490508925,-0.00043579387012467226,0.016568047337278107,0.009986684717758392,1.6590137573700199,0.006581362619519715,False
head_tail,12,prize4_3,1,prize1,de,2533,844,845,0.010264508487958943,0.009990343820409643,1.0274429661759186,0.0002741646675492992,0.4845025946101133,0.9622180214446507,0.014218009478672985,0.010039515312183472,1.4162047705050753,0.004178494166489513,0.016568047337278107,0.009988915083293,1.6586433260393876,0.006579132253985107,False
tail_tail,15,prize5_2,10,prize4_1,de,2533,844,845,0.0094749309119621,0.00999198071323587,0.9482535228887241,-0.0005170498012737699,0.6411654393726511,0.9770536338286936,0.008293838862559242,0.01002299105188975,0.8274814194307307,-0.0017291521893305073,0.016568047337278107,0.009990699375720686,1.6583471000580436,0.006577347961557421,False
head_tail,12,prize4_3,11,prize4_2,de,2533,844,845,0.010264508487958943,0.009942725120010286,1.0323636994953276,0.00032178336794865675,0.47484065905375467,0.9622180214446507,0.014218009478672985,0.01001897163722371,1.4191086663873262,0.004199037841449276,0.016568047337278107,0.009992037595041449,1.6581250000000005,0.006576009742236658,False
head_tail,26,prize7_4,7,prize3_4,de,2533,844,845,0.0094749309119621,0.01002665307946415,0.9449744433033146,-0.0005517221675020497,0.6474612518688818,0.9770536338286936,0.016587677725118485,0.009970738661231228,1.663635793566188,0.006616939063887257,0.016568047337278107,0.010000066910966037,1.6567936479614598,0.00656798042631207,False
tail_tail,7,prize3_4,5,prize3_2,de,2533,844,845,0.011448874851954205,0.010043617241481423,1.1399154882833336,0.0014052576104727817,0.27101766254773496,0.9469642663909963,0.008293838862559242,0.009958680417233107,0.8328250847579243,-0.0016648415546738644,0.016568047337278107,0.010002297276500647,1.6564242072871602,0.00656575006077746,False
tail_tail,8,prize3_5,23,prize7_1,de,2533,844,845,0.008685353335965259,0.010006117514916929,0.8680043306524534,-0.0013207641789516698,0.7786946082266257,0.982710387641021,0.0071090047393364926,0.010023884255148871,0.7092065868263472,-0.0029148795158123785,0.016568047337278107,0.010003635495821409,1.6562026219566577,0.006564411841456699,False
head_tail,23,prize7_1,23,prize7_1,de,2533,844,845,0.010264508487958943,0.010076652714883476,1.0186426761337124,0.00018785577307546715,0.5019178290756087,0.964388139426382,0.01066350710900474,0.00998502991337715,1.0679494404637306,0.0006784771956275908,0.016568047337278107,0.010005865861356019,1.6558334447862333,0.0065621814759220885,False
head_tail,16,prize5_3,9,prize3_6,de,2533,844,845,0.011448874851954205,0.009925314532676768,1.153502472315761,0.0015235603192774363,0.2503474013064402,0.9469642663909963,0.0035545023696682463,0.010052020157811151,0.3536107482739317,-0.006497517788142905,0.016568047337278107,0.010006311934462938,1.6557596291012842,0.006561735402815169,False
tail_tail,17,prize5_4,20,prize6_1,de,2533,844,845,0.007500986971969996,0.009988260502267171,0.7509803103620891,-0.002487273530297175,0.91291812321666,0.9839959698496815,0.017772511848341232,0.010053806564329392,1.7677395854618465,0.007718705284011839,0.016568047337278107,0.01000675800756986,1.6556858199973254,0.0065612893297082465,False
head_tail,7,prize3_4,20,prize6_1,de,2533,844,845,0.011843663639952625,0.01000686155711067,1.1835542614793906,0.001836802082841954,0.20352928782089413,0.9445822294163744,0.013033175355450236,0.009954661002567068,1.30925355992427,0.003078514352883168,0.016568047337278107,0.010008988373104469,1.6553168731616008,0.006559058964173638,False
head_tail,16,prize5_3,4,prize3_1,de,2533,844,845,0.009080142123963679,0.01003632562798277,0.904727732094193,-0.0009561835040190914,0.7198975545267161,0.982710387641021,0.004739336492890996,0.00998324350685891,0.4747291288282081,-0.005243907013967914,0.016568047337278107,0.010008988373104469,1.6553168731616008,0.006559058964173638,False
head_tail,2,prize2_1,7,prize3_4,de,2533,844,845,0.010659297275957363,0.010017129339384282,1.064106982631069,0.0006421679365730803,0.4110608526888806,0.9494918937002462,0.01066350710900474,0.010006466791596029,1.0656615697721128,0.0006570403174087115,0.016568047337278107,0.01000943444621139,1.6552431035251125,0.006558612891066717,False
head_tail,23,prize7_1,26,prize7_4,de,2533,844,845,0.013422818791946308,0.010008498449936896,1.3411421162812829,0.0034143203420094123,0.05189641790378734,0.8352524262899428,0.01066350710900474,0.01001897163722371,1.064331499790495,0.0006445354717810308,0.016568047337278107,0.010011218738639078,1.6549480907187093,0.00655682859863903,False
tail_tail,7,prize3_4,6,prize3_3,de,2533,844,845,0.010659297275957363,0.009979183187503543,1.0681532822551543,0.0006801140884538197,0.4034386601038734,0.9494918937002462,0.008293838862559242,0.01000735999485515,0.8287739090852293,-0.0017135211322959077,0.016568047337278107,0.010014787323494449,1.65435838047303,0.006553260013783658,False
head_tail,11,prize4_2,25,prize7_3,de,2533,844,845,0.010264508487958943,0.01003126614106534,1.0232515361085646,0.0002332423468936022,0.4927766701097841,0.9622180214446507,0.009478672985781991,0.010002447376929988,0.9476353764823547,-0.0005237743911479971,0.016568047337278107,0.01002192449320519,1.6531802198780436,0.006546122844072917,False
tail_tail,6,prize3_3,22,prize6_3,de,2533,844,845,0.011843663639952625,0.009965790428016225,1.1884319387910514,0.0018778732119363994,0.19722119918714426,0.9445822294163744,0.009478672985781991,0.010078369653955192,0.9404966588085153,-0.000599696668173201,0.016568047337278107,0.010023708785632876,1.6528859418806465,0.0065443385516452315,False
tail_tail,25,prize7_3,26,prize7_4,de,2533,844,845,0.011054086063955783,0.010024718569760428,1.102682931898003,0.0010293674941953546,0.337105637920914,0.9469642663909963,0.011848341232227487,0.010022097848630628,1.1822216676767319,0.001826243383596859,0.016568047337278107,0.010030399882236701,1.6517833318509294,0.006537647455041406,False
head_tail,8,prize3_5,7,prize3_4,de,2533,844,845,0.00986971969996052,0.009970403489617412,0.9899017336899417,-0.00010068378965689094,0.5600193049289919,0.9681595906586115,0.0035545023696682463,0.00999351534433879,0.3556808837724786,-0.006439012974670543,0.016568047337278107,0.01004244385612358,1.6498023364278418,0.006525603481154527,False
tail_tail,14,prize5_1,24,prize7_2,de,2533,844,845,0.006711409395973154,0.009993468797623351,0.6715795618003293,-0.003282059401650197,0.9608640707518254,0.9888452758037601,0.011848341232227487,0.01005335996269983,1.1785454093146404,0.0017949812695276582,0.016568047337278107,0.010052703537582773,1.6481185658501956,0.006515343799695334,False
head_tail,5,prize3_2,22,prize6_3,de,2533,844,845,0.008685353335965259,0.010011623427150606,0.8675269699428942,-0.0013262700911853467,0.7794594569838977,0.982710387641021,0.017772511848341232,0.009916699864054463,1.792180069174233,0.00785581198428677,0.016568047337278107,0.010052703537582777,1.648118565850195,0.006515343799695331,False
tail_tail,15,prize5_2,16,prize5_3,de,2533,844,845,0.010659297275957363,0.010012962703099338,1.0645497833181745,0.000646334572858025,0.4102237046184273,0.9494918937002462,0.011848341232227487,0.009960466823751346,1.1895367397815522,0.0018878744084761413,0.016568047337278107,0.010062071072828126,1.6465842088930265,0.006505976264449981,False
tail_tail,0,special,25,prize7_3,de,2533,844,845,0.0094749309119621,0.010019063849088005,0.9456902415912407,-0.0005441329371259039,0.6460881943278517,0.9770536338286936,0.013033175355450236,0.010070330824623113,1.2942152132264244,0.0029628445308271228,0.016568047337278107,0.010074115046715005,1.6446156571023736,0.006493932290563102,False
head_tail,25,prize7_3,25,prize7_3,de,2533,844,845,0.009080142123963679,0.01001802219001677,0.906380715847514,-0.0009378800660530904,0.7169540841255496,0.982710387641021,0.0071090047393364926,0.010072117231141353,0.7058103650101096,-0.0029631124918048602,0.016568047337278107,0.010082144362639591,1.643305902132555,0.006485902974638516,False
tail_tail,10,prize4_1,12,prize4_3,de,2533,844,845,0.012633241215949467,0.009989748586654652,1.2646205363792906,0.002643492629294815,0.10783997196524037,0.8951928852261679,0.014218009478672985,0.010076583247436955,1.4109950892619707,0.0041414262312360305,0.016568047337278107,0.010111585187696412,1.638521263455091,0.006456462149581696,False
tail_tail,14,prize5_1,12,prize4_3,de,2533,844,845,0.008290564547966837,0.009948231032243961,0.8333707290367166,-0.001657666484277124,0.8266167453753515,0.9839959698496815,0.014218009478672985,0.010007359994855148,1.4207552727175359,0.004210649483817837,0.016568047337278107,0.010131658477507877,1.6352749526702772,0.00643638885977023,False
tail_tail,23,prize7_1,23,prize7_1,de,2533,844,845,0.007106198183971575,0.009827993813735583,0.7230568434058199,-0.0027217956297640074,0.9318187232808578,0.9839959698496815,0.009478672985781991,0.009821573716958179,0.9650869869678699,-0.00034290073117618745,0.015384615384615385,0.009792196843140621,1.5711096938775513,0.005592418541474764,False
tail_tail,7,prize3_4,7,prize3_4,de,2533,844,845,0.007895775759968417,0.009774125158908811,0.8078242944097829,-0.0018783493989403943,0.8558832264453107,0.9839959698496815,0.008293838862559242,0.009783165976816017,0.8477663449862594,-0.0014893271142567745,0.015384615384615385,0.009838588446260458,1.5637014871236852,0.0055460269383549275,False
head_tail,11,prize4_2,8,prize3_5,de,2533,844,845,0.010659297275957363,0.009972337999321134,1.0688864814532955,0.0006869592766362287,0.40206458261883027,0.9494918937002462,0.008293838862559242,0.009969398856342546,0.8319296862400776,-0.001675559993783304,0.015384615384615385,0.009883641830059528,1.5565735433497316,0.005500973554555857,False
tail_tail,25,prize7_3,17,prize5_4,de,2533,844,845,0.0094749309119621,0.010017129339384282,0.9458728734498392,-0.0005421984274221817,0.6457376531473012,0.9770536338286936,0.009478672985781991,0.009974758075897266,0.9502659526837045,-0.0004960850901152749,0.015384615384615385,0.009897024023267172,1.5544688331004646,0.0054875913613482135,False
tail_tail,22,prize6_3,23,prize7_1,de,2533,844,845,0.011843663639952625,0.010022635251617956,1.1816915753809059,0.0018210283883346688,0.20597631153199286,0.9445822294163744,0.005924170616113744,0.010052020157811151,0.5893512471232195,-0.004127849541697408,0.015384615384615385,0.009902822973657152,1.5535585585585587,0.005481792410958234,False
tail_tail,12,prize4_3,25,prize7_3,de,2533,844,845,0.011054086063955783,0.010035879202666529,1.1014566676947164,0.0010182068612892541,0.3392504985254645,0.9469642663909963,0.011848341232227487,0.010119010402245157,1.1708992046888929,0.0017293308299823305,0.015384615384615385,0.009908175850940212,1.5527192508553933,0.005476439533675173,False
head_tail,14,prize5_1,10,prize4_1,de,2533,844,845,0.007895775759968417,0.010010879384956865,0.788719497693003,-0.0021151036249884483,0.8788476233629972,0.9839959698496815,0.01066350710900474,0.00999172893782055,1.0672334263033683,0.0006717781711841897,0.015384615384615385,0.009911744435795582,1.5521602160216024,0.0054728709488198034,False
tail_tail,12,prize4_3,20,prize6_1,de,2533,844,845,0.011054086063955783,0.010014748404364315,1.1037807059774498,0.0010393376595914678,0.33519181048641766,0.9469642663909963,0.01066350710900474,0.010020758043741949,1.0641417607786863,0.0006427490652627914,0.015384615384615385,0.00991932767861325,1.5509736025543013,0.005465287706002136,False
tail_tail,7,prize3_4,3,prize2_2,de,2533,844,845,0.010659297275957363,0.010034688735156545,1.0622449342760878,0.0006246085408008178,0.4145896815066854,0.9494918937002462,0.004739336492890996,0.010019418238853271,0.47301513719756805,-0.005280081745962275,0.015384615384615385,0.009921558044147854,1.5506249438000181,0.005463057340467531,False
head_tail,23,prize7_1,8,prize3_5,de,2533,844,845,0.010264508487958943,0.010001802070193237,1.0262659084754944,0.0002627064177657054,0.4868222432108694,0.9622180214446507,0.015402843601895734,0.01005469976758851,1.5319048761204241,0.005348143834307224,0.015384615384615385,0.009933602018034735,1.5487448920023352,0.005451013366580651,False
head_tail,19,prize5_6,22,prize6_3,de,2533,844,845,0.008290564547966837,0.010020551933475485,0.8273560780889415,-0.0017299873855086481,0.8349866553222522,0.9839959698496815,0.009478672985781991,0.01000959300300295,0.9469588806396346,-0.000530920017220958,0.015384615384615385,0.00993761667599703,1.5481192207559025,0.005446998708618355,False
tail_tail,9,prize3_6,14,prize5_1,de,2533,844,845,0.012633241215949467,0.010044063666797668,1.2577818734573296,0.0025891775491517985,0.11364849896857016,0.8951928852261679,0.008293838862559242,0.009982796905229347,0.8308131419777389,-0.0016889580426701044,0.015384615384615385,0.00994073918774548,1.5476329369531077,0.005443876196869906,False
tail_tail,13,prize4_4,22,prize6_3,de,2533,844,845,0.010264508487958943,0.009997486625469546,1.0267088991956372,0.00026702186248939684,0.4859488069395529,0.9622180214446507,0.011848341232227487,0.010090427897953311,1.174215935345095,0.0017579133342741759,0.015384615384615385,0.009943415626387009,1.5472163653492441,0.005441199758228377,False
tail_tail,15,prize5_2,17,prize5_4,de,2533,844,845,0.00986971969996052,0.009997635433908294,0.9872054012377837,-0.00012791573394777336,0.5653670113853109,0.9681595906586115,0.01066350710900474,0.010076136645807395,1.0582932212855356,0.0005873704631973453,0.015384615384615385,0.009943861699493932,1.5471469585501523,0.005440753685121454,False
tail_tail,18,prize5_5,9,prize3_6,de,2533,844,845,0.012633241215949467,0.010028885206045373,1.2596854940900308,0.0026043560099040935,0.11200554578498223,0.8951928852261679,0.005924170616113744,0.010150272516314358,0.5836464594021418,-0.004226101900200614,0.015384615384615385,0.00994430777260085,1.5470775579778409,0.005440307612014535,False
tail_tail,15,prize5_2,18,prize5_5,de,2533,844,845,0.00986971969996052,0.00998230816471725,0.9887211992558317,-0.0001125884647567299,0.5623597370380985,0.9681595906586115,0.005924170616113744,0.010055146369218074,0.5891680139286157,-0.00413097575310433,0.015384615384615385,0.0099474302843493,1.5465919282511216,0.005437185100266086,False
tail_tail,7,prize3_4,1,prize1,de,2533,844,845,0.011054086063955783,0.010009688917446883,1.104338621821555,0.0010443971465088995,0.3342208640354578,0.9469642663909963,0.01066350710900474,0.009935010530866425,1.0733262009008444,0.0007284965781383154,0.015384615384615385,0.009954121380953125,1.5455523190678915,0.005430494003662261,False
tail_tail,26,prize7_4,22,prize6_3,de,2533,844,845,0.011448874851954205,0.010004480622090701,1.1443747341240447,0.0014443942298635031,0.26411523609342036,0.9469642663909963,0.015402843601895734,0.009907767831463262,1.5546229851069202,0.005495075770432472,0.015384615384615385,0.009955013527166967,1.545413810099924,0.005429601857448419,False
head_tail,21,prize6_2,24,prize7_2,de,2533,844,845,0.007500986971969996,0.009969213022107428,0.7524151560746101,-0.002468226050137432,0.9115857044482909,0.9839959698496815,0.011848341232227487,0.010052020157811151,1.178702494246439,0.001796321074416336,0.015384615384615385,0.009957689965808496,1.5449984321103796,0.005426925418806889,False
head_tail,0,special,26,prize7_4,de,2533,844,845,0.011843663639952625,0.010030670907310347,1.1807449122192784,0.0018129927326422778,0.207226911897177,0.9445822294163744,0.011848341232227487,0.009964039636787825,1.18911020671603,0.0018843015954396625,0.015384615384615385,0.009960366404450024,1.5445832773523225,0.005424248980165362,False
tail_tail,14,prize5_1,17,prize5_4,de,2533,844,845,0.009080142123963679,0.010036772053299017,0.904687490733547,-0.0009566299293353384,0.7199692791968488,0.982710387641021,0.01066350710900474,0.01006497160506839,1.0594671825636297,0.00059853550393635,0.015384615384615385,0.009960812477556945,1.5445141065830725,0.005423802907058441,False
tail_tail,20,prize6_1,21,prize6_2,de,2533,844,845,0.007106198183971575,0.009990641437287139,0.7112854793737041,-0.0028844432533155634,0.9405964975271176,0.9839959698496815,0.01066350710900474,0.010028350271444471,1.0633361241249086,0.000635156837560269,0.015384615384615385,0.00996482713551924,1.5438918483369892,0.005419788249096145,False
tail_tail,3,prize2_2,16,prize5_3,de,2533,844,845,0.007895775759968417,0.010052992173122546,0.7854154886421165,-0.002157216413154129,0.8825960698140517,0.9839959698496815,0.01066350710900474,0.010024777458407989,1.0637150952474297,0.0006387296505967512,0.015384615384615385,0.009965719281733083,1.5437536368112441,0.005418896102882303,False
tail_tail,10,prize4_1,13,prize4_4,de,2533,844,845,0.01381760757994473,0.0099787367621873,1.3847050893560164,0.0038388708177574307,0.03258139549229355,0.8352524262899428,0.005924170616113744,0.010046214336626873,0.589691839891886,-0.00412204372051313,0.015384615384615385,0.009968841793481531,1.5432700912833368,0.005415773591133854,False
tail_tail,7,prize3_4,23,prize7_1,de,2533,844,845,0.009080142123963679,0.009982605781594748,0.909596384213131,-0.0009024636576310686,0.7111978086246185,0.982710387641021,0.0035545023696682463,0.009931437717829944,0.35790410921943716,-0.006376935348161698,0.015384615384615385,0.009968841793481535,1.5432700912833361,0.005415773591133851,False
tail_tail,21,prize6_2,2,prize2_1,de,2533,844,845,0.010659297275957363,0.009947040564733976,1.0716048865577774,0.0007122567112233871,0.3969879862743212,0.9494918937002462,0.004739336492890996,0.010068097816475313,0.4707280937552676,-0.005328761323584317,0.015384615384615385,0.009969287866588454,1.5432010380777665,0.005415327518026931,False
tail_tail,5,prize3_2,13,prize4_4,de,2533,844,845,0.011054086063955783,0.010001950878631986,1.1051929966554388,0.0010521351853237972,0.3327379639985494,0.9469642663909963,0.0071090047393364926,0.009895709587465142,0.7183926202059772,-0.002786704848128649,0.015384615384615385,0.0099701800128023,1.5430629502035702,0.005414435371813086,False
head_tail,23,prize7_1,17,prize5_4,de,2533,844,845,0.012238452427951046,0.009987367651634684,1.225393202176543,0.0022510847763163623,0.14926337425328268,0.9321775641699296,0.02014218009478673,0.009935457132495985,2.0273028030997717,0.010206722962290745,0.015384615384615385,0.00997107215901614,1.5429248870397712,0.005413543225599246,False
tail_tail,25,prize7_3,24,prize7_2,de,2533,844,845,0.007106198183971575,0.00992605857487051,0.7159133839852722,-0.002819860390898935,0.9372421773049521,0.9839959698496815,0.0071090047393364926,0.010033262889369631,0.7085436530192559,-0.0029242581500331386,0.015384615384615385,0.00997107215901614,1.5429248870397712,0.005413543225599246,False
tail_tail,0,special,6,prize3_3,de,2533,844,845,0.011843663639952625,0.010043022007726433,1.179292809558806,0.001800641632226192,0.20915623303609354,0.9445822294163744,0.0071090047393364926,0.010044874531738192,0.7077245929627686,-0.0029358697924016996,0.015384615384615385,0.00997107215901614,1.5429248870397712,0.005413543225599246,False
tail_tail,9,prize3_6,23,prize7_1,de,2533,844,845,0.007500986971969996,0.010015492446558054,0.7489384083703046,-0.0025145054745880574,0.9147931281961665,0.9839959698496815,0.005924170616113744,0.009981010498711107,0.5935441723940436,-0.004056839882597364,0.015384615384615385,0.009972856451443827,1.542648834816836,0.005411758933171558,False
tail_tail,18,prize5_5,17,prize5_4,de,2533,844,845,0.01381760757994473,0.010010284151201873,1.3803411942392998,0.003807323428742857,0.033977721658446376,0.8352524262899428,0.016587677725118485,0.009966719246565187,1.6643067106395182,0.006620958478553297,0.015384615384615385,0.009973748597657671,1.542510845744443,0.0054108667869577146,False
tail_tail,4,prize3_1,11,prize4_2,de,2533,844,845,0.0094749309119621,0.010030373290432852,0.9446239574153694,-0.000555442378470751,0.6481319423472868,0.9770536338286936,0.009478672985781991,0.009910000839611063,0.9564754977512191,-0.00043132785382907213,0.015384615384615385,0.009975532890085357,1.542234941644681,0.005409082494530029,False
tail_tail,0,special,9,prize3_6,de,2533,844,845,0.011448874851954205,0.010020551933475485,1.1425393459323478,0.0014283229184787194,0.2669440264685242,0.9469642663909963,0.005924170616113744,0.009951088189530586,0.595328923157016,-0.004026917573416842,0.015384615384615385,0.009976425036299199,1.542097026604069,0.005408190348316187,False
tail_tail,1,prize1,2,prize2_1,de,2533,844,845,0.010264508487958943,0.009973826083708615,1.0291445230557141,0.0002906824042503281,0.48115511503860137,0.9622180214446507,0.011848341232227487,0.010087748288175954,1.1745278424636307,0.0017605929440515332,0.015384615384615385,0.009980439694261491,1.541476714043086,0.0054041756903538945,False
tail_tail,8,prize3_5,1,prize1,de,2533,844,845,0.013028030003947888,0.009961326174853784,1.3078609991544745,0.0030667038290941046,0.07292347154111041,0.8435413945880753,0.013033175355450236,0.009915806660795343,1.3143837714162179,0.003117368694654893,0.015384615384615385,0.009980439694261493,1.5414767140430858,0.005404175690353893,False
head_tail,4,prize3_1,13,prize4_4,de,2533,844,845,0.008685353335965259,0.009954778603548873,0.8724808136736396,-0.0012694252675836144,0.7714764215726188,0.982710387641021,0.009478672985781991,0.009868466888061981,0.9605010680279499,-0.0003897939022799897,0.015384615384615385,0.00998311613290302,1.54106344950849,0.005401499251712365,False
tail_tail,22,prize6_3,16,prize5_3,de,2533,844,845,0.009080142123963679,0.009991385479480879,0.908797097520799,-0.0009112433555171998,0.7126323797001617,0.982710387641021,0.014218009478672985,0.010016738629075908,1.4194250249678986,0.004201270849597077,0.015384615384615385,0.009984008279116864,1.5409257439013495,0.005400607105498521,False
tail_tail,22,prize6_3,10,prize4_1,de,2533,844,845,0.009080142123963679,0.009953885752916386,0.912220850164298,-0.0008737436289527074,0.7064778453069748,0.982710387641021,0.008293838862559242,0.009980117295451988,0.8310362110011278,-0.0016862784328927453,0.015384615384615385,0.009984454352223785,1.5408569003261405,0.0054001610323916,False
tail_tail,17,prize5_4,7,prize3_4,de,2533,844,845,0.008290564547966837,0.009988111693828423,0.83004323560874,-0.0016975471458615856,0.8312716876581911,0.9839959698496815,0.004739336492890996,0.01004532113336775,0.4717954189785177,-0.005305984640476755,0.015384615384615385,0.009987130790865315,1.54044396802001,0.005397484593750071,False
head_tail,5,prize3_2,23,prize7_1,de,2533,844,845,0.00986971969996052,0.0099898973950934,0.9879700771309318,-0.00012017769513287917,0.5638499174709083,0.9681595906586115,0.008293838862559242,0.009935457132495985,0.8347717424528472,-0.0016416182699367423,0.015384615384615385,0.009993375814362217,1.5394813194661428,0.005391239570253168,False
tail_tail,22,prize6_3,3,prize2_2,de,2533,844,845,0.011843663639952625,0.010054033832193781,1.1780011722288335,0.0017896298077588434,0.2108849306248919,0.9445822294163744,0.0071090047393364926,0.01003504929588787,0.708417520405166,-0.002926044556551378,0.015384615384615385,0.009993821887469136,1.5394126048919838,0.005390793497146249,False
head_tail,10,prize4_1,23,prize7_1,de,2533,844,845,0.0094749309119621,0.010013260319976834,0.9462383488681757,-0.0005383294080147337,0.6450363525630954,0.9770536338286936,0.004739336492890996,0.009957340612344427,0.4759640829214471,-0.0052180041194534316,0.015384615384615385,0.00999471403368298,1.5392751941444258,0.005389901350932405,False
tail_tail,4,prize3_1,23,prize7_1,de,2533,844,845,0.013028030003947888,0.010035432777350285,1.298203106232929,0.002992597226597603,0.07903460209492563,0.8435413945880753,0.004739336492890996,0.009923845490127425,0.477570564516129,-0.00518450899723643,0.015384615384615385,0.009995606179896825,1.5391378079257405,0.00538900920471856,False
head_tail,0,special,23,prize7_1,de,2533,844,845,0.013422818791946308,0.0099638559183125,1.3471510328924574,0.003458962873633809,0.049169658724899756,0.8352524262899428,0.0071090047393364926,0.010071670629511793,0.7058416623063347,-0.0029626658901753004,0.015384615384615385,0.009999174764752195,1.5385885082084227,0.00538544061986319,False
head_tail,16,prize5_3,15,prize5_2,de,2533,844,845,0.013422818791946308,0.010048379111521358,1.3358193040861541,0.0033744396804249507,0.05442316906553125,0.8352524262899428,0.005924170616113744,0.009962699831899147,0.594635060382467,-0.004038529215785403,0.015384615384615385,0.009999620837859116,1.5385198733104342,0.005384994546756269,False
head_tail,22,prize6_3,23,prize7_1,de,2533,844,845,0.007106198183971575,0.009948826265998953,0.7142750304382813,-0.0028426280820273778,0.9384428035819569,0.9839959698496815,0.01066350710900474,0.010001554173670869,1.0661850072338221,0.0006619529353338715,0.015384615384615385,0.01000363549582141,1.537902434674039,0.005380979888793975,False
tail_tail,26,prize7_4,21,prize6_2,de,2533,844,845,0.011843663639952625,0.010013409128415583,1.1827803586236412,0.0018302545115370418,0.2045427331150947,0.9445822294163744,0.014218009478672985,0.010024777458407989,1.4182867936632395,0.004193232020264996,0.015384615384615385,0.010006311934462938,1.537491084165478,0.0053783034501524475,False
tail_tail,16,prize5_3,6,prize3_3,de,2533,844,845,0.010264508487958943,0.009994510456694587,1.0270146329261685,0.00026999803126435615,0.48534622834230545,0.9622180214446507,0.011848341232227487,0.009985923116636267,1.186504351559495,0.00186241811559122,0.015384615384615385,0.01000675800756986,1.5374225471403737,0.005377857377045525,False
head_tail,26,prize7_4,8,prize3_5,de,2533,844,845,0.009080142123963679,0.01000388538833571,0.9076615506362065,-0.0009237432643720307,0.7146660383443266,0.982710387641021,0.013033175355450236,0.009963593035158267,1.3080798572824497,0.0030695823202919695,0.015384615384615385,0.010008096226890624,1.5372169727224108,0.005376519157724762,False
head_tail,0,special,7,prize3_4,de,2533,844,845,0.013422818791946308,0.010014897212803062,1.340285227769143,0.0034079215791432468,0.05229548109483385,0.8352524262899428,0.009478672985781991,0.009926971701534346,0.9548403350758959,-0.0004482987157523547,0.015384615384615385,0.010011218738639078,1.53673751281023,0.005373396645976308,False
head_tail,12,prize4_3,15,prize5_2,de,2533,844,845,0.009080142123963679,0.009945701288785245,0.9129715301426186,-0.0008655591648215662,0.7051230727965386,0.982710387641021,0.01066350710900474,0.010025670661667112,1.0636203271444353,0.000637836447337628,0.015384615384615385,0.010011664811745997,1.5366690429513457,0.005372950572869389,False
head_tail,20,prize6_1,2,prize2_1,de,2533,844,845,0.007500986971969996,0.010023230485372948,0.7483602200823677,-0.0025222435134029516,0.9153189979886068,0.9839959698496815,0.0071090047393364926,0.010061398792031911,0.7065622669649516,-0.002952394052695419,0.015384615384615385,0.01001255695795984,1.5365321215361312,0.005372058426655545,False
head_tail,15,prize5_2,13,prize4_4,de,2533,844,845,0.010264508487958943,0.010025462611954169,1.0238438748671548,0.00023904587600477416,0.4916050589202504,0.9622180214446507,0.01066350710900474,0.009932330921089066,1.0736157699259885,0.0007311761879156744,0.015384615384615385,0.010020140200777506,1.535369273917108,0.0053644751838378794,False
tail_tail,24,prize7_2,16,prize5_3,de,2533,844,845,0.007895775759968417,0.009968171363036193,0.7920987182511129,-0.0020723956030677757,0.8749455430437436,0.9839959698496815,0.004739336492890996,0.009974311474267706,0.47515425050819843,-0.005234974981376711,0.015384615384615385,0.010020140200777506,1.535369273917108,0.0053644751838378794,False
head_tail,0,special,13,prize4_4,de,2533,844,845,0.013422818791946308,0.009999272326734521,1.3423795605664657,0.003423546465211787,0.051324916050255714,0.8352524262899428,0.0071090047393364926,0.01000289397855955,0.7106948003821802,-0.0028938892392230573,0.015384615384615385,0.010023708785632876,1.5348226603177433,0.00536090659898251,False
head_tail,8,prize3_5,25,prize7_3,de,2533,844,845,0.007106198183971575,0.010004927047406945,0.7102698650674664,-0.00289872886343537,0.9413173856565844,0.9839959698496815,0.016587677725118485,0.010097126922396714,1.6428116485616222,0.0064905508027217704,0.015384615384615385,0.010026385224274407,1.534412955465587,0.005358230160340979,False
tail_tail,9,prize3_6,17,prize5_4,de,2533,844,845,0.011843663639952625,0.010009540109008133,1.1832375424814836,0.0018341235309444915,0.20394287737419425,0.9445822294163744,0.009478672985781991,0.01004442793010863,0.9436747470076655,-0.0005657549443266394,0.015384615384615385,0.01002683129738133,1.5343446925883084,0.005357784087234056,False
tail_tail,14,prize5_1,13,prize4_4,de,2533,844,845,0.011054086063955783,0.009973082041514876,1.108392171842267,0.0010810040224409068,0.3272190969000306,0.9469642663909963,0.009478672985781991,0.01000914640137339,0.9470011333315487,-0.0005304734155913982,0.015384615384615385,0.010031292028450541,1.5336623977232304,0.005353323356164844,False
tail_tail,21,prize6_2,16,prize5_3,de,2533,844,845,0.012633241215949467,0.00998156412252351,1.2656574722034213,0.002651677093425956,0.10698281173526025,0.8951928852261679,0.015402843601895734,0.009991728937820547,1.54155939354931,0.005411114664075187,0.015384615384615385,0.010031738101557464,1.533594201609676,0.0053528772830579215,False
head_tail,24,prize7_2,16,prize5_3,de,2533,844,845,0.010264508487958943,0.009992129521674619,1.027259351041586,0.0002723789662843236,0.484864182798892,0.9622180214446507,0.004739336492890996,0.010077923052325632,0.47026916838756,-0.005338586559434637,0.015384615384615385,0.01003619883262668,1.5329125738921727,0.005348416551988705,False
tail_tail,9,prize3_6,0,special,de,2533,844,845,0.011054086063955783,0.010053885023755035,1.0994840340661844,0.0010002010402007482,0.34271845703171966,0.9469642663909963,0.016587677725118485,0.010021651247001072,1.6551840925498442,0.006566026478117413,0.015384615384615385,0.010037537051947444,1.5327082037152253,0.005347078332667942,False
head_tail,22,prize6_3,6,prize3_3,de,2533,844,845,0.012633241215949467,0.01005418264063253,1.2565159861821134,0.002579058575316937,0.11474993167367437,0.8951928852261679,0.011848341232227487,0.009948855181382785,1.1909250879839115,0.0018994860508447023,0.015384615384615385,0.010037537051947444,1.5327082037152253,0.005347078332667942,False
head_tail,24,prize7_2,1,prize1,de,2533,844,845,0.0094749309119621,0.010047188644011376,0.9430429991587379,-0.000572257732049275,0.6511601057985763,0.9770536338286936,0.02014218009478673,0.009934563929236865,2.0274850751636335,0.010207616165549865,0.015384615384615385,0.01004244385612358,1.5319593123972817,0.005342171528491806,False
head_tail,0,special,2,prize2_1,de,2533,844,845,0.011054086063955783,0.010050016004347587,1.0999073095180982,0.0010040700596081961,0.3419732332815155,0.9469642663909963,0.008293838862559242,0.009922952286868302,0.8358237168523955,-0.0016291134243090599,0.015384615384615385,0.010049134952727402,1.530939275568182,0.005335480431887984,False
head_tail,1,prize1,26,prize7_4,de,2533,844,845,0.011448874851954205,0.010079480075219688,1.135859664041716,0.0013693947767345165,0.277398356590596,0.9469642663909963,0.0071090047393364926,0.010083282271880352,0.7050288336330378,-0.0029742775325438597,0.015384615384615385,0.010051811391368933,1.5305316410757077,0.005332803993246453,False
head_tail,19,prize5_6,2,prize2_1,de,2533,844,845,0.010264508487958943,0.010030075673555357,1.023372985611831,0.00023443281440358593,0.4925363992627791,0.9622180214446507,0.0071090047393364926,0.009997981360634388,0.7110440080761877,-0.0028889766212978956,0.015384615384615385,0.010058056414865834,1.529581337590917,0.005326558969749552,False
head_tail,26,prize7_4,1,prize1,de,2533,844,845,0.011054086063955783,0.009991087862603384,1.1063946405006804,0.001062998201352399,0.3306579784157333,0.9469642663909963,0.02014218009478673,0.009932777522718626,2.027849717636056,0.010209402572068104,0.015384615384615385,0.010071884681180398,1.527481287922406,0.005312730703434987,False
tail_tail,20,prize6_1,7,prize3_4,de,2533,844,845,0.008685353335965259,0.009952397668528904,0.8726895392684876,-0.0012670443325636452,0.7711397285835897,0.982710387641021,0.004739336492890996,0.00998860272641363,0.47447442076742163,-0.005249266233522634,0.015384615384615385,0.010071884681180402,1.5274812879224053,0.005312730703434984,False
tail_tail,11,prize4_2,23,prize7_1,de,2533,844,845,0.010659297275957363,0.010012962703099338,1.0645497833181745,0.000646334572858025,0.4102229354330388,0.9494918937002462,0.015402843601895734,0.010079262857214312,1.5281716351777677,0.005323580744681422,0.015384615384615385,0.010080360070211906,1.5261970085848309,0.00530425531440348,False
tail_tail,7,prize3_4,26,prize7_4,de,2533,844,845,0.011448874851954205,0.009982456973156,1.146899494056581,0.0014664178787982055,0.26025690115827416,0.9469642663909963,0.0071090047393364926,0.009967165848194749,0.7132423446755503,-0.0028581611088582563,0.015384615384615385,0.010081252216425751,1.5260619469026548,0.005303363168189634,False
head_tail,7,prize3_4,19,prize5_6,de,2533,844,845,0.011843663639952625,0.010003587771458213,1.1839415928097752,0.0018400758684944118,0.20302220991183645,0.9445822294163744,0.015402843601895734,0.009897049392353825,1.5563066315295473,0.0055057942095419095,0.015384615384615385,0.010094188336526474,1.524106235361704,0.005290427048088912,False
head_tail,17,prize5_4,1,prize1,de,2533,844,845,0.008685353335965259,0.01004317081616518,0.8648019131553135,-0.0013578174801999205,0.7838017598152001,0.982710387641021,0.009478672985781991,0.009811301879478299,0.9660973744583227,-0.0003326288936963077,0.015384615384615385,0.010107124456627195,1.5221555300556098,0.005277490927988191,False
tail_tail,15,prize5_2,6,prize3_3,de,2533,844,845,0.0094749309119621,0.009982903398472243,0.9491157565856161,-0.0005079724865101418,0.6395074975333248,0.9770536338286936,0.0071090047393364926,0.009960913425380908,0.7136900438490301,-0.002851908686044415,0.015384615384615385,0.010111585187696412,1.5214840303511559,0.005273030196918974,False
tail_tail,21,prize6_2,22,prize6_3,de,2533,844,845,0.011843663639952625,0.009988260502267171,1.185758384782246,0.0018554031376854536,0.20066061468062213,0.9445822294163744,0.011848341232227487,0.010050680352922472,1.1788596210586184,0.0017976608793050155,0.015384615384615385,0.010127643819545586,1.5190715292459478,0.005256971565069799,False
head_tail,3,prize2_2,12,prize4_3,de,2533,844,845,0.010659297275957363,0.009943617970642773,1.0719737330444048,0.0007156793053145899,0.39630121787768147,0.9494918937002462,0.011848341232227487,0.00999574835248659,1.1853380871958463,0.0018525928797408966,0.015384615384615385,0.010162437521885462,1.5138705995961725,0.005222177862729924,False
tail_tail,22,prize6_3,22,prize6_3,de,2533,844,845,0.009080142123963679,0.009753143169045344,0.93099649688137,-0.0006730010450816653,0.6721262952091287,0.982710387641021,0.011848341232227487,0.009737612610600894,1.2167603812179526,0.002110728621626593,0.014201183431952662,0.009747589532448473,1.4568918176825918,0.004453593899504189,False
head_tail,10,prize4_1,19,prize5_6,de,2533,844,845,0.00986971969996052,0.009946445330978984,0.9922861254985743,-7.672563101846289e-05,0.5552923140559437,0.9681595906586115,0.005924170616113744,0.009950641587901024,0.5953556425263007,-0.004026470971787281,0.014201183431952662,0.009828774837908186,1.444857946809476,0.004372408594044476,False
head_tail,7,prize3_4,1,prize1,de,2533,844,845,0.011448874851954205,0.010048825536837603,1.1393246713244463,0.0014000493151166016,0.2719424337423179,0.9469642663909963,0.014218009478672985,0.009924292091756985,1.4326472202971854,0.004293717386916,0.014201183431952662,0.009885426122487214,1.436577771761202,0.004315757309465448,False
tail_tail,24,prize7_2,11,prize4_2,de,2533,844,845,0.010264508487958943,0.009959540473588808,1.0306206913038671,0.0003049680143701345,0.4782564597119396,0.9622180214446507,0.014218009478672985,0.010060952190402352,1.4131872619607775,0.0041570572882706335,0.014201183431952662,0.009910852289581738,1.4328922495274103,0.004290331142370924,False
head_tail,0,special,15,prize5_2,de,2533,844,845,0.010264508487958943,0.010092575217829513,1.017035619395305,0.0001719332701294301,0.5051150720709003,0.9677500329558117,0.009478672985781991,0.009947068774864546,0.9529111741675946,-0.00046839578908255443,0.014201183431952662,0.009912636582009424,1.4326343263432635,0.004288546849943238,False
tail_tail,12,prize4_3,14,prize5_1,de,2533,844,845,0.006711409395973154,0.009961177366415037,0.6737566403145522,-0.003249767970441883,0.9597041454927197,0.9888452758037601,0.0071090047393364926,0.010035942499146988,0.7083544709369077,-0.002926937759810496,0.014201183431952662,0.00991442087443711,1.4323764959956808,0.004286762557515552,False
head_tail,20,prize6_1,4,prize3_1,de,2533,844,845,0.007500986971969996,0.010000313985805757,0.7500751459020932,-0.0024993270138357606,0.9137540556722349,0.9839959698496815,0.01066350710900474,0.01008238906862123,1.0576369386688405,0.0005811180403835093,0.014201183431952662,0.009921111971040935,1.4314104581628522,0.004280071460911727,False
head_tail,16,prize5_3,3,prize2_2,de,2533,844,845,0.013422818791946308,0.009952695285406401,1.3486616848029234,0.0034701235065399075,0.04850340856027149,0.8352524262899428,0.0035545023696682463,0.009964486238417386,0.35671707347681497,-0.00640998386874914,0.014201183431952662,0.009922004117254777,1.431281751562289,0.004279179314697885,False
head_tail,12,prize4_3,22,prize6_3,de,2533,844,845,0.005921831819976312,0.009980522463452275,0.5933388599305796,-0.004058690643475963,0.9844270628172473,0.9933949524241739,0.016587677725118485,0.009976991084045069,1.6625932192768063,0.006610686641073416,0.014201183431952662,0.009926910921430913,1.4305742787813427,0.004274272510521749,False
tail_tail,8,prize3_5,21,prize6_2,de,2533,844,845,0.011054086063955783,0.010042575582410188,1.1007222174476117,0.0010115104815455953,0.3405404488739028,0.9469642663909963,0.011848341232227487,0.009983243506858908,1.1868228220705204,0.001865097725368579,0.014201183431952662,0.009927356994537834,1.430509997753314,0.004273826437414828,False
head_tail,9,prize3_6,12,prize4_3,de,2533,844,845,0.0094749309119621,0.009981266505646014,0.9492714082529007,-0.0005063355936839129,0.6392074304240473,0.9770536338286936,0.017772511848341232,0.010074350239289154,1.7641348003794695,0.007698161609052078,0.014201183431952662,0.009927356994537836,1.4305099977533136,0.004273826437414826,False
head_tail,2,prize2_1,26,prize7_4,de,2533,844,845,0.012633241215949467,0.010021444784107972,1.260620747617478,0.0026117964318414944,0.11120591105244398,0.8951928852261679,0.004739336492890996,0.009992622141079668,0.47428356901514207,-0.005253285648188673,0.014201183431952662,0.0099411852608524,1.4285201471776003,0.004259998171100262,False
head_tail,25,prize7_3,7,prize3_4,de,2533,844,845,0.010264508487958943,0.009999123518295773,1.026540823220914,0.00026538496966316966,0.48628014676609344,0.9622180214446507,0.009478672985781991,0.009924292091756985,0.9550981468647904,-0.00044561910597499393,0.014201183431952662,0.009942077407066244,1.428391959798995,0.004259106024886418,False
head_tail,21,prize6_2,2,prize2_1,de,2533,844,845,0.010659297275957363,0.010036325627982772,1.0620716855018786,0.0006229716479745906,0.41491909914507374,0.9494918937002462,0.015402843601895734,0.010034156092628749,1.5350412590462799,0.005368687509266985,0.014201183431952662,0.009942523480173165,1.428327874736417,0.004258659951779497,False
tail_tail,22,prize6_3,25,prize7_3,de,2533,844,845,0.011448874851954205,0.010057307617846237,1.1383637934707986,0.0013915672341079672,0.27344928017422093,0.9469642663909963,0.008293838862559242,0.010016738629075908,0.8279979312312743,-0.001722899766516666,0.014201183431952662,0.009943861699493932,1.4281356540462944,0.0042573217324587305,False
tail_tail,15,prize5_2,3,prize2_2,de,2533,844,845,0.011448874851954205,0.009983052206910991,1.146831110832864,0.0014658226450432136,0.26036207839678893,0.9469642663909963,0.009478672985781991,0.010112311377801754,0.9373399049587509,-0.0006336383920197627,0.014201183431952662,0.009945199918814695,1.4279434850863422,0.0042559835131379675,False
head_tail,7,prize3_4,21,prize6_2,de,2533,844,845,0.009080142123963679,0.010021891209424216,0.906030801394556,-0.0009417490854605366,0.7175774007885768,0.982710387641021,0.005924170616113744,0.009941262953680266,0.5959173038392078,-0.004017092337566522,0.014201183431952662,0.009948322430563145,1.4274952919020716,0.004252861001389517,False
head_tail,4,prize3_1,23,prize7_1,de,2533,844,845,0.011054086063955783,0.009993022372307106,1.106180457935241,0.0010610636916486768,0.33102898938124536,0.9469642663909963,0.011848341232227487,0.009910447441240621,1.1955404942588823,0.0019378937909868658,0.014201183431952662,0.009949660649883908,1.427303295225286,0.004251522782068754,False
head_tail,0,special,11,prize4_2,de,2533,844,845,0.011054086063955783,0.010066384932609867,1.0981187524576252,0.0009877011313459156,0.34513023399075327,0.9469642663909963,0.009478672985781991,0.009918486270572704,0.9556572169590434,-0.00043981328479071255,0.014201183431952662,0.00995010672299083,1.427239307809558,0.004251076708961831,False
head_tail,2,prize2_1,8,prize3_5,de,2533,844,845,0.015001973943939992,0.009968766596791185,1.5048977020656629,0.005033207347148808,0.00713907797316775,0.5672038784673793,0.009478672985781991,0.009954214400937507,0.9522271275259323,-0.00047554141515551533,0.014201183431952662,0.009950552796097752,1.427175326130811,0.00425063063585491,False
head_tail,16,prize5_3,26,prize7_4,de,2533,844,845,0.012238452427951046,0.010004183005213206,1.2233335217452097,0.00223426942273784,0.1514509680270295,0.9321775641699296,0.011848341232227487,0.01001763183233503,1.1827487205092997,0.0018307093998924575,0.014201183431952662,0.009953675307846202,1.4267276149502555,0.00424750812410646,False
tail_tail,9,prize3_6,21,prize6_2,de,2533,844,845,0.0094749309119621,0.009975165359657347,0.9498520145121254,-0.0005002344476952459,0.6380909831514567,0.9770536338286936,0.008293838862559242,0.009934563929236865,0.8348467956556139,-0.0016407250666776226,0.014201183431952662,0.009953675307846202,1.4267276149502555,0.00424750812410646,False
head_tail,2,prize2_1,17,prize5_4,de,2533,844,845,0.011843663639952625,0.009982754590033494,1.1864123807848597,0.0018609090499191305,0.1998157928516377,0.9445822294163744,0.0071090047393364926,0.010010932807891629,0.7101241088874811,-0.002901928068555136,0.014201183431952662,0.009953675307846202,1.4267276149502555,0.00424750812410646,False
tail_tail,0,special,22,prize6_3,de,2533,844,845,0.009080142123963679,0.009990641437287139,0.9088647791997331,-0.0009104993133234596,0.7125112863244931,0.982710387641021,0.011848341232227487,0.009901068807019863,1.196672951492571,0.0019472724252076242,0.014201183431952662,0.009955013527166967,1.426535824707622,0.004246169904785695,False
tail_tail,16,prize5_3,2,prize2_1,de,2533,844,845,0.00986971969996052,0.00995805238920133,0.9911295215381074,-8.833268924080852e-05,0.5575844071990874,0.9681595906586115,0.01066350710900474,0.010021651247001068,1.064046916639186,0.0006418558620036718,0.014201183431952662,0.009957689965808496,1.4261523988711193,0.004243493466144166,False
head_tail,12,prize4_3,6,prize3_3,de,2533,844,845,0.0094749309119621,0.009961474983292534,0.9511574267719922,-0.0004865440713304331,0.6355766884150078,0.9770536338286936,0.008293838862559242,0.01002879687307403,0.8270023780047918,-0.001734958010514787,0.014201183431952662,0.009960366404450026,1.4257691790944511,0.0042408170275026365,False
head_tail,2,prize2_1,13,prize4_4,de,2533,844,845,0.011054086063955783,0.0099898973950934,1.1065264863866435,0.0010641886688623828,0.33043029042528144,0.9469642663909963,0.008293838862559242,0.009904195018426784,0.8374066592114282,-0.0016103561558675414,0.014201183431952662,0.009960812477556947,1.425705329153605,0.0042403709543957155,False
head_tail,5,prize3_2,18,prize5_5,de,2533,844,845,0.005921831819976312,0.01002233763474046,0.5908633330660751,-0.0041005058147641485,0.9850678300056122,0.9933949524241739,0.01066350710900474,0.01001495222255767,1.0647586600549392,0.0006485548864470694,0.014201183431952662,0.009962150696877711,1.4255138136390095,0.004239032735074951,False
head_tail,22,prize6_3,20,prize6_1,de,2533,844,845,0.011448874851954205,0.010017724573139273,1.1428618114189628,0.001431150278814932,0.26644580534282425,0.9469642663909963,0.011848341232227487,0.01002969007633315,1.1813267550695081,0.0018186511558943366,0.014201183431952662,0.009964827135519239,1.4251309369264515,0.004236356296433423,False
tail_tail,14,prize5_1,21,prize6_2,de,2533,844,845,0.006316620607974733,0.010016831722506786,0.630600651279979,-0.0037002111145320524,0.9755882340177959,0.9919115105331707,0.009478672985781991,0.01004308812521995,0.9438006385684685,-0.0005644151394379581,0.014201183431952662,0.009965719281733083,1.4250033570565328,0.004235464150219579,False
tail_tail,12,prize4_3,19,prize5_6,de,2533,844,845,0.007500986971969996,0.010040045838951472,0.7471068451569299,-0.0025390588669814756,0.9164551475599907,0.9839959698496815,0.009478672985781991,0.009948408579753223,0.9527828405713827,-0.0004697355939712322,0.014201183431952662,0.009967949647267691,1.4246845072943701,0.004233233784684971,False
head_tail,25,prize7_3,23,prize7_1,de,2533,844,845,0.010659297275957363,0.010006266323355677,1.0652621998554488,0.0006530309526016857,0.4088783257945159,0.9494918937002462,0.016587677725118485,0.010041301718701712,1.6519449559238208,0.006546376006416773,0.014201183431952662,0.00997062608590922,1.4243020758768787,0.0042305573460434415,False
tail_tail,7,prize3_4,12,prize4_3,de,2533,844,845,0.010659297275957363,0.009969510638984923,1.0691896184227025,0.0006897866369724396,0.40149735161477845,0.9494918937002462,0.014218009478672985,0.01002656386492623,1.4180341012346998,0.004191445613746755,0.014201183431952662,0.00997062608590922,1.4243020758768787,0.0042305573460434415,False
tail_tail,21,prize6_2,4,prize3_1,de,2533,844,845,0.009080142123963679,0.009992873563868358,0.9086617643992936,-0.0009127314399046786,0.7128740569369518,0.982710387641021,0.01066350710900474,0.009935010530866425,1.0733262009008444,0.0007284965781383154,0.014201183431952662,0.00997107215901614,1.424238357267481,0.004230111272936522,False
head_tail,20,prize6_1,9,prize3_6,de,2533,844,845,0.0094749309119621,0.009994808073572082,0.9479852781781152,-0.0005198771616099808,0.6416817862184577,0.9770536338286936,0.004739336492890996,0.010007806596484708,0.4735639570168863,-0.0052684701035937125,0.014201183431952662,0.009971072159016141,1.4242383572674808,0.0042301112729365205,False
head_tail,16,prize5_3,1,prize1,de,2533,844,845,0.012633241215949467,0.00995790358076258,1.268664745896446,0.0026753376351868873,0.10452207502113747,0.8951928852261679,0.011848341232227487,0.010107845361506156,1.1721925700752889,0.0017404958707213317,0.014201183431952662,0.009971964305229985,1.4241109371505254,0.004229219126722677,False
tail_tail,20,prize6_1,8,prize3_5,de,2533,844,845,0.007895775759968417,0.009964599960506242,0.7923826135783257,-0.0020688242005378246,0.874614013643364,0.9839959698496815,0.009478672985781991,0.009942602758568946,0.9533392026160232,-0.0004639297727869543,0.014201183431952662,0.009972856451443827,1.4239835398309253,0.004228326980508835,False
tail_tail,22,prize6_3,0,special,de,2533,844,845,0.00986971969996052,0.010030670907310349,0.9839540935160651,-0.00016095120734982774,0.5718201464068947,0.9681595906586115,0.008293838862559242,0.010124816223429436,0.8191594473948869,-0.001830977360870194,0.014201183431952662,0.009973302524550748,1.4239198497182217,0.004227880907401914,False
head_tail,5,prize3_2,12,prize4_3,de,2533,844,845,0.008290564547966837,0.009990195011970893,0.8298701414769731,-0.0016996304640040562,0.8315112886797018,0.9839959698496815,0.017772511848341232,0.009960466823751346,1.7843051096723281,0.007812045024589886,0.014201183431952662,0.009973748597657671,1.4238561653025625,0.004227434834294991,False
head_tail,5,prize3_2,6,prize3_3,de,2533,844,845,0.010264508487958943,0.00998468909973722,1.0280248473864937,0.0002798193882217227,0.4833569240368936,0.9622180214446507,0.0071090047393364926,0.01002835027144447,0.7088907494166058,-0.002919345532107977,0.014201183431952662,0.009973748597657671,1.4238561653025625,0.004227434834294991,False
tail_tail,3,prize2_2,7,prize3_4,de,2533,844,845,0.011054086063955783,0.010015641254996802,1.103682308752912,0.0010384448089589809,0.3353621672177186,0.9469642663909963,0.015402843601895734,0.01001763183233503,1.5375733366620896,0.005385211769560704,0.014201183431952662,0.00997687110940612,1.4234105338460163,0.0042243123225465425,False
tail_tail,7,prize3_4,0,special,de,2533,844,845,0.011448874851954205,0.010061325445692434,1.1379092062722038,0.0013875494062617708,0.2741626516762957,0.9469642663909963,0.0071090047393364926,0.01000914640137339,0.7102508499986614,-0.002900141662036897,0.014201183431952662,0.009976871109406121,1.4234105338460161,0.004224312322546541,False
tail_tail,26,prize7_4,14,prize5_1,de,2533,844,845,0.010264508487958943,0.00997427250902486,1.0290984609325116,0.0002902359789340829,0.48124561989925396,0.9622180214446507,0.013033175355450236,0.010012719214409868,1.3016619238351814,0.003020456141040368,0.014201183431952662,0.009977317182513042,1.4233468949792103,0.00422386624943962,False
tail_tail,8,prize3_5,20,prize6_1,de,2533,844,845,0.013028030003947888,0.00999867709297953,1.3029753719214903,0.003029352910968359,0.07596304117584023,0.8435413945880753,0.014218009478672985,0.010025670661667112,1.4181604361925801,0.004192338817005873,0.014201183431952662,0.009982223986689178,1.4226472428277772,0.004218959445263484,False
tail_tail,21,prize6_2,17,prize5_4,de,2533,844,845,0.012633241215949467,0.01000983772588563,1.2620825194078487,0.0026234034900638366,0.10996693140547459,0.8951928852261679,0.011848341232227487,0.00985328243265694,1.2024765668908752,0.001995058799570548,0.014201183431952662,0.009982223986689178,1.4226472428277772,0.004218959445263484,False
head_tail,25,prize7_3,17,prize5_4,de,2533,844,845,0.011843663639952625,0.010042277965532692,1.1793801845161709,0.0018013856744199322,0.20904215246790148,0.9445822294163744,0.013033175355450236,0.009925631896645665,1.3130826824088404,0.0031075434588045715,0.014201183431952662,0.00998222398668918,1.422647242827777,0.004218959445263482,False
tail_tail,17,prize5_4,10,prize4_1,de,2533,844,845,0.006316620607974733,0.010000313985805758,0.6316422281280784,-0.003683693377831025,0.9751987711337021,0.9919115105331707,0.009478672985781991,0.009962699831899147,0.9514160966119475,-0.00048402684611715575,0.014201183431952662,0.00998311613290302,1.422520107238606,0.004218067299049642,False
tail_tail,0,special,26,prize7_4,de,2533,844,845,0.014607185155941572,0.009986921226318439,1.4626314581762592,0.004620263929623133,0.012579475526708208,0.6497913596636627,0.004739336492890996,0.010061398792031911,0.47104151130996774,-0.005322062299140916,0.014201183431952662,0.00998311613290302,1.422520107238606,0.004218067299049642,False
tail_tail,20,prize6_1,2,prize2_1,de,2533,844,845,0.010264508487958943,0.009983796249104731,1.0281167836211986,0.0002807122388542114,0.4831760390180683,0.9622180214446507,0.008293838862559242,0.010001554173670869,0.8292550056263062,-0.0017077153111116263,0.014201183431952662,0.009983562206009943,1.4224565479647915,0.004217621225942719,False
head_tail,1,prize1,5,prize3_2,de,2533,844,845,0.010659297275957363,0.010040343455828969,1.0616466780097107,0.0006189538201283942,0.41572612667767567,0.9494918937002462,0.008293838862559242,0.01001807843396459,0.8278871958558832,-0.0017242395714053473,0.014201183431952662,0.009986684717758392,1.4220117920314457,0.00421449871419427,False
head_tail,8,prize3_5,20,prize6_1,de,2533,844,845,0.011843663639952625,0.010056563575652497,1.1777048442896336,0.0017871000643001275,0.21128361058315426,0.9445822294163744,0.0071090047393364926,0.009945728969975866,0.7147796567548877,-0.0028367242306393736,0.014201183431952662,0.009987130790865315,1.4219482781723167,0.0042140526410873475,False
head_tail,6,prize3_3,14,prize5_1,de,2533,844,845,0.014607185155941572,0.010023974527566688,1.457224887769887,0.004583210628374884,0.013341467951189638,0.6497913596636627,0.008293838862559242,0.009951981392789706,0.8333856882578377,-0.0016581425302304633,0.014201183431952662,0.009988022937079158,1.4218212674735384,0.004213160494873504,False
tail_tail,20,prize6_1,1,prize1,de,2533,844,845,0.007106198183971575,0.009926356191748007,0.7158919191192343,-0.002820158007776432,0.9372580105616423,0.9839959698496815,0.011848341232227487,0.009963593035158267,1.189163506620409,0.0018847481970692206,0.014201183431952662,0.00998980722950684,1.4215673141326193,0.004211376202445822,False
head_tail,21,prize6_2,22,prize6_3,de,2533,844,845,0.013028030003947888,0.009981415314084764,1.3052287269886516,0.0030466146898631245,0.07454791455333815,0.8435413945880753,0.005924170616113744,0.009984136710118028,0.5933583231197272,-0.004059966094004284,0.014201183431952662,0.009989807229506844,1.4215673141326188,0.004211376202445818,False
tail_tail,25,prize7_3,5,prize3_2,de,2533,844,845,0.012633241215949467,0.010014004362170573,1.2615573909347852,0.0026192368537788936,0.11041147545607921,0.8951928852261679,0.009478672985781991,0.010056039572477192,0.9425850920201806,-0.0005773665866952004,0.014201183431952662,0.00999159152193453,1.4213134514933703,0.004209591910018132,False
tail_tail,24,prize7_2,26,prize7_4,de,2533,844,845,0.012238452427951046,0.009939153717480335,1.2313374735745213,0.0022992987104707117,0.14308544475698137,0.9321775641699296,0.011848341232227487,0.009986369718265827,1.186451289757075,0.0018619715139616601,0.014201183431952662,0.00999203759504145,1.4212500000000001,0.004209145836911211,False
tail_tail,26,prize7_4,12,prize4_3,de,2533,844,845,0.011448874851954205,0.009941237035622805,1.1516549510819454,0.0015076378163313992,0.2530959070178953,0.9469642663909963,0.009478672985781991,0.009965379441676508,0.951160268533374,-0.0004867064558945165,0.014201183431952662,0.009992483668148372,1.4211865541716888,0.00420869976380429,False
tail_tail,17,prize5_4,23,prize7_1,de,2533,844,845,0.00986971969996052,0.010006861557110669,0.9862952178994924,-0.00013714185715014808,0.5671730740083372,0.9681595906586115,0.013033175355450236,0.009969845457972106,1.3072595167489407,0.00306332989747813,0.014201183431952662,0.009992929741255294,1.4211231140076779,0.004208253690697368,False
tail_tail,14,prize5_1,10,prize4_1,de,2533,844,845,0.005921831819976312,0.009967576129281201,0.5941095150083753,-0.0040457443093048885,0.9842235169473135,0.9933949524241739,0.009478672985781991,0.009982350303599789,0.9495432135219535,-0.0005036773178177974,0.014201183431952662,0.009992929741255294,1.4211231140076779,0.004208253690697368,False
tail_tail,8,prize3_5,15,prize5_2,de,2533,844,845,0.010264508487958943,0.010030075673555357,1.023372985611831,0.00023443281440358593,0.4925363372761506,0.9622180214446507,0.008293838862559242,0.00997118526286079,0.8317806403067165,-0.0016773464003015468,0.014201183431952662,0.009994267960576059,1.4209328274938628,0.004206915471376603,False
head_tail,26,prize7_4,17,prize5_4,de,2533,844,845,0.009080142123963679,0.010022188826301712,0.9060038960884698,-0.0009420467023380334,0.7176251035072092,0.982710387641021,0.01066350710900474,0.009962253230269585,1.0703910915057293,0.0007012538787351547,0.014201183431952662,0.009995160106789903,1.4208059981255856,0.004206023325162759,False
head_tail,17,prize5_4,17,prize5_4,de,2533,844,845,0.012633241215949467,0.009987367651634684,1.2649220151499798,0.0026458735643147824,0.10758961707010134,0.8951928852261679,0.005924170616113744,0.009949301783012347,0.5954358150266184,-0.004025131166898603,0.014201183431952662,0.009996498326110666,1.420615796519411,0.004204685105841996,False
head_tail,24,prize7_2,0,special,de,2533,844,845,0.010659297275957363,0.01001117700183436,1.0647396678736423,0.0006481202741230024,0.40986419147507774,0.9494918937002462,0.009478672985781991,0.010023437653519311,0.9456509147292348,-0.00054476466773732,0.014201183431952662,0.01000095905717988,1.4199821587867976,0.004200224374772781,False
head_tail,6,prize3_3,9,prize3_6,de,2533,844,845,0.013422818791946308,0.01001802219001677,1.3398671451658903,0.003404796601929539,0.05249330948782594,0.8352524262899428,0.0071090047393364926,0.01001718523070547,0.7096808709841371,-0.0029081804913689774,0.014201183431952662,0.010001851203393725,1.4198554990634198,0.0041993322285589375,False
tail_tail,5,prize3_2,22,prize6_3,de,2533,844,845,0.008685353335965259,0.01000834964149815,0.8678107427375158,-0.0013229963055328905,0.7790042916570348,0.982710387641021,0.014218009478672985,0.00999932116552307,1.4218974711699075,0.004218688313149916,0.014201183431952662,0.01000675800756986,1.4191592742834216,0.004194425424382801,False
head_tail,14,prize5_1,17,prize5_4,de,2533,844,845,0.011843663639952625,0.00995790358076258,1.189373199277918,0.0018857600591900454,0.196020574344985,0.9445822294163744,0.008293838862559242,0.009942602758568946,0.8341718022890203,-0.0016487638960097032,0.014201183431952662,0.010008542299997546,1.4189062708918305,0.004192641131955116,False
tail_tail,10,prize4_1,25,prize7_3,de,2533,844,845,0.008685353335965259,0.010052396939367554,0.8640081950953776,-0.0013670436034022952,0.7850588075934857,0.982710387641021,0.01066350710900474,0.010047107539885993,1.061350947690338,0.000616399569118747,0.014201183431952662,0.010010326592425232,1.4186533576935074,0.00419085683952743,False
tail_tail,15,prize5_2,12,prize4_3,de,2533,844,845,0.011054086063955783,0.009921296704830574,1.1141775508612364,0.001132789359125209,0.31737034815322174,0.9469642663909963,0.011848341232227487,0.009947961978123665,1.1910320182448326,0.001900379254103822,0.014201183431952662,0.010011218738639078,1.4185269349017509,0.0041899646933135845,False
head_tail,11,prize4_2,3,prize2_2,de,2533,844,845,0.008290564547966837,0.009996296157959562,0.8293636379876026,-0.001705731609992725,0.8322148582485445,0.9839959698496815,0.0071090047393364926,0.009986369718265829,0.7118707738542448,-0.0028773649789293363,0.014201183431952662,0.010013449104173682,1.4182109764789737,0.0041877343277789796,False
tail_tail,21,prize6_2,23,prize7_1,de,2533,844,845,0.008685353335965259,0.009957308347007589,0.8722591521006193,-0.0012719550110423302,0.7718369473183582,0.982710387641021,0.009478672985781991,0.010040855117072152,0.9440105324959525,-0.0005621821312901606,0.014201183431952662,0.010013895177280603,1.4181478016838167,0.0041872882546720586,False
tail_tail,9,prize3_6,5,prize3_2,de,2533,844,845,0.00986971969996052,0.010015641254996802,0.9854306328151,-0.00014592155503628107,0.5688896274459437,0.9681595906586115,0.009478672985781991,0.01002745706818535,0.9452718591890545,-0.0005487840824033585,0.014201183431952662,0.010014787323494449,1.4180214689768826,0.004186396108458213,False
tail_tail,14,prize5_1,8,prize3_5,de,2533,844,845,0.009080142123963679,0.009985581950369707,0.9093252821011093,-0.0009054398264060279,0.7116852341790287,0.982710387641021,0.009478672985781991,0.009937243539014224,0.9538533445988461,-0.00045857055323223275,0.014201183431952662,0.010015233396601368,1.4179583110636025,0.004185950035351294,False
head_tail,8,prize3_5,2,prize2_1,de,2533,844,845,0.010659297275957363,0.009988260502267171,1.0671825463040214,0.0006710367736901916,0.4052614606506463,0.9494918937002462,0.0071090047393364926,0.01002745706818535,0.7089538943917908,-0.002918452328848857,0.014201183431952662,0.010015233396601368,1.4179583110636025,0.004185950035351294,False
head_tail,18,prize5_5,8,prize3_5,de,2533,844,845,0.008290564547966837,0.009962665450802518,0.8321632989592169,-0.0016721009028356805,0.828311792443779,0.9839959698496815,0.005924170616113744,0.010061845393661471,0.5887757547781162,-0.004137674777547728,0.014201183431952662,0.010015233396601368,1.4179583110636025,0.004185950035351294,False
head_tail,13,prize4_4,7,prize3_4,de,2533,844,845,0.011448874851954205,0.01001504602124181,1.1431674729872692,0.0014338288307123945,0.2659729073451541,0.9469642663909963,0.0071090047393364926,0.009913573652647542,0.7170980908017912,-0.0028045689133110495,0.014201183431952662,0.010016125542815212,1.4178320121136545,0.00418505788913745,False
tail_tail,24,prize7_2,22,prize6_3,de,2533,844,845,0.007500986971969996,0.009973826083708615,0.752067151463791,-0.0024728391117386185,0.9119081530372379,0.9839959698496815,0.0071090047393364926,0.010093554109360236,0.7043113518105553,-0.002984549370023743,0.014201183431952662,0.010016125542815212,1.4178320121136545,0.00418505788913745,False
tail_tail,12,prize4_3,6,prize3_3,de,2533,844,845,0.009080142123963679,0.009999272326734521,0.9080802909714327,-0.0009191302027708424,0.7139171181023468,0.982710387641021,0.009478672985781991,0.01000468038507779,0.947423867724915,-0.000526007399295798,0.014201183431952662,0.010017017689029056,1.4177057356608478,0.004184165742923606,False
tail_tail,14,prize5_1,6,prize3_3,de,2533,844,845,0.007500986971969996,0.010029629248239112,0.7478827767523843,-0.0025286422762691154,0.9157538352701999,0.9839959698496815,0.009478672985781991,0.009961360027010467,0.9515440622646246,-0.00048268704122847624,0.014201183431952662,0.01001924805456366,1.4173901429143851,0.0041819353773890015,False
head_tail,4,prize3_1,20,prize6_1,de,2533,844,845,0.008290564547966837,0.010000611602683254,0.8290057525824125,-0.0017100470547164164,0.8327103981083519,0.9839959698496815,0.009478672985781991,0.009965379441676508,0.951160268533374,-0.0004867064558945165,0.014201183431952662,0.010019694127670583,1.4173270412251804,0.004181489304282079,False
head_tail,23,prize7_1,16,prize5_3,de,2533,844,845,0.010264508487958943,0.010013260319976834,1.0250915446071904,0.0002512481679821082,0.48913959479071,0.9622180214446507,0.009478672985781991,0.010003340580189108,0.9475507616479456,-0.0005246675944071168,0.014201183431952662,0.010021032346991348,1.4171377698642333,0.004180151084961314,False
tail_tail,21,prize6_2,26,prize7_4,de,2533,844,845,0.011843663639952625,0.01000596870647818,1.1836598721605698,0.0018376949334744444,0.20338999752766795,0.9445822294163744,0.008293838862559242,0.009956894010714866,0.832974505265802,-0.0016630551481556233,0.014201183431952662,0.010021924493205193,1.4170116170383225,0.004179258938747469,False
tail_tail,24,prize7_2,1,prize1,de,2533,844,845,0.012238452427951046,0.009995403307327073,1.2244080655534648,0.002243049120623973,0.1503067336495214,0.9321775641699296,0.01066350710900474,0.010069437621363992,1.0589972856458567,0.0005940694876407481,0.014201183431952662,0.010024154858739798,1.4166963332146671,0.004177028573212864,False
tail_tail,9,prize3_6,2,prize2_1,de,2533,844,845,0.015001973943939992,0.010074420588302258,1.489115310647173,0.004927553355637734,0.008558631911030415,0.5672038784673793,0.01066350710900474,0.010048000743145111,1.061256600352019,0.0006155063658596291,0.014201183431952662,0.010024600931846721,1.4166332932852754,0.004176582500105941,False
head_tail,13,prize4_4,12,prize4_3,de,2533,844,845,0.00986971969996052,0.01000388538833571,0.9865886419958766,-0.00013416568837518877,0.5665908640721414,0.9681595906586115,0.01066350710900474,0.009999321165523068,1.066423103377431,0.0006641859434816724,0.014201183431952662,0.010025493078060561,1.4165072302558401,0.004175690353892101,False
head_tail,7,prize3_4,25,prize7_3,de,2533,844,845,0.009080142123963679,0.010022784060056704,0.9059500902698594,-0.0009426419360930253,0.7177212172051278,0.982710387641021,0.015402843601895734,0.009997534759004828,1.5406641710369966,0.005405308842890906,0.014201183431952662,0.010026385224274407,1.4163811896605418,0.004174798207678255,False
tail_tail,9,prize3_6,6,prize3_3,de,2533,844,845,0.011448874851954205,0.010011772235589354,1.1435412814582726,0.0014371026163648506,0.26539717943781505,0.9469642663909963,0.015402843601895734,0.010051126954552033,1.5324494130401938,0.005351716647343701,0.014201183431952662,0.010026385224274407,1.4163811896605418,0.004174798207678255,False
head_tail,0,special,6,prize3_3,de,2533,844,845,0.010264508487958943,0.010096890662553204,1.0166009349816365,0.00016761782540573866,0.5059807122642095,0.9681363234661645,0.01066350710900474,0.009923845490127425,1.0745337701612903,0.0007396616188773148,0.014201183431952662,0.010028169516702093,1.4161291757484096,0.0041730139152505695,False
head_tail,16,prize5_3,10,prize4_1,de,2533,844,845,0.010659297275957363,0.009985581950369707,1.0674688094230413,0.0006737153255876559,0.4047236942497651,0.9494918937002462,0.008293838862559242,0.009924292091756983,0.8357108785066918,-0.001630453229197741,0.014201183431952662,0.010028615589809015,1.416066186282359,0.004172567842143647,False
head_tail,19,prize5_6,23,prize7_1,de,2533,844,845,0.008685353335965259,0.010025909037270412,0.8662908573854243,-0.001340555701305153,0.7814319258288811,0.982710387641021,0.004739336492890996,0.009979224092192868,0.47492033940782646,-0.005239887599301872,0.014201183431952662,0.010029507736022856,1.4159402241594023,0.0041716756959298065,False
tail_tail,2,prize2_1,15,prize5_2,de,2533,844,845,0.006316620607974733,0.010012069852466849,0.6309005731136001,-0.0036954492444921157,0.9754770380685043,0.9919115105331707,0.016587677725118485,0.010070777426252675,1.6471099521946977,0.00651690029886581,0.014201183431952662,0.01003084595534362,1.4157513229866145,0.004170337476609042,False
tail_tail,10,prize4_1,24,prize7_2,de,2533,844,845,0.007106198183971575,0.010021147167230477,0.7091202299881502,-0.002914948983258902,0.9421258377036515,0.9839959698496815,0.008293838862559242,0.010062738596920594,0.8242128902262579,-0.001768899734361352,0.014201183431952662,0.010033076320878229,1.415436599679886,0.004168107111074433,False
tail_tail,14,prize5_1,16,prize5_3,de,2533,844,845,0.011843663639952625,0.009917874110739371,1.1941736210513048,0.0019257895292132537,0.18998194943628716,0.9445822294163744,0.008293838862559242,0.010059165783884112,0.8245056340404373,-0.00176532692132487,0.014201183431952662,0.010034860613305914,1.415184921763869,0.004166322818646748,False
tail_tail,0,special,3,prize2_2,de,2533,844,845,0.007106198183971575,0.009964302343628743,0.7131656526375213,-0.002858104159657168,0.9392486790035164,0.9839959698496815,0.008293838862559242,0.01002120464537151,0.8276289284631977,-0.001727365782812268,0.014201183431952662,0.010035306686412837,1.4151220162688356,0.004165876745539825,False
head_tail,6,prize3_3,7,prize3_4,de,2533,844,845,0.0094749309119621,0.01000388538833571,0.9471250963160417,-0.0005289544763736088,0.6433345949157425,0.9770536338286936,0.008293838862559242,0.010075690044177833,0.8231534342753803,-0.001781851181618591,0.014201183431952662,0.010035752759519758,1.415059116365899,0.004165430672432904,False
head_tail,12,prize4_3,12,prize4_3,de,2533,844,845,0.010264508487958943,0.009982605781594746,1.0282393908496266,0.00028190270636419684,0.4829349247798834,0.9622180214446507,0.011848341232227487,0.010082835670250792,1.1751001027603558,0.001765505561976695,0.014201183431952662,0.010040213490588971,1.4144304247378712,0.004160969941363691,False
head_tail,24,prize7_2,13,prize4_4,de,2533,844,845,0.010659297275957363,0.010025909037270412,1.0631751431548389,0.0006333882386869508,0.412825181774747,0.9494918937002462,0.009478672985781991,0.009869806692950662,0.9603706820876207,-0.00039113370716867095,0.014201183431952662,0.010040659563695896,1.4143675862988134,0.004160523868256766,False
tail_tail,24,prize7_2,2,prize2_1,de,2533,844,845,0.009080142123963679,0.009985135525053462,0.9093659371153165,-0.0009049934010897827,0.7116117082542358,0.982710387641021,0.009478672985781991,0.010070777426252673,0.9412056869683989,-0.000592104440470682,0.014201183431952662,0.010041551709909736,1.4142419261694283,0.004159631722042926,False
tail_tail,0,special,13,prize4_4,de,2533,844,845,0.010264508487958943,0.010004034196774458,1.026036925310438,0.00026047429118448463,0.4872738083289592,0.9622180214446507,0.0071090047393364926,0.009899282400501622,0.7181333405516607,-0.0027902776611651295,0.014201183431952662,0.010042889929230503,1.414053477836013,0.0041582935027221594,False
tail_tail,22,prize6_3,5,prize3_2,de,2533,844,845,0.008685353335965259,0.009999718752050765,0.8685597616617015,-0.001314365416085506,0.7778032346135673,0.982710387641021,0.014218009478672985,0.010036835702406112,1.4165828653810213,0.0041811737762668735,0.014201183431952662,0.010043782075444345,1.413927873512169,0.0041574013565083175,False
head_tail,21,prize6_2,17,prize5_4,de,2533,844,845,0.010264508487958943,0.010017426956261778,1.024665169287081,0.00024708153169716515,0.4899817587904162,0.9622180214446507,0.013033175355450236,0.010005573588336909,1.3025915246520678,0.0030276017671133273,0.014201183431952662,0.010045120294765108,1.4137395088591858,0.0041560631371875545,False
head_tail,21,prize6_2,9,prize3_6,de,2533,844,845,0.010659297275957363,0.009977546294677314,1.0683285209755167,0.0006817509812800486,0.40310966365353335,0.9494918937002462,0.0071090047393364926,0.009939476547162025,0.7152292885450084,-0.0028304718078255324,0.014201183431952662,0.010045120294765108,1.4137395088591858,0.0041560631371875545,False
head_tail,26,prize7_4,12,prize4_3,de,2533,844,845,0.0094749309119621,0.009986325992563447,0.9487904679877095,-0.0005113950806013463,0.6401328507949868,0.9770536338286936,0.014218009478672985,0.010027903669814913,1.4178446409961785,0.004190105808858072,0.014201183431952662,0.010046458514085874,1.4135511943877097,0.004154724917866788,False
head_tail,7,prize3_4,12,prize4_3,de,2533,844,845,0.010264508487958943,0.009970105872739915,1.0295285344987135,0.00029440261521902766,0.4804005394519541,0.9622180214446507,0.011848341232227487,0.010048893946404232,1.17906918865107,0.0017994472858232548,0.014201183431952662,0.010046904587192797,1.4134884340451979,0.004154278844759865,False
head_tail,21,prize6_2,10,prize4_1,de,2533,844,845,0.008685353335965259,0.01004391485835892,0.8647378495783429,-0.0013585615223936608,0.7839016471975034,0.982710387641021,0.011848341232227487,0.009974758075897266,1.1878324408546306,0.0018735831563302212,0.014201183431952662,0.010047350660299716,1.4134256792754396,0.004153832771652946,False
head_tail,25,prize7_3,9,prize3_6,de,2533,844,845,0.008290564547966837,0.009961474983292534,0.8322627484254931,-0.0016709104353256968,0.8281740365036705,0.9839959698496815,0.009478672985781991,0.00999753475900483,0.9481010283304594,-0.0005188617732228389,0.014201183431952662,0.010048242806513561,1.4133001864512116,0.004152940625439101,False
tail_tail,6,prize3_3,0,special,de,2533,844,845,0.008685353335965259,0.009989153352899658,0.8694784261615194,-0.0013038000169343991,0.7763296101345245,0.982710387641021,0.002369668246445498,0.009968952254712988,0.237704844591386,-0.00759928400826749,0.014201183431952662,0.010048242806513561,1.4133001864512116,0.004152940625439101,False
tail_tail,13,prize4_4,24,prize7_2,de,2533,844,845,0.006711409395973154,0.009997486625469546,0.6713096648586858,-0.0032860772294963916,0.9610064784212377,0.9888452758037601,0.009478672985781991,0.01002879687307403,0.9451455748626192,-0.000550123887292038,0.014201183431952662,0.010053149610689696,1.4126103740515596,0.004148033821262966,False
tail_tail,13,prize4_4,6,prize3_3,de,2533,844,845,0.011054086063955783,0.009987367651634682,1.1068067632562326,0.0010667184123211004,0.3299459574973402,0.9469642663909963,0.01066350710900474,0.009943942563457625,1.0723620979259674,0.0007195645455471151,0.014201183431952662,0.010054041756903538,1.4124850259550115,0.004147141675049124,False
tail_tail,14,prize5_1,5,prize3_2,de,2533,844,845,0.007500986971969996,0.00999287356386836,0.7506336314602859,-0.0024918865918983632,0.913238791489625,0.9839959698496815,0.008293838862559242,0.009990835734561426,0.8301446528510382,-0.0016969968720021832,0.014201183431952662,0.01005448783001046,1.4124223602484471,0.0041466956019422015,False
tail_tail,5,prize3_2,4,prize3_1,de,2533,844,845,0.011054086063955783,0.00995775477232383,1.1100982416918972,0.001096331291631952,0.3242955930042375,0.9469642663909963,0.005924170616113744,0.010111864776172196,0.5858633147541272,-0.004187694160058452,0.014201183431952662,0.010055379976224304,1.4122970455150383,0.004145803455728358,False
head_tail,3,prize2_2,5,prize3_2,de,2533,844,845,0.011448874851954205,0.010005224664284442,1.1442896322781384,0.0014436501876697629,0.2642459744405803,0.9469642663909963,0.01066350710900474,0.01002701046655579,1.0634782066471287,0.0006364966424489502,0.014201183431952662,0.010056718195545067,1.412109115103127,0.004144465236407595,False
head_tail,11,prize4_2,19,prize5_6,de,2533,844,845,0.015001973943939992,0.01003870656300274,1.4944130351642293,0.004963267380937253,0.0080550466680686,0.5672038784673793,0.005924170616113744,0.009966719246565187,0.5943952537998278,-0.004042548630451444,0.014201183431952662,0.010067423950111185,1.4106074704240328,0.004133759481841477,False
tail_tail,4,prize3_1,6,prize3_3,de,2533,844,845,0.009080142123963679,0.010029629248239112,0.9053317823844652,-0.0009494871242754326,0.7188231542622141,0.982710387641021,0.011848341232227487,0.01001539882418723,1.1830124231911456,0.0018329424080402567,0.014201183431952662,0.010079913997104985,1.4088595831305042,0.004121269434847677,False
tail_tail,2,prize2_1,26,prize7_4,de,2533,844,845,0.010659297275957363,0.010001058027999497,1.0658169611770099,0.0006582392479578657,0.4078310165493256,0.9494918937002462,0.011848341232227487,0.010086408483287273,1.1746838581700967,0.0017619327489402144,0.014201183431952662,0.010080806143318828,1.4087348997743263,0.004120377288633834,False
tail_tail,20,prize6_1,23,prize7_1,de,2533,844,845,0.007500986971969996,0.009982308164717252,0.751428111434432,-0.0024813211927472564,0.9125024499706831,0.9839959698496815,0.011848341232227487,0.009986369718265829,1.1864512897570747,0.0018619715139616584,0.014201183431952662,0.010088389386136494,1.4076759816059425,0.004112794045816168,False
head_tail,17,prize5_4,13,prize4_4,de,2533,844,845,0.012238452427951046,0.010035879202666527,1.2194698820905794,0.0022025732252845195,0.15562421935222448,0.9321775641699296,0.01066350710900474,0.009942602758568946,1.0725066029430261,0.0007209043504357946,0.014201183431952662,0.010101771579344138,1.4058111807824782,0.0040994118526085244,False
tail_tail,6,prize3_3,16,prize5_3,de,2533,844,845,0.0094749309119621,0.009989004544460911,0.9485360497924816,-0.0005140736324988106,0.6406214517391792,0.9770536338286936,0.008293838862559242,0.010099359930544515,0.821224208226835,-0.0018055210679852728,0.014201183431952662,0.010109800895268726,1.4046946699611718,0.004091382536683936,False
head_tail,5,prize3_2,5,prize3_2,de,2533,844,845,0.007895775759968417,0.010010730576518119,0.7887312219239333,-0.0021149548165497016,0.8788347759160677,0.9839959698496815,0.016587677725118485,0.009968059051453865,1.6640830114965193,0.00661961867366462,0.014201183431952662,0.010137011354790936,1.400924092409241,0.004064172077161726,False
tail_tail,2,prize2_1,2,prize2_1,de,2533,844,845,0.010659297275957363,0.009861475712453884,1.0809028574187862,0.0007978215635034789,0.3798619797162019,0.9494918937002462,0.011848341232227487,0.009806835863182697,1.2081716669399056,0.0020415053690447903,0.01301775147928994,0.009715472268750126,1.33989898989899,0.0033022792105398147,False
tail_tail,20,prize6_1,20,prize6_1,de,2533,844,845,0.012633241215949467,0.009776059668612535,1.2922631043783754,0.0028571815473369313,0.08680647625870469,0.8951928852261679,0.008293838862559242,0.009793884415925456,0.8468385484591744,-0.0015000455533662142,0.01301775147928994,0.009805579036348266,1.3275862068965518,0.003212172442941674,False
tail_tail,8,prize3_5,8,prize3_5,de,2533,844,845,0.010264508487958943,0.009801357103199692,1.0472538016809991,0.0004631513847592507,0.44599721150168536,0.9622180214446507,0.01066350710900474,0.009868466888061981,1.0805637015314435,0.0007950402209427592,0.01301775147928994,0.009808701548096717,1.3271635817908956,0.0032090499311932235,False
tail_tail,13,prize4_4,13,prize4_4,de,2533,844,845,0.009080142123963679,0.00983781517069295,0.9229836062598131,-0.0007576730467292719,0.6868946536908551,0.982710387641021,0.009478672985781991,0.009792098009407219,0.9679920459002634,-0.00031342502362522763,0.01301775147928994,0.009846171689078122,1.32211298871925,0.0031715797902118186,False
tail_tail,14,prize5_1,14,prize5_1,de,2533,844,845,0.008685353335965259,0.00980150591163844,0.8861243786683997,-0.0011161525756731815,0.7489264217269669,0.982710387641021,0.01066350710900474,0.009820680513699059,1.0858216082001655,0.0008428265953056811,0.01301775147928994,0.009861338174713455,1.320079612792328,0.003156413304576486,False
head_tail,0,special,17,prize5_4,de,2533,844,845,0.00986971969996052,0.009973826083708615,0.9895620413997249,-0.00010410638374809371,0.5606926186757298,0.9681595906586115,0.0071090047393364926,0.010001107572041307,0.710821745304504,-0.0028921028327048145,0.01301775147928994,0.009867583198210354,1.3192441571357534,0.0031501682810795868,False
tail_tail,22,prize6_3,1,prize1,de,2533,844,845,0.013422818791946308,0.009994808073572082,1.342979144085663,0.003428010718374227,0.0510490356107585,0.8352524262899428,0.0071090047393364926,0.01002879687307403,0.7088591811469643,-0.0029197921337375367,0.01301775147928994,0.009873828221707254,1.3184097583013328,0.003143923257582686,False
head_tail,15,prize5_2,2,prize2_1,de,2533,844,845,0.011843663639952625,0.009992129521674619,1.1852992512018299,0.0018515341182780056,0.20125748901382728,0.9445822294163744,0.008293838862559242,0.010033709490999193,0.8265974682642832,-0.0017398706284399504,0.01301775147928994,0.0098747203679211,1.3182906446221256,0.0031430311113688405,False
tail_tail,15,prize5_2,24,prize7_2,de,2533,844,845,0.009080142123963679,0.009961326174853785,0.9115394842591789,-0.0008811840508901065,0.7077048373436337,0.982710387641021,0.013033175355450236,0.010026117263296672,1.299922493741592,0.0030070580921535642,0.01301775147928994,0.009882749683845685,1.317219589257504,0.0031350017954442557,False
tail_tail,26,prize7_4,2,prize2_1,de,2533,844,845,0.00986971969996052,0.009984242674420975,0.9885296283158407,-0.00011452297446045388,0.5627399823468818,0.9681595906586115,0.01066350710900474,0.01002031144211239,1.0641891891891893,0.0006431956668923496,0.01301775147928994,0.00988676434180798,1.3166847139505502,0.00313098713748196,False
head_tail,16,prize5_3,25,prize7_3,de,2533,844,845,0.010659297275957363,0.00998007603813603,1.0680577217273577,0.0006792212378213328,0.4036179518655131,0.9494918937002462,0.01066350710900474,0.010001554173670869,1.0661850072338221,0.0006619529353338715,0.01301775147928994,0.009892117219091038,1.315972222222222,0.0031256342601989028,False
head_tail,13,prize4_4,9,prize3_6,de,2533,844,845,0.00986971969996052,0.01003647443642152,0.9833851281625487,-0.00016675473646099968,0.5729493361561265,0.9681595906586115,0.004739336492890996,0.009996194954116149,0.4741140518612506,-0.005256858461225153,0.01301775147928994,0.009895239730839486,1.3155569580309248,0.003122511748450454,False
tail_tail,2,prize2_1,16,prize5_3,de,2533,844,845,0.012633241215949467,0.009977695103116063,1.266148252215491,0.002655546112833404,0.10657762571034413,0.8951928852261679,0.0071090047393364926,0.009997981360634388,0.7110440080761877,-0.0028889766212978956,0.01301775147928994,0.009907729777833288,1.3138985187519698,0.0031100217014566525,False
tail_tail,16,prize5_3,11,prize4_2,de,2533,844,845,0.010264508487958943,0.010020403125036737,1.024360832580906,0.00024410536292220585,0.490583119352662,0.9622180214446507,0.016587677725118485,0.009977884287304187,1.6624443867548724,0.006609793437814298,0.01301775147928994,0.00990862192404713,1.3137802187907983,0.0031091295552428105,False
tail_tail,20,prize6_1,16,prize5_3,de,2533,844,845,0.007895775759968417,0.009967873746158696,0.7921223684249813,-0.002072097986190279,0.8749180583886043,0.9839959698496815,0.013033175355450236,0.01003013667796271,1.2994015708764493,0.0030030386774875257,0.01301775147928994,0.009910406216474819,1.3135436827654496,0.0031073452628151213,False
tail_tail,26,prize7_4,23,prize7_1,de,2533,844,845,0.011054086063955783,0.010072039653282289,1.0975022383230455,0.0009820464106734938,0.346222165397464,0.9470767676350891,0.011848341232227487,0.00999932116552307,1.1849145593082562,0.0018490200667044179,0.01301775147928994,0.009910406216474819,1.3135436827654496,0.0031073452628151213,False
tail_tail,1,prize1,7,prize3_4,de,2533,844,845,0.013028030003947888,0.009939302525919081,1.3107589762937812,0.003088727478028807,0.07117123944201356,0.8435413945880753,0.011848341232227487,0.010094893914248913,1.1736964581176617,0.001753447317978574,0.01301775147928994,0.00991754338618556,1.3125983897809563,0.0031002080931043802,False
head_tail,8,prize3_5,19,prize5_6,de,2533,844,845,0.011448874851954205,0.009981861739401007,1.1469678854358916,0.0014670131125531973,0.2601547864429147,0.9469642663909963,0.0035545023696682463,0.01002790366981491,0.3544611602490447,-0.006473401300146663,0.01301775147928994,0.00991932767861325,1.3123622790844087,0.003098423800676691,False
tail_tail,16,prize5_3,8,prize3_5,de,2533,844,845,0.011054086063955783,0.009996593774837057,1.1057852617539181,0.0010574922891187256,0.33171169609485446,0.9469642663909963,0.013033175355450236,0.010052020157811151,1.296572743671083,0.002981155197639085,0.01301775147928994,0.009920665897934012,1.312185251798561,0.003097085581355928,False
head_tail,12,prize4_3,20,prize6_1,de,2533,844,845,0.010659297275957363,0.010006266323355677,1.0652621998554488,0.0006530309526016857,0.40887842669065383,0.9494918937002462,0.008293838862559242,0.010085961881657715,0.8223151108316581,-0.0017921230190984724,0.01301775147928994,0.009921558044147856,1.3120672601384766,0.0030961934351420844,False
tail_tail,9,prize3_6,8,prize3_5,de,2533,844,845,0.01421239636794315,0.009989599778215903,1.4227192964162394,0.004222796589727247,0.020802152854623033,0.7544446491843871,0.008293838862559242,0.009994855149227468,0.8298108115354026,-0.0017010162866682253,0.01301775147928994,0.009923342336575542,1.3118313404657016,0.0030944091427143987,False
tail_tail,24,prize7_2,23,prize7_1,de,2533,844,845,0.008685353335965259,0.009999569943612016,0.8685726871197783,-0.0013142166076467576,0.7777847488306336,0.982710387641021,0.008293838862559242,0.01001584542581679,0.8280717712736547,-0.0017220065632575481,0.01301775147928994,0.009925126629003226,1.3115955056179778,0.0030926248502867147,False
tail_tail,10,prize4_1,17,prize5_4,de,2533,844,845,0.007106198183971575,0.010028736397606625,0.7085836043778637,-0.0029225382136350495,0.9425003140171265,0.9839959698496815,0.008293838862559242,0.01001629202744635,0.8280348496062923,-0.001722453164887108,0.01301775147928994,0.009927803067644757,1.311241912293314,0.0030899484116451836,False
tail_tail,1,prize1,8,prize3_5,de,2533,844,845,0.011448874851954205,0.010003438963019464,1.1444938979763062,0.0014454358889347402,0.26393388223597747,0.9469642663909963,0.009478672985781991,0.010120796808763396,0.9365540248347439,-0.0006421238229814049,0.01301775147928994,0.009928249140751676,1.31118299860718,0.0030895023385382643,False
tail_tail,6,prize3_3,11,prize4_2,de,2533,844,845,0.01381760757994473,0.00992918355208422,1.3916156859688928,0.0038884240278605105,0.030475578923021992,0.8352524262899428,0.01066350710900474,0.009938583343902905,1.072940351760149,0.0007249237651018349,0.01301775147928994,0.009930479506286284,1.3108885095678735,0.003087271973003656,False
tail_tail,8,prize3_5,17,prize5_4,de,2533,844,845,0.010264508487958943,0.010002397303948229,1.0262048363053176,0.00026211118401071355,0.48694259828838804,0.9622180214446507,0.01066350710900474,0.01001182601115075,1.0650911329390038,0.00065168109785399,0.01301775147928994,0.00993137165250013,1.310770750988142,0.0030863798267898104,False
tail_tail,16,prize5_3,25,prize7_3,de,2533,844,845,0.012238452427951046,0.009964302343628743,1.2282297350979534,0.0022741500843223034,0.14629072288514927,0.9321775641699296,0.011848341232227487,0.010068544418104872,1.176768035201022,0.001779796814122615,0.01301775147928994,0.009936278456676264,1.3101234567901234,0.003081473022613676,False
tail_tail,20,prize6_1,24,prize7_2,de,2533,844,845,0.006711409395973154,0.009993319989184603,0.6715895621511832,-0.0032819105932114486,0.9608585472077111,0.9888452758037601,0.0035545023696682463,0.01001718523070547,0.35484043549206856,-0.006462682861037223,0.01301775147928994,0.009936278456676264,1.3101234567901234,0.003081473022613676,False
tail_tail,11,prize4_2,6,prize3_3,de,2533,844,845,0.011448874851954205,0.010017278147823029,1.1429127436620388,0.0014315967041311755,0.2663646020508307,0.9469642663909963,0.005924170616113744,0.010079262857214312,0.5877583212222183,-0.004155092241100568,0.01301775147928994,0.009939400968424715,1.3097118750560992,0.0030783505108652257,False
tail_tail,6,prize3_3,1,prize1,de,2533,844,845,0.009080142123963679,0.009955671454181362,0.9120572294649235,-0.000875529330217683,0.7067725972529273,0.982710387641021,0.01066350710900474,0.010043534726849511,1.0617285048557505,0.0006199723821552292,0.01301775147928994,0.009942077407066244,1.3093592964824121,0.0030756740722236962,False
tail_tail,18,prize5_5,3,prize2_2,de,2533,844,845,0.0094749309119621,0.009945106055030253,0.9527229633885768,-0.00047017514306815257,0.6325598174931353,0.9770536338286936,0.0071090047393364926,0.010066758011586633,0.7061861158432708,-0.0029577532722501404,0.01301775147928994,0.009942969553280086,1.3092418124719607,0.0030747819260098543,False
tail_tail,2,prize2_1,5,prize3_2,de,2533,844,845,0.007895775759968417,0.010011921044028102,0.7886374378349776,-0.0021161452840596853,0.8789433462303169,0.9839959698496815,0.015402843601895734,0.01001271921440987,1.5383277281688506,0.005390124387485864,0.01301775147928994,0.009943415626387009,1.3091830783724372,0.0030743358529029315,False
tail_tail,1,prize1,21,prize6_2,de,2533,844,845,0.011054086063955783,0.009976653444044827,1.107995394042086,0.0010774326199109556,0.32789974494701746,0.9469642663909963,0.005924170616113744,0.009954661002567066,0.5951152545110319,-0.004030490386453323,0.01301775147928994,0.009947430284349303,1.3086547085201792,0.0030703211949406374,False
head_tail,1,prize1,4,prize3_1,de,2533,844,845,0.010264508487958943,0.010076206289567232,1.0186878069960394,0.0001883021983917106,0.5018281063424772,0.964388139426382,0.011848341232227487,0.01002745706818535,1.181589823986318,0.0018208841640421376,0.01301775147928994,0.009948768503670068,1.3084786799982062,0.0030689829756198727,False
head_tail,25,prize7_3,18,prize5_5,de,2533,844,845,0.010264508487958943,0.009994659265133335,1.0269993419152352,0.00026984922282560775,0.4853764724357879,0.9622180214446507,0.01066350710900474,0.009936796937384664,1.0731332416471162,0.000726710171620076,0.01301775147928994,0.009949660649883908,1.3083613539565122,0.0030680908294060324,False
tail_tail,1,prize1,17,prize5_4,de,2533,844,845,0.007895775759968417,0.009989599778215903,0.790399609120133,-0.002093824018247486,0.8769155812183371,0.9839959698496815,0.0071090047393364926,0.010028350271444471,0.7088907494166057,-0.0029193455321079786,0.01301775147928994,0.009956351746487733,1.3074820788530463,0.003061399732802207,False
head_tail,20,prize6_1,24,prize7_2,de,2533,844,845,0.006711409395973154,0.010039748222073977,0.6684838352038608,-0.0033283388261008224,0.9624743311268318,0.9888452758037601,0.013033175355450236,0.009887224156503501,1.318183460711511,0.003145951198946735,0.01301775147928994,0.009956797819594656,1.3074235025312482,0.0030609536596952844,False
tail_tail,2,prize2_1,12,prize4_3,de,2533,844,845,0.010264508487958943,0.00996683208708746,1.0298667017032561,0.00029767640087148203,0.479736363719456,0.9622180214446507,0.017772511848341232,0.009989049328043188,1.779199527871667,0.007783462520298044,0.01301775147928994,0.009957243892701573,1.307364931457755,0.003060507586588367,False
head_tail,22,prize6_3,17,prize5_4,de,2533,844,845,0.008290564547966837,0.010026504271025402,0.8268649096300608,-0.001735939723058565,0.8356599817438557,0.9839959698496815,0.013033175355450236,0.009965826043306068,1.3077867603563553,0.0030673493121441686,0.01301775147928994,0.009958582112022338,1.3071892497200448,0.0030591693672676022,False
head_tail,3,prize2_2,14,prize5_1,de,2533,844,845,0.010264508487958943,0.009999272326734521,1.0265255463155327,0.00026523616122442126,0.48631024172454934,0.9622180214446507,0.0071090047393364926,0.010070777426252675,0.7059042652262989,-0.0029617726869161825,0.01301775147928994,0.009959028185129259,1.3071306996327154,0.0030587232941606812,False
head_tail,4,prize3_1,26,prize7_4,de,2533,844,845,0.007106198183971575,0.010000165177367008,0.710608080759982,-0.002893966993395433,0.9410787083715504,0.9839959698496815,0.01066350710900474,0.010022097848630632,1.0639995009090584,0.0006414092603741085,0.01301775147928994,0.009960366404450024,1.3069550808365804,0.0030573850748399165,False
tail_tail,6,prize3_3,26,prize7_4,de,2533,844,845,0.011054086063955783,0.010034391118279048,1.1016200119825126,0.0010196949456767346,0.33896521461550344,0.9469642663909963,0.01066350710900474,0.009973864872638148,1.0691449348044133,0.000689642236366592,0.01301775147928994,0.009960812477556947,1.306896551724138,0.003056939001732994,False
head_tail,12,prize4_3,3,prize2_2,de,2533,844,845,0.010659297275957363,0.009983647440665985,1.0676756505382272,0.0006756498352913781,0.40433496935889346,0.9494918937002462,0.01066350710900474,0.010005126986707347,1.0658042744656921,0.0006583801222973928,0.01301775147928994,0.009961258550663868,1.3068380278536564,0.003056492928626073,False
tail_tail,7,prize3_4,11,prize4_2,de,2533,844,845,0.011843663639952625,0.010018766232210508,1.1821479177620733,0.0018248974077421168,0.20537460443160505,0.9445822294163744,0.011848341232227487,0.009974311474267706,1.187885626270496,0.001874029757959781,0.01301775147928994,0.009962596769984634,1.3066624876869346,0.0030551547093053064,False
head_tail,13,prize4_4,17,prize5_4,de,2533,844,845,0.009080142123963679,0.009978290336871054,0.9099897695310986,-0.0008981482129073754,0.7104927191467595,0.982710387641021,0.014218009478672985,0.010032816287740071,1.4171503863822512,0.004185193190932914,0.01301775147928994,0.009963488916198474,1.3065454871060174,0.003054262563091466,False
tail_tail,16,prize5_3,4,prize3_1,de,2533,844,845,0.00986971969996052,0.00997858795374855,0.9890898136797871,-0.0001088682537880286,0.5616290418622366,0.9681595906586115,0.0071090047393364926,0.01000289397855955,0.7106948003821802,-0.0028938892392230573,0.01301775147928994,0.009965719281733083,1.3062530773018217,0.0030520321975568577,False
tail_tail,22,prize6_3,12,prize4_3,de,2533,844,845,0.009080142123963679,0.009910731305679469,0.9161929472106857,-0.0008305891817157896,0.6992911141002182,0.982710387641021,0.02014218009478673,0.009996194954116149,2.014984720410315,0.01014598514067058,0.01301775147928994,0.009966611427946926,1.3061361500246162,0.003051140051343014,False
tail_tail,8,prize3_5,7,prize3_4,de,2533,844,845,0.008685353335965259,0.009931266870226689,0.8745463644727342,-0.0012459135342614298,0.7681177471614984,0.982710387641021,0.01066350710900474,0.010074350239289154,1.0584808802276817,0.0005891568697155864,0.01301775147928994,0.009966611427946928,1.3061361500246158,0.0030511400513430122,False
head_tail,12,prize4_3,10,prize4_1,de,2533,844,845,0.009080142123963679,0.00996608804489372,0.9111039440009795,-0.0008859459209300414,0.7084896396781232,0.982710387641021,0.014218009478672985,0.010056486174106753,1.4138148486974746,0.004161523304566232,0.01301775147928994,0.009967949647267691,1.3059607983531727,0.0030498018320222493,False
head_tail,7,prize3_4,24,prize7_2,de,2533,844,845,0.008685353335965259,0.009954778603548873,0.8724808136736396,-0.0012694252675836144,0.7714772413778299,0.982710387641021,0.004739336492890996,0.009970292059601666,0.4753458037697987,-0.00523095556671067,0.01301775147928994,0.009969287866588454,1.3057854937581101,0.0030484636127014863,False
tail_tail,20,prize6_1,18,prize5_5,de,2533,844,845,0.007500986971969996,0.010042724390848936,0.7469075800591516,-0.00254173741887894,0.9166351135818926,0.9839959698496815,0.015402843601895734,0.010109185166394833,1.5236483799998235,0.005293658435500901,0.01301775147928994,0.00997107215901614,1.305551827495191,0.0030466793202738006,False
tail_tail,2,prize2_1,8,prize3_5,de,2533,844,845,0.005921831819976312,0.010032456608575324,0.5902673742854345,-0.004110624788599012,0.985218862280765,0.9933949524241739,0.01066350710900474,0.009970292059601666,1.069528058482047,0.0006932150494030741,0.01301775147928994,0.009973302524550748,1.305259862241703,0.003044448954739192,False
head_tail,12,prize4_3,19,prize5_6,de,2533,844,845,0.007895775759968417,0.009970849914933655,0.7918859302197163,-0.0020750741549652382,0.8751930059416693,0.9839959698496815,0.008293838862559242,0.009985923116636267,0.8305530460916467,-0.001692084254077025,0.01301775147928994,0.00997374859765767,1.3052014848606825,0.003044002881632271,False
head_tail,11,prize4_2,20,prize6_1,de,2533,844,845,0.013422818791946308,0.010027397121657892,1.3386144608708814,0.003395421670288416,0.05308351020817749,0.8352524262899428,0.0071090047393364926,0.010014952222557669,0.7098391067032928,-0.0029059474832211765,0.01301775147928994,0.00997597896319228,1.3049096762654262,0.003041772516097661,False
head_tail,8,prize3_5,6,prize3_3,de,2533,844,845,0.00986971969996052,0.009951356009457669,0.9917964637764379,-8.163630949714791e-05,0.5562629395553638,0.9681595906586115,0.008293838862559242,0.010029243474703589,0.8269655516369209,-0.0017354046121443468,0.01301775147928994,0.009976425036299199,1.3048513302034428,0.0030413264429907418,False
head_tail,14,prize5_1,19,prize5_6,de,2533,844,845,0.01421239636794315,0.009997486625469546,1.4215969373478052,0.0042149097424736045,0.021042900810782455,0.7544446491843871,0.014218009478672985,0.009896602790724263,1.436655565483443,0.004321406687948722,0.01301775147928994,0.009979101474940728,1.3045013633722229,0.0030386500043492123,False
tail_tail,21,prize6_2,19,prize5_6,de,2533,844,845,0.011054086063955783,0.010006861557110669,1.1046506440474315,0.0010472245068451139,0.3336790779846365,0.9469642663909963,0.009478672985781991,0.009893476579317342,0.9580730201148389,-0.0004148035935353511,0.01301775147928994,0.00998222398668918,1.3040933059254622,0.00303552749260076,False
head_tail,9,prize3_6,19,prize5_6,de,2533,844,845,0.012633241215949467,0.009969957064301167,1.2671309549751788,0.0026632841516483,0.10577233285900361,0.8951928852261679,0.01066350710900474,0.010122583215281636,1.0534373373099561,0.0005409238937231046,0.01301775147928994,0.009984900425330706,1.3037437455325234,0.0030328510539592343,False
tail_tail,23,prize7_1,24,prize7_2,de,2533,844,845,0.009080142123963679,0.010013706745293078,0.9067713240386015,-0.000933564621329399,0.7162565478402215,0.982710387641021,0.008293838862559242,0.009908661034722384,0.8370292245839869,-0.0016148221721631415,0.01301775147928994,0.009985346498437629,1.3036855036855037,0.0030324049808523115,False
tail_tail,0,special,14,prize5_1,de,2533,844,845,0.010659297275957363,0.010047188644011376,1.0609233740535802,0.000612108631945987,0.41710244637381666,0.9494918937002462,0.013033175355450236,0.00999038913293187,1.3045713417196396,0.003042786222518367,0.01301775147928994,0.009986238644651473,1.3035690356010183,0.003031512834638468,False
head_tail,8,prize3_5,8,prize3_5,de,2533,844,845,0.00986971969996052,0.010031712566381584,0.9838519230541019,-0.00016199286642106306,0.572022565981405,0.9681595906586115,0.0071090047393364926,0.010116777394097356,0.7026945896313038,-0.0030077726547608633,0.01301775147928994,0.009987130790865315,1.3034525883246237,0.003030620688424626,False
head_tail,18,prize5_5,3,prize2_2,de,2533,844,845,0.011054086063955783,0.009978439145309803,1.1077971116506302,0.00107564691864598,0.328239493778277,0.9469642663909963,0.015402843601895734,0.010010932807891629,1.538602235922876,0.005391910794004105,0.01301775147928994,0.009987576863972236,1.3033943724877177,0.003030174615317705,False
tail_tail,5,prize3_2,25,prize7_3,de,2533,844,845,0.011843663639952625,0.01004599817650139,1.1789434391553202,0.0017976654634512344,0.20962284961067068,0.9445822294163744,0.01066350710900474,0.010087748288175954,1.0570750582172679,0.000575758820828786,0.01301775147928994,0.009987576863972237,1.3033943724877175,0.003030174615317703,False
head_tail,10,prize4_1,14,prize5_1,de,2533,844,845,0.010659297275957363,0.01002382571912794,1.063396109892133,0.0006354715568294231,0.4124063939111501,0.9494918937002462,0.01066350710900474,0.00999753475900483,1.0666136568717668,0.00066597234999991,0.01301775147928994,0.009990253302613763,1.3030451866404718,0.003027498176676177,False
tail_tail,16,prize5_3,12,prize4_3,de,2533,844,845,0.011054086063955783,0.00998320101534974,1.1072687053941412,0.0010708850486060434,0.3291511960364212,0.9469642663909963,0.01066350710900474,0.010048447344774671,1.0612094329727377,0.0006150597642300693,0.01301775147928994,0.009990253302613763,1.3030451866404718,0.003027498176676177,False
head_tail,1,prize1,16,prize5_3,de,2533,844,845,0.00986971969996052,0.010040641072706465,0.9829770458371865,-0.00017092137274594445,0.5737594697782987,0.9681595906586115,0.009478672985781991,0.009986816319895387,0.9491185861603272,-0.0005081433341133958,0.01301775147928994,0.009992483668148373,1.3027543413240479,0.003025267811141567,False
tail_tail,22,prize6_3,15,prize5_2,de,2533,844,845,0.008685353335965259,0.009995849732643317,0.8688959486457277,-0.001310496396678058,0.7772647152648656,0.982710387641021,0.005924170616113744,0.010023437653519311,0.5910318217057716,-0.0040992670374055675,0.01301775147928994,0.009994267960576057,1.3025217585360411,0.003023483518713883,False
tail_tail,2,prize2_1,25,prize7_3,de,2533,844,845,0.010659297275957363,0.0100230816769342,1.0634750488452336,0.0006362155990231634,0.41225601647269966,0.9494918937002462,0.014218009478672985,0.010091321101212435,1.4089344037387477,0.0041266883774605505,0.01301775147928994,0.009995606179896825,1.3023473759371649,0.003022145299393115,False
head_tail,16,prize5_3,2,prize2_1,de,2533,844,845,0.007895775759968417,0.00997278442463738,0.79173232106193,-0.002077008664668962,0.8753702123025012,0.9839959698496815,0.008293838862559242,0.009940369750421148,0.8343591909353124,-0.0016465308878619057,0.01301775147928994,0.009996052253003743,1.3022892587799546,0.0030216992262861973,False
tail_tail,26,prize7_4,0,special,de,2533,844,845,0.009080142123963679,0.010033051842330316,0.9050229448285886,-0.0009529097183666371,0.7193743803640309,0.982710387641021,0.01066350710900474,0.009927864904793466,1.0740987323322746,0.0007356422042112745,0.01301775147928994,0.009996052253003745,1.3022892587799544,0.0030216992262861956,False
head_tail,14,prize5_1,20,prize6_1,de,2533,844,845,0.015396762731938412,0.009974123700586111,1.5436707217731467,0.005422639031352301,0.0040628107604038614,0.5672038784673793,0.009478672985781991,0.009953321197678387,0.9523125796435559,-0.00047464821189639565,0.01301775147928994,0.009996498326110666,1.30223114680946,0.0030212531531792746,False
head_tail,1,prize1,7,prize3_4,de,2533,844,845,0.007106198183971575,0.010017873381578021,0.7093519665600129,-0.002911675197606446,0.9419636817112336,0.9839959698496815,0.004739336492890996,0.010094000710989795,0.4695201267155713,-0.0053546642180988,0.01301775147928994,0.009997390472324511,1.302114938425843,0.003020361006965429,False
head_tail,11,prize4_2,7,prize3_4,de,2533,844,845,0.016186340307935254,0.010033200650769064,1.6132778433664177,0.00615313965716619,0.0013147030369297576,0.4920953021129681,0.008293838862559242,0.01006497160506839,0.824030030882823,-0.0017711327425091478,0.01301775147928994,0.01000051298407296,1.301708372362728,0.0030172384952169805,False
head_tail,21,prize6_2,3,prize2_2,de,2533,844,845,0.007895775759968417,0.010020551933475485,0.7879581696085157,-0.002124776173507068,0.8797174077772479,0.9839959698496815,0.0035545023696682463,0.009976544482415507,0.35628592404247317,-0.0064220421127472605,0.01301775147928994,0.01000051298407296,1.301708372362728,0.0030172384952169805,False
tail_tail,8,prize3_5,12,prize4_3,de,2533,844,845,0.0094749309119621,0.009941832269377797,0.9530366893380593,-0.00046690135741569647,0.631954476159563,0.9770536338286936,0.011848341232227487,0.009956000807455748,1.1900703366109235,0.0018923404247717397,0.01301775147928994,0.010001405130286802,1.3015922572588199,0.0030163463490031385,False
tail_tail,0,special,12,prize4_3,de,2533,844,845,0.008685353335965259,0.010013409128415581,0.8673722629906704,-0.0013280557924503222,0.7797058931015681,0.982710387641021,0.01066350710900474,0.010021651247001072,1.0640469166391857,0.0006418558620036683,0.01301775147928994,0.010001851203393723,1.3015342074748018,0.0030159002758962175,False
head_tail,16,prize5_3,17,prize5_4,de,2533,844,845,0.012633241215949467,0.00998007603813603,1.2658461887139054,0.0026531651778134366,0.10682681874809524,0.8951928852261679,0.011848341232227487,0.010010039604632509,1.1836457896474493,0.0018383016275949782,0.01301775147928994,0.010002297276500646,1.3014761628684832,0.0030154542027892948,False
head_tail,16,prize5_3,23,prize7_1,de,2533,844,845,0.0094749309119621,0.00999495688201083,0.9479711642393691,-0.0005200259700487292,0.6417070855145508,0.9770536338286936,0.005924170616113744,0.009981010498711109,0.5935441723940434,-0.0040568398825973654,0.01301775147928994,0.010002297276500647,1.301476162868483,0.003015454202789293,False
tail_tail,14,prize5_1,3,prize2_2,de,2533,844,845,0.010659297275957363,0.009990641437287139,1.0669282190605562,0.0006686558386702242,0.40573930877287534,0.9494918937002462,0.011848341232227487,0.01001227261278031,1.1833818045568896,0.0018360686194471773,0.01301775147928994,0.01000363549582141,1.3013020601088021,0.00301411598346853,False
tail_tail,9,prize3_6,25,prize7_3,de,2533,844,845,0.00986971969996052,0.010015343638119305,0.9854599159628905,-0.00014562393815878427,0.5688312127397914,0.9681595906586115,0.009478672985781991,0.010024777458407989,0.9455245291088263,-0.0005461044726259977,0.01301775147928994,0.010004973715142175,1.3011280039234918,0.0030127777641477654,False
tail_tail,24,prize7_2,10,prize4_1,de,2533,844,845,0.007106198183971575,0.009989599778215903,0.7113596482081197,-0.002883401594244328,0.940545021940457,0.9839959698496815,0.009478672985781991,0.009980563897081546,0.9497131708714059,-0.0005018909112995545,0.01301775147928994,0.010005865861356019,1.3010119923320402,0.0030118856179339216,False
tail_tail,6,prize3_3,5,prize3_2,de,2533,844,845,0.011448874851954205,0.010020700741914232,1.1425223791053112,0.0014281741100399727,0.26696993287357973,0.9469642663909963,0.01066350710900474,0.010008699799743828,1.0654238135184824,0.0006548073092609123,0.01301775147928994,0.010007204080676782,1.300838013729161,0.0030105473986131587,False
tail_tail,23,prize7_1,7,prize3_4,de,2533,844,845,0.012238452427951046,0.009961326174853785,1.2285966961754151,0.002277126253097261,0.1459081460717191,0.9321775641699296,0.0071090047393364926,0.010057825978995431,0.7068132570779013,-0.0029488212396589384,0.01301775147928994,0.010007650153783701,1.3007800312012483,0.0030101013255062394,False
tail_tail,12,prize4_3,8,prize3_5,de,2533,844,845,0.010659297275957363,0.010019956699720493,1.0638067204676347,0.0006393405762368694,0.4116294550118113,0.9494918937002462,0.005924170616113744,0.00999976776715263,0.5924308198009897,-0.004075597151038886,0.01301775147928994,0.010007650153783704,1.3007800312012479,0.003010101325506236,False
tail_tail,4,prize3_1,16,prize5_3,de,2533,844,845,0.011054086063955783,0.01001430197904807,1.1038299111693606,0.001039784084907713,0.3351057117444989,0.9469642663909963,0.01066350710900474,0.010047107539885993,1.061350947690338,0.000616399569118747,0.01301775147928994,0.010008096226890624,1.3007220538420396,0.0030096552523993167,False
tail_tail,5,prize3_2,8,prize3_5,de,2533,844,845,0.011448874851954205,0.009987218843195936,1.1463526565009698,0.0014616560087582688,0.2610917009777366,0.9469642663909963,0.0035545023696682463,0.010140447280464036,0.35052717807784795,-0.006585944910795789,0.01301775147928994,0.010008096226890625,1.3007220538420394,0.003009655252399315,False
head_tail,6,prize3_3,21,prize6_2,de,2533,844,845,0.010264508487958943,0.01005418264063253,1.020919238772967,0.00021032584732641295,0.49739714599068324,0.9630851840524135,0.011848341232227487,0.010003340580189108,1.1844384520599318,0.0018450006520383793,0.01301775147928994,0.010008988373104467,1.300606114626972,0.003008763106185473,False
tail_tail,4,prize3_1,26,prize7_4,de,2533,844,845,0.011054086063955783,0.010000760411122002,1.105324556286976,0.0010533256528337809,0.3325103487844818,0.9469642663909963,0.005924170616113744,0.010003340580189108,0.5922192260299659,-0.004079169964075364,0.01301775147928994,0.010010326592425234,1.3004322445523815,0.0030074248868647065,False
tail_tail,6,prize3_3,25,prize7_3,de,2533,844,845,0.009080142123963679,0.009980820080329772,0.9097591230863733,-0.000900677956366093,0.7109070030353151,0.982710387641021,0.009478672985781991,0.010064078401809272,0.9418321884374391,-0.000585405416027281,0.01301775147928994,0.010011218738639076,1.3003163569932719,0.0030065327406508646,False
head_tail,5,prize3_2,14,prize5_1,de,2533,844,845,0.012238452427951046,0.01002010550815924,1.2213895769845373,0.0022183469197918065,0.15354053362678594,0.9321775641699296,0.011848341232227487,0.009969398856342546,1.1884709803429678,0.001878942375884941,0.01301775147928994,0.010011664811745995,1.300258420958831,0.0030060866675439453,False
head_tail,25,prize7_3,3,prize2_2,de,2533,844,845,0.013028030003947888,0.010036028011105277,1.2981261102033432,0.0029920019928426113,0.07908583547518716,0.8435413945880753,0.008293838862559242,0.010010486206262069,0.8285150882452667,-0.0017166473437028266,0.01301775147928994,0.010011664811745995,1.300258420958831,0.0030060866675439453,False
tail_tail,25,prize7_3,6,prize3_3,de,2533,844,845,0.0094749309119621,0.00995358813603889,0.9519110879880877,-0.00047865722407678876,0.6341251895234258,0.9770536338286936,0.01066350710900474,0.010110524971283515,1.0546937116808313,0.0005529821377212255,0.01301775147928994,0.010012110884852918,1.300200490086879,0.0030056405944370226,False
tail_tail,14,prize5_1,0,special,de,2533,844,845,0.011448874851954205,0.010028885206045373,1.1415899790190904,0.0014199896459088316,0.26841279909451377,0.9469642663909963,0.011848341232227487,0.009947515376494107,1.191085490576372,0.00190082585573338,0.01301775147928994,0.01001344910417368,1.3000267284390594,0.0030043023751162596,False
tail_tail,0,special,24,prize7_2,de,2533,844,845,0.005527043031977891,0.009997635433908292,0.5528350246931589,-0.004470592401930401,0.9909061402865436,0.9961063912099644,0.009478672985781991,0.009981903701970229,0.9495856971562538,-0.0005032307161882375,0.01301775147928994,0.010014341250387526,1.2999109131403117,0.003003410228902414,False
head_tail,26,prize7_4,9,prize3_6,de,2533,844,845,0.010659297275957363,0.009964451152067493,1.0697325034049365,0.0006948461238898695,0.4004810870343434,0.9494918937002462,0.01066350710900474,0.010054253165958952,1.060596638356846,0.0006092539430457879,0.01301775147928994,0.010015233396601366,1.2997951184749692,0.003002518082688574,False
tail_tail,24,prize7_2,5,prize3_2,de,2533,844,845,0.006316620607974733,0.010018319806894264,0.6305069841779108,-0.003701699198919531,0.9756227309599809,0.9919115105331707,0.009478672985781991,0.009906428026574585,0.9568204564102101,-0.0004277550407925934,0.01301775147928994,0.010015233396601368,1.299795118474969,0.003002518082688572,False
head_tail,3,prize2_2,25,prize7_3,de,2533,844,845,0.010264508487958943,0.010077247948638467,1.0185825078706907,0.0001872605393204753,0.5020374470676433,0.964388139426382,0.018957345971563982,0.010057379377365871,1.8849190490146452,0.008899966594198111,0.01301775147928994,0.01001567946970829,1.299737228878101,0.003002072009581651,False
head_tail,26,prize7_4,14,prize5_1,de,2533,844,845,0.013422818791946308,0.009999569943612016,1.34233960736693,0.003423248848334292,0.05134243444020767,0.8352524262899428,0.009478672985781991,0.010078369653955192,0.9404966588085153,-0.000599696668173201,0.01301775147928994,0.01001567946970829,1.299737228878101,0.003002072009581651,False
head_tail,24,prize7_2,12,prize4_3,de,2533,844,845,0.008685353335965259,0.01003945060519648,0.8651223734762605,-0.001354097269231221,0.7832903619668057,0.982710387641021,0.008293838862559242,0.009988156124784068,0.8303673629989985,-0.001694317262224826,0.01301775147928994,0.010016571615922135,1.299621465152527,0.0030011798633678057,False
head_tail,8,prize3_5,21,prize6_2,de,2533,844,845,0.010264508487958943,0.009973826083708615,1.0291445230557141,0.0002906824042503281,0.4811550013018224,0.9622180214446507,0.008293838862559242,0.010037282304035671,0.82630323740367,-0.001743443441476429,0.01301775147928994,0.010017017689029054,1.299563591022444,0.0030007337902608865,False
head_tail,4,prize3_1,8,prize3_5,de,2533,844,845,0.0094749309119621,0.009981117697207269,0.9492855609360463,-0.000506186785245168,0.6391807143064225,0.9770536338286936,0.008293838862559242,0.009944389165087183,0.8340219519643598,-0.0016505503025279408,0.01301775147928994,0.010017909835242898,1.2994478582242408,0.0029998416440470427,False
head_tail,20,prize6_1,20,prize6_1,de,2533,844,845,0.01381760757994473,0.009980968888768519,1.384395416310088,0.0038366386911762116,0.0326785335936625,0.8352524262899428,0.01066350710900474,0.01003638910077655,1.0624844256167458,0.0006271180082281901,0.01301775147928994,0.01001835590834982,1.299389999554744,0.00299939557094012,False
tail_tail,1,prize1,25,prize7_3,de,2533,844,845,0.010659297275957363,0.009931415678665437,1.0732908198430917,0.0007278815972919257,0.3938546511959058,0.9494918937002462,0.015402843601895734,0.009987709523154507,1.5421797726683302,0.005415134078741227,0.01301775147928994,0.010018801981456741,1.2993321460373997,0.002998949497833199,False
head_tail,19,prize5_6,6,prize3_3,de,2533,844,845,0.011843663639952625,0.010007307982426914,1.183501463205729,0.0018363556575257105,0.2035970270274967,0.9445822294163744,0.01066350710900474,0.009927864904793466,1.0740987323322746,0.0007356422042112745,0.01301775147928994,0.010020586273884427,1.2991007834757835,0.0029971652054055133,False
tail_tail,24,prize7_2,12,prize4_3,de,2533,844,845,0.01421239636794315,0.009944213204397765,1.429212756787818,0.004268183163545386,0.019457270167236942,0.7544446491843871,0.015402843601895734,0.010055146369218074,1.5318368362144008,0.00534769723267766,0.01301775147928994,0.010024154858739798,1.2986383054467783,0.002993596620550142,False
tail_tail,25,prize7_3,8,prize3_5,de,2533,844,845,0.012238452427951046,0.009990790245725887,1.2249734132079013,0.0022476621822251595,0.14970731952257044,0.9321775641699296,0.0071090047393364926,0.010061845393661471,0.7065309057337393,-0.0029528406543249787,0.01301775147928994,0.010024600931846721,1.2985805188448358,0.002993150547443219,False
head_tail,4,prize3_1,21,prize6_2,de,2533,844,845,0.007500986971969996,0.010001504453315742,0.7499858653248148,-0.002500517481345746,0.913833664010875,0.9839959698496815,0.01066350710900474,0.009915806660795343,1.0754049038859965,0.0007477004482093971,0.01301775147928994,0.010026831297381328,1.298291662959338,0.0029909201819086125,False
tail_tail,7,prize3_4,2,prize2_1,de,2533,844,845,0.010659297275957363,0.009963409492996256,1.0698443422856683,0.0006958877829611066,0.40027266321921534,0.9494918937002462,0.002369668246445498,0.009941262953680266,0.23836692153568317,-0.007571594707234768,0.01301775147928994,0.010032184174664387,1.2975989328590483,0.0029855673046255537,False
head_tail,1,prize1,11,prize4_2,de,2533,844,845,0.013422818791946308,0.010059242127549963,1.3343767474474322,0.0033635766643963453,0.055125061851578616,0.8372118768708502,0.009478672985781991,0.00999842796226395,0.948016330322765,-0.0005197549764819585,0.01301775147928994,0.010033968467092072,1.2973681870721079,0.002983783012197868,False
head_tail,4,prize3_1,16,prize5_3,de,2533,844,845,0.012238452427951046,0.00999942113517327,1.2239160909926992,0.0022390312927777767,0.15083000218724574,0.9321775641699296,0.004739336492890996,0.009922505685238744,0.47763504937482565,-0.0051831691923477485,0.01301775147928994,0.010034860613305916,1.2972528449502132,0.0029828908659840243,False
tail_tail,5,prize3_2,12,prize4_3,de,2533,844,845,0.010264508487958943,0.009982010547839754,1.0283007054305633,0.0002824979401191887,0.48281422741032914,0.9622180214446507,0.015402843601895734,0.010085515280028153,1.5272242591706964,0.005317328321867581,0.01301775147928994,0.010038429198161286,1.2967916814788483,0.0029793222811286546,False
head_tail,14,prize5_1,16,prize5_3,de,2533,844,845,0.008290564547966837,0.009951653626335164,0.8330841143855159,-0.0016610890783683267,0.8270193572316513,0.9839959698496815,0.0071090047393364926,0.01002879687307403,0.7088591811469643,-0.0029197921337375367,0.01301775147928994,0.010040659563695894,1.2965036207739127,0.002977091915594046,False
head_tail,8,prize3_5,23,prize7_1,de,2533,844,845,0.011448874851954205,0.009979331995942291,1.1472586398177198,0.0014695428560119132,0.2597126808095598,0.9469642663909963,0.011848341232227487,0.010031923084480948,1.1810638032658443,0.0018164181477465392,0.01301775147928994,0.010041105636802815,1.296446023989338,0.002976645842487125,False
head_tail,7,prize3_4,9,prize3_6,de,2533,844,845,0.0094749309119621,0.01004674221869513,0.9430849031172518,-0.0005718113067330298,0.6510808333629035,0.9770536338286936,0.016587677725118485,0.01003549589751743,1.6529006532922728,0.006552181827601054,0.01301775147928994,0.010045120294765108,1.2959278831209202,0.002972631184524833,False
tail_tail,17,prize5_4,21,prize6_2,de,2533,844,845,0.009080142123963679,0.010021742400985467,0.9060442546468568,-0.0009416002770217882,0.7175525791454215,0.982710387641021,0.0071090047393364926,0.009983243506858908,0.7120936932423122,-0.0028742387675224157,0.01301775147928994,0.010045120294765108,1.2959278831209202,0.002972631184524833,False
tail_tail,21,prize6_2,5,prize3_2,de,2533,844,845,0.00986971969996052,0.010006117514916929,0.9863685575596061,-0.00013639781495640782,0.5670276818694839,0.9681595906586115,0.014218009478672985,0.009924292091756985,1.4326472202971854,0.004293717386916,0.01301775147928994,0.010046012440978953,1.2958127969450732,0.0029717390383109873,False
head_tail,16,prize5_3,13,prize4_4,de,2533,844,845,0.00986971969996052,0.010033795884524056,0.9836476457711678,-0.00016407618456353544,0.5724284989054199,0.9681595906586115,0.009478672985781991,0.009914466855906665,0.9560446490508923,-0.000435793870124674,0.01301775147928994,0.010046458514085876,1.2957552615220669,0.0029712929652040646,False
tail_tail,19,prize5_6,9,prize3_6,de,2533,844,845,0.013028030003947888,0.009979183187503543,1.3055206783118554,0.0030488468164443453,0.07436717136523738,0.8435413945880753,0.009478672985781991,0.00999976776715263,0.9478893116815835,-0.0005210947813706381,0.01301775147928994,0.010046904587192797,1.2956977312080982,0.0029708468920971436,False
tail_tail,7,prize3_4,4,prize3_1,de,2533,844,845,0.007895775759968417,0.010002546112386978,0.7893765918449931,-0.0021067703524185605,0.8780936659498698,0.9839959698496815,0.009478672985781991,0.009960020222121784,0.9516720623447438,-0.00048134723633979325,0.01301775147928994,0.010047350660299716,1.2956402060024863,0.0029704008189902244,False
tail_tail,10,prize4_1,22,prize6_3,de,2533,844,845,0.011054086063955783,0.010024123336005436,1.1027484093547457,0.0010299627279503464,0.336990561998594,0.9469642663909963,0.01066350710900474,0.010047554141515551,1.061303771924366,0.0006159529674891889,0.01301775147928994,0.010049581025834324,1.2953526565759685,0.002968170453455616,False
tail_tail,13,prize4_4,19,prize5_6,de,2533,844,845,0.012238452427951046,0.009998825901418278,1.2239889511642652,0.0022396265265327685,0.15075224197707243,0.9321775641699296,0.014218009478672985,0.010000660970411749,1.4217069772426851,0.004217348508261236,0.01301775147928994,0.010054041756903538,1.2947779404587605,0.0029637097223864026,False
head_tail,3,prize2_2,23,prize7_1,de,2533,844,845,0.007500986971969996,0.009984986716614715,0.7512265348824733,-0.002483999744644719,0.9126894688355838,0.9839959698496815,0.004739336492890996,0.00999083573456143,0.4743683730577359,-0.005251499241670435,0.01301775147928994,0.01005448783001046,1.29472049689441,0.00296326364927948,False
head_tail,1,prize1,6,prize3_3,de,2533,844,845,0.008290564547966837,0.01005641476721375,0.8244055898525591,-0.0017658502192469134,0.8390176044908981,0.9839959698496815,0.01066350710900474,0.01002120464537151,1.06409433659554,0.0006423024636332299,0.01301775147928994,0.010055379976224304,1.2946056250554518,0.002962371503065636,False
head_tail,3,prize2_2,15,prize5_2,de,2533,844,845,0.011448874851954205,0.009984242674420975,1.146694368846375,0.0014646321775332299,0.2605700571223623,0.9469642663909963,0.009478672985781991,0.009993515344338788,0.9484823567266099,-0.0005148423585567968,0.01301775147928994,0.010055826049331223,1.2945481967794883,0.002961925429958717,False
tail_tail,15,prize5_2,7,prize3_4,de,2533,844,845,0.011448874851954205,0.009979331995942291,1.1472586398177198,0.0014695428560119132,0.2597123890482351,0.9469642663909963,0.008293838862559242,0.010116330792467794,0.8198465464113229,-0.001822491929908552,0.01301775147928994,0.010056272122438146,1.2944907735982967,0.002961479356851794,False
tail_tail,16,prize5_3,26,prize7_4,de,2533,844,845,0.00986971969996052,0.010023974527566688,0.9846114106553289,-0.00015425482760616713,0.5705151222580804,0.9681595906586115,0.011848341232227487,0.009954214400937507,1.1902839094074154,0.0018941268312899807,0.01301775147928994,0.01005805641486583,1.2942611318076993,0.00295969506442411,False
tail_tail,13,prize4_4,23,prize7_1,de,2533,844,845,0.010659297275957363,0.009964153535189998,1.0697644549847967,0.0006951437407673646,0.4004216820048917,0.9494918937002462,0.009478672985781991,0.009953321197678387,0.9523125796435559,-0.00047464821189639565,0.01301775147928994,0.010059840707293518,1.294031571479248,0.0029579107719964227,False
head_tail,11,prize4_2,13,prize4_4,de,2533,844,845,0.014607185155941572,0.009949570308192693,1.4681222106560419,0.004657614847748879,0.011847243604531457,0.6497913596636627,0.0071090047393364926,0.009989942531302308,0.7116161796788384,-0.002880937791965815,0.01301775147928994,0.01006028678040044,1.293974194120516,0.0029574646988895,False
head_tail,0,special,22,prize6_3,de,2533,844,845,0.007895775759968417,0.010025164995076673,0.7875955920771386,-0.0021293892351082564,0.8801324962287751,0.9839959698496815,0.008293838862559242,0.009995748352486589,0.8297366610370926,-0.0017019094899273467,0.01301775147928994,0.010060732853507361,1.2939168218497827,0.002957018625782579,False
head_tail,25,prize7_3,24,prize7_2,de,2533,844,845,0.007895775759968417,0.009973528466831118,0.7916732564836341,-0.0020777527068627007,0.8754400213827968,0.9839959698496815,0.0071090047393364926,0.00999664155574571,0.7111393061053082,-0.002887636816409218,0.01301775147928994,0.010061178926614282,1.293859454666371,0.002956572552675658,False
head_tail,25,prize7_3,0,special,de,2533,844,845,0.011843663639952625,0.010064152806028646,1.1768167542982866,0.0017795108339239783,0.21247959850412806,0.9445822294163744,0.009478672985781991,0.009911340644499743,0.9563462023719406,-0.00043266765871775165,0.01301775147928994,0.01006340929214889,1.293572695035461,0.0029543421871410496,False
head_tail,4,prize3_1,5,prize3_2,de,2533,844,845,0.006711409395973154,0.010025611420392915,0.6694264433909335,-0.003314202024419761,0.961989007171478,0.9888452758037601,0.008293838862559242,0.010037728905665231,0.8262664732734764,-0.001743890043105989,0.01301775147928994,0.010064301438362731,1.2934580267706766,0.0029534500409272094,False
head_tail,8,prize3_5,24,prize7_2,de,2533,844,845,0.007895775759968417,0.010002992537703221,0.7893413626180071,-0.002107216777734804,0.878134392134976,0.9839959698496815,0.005924170616113744,0.009955107604196626,0.5950885567139806,-0.004030936988082883,0.01301775147928994,0.01006653180389734,1.2931714450303542,0.002951219675392601,False
head_tail,19,prize5_6,16,prize5_3,de,2533,844,845,0.008290564547966837,0.010014004362170573,0.8278970378009528,-0.001723439814203736,0.8342403425863466,0.9839959698496815,0.005924170616113744,0.010048000743145111,0.589587000195566,-0.004123830127031367,0.01301775147928994,0.010067423950111185,1.2930568478886968,0.0029503275291787555,False
head_tail,6,prize3_3,17,prize5_4,de,2533,844,845,0.009080142123963679,0.010000016368928262,0.9080127260768505,-0.0009198742449645827,0.7140371197445793,0.982710387641021,0.009478672985781991,0.009890350367910422,0.9583758545638452,-0.0004116773821284305,0.01301775147928994,0.010078575777784222,1.2916260954235637,0.0029391757015057186,False
head_tail,2,prize2_1,5,prize3_2,de,2533,844,845,0.008290564547966837,0.009998081859224538,0.8292155100048223,-0.0017075173112577006,0.832419826692813,0.9839959698496815,0.005924170616113744,0.00999887456389351,0.5924837418709353,-0.004074703947779766,0.01301775147928994,0.010079913997104986,1.2914546178696285,0.002937837482184954,False
tail_tail,2,prize2_1,7,prize3_4,de,2533,844,845,0.00986971969996052,0.01000671274867192,0.9863098849590161,-0.00013699304871139968,0.5671446013718244,0.9681595906586115,0.01066350710900474,0.010003340580189108,1.0659946068539388,0.0006601665288156321,0.01301775147928994,0.010080806143318828,1.2913403247931323,0.002936945335971112,False
tail_tail,4,prize3_1,15,prize5_2,de,2533,844,845,0.009080142123963679,0.010003736579896961,0.9076750523610053,-0.0009235944559332823,0.7146412765423226,0.982710387641021,0.008293838862559242,0.009916699864054463,0.8363506989479754,-0.0016228610014952204,0.01301775147928994,0.010081252216425751,1.2912831858407077,0.002936499262864189,False
head_tail,25,prize7_3,21,prize6_2,de,2533,844,845,0.011843663639952625,0.010024718569760428,1.181445998462146,0.0018189450701921964,0.20630111502694032,0.9445822294163744,0.0071090047393364926,0.009919826075461383,0.7166461070241944,-0.0028108213361248907,0.01301775147928994,0.010081698289532672,1.2912260519446042,0.002936053189757268,False
head_tail,5,prize3_2,19,prize5_6,de,2533,844,845,0.010264508487958943,0.010005522281161937,1.0258843266267685,0.00025898620679700585,0.48757480761978916,0.9622180214446507,0.018957345971563982,0.010021651247001072,1.8916389629141077,0.00893569472456291,0.01301775147928994,0.0100843747281742,1.290883354713142,0.0029333767511157405,False
tail_tail,14,prize5_1,26,prize7_4,de,2533,844,845,0.007500986971969996,0.010067426591681103,0.7450749110172998,-0.0025664396197111064,0.9182754065443924,0.9839959698496815,0.005924170616113744,0.009948855181382785,0.5954625439919558,-0.004024684565269041,0.01301775147928994,0.010085712947494966,1.2907120743034053,0.002932038531794974,False
head_tail,26,prize7_4,26,prize7_4,de,2533,844,845,0.013028030003947888,0.010030075673555357,1.2988964817380932,0.0029979543303925316,0.07858163428406142,0.8435413945880753,0.011848341232227487,0.009966719246565187,1.1887905075996557,0.0018816219856623,0.01301775147928994,0.01008928153235034,1.2902555486780436,0.002928469946939601,False
tail_tail,26,prize7_4,5,prize3_2,de,2533,844,845,0.008685353335965259,0.009973528466831118,0.8708405821319974,-0.0012881751308658589,0.7741335008444109,0.982710387641021,0.008293838862559242,0.009869806692950662,0.8403243468266681,-0.0015759678303914199,0.01301775147928994,0.010096864775168002,1.2892865032030043,0.002920886704121939,False
tail_tail,25,prize7_3,1,prize1,de,2533,844,845,0.013422818791946308,0.009990195011970895,1.343599276677004,0.0034326237799754133,0.05076554011247086,0.8352524262899428,0.015402843601895734,0.010038622108924351,1.53435834467786,0.005364221492971383,0.01301775147928994,0.010112477333910257,1.2872959858844284,0.0029052741453796833,False
head_tail,25,prize7_3,13,prize4_4,de,2533,844,845,0.010264508487958943,0.009989004544460911,1.027580720608522,0.0002755039434980313,0.48423131679334236,0.9622180214446507,0.014218009478672985,0.01001763183233503,1.4192984646111595,0.004200377646337955,0.01301775147928994,0.010127643819545585,1.2853682170542635,0.0028901076597443558,False
head_tail,7,prize3_4,15,prize5_2,de,2533,844,845,0.0094749309119621,0.010032903033891568,0.9443857754784818,-0.0005579721219294669,0.6485886492664037,0.9770536338286936,0.008293838862559242,0.009971631864490346,0.8317433871675671,-0.0016777930019311032,0.01301775147928994,0.010139687793432465,1.2838414500021997,0.002878063685857475,False
tail_tail,0,special,5,prize3_2,de,2533,844,845,0.011054086063955783,0.01003811132924775,1.1012117420682332,0.0010159747347080333,0.33968093022322354,0.9469642663909963,0.008293838862559242,0.01003460269425831,0.8265238909065016,-0.0017407638316990683,0.01301775147928994,0.010158422863923168,1.2814736749659685,0.0028593286153667727,False
tail_tail,17,prize5_4,17,prize5_4,de,2533,844,845,0.008685353335965259,0.009776952519245024,0.8883497509954096,-0.001091599183279765,0.745177239752056,0.982710387641021,0.009478672985781991,0.009793884415925456,0.9678154839533422,-0.00031521143014346525,0.011834319526627219,0.009758295287014591,1.212744560248674,0.0020760242396126276,False
tail_tail,3,prize2_2,3,prize2_2,de,2533,844,845,0.00986971969996052,0.00980835109982085,1.0062567703291936,6.136860013967148e-05,0.5276937766406757,0.9681595906586115,0.011848341232227487,0.009787631993111617,1.2105421659259528,0.0020607092391158703,0.011834319526627219,0.009759633506335354,1.2125782714018007,0.0020746860202918646,False
tail_tail,5,prize3_2,5,prize3_2,de,2533,844,845,0.010659297275957363,0.009824273602766883,1.0849959708934924,0.0008350236731904798,0.3724384601128935,0.9494918937002462,0.009478672985781991,0.009884991148355702,0.9588954449755578,-0.0004063181625737107,0.011834319526627219,0.0097792607230399,1.2101445969985858,0.0020550588035873184,False
tail_tail,12,prize4_3,12,prize4_3,de,2533,844,845,0.007500986971969996,0.00978677387620239,0.7664412263789465,-0.0022857869042323944,0.897894624411643,0.9839959698496815,0.01066350710900474,0.00985640864406386,1.0818856536987196,0.0008070984649408801,0.011834319526627219,0.009789520404499093,1.2088763328169143,0.0020447991221281252,False
tail_tail,18,prize5_5,10,prize4_1,de,2533,844,845,0.007500986971969996,0.01003349826764656,0.747594385515294,-0.0025325112956765634,0.9160139126810586,0.9839959698496815,0.01066350710900474,0.009951088189530586,1.0715920616826289,0.0007124189194741542,0.011834319526627219,0.009834127715191243,1.2033929057425383,0.002000191811435976,False
tail_tail,23,prize7_1,5,prize3_2,de,2533,844,845,0.008290564547966837,0.009961772600170027,0.8322378838305678,-0.00167120805220319,0.8282089253505704,0.9839959698496815,0.0071090047393364926,0.009897049392353821,0.7182953683982528,-0.0027880446530173285,0.011834319526627219,0.009887210414914901,1.1969321001579065,0.0019471091117123172,False
head_tail,10,prize4_1,6,prize3_3,de,2533,844,845,0.010659297275957363,0.009994659265133335,1.0664993166042827,0.0006646380108240278,0.4065462583419145,0.9494918937002462,0.014218009478672985,0.00998458331174759,1.4239962785371785,0.004233426166925396,0.011834319526627219,0.009895239730839488,1.195960870937204,0.0019390797957877307,False
head_tail,10,prize4_1,25,prize7_3,de,2533,844,845,0.011448874851954205,0.010032307800136576,1.1412005173723183,0.0014165670518176288,0.26901754828242996,0.9469642663909963,0.005924170616113744,0.01001629202744635,0.5914534640044944,-0.004092121411332607,0.011834319526627219,0.009906837631619444,1.1945607636543745,0.0019274818950077745,False
tail_tail,9,prize3_6,13,prize4_4,de,2533,844,845,0.011843663639952625,0.009977546294677314,1.1870316899727964,0.0018661173452753105,0.19901787282535455,0.9445822294163744,0.014218009478672985,0.010060952190402353,1.413187261960777,0.004157057288270632,0.011834319526627219,0.009909067997154053,1.1942918879985596,0.001925251529473166,False
head_tail,13,prize4_4,16,prize5_3,de,2533,844,845,0.0094749309119621,0.009979778421258533,0.949412954077114,-0.0005048475092964324,0.6389351407713236,0.9770536338286936,0.0071090047393364926,0.01005157355618159,0.7072529191177779,-0.002942568816845097,0.011834319526627219,0.009912190508902505,1.1939156653615948,0.001922129017724714,False
tail_tail,0,special,18,prize5_5,de,2533,844,845,0.012238452427951046,0.009994064031378343,1.224572144977859,0.0022443883965727034,0.1501332688875321,0.9321775641699296,0.013033175355450236,0.009980563897081548,1.3058556099481828,0.0030526114583686887,0.011834319526627219,0.009912636582009424,1.1938619386193863,0.0019216829446177947,False
head_tail,1,prize1,3,prize2_2,de,2533,844,845,0.011843663639952625,0.00999123667104213,1.1854051735436748,0.0018524269689104943,0.20111691242578333,0.9445822294163744,0.002369668246445498,0.010010932807891629,0.2367080362958271,-0.007641264561446131,0.011834319526627219,0.009912636582009426,1.193861938619386,0.001921682944617793,False
tail_tail,9,prize3_6,12,prize4_3,de,2533,844,845,0.007895775759968417,0.010061920679447426,0.7847185454459409,-0.0021661449194790086,0.883377870821732,0.9839959698496815,0.011848341232227487,0.010041301718701712,1.179960682802729,0.0018070395135257756,0.011834319526627219,0.009913082655116347,1.193808216712415,0.001921236871510872,False
tail_tail,25,prize7_3,7,prize3_4,de,2533,844,845,0.00986971969996052,0.009991534287919627,0.9878082199941617,-0.00012181458795910635,0.5641710150905453,0.9681595906586115,0.01066350710900474,0.010006466791596029,1.0656615697721128,0.0006570403174087115,0.011834319526627219,0.009913082655116347,1.193808216712415,0.001921236871510872,False
tail_tail,17,prize5_4,16,prize5_3,de,2533,844,845,0.008685353335965259,0.00996087974953754,0.871946409790611,-0.0012755264135722814,0.7723451467200078,0.982710387641021,0.005924170616113744,0.010016738629075908,0.5914270937366244,-0.004092568012962165,0.011834319526627219,0.009915313020650955,1.1935396796832822,0.0019190065059762635,False
head_tail,23,prize7_1,11,prize4_2,de,2533,844,845,0.006711409395973154,0.009954034561355133,0.6742401138558504,-0.003242625165381979,0.9594434051616045,0.9888452758037601,0.0071090047393364926,0.01002522406003755,0.7091118060567182,-0.002916219320701058,0.011834319526627219,0.009917989459292485,1.1932175946748222,0.001916330067334734,False
tail_tail,6,prize3_3,12,prize4_3,de,2533,844,845,0.009080142123963679,0.010023528102250445,0.9058828419830578,-0.0009433859782867655,0.7178404008452338,0.982710387641021,0.011848341232227487,0.01000602018996647,1.1841212597300577,0.0018423210422610168,0.011834319526627219,0.009919773751720169,1.1930029678927963,0.0019145457749070501,False
head_tail,14,prize5_1,11,prize4_2,de,2533,844,845,0.012238452427951046,0.009983498632227236,1.2258680928191552,0.0022549537957238103,0.14876196955610926,0.9321775641699296,0.011848341232227487,0.009917146465684023,1.1947329076187303,0.0019311947665434648,0.011834319526627219,0.00992289626346862,1.1926275567543267,0.001911423263158598,False
head_tail,9,prize3_6,4,prize3_1,de,2533,844,845,0.009080142123963679,0.010064748039783638,0.9021728202307661,-0.0009846059158199593,0.7244312973675269,0.982710387641021,0.013033175355450236,0.01001182601115075,1.3017780513698933,0.003021349344299486,0.011834319526627219,0.009923342336575542,1.1925739458779105,0.001910977190051677,False
head_tail,17,prize5_4,20,prize6_1,de,2533,844,845,0.013028030003947888,0.009933350188369161,1.3115444192435952,0.0030946798155787273,0.07070222002397596,0.8435413945880753,0.01066350710900474,0.009887224156503503,1.0785137405821454,0.0007762829525012373,0.011834319526627219,0.009924234482789384,1.1924667385832435,0.001910085043837835,False
tail_tail,15,prize5_2,25,prize7_3,de,2533,844,845,0.009080142123963679,0.010031712566381582,0.9051437692097739,-0.0009515704424179032,0.7191586203342124,0.982710387641021,0.014218009478672985,0.010036835702406112,1.4165828653810213,0.0041811737762668735,0.011834319526627219,0.009925126629003227,1.1923595505617977,0.0019091928976239913,False
head_tail,4,prize3_1,24,prize7_2,de,2533,844,845,0.007106198183971575,0.010009540109008133,0.7099425254888901,-0.002903341925036558,0.9415473349437451,0.9839959698496815,0.018957345971563982,0.009921165880350063,1.9107982066010052,0.00903618009121392,0.011834319526627219,0.009929141286965521,1.1918774428321128,0.0019051782396616972,False
tail_tail,7,prize3_4,24,prize7_2,de,2533,844,845,0.008685353335965259,0.009955820262620109,0.8723895276188427,-0.0012704669266548497,0.7716253358240917,0.982710387641021,0.009478672985781991,0.010031476482851392,0.9448931074090233,-0.0005528034970694005,0.011834319526627219,0.009930479506286286,1.1917168268798848,0.0019038400203409325,False
head_tail,23,prize7_1,10,prize4_1,de,2533,844,845,0.008290564547966837,0.00998230816471725,0.8305258073748986,-0.0016917436167504137,0.830600442039799,0.9839959698496815,0.014218009478672985,0.009981010498711107,1.4245060137457044,0.004236998979961878,0.011834319526627219,0.009931817725607047,1.1915562542106448,0.0019025018010201712,False
head_tail,26,prize7_4,16,prize5_3,de,2533,844,845,0.014607185155941572,0.010006266323355677,1.459803755357467,0.004600918832585895,0.01297305660635399,0.6497913596636627,0.008293838862559242,0.010048000743145111,0.8254218002737925,-0.0017541618805858687,0.011834319526627219,0.009931817725607047,1.1915562542106448,0.0019025018010201712,False
tail_tail,23,prize7_1,4,prize3_1,de,2533,844,845,0.00986971969996052,0.010026355462586655,0.9843775973023676,-0.00015663576262613457,0.5709795272158847,0.9681595906586115,0.005924170616113744,0.010020311442112389,0.5912162162162162,-0.004096140825998645,0.011834319526627219,0.00993181772560705,1.1915562542106446,0.0019025018010201695,False
head_tail,13,prize4_4,23,prize7_1,de,2533,844,845,0.010659297275957363,0.010016087680313045,1.0642176482648578,0.0006432095956443173,0.41085104567133623,0.9494918937002462,0.0071090047393364926,0.009977884287304187,0.712476165752088,-0.002868879547967694,0.011834319526627219,0.009932709871820893,1.191449229801949,0.0019016096548063258,False
tail_tail,7,prize3_4,22,prize6_3,de,2533,844,845,0.007895775759968417,0.010027099504780396,0.7874436427208212,-0.0021313237448119787,0.8803029552640709,0.9839959698496815,0.01066350710900474,0.010007359994855148,1.065566454538152,0.0006561471141495918,0.011834319526627219,0.009934494164248579,1.1912352386511607,0.00189982536237864,False
tail_tail,23,prize7_1,3,prize2_2,de,2533,844,845,0.007106198183971575,0.010002546112386978,0.7104389326604937,-0.0028963479284154024,0.9411963070160629,0.9839959698496815,0.004739336492890996,0.010060952190402353,0.47106242065359244,-0.005321615697511358,0.011834319526627219,0.00993538631046242,1.1911282718987115,0.001898933216164798,False
head_tail,10,prize4_1,24,prize7_2,de,2533,844,845,0.011054086063955783,0.010033349459207811,1.1017343818131662,0.0010207366047479717,0.33876505272580826,0.9469642663909963,0.011848341232227487,0.009899282400501622,1.1968889009194346,0.0019490588317258653,0.011834319526627219,0.009944753845707774,1.1900062797165156,0.0018895656809194451,False
tail_tail,10,prize4_1,26,prize7_4,de,2533,844,845,0.008290564547966837,0.009981861739401007,0.8305629515225421,-0.0016912971914341702,0.8305501441426477,0.9839959698496815,0.009478672985781991,0.010128389036465917,0.9358519851138508,-0.0006497160506839256,0.011834319526627219,0.009945199918814695,1.1899529042386185,0.0018891196078125241,False
head_tail,21,prize6_2,14,prize5_1,de,2533,844,845,0.00986971969996052,0.010004778238968197,0.9865005964368477,-0.0001350585390076757,0.566765679032728,0.9681595906586115,0.0071090047393364926,0.010068991019734432,0.7060295043866264,-0.0029599862803979396,0.011834319526627219,0.009945199918814695,1.1899529042386185,0.0018891196078125241,False
tail_tail,13,prize4_4,11,prize4_2,de,2533,844,845,0.011054086063955783,0.00999064143728714,1.1064440790257617,0.0010634446266686425,0.33057246309024346,0.9469642663909963,0.023696682464454975,0.009939029945532465,2.384204755827956,0.01375765251892251,0.011834319526627219,0.009945199918814696,1.1899529042386183,0.0018891196078125224,False
head_tail,20,prize6_1,26,prize7_4,de,2533,844,845,0.011843663639952625,0.010072486078598532,1.1758431381818828,0.0017711775613540922,0.21379433176090779,0.9445822294163744,0.008293838862559242,0.01001718523070547,0.8279610161481601,-0.0017233463681462276,0.011834319526627219,0.00994698421124238,1.1897394501995606,0.0018873353153848384,False
tail_tail,11,prize4_2,3,prize2_2,de,2533,844,845,0.010659297275957363,0.009986921226318439,1.067325658669162,0.0006723760496389238,0.40499240048676494,0.9494918937002462,0.005924170616113744,0.010133748256020635,0.5845981631321946,-0.004209577639906891,0.011834319526627219,0.00994698421124238,1.1897394501995606,0.0018873353153848384,False
tail_tail,2,prize2_1,11,prize4_2,de,2533,844,845,0.00986971969996052,0.010017278147823029,0.9852696066052058,-0.00014755844786250825,0.5692084584981547,0.9681595906586115,0.0071090047393364926,0.009907767831463264,0.7175183008185784,-0.0027987630921267716,0.011834319526627219,0.0099474302843493,1.1896860986547089,0.0018868892422779192,False
tail_tail,16,prize5_3,22,prize6_3,de,2533,844,845,0.011054086063955783,0.009947635798488967,1.111227460260948,0.0011064502654668153,0.3223698113180471,0.9469642663909963,0.01066350710900474,0.010060058987143232,1.0599845510481316,0.0006034481218615082,0.011834319526627219,0.009947430284349303,1.1896860986547084,0.0018868892422779157,False
tail_tail,26,prize7_4,18,prize5_5,de,2533,844,845,0.011448874851954205,0.01002382571912794,1.142166192106365,0.001425049132826265,0.26752062292304823,0.9469642663909963,0.015402843601895734,0.01004576773499731,1.5332669446691978,0.005357075866898424,0.011834319526627219,0.009947876357456222,1.189632751894534,0.0018864431691709965,False
head_tail,16,prize5_3,5,prize3_2,de,2533,844,845,0.009080142123963679,0.010052992173122546,0.9032278119384339,-0.000972850049158867,0.7225622048186585,0.982710387641021,0.009478672985781991,0.009965379441676506,0.9511602685333741,-0.0004867064558945148,0.011834319526627219,0.009955013527166967,1.1887798539230183,0.001879305999460252,False
tail_tail,7,prize3_4,19,prize5_6,de,2533,844,845,0.008685353335965259,0.00999867709297953,0.8686502479476602,-0.0013133237570142706,0.7776578003906389,0.982710387641021,0.009478672985781991,0.009893476579317342,0.9580730201148389,-0.0004148035935353511,0.011834319526627219,0.00995590567338081,1.1886733276580492,0.0018784138532464082,False
head_tail,26,prize7_4,19,prize5_6,de,2533,844,845,0.013028030003947888,0.009997337817030797,1.3031499227478545,0.003030692186917091,0.07585310834172333,0.8435413945880753,0.009478672985781991,0.010044874531738192,0.9436327906170249,-0.0005662015459562009,0.011834319526627219,0.009956351746487733,1.1886200716845876,0.0018779677801394855,False
head_tail,9,prize3_6,2,prize2_1,de,2533,844,845,0.008685353335965259,0.00998677241787969,0.8696857175212631,-0.0013014190819144317,0.7759939344591782,0.982710387641021,0.01066350710900474,0.01003102988122183,1.063052072944864,0.0006324772277829099,0.011834319526627219,0.009957243892701573,1.1885135740525044,0.0018770756339256452,False
head_tail,22,prize6_3,14,prize5_1,de,2533,844,845,0.008290564547966837,0.009932754954614171,0.8346691915635682,-0.0016421904066473338,0.8247823750568108,0.9839959698496815,0.01066350710900474,0.009997534759004828,1.066613656871767,0.0006659723499999118,0.011834319526627219,0.009957689965808496,1.1884603323925995,0.0018766295608187225,False
head_tail,4,prize3_1,3,prize2_2,de,2533,844,845,0.007895775759968417,0.009968915405229931,0.7920395989945009,-0.0020731396452615142,0.875015329946984,0.9839959698496815,0.005924170616113744,0.009960466823751346,0.5947683698907761,-0.004036296207637602,0.011834319526627219,0.009957689965808496,1.1884603323925995,0.0018766295608187225,False
tail_tail,25,prize7_3,22,prize6_3,de,2533,844,845,0.00986971969996052,0.009975165359657347,0.9894291817834638,-0.00010544565969682583,0.56095627660664,0.9681595906586115,0.011848341232227487,0.009926525099904784,1.1936041175517842,0.001921816132322703,0.011834319526627219,0.009959474258236182,1.188247413445604,0.0018748452683910368,False
tail_tail,21,prize6_2,1,prize1,de,2533,844,845,0.010264508487958943,0.010032754225452821,1.0230997647603255,0.0002317542625061217,0.4930770002926504,0.9622180214446507,0.011848341232227487,0.009963146433528705,1.189216811303163,0.0018851947986987822,0.011834319526627219,0.009960366404450024,1.1881409825787095,0.0018739531221771948,False
tail_tail,26,prize7_4,8,prize3_5,de,2533,844,845,0.0094749309119621,0.010000611602683254,0.9474351458084715,-0.0005256806907211527,0.6427380168774444,0.9770536338286936,0.01066350710900474,0.009957787213973987,1.0708711563991244,0.0007057198950307531,0.011834319526627219,0.00996170462377079,1.18798137202221,0.0018726149028564284,False
tail_tail,9,prize3_6,3,prize2_2,de,2533,844,845,0.010659297275957363,0.009973528466831118,1.068758896252906,0.000685768809126245,0.40230338637487895,0.9494918937002462,0.005924170616113744,0.009997981360634388,0.5925366733968231,-0.0040738107445206445,0.011834319526627219,0.00996170462377079,1.18798137202221,0.0018726149028564284,False
head_tail,21,prize6_2,23,prize7_1,de,2533,844,845,0.010264508487958943,0.010024272144444183,1.0239654650285914,0.00024023634351475961,0.4913646115517742,0.9622180214446507,0.0071090047393364926,0.010068544418104874,0.7060608211206131,-0.0029595396787683815,0.011834319526627219,0.009963488916198474,1.187768624641834,0.0018708306104287444,False
tail_tail,19,prize5_6,2,prize2_1,de,2533,844,845,0.0094749309119621,0.010024272144444183,0.9451988907956228,-0.0005493412324820823,0.6470298117611104,0.9770536338286936,0.004739336492890996,0.009954661002567066,0.4760922036088256,-0.005215324509676071,0.011834319526627219,0.009963488916198474,1.187768624641834,0.0018708306104287444,False
head_tail,24,prize7_2,23,prize7_1,de,2533,844,845,0.01381760757994473,0.010074569396741005,1.37153331679015,0.0037430381832037254,0.03695883051209981,0.8352524262899428,0.01066350710900474,0.009940369750421145,1.072747531202545,0.0007231373585835955,0.011834319526627219,0.009967503574160768,1.1872902215260686,0.0018668159524664503,False
tail_tail,4,prize3_1,12,prize4_3,de,2533,844,845,0.010264508487958943,0.00997799271999356,1.0287147701953392,0.00028651576796538333,0.4819998774981966,0.9622180214446507,0.008293838862559242,0.01004219492196083,0.8258990118207937,-0.0017483560594015873,0.011834319526627219,0.009967949647267691,1.1872370894119753,0.0018663698793595276,False
tail_tail,10,prize4_1,20,prize6_1,de,2533,844,845,0.00986971969996052,0.010005373472723188,0.9864419081274188,-0.00013565377276266756,0.566882315560582,0.9681595906586115,0.01066350710900474,0.009992622141079668,1.0671380302840696,0.0006708849679250718,0.011834319526627219,0.009968841793481535,1.18713083944872,0.0018654777331456839,False
tail_tail,12,prize4_3,2,prize2_1,de,2533,844,845,0.011054086063955783,0.009966385661771217,1.1091368966742614,0.0010877004021845656,0.3259406446289659,0.9469642663909963,0.01066350710900474,0.009992175539450109,1.06718572616185,0.0006713315695546316,0.011834319526627219,0.009969733939695377,1.1870246085011185,0.0018645855869318419,False
head_tail,18,prize5_5,23,prize7_1,de,2533,844,845,0.010659297275957363,0.010032307800136576,1.0624970334156068,0.000626989475820787,0.4141111625230802,0.9494918937002462,0.011848341232227487,0.009995748352486589,1.1853380871958465,0.0018525928797408983,0.011834319526627219,0.009970626085909217,1.1869183965640662,0.0018636934407180016,False
tail_tail,24,prize7_2,20,prize6_1,de,2533,844,845,0.006711409395973154,0.009952546476967652,0.674340924858257,-0.0032411370809944983,0.959387822550266,0.9888452758037601,0.009478672985781991,0.009998427962263948,0.9480163303227652,-0.0005197549764819568,0.011834319526627219,0.009972410378336908,1.1867060297011984,0.0018619091482903107,False
head_tail,25,prize7_3,19,prize5_6,de,2533,844,845,0.008290564547966837,0.009940344184990318,0.8340319403110197,-0.0016497796370234814,0.825684545548807,0.9839959698496815,0.011848341232227487,0.009926971701534342,1.19355041884487,0.0019213695306931448,0.011834319526627219,0.009972856451443825,1.1866529498591047,0.0018614630751833932,False
head_tail,13,prize4_4,1,prize1,de,2533,844,845,0.010264508487958943,0.010012516277783094,1.025167720399616,0.00025199221017584844,0.48898918428476673,0.9622180214446507,0.013033175355450236,0.009903748416797222,1.3159840907656095,0.003129426938653014,0.011834319526627219,0.009974640743871511,1.1864406779661019,0.0018596787827557075,False
head_tail,19,prize5_6,20,prize6_1,de,2533,844,845,0.007106198183971575,0.009976058210289834,0.7123252525373065,-0.0028698600263182585,0.9398522779947656,0.9839959698496815,0.013033175355450236,0.009973418271008587,1.3067912125310095,0.0030597570844416496,0.011834319526627219,0.009975086816978434,1.18638762185851,0.0018592327096487848,False
head_tail,24,prize7_2,10,prize4_1,de,2533,844,845,0.0094749309119621,0.009990790245725887,0.9483665134512784,-0.0005158593337637862,0.6409478156085887,0.9770536338286936,0.008293838862559242,0.009978330888933748,0.8311849902429418,-0.001684492026374506,0.011834319526627219,0.009975086816978434,1.18638762185851,0.0018592327096487848,False
tail_tail,21,prize6_2,11,prize4_2,de,2533,844,845,0.010264508487958943,0.010023825719127941,1.0240110687850168,0.00024068276883100134,0.4912744065839774,0.9622180214446507,0.01066350710900474,0.01002522406003755,1.0636677090850775,0.0006382830489671896,0.011834319526627219,0.009975086816978436,1.1863876218585099,0.001859232709648783,False
tail_tail,18,prize5_5,1,prize1,de,2533,844,845,0.013028030003947888,0.009983647440665983,1.304936906213389,0.0030443825632819055,0.07473124016200125,0.8435413945880753,0.015402843601895734,0.009892583376058223,1.5570092276576917,0.005510260225837511,0.011834319526627219,0.009975532890085357,1.1863345704959083,0.001858786636541862,False
head_tail,15,prize5_2,23,prize7_1,de,2533,844,845,0.00986971969996052,0.010037516095492756,0.9832830758191679,-0.000167796395532235,0.5731522462779848,0.9681595906586115,0.009478672985781991,0.009911787246129303,0.9563031116798387,-0.0004331142603473115,0.011834319526627219,0.009977763255619962,1.1860693848354795,0.001856556271007257,False
head_tail,12,prize4_3,4,prize3_1,de,2533,844,845,0.010659297275957363,0.009993915222939595,1.0665787169667478,0.0006653820530177681,0.40639766771436725,0.9494918937002462,0.008293838862559242,0.009998874563893506,0.8294772386193099,-0.0017050357013342638,0.011834319526627219,0.00997954754804765,1.185857321652065,0.001854771978579568,False
tail_tail,17,prize5_4,2,prize2_1,de,2533,844,845,0.010659297275957363,0.009944659629714008,1.0718614485414928,0.0007146376462433546,0.3965106842705877,0.9494918937002462,0.009478672985781991,0.009922505685238746,0.9552700987496511,-0.0004438326994567546,0.011834319526627219,0.00997999362115457,1.185804317704376,0.0018543259054726487,False
head_tail,1,prize1,19,prize5_6,de,2533,844,845,0.01381760757994473,0.0100305220988716,1.377556167440094,0.00378708548107313,0.0348962598952309,0.8352524262899428,0.009478672985781991,0.01003058327959227,0.9449772482390761,-0.0005519102938102791,0.011834319526627219,0.0099826700597961,1.1854863934939006,0.0018516494668311193,False
head_tail,3,prize2_2,1,prize1,de,2533,844,845,0.010659297275957363,0.010007754407743158,1.0651038026782609,0.0006515428682142051,0.40917694490153067,0.9494918937002462,0.01066350710900474,0.01003817550729479,1.0622953445330299,0.0006253316017099508,0.011834319526627219,0.009984900425330706,1.1852215868477485,0.0018494191012965126,False
head_tail,1,prize1,25,prize7_3,de,2533,844,845,0.009080142123963679,0.010060581403498695,0.9025464592738094,-0.0009804392795350163,0.7237701429787351,0.982710387641021,0.013033175355450236,0.010018525035594151,1.3009075995863197,0.003014650319856085,0.011834319526627219,0.009986238644651473,1.1850627596372894,0.0018480808819757461,False
tail_tail,14,prize5_1,2,prize2_1,de,2533,844,845,0.007500986971969996,0.009998379476102033,0.7502202721849811,-0.0024973925041320367,0.9136178605846609,0.9839959698496815,0.01066350710900474,0.009945282368346306,1.0722176318436556,0.0007182247406584338,0.011834319526627219,0.009987130790865315,1.1849568984769308,0.0018471887357619041,False
head_tail,5,prize3_2,7,prize3_4,de,2533,844,845,0.008685353335965259,0.009973528466831118,0.8708405821319974,-0.0012881751308658589,0.774133535545438,0.982710387641021,0.01066350710900474,0.009967165848194749,1.0698635170133255,0.0006963412608099913,0.011834319526627219,0.009987576863972237,1.1849039749888342,0.0018467426626549814,False
head_tail,23,prize7_1,22,prize6_3,de,2533,844,845,0.0094749309119621,0.01000596870647818,0.946927897728456,-0.0005310377945160795,0.6437129396970735,0.9770536338286936,0.009478672985781991,0.01000289397855955,0.9475930671762405,-0.0005242209927775587,0.011834319526627219,0.009988469010186081,1.1847981421936404,0.0018458505164411377,False
head_tail,5,prize3_2,25,prize7_3,de,2533,844,845,0.008290564547966837,0.010015046021241808,0.8278109287149191,-0.0017244814732749712,0.8343599019717036,0.9839959698496815,0.015402843601895734,0.010050680352922472,1.532517507376204,0.005352163248973262,0.011834319526627219,0.009988915083293,1.1847452328852768,0.0018454044433342184,False
tail_tail,16,prize5_3,0,special,de,2533,844,845,0.00986971969996052,0.009929629977400461,0.9939665146056506,-5.991027743994064e-05,0.5519641158283327,0.9681595906586115,0.011848341232227487,0.010084622076769035,1.1748919435981007,0.001763719155458452,0.011834319526627219,0.009988915083293,1.1847452328852768,0.0018454044433342184,False
tail_tail,5,prize3_2,6,prize3_3,de,2533,844,845,0.008290564547966837,0.010013111511538086,0.8279708598484735,-0.001722546963571249,0.8341397059974336,0.9839959698496815,0.0071090047393364926,0.009995748352486589,0.7112028523175079,-0.0028867436131500964,0.011834319526627219,0.00998980722950684,1.1846394284438495,0.0018445122971203782,False
head_tail,16,prize5_3,22,prize6_3,de,2533,844,845,0.007500986971969996,0.009983052206910991,0.7513721070973935,-0.002482065234940995,0.9125560825204995,0.9839959698496815,0.0071090047393364926,0.00999038913293187,0.7115843682107126,-0.0028813843935953766,0.011834319526627219,0.009989807229506846,1.1846394284438488,0.001844512297120373,False
head_tail,2,prize2_1,21,prize6_2,de,2533,844,845,0.008290564547966837,0.009979927229697283,0.8307239478957915,-0.0016893626817304462,0.8303240720851415,0.9839959698496815,0.013033175355450236,0.01000691339322559,1.3024171233732615,0.003026261962224646,0.011834319526627219,0.00999159152193453,1.184427876244475,0.001842728004692689,False
tail_tail,18,prize5_5,7,prize3_4,de,2533,844,845,0.010264508487958943,0.009969213022107428,1.0296207398915718,0.0002952954658515146,0.4802192607383207,0.9622180214446507,0.011848341232227487,0.010052020157811151,1.178702494246439,0.001796321074416336,0.011834319526627219,0.00999159152193453,1.184427876244475,0.001842728004692689,False
head_tail,24,prize7_2,5,prize3_2,de,2533,844,845,0.00986971969996052,0.010010432959640622,0.9859433392893775,-0.00014071325968010098,0.5678718946581652,0.9681595906586115,0.015402843601895734,0.009889010563021742,1.5575717614755133,0.005513833038873992,0.011834319526627219,0.009992483668148372,1.1843221284764074,0.001841835858478847,False
tail_tail,4,prize3_1,25,prize7_3,de,2533,844,845,0.009080142123963679,0.009992575946990863,0.908688827799007,-0.0009124338230271836,0.7128257525224103,0.982710387641021,0.009478672985781991,0.009980117295451988,0.9497556697155746,-0.0005014443096699964,0.011834319526627219,0.009992483668148372,1.1843221284764074,0.001841835858478847,False
head_tail,19,prize5_6,12,prize4_3,de,2533,844,845,0.011054086063955783,0.01000834964149815,1.1044863998477472,0.0010457364224576333,0.3339642622376598,0.9469642663909963,0.004739336492890996,0.009981010498711107,0.47483533791523486,-0.005241674005820112,0.011834319526627219,0.009992483668148373,1.1843221284764072,0.0018418358584788453,False
head_tail,23,prize7_1,13,prize4_4,de,2533,844,845,0.011054086063955783,0.010017575764700526,1.1034691749382783,0.001036510299255257,0.33573535288905276,0.9469642663909963,0.015402843601895734,0.009907767831463262,1.5546229851069202,0.005495075770432472,0.011834319526627219,0.009993821887469136,1.1841635422246028,0.0018404976391580823,False
tail_tail,18,prize5_5,2,prize2_1,de,2533,844,845,0.011843663639952625,0.010002546112386978,1.1840648877674895,0.0018411175275656472,0.20286330350000437,0.9445822294163744,0.013033175355450236,0.009991282336190987,1.30445471531124,0.003041893019259249,0.011834319526627219,0.009993821887469136,1.1841635422246028,0.0018404976391580823,False
tail_tail,10,prize4_1,7,prize3_4,de,2533,844,845,0.0094749309119621,0.01000224849550948,0.9472800956920717,-0.0005273175835473799,0.6430368460519643,0.9770536338286936,0.008293838862559242,0.009929651311311705,0.8352598296287634,-0.0016358124487524627,0.011834319526627219,0.009997390472324511,1.1837408531144027,0.0018369290543027075,False
tail_tail,0,special,7,prize3_4,de,2533,844,845,0.008290564547966837,0.010018170998455518,0.8275527088971607,-0.0017276064504886807,0.8347153011998482,0.9839959698496815,0.0071090047393364926,0.009997088157375269,0.7111075372574247,-0.002888083418038776,0.011834319526627219,0.00999783654543143,1.1836880381921207,0.0018364829811957882,False
tail_tail,17,prize5_4,26,prize7_4,de,2533,844,845,0.011843663639952625,0.009971742765566142,1.1877225394191369,0.0018719208743864825,0.19812968067551717,0.9445822294163744,0.009478672985781991,0.010001107572041307,0.9477623270726722,-0.0005224345862593158,0.011834319526627219,0.010000066910966037,1.1834240342581854,0.0018342526156611815,False
tail_tail,20,prize6_1,3,prize2_2,de,2533,844,845,0.011448874851954205,0.009975016551218598,1.1477549729534586,0.0014738583007356063,0.2589618876635339,0.9469642663909963,0.005924170616113744,0.00998458331174759,0.5933317827238244,-0.004060412695633846,0.011834319526627219,0.01000051298407296,1.18337124760248,0.0018338065425542588,False
tail_tail,15,prize5_2,26,prize7_4,de,2533,844,845,0.008290564547966837,0.009930671636471697,0.8348442936647557,-0.0016401070885048597,0.8245361652643644,0.9839959698496815,0.009478672985781991,0.010077476450696073,0.940580018435794,-0.0005988034649140814,0.011834319526627219,0.010001405130286804,1.1832656884171089,0.001832914396340415,False
tail_tail,22,prize6_3,7,prize3_4,de,2533,844,845,0.00986971969996052,0.010003438963019466,0.9866326706692292,-0.0001337192630589453,0.5665036249372534,0.9681595906586115,0.01066350710900474,0.01000646679159603,1.0656615697721126,0.0006570403174087098,0.011834319526627219,0.010002297276500647,1.1831601480622573,0.0018320222501265714,False
head_tail,19,prize5_6,11,prize4_2,de,2533,844,845,0.0094749309119621,0.009973974892147363,0.9499653863598387,-0.0004990439801852622,0.637872339581437,0.9770536338286936,0.013033175355450236,0.009964039636787825,1.308021227387633,0.0030691357186624114,0.011834319526627219,0.01000363549582141,1.183001872826184,0.0018306840308058084,False
head_tail,11,prize4_2,18,prize5_5,de,2533,844,845,0.010659297275957363,0.009998230667663284,1.0661183593645354,0.0006610666082940784,0.40726386644452006,0.9494918937002462,0.005924170616113744,0.010003340580189108,0.5922192260299659,-0.004079169964075364,0.011834319526627219,0.01000363549582141,1.183001872826184,0.0018306840308058084,False
head_tail,9,prize3_6,17,prize5_4,de,2533,844,845,0.006711409395973154,0.009942129886255294,0.6750474468505469,-0.00323072049028214,0.9590043073903812,0.9888452758037601,0.01066350710900474,0.010069437621363992,1.0589972856458567,0.0005940694876407481,0.011834319526627219,0.010005865861356019,1.1827381748473094,0.0018284536652712,False
tail_tail,18,prize5_5,16,prize5_3,de,2533,844,845,0.010264508487958943,0.009949421499753945,1.0316688752419214,0.0003150869882049979,0.4762013194465411,0.9622180214446507,0.008293838862559242,0.010071670629511793,0.8234819393573906,-0.0017778317669525506,0.011834319526627219,0.010006311934462938,1.18268544935806,0.0018280075921642807,False
head_tail,6,prize3_3,2,prize2_1,de,2533,844,845,0.011843663639952625,0.009988706927583415,1.1857053896782996,0.0018549567123692101,0.2007286391276188,0.9445822294163744,0.009478672985781991,0.009921165880350065,0.9553991033005024,-0.0004424928945680733,0.011834319526627219,0.01000675800756986,1.1826327285695182,0.001827561519057358,False
tail_tail,22,prize6_3,17,prize5_4,de,2533,844,845,0.013028030003947888,0.009984540291298472,1.3048202144370953,0.003043489712649417,0.0748029791264893,0.8435413945880753,0.0071090047393364926,0.01003236968611051,0.7086067361710842,-0.002923364946774017,0.011834319526627219,0.010007650153783704,1.1825273010920436,0.0018266693728435143,False
tail_tail,21,prize6_2,18,prize5_5,de,2533,844,845,0.013028030003947888,0.010027694738535388,1.2992048864314272,0.003000335265412501,0.07837972933043817,0.8435413945880753,0.0035545023696682463,0.009998874563893506,0.35549024512256133,-0.0064443721942252594,0.011834319526627219,0.010008096226890624,1.1824745944018542,0.001826223299736595,False
tail_tail,21,prize6_2,25,prize7_3,de,2533,844,845,0.012238452427951046,0.010012665086221841,1.222297192861474,0.0022257873417292056,0.15256236061970846,0.9321775641699296,0.011848341232227487,0.01001629202744635,1.1829069280089888,0.001832049204781137,0.011834319526627219,0.010010326592425232,1.1822111314112562,0.0018239929342019866,False
tail_tail,17,prize5_4,25,prize7_3,de,2533,844,845,0.008685353335965259,0.009992129521674619,0.869219450881342,-0.0013067761857093602,0.7767443246616723,0.982710387641021,0.009478672985781991,0.010116777394097356,0.9369261195084052,-0.0006381044083153646,0.011834319526627219,0.010010772665532155,1.182158452900811,0.0018235468610950639,False
head_tail,5,prize3_2,17,prize5_4,de,2533,844,845,0.007106198183971575,0.009967873746158696,0.7129101315824832,-0.002861675562187121,0.9394341538586714,0.9839959698496815,0.008293838862559242,0.01005559297084763,0.8247985858819142,-0.0017617541082883877,0.011834319526627219,0.010010772665532155,1.182158452900811,0.0018235468610950639,False
head_tail,2,prize2_1,18,prize5_5,de,2533,844,845,0.009080142123963679,0.010053885023755033,0.9031475994115089,-0.0009737428997913539,0.7227044130270421,0.982710387641021,0.0035545023696682463,0.009902408611908543,0.35895331216625775,-0.006347906242240296,0.011834319526627219,0.010011218738639078,1.1821057790847924,0.0018231007879881411,False
head_tail,1,prize1,20,prize6_1,de,2533,844,845,0.010264508487958943,0.009995254498888325,1.026938182424526,0.0002692539890706176,0.48549686758975497,0.9622180214446507,0.009478672985781991,0.009956000807455744,0.9520562692887392,-0.00047732782167375296,0.011834319526627219,0.010011664811745997,1.1820531099625735,0.0018226547148812219,False
head_tail,23,prize7_1,5,prize3_2,de,2533,844,845,0.006711409395973154,0.010006861557110669,0.6706807481716548,-0.0032954521611375147,0.9613362721720824,0.9888452758037601,0.015402843601895734,0.009873826107616702,1.5599670719351568,0.0055290174942790316,0.011834319526627219,0.010012110884852918,1.1820004455335265,0.0018222086417743009,False
tail_tail,7,prize3_4,9,prize3_6,de,2533,844,845,0.007895775759968417,0.010007903216181904,0.7889540485565086,-0.0021121274562134872,0.8785787783724515,0.9839959698496815,0.0071090047393364926,0.009968952254712988,0.7131145337741579,-0.0028599475153764957,0.011834319526627219,0.01001255695795984,1.181947785797024,0.0018217625686673782,False
tail_tail,8,prize3_5,6,prize3_3,de,2533,844,845,0.007500986971969996,0.010045254134307652,0.74671948282043,-0.0025442671623376557,0.916804292249286,0.9839959698496815,0.011848341232227487,0.010063185198550153,1.1773947312362423,0.0017851560336773348,0.011834319526627219,0.010013449104173682,1.1818424803991447,0.0018208704224535362,False
head_tail,17,prize5_4,24,prize7_2,de,2533,844,845,0.010264508487958943,0.010043617241481423,1.0219931963919544,0.0002208912464775198,0.4952681497809429,0.9622180214446507,0.01066350710900474,0.009885437749985262,1.0787086397889298,0.0007780693590194784,0.011834319526627219,0.010013895177280605,1.1817898347365137,0.0018204243493466134,False
head_tail,22,prize6_3,9,prize3_6,de,2533,844,845,0.007895775759968417,0.009973677275269868,0.7916614446254752,-0.002077901515301451,0.8754538903909563,0.9839959698496815,0.009478672985781991,0.01003236968611051,0.9448089815614457,-0.0005536967003285185,0.011834319526627219,0.010016125542815212,1.1815266767613788,0.0018181939838120068,False
head_tail,22,prize6_3,10,prize4_1,de,2533,844,845,0.005921831819976312,0.009939302525919083,0.5957995346789913,-0.004017470705942771,0.9837704188194887,0.9933949524241739,0.014218009478672985,0.009960913425380908,1.4273800876980602,0.0042570960532920775,0.011834319526627219,0.010016571615922135,1.18147405922957,0.001817747910705084,False
head_tail,0,special,19,prize5_6,de,2533,844,845,0.0094749309119621,0.00999421283981709,0.948041738136078,-0.0005192819278549889,0.6415720067010797,0.9770536338286936,0.0071090047393364926,0.010023884255148871,0.7092065868263472,-0.0029148795158123785,0.011834319526627219,0.010017017689029056,1.1814214463840398,0.001817301837598163,False
tail_tail,12,prize4_3,17,prize5_4,de,2533,844,845,0.008290564547966837,0.01000016517736701,0.8290427608866455,-0.001709600629400173,0.83265913804241,0.9839959698496815,0.013033175355450236,0.009861767863618582,1.3215861025822169,0.0031714074918316546,0.011834319526627219,0.010017463762135975,1.1813688382241618,0.0018168557644912438,False
tail_tail,20,prize6_1,10,prize4_1,de,2533,844,845,0.0094749309119621,0.01002754593009664,0.9448903029727421,-0.0005526150181345384,0.6476216354782913,0.9770536338286936,0.009478672985781991,0.009961806628640027,0.9515014032224802,-0.0004831336428580361,0.011834319526627219,0.010017463762135977,1.1813688382241616,0.001816855764491242,False
tail_tail,0,special,23,prize7_1,de,2533,844,845,0.009080142123963679,0.009989302161338406,0.9089866316294396,-0.0009091600373747274,0.7122929128818416,0.982710387641021,0.0071090047393364926,0.009964486238417386,0.7134341469536299,-0.002855481499080894,0.011834319526627219,0.01001835590834982,1.1812636359588582,0.0018159636182773983,False
tail_tail,6,prize3_3,7,prize3_4,de,2533,844,845,0.011843663639952625,0.010072188461721037,1.175877882444715,0.0017714751782315873,0.2137466363160367,0.9445822294163744,0.013033175355450236,0.009991282336190989,1.3044547153112398,0.0030418930192592473,0.011834319526627219,0.010020140200777506,1.1810532876285447,0.0018141793258497126,False
tail_tail,5,prize3_2,0,special,de,2533,844,845,0.008685353335965259,0.010021444784107972,0.8666767639870161,-0.0013360914481427132,0.7808181400215699,0.982710387641021,0.01066350710900474,0.010079262857214312,1.0579649781999931,0.0005842442517904282,0.011834319526627219,0.010020140200777506,1.1810532876285447,0.0018141793258497126,False
tail_tail,18,prize5_5,24,prize7_2,de,2533,844,845,0.00986971969996052,0.009994659265133335,0.9874993672261876,-0.00012493956517281406,0.564783588812573,0.9681595906586115,0.01066350710900474,0.009937243539014224,1.073085012673702,0.0007262635699905162,0.011834319526627219,0.010020586273884425,1.1810007122507125,0.0018137332527427934,False
tail_tail,3,prize2_2,5,prize3_2,de,2533,844,845,0.008290564547966837,0.010014450787486816,0.8278601317134638,-0.0017238862395199794,0.8342925259404346,0.9839959698496815,0.013033175355450236,0.010028350271444471,1.2996330405971104,0.003004825084005765,0.011834319526627219,0.010021032346991348,1.1809481415535277,0.0018132871796358706,False
tail_tail,16,prize5_3,21,prize6_2,de,2533,844,845,0.011448874851954205,0.010020700741914232,1.1425223791053112,0.0014281741100399727,0.26696953964013226,0.9469642663909963,0.008293838862559242,0.010035942499146994,0.826413549426392,-0.0017421036365877513,0.011834319526627219,0.010021478420098269,1.1808955755363661,0.0018128411065289497,False
tail_tail,5,prize3_2,10,prize4_1,de,2533,844,845,0.009080142123963679,0.010007754407743158,0.9073106467259258,-0.0009276122837794786,0.7152927667249315,0.982710387641021,0.011848341232227487,0.010052466759440711,1.1786501279499573,0.0017958744727867761,0.011834319526627219,0.010022816639419035,1.1807379055587697,0.0018115028872081832,False
head_tail,25,prize7_3,6,prize3_3,de,2533,844,845,0.011448874851954205,0.01002084955035298,1.142505412782185,0.0014280253016012243,0.26699508622473667,0.9469642663909963,0.011848341232227487,0.009953321197678385,1.1903907245544447,0.0018950200345491022,0.011834319526627219,0.01002460093184672,1.1805277444043965,0.0018097185947804992,False
head_tail,14,prize5_1,1,prize1,de,2533,844,845,0.013028030003947888,0.009981415314084762,1.3052287269886518,0.0030466146898631263,0.07454841547846856,0.8435413945880753,0.014218009478672985,0.009956000807455746,1.4280844039331084,0.004262008671217239,0.011834319526627219,0.010024600931846721,1.1805277444043962,0.0018097185947804975,False
head_tail,8,prize3_5,15,prize5_2,de,2533,844,845,0.010264508487958943,0.009972040382443639,1.0293288127904305,0.0002924681055153037,0.4807927130017038,0.9622180214446507,0.011848341232227487,0.010006466791596029,1.184068410857903,0.0018418744406314587,0.011834319526627219,0.010024600931846721,1.1805277444043962,0.0018097185947804975,False
head_tail,0,special,24,prize7_2,de,2533,844,845,0.006316620607974733,0.010046146984940139,0.6287605205701031,-0.0037295263769654054,0.9762640724383402,0.9919115105331707,0.0071090047393364926,0.0098939231809469,0.7185223302548548,-0.002784918441610408,0.011834319526627219,0.010024600931846721,1.1805277444043962,0.0018097185947804975,False
head_tail,21,prize6_2,20,prize6_1,de,2533,844,845,0.013028030003947888,0.010026504271025404,1.299359143704381,0.0030015257329224845,0.07828137791457401,0.8435413945880753,0.015402843601895734,0.009934117327607303,1.5504994650194663,0.005468726274288431,0.011834319526627219,0.010025939151167484,1.1803701726285816,0.0018083803754597345,False
tail_tail,18,prize5_5,13,prize4_4,de,2533,844,845,0.0094749309119621,0.009927249042380494,0.9544367096576908,-0.00045231813041839326,0.6292534518520392,0.9770536338286936,0.01066350710900474,0.009997088157375267,1.0666613058861374,0.0006664189516294734,0.011834319526627219,0.010025939151167484,1.1803701726285816,0.0018083803754597345,False
tail_tail,11,prize4_2,7,prize3_4,de,2533,844,845,0.013422818791946308,0.010016682914068037,1.3400462914818325,0.003406135877878271,0.05240603540076725,0.8352524262899428,0.0071090047393364926,0.01000602018996647,0.7104727558380346,-0.002897015450629978,0.011834319526627219,0.010025939151167484,1.1803701726285816,0.0018083803754597345,False
head_tail,19,prize5_6,7,prize3_4,de,2533,844,845,0.008290564547966837,0.009992278330113367,0.8296971195229683,-0.0017017137821465304,0.8317537520710057,0.9839959698496815,0.0071090047393364926,0.010039068710553913,0.7081338861505061,-0.00293006397121742,0.011834319526627219,0.010026831297381328,1.1802651481448527,0.0018074882292458908,False
head_tail,5,prize3_2,15,prize5_2,de,2533,844,845,0.0094749309119621,0.009960730941098792,0.9512284759010766,-0.0004858000291366911,0.6354410401574815,0.9770536338286936,0.01066350710900474,0.009954661002567066,1.0712074581198576,0.0007088461064376737,0.011834319526627219,0.01002683129738133,1.1802651481448525,0.001807488229245889,False
head_tail,24,prize7_2,17,prize5_4,de,2533,844,845,0.011054086063955783,0.01000388538833571,1.1049792790353818,0.0010502006756200732,0.33310880469459925,0.9469642663909963,0.017772511848341232,0.01000378718181867,1.776578362306806,0.007768724666522562,0.011834319526627219,0.01002772344359517,1.1801601423487544,0.0018065960830320488,False
tail_tail,4,prize3_1,5,prize3_2,de,2533,844,845,0.008290564547966837,0.010031414949504089,0.826460134457571,-0.0017408504015372517,0.8362158532466476,0.9839959698496815,0.009478672985781991,0.009953767799307948,0.9522698516677284,-0.0004750948135259572,0.011834319526627219,0.01002772344359517,1.1801601423487544,0.0018065960830320488,False
tail_tail,9,prize3_6,16,prize5_3,de,2533,844,845,0.011448874851954205,0.009992278330113367,1.1457722126745755,0.0014565965218408371,0.26197772686522736,0.9469642663909963,0.005924170616113744,0.009982350303599789,0.5934645084512208,-0.004058179687486045,0.011834319526627219,0.010029061662915936,1.1800026686830047,0.0018052578637112824,False
head_tail,6,prize3_3,8,prize3_5,de,2533,844,845,0.011054086063955783,0.010041533923338952,1.1008364009270948,0.0010125521406168306,0.340339135831732,0.9469642663909963,0.004739336492890996,0.01003236968611051,0.47240449078072283,-0.005293033193219514,0.011834319526627219,0.010029061662915936,1.1800026686830047,0.0018052578637112824,False
head_tail,26,prize7_4,20,prize6_1,de,2533,844,845,0.011843663639952625,0.00999198071323587,1.185316903610905,0.001851682926716754,0.20123281331587434,0.9445822294163744,0.016587677725118485,0.01001673862907591,1.6559958624625482,0.0065709390960425745,0.011834319526627219,0.0100303998822367,1.1798452370363783,0.0018039196443905194,False
tail_tail,24,prize7_2,3,prize2_2,de,2533,844,845,0.013422818791946308,0.009982159356278502,1.3446808764381954,0.003440659435667806,0.05027428384724524,0.8352524262899428,0.009478672985781991,0.009975651279156386,0.9501808674474412,-0.0004969782933743946,0.011834319526627219,0.010030399882236701,1.1798452370363781,0.0018039196443905177,False
head_tail,23,prize7_1,4,prize3_1,de,2533,844,845,0.0094749309119621,0.010024123336005436,0.945212922304068,-0.0005491924240433356,0.6470032765355022,0.9770536338286936,0.0071090047393364926,0.009880971733689662,0.7194641307492045,-0.002771966994353169,0.011834319526627219,0.010030845955343624,1.1797927691555117,0.001803473571283595,False
tail_tail,2,prize2_1,19,prize5_6,de,2533,844,845,0.0094749309119621,0.010055224299703765,0.9422893641707465,-0.0005802933877416643,0.6526017993404873,0.9770536338286936,0.004739336492890996,0.009962253230269587,0.47572937400254633,-0.0052229167373785915,0.011834319526627219,0.010031292028450546,1.179740305940946,0.0018030274981766722,False
head_tail,2,prize2_1,24,prize7_2,de,2533,844,845,0.013422818791946308,0.010035283968911537,1.3375624280816636,0.0033875348230347716,0.05358418472112626,0.8352524262899428,0.009478672985781991,0.009941262953680266,0.9534676861427327,-0.0004625899678982748,0.011834319526627219,0.010032630247771306,1.1795829442888268,0.0018016892788559127,False
head_tail,10,prize4_1,5,prize3_2,de,2533,844,845,0.007106198183971575,0.009970552298056158,0.7127186109195763,-0.0028643541140845833,0.9395716702079685,0.9839959698496815,0.01066350710900474,0.009971631864490347,1.0693843549297288,0.0006918752445143929,0.011834319526627219,0.01003352239398515,1.1794780598408394,0.001800797132642069,False
tail_tail,10,prize4_1,5,prize3_2,de,2533,844,845,0.007500986971969996,0.010052694556245051,0.7461668043330876,-0.002551707584275055,0.9172996682621668,0.9839959698496815,0.01066350710900474,0.01000200077530043,1.066137400762643,0.0006615063337043099,0.011834319526627219,0.01003352239398515,1.1794780598408394,0.001800797132642069,False
tail_tail,4,prize3_1,3,prize2_2,de,2533,844,845,0.013028030003947888,0.009991683096358374,1.3038874310071102,0.0030363469075895145,0.07538725357726452,0.8435413945880753,0.005924170616113744,0.010071670629511793,0.5882013852552789,-0.004147500013398049,0.011834319526627219,0.01003396846709207,1.1794256246110075,0.001800351059535148,False
head_tail,11,prize4_2,9,prize3_6,de,2533,844,845,0.00986971969996052,0.010035879202666529,0.9834434532988541,-0.00016615950270600782,0.5728337844003742,0.9681595906586115,0.0071090047393364926,0.010029243474703589,0.7088276156887892,-0.0029202387353670966,0.011834319526627219,0.010035306686412835,1.1792683468906966,0.0017990128402143833,False
head_tail,24,prize7_2,26,prize7_4,de,2533,844,845,0.010264508487958943,0.01000760559930441,1.0256707647104308,0.00025690288865453347,0.4879961634886934,0.9622180214446507,0.013033175355450236,0.009976097880785947,1.306440204496414,0.003057077474664289,0.011834319526627219,0.010036644905733602,1.179111111111111,0.0017976746208936169,False
head_tail,5,prize3_2,16,prize5_3,de,2533,844,845,0.010659297275957363,0.010012516277783092,1.0645972481072936,0.0006467809981742702,0.4101341519306358,0.9494918937002462,0.011848341232227487,0.009985029913377148,1.1866104894041452,0.0018633113188503397,0.011834319526627219,0.010036644905733602,1.179111111111111,0.0017976746208936169,False
tail_tail,21,prize6_2,3,prize2_2,de,2533,844,845,0.013028030003947888,0.009969659447423672,1.3067678061274752,0.003058370556524217,0.07359601300176875,0.8435413945880753,0.005924170616113744,0.009869360091321102,0.600258837583941,-0.003945189475207359,0.011834319526627219,0.010037983125054366,1.1789539172554768,0.0017963364015728522,False
tail_tail,13,prize4_4,21,prize6_2,de,2533,844,845,0.007500986971969996,0.01003573039422778,0.7474281071046225,-0.002534743422257784,0.9161659225088223,0.9839959698496815,0.015402843601895734,0.010016738629075908,1.5377104437152234,0.005386104972819826,0.011834319526627219,0.010038429198161287,1.1789015286171347,0.0017958903284659312,False
head_tail,20,prize6_1,7,prize3_4,de,2533,844,845,0.011054086063955783,0.010000462794244505,1.10535745108893,0.0010536232697112777,0.33245274241551037,0.9469642663909963,0.013033175355450236,0.01002299105188975,1.3003279448197194,0.0030101843035604866,0.011834319526627219,0.010038875271268207,1.1788491446345257,0.001795444255359012,False
head_tail,22,prize6_3,4,prize3_1,de,2533,844,845,0.007895775759968417,0.009970254681178663,0.7919332065682995,-0.0020744789212102464,0.8751392505968931,0.9839959698496815,0.005924170616113744,0.00999530175085703,0.5926955247354875,-0.0040711311347432855,0.011834319526627219,0.01003932134437513,1.1787967653070293,0.0017949981822520892,False
tail_tail,19,prize5_6,16,prize5_3,de,2533,844,845,0.011843663639952625,0.010007903216181906,1.1834310728347626,0.0018357604237707187,0.2036897864248869,0.9445822294163744,0.0071090047393364926,0.009922505685238744,0.7164525740622384,-0.0028135009459022515,0.011834319526627219,0.01003976741748205,1.178744390634025,0.0017945521091451682,False
tail_tail,7,prize3_4,17,prize5_4,de,2533,844,845,0.010659297275957363,0.009926505000186754,1.0738217807533288,0.0007327922757706089,0.39287095502271696,0.9494918937002462,0.0071090047393364926,0.010103825946840114,0.70359532881302,-0.002994821207503621,0.011834319526627219,0.010046458514085874,1.1779593286564247,0.0017878610125413447,False
head_tail,11,prize4_2,22,prize6_3,de,2533,844,845,0.0094749309119621,0.010004927047406945,0.9470264867566218,-0.0005299961354448442,0.6435226386495042,0.9770536338286936,0.008293838862559242,0.010058272580624993,0.8245788524895878,-0.0017644337180657502,0.011834319526627219,0.010046904587192798,1.177907028370998,0.0017874149394344202,False
tail_tail,11,prize4_2,5,prize3_2,de,2533,844,845,0.010264508487958943,0.010063408763834906,1.0199832610245083,0.0002010997241240365,0.4992545171987364,0.963425463320822,0.013033175355450236,0.01005469976758851,1.2962272028711281,0.002978475587861726,0.011834319526627219,0.010048242806513561,1.1777501553760097,0.0017860767201136572,False
head_tail,17,prize5_4,5,prize3_2,de,2533,844,845,0.0094749309119621,0.010073676546108516,0.9405633453282047,-0.0005987456341464154,0.6558999134148885,0.9770536338286936,0.004739336492890996,0.009979670693822426,0.4748990861817434,-0.0052403342009314305,0.011834319526627219,0.01005136531826201,1.1773842808325568,0.0017829542083652086,False
tail_tail,5,prize3_2,15,prize5_2,de,2533,844,845,0.011054086063955783,0.010010135342763125,1.1042893712668318,0.0010439507211926578,0.3343061141612388,0.9469642663909963,0.009478672985781991,0.010023437653519311,0.9456509147292348,-0.00054476466773732,0.011834319526627219,0.010053149610689696,1.177175311709633,0.0017811699159375229,False
head_tail,21,prize6_2,12,prize4_3,de,2533,844,845,0.011448874851954205,0.009943766779081521,1.1513619643653494,0.0015051080728726834,0.2535320122801518,0.9469642663909963,0.009478672985781991,0.010121690012022516,0.9364713772624186,-0.0006430170262405246,0.011834319526627219,0.010053149610689696,1.177175311709633,0.0017811699159375229,False
tail_tail,4,prize3_1,21,prize6_2,de,2533,844,845,0.008685353335965259,0.010002099687070732,0.8683530066384388,-0.0013167463511054734,0.7781354712409108,0.982710387641021,0.009478672985781991,0.00987069989620978,0.9602837777918543,-0.0003920269104277889,0.011834319526627219,0.010056718195545067,1.1767575959192726,0.0017776013310821515,False
tail_tail,10,prize4_1,1,prize1,de,2533,844,845,0.011448874851954205,0.010014004362170573,1.1432863855346491,0.0014348704897836316,0.26578836366431247,0.9469642663909963,0.013033175355450236,0.010081942466991674,1.2927246310044826,0.0029512328884585617,0.011834319526627219,0.01005716426865199,1.1767054022886543,0.0017771552579752287,False
tail_tail,6,prize3_3,15,prize5_2,de,2533,844,845,0.012238452427951046,0.00995254647696765,1.2296805100356454,0.0022859059509833957,0.14478870212412065,0.9321775641699296,0.008293838862559242,0.009911787246129303,0.8367652227198589,-0.0016179483835700604,0.011834319526627219,0.010058502487972753,1.1765488491729124,0.0017758170386544658,False
tail_tail,14,prize5_1,11,prize4_2,de,2533,844,845,0.008685353335965259,0.009987218843195936,0.8696468428628048,-0.0013018655072306769,0.7760577508229269,0.982710387641021,0.008293838862559242,0.010047107539885993,0.8254951815369296,-0.0017532686773267508,0.011834319526627219,0.010058502487972755,1.1765488491729121,0.001775817038654464,False
tail_tail,6,prize3_3,14,prize5_1,de,2533,844,845,0.012238452427951046,0.009998379476102033,1.224043601986022,0.0022400729518490137,0.1506948218252474,0.9321775641699296,0.0071090047393364926,0.009966272644935626,0.7133062673083645,-0.002857267905599133,0.011834319526627219,0.010058948561079676,1.1764966740576497,0.001775370965547543,False
head_tail,0,special,9,prize3_6,de,2533,844,845,0.010659297275957363,0.009996147349520814,1.0663405513393456,0.000663149926436549,0.40684557350387446,0.9494918937002462,0.002369668246445498,0.009989049328043188,0.23722660371622228,-0.00761938108159769,0.011834319526627219,0.010060732853507361,1.176288019863439,0.0017735866731198573,False
tail_tail,25,prize7_3,9,prize3_6,de,2533,844,845,0.007895775759968417,0.010076206289567232,0.7836060053815688,-0.002180430529598815,0.8846217916483468,0.9839959698496815,0.0071090047393364926,0.01000914640137339,0.7102508499986614,-0.002900141662036897,0.011834319526627219,0.010062071072828126,1.1761315777807333,0.0017722484537990926,False
head_tail,5,prize3_2,20,prize6_1,de,2533,844,845,0.012633241215949467,0.01000745679086566,1.2623827891498367,0.0026257844250838058,0.10971480089242841,0.8951928852261679,0.015402843601895734,0.009958680417233108,1.5466751574075732,0.005444163184662626,0.011834319526627219,0.010062963219041968,1.1760273061749191,0.0017713563075852506,False
tail_tail,4,prize3_1,10,prize4_1,de,2533,844,845,0.008290564547966837,0.010025909037270412,0.8269140002315413,-0.0017353444893035749,0.8355921805566584,0.9839959698496815,0.011848341232227487,0.009979224092192865,1.1873008485195664,0.0018691171400346228,0.011834319526627219,0.010062963219041968,1.1760273061749191,0.0017713563075852506,False
head_tail,22,prize6_3,2,prize2_1,de,2533,844,845,0.00986971969996052,0.009997486625469546,0.9872200953804202,-0.00012776692550902496,0.5653382334474029,0.9681595906586115,0.015402843601895734,0.010089981296323755,1.526548280868241,0.005312862305571979,0.011834319526627219,0.010063855365255812,1.1759230530561589,0.001770464161371407,False
tail_tail,11,prize4_2,0,special,de,2533,844,845,0.010659297275957363,0.009985135525053462,1.067516534874502,0.0006741617509039011,0.40463328605138316,0.9494918937002462,0.013033175355450236,0.010013165816039431,1.301603867837008,0.003020009539410805,0.011834319526627219,0.010064747511469654,1.1758188184195364,0.001769572015157565,False
tail_tail,11,prize4_2,26,prize7_4,de,2533,844,845,0.00986971969996052,0.010065194465099883,0.9805791367651014,-0.00019547476513936263,0.5785214924979314,0.9681595906586115,0.0071090047393364926,0.01003460269425831,0.7084490493484298,-0.002925597954921818,0.011834319526627219,0.010066085730790422,1.175662501107861,0.0017682337958367968,False
tail_tail,15,prize5_2,0,special,de,2533,844,845,0.011054086063955783,0.009964451152067493,1.1093522257532673,0.0010896349118882896,0.32557137075472864,0.9469642663909963,0.0071090047393364926,0.009991282336190989,0.7115207538061309,-0.0028822775968544963,0.011834319526627219,0.010066531803897341,1.175610404573049,0.0017677877227298775,False
tail_tail,4,prize3_1,14,prize5_1,de,2533,844,845,0.011843663639952625,0.010003438963019466,1.183959204803075,0.0018402246769331585,0.2029993753730494,0.9445822294163744,0.0071090047393364926,0.009991282336190987,0.711520753806131,-0.0028822775968544946,0.011834319526627219,0.010067423950111185,1.1755062253533606,0.0017668955765160338,False
head_tail,10,prize4_1,17,prize5_4,de,2533,844,845,0.011843663639952625,0.010004183005213206,1.1838711500760093,0.0018394806347394183,0.20311340335877737,0.9445822294163744,0.009478672985781991,0.009935010530866425,0.9540677341340839,-0.00045633754508443355,0.011834319526627219,0.010069654315645792,1.1752458580668024,0.001764665210981427,False
tail_tail,0,special,16,prize5_3,de,2533,844,845,0.0094749309119621,0.010017873381578021,0.9458026220800172,-0.0005429424696159202,0.6458725457600262,0.9770536338286936,0.009478672985781991,0.010074796840918714,0.9408301860028015,-0.0005961238551367223,0.011834319526627219,0.010073668973608086,1.17477748749059,0.001760650553019133,False
head_tail,5,prize3_2,3,prize2_2,de,2533,844,845,0.010659297275957363,0.009942278694694042,1.0721181334059742,0.0007170185812633203,0.39603282187162525,0.9494918937002462,0.013033175355450236,0.009981457100340669,1.3057387538143517,0.0030517182551095673,0.011834319526627219,0.01007589933914269,1.1745174428900302,0.001758420187484528,False
tail_tail,2,prize2_1,17,prize5_4,de,2533,844,845,0.008290564547966837,0.00997576059341234,0.8310709213933672,-0.0016851960454455032,0.8298408224048152,0.9839959698496815,0.01066350710900474,0.01004576773499731,1.0614925001555986,0.00061773937400743,0.011834319526627219,0.010076345412249613,1.1744654477843197,0.0017579741143776053,False
head_tail,20,prize6_1,15,prize5_2,de,2533,844,845,0.011054086063955783,0.00999495688201083,1.1059663582792638,0.0010591291819449528,0.3313976623697119,0.9469642663909963,0.013033175355450236,0.010077923052325634,1.2932402130657896,0.002955252303124602,0.011834319526627219,0.010076791485356536,1.174413457281983,0.0017575280412706826,False
head_tail,11,prize4_2,0,special,de,2533,844,845,0.013422818791946308,0.010031861374820332,1.3380187674480009,0.003390957417125976,0.05336648159994779,0.8352524262899428,0.014218009478672985,0.010087748288175954,1.4094334109563569,0.004130261190497031,0.011834319526627219,0.010078129704677299,1.174257513389103,0.0017561898219499196,False
tail_tail,10,prize4_1,3,prize2_2,de,2533,844,845,0.011843663639952625,0.010006563940233174,1.1835894629457235,0.0018370996997194508,0.20348272191397215,0.9445822294163744,0.005924170616113744,0.009944835766716745,0.5957032127107303,-0.004020665150603001,0.011834319526627219,0.010079467923998064,1.174101610904585,0.0017548516026291549,False
head_tail,25,prize7_3,2,prize2_1,de,2533,844,845,0.011843663639952625,0.009999123518295773,1.1844701806395157,0.0018445401216568517,0.20233480906438572,0.9445822294163744,0.01066350710900474,0.009940816352050704,1.0726993368914768,0.0007226907569540357,0.011834319526627219,0.010079913997104985,1.1740496526087534,0.001754405529522234,False
head_tail,8,prize3_5,1,prize1,de,2533,844,845,0.0094749309119621,0.009992575946990863,0.9481970377033118,-0.0005176450350287617,0.6412741660589975,0.9770536338286936,0.01066350710900474,0.009951981392789706,1.0714958849029341,0.0007115257162150345,0.011834319526627219,0.010086159020601886,1.1733227190305604,0.001748160506025333,False
tail_tail,23,prize7_1,12,prize4_3,de,2533,844,845,0.00986971969996052,0.010027397121657892,0.9842753388756481,-0.00015767742169737163,0.5711820741239677,0.9681595906586115,0.011848341232227487,0.009902855213538104,1.1964570799772702,0.0019454860186893831,0.011834319526627219,0.010087051166815731,1.1732189448547294,0.0017472683598114876,False
head_tail,26,prize7_4,6,prize3_3,de,2533,844,845,0.016186340307935254,0.010002397303948229,1.6182460880199239,0.006183943003987025,0.0012300553681837368,0.4920953021129681,0.011848341232227487,0.010071224027882231,1.176454937297125,0.001777117204345256,0.011834319526627219,0.010088835459243417,1.1730114515629835,0.001745484067383802,False
head_tail,21,prize6_2,21,prize6_2,de,2533,844,845,0.00986971969996052,0.010002099687070732,0.9867647802709532,-0.00013237998711021146,0.5662411837439106,0.9681595906586115,0.013033175355450236,0.009975651279156388,1.3064986927402313,0.0030575240762938487,0.011834319526627219,0.010091957970991865,1.1726485148514851,0.0017423615556353533,False
head_tail,20,prize6_1,18,prize5_5,de,2533,844,845,0.011054086063955783,0.010053438598438791,1.0995328569144873,0.0010006474655169916,0.3426326435126908,0.9469642663909963,0.008293838862559242,0.009953321197678387,0.8332735071881113,-0.0016594823351191446,0.011834319526627219,0.010091957970991865,1.1726485148514851,0.0017423615556353533,False
tail_tail,23,prize7_1,26,prize7_4,de,2533,844,845,0.012633241215949467,0.010024272144444183,1.2602651877274968,0.0026089690715052835,0.11151058972070932,0.8951928852261679,0.008293838862559242,0.009968952254712988,0.8319669560698509,-0.0016751133921537459,0.011834319526627219,0.010104001944878746,1.1712507174076199,0.0017303175817484726,False
tail_tail,17,prize5_4,1,prize1,de,2533,844,845,0.012633241215949467,0.010027992355412884,1.2597976512347786,0.002605248860536582,0.11191037263940379,0.8951928852261679,0.013033175355450236,0.01003460269425831,1.2988232571387879,0.0029985726611919256,0.011834319526627219,0.01010489409109259,1.1711473094071425,0.001729425435534629,False
tail_tail,13,prize4_4,26,prize7_4,de,2533,844,845,0.008685353335965259,0.009996593774837057,0.8688312770923643,-0.0013112404388717983,0.7773692087436597,0.982710387641021,0.005924170616113744,0.010048447344774671,0.5895607960959653,-0.004124276728660927,0.011834319526627219,0.010105786237306432,1.1710439196645333,0.001728533289320787,False
tail_tail,13,prize4_4,5,prize3_2,de,2533,844,845,0.008685353335965259,0.01003870656300274,0.8651864940424485,-0.0013533532270374807,0.7831886266461108,0.982710387641021,0.015402843601895734,0.009976097880785947,1.5439747871321257,0.005426745721109787,0.011834319526627219,0.010131658477507877,1.1680535376216266,0.0017026610491193417,False
tail_tail,15,prize5_2,20,prize6_1,de,2533,844,845,0.007106198183971575,0.009969213022107428,0.7128143583864728,-0.002863014838135853,0.9395022377015739,0.9839959698496815,0.008293838862559242,0.010069437621363992,0.8236645555023331,-0.0017755987588047497,0.011834319526627219,0.01013165847750788,1.1680535376216261,0.0017026610491193382,False
tail_tail,21,prize6_2,12,prize4_3,de,2533,844,845,0.011054086063955783,0.009956564304813849,1.1102309718033256,0.001097521759141934,0.3240694340448232,0.9469642663909963,0.011848341232227487,0.009930991116200386,1.19306734781983,0.001917350116027101,0.011834319526627219,0.010139687793432465,1.1671285909110907,0.0016946317331947534,False
tail_tail,24,prize7_2,24,prize7_2,de,2533,844,845,0.007106198183971575,0.009793321447507303,0.7256167605710847,-0.0026871232635357276,0.9298078348460399,0.9839959698496815,0.01066350710900474,0.00986176786361858,1.0812977202945413,0.0008017392453861603,0.010650887573964497,0.009766770676046097,1.0905229504453071,0.0008841168979184001,False
tail_tail,0,special,0,special,de,2533,844,845,0.008290564547966837,0.009801059486322197,0.8458845249880056,-0.0015104949383553598,0.8085630731596506,0.9839959698496815,0.005924170616113744,0.009717962138900253,0.6096103824483681,-0.003793791522786509,0.010650887573964497,0.009789966477606014,1.087939126076457,0.0008609210963584826,False
tail_tail,26,prize7_4,26,prize7_4,de,2533,844,845,0.010659297275957363,0.009747042023056677,1.0935930357889851,0.0009122552529006855,0.3570907317908376,0.9494918937002462,0.013033175355450236,0.009763515505115374,1.3348855080551465,0.0032696598503348627,0.010650887573964497,0.00979130469692678,1.0877904328018222,0.0008595828770377161,False
tail_tail,4,prize3_1,4,prize3_1,de,2533,844,845,0.007500986971969996,0.009807607057627109,0.7648131626701625,-0.002306620085657113,0.8995432418485276,0.9839959698496815,0.014218009478672985,0.009728233976380132,1.4615200984262813,0.004489775502292853,0.010650887573964497,0.009811377986738245,1.0855649011138897,0.0008395095872262524,False
tail_tail,10,prize4_1,10,prize4_1,de,2533,844,845,0.008290564547966837,0.009884541020459821,0.8387404666343492,-0.0015939764724929844,0.8189641084221367,0.9839959698496815,0.0071090047393364926,0.009897049392353825,0.7182953683982526,-0.002788044653017332,0.010650887573964497,0.009827882691694342,1.0837418300653594,0.000823004882270155,False
head_tail,13,prize4_4,18,prize5_5,de,2533,844,845,0.006711409395973154,0.010057456426284986,0.6673068330112775,-0.0033460470303118316,0.9630729023603152,0.9888452758037601,0.009478672985781991,0.009946622173234984,0.9529539597158742,-0.00046794918745299285,0.010650887573964497,0.009841264884901987,1.0822681533859124,0.0008096226890625096,False
head_tail,14,prize5_1,4,prize3_1,de,2533,844,845,0.008685353335965259,0.009962814259241264,0.8717771013254549,-0.0012774609232760054,0.7726195420896094,0.982710387641021,0.005924170616113744,0.009964039636787828,0.5945551033580149,-0.004039869020674085,0.010650887573964497,0.00984215703111583,1.0821700507614214,0.0008087305428486676,False
tail_tail,26,prize7_4,10,prize4_1,de,2533,844,845,0.007500986971969996,0.010016980530945534,0.7488271489394573,-0.002515993558975538,0.9148944728431754,0.9839959698496815,0.01066350710900474,0.009917593067313584,1.0752111965704199,0.000745914041691156,0.010650887573964497,0.009845725615971202,1.081777818050018,0.0008051619579932945,False
tail_tail,19,prize5_6,25,prize7_3,de,2533,844,845,0.0094749309119621,0.009966980895526209,0.9506319929051965,-0.0004920499835641082,0.6365885614655972,0.9770536338286936,0.011848341232227487,0.010078369653955194,1.1756208235106438,0.0017699715782722933,0.010650887573964497,0.009847955981505811,1.0815328169588256,0.0008029315924586861,False
tail_tail,22,prize6_3,2,prize2_1,de,2533,844,845,0.012238452427951046,0.010001802070193237,1.223624737028474,0.0022366503577578092,0.15114039921094785,0.9321775641699296,0.0071090047393364926,0.01001405901929855,0.7099024207503077,-0.002905054279962057,0.010650887573964497,0.009859107809178848,1.0803094742557233,0.0007917797647856491,False
head_tail,2,prize2_1,4,prize3_1,de,2533,844,845,0.008290564547966837,0.010027694738535388,0.8267667459109082,-0.0017371301905685504,0.8357957760378416,0.9839959698496815,0.008293838862559242,0.009948855181382785,0.8336475615887382,-0.0016550163188235427,0.010650887573964497,0.009868475344424197,1.0792840030737243,0.0007824122295402997,False
head_tail,13,prize4_4,24,prize7_2,de,2533,844,845,0.011054086063955783,0.00998096888876852,1.1075163330480702,0.0010731171751872624,0.32872455858505867,0.9469642663909963,0.008293838862559242,0.009956894010714866,0.832974505265802,-0.0016630551481556233,0.010650887573964497,0.009876058587241863,1.0784552845528455,0.0007748289867226341,False
tail_tail,2,prize2_1,3,prize2_2,de,2533,844,845,0.010659297275957363,0.009934391847440398,1.0729692808225333,0.0007249054285169646,0.3944508840575527,0.9494918937002462,0.005924170616113744,0.010039961913813029,0.5900590726308673,-0.004115791297699285,0.010650887573964497,0.00987873502588339,1.0781630994310487,0.0007721525480811064,False
tail_tail,13,prize4_4,3,prize2_2,de,2533,844,845,0.008685353335965259,0.009961326174853785,0.8719073327696495,-0.0012759728388885266,0.7724081279787653,0.982710387641021,0.01066350710900474,0.010006466791596029,1.0656615697721128,0.0006570403174087115,0.010650887573964497,0.009885872195594135,1.0773847125710676,0.0007650153783703619,False
tail_tail,8,prize3_5,10,prize4_1,de,2533,844,845,0.007895775759968417,0.009966385661771217,0.7922406404816154,-0.0020706099018028,0.874781028923468,0.9839959698496815,0.016587677725118485,0.009975651279156388,1.6628165180330219,0.006612026445962097,0.010650887573964497,0.009892117219091036,1.0767045454545456,0.0007587703548734611,False
head_tail,21,prize6_2,26,prize7_4,de,2533,844,845,0.016186340307935254,0.010045551751185147,1.611294303075551,0.006140788556750107,0.0013500556985266614,0.4920953021129681,0.008293838862559242,0.00999976776715263,0.8294031477213856,-0.001705928904593387,0.010650887573964497,0.009897916169481017,1.0760737302266887,0.0007529714044834795,False
tail_tail,25,prize7_3,21,prize6_2,de,2533,844,845,0.010659297275957363,0.010025164995076672,1.0632540493041374,0.000634132280880691,0.412675765900598,0.9494918937002462,0.017772511848341232,0.009968059051453865,1.7829460837462705,0.007804452796887367,0.010650887573964497,0.00989925438880178,1.0759282624369142,0.0007516331851627166,False
tail_tail,8,prize3_5,19,prize5_6,de,2533,844,845,0.008685353335965259,0.009957605963885086,0.8722330816730328,-0.001272252627919827,0.7718775421260033,0.982710387641021,0.014218009478672985,0.010052020157811151,1.4144429930957267,0.004165989320861834,0.010650887573964497,0.00989925438880178,1.0759282624369142,0.0007516331851627166,False
head_tail,24,prize7_2,2,prize2_1,de,2533,844,845,0.011448874851954205,0.009993171180745854,1.1456698424233038,0.0014557036712083502,0.26213411006868026,0.9469642663909963,0.01066350710900474,0.009939923148791587,1.0727957298443622,0.0007235839602131536,0.010650887573964497,0.00990237690055023,1.0755889904950673,0.0007485106734142662,False
head_tail,1,prize1,18,prize5_5,de,2533,844,845,0.010264508487958943,0.010057456426284988,1.0205869210760714,0.0002070520616739551,0.49805639833711923,0.9630851840524135,0.01066350710900474,0.009978777490563306,1.0686185877066572,0.0006847296184414337,0.010650887573964497,0.009904607266084837,1.0753467843631779,0.0007462803078796595,False
tail_tail,22,prize6_3,4,prize3_1,de,2533,844,845,0.008290564547966837,0.01000537347272319,0.8286112028270316,-0.001714808924756353,0.8332556896979784,0.9839959698496815,0.0071090047393364926,0.009906874628204144,0.7175829922282128,-0.002797869888867652,0.010650887573964497,0.009905945485405604,1.0752015130364299,0.000744942088558893,False
head_tail,21,prize6_2,6,prize3_3,de,2533,844,845,0.008685353335965259,0.01001802219001677,0.8669728586367526,-0.0013326688540515105,0.7803456667034556,0.982710387641021,0.011848341232227487,0.010070777426252675,1.1765071087104981,0.0017775638059748123,0.010650887573964497,0.009911744435795582,1.0745724572457247,0.0007391431381689149,False
tail_tail,13,prize4_4,0,special,de,2533,844,845,0.0094749309119621,0.010007010365549417,0.9468293292251323,-0.0005320794535873166,0.6439019572391471,0.9770536338286936,0.011848341232227487,0.009956000807455746,1.1900703366109238,0.0018923404247717414,0.010650887573964497,0.009915313020650955,1.074185711714954,0.0007355745533135418,False
head_tail,14,prize5_1,3,prize2_2,de,2533,844,845,0.0094749309119621,0.009990641437287139,0.948380639164939,-0.0005157105253250378,0.6409210957819389,0.9770536338286936,0.004739336492890996,0.00999262214107967,0.474283569015142,-0.0052532856481886745,0.010650887573964497,0.009916651239971718,1.0740407539022088,0.0007342363339927788,False
tail_tail,8,prize3_5,14,prize5_1,de,2533,844,845,0.011843663639952625,0.009998230667663284,1.1845759548494836,0.0018454329722893403,0.2021970545340891,0.9445822294163744,0.008293838862559242,0.009943049360198505,0.8341343346598515,-0.001649210497639263,0.010650887573964497,0.009918435532399404,1.0738475376658423,0.0007324520415650931,False
tail_tail,18,prize5_5,4,prize3_1,de,2533,844,845,0.011843663639952625,0.010045849368062644,1.1789609027590557,0.001797814271889981,0.2095997176971311,0.9445822294163744,0.005924170616113744,0.010061845393661471,0.5887757547781162,-0.004137674777547728,0.010650887573964497,0.00991932767861325,1.0737509556145162,0.0007315598953512477,False
tail_tail,17,prize5_4,14,prize5_1,de,2533,844,845,0.013422818791946308,0.009990343820409643,1.3435792634608166,0.003432474971536665,0.05077445033060651,0.8352524262899428,0.008293838862559242,0.009925185295016103,0.8356356698674395,-0.0016313464324568608,0.010650887573964497,0.009923342336575542,1.0733165512901195,0.0007275452373889553,False
head_tail,13,prize4_4,4,prize3_1,de,2533,844,845,0.007895775759968417,0.009962814259241264,0.7925246375685954,-0.0020670384992728472,0.8744490558942469,0.9839959698496815,0.005924170616113744,0.010080156060473432,0.5877062399206054,-0.004155985444359688,0.010650887573964497,0.009923788409682461,1.0732683058389898,0.000727099164282036,False
tail_tail,25,prize7_3,4,prize3_1,de,2533,844,845,0.010264508487958943,0.010012069852466849,1.0252134313096004,0.00025243863549209364,0.48889888384377705,0.9622180214446507,0.008293838862559242,0.010057379377365873,0.8246520839439071,-0.0017635405148066306,0.010650887573964497,0.009924680555896305,1.0731718279473237,0.0007262070180681923,False
head_tail,0,special,21,prize6_2,de,2533,844,845,0.008290564547966837,0.010100015639766912,0.8208467039718531,-0.0018094510918000746,0.8438119955528648,0.9839959698496815,0.008293838862559242,0.009918932872202264,0.8361624147898676,-0.0016250940096430213,0.010650887573964497,0.009926910921430913,1.072930709086007,0.0007239766525335839,False
tail_tail,1,prize1,16,prize5_3,de,2533,844,845,0.011448874851954205,0.010031117332626592,1.1413359521492488,0.0014177575193276126,0.2688096776902374,0.9469642663909963,0.011848341232227487,0.009981903701970227,1.1869821214453173,0.0018664375302572603,0.010650887573964497,0.009927803067644755,1.072834291876348,0.0007230845063197419,False
head_tail,0,special,10,prize4_1,de,2533,844,845,0.012238452427951046,0.010072337270159786,1.2150558603918649,0.0021661151577912607,0.16049939315817163,0.9395411787624885,0.009478672985781991,0.009987709523154507,0.9490337062574341,-0.0005090365373725154,0.010650887573964497,0.009932263798713972,1.072352465642684,0.0007186237752505251,False
head_tail,3,prize2_2,10,prize4_1,de,2533,844,845,0.0094749309119621,0.009975016551218598,0.9498661845132071,-0.0005000856392564975,0.638063703874308,0.9770536338286936,0.014218009478672985,0.010040855117072152,1.4160157987439286,0.004177154361600833,0.010650887573964497,0.009933155944927814,1.072256152326208,0.0007177316290366831,False
tail_tail,18,prize5_5,8,prize3_5,de,2533,844,845,0.011843663639952625,0.009968171363036191,1.1881480773766695,0.0018754922769164337,0.19758697205465292,0.9445822294163744,0.011848341232227487,0.010066311409957073,1.1770290774541032,0.0017820298222704142,0.010650887573964497,0.009933602018034735,1.0722080021554627,0.0007172855559297621,False
head_tail,25,prize7_3,26,prize7_4,de,2533,844,845,0.007895775759968417,0.010007010365549416,0.7890244410209437,-0.0021112346055809986,0.8784979519116807,0.9839959698496815,0.01066350710900474,0.009955554205826186,1.0711113503620167,0.0007079529031785541,0.010650887573964497,0.009937616675997029,1.071774845138702,0.000713270897967468,False
head_tail,8,prize3_5,11,prize4_2,de,2533,844,845,0.00986971969996052,0.010059688552866207,0.9811158315779508,-0.00018996885290568574,0.5774551110121843,0.9681595906586115,0.013033175355450236,0.009963146433528707,1.3081384924334791,0.0030700289219215294,0.010650887573964497,0.009938508822210873,1.0716786355475763,0.0007123787517536243,False
tail_tail,3,prize2_2,23,prize7_1,de,2533,844,845,0.007895775759968417,0.010018915040649256,0.7880869064098528,-0.0021231392806808393,0.879570910249963,0.9839959698496815,0.01066350710900474,0.009989495929672748,1.067471990987044,0.0006740111793319924,0.010650887573964497,0.009939400968424713,1.0715824432277177,0.000711486605539784,False
tail_tail,22,prize6_3,24,prize7_2,de,2533,844,845,0.008685353335965259,0.009969213022107428,0.8712175491390223,-0.0012838596861421692,0.7735246676792842,0.982710387641021,0.011848341232227487,0.009954214400937505,1.1902839094074154,0.0018941268312899825,0.010650887573964497,0.009939847041531636,1.07153435354306,0.0007110405324328613,False
tail_tail,0,special,2,prize2_1,de,2533,844,845,0.011054086063955783,0.010049718387470092,1.099939882667551,0.0010043676764856912,0.34191628969892907,0.9469642663909963,0.009478672985781991,0.010070777426252675,0.9412056869683987,-0.0005921044404706838,0.010650887573964497,0.009939847041531636,1.07153435354306,0.0007110405324328613,False
head_tail,26,prize7_4,0,special,de,2533,844,845,0.010264508487958943,0.010011325810273109,1.0252896252188728,0.0002531826776858339,0.4887485312799685,0.9622180214446507,0.01066350710900474,0.010005573588336909,1.0657567019880556,0.0006579335206678312,0.010650887573964497,0.009940293114638558,1.071486268174475,0.0007105944593259386,False
head_tail,13,prize4_4,0,special,de,2533,844,845,0.009080142123963679,0.010021147167230477,0.9060980716515251,-0.0009410050432667981,0.7174592920740506,0.982710387641021,0.009478672985781991,0.009997534759004828,0.9481010283304596,-0.0005188617732228371,0.010650887573964497,0.009941631333959321,1.0713420379593486,0.0007092562400051756,False
head_tail,13,prize4_4,14,prize5_1,de,2533,844,845,0.015001973943939992,0.010013855553731825,1.498121663872939,0.004988118390208168,0.0077189667236560065,0.5672038784673793,0.014218009478672985,0.009959127018862667,1.4276361222970608,0.004258882459810319,0.010650887573964497,0.009942077407066246,1.071293969849246,0.0007088101668982511,False
tail_tail,1,prize1,10,prize4_1,de,2533,844,845,0.006316620607974733,0.009980968888768519,0.6328664760274688,-0.0036643482807937854,0.9747360124876361,0.9919115105331707,0.009478672985781991,0.01001316581603943,0.9466209947905517,-0.0005344928302574384,0.010650887573964497,0.009942523480173165,1.0712459060523127,0.0007083640937913319,False
tail_tail,20,prize6_1,19,prize5_6,de,2533,844,845,0.009080142123963679,0.010000760411122002,0.9079451712357304,-0.0009206182871583229,0.7141581153042038,0.982710387641021,0.014218009478672985,0.009986369718265829,1.4237415477084896,0.004231639760407156,0.010650887573964497,0.009943415626387009,1.0711497913956305,0.0007074719475774881,False
head_tail,23,prize7_1,19,prize5_6,de,2533,844,845,0.0094749309119621,0.00996087974953754,0.9512142652261211,-0.0004859488375754395,0.6354679438150646,0.9770536338286936,0.011848341232227487,0.010021651247001072,1.1822743518213172,0.0018266899852264155,0.010650887573964497,0.00994386169949393,1.071101740534721,0.0007070258744705672,False
tail_tail,2,prize2_1,4,prize3_1,de,2533,844,845,0.008685353335965259,0.010019212657526753,0.866869846248901,-0.0013338593215614942,0.7805090135478481,0.982710387641021,0.0071090047393364926,0.009966719246565187,0.7132743045597935,-0.0028577145072286947,0.010650887573964497,0.009944753845707774,1.071005651744864,0.0007061337282567234,False
head_tail,12,prize4_3,17,prize5_4,de,2533,844,845,0.011448874851954205,0.009939897759674073,1.1518101220720816,0.0015089770922801313,0.25286503581453396,0.9469642663909963,0.014218009478672985,0.009965826043306066,1.4266764658432969,0.004252183435366919,0.010650887573964497,0.009946092065028537,1.0708615508812847,0.0007047955089359605,False
head_tail,16,prize5_3,20,prize6_1,de,2533,844,845,0.011843663639952625,0.009984093865982226,1.1862532342876222,0.0018595697739703983,0.20002134796464743,0.9445822294163744,0.0035545023696682463,0.010035495897517432,0.3541929971340584,-0.006480993527849185,0.010650887573964497,0.009946538138135457,1.0708135258767604,0.0007043494358290395,False
head_tail,6,prize3_3,10,prize4_1,de,2533,844,845,0.007895775759968417,0.01002977805667786,0.7872333480710855,-0.002134002296709443,0.880542424454284,0.9839959698496815,0.011848341232227487,0.009982350303599789,1.1869290169024416,0.0018659909286276987,0.010650887573964497,0.009947430284349303,1.0707174887892377,0.000703457289615194,False
head_tail,7,prize3_4,2,prize2_1,de,2533,844,845,0.01421239636794315,0.009993171180745854,1.4222108388703083,0.004219225187197296,0.02091009970811547,0.7544446491843871,0.009478672985781991,0.009968952254712988,0.950819378365544,-0.000490279268930997,0.010650887573964497,0.009949214576776989,1.0705254662840746,0.0007016729971875083,False
tail_tail,23,prize7_1,9,prize3_6,de,2533,844,845,0.009080142123963679,0.010027992355412884,0.9054795618249971,-0.0009478502314492054,0.7185604047950124,0.982710387641021,0.013033175355450236,0.010014059019298551,1.301487771375564,0.003019116336151685,0.010650887573964497,0.009952337088525439,1.0701895925776521,0.0006985504854390579,False
tail_tail,6,prize3_3,2,prize2_1,de,2533,844,845,0.015001973943939992,0.009986177184124699,1.5022739600283723,0.0050157967598152935,0.007358744585430677,0.5672038784673793,0.01066350710900474,0.01004621433662687,1.0614453118053953,0.0006172927723778702,0.010650887573964497,0.00995679781959465,1.0697101384346581,0.0006940897543698463,False
head_tail,9,prize3_6,5,prize3_2,de,2533,844,845,0.012238452427951046,0.010042129157093944,1.218710916430066,0.0021963232708571024,0.15645428113031556,0.9321775641699296,0.013033175355450236,0.010022544450260188,1.3003858870500586,0.003010630905190048,0.010650887573964497,0.009957243892701573,1.069662216647254,0.0006936436812629235,False
head_tail,26,prize7_4,3,prize2_2,de,2533,844,845,0.010264508487958943,0.009979778421258535,1.0285307002502067,0.00028473006670040775,0.48236180601111694,0.9622180214446507,0.009478672985781991,0.009921165880350065,0.9553991033005024,-0.0004424928945680733,0.010650887573964497,0.009959474258236184,1.0694226721010434,0.0006914133157283134,False
head_tail,24,prize7_2,15,prize5_2,de,2533,844,845,0.013028030003947888,0.010031563757942837,1.2987038031465927,0.002996466246005051,0.07870620418892887,0.8435413945880753,0.0071090047393364926,0.01000378718181867,0.7106313449227224,-0.002894782442482177,0.010650887573964497,0.009959920331343105,1.069374776065926,0.0006909672426213924,False
tail_tail,1,prize1,3,prize2_2,de,2533,844,845,0.0094749309119621,0.009953290519161391,0.9519395514198661,-0.00047835960719929023,0.6340695359152179,0.9770536338286936,0.005924170616113744,0.009972078466119909,0.5940758124037117,-0.004047907850006165,0.010650887573964497,0.009962150696877711,1.0691353602292573,0.0006887368770867857,False
tail_tail,3,prize2_2,17,prize5_4,de,2533,844,845,0.012238452427951046,0.010011623427150606,1.2224243667377146,0.002226829000800441,0.15242493662523798,0.9321775641699296,0.009478672985781991,0.01000021436878219,0.9478469796979252,-0.0005215413830001979,0.010650887573964497,0.009964827135519239,1.0688482026948387,0.000686060438445258,False
head_tail,13,prize4_4,2,prize2_1,de,2533,844,845,0.011054086063955783,0.009982754590033494,1.107318222065869,0.0010713314739222886,0.32906507538985436,0.9469642663909963,0.0071090047393364926,0.01000780659648471,0.7103459355253292,-0.0028988018571482173,0.010650887573964497,0.009966611427946926,1.0686568500201405,0.0006842761460175706,False
head_tail,17,prize5_4,12,prize4_3,de,2533,844,845,0.01421239636794315,0.010000611602683254,1.4211527187127073,0.004211784765259897,0.021138422309238687,0.7544446491843871,0.009478672985781991,0.009921612481979626,0.9553560979122966,-0.0004429394961976349,0.010650887573964497,0.009967503574160768,1.0685611993734616,0.0006833839998037286,False
head_tail,7,prize3_4,4,prize3_1,de,2533,844,845,0.008685353335965259,0.01001712933938428,0.8670501339956861,-0.0013317760034190218,0.7802214318679299,0.982710387641021,0.005924170616113744,0.00988588435161482,0.5992555046576136,-0.003961713735501076,0.010650887573964497,0.009967503574160768,1.0685611993734616,0.0006833839998037286,False
head_tail,11,prize4_2,12,prize4_3,de,2533,844,845,0.00986971969996052,0.009994510456694587,0.9875140701213156,-0.00012479075673406566,0.5647545552179349,0.9681595906586115,0.008293838862559242,0.009891243571169543,0.8385031470394351,-0.0015974047086103008,0.010650887573964497,0.009967949647267691,1.0685133804707778,0.0006829379266968059,False
tail_tail,3,prize2_2,8,prize3_5,de,2533,844,845,0.011054086063955783,0.009991087862603384,1.1063946405006804,0.001062998201352399,0.3306588043149802,0.9469642663909963,0.0071090047393364926,0.009948408579753227,0.7145871304285367,-0.0028394038404167344,0.010650887573964497,0.009968841793481535,1.068417755503848,0.0006820457804829622,False
head_tail,19,prize5_6,25,prize7_3,de,2533,844,845,0.0094749309119621,0.010066533741048616,0.941230731023717,-0.0005916028290865148,0.6546262206991487,0.9770536338286936,0.014218009478672985,0.010102932743580994,1.4073150677664907,0.004115076735091991,0.010650887573964497,0.00997107215901614,1.0681787679506107,0.0006798154149483572,False
head_tail,12,prize4_3,14,prize5_1,de,2533,844,845,0.010659297275957363,0.009970552298056158,1.0690779163793644,0.0006887449779012043,0.40170628752708476,0.9494918937002462,0.009478672985781991,0.010075243442548272,0.9407884821673953,-0.0005965704567662804,0.010650887573964497,0.009971518232123062,1.0681309832692136,0.0006793693418414345,False
tail_tail,8,prize3_5,25,prize7_3,de,2533,844,845,0.010659297275957363,0.01001355793685433,1.0644865035160407,0.0006457393391030332,0.41034298653363244,0.9494918937002462,0.015402843601895734,0.010106058954987914,1.524119705861557,0.0052967846469078195,0.010650887573964497,0.009971964305229985,1.0680832028628942,0.0006789232687345118,False
head_tail,26,prize7_4,24,prize7_2,de,2533,844,845,0.010264508487958943,0.009985730758808455,1.027917609225001,0.0002787777291504874,0.48356815816081467,0.9622180214446507,0.01066350710900474,0.010064525003438832,1.0595141951916507,0.0005989821055659081,0.010650887573964497,0.009971964305229985,1.0680832028628942,0.0006789232687345118,False
head_tail,4,prize3_1,19,prize5_6,de,2533,844,845,0.009080142123963679,0.009987367651634684,0.909162698389048,-0.0009072255276710052,0.7119763975680724,0.982710387641021,0.005924170616113744,0.009987709523154507,0.5931460664108962,-0.004063538907040763,0.010650887573964497,0.009972856451443825,1.0679876548731944,0.0006780311225206715,False
tail_tail,4,prize3_1,8,prize3_5,de,2533,844,845,0.011448874851954205,0.010052099322490059,1.1389536140315557,0.0013967755294641455,0.27252302563485936,0.9469642663909963,0.008293838862559242,0.010029243474703589,0.8269655516369209,-0.0017354046121443468,0.010650887573964497,0.009973748597657671,1.067892123976922,0.0006771389763068261,False
tail_tail,3,prize2_2,10,prize4_1,de,2533,844,845,0.007895775759968417,0.009993915222939595,0.7900583088642577,-0.0020981394629711776,0.8773085384761954,0.9839959698496815,0.0071090047393364926,0.009973418271008587,0.7127952068350961,-0.002864413531672094,0.010650887573964497,0.00997419467076459,1.0678443649373883,0.0006766929031999068,False
head_tail,4,prize3_1,17,prize5_4,de,2533,844,845,0.007895775759968417,0.010009688917446882,0.7888133013011108,-0.0021139131574784645,0.8787415648771737,0.9839959698496815,0.011848341232227487,0.00984970961962046,1.2029127446179515,0.0019986316126070266,0.010650887573964497,0.009974194670764594,1.0678443649373879,0.0006766929031999033,False
head_tail,10,prize4_1,1,prize1,de,2533,844,845,0.0094749309119621,0.009961474983292532,0.9511574267719924,-0.00048654407133043136,0.6355779368146421,0.9770536338286936,0.008293838862559242,0.010000660970411749,0.8293290700582331,-0.0017068221078525066,0.010650887573964497,0.009975086816978434,1.067748859672659,0.0006758007569860631,False
head_tail,23,prize7_1,9,prize3_6,de,2533,844,845,0.0094749309119621,0.010012665086221841,0.9462946009250123,-0.0005377341742597401,0.6449285250807704,0.9770536338286936,0.013033175355450236,0.010022097848630632,1.3004438344444045,0.0030110775068196045,0.010650887573964497,0.009975532890085357,1.0677011134463175,0.0006753546838791404,False
tail_tail,23,prize7_1,8,prize3_5,de,2533,844,845,0.010659297275957363,0.0099898973950934,1.0670076833014064,0.0006693998808639627,0.405590420348833,0.9494918937002462,0.011848341232227487,0.009922952286868302,1.1940338812177076,0.0019253889453591851,0.010650887573964497,0.009975532890085357,1.0677011134463175,0.0006753546838791404,False
head_tail,10,prize4_1,10,prize4_1,de,2533,844,845,0.00986971969996052,0.01000909368369189,0.9860752643410207,-0.00013937398373136886,0.5676101693903443,0.9681595906586115,0.01066350710900474,0.009993068742709228,1.0670903386694555,0.0006704383662955119,0.010650887573964497,0.009975532890085357,1.0677011134463175,0.0006753546838791404,False
tail_tail,15,prize5_2,19,prize5_6,de,2533,844,845,0.009080142123963679,0.009966534470209964,0.9110631334396407,-0.0008863923462462849,0.7085621965454284,0.982710387641021,0.014218009478672985,0.010064525003438834,1.4126855935888674,0.004153484475234151,0.010650887573964497,0.00997597896319228,1.0676533714898944,0.0006749086107722176,False
head_tail,20,prize6_1,8,prize3_5,de,2533,844,845,0.007895775759968417,0.010016087680313045,0.7883093690850798,-0.0021203119203446284,0.8793169042153299,0.9839959698496815,0.014218009478672985,0.010091321101212435,1.4089344037387477,0.0041266883774605505,0.010650887573964497,0.009976425036299199,1.067605633802817,0.0006744625376652984,False
head_tail,17,prize5_4,9,prize3_6,de,2533,844,845,0.00986971969996052,0.010049867195908838,0.9820746391532763,-0.00018014749594831743,0.5755511958851847,0.9681595906586115,0.0071090047393364926,0.01004621433662687,0.7076302078702634,-0.0029372095972903774,0.010650887573964497,0.009977317182513042,1.0675101712344077,0.0006735703914514547,False
head_tail,7,prize3_4,3,prize2_2,de,2533,844,845,0.010264508487958943,0.009955373837303865,1.0310520383972641,0.00030913465065507753,0.4774104488503969,0.9622180214446507,0.008293838862559242,0.009960020222121786,0.8327130545516507,-0.0016661813595625439,0.010650887573964497,0.009978655401833805,1.0673670093875727,0.0006722321721306917,False
tail_tail,20,prize6_1,25,prize7_3,de,2533,844,845,0.011054086063955783,0.010030968524187844,1.1019958877650626,0.0010231175397679391,0.3383065098373662,0.9469642663909963,0.011848341232227487,0.010078369653955194,1.1756208235106438,0.0017699715782722933,0.010650887573964497,0.00997999362115457,1.0672238859339382,0.000670893952809927,False
head_tail,8,prize3_5,18,prize5_5,de,2533,844,845,0.012238452427951046,0.010009391300569387,1.2226969713188114,0.00222906112738166,0.15213354671892038,0.9321775641699296,0.0071090047393364926,0.009981010498711107,0.7122530068728522,-0.002872005759374615,0.010650887573964497,0.009979993621154572,1.0672238859339382,0.0006708939528099252,False
tail_tail,25,prize7_3,14,prize5_1,de,2533,844,845,0.010659297275957363,0.009994808073572082,1.0664834379503794,0.0006644892023852812,0.40657642590252596,0.9494918937002462,0.015402843601895734,0.010021204645371509,1.5370251528602243,0.0053816389565242255,0.010650887573964497,0.009980439694261493,1.0671761866452132,0.0006704478797030042,False
head_tail,6,prize3_3,12,prize4_3,de,2533,844,845,0.008290564547966837,0.009965492811138729,0.8319272017034849,-0.0016749282631718914,0.8286432698616644,0.9839959698496815,0.009478672985781991,0.010056039572477192,0.9425850920201806,-0.0005773665866952004,0.010650887573964497,0.009980885767368414,1.0671284916201118,0.0006700018065960833,False
head_tail,10,prize4_1,15,prize5_2,de,2533,844,845,0.012633241215949467,0.010054777874387523,1.2564416015723279,0.0025784633415619432,0.11481554837948793,0.8951928852261679,0.015402843601895734,0.010002447376929988,1.5399074867838263,0.005400396224965746,0.010650887573964497,0.009981331840475335,1.0670808008580623,0.0006695557334891623,False
tail_tail,3,prize2_2,13,prize4_4,de,2533,844,845,0.010659297275957363,0.010011028193395614,1.0647554946443383,0.000648269082561749,0.40983478281889285,0.9494918937002462,0.009478672985781991,0.00999976776715263,0.9478893116815835,-0.0005210947813706381,0.010650887573964497,0.00998311613290302,1.0668900804289545,0.0006677714410614766,False
head_tail,16,prize5_3,6,prize3_3,de,2533,844,845,0.01421239636794315,0.009982754590033494,1.4236948569418317,0.004229641777909656,0.02059334878713286,0.7544446491843871,0.008293838862559242,0.009949301783012347,0.8336101410372658,-0.0016554629204531043,0.010650887573964497,0.009984454352223785,1.0667470848411742,0.0006664332217407119,False
head_tail,13,prize4_4,20,prize6_1,de,2533,844,845,0.013422818791946308,0.009981712930962259,1.3447410163750642,0.0034411058609840495,0.050247838048561574,0.8352524262899428,0.008293838862559242,0.009949748384641905,0.8335727238450905,-0.0016559095220826624,0.010650887573964497,0.009984454352223787,1.066747084841174,0.0006664332217407101,False
head_tail,13,prize4_4,15,prize5_2,de,2533,844,845,0.008685353335965259,0.010031563757942837,0.8658025354310618,-0.0013462104219775783,0.7822094664226129,0.982710387641021,0.014218009478672985,0.009981903701970227,1.424378545734381,0.004236105776702758,0.010650887573964497,0.009984900425330706,1.0666994281629736,0.0006659871486337909,False
head_tail,22,prize6_3,5,prize3_2,de,2533,844,845,0.007895775759968417,0.010033944692962805,0.7869064462260821,-0.0021381689329943877,0.880913248989553,0.9839959698496815,0.011848341232227487,0.010105612353358355,1.1724515861020515,0.0017427288788691327,0.010650887573964497,0.009985346498437629,1.0666517757426848,0.0006655410755268681,False
head_tail,21,prize6_2,16,prize5_3,de,2533,844,845,0.012633241215949467,0.010018319806894264,1.2610139683558217,0.002614921409055202,0.11087263248501217,0.8951928852261679,0.01066350710900474,0.009887224156503503,1.0785137405821454,0.0007762829525012373,0.010650887573964497,0.009985346498437629,1.0666517757426848,0.0006655410755268681,False
head_tail,13,prize4_4,26,prize7_4,de,2533,844,845,0.010659297275957363,0.009926653808625502,1.0738056833104475,0.0007326434673318605,0.3929005179652939,0.9494918937002462,0.011848341232227487,0.01002611726329667,1.1817477215832657,0.001822223968930817,0.010650887573964497,0.009985792571544552,1.066604127579737,0.0006650950024199454,False
head_tail,0,special,4,prize3_1,de,2533,844,845,0.0094749309119621,0.01005715880940749,0.9421081133867776,-0.00058222789744539,0.6529485980113408,0.9770536338286936,0.01066350710900474,0.00984390379843618,1.0832599878412834,0.0008196033105685608,0.010650887573964497,0.009985792571544552,1.066604127579737,0.0006650950024199454,False
head_tail,4,prize3_1,1,prize1,de,2533,844,845,0.013422818791946308,0.009978885570626046,1.3451220275997413,0.003443933221320262,0.050073696288814674,0.8352524262899428,0.015402843601895734,0.009913573652647542,1.5537125300705477,0.005489269949248192,0.010650887573964497,0.00998623864465147,1.0665564836735606,0.0006646489293130262,False
head_tail,1,prize1,15,prize5_2,de,2533,844,845,0.008685353335965259,0.010036920861737764,0.8653404221881552,-0.001351567525772505,0.7829468806357828,0.982710387641021,0.0071090047393364926,0.010020758043741949,0.709427840519124,-0.002911753304405456,0.010650887573964497,0.009987576863972237,1.0664135774899508,0.0006633107099922597,False
tail_tail,4,prize3_1,18,prize5_5,de,2533,844,845,0.012633241215949467,0.009975165359657347,1.2664693526828337,0.00265807585629212,0.1063134022355462,0.8951928852261679,0.01066350710900474,0.009935903734125544,1.0732297126007966,0.0007276033748791957,0.010650887573964497,0.009988022937079155,1.0663659506051542,0.0006628646368853422,False
tail_tail,9,prize3_6,15,prize5_2,de,2533,844,845,0.010264508487958943,0.010006563940233174,1.0257775345529605,0.0002579445477257688,0.487785547026186,0.9622180214446507,0.0071090047393364926,0.00998860272641363,0.7117116311511323,-0.0028795979870771373,0.010650887573964497,0.009988915083293,1.066270709596749,0.0006619724906714967,False
tail_tail,0,special,17,prize5_4,de,2533,844,845,0.009080142123963679,0.010047635069327618,0.9037093864687222,-0.0009674929453639385,0.7217081695819159,0.982710387641021,0.009478672985781991,0.010011826011150748,0.9467476737235592,-0.0005331530253687572,0.010650887573964497,0.009989807229506846,1.066175485599464,0.0006610803444576513,False
head_tail,1,prize1,10,prize4_1,de,2533,844,845,0.007500986971969996,0.010015343638119305,0.7489495361317968,-0.002514356666149309,0.9147840539202463,0.9839959698496815,0.0071090047393364926,0.00999083573456143,0.7115525595866038,-0.002881830995224938,0.010650887573964497,0.009990253302613765,1.0661278799785676,0.000660634271350732,False
head_tail,25,prize7_3,4,prize3_1,de,2533,844,845,0.006711409395973154,0.010039004179880235,0.6685333799764611,-0.0033275947839070804,0.9624478615782754,0.9888452758037601,0.004739336492890996,0.009872932904357581,0.48003329292344443,-0.0051335964114665854,0.010650887573964497,0.00999203759504145,1.0659375,0.0006588499789230463,False
head_tail,2,prize2_1,22,prize6_3,de,2533,844,845,0.010264508487958943,0.010007754407743158,1.025655513690177,0.00025675408021578507,0.4880262972206771,0.9622180214446507,0.013033175355450236,0.009919379473831825,1.3139103499198586,0.003113795881618411,0.010650887573964497,0.009992483668148372,1.0658899156287667,0.0006584039058161253,False
tail_tail,5,prize3_2,23,prize7_1,de,2533,844,845,0.010659297275957363,0.010047337452450122,1.06090766100008,0.0006119598235072403,0.4171319425060241,0.9494918937002462,0.011848341232227487,0.009992622141079668,1.185708922537855,0.001855719091147819,0.010650887573964497,0.009992929741255294,1.0658423355057585,0.0006579578327092026,False
head_tail,2,prize2_1,10,prize4_1,de,2533,844,845,0.011054086063955783,0.01000834964149815,1.1044863998477472,0.0010457364224576333,0.33396425074676794,0.9469642663909963,0.009478672985781991,0.01001897163722371,0.9460724442582177,-0.0005402986514417181,0.010650887573964497,0.009993375814362215,1.0657947596304067,0.0006575117596022816,False
head_tail,9,prize3_6,8,prize3_5,de,2533,844,845,0.007500986971969996,0.009988260502267171,0.7509803103620891,-0.002487273530297175,0.9129172777773364,0.9839959698496815,0.011848341232227487,0.010043088125219953,1.179750798210585,0.0018052531070075345,0.010650887573964497,0.009993375814362217,1.0657947596304065,0.0006575117596022799,False
head_tail,17,prize5_4,14,prize5_1,de,2533,844,845,0.00986971969996052,0.010023379293811696,0.9846698813496918,-0.00015365959385117527,0.5703990330072874,0.9681595906586115,0.01066350710900474,0.01000602018996647,1.065709133757052,0.0006574869190382696,0.010650887573964497,0.009993375814362217,1.0657947596304065,0.0006575117596022799,False
head_tail,24,prize7_2,25,prize7_3,de,2533,844,845,0.011054086063955783,0.00999495688201083,1.1059663582792638,0.0010591291819449528,0.33139846511587284,0.9469642663909963,0.015402843601895734,0.01002031144211239,1.537162162162162,0.0053825321597833434,0.010650887573964497,0.009993821887469136,1.0657471880021425,0.0006570656864953606,False
head_tail,11,prize4_2,1,prize1,de,2533,844,845,0.008685353335965259,0.010033349459207811,0.8656484428532021,-0.0013479961232425522,0.7824557343925704,0.982710387641021,0.011848341232227487,0.009927418303163904,1.193496724969409,0.0019209229290635833,0.010650887573964497,0.009993821887469136,1.0657471880021425,0.0006570656864953606,False
tail_tail,0,special,20,prize6_1,de,2533,844,845,0.011054086063955783,0.009992575946990863,1.1062298773205301,0.0010615101169649203,0.33094275187296224,0.9469642663909963,0.008293838862559242,0.009992622141079668,0.8299962457764987,-0.001698783278520426,0.010650887573964497,0.009994267960576057,1.0656996206203975,0.0006566196133884396,False
head_tail,20,prize6_1,22,prize6_3,de,2533,844,845,0.008290564547966837,0.010038408946125245,0.8258843201608096,-0.0017478443981584074,0.8370036644717386,0.9839959698496815,0.009478672985781991,0.009954661002567066,0.9521844072176512,-0.00047598801678507517,0.010650887573964497,0.009996052253003743,1.0655093935472357,0.000654835320960754,False
head_tail,18,prize5_5,26,prize7_4,de,2533,844,845,0.011054086063955783,0.01001281389466059,1.1039939601644309,0.0010412721692951935,0.33482033449064985,0.9469642663909963,0.004739336492890996,0.009996641555745709,0.47409287073687223,-0.005257305062854713,0.010650887573964497,0.009996052253003745,1.0655093935472355,0.0006548353209607522,False
tail_tail,18,prize5_5,0,special,de,2533,844,845,0.008685353335965259,0.009982903398472244,0.870022776870148,-0.0012975500625069854,0.7754530040579752,0.982710387641021,0.011848341232227487,0.01002924347470359,1.1813793594813151,0.0018190977575238965,0.010650887573964497,0.009996944399217588,1.0654143054749898,0.0006539431747469085,False
tail_tail,24,prize7_2,4,prize3_1,de,2533,844,845,0.00986971969996052,0.009961772600170029,0.9907593855125807,-9.205290020950808e-05,0.5583183344360263,0.9681595906586115,0.0071090047393364926,0.009948408579753223,0.7145871304285369,-0.002839403840416731,0.010650887573964497,0.009996944399217588,1.0654143054749898,0.0006539431747469085,False
head_tail,14,prize5_1,8,prize3_5,de,2533,844,845,0.010659297275957363,0.009969213022107428,1.0692215375797092,0.0006900842538499347,0.4014375802506035,0.9494918937002462,0.01066350710900474,0.009942602758568944,1.0725066029430264,0.0007209043504357963,0.010650887573964497,0.009997836545431429,1.0653192343729088,0.0006530510285330682,False
tail_tail,9,prize3_6,26,prize7_4,de,2533,844,845,0.01381760757994473,0.010023974527566688,1.3784559749174605,0.0037936330523780423,0.034596524149818814,0.8352524262899428,0.005924170616113744,0.009944389165087187,0.5957299656888281,-0.004020218548973443,0.010650887573964497,0.009997836545431429,1.0653192343729088,0.0006530510285330682,False
tail_tail,20,prize6_1,5,prize3_2,de,2533,844,845,0.006316620607974733,0.009956564304813849,0.6344176981733289,-0.0036399436968391156,0.974141347583147,0.9919115105331707,0.0071090047393364926,0.01003728230403567,0.7082599177745742,-0.002928277564699177,0.010650887573964497,0.00999783654543143,1.0653192343729085,0.0006530510285330665,False
tail_tail,18,prize5_5,15,prize5_2,de,2533,844,845,0.009080142123963679,0.010017278147823029,0.9064480380767893,-0.0009371360238593501,0.7168339574270852,0.982710387641021,0.016587677725118485,0.009969845457972108,1.6637848394986516,0.006617832267146377,0.010650887573964497,0.009997836545431432,1.0653192343729083,0.0006530510285330648,False
tail_tail,1,prize1,24,prize7_2,de,2533,844,845,0.008290564547966837,0.010012962703099338,0.8279831648030246,-0.0017223981551325006,0.8341221464850437,0.9839959698496815,0.011848341232227487,0.009942602758568946,1.1916740032700288,0.0019057384736585418,0.010650887573964497,0.009998728691645274,1.0652241802364488,0.0006521588823192228,False
tail_tail,15,prize5_2,8,prize3_5,de,2533,844,845,0.008685353335965259,0.009991087862603382,0.8693100746791064,-0.001305734526638123,0.7765991724838265,0.982710387641021,0.004739336492890996,0.010037728905665231,0.4721522704419865,-0.005298392412774236,0.010650887573964497,0.009999174764752193,1.065176659528908,0.0006517128092123035,False
head_tail,24,prize7_2,11,prize4_2,de,2533,844,845,0.011843663639952625,0.010035730394227782,1.180149642796772,0.0018079332457248427,0.20801667793366713,0.9445822294163744,0.008293838862559242,0.009983690108488466,0.8307388122461398,-0.001689851245929224,0.010650887573964497,0.009999620837859116,1.0651291430610699,0.0006512667361053808,False
tail_tail,17,prize5_4,3,prize2_2,de,2533,844,845,0.01381760757994473,0.00997278442463738,1.3855315618583777,0.003844823155307351,0.032323310934999,0.8352524262899428,0.0071090047393364926,0.010012272612780307,0.710029082734134,-0.002903267873443814,0.010650887573964497,0.01000051298407296,1.065034122842232,0.0006503745898915371,False
tail_tail,16,prize5_3,20,prize6_1,de,2533,844,845,0.011448874851954205,0.009997486625469546,1.1451753106412876,0.0014513882264846588,0.2628872075158329,0.9469642663909963,0.01066350710900474,0.010057379377365873,1.0602669650707377,0.0006061277316388673,0.010650887573964497,0.01000095905717988,1.064986619090098,0.0006499285167846161,False
tail_tail,22,prize6_3,20,prize6_1,de,2533,844,845,0.012238452427951046,0.00992516572423802,1.2330728541956535,0.0023132867037130266,0.1413208019547988,0.9321775641699296,0.008293838862559242,0.009952874596048825,0.8333108975221891,-0.001659035733489583,0.010650887573964497,0.010002297276500646,1.0648441332560317,0.0006485902974638514,False
head_tail,19,prize5_6,21,prize6_2,de,2533,844,845,0.008685353335965259,0.010023528102250445,0.8664966314620554,-0.0013381747662851856,0.7811040151354323,0.982710387641021,0.013033175355450236,0.009974758075897266,1.3066156849400936,0.00305841727955297,0.010650887573964497,0.010002743349607567,1.0647966464502319,0.0006481442243569304,False
tail_tail,5,prize3_2,14,prize5_1,de,2533,844,845,0.00986971969996052,0.01001058176807937,0.9859286831292848,-0.00014086206811884938,0.5679003988348237,0.9681595906586115,0.011848341232227487,0.009993961945968348,1.1855499646971552,0.0018543792862591394,0.010650887573964497,0.010002743349607567,1.0647966464502319,0.0006481442243569304,False
head_tail,26,prize7_4,5,prize3_2,de,2533,844,845,0.011448874851954205,0.010008796066814393,1.143881319543976,0.0014400787851398117,0.26487379309007075,0.9469642663909963,0.014218009478672985,0.009916699864054466,1.4337440553393856,0.004301309614618519,0.010650887573964497,0.01000408156892833,1.0646542114415662,0.0006468060050361674,False
tail_tail,16,prize5_3,24,prize7_2,de,2533,844,845,0.011054086063955783,0.009993319989184603,1.1061475141313606,0.00106076607477118,0.3310857759488126,0.9469642663909963,0.0071090047393364926,0.010018078433964591,0.7096175964478997,-0.002909073694628099,0.010650887573964497,0.01000408156892833,1.0646542114415662,0.0006468060050361674,False
tail_tail,0,special,15,prize5_2,de,2533,844,845,0.008290564547966837,0.010033051842330316,0.8263252974521896,-0.001742487294363479,0.8364016016722635,0.9839959698496815,0.013033175355450236,0.009989049328043188,1.3047463204392225,0.0030441260274070483,0.010650887573964497,0.010006311934462938,1.064416904422254,0.000644575639501559,False
head_tail,0,special,25,prize7_3,de,2533,844,845,0.012238452427951046,0.01000745679086566,1.2229333269889044,0.0022309956370853857,0.15187778181351597,0.9321775641699296,0.011848341232227487,0.00999976776715263,1.1848616396019793,0.001848573465074858,0.010650887573964497,0.01000675800756986,1.0643694557125662,0.0006441295663946363,False
tail_tail,25,prize7_3,0,special,de,2533,844,845,0.007106198183971575,0.010063259955396158,0.7061526995693939,-0.0029570617714245826,0.9441772028941731,0.9839959698496815,0.013033175355450236,0.009912233847758864,1.314857534197199,0.003120941507691372,0.010650887573964497,0.010007650153783704,1.0642745709828392,0.0006432374201807926,False
head_tail,6,prize3_3,18,prize5_5,de,2533,844,845,0.011054086063955783,0.010056117150336255,1.0992399848470498,0.0009979689136195274,0.3431485487219971,0.9469642663909963,0.004739336492890996,0.009976991084045069,0.4750266340790875,-0.005237654591154073,0.010650887573964497,0.010008542299997546,1.064179703168873,0.0006423452739669506,False
head_tail,8,prize3_5,0,special,de,2533,844,845,0.0094749309119621,0.010016682914068037,0.9459150292812936,-0.0005417520021059365,0.6456571347447451,0.9770536338286936,0.0035545023696682463,0.010122583215281636,0.3511457791033187,-0.006568080845613389,0.010650887573964497,0.010008988373104469,1.0641322756038862,0.0006418992008600279,False
head_tail,0,special,0,special,de,2533,844,845,0.010264508487958943,0.010279627425335737,0.9985292329428661,-1.511893737679397e-05,0.542228785338396,0.9681595906586115,0.008293838862559242,0.010031476482851392,0.8267814689828954,-0.0017376376202921495,0.010650887573964497,0.01000943444621139,1.0640848522661437,0.0006414531277531069,False
tail_tail,11,prize4_2,16,prize5_3,de,2533,844,845,0.0094749309119621,0.009963855918312501,0.950930140865264,-0.0004889250063504005,0.636015461973755,0.9770536338286936,0.008293838862559242,0.009906874628204143,0.8371801575995818,-0.0016130357656449004,0.010650887573964497,0.010009880519318311,1.0640374331550801,0.0006410070546461859,False
tail_tail,19,prize5_6,20,prize6_1,de,2533,844,845,0.00986971969996052,0.010055521916581262,0.9815223696828348,-0.00018580221662074098,0.5766482323105423,0.9681595906586115,0.009478672985781991,0.009973864872638146,0.9503510531594785,-0.0004951918868561552,0.010650887573964497,0.010010326592425232,1.0639900182701305,0.0006405609815392649,False
head_tail,0,special,18,prize5_5,de,2533,844,845,0.011448874851954205,0.010045849368062644,1.1396622060004207,0.001403025483891561,0.27141510061297486,0.9469642663909963,0.0071090047393364926,0.009997534759004828,0.7110757712478446,-0.002888530019668336,0.010650887573964497,0.010010326592425232,1.0639900182701305,0.0006405609815392649,False
head_tail,19,prize5_6,17,prize5_4,de,2533,844,845,0.005921831819976312,0.010006266323355679,0.5918123332530271,-0.0040844345033793665,0.9848242297738139,0.9933949524241739,0.01066350710900474,0.009995301750857027,1.0668519445238778,0.0006682053581477127,0.010650887573964497,0.010010772665532155,1.06394260761073,0.0006401149084323422,False
head_tail,6,prize3_3,25,prize7_3,de,2533,844,845,0.010659297275957363,0.010076503906444729,1.0578368623605545,0.0005827933695126339,0.4229954368207532,0.9561664292785397,0.013033175355450236,0.010070330824623112,1.2942152132264246,0.0029628445308271245,0.010650887573964497,0.010011218738639076,1.0638952011763132,0.0006396688353254212,False
tail_tail,17,prize5_4,22,prize6_3,de,2533,844,845,0.00986971969996052,0.010042575582410188,0.9827876941496534,-0.0001728558824496667,0.5741358759049732,0.9681595906586115,0.009478672985781991,0.009914020254277104,0.9560877164531417,-0.0004353472684951124,0.010650887573964497,0.010011664811745997,1.0638477989663162,0.0006392227622185002,False
tail_tail,5,prize3_2,11,prize4_2,de,2533,844,845,0.007895775759968417,0.00999867709297953,0.789682043588782,-0.0021029013330111125,0.8777443140880663,0.9839959698496815,0.02132701421800948,0.009978330888933748,2.137332832053279,0.011348683329075732,0.010650887573964497,0.01001255695795984,1.0637530072173216,0.0006383306160046565,False
head_tail,11,prize4_2,17,prize5_4,de,2533,844,845,0.01381760757994473,0.010016385297190542,1.3795004055824789,0.003801222282754188,0.034252062883470005,0.8352524262899428,0.011848341232227487,0.010068544418104872,1.176768035201022,0.001779796814122615,0.010650887573964497,0.010013449104173682,1.0636582323592303,0.0006374384697908145,False
head_tail,6,prize3_3,5,prize3_2,de,2533,844,845,0.012633241215949467,0.010012516277783092,1.2617448866456813,0.002620724938166374,0.11025138666242762,0.8951928852261679,0.01066350710900474,0.009993515344338788,1.067042651317436,0.0006699917646659521,0.010650887573964497,0.010013895177280603,1.0636108512628626,0.0006369923966838935,False
head_tail,0,special,1,prize1,de,2533,844,845,0.015001973943939992,0.010000016368928262,1.5001949387356661,0.0050019575750117305,0.007537125207711255,0.5672038784673793,0.0071090047393364926,0.009983243506858908,0.7120936932423122,-0.0028742387675224157,0.010650887573964497,0.010013895177280603,1.0636108512628626,0.0006369923966838935,False
head_tail,3,prize2_2,22,prize6_3,de,2533,844,845,0.007895775759968417,0.009968022554597444,0.7921105431615153,-0.0020722467946290273,0.8749314741621614,0.9839959698496815,0.011848341232227487,0.009983243506858907,1.1868228220705206,0.0018650977253685808,0.010650887573964497,0.010015233396601368,1.0634687332977018,0.0006356541773631288,False
head_tail,18,prize5_5,24,prize7_2,de,2533,844,845,0.007106198183971575,0.010060730211937442,0.7063302597598531,-0.0029545320279658668,0.9440555622455415,0.9839959698496815,0.005924170616113744,0.009966272644935626,0.594421889423637,-0.004042102028821882,0.010650887573964497,0.010016571615922135,1.063326653306613,0.0006343159580423623,False
head_tail,0,special,14,prize5_1,de,2533,844,845,0.011843663639952625,0.010069956335139818,1.1761385298785587,0.0017737073048128063,0.21339479324679622,0.9445822294163744,0.01066350710900474,0.01002790366981491,1.0633834807471343,0.0006356034391898305,0.010650887573964497,0.010017017689029056,1.063279301745636,0.0006338698849354413,False
tail_tail,26,prize7_4,1,prize1,de,2533,844,845,0.0094749309119621,0.009989748586654652,0.9484654022844681,-0.0005148176746925508,0.6407574915044023,0.9770536338286936,0.009478672985781991,0.009945282368346306,0.9530823394165828,-0.00046660938256431507,0.010650887573964497,0.010017909835242898,1.0631846112743788,0.0006329777387215994,False
tail_tail,11,prize4_2,9,prize3_6,de,2533,844,845,0.011054086063955783,0.010026355462586655,1.1025029089786518,0.0010277306013691274,0.33742022621981793,0.9469642663909963,0.009478672985781991,0.00999976776715263,0.9478893116815835,-0.0005210947813706381,0.010650887573964497,0.010019248054563662,1.0630426071857888,0.0006316395194008347,False
tail_tail,23,prize7_1,20,prize6_1,de,2533,844,845,0.013028030003947888,0.009990195011970893,1.3040816508923865,0.003037834991976995,0.07526547966979598,0.8435413945880753,0.005924170616113744,0.01000468038507779,0.5921399173280718,-0.004080509768964046,0.010650887573964497,0.010019248054563664,1.0630426071857886,0.0006316395194008329,False
tail_tail,19,prize5_6,26,prize7_4,de,2533,844,845,0.010659297275957363,0.009933945422124155,1.0730174993933184,0.0007253518538332081,0.3943612788995093,0.9494918937002462,0.013033175355450236,0.009903301815167664,1.3160434366939047,0.003129873540282572,0.010650887573964497,0.010019694127670583,1.0629952809188852,0.0006311934462939137,False
head_tail,17,prize5_4,6,prize3_3,de,2533,844,845,0.008290564547966837,0.010038408946125245,0.8258843201608096,-0.0017478443981584074,0.8370025569094024,0.9839959698496815,0.013033175355450236,0.009824699928365098,1.3265723584922815,0.0032084754270851387,0.010650887573964497,0.010021032346991348,1.062853327398175,0.000629855226973149,False
tail_tail,15,prize5_2,22,prize6_3,de,2533,844,845,0.007106198183971575,0.00996683208708746,0.7129846396407157,-0.0028606339031158855,0.9393794092536897,0.9839959698496815,0.0071090047393364926,0.009971631864490347,0.7129229032864859,-0.0028626271251538547,0.010650887573964497,0.010022816639419035,1.0626641150028928,0.0006280709345454615,False
head_tail,12,prize4_3,18,prize5_5,de,2533,844,845,0.011843663639952625,0.010015641254996802,1.18251675937812,0.0018280223849558228,0.20488937300214588,0.9445822294163744,0.009478672985781991,0.01002388425514887,0.9456087824351299,-0.0005452112693668781,0.010650887573964497,0.010025939151167484,1.0623331553657236,0.0006249484227970128,False
head_tail,10,prize4_1,2,prize2_1,de,2533,844,845,0.011054086063955783,0.010015046021241808,1.1037479049532255,0.0010390400427139745,0.3352493155517531,0.9469642663909963,0.008293838862559242,0.010051573556181592,0.8251284056374074,-0.0017577346936223492,0.010650887573964497,0.010025939151167484,1.0623331553657236,0.0006249484227970128,False
tail_tail,0,special,1,prize1,de,2533,844,845,0.008290564547966837,0.009946445330978984,0.8335203454188024,-0.0016558807830121466,0.8264046754653996,0.9839959698496815,0.01066350710900474,0.00999976776715263,1.0663754756417814,0.0006637393418521109,0.010650887573964497,0.01002772344359517,1.062144128113879,0.0006231641303693271,False
tail_tail,16,prize5_3,7,prize3_4,de,2533,844,845,0.009080142123963679,0.009994361648255838,0.9085264715779318,-0.0009142195242921591,0.713116808167425,0.982710387641021,0.0071090047393364926,0.01007301043440047,0.7057477787433275,-0.002964005695063978,0.010650887573964497,0.010029061662915933,1.0620024018147047,0.0006218259110485642,False
head_tail,22,prize6_3,24,prize7_2,de,2533,844,845,0.009080142123963679,0.010011028193395612,0.9070139398822142,-0.000930886069431933,0.7158236222069371,0.982710387641021,0.011848341232227487,0.01001405901929855,1.1831707012505128,0.001834282212928938,0.010650887573964497,0.010029507736022856,1.0619551681195518,0.0006213798379416414,False
head_tail,19,prize5_6,0,special,de,2533,844,845,0.007106198183971575,0.010047932686205114,0.7072298756268273,-0.002941734502233539,0.9434372734907415,0.9839959698496815,0.008293838862559242,0.010000660970411749,0.8293290700582331,-0.0017068221078525066,0.010650887573964497,0.010030845955343624,1.0618134922399607,0.0006200416186208733,False
head_tail,13,prize4_4,19,prize5_6,de,2533,844,845,0.011054086063955783,0.009966534470209964,1.1091203363613016,0.001087551593745819,0.32596894267659593,0.9469642663909963,0.008293838862559242,0.010021651247001072,0.8275920462749221,-0.0017278123844418295,0.010650887573964497,0.010033076320878227,1.0615774497599149,0.00061781125308627,False
tail_tail,19,prize5_6,21,prize6_2,de,2533,844,845,0.008685353335965259,0.009982456973156001,0.8700616851463717,-0.001297103637190742,0.7753901840109796,0.982710387641021,0.0071090047393364926,0.009925631896645666,0.7162269176775492,-0.002816627157309174,0.010650887573964497,0.010033076320878227,1.0615774497599149,0.00061781125308627,False
tail_tail,11,prize4_2,10,prize4_1,de,2533,844,845,0.012238452427951046,0.009987814076950928,1.2253384307777575,0.002250638351000119,0.14932069392669678,0.9321775641699296,0.009478672985781991,0.009949301783012345,0.9526973040425897,-0.0004706287972303536,0.010650887573964497,0.010038875271268208,1.060964230171073,0.0006120123026962885,False
head_tail,23,prize7_1,12,prize4_3,de,2533,844,845,0.007895775759968417,0.00995195124321266,0.7933897149419238,-0.0020561754832442436,0.8734340433722227,0.9839959698496815,0.015402843601895734,0.009972525067749467,1.544527940241292,0.005430318534146267,0.010650887573964497,0.01003887527126821,1.0609642301710729,0.0006120123026962868,False
head_tail,14,prize5_1,24,prize7_2,de,2533,844,845,0.00986971969996052,0.009940344184990318,0.9928951670369283,-7.062448502979761e-05,0.5540857944530568,0.9681595906586115,0.009478672985781991,0.009930991116200383,0.9544538782558645,-0.00045231813041839153,0.010650887573964497,0.010041105636802815,1.0607285650821858,0.0006097819371616818,False
tail_tail,1,prize1,11,prize4_2,de,2533,844,845,0.008685353335965259,0.010016087680313045,0.8671403059935878,-0.0013307343443477865,0.7800768823369545,0.982710387641021,0.009478672985781991,0.01000959300300295,0.9469588806396346,-0.000530920017220958,0.010650887573964497,0.010041105636802815,1.0607285650821858,0.0006097819371616818,False
head_tail,21,prize6_2,5,prize3_2,de,2533,844,845,0.011448874851954205,0.010030075673555357,1.1414544839516576,0.0014187991783988479,0.26862259344510886,0.9469642663909963,0.009478672985781991,0.01004219492196083,0.94388458493805,-0.0005635219361788384,0.010650887573964497,0.010041551709909736,1.0606814446270714,0.0006093358640547608,False
tail_tail,7,prize3_4,13,prize4_4,de,2533,844,845,0.010659297275957363,0.010016236488751792,1.0642018374793494,0.0006430607872055707,0.4108816901561084,0.9494918937002462,0.008293838862559242,0.010052020157811151,0.8250917459725075,-0.001758181295251909,0.010650887573964497,0.010043782075444345,1.0604459051341268,0.0006071054985201524,False
tail_tail,7,prize3_4,8,prize3_5,de,2533,844,845,0.011448874851954205,0.009984837908175967,1.1466260100806873,0.001464036943778238,0.26067551663193816,0.9469642663909963,0.004739336492890996,0.010024777458407992,0.47276226455441306,-0.005285440965516997,0.010650887573964497,0.010044674221658185,1.0603517186251001,0.0006062133523063121,False
head_tail,22,prize6_3,26,prize7_4,de,2533,844,845,0.007106198183971575,0.010017426956261778,0.7093835787372098,-0.0029112287722902024,0.9419414017641792,0.9839959698496815,0.005924170616113744,0.010053806564329392,0.5892465284872822,-0.004129635948215649,0.010650887573964497,0.01004556636787203,1.0602575488454706,0.0006053212060924667,False
head_tail,11,prize4_2,6,prize3_3,de,2533,844,845,0.010264508487958943,0.010009391300569385,1.0254877823964226,0.0002551171873895579,0.48835734296417654,0.9622180214446507,0.008293838862559242,0.009956894010714866,0.832974505265802,-0.0016630551481556233,0.010650887573964497,0.010047796733406639,1.0600221975582684,0.0006030908405578583,False
head_tail,12,prize4_3,8,prize3_5,de,2533,844,845,0.015001973943939992,0.009928885935206723,1.5109423193940283,0.005073088008733269,0.006656064788338597,0.5672038784673793,0.005924170616113744,0.010023884255148868,0.5910054890219562,-0.004099713639035124,0.010650887573964497,0.01004824280651356,1.059975139838409,0.0006026447674509373,False
tail_tail,13,prize4_4,16,prize5_3,de,2533,844,845,0.007106198183971575,0.009987814076950926,0.7114868307741818,-0.0028816158929793508,0.9404540407108147,0.9839959698496815,0.01066350710900474,0.010061845393661471,1.0597963586006092,0.0006016617153432689,0.010650887573964497,0.010049581025834324,1.0598339917439743,0.0006013065481301726,False
tail_tail,7,prize3_4,10,prize4_1,de,2533,844,845,0.007895775759968417,0.010017575764700526,0.7881922678130561,-0.002121800004732109,0.8794479979835796,0.9839959698496815,0.005924170616113744,0.009958680417233107,0.5948750605413744,-0.004034509801119363,0.010650887573964497,0.010050027098941247,1.0597869507323567,0.0006008604750232498,False
head_tail,25,prize7_3,10,prize4_1,de,2533,844,845,0.010659297275957363,0.009988706927583415,1.0671348507104699,0.0006705903483739482,0.40535113247926335,0.9494918937002462,0.0071090047393364926,0.009983690108488466,0.7120618390681197,-0.002874685369151974,0.010650887573964497,0.010051811391368933,1.0595988284370284,0.0005990761825955641,False
tail_tail,0,special,19,prize5_6,de,2533,844,845,0.008685353335965259,0.009979034379064795,0.8703600975848351,-0.0012936810430995357,0.7749082435134798,0.982710387641021,0.009478672985781991,0.01001048620626207,0.9468743865660189,-0.0005318132204800794,0.010650887573964497,0.010052257464475852,1.059551808298203,0.0005986301094886449,False
head_tail,8,prize3_5,9,prize3_6,de,2533,844,845,0.013028030003947888,0.010011474618711857,1.3013097970201077,0.003016555385236031,0.0770230463602661,0.8435413945880753,0.0071090047393364926,0.010052466759440711,0.7071900767699745,-0.0029434620201042186,0.010650887573964497,0.010052257464475852,1.059551808298203,0.0005986301094886449,False
head_tail,19,prize5_6,15,prize5_2,de,2533,844,845,0.007895775759968417,0.010088706198422066,0.7826351173952675,-0.0021929304384536493,0.8856996597493565,0.9839959698496815,0.016587677725118485,0.009969398856342546,1.6638593724801551,0.006618278868775938,0.010650887573964497,0.010054933903117383,1.059269775076527,0.0005959536708471137,False
head_tail,22,prize6_3,11,prize4_2,de,2533,844,845,0.007895775759968417,0.009963409492996256,0.7924772905819765,-0.002067633733027839,0.8745047954424696,0.9839959698496815,0.008293838862559242,0.009907767831463262,0.8371046842883417,-0.00161392896890402,0.010650887573964497,0.010056272122438144,1.0591288147622429,0.0005946154515263525,False
head_tail,22,prize6_3,16,prize5_3,de,2533,844,845,0.010264508487958943,0.010028587589167876,1.0235248380385977,0.00023592089879106645,0.4922359922640613,0.9622180214446507,0.02014218009478673,0.010052913361070273,2.003616202720593,0.010089266733716457,0.010650887573964497,0.01005716426865199,1.059034862059789,0.000593723305312507,False
tail_tail,10,prize4_1,0,special,de,2533,844,845,0.008685353335965259,0.010063557572273655,0.8630499973383648,-0.0013782042363083957,0.7865727176797473,0.982710387641021,0.0035545023696682463,0.01002388425514887,0.35460329341317365,-0.006469381885480623,0.010650887573964497,0.010059840707293518,1.0587531039375666,0.0005910468666709794,False
head_tail,3,prize2_2,17,prize5_4,de,2533,844,845,0.008685353335965259,0.00996459996050624,0.8716208749361585,-0.001279246624540981,0.7728710079010814,0.982710387641021,0.01066350710900474,0.010068097816475313,1.0591382109493521,0.0005954092925294276,0.010650887573964497,0.010061178926614282,1.0586122810906673,0.0005897086473502147,False
head_tail,15,prize5_2,17,prize5_4,de,2533,844,845,0.00986971969996052,0.009995403307327073,0.9874258593173103,-0.00012568360736655258,0.5649299061763564,0.9681595906586115,0.014218009478672985,0.009981457100340665,1.424442276888384,0.00423655237833232,0.010650887573964497,0.010062071072828128,1.0585184200026596,0.0005888165011363692,False
tail_tail,25,prize7_3,23,prize7_1,de,2533,844,845,0.006316620607974733,0.010024272144444185,0.6301325938637483,-0.0037076515364694515,0.975761141426342,0.9919115105331707,0.015402843601895734,0.01000780659648471,1.53908286030488,0.005395037005411024,0.010650887573964497,0.010066977877004262,1.058002481389578,0.0005839096969602348,False
head_tail,8,prize3_5,14,prize5_1,de,2533,844,845,0.010264508487958943,0.01003573039422778,1.022796357090536,0.00022877809373116238,0.49367751410969385,0.9622180214446507,0.0071090047393364926,0.010061845393661471,0.7065309057337393,-0.0029528406543249787,0.010650887573964497,0.010068316096325025,1.057861858136547,0.0005825714776394719,False
tail_tail,4,prize3_1,20,prize6_1,de,2533,844,845,0.013422818791946308,0.009999569943612016,1.34233960736693,0.003423248848334292,0.051342161644961797,0.8352524262899428,0.008293838862559242,0.00999262214107967,0.8299962457764984,-0.0016987832785204278,0.010650887573964497,0.010068316096325027,1.0578618581365469,0.0005825714776394701,False
tail_tail,15,prize5_2,1,prize1,de,2533,844,845,0.008290564547966837,0.009986921226318439,0.8301421789649037,-0.0016963566783516019,0.8311353388695485,0.9839959698496815,0.01066350710900474,0.01004621433662687,1.0614453118053953,0.0006172927723778702,0.010650887573964497,0.01006920824253887,1.057768130066894,0.0005816793314256264,False
head_tail,6,prize3_3,6,prize3_3,de,2533,844,845,0.012633241215949467,0.010071593227966046,1.2543438689392685,0.002561647987983421,0.11666104879345252,0.9047436656428391,0.0071090047393364926,0.010043534726849511,0.707819003237167,-0.0029345299875130184,0.010650887573964497,0.010070992534966556,1.0575807237454045,0.0005798950389979407,False
tail_tail,21,prize6_2,6,prize3_3,de,2533,844,845,0.0094749309119621,0.010023528102250445,0.9452690525040605,-0.0005485971902883437,0.6468961911642002,0.9770536338286936,0.009478672985781991,0.010062291995291033,0.9419993963818418,-0.0005836190095090416,0.010650887573964497,0.010071884681180397,1.0574870454847427,0.0005790028927841005,False
tail_tail,15,prize5_2,5,prize3_2,de,2533,844,845,0.013422818791946308,0.009983647440665981,1.3444804488259163,0.0034391713512803273,0.05036544080010351,0.8352524262899428,0.01066350710900474,0.009993961945968348,1.0669949682274398,0.0006695451630363922,0.010650887573964497,0.010072330754287321,1.0574402125775022,0.000578556819677176,False
tail_tail,15,prize5_2,21,prize6_2,de,2533,844,845,0.007895775759968417,0.010035283968911537,0.7868014282833315,-0.00213950820894312,0.8810323536467303,0.9839959698496815,0.0071090047393364926,0.010084622076769034,0.7049351661588606,-0.002975617337432541,0.010650887573964497,0.010072330754287321,1.0574402125775022,0.000578556819677176,False
head_tail,18,prize5_5,16,prize5_3,de,2533,844,845,0.013422818791946308,0.009955225028865115,1.3483189735065684,0.0034675937630811934,0.04865343200727867,0.8352524262899428,0.005924170616113744,0.010094893914248913,0.5868482290588308,-0.00417072329813517,0.010650887573964497,0.010077237558463455,1.056925324244168,0.0005736500155010416,False
head_tail,9,prize3_6,1,prize1,de,2533,844,845,0.011054086063955783,0.009984391482859723,1.1071366825842528,0.0010696945810960597,0.32937803727921533,0.9469642663909963,0.011848341232227487,0.01005961238551367,1.1778128995595967,0.001788728846713817,0.010650887573964497,0.010078575777784222,1.056784987164734,0.0005723117961802752,False
head_tail,1,prize1,23,prize7_1,de,2533,844,845,0.00986971969996052,0.010059837361304955,0.9811013185883383,-0.00019011766134443414,0.577483853380971,0.9681595906586115,0.011848341232227487,0.010069437621363994,1.1766636507176182,0.0017789036108634936,0.010650887573964497,0.010078575777784222,1.056784987164734,0.0005723117961802752,False
head_tail,7,prize3_4,22,prize6_3,de,2533,844,845,0.010264508487958943,0.010002843729264474,1.026159036947557,0.00026166475869446836,0.4870328637054659,0.9622180214446507,0.005924170616113744,0.009983690108488466,0.5933848658900998,-0.004059519492374723,0.010650887573964497,0.010079021850891143,1.0567382164195618,0.0005718657230733542,False
tail_tail,17,prize5_4,15,prize5_2,de,2533,844,845,0.011843663639952625,0.010015938871874299,1.182481621689081,0.001827724768078326,0.2049343773305714,0.9445822294163744,0.008293838862559242,0.009953321197678387,0.8332735071881113,-0.0016594823351191446,0.010650887573964497,0.010080806143318828,1.0565511748307448,0.0005700814306456685,False
tail_tail,5,prize3_2,18,prize5_5,de,2533,844,845,0.011448874851954205,0.009999867560489513,1.144902648230049,0.0014490072914646913,0.26330604875770675,0.9469642663909963,0.005924170616113744,0.01007301043440047,0.5881231489527728,-0.004148839818286727,0.010650887573964497,0.010080806143318828,1.0565511748307448,0.0005700814306456685,False
head_tail,18,prize5_5,7,prize3_4,de,2533,844,845,0.010264508487958943,0.010016682914068037,1.0247412817214014,0.0002478255738909054,0.48983138467364884,0.9622180214446507,0.0071090047393364926,0.009926078498275223,0.7161946926544828,-0.0028170737589387302,0.010650887573964497,0.010081698289532674,1.0564576788637667,0.000569189284431823,False
tail_tail,21,prize6_2,13,prize4_4,de,2533,844,845,0.012633241215949467,0.009919064578249355,1.2736323184800904,0.002714176637700112,0.10056332657164463,0.8951928852261679,0.009478672985781991,0.009951088189530584,0.952526277051226,-0.000472415203748593,0.010650887573964497,0.01009329619031263,1.05524373536041,0.0005575913836518669,False
tail_tail,23,prize7_1,11,prize4_2,de,2533,844,845,0.007500986971969996,0.009998974709857026,0.750175611963044,-0.0024979877378870302,0.9136589728192194,0.9839959698496815,0.004739336492890996,0.009993961945968348,0.47421998587886216,-0.005254625453077352,0.010650887573964497,0.010094634409633393,1.0551038444542644,0.0005562531643311039,False
head_tail,8,prize3_5,13,prize4_4,de,2533,844,845,0.011054086063955783,0.010045402942746398,1.10041241022967,0.0010086831212093843,0.341084092590197,0.9469642663909963,0.008293838862559242,0.010023884255148871,0.8274076846307385,-0.0017300453925896287,0.010650887573964497,0.010102663725557981,1.0542652772871777,0.0005482238484065156,False
tail_tail,9,prize3_6,20,prize6_1,de,2533,844,845,0.012238452427951046,0.01001430197904807,1.2220974016517923,0.0022241504489029767,0.15277699815853946,0.9321775641699296,0.009478672985781991,0.009898835798872064,0.95755432036382,-0.00042016281309007267,0.010650887573964497,0.010104001944878746,1.054125645666858,0.0005468856290857509,False
head_tail,5,prize3_2,9,prize3_6,de,2533,844,845,0.008685353335965259,0.010061771871008677,0.8632031661332593,-0.0013764185350434183,0.7863310523543232,0.982710387641021,0.011848341232227487,0.010068097816475313,1.1768202343881689,0.0017802434157521748,0.010650887573964497,0.010108908749054882,1.0536139793486894,0.0005419788249096148,False
tail_tail,13,prize4_4,14,prize5_1,de,2533,844,845,0.012633241215949467,0.009992278330113367,1.264300372606428,0.002640962885836099,0.10810688619064274,0.8951928852261679,0.009478672985781991,0.00999440854759791,0.9483975905767958,-0.0005157355618159182,0.010650887573964497,0.010112031260803334,1.0532886320525827,0.0005388563131611627,False
head_tail,19,prize5_6,5,prize3_2,de,2533,844,845,0.0094749309119621,0.009973230849953623,0.9500362575088855,-0.0004982999379915219,0.6377366786418726,0.9770536338286936,0.01066350710900474,0.009980563897081548,1.0684273172303316,0.0006829432119231926,0.010650887573964497,0.010113369480124097,1.0531492589978828,0.0005375180938403997,False
tail_tail,2,prize2_1,6,prize3_3,de,2533,844,845,0.009080142123963679,0.01005358740687754,0.9031743353374599,-0.0009734452829138606,0.7226576747036684,0.982710387641021,0.011848341232227487,0.01003638910077655,1.1805382506852728,0.0018119521314509373,0.010650887573964497,0.010128535965759428,1.051572271646261,0.0005223516082050687,False
tail_tail,18,prize5_5,18,prize5_5,de,2533,844,845,0.00986971969996052,0.009776803710806276,1.0095037183830893,9.291598915424533e-05,0.521312019184107,0.9681595906586115,0.013033175355450236,0.009794331017555016,1.3306856111040182,0.00323884433789522,0.009467455621301775,0.009780152869253742,0.9680273660205245,-0.0003126972479519669,False
tail_tail,16,prize5_3,16,prize5_3,de,2533,844,845,0.011843663639952625,0.009750762234025377,1.2146397743782582,0.002092901405927248,0.16578835184935853,0.9445822294163744,0.001184834123222749,0.00986534067665506,0.12010067995183299,-0.008680506553432311,0.009467455621301775,0.009791304696926779,0.9669248291571755,-0.00032384907562500384,False
tail_tail,21,prize6_2,21,prize6_2,de,2533,844,845,0.012238452427951046,0.009834094959724253,1.2444919922040505,0.0024043574682267935,0.1301414815647554,0.9321775641699296,0.004739336492890996,0.009769321326299655,0.48512443542340966,-0.005029984833408659,0.009467455621301775,0.00985107849325426,0.961057779387792,-0.0003836228719524843,False
tail_tail,6,prize3_3,4,prize3_1,de,2533,844,845,0.007500986971969996,0.010009540109008133,0.7493837769049396,-0.002508553137038137,0.9143867640677041,0.9839959698496815,0.004739336492890996,0.010018525035594148,0.47305730894048015,-0.005279188542703152,0.009467455621301775,0.009858215662965002,0.9603619909502263,-0.0003907600416632271,False
tail_tail,20,prize6_1,14,prize5_1,de,2533,844,845,0.010659297275957363,0.010022932868495451,1.0634908380422423,0.0006363644074619118,0.4122269842610912,0.9494918937002462,0.014218009478672985,0.01003058327959227,1.417465872358614,0.004187426199080715,0.009467455621301775,0.009863568540248063,0.9598408104196815,-0.00039611291894628767,False
tail_tail,5,prize3_2,21,prize6_2,de,2533,844,845,0.009080142123963679,0.010015194829680557,0.9066365935342765,-0.0009350527057168777,0.7164960089085023,0.982710387641021,0.009478672985781991,0.010057379377365873,0.9424595245073224,-0.0005787063915838817,0.009467455621301775,0.009870705709958806,0.9591467823571944,-0.00040325008865703046,False
head_tail,14,prize5_1,25,prize7_3,de,2533,844,845,0.011448874851954205,0.009974570125902353,1.1478063422726679,0.0014743047260518515,0.2588828360349296,0.9469642663909963,0.01066350710900474,0.01001897163722371,1.064331499790495,0.0006445354717810308,0.009467455621301775,0.009885872195594135,0.9576753000631713,-0.0004184165742923598,False
head_tail,24,prize7_2,18,prize5_5,de,2533,844,845,0.009080142123963679,0.010028141163851631,0.9054661253368473,-0.000947999039887952,0.7185842519088957,0.982710387641021,0.0071090047393364926,0.010010932807891629,0.7101241088874811,-0.002901928068555136,0.009467455621301775,0.009888548634235664,0.9574160952724649,-0.0004210930129338892,False
tail_tail,14,prize5_1,9,prize3_6,de,2533,844,845,0.013028030003947888,0.01000224849550948,1.3025101315765986,0.0030257815084384077,0.07625855637818514,0.8435413945880753,0.01066350710900474,0.010090874499582873,1.0567475702373998,0.0005726326094218671,0.009467455621301775,0.009892563292197959,0.9570275510664201,-0.0004251076708961833,False
head_tail,1,prize1,22,prize6_3,de,2533,844,845,0.00986971969996052,0.010064450422906143,0.9806516287762295,-0.00019473072294562237,0.5783768703101512,0.9681595906586115,0.005924170616113744,0.010095340515878475,0.5868222678369195,-0.004171169899764731,0.009467455621301775,0.0098934554384118,0.9569412507326751,-0.0004259998171100253,False
tail_tail,26,prize7_4,3,prize2_2,de,2533,844,845,0.0094749309119621,0.009990641437287139,0.948380639164939,-0.0005157105253250378,0.6409206557569471,0.9770536338286936,0.005924170616113744,0.009898389197242502,0.5984984524314423,-0.003974218581128759,0.009467455621301775,0.009895239730839486,0.9567686967497634,-0.000427784109537711,False
tail_tail,24,prize7_2,15,prize5_2,de,2533,844,845,0.007895775759968417,0.00998677241787969,0.7906233795647847,-0.0020909966579112736,0.8766583958370964,0.9839959698496815,0.015402843601895734,0.010033262889369631,1.5351779148750544,0.005369580712526103,0.009467455621301775,0.009897024023267172,0.9565962049849012,-0.0004295684019653967,False
head_tail,9,prize3_6,10,prize4_1,de,2533,844,845,0.007500986971969996,0.010027843546974138,0.7480159554576805,-0.0025268565750041416,0.9156317839736047,0.9839959698496815,0.009478672985781991,0.010076583247436955,0.940663392841314,-0.0005979102616549634,0.009467455621301775,0.009905945485405604,0.9557346782546043,-0.00043848986410382866,False
tail_tail,3,prize2_2,19,prize5_6,de,2533,844,845,0.011843663639952625,0.010013855553731826,1.1827276293733726,0.0018298080862207983,0.20461244523196337,0.9445822294163744,0.011848341232227487,0.009964932840046948,1.1890036212398263,0.0018834083921805394,0.009467455621301775,0.009906837631619444,0.9556486109234997,-0.0004393820103176689,False
head_tail,7,prize3_4,16,prize5_3,de,2533,844,845,0.011448874851954205,0.01003945060519648,1.140388583218707,0.0014094242467577248,0.27028055428782444,0.9469642663909963,0.011848341232227487,0.00997743768567463,1.1875134283463435,0.001870903546552857,0.009467455621301775,0.009906837631619448,0.9556486109234994,-0.0004393820103176724,False
head_tail,2,prize2_1,15,prize5_2,de,2533,844,845,0.012238452427951046,0.009976207018728582,1.2267640802737447,0.0022622454092224645,0.14782001771851078,0.9321775641699296,0.009478672985781991,0.00999038913293187,0.9487791576142836,-0.000511716147149878,0.009467455621301775,0.009909067997154053,0.9554335103988477,-0.00044161237585227733,False
head_tail,14,prize5_1,5,prize3_2,de,2533,844,845,0.007106198183971575,0.009983647440665985,0.7117837670254848,-0.0028774492566944095,0.9402417142334553,0.9839959698496815,0.004739336492890996,0.009963146433528707,0.4756867245212652,-0.005223809940637711,0.009467455621301775,0.009909514070260975,0.9553905019131218,-0.00044205844895920006,False
tail_tail,23,prize7_1,25,prize7_3,de,2533,844,845,0.00986971969996052,0.009996147349520814,0.9873523623512459,-0.00012642764956029284,0.5650758009353448,0.9681595906586115,0.009478672985781991,0.009960466823751346,0.9516293918252418,-0.0004817938379693548,0.009467455621301775,0.009911744435795584,0.9551755175517551,-0.0004442888144938085,False
head_tail,2,prize2_1,11,prize4_2,de,2533,844,845,0.01421239636794315,0.01000314134614197,1.4207933164340034,0.004209255021801181,0.021215521684883314,0.7544446491843871,0.0071090047393364926,0.010019418238853271,0.709522705796352,-0.0029104134995167784,0.009467455621301775,0.009916205166864797,0.9547458389563653,-0.00044874954556302186,False
tail_tail,15,prize5_2,14,prize5_1,de,2533,844,845,0.010264508487958943,0.010027992355412884,1.0235855916282577,0.00023651613254605831,0.4921157918047184,0.9622180214446507,0.008293838862559242,0.010096233719137593,0.8214784931967375,-0.0018023948565783505,0.009467455621301775,0.00991709731307864,0.9546599496221663,-0.0004496416917768656,False
tail_tail,11,prize4_2,14,prize5_1,de,2533,844,845,0.011448874851954205,0.010057754043162481,1.1383132658466075,0.0013911208087917237,0.27352732939265,0.9469642663909963,0.004739336492890996,0.010082835670250794,0.4700400411041423,-0.0053434991773597985,0.009467455621301775,0.009925126629003227,0.9538876404494382,-0.0004576710077014521,False
tail_tail,19,prize5_6,13,prize4_4,de,2533,844,845,0.010264508487958943,0.010017724573139273,1.0246347274790701,0.0002467839148196701,0.49004191653655893,0.9622180214446507,0.009478672985781991,0.009956000807455746,0.9520562692887391,-0.0004773278216737547,0.009467455621301775,0.009927356994537836,0.9536733318355425,-0.0004599013732360605,False
head_tail,13,prize4_4,22,prize6_3,de,2533,844,845,0.008290564547966837,0.010046891027133879,0.8251870678776461,-0.0017563264791670419,0.8379539248869599,0.9839959698496815,0.0035545023696682463,0.009976544482415507,0.35628592404247317,-0.0064220421127472605,0.009467455621301775,0.009927803067644757,0.9536304816678648,-0.0004603474463429815,False
tail_tail,3,prize2_2,20,prize6_1,de,2533,844,845,0.012238452427951046,0.009991831904797122,1.2248457084306343,0.002246620523153924,0.1498431257386615,0.9321775641699296,0.008293838862559242,0.01002388425514887,0.8274076846307387,-0.001730045392589627,0.009467455621301775,0.009927803067644759,0.9536304816678647,-0.00046034744634298325,False
tail_tail,16,prize5_3,9,prize3_6,de,2533,844,845,0.011054086063955783,0.009943320353765278,1.1117097378613459,0.001110765710190505,0.32154880471462666,0.9469642663909963,0.004739336492890996,0.010155185134239516,0.46669129417559424,-0.00541584864134852,0.009467455621301775,0.00992824914075168,0.953587635350676,-0.00046079351944990424,False
tail_tail,8,prize3_5,2,prize2_1,de,2533,844,845,0.007106198183971575,0.009968617788352436,0.712856921074316,-0.002862419604380861,0.9394710867186515,0.9839959698496815,0.014218009478672985,0.010065418206697952,1.4125602321433326,0.004152591271975033,0.009467455621301775,0.009928695213858599,0.9535447928834577,-0.0004612395925568235,False
head_tail,17,prize5_4,8,prize3_5,de,2533,844,845,0.012238452427951046,0.010053289790000043,1.2173579677494797,0.0021851626379510037,0.15794230402276177,0.9321775641699296,0.009478672985781991,0.009930097912941267,0.9545397305125298,-0.0004514249271592753,0.009467455621301775,0.009928695213858599,0.9535447928834577,-0.0004612395925568235,False
head_tail,16,prize5_3,24,prize7_2,de,2533,844,845,0.009080142123963679,0.010034539926717795,0.9048887333426266,-0.0009543978027541158,0.7196118740470823,0.982710387641021,0.0071090047393364926,0.009890796969539983,0.7187494355843733,-0.0027817922302034908,0.009467455621301775,0.009930479506286284,0.9533734615039081,-0.0004630238849845092,False
tail_tail,2,prize2_1,21,prize6_2,de,2533,844,845,0.011448874851954205,0.010074718205179752,1.136396534254224,0.001374156646774453,0.2765479488575084,0.9469642663909963,0.0071090047393364926,0.01002209784863063,0.709333000606039,-0.0029130931092941374,0.009467455621301775,0.00993226379871397,0.9532021916823858,-0.0004648081774121949,False
tail_tail,16,prize5_3,18,prize5_5,de,2533,844,845,0.011448874851954205,0.009967576129281201,1.1486117290161921,0.0014812987226730037,0.25766315908802817,0.9469642663909963,0.01066350710900474,0.010081495865362113,1.057730643489355,0.0005820112436426272,0.009467455621301775,0.009933155944927816,0.9531165798455181,-0.00046570032362604034,False
head_tail,10,prize4_1,18,prize5_5,de,2533,844,845,0.010264508487958943,0.010001206836438245,1.0263269879152372,0.0002633016515206973,0.4867016548731263,0.9622180214446507,0.008293838862559242,0.010051126954552033,0.8251650685601044,-0.001757288091992791,0.009467455621301775,0.009934048091141656,0.9530309833857208,-0.0004665924698398806,False
head_tail,6,prize3_3,13,prize4_4,de,2533,844,845,0.008685353335965259,0.009994659265133335,0.8689994431590451,-0.001309305929168076,0.7770986743714778,0.982710387641021,0.0071090047393364926,0.01000869979974383,0.7102825423456547,-0.002899695060407337,0.009467455621301775,0.009934048091141658,0.9530309833857207,-0.0004665924698398823,False
tail_tail,8,prize3_5,26,prize7_4,de,2533,844,845,0.010264508487958943,0.010025909037270412,1.023798286000956,0.0002385994506885307,0.4916951229387779,0.9622180214446507,0.011848341232227487,0.010050233751292912,1.1789120059723246,0.0017981074809345753,0.009467455621301775,0.009934494164248579,0.9529881909209286,-0.0004670385429468033,False
tail_tail,3,prize2_2,0,special,de,2533,844,845,0.011843663639952625,0.010036325627982772,1.1800796505576427,0.0018073380119698525,0.20810944552917293,0.9445822294163744,0.005924170616113744,0.010116777394097356,0.5855788246927531,-0.004192606777983612,0.009467455621301775,0.009934494164248579,0.9529881909209286,-0.0004670385429468033,False
head_tail,21,prize6_2,19,prize5_6,de,2533,844,845,0.011054086063955783,0.010015343638119305,1.1037151058784374,0.0010387424258364777,0.3353065373923628,0.9469642663909963,0.01066350710900474,0.009985923116636267,1.0678539164035459,0.0006775839923684728,0.009467455621301775,0.009935386310462419,0.9529026175189694,-0.00046793068916064356,False
head_tail,17,prize5_4,25,prize7_3,de,2533,844,845,0.011054086063955783,0.01002382571912794,1.102781150999249,0.0010302603448278432,0.3369343177990876,0.9469642663909963,0.013033175355450236,0.009943942563457627,1.3106647863539596,0.0030892327919926094,0.009467455621301775,0.009935832383569342,0.952859836580767,-0.0004683767622675663,False
tail_tail,18,prize5_5,19,prize5_6,de,2533,844,845,0.011054086063955783,0.009948826265998953,1.111094491792882,0.0011052597979568299,0.32259741378475004,0.9469642663909963,0.009478672985781991,0.009960020222121784,0.9516720623447438,-0.00048134723633979325,0.009467455621301775,0.00993761667599703,0.9526887512344016,-0.00047016105469525546,False
head_tail,16,prize5_3,7,prize3_4,de,2533,844,845,0.0094749309119621,0.010019659082842997,0.9456340613610644,-0.0005447281708808958,0.6461950735392875,0.9770536338286936,0.009478672985781991,0.009900622205390303,0.9573815452347444,-0.000421949219608312,0.009467455621301775,0.00994073918774548,0.9523894996634508,-0.00047328356644370413,False
tail_tail,5,prize3_2,26,prize7_4,de,2533,844,845,0.012238452427951046,0.010034391118279048,1.2196507275520676,0.0022040613096719983,0.15542668482243333,0.9321775641699296,0.011848341232227487,0.010094893914248913,1.1736964581176617,0.001753447317978574,0.009467455621301775,0.009941631333959321,0.9523040337416432,-0.0004741757126575461,False
tail_tail,15,prize5_2,9,prize3_6,de,2533,844,845,0.00986971969996052,0.009987516460073429,0.9882056004028811,-0.00011779676011290825,0.5633830329407856,0.9681595906586115,0.0071090047393364926,0.010018525035594148,0.7095859634107201,-0.002909520296257655,0.009467455621301775,0.009941631333959321,0.9523040337416432,-0.0004741757126575461,False
head_tail,2,prize2_1,25,prize7_3,de,2533,844,845,0.010659297275957363,0.009995849732643317,1.0663723006106658,0.0006634475433140458,0.4067851832575076,0.9494918937002462,0.009478672985781991,0.009995748352486589,0.9482704697566773,-0.0005170753667045978,0.009467455621301775,0.009942077407066244,0.9522613065326633,-0.00047462178576446884,False
tail_tail,18,prize5_5,5,prize3_2,de,2533,844,845,0.011843663639952625,0.010056414767213752,1.1777222712179414,0.0017872488727388725,0.2112594342136126,0.9445822294163744,0.009478672985781991,0.010025670661667109,0.9454402907950539,-0.0005469976758851174,0.009467455621301775,0.009942077407066244,0.9522613065326633,-0.00047462178576446884,False
tail_tail,14,prize5_1,4,prize3_1,de,2533,844,845,0.006316620607974733,0.009990641437287139,0.6322537594432925,-0.0036740208293124053,0.9749692094227311,0.9919115105331707,0.004739336492890996,0.009963593035158267,0.47566540264816365,-0.005224256542267271,0.009467455621301775,0.009942969553280088,0.9521758636159712,-0.00047551393197831256,False
tail_tail,24,prize7_2,21,prize6_2,de,2533,844,845,0.0094749309119621,0.01004093868958396,0.9436299936569664,-0.0005660077776218596,0.6500359439658012,0.9770536338286936,0.009478672985781991,0.009995301750857027,0.9483128395767803,-0.0005166287650750362,0.009467455621301775,0.00994386169949393,0.9520904360308631,-0.00047640607819215454,False
tail_tail,26,prize7_4,17,prize5_4,de,2533,844,845,0.010659297275957363,0.010009540109008135,1.064913788233335,0.0006497571669492278,0.4095354925880653,0.9494918937002462,0.011848341232227487,0.009877845522282743,1.1994863865303056,0.0019704957099447445,0.009467455621301775,0.009945645991921617,0.9519196268388948,-0.000478190370619842,False
head_tail,4,prize3_1,11,prize4_2,de,2533,844,845,0.00986971969996052,0.009972933233076126,0.9896506343015224,-0.00010321353311560505,0.5605169090738756,0.9681595906586115,0.014218009478672985,0.009939029945532465,1.4305228534967738,0.00427897953314052,0.009467455621301775,0.009946984211242378,0.9517915601596486,-0.0004795285899406032,False
head_tail,26,prize7_4,23,prize7_1,de,2533,844,845,0.008290564547966837,0.009984391482859723,0.8303525119381896,-0.001693826934892886,0.8308414220637665,0.9839959698496815,0.014218009478672985,0.009985923116636267,1.4238052218713941,0.004232086362036718,0.009467455621301775,0.009949660649883908,0.9515355301501907,-0.00048220502858213263,False
tail_tail,3,prize2_2,1,prize1,de,2533,844,845,0.008685353335965259,0.010002397303948229,0.8683271691814226,-0.0013170439679829702,0.7781769978017371,0.982710387641021,0.011848341232227487,0.009913573652647542,1.1951634846696522,0.0019347675795799452,0.009467455621301775,0.00995010672299083,0.9514928718730387,-0.00048265110168905535,False
head_tail,4,prize3_1,2,prize2_1,de,2533,844,845,0.011054086063955783,0.009976058210289835,1.1080615039469208,0.0010780278536659475,0.32778589102596256,0.9469642663909963,0.0035545023696682463,0.01002790366981491,0.3544611602490447,-0.006473401300146663,0.009467455621301775,0.009950552796097753,0.9514502174205406,-0.0004830971747959781,False
tail_tail,20,prize6_1,4,prize3_1,de,2533,844,845,0.010264508487958943,0.009936326357144122,1.033028517685398,0.00032818213081482056,0.47353985823518635,0.9622180214446507,0.0035545023696682463,0.010071224027882231,0.35293648118913745,-0.006516721658213985,0.009467455621301775,0.009952783161632362,0.95123700250986,-0.0004853275403305865,False
head_tail,10,prize4_1,20,prize6_1,de,2533,844,845,0.00473746545598105,0.010009837725885628,0.47328094477794336,-0.005272372269904578,0.9971604429619808,0.9972173875150933,0.013033175355450236,0.009951981392789706,1.3096060815480304,0.0030811939626605306,0.009467455621301775,0.009954121380953125,0.9511091194263948,-0.0004866657596513495,False
head_tail,13,prize4_4,5,prize3_2,de,2533,844,845,0.009080142123963679,0.010027099504780396,0.9055601891289443,-0.0009469573808167167,0.7184158326148493,0.982710387641021,0.008293838862559242,0.009963146433528705,0.8324517679122142,-0.0016693075709694628,0.009467455621301775,0.009954567454060046,0.9510664993726474,-0.00048711183275827047,False
head_tail,13,prize4_4,8,prize3_5,de,2533,844,845,0.010264508487958943,0.00992159432170807,1.034562405509827,0.00034291416625087216,0.47054321623017953,0.9622180214446507,0.0071090047393364926,0.010045767734997312,0.7076616667703989,-0.0029367629956608193,0.009467455621301775,0.009954567454060047,0.9510664993726473,-0.0004871118327582722,False
head_tail,16,prize5_3,11,prize4_2,de,2533,844,845,0.007895775759968417,0.01000745679086566,0.7889892432186479,-0.0021116810308972438,0.878538988405585,0.9839959698496815,0.009478672985781991,0.009934563929236865,0.954110623606416,-0.0004558909434548737,0.009467455621301775,0.009955013527166967,0.9510238831384147,-0.00048755790586519146,False
head_tail,26,prize7_4,13,prize4_4,de,2533,844,845,0.012633241215949467,0.010040641072706464,1.258210618671599,0.002592600143243003,0.11327693693296342,0.8951928852261679,0.01066350710900474,0.010020758043741949,1.0641417607786863,0.0006427490652627914,0.009467455621301775,0.009955459600273888,0.9509812707231832,-0.00048800397897211245,False
head_tail,12,prize4_3,5,prize3_2,de,2533,844,845,0.00986971969996052,0.009975909401851089,0.9893553862998331,-0.00010618970189056783,0.5611026805258204,0.9681595906586115,0.01066350710900474,0.009995748352486589,1.066804278476262,0.0006677587565181511,0.009467455621301775,0.00995590567338081,0.9509386621264394,-0.0004884500520790352,False
head_tail,4,prize3_1,0,special,de,2533,844,845,0.007106198183971575,0.010039748222073977,0.7078064137452643,-0.0029335500381024015,0.9430399127727043,0.9839959698496815,0.009478672985781991,0.009951088189530586,0.9525262770512257,-0.0004724152037485947,0.009467455621301775,0.00995902818512926,0.9506405088237929,-0.0004915725638274856,False
tail_tail,12,prize4_3,4,prize3_1,de,2533,844,845,0.006711409395973154,0.010018170998455518,0.6699236214881777,-0.0033067616024823636,0.9617316332916589,0.9888452758037601,0.009478672985781991,0.009995748352486589,0.9482704697566773,-0.0005170753667045978,0.009467455621301775,0.009959474258236184,0.950597930756483,-0.0004920186369344083,False
tail_tail,22,prize6_3,21,prize6_2,de,2533,844,845,0.0094749309119621,0.009991087862603384,0.9483382632862977,-0.000516156950641283,0.64100262812659,0.9770536338286936,0.005924170616113744,0.009938136742273347,0.5961047598504456,-0.0040139661261596035,0.009467455621301775,0.009960812477556947,0.9504702194357367,-0.0004933568562551713,False
head_tail,25,prize7_3,8,prize3_5,de,2533,844,845,0.011054086063955783,0.009979183187503543,1.107714514931271,0.0010749028764522398,0.328382588465573,0.9469642663909963,0.009478672985781991,0.009939029945532465,0.9536819023311826,-0.00046035695975047385,0.009467455621301775,0.009960812477556948,0.9504702194357365,-0.000493356856255173,False
head_tail,8,prize3_5,4,prize3_1,de,2533,844,845,0.00986971969996052,0.010038111329247748,0.9832247697037799,-0.00016839162928722687,0.5732679895182489,0.9681595906586115,0.01066350710900474,0.010025670661667112,1.0636203271444353,0.000637836447337628,0.009467455621301775,0.009961258550663868,0.950427656620841,-0.0004938029293620923,False
head_tail,9,prize3_6,11,prize4_2,de,2533,844,845,0.008290564547966837,0.010011325810273109,0.8281185434460124,-0.0017207612623062717,0.8339371507842108,0.9839959698496815,0.017772511848341232,0.010070777426252673,1.7647606630657477,0.0077017344220885586,0.009467455621301775,0.00996170462377079,0.9503850976177682,-0.000494249002469015,False
head_tail,12,prize4_3,21,prize6_2,de,2533,844,845,0.007895775759968417,0.009986325992563447,0.7906587233230913,-0.00209055023259503,0.8766168589963756,0.9839959698496815,0.016587677725118485,0.010061398792031913,1.6486452895848869,0.0065262789330865715,0.009467455621301775,0.009962596769984634,0.9502999910450434,-0.0004951411486828587,False
head_tail,17,prize5_4,22,prize6_3,de,2533,844,845,0.008685353335965259,0.010062218296324922,0.8631648688378641,-0.0013768649603596635,0.7863913520817992,0.982710387641021,0.009478672985781991,0.009887670758133063,0.9586355793638606,-0.0004089977723510715,0.009467455621301775,0.009963488916198474,0.9502148997134672,-0.000496033294896699,False
tail_tail,23,prize7_1,17,prize5_4,de,2533,844,845,0.008685353335965259,0.009973974892147363,0.8708016041631855,-0.001288621556182104,0.7741968220529218,0.982710387641021,0.011848341232227487,0.009926078498275225,1.1936578210908042,0.0019222627339522628,0.009467455621301775,0.00996482713551924,0.9500872912843009,-0.0004973715142174654,False
head_tail,15,prize5_2,18,prize5_5,de,2533,844,845,0.007500986971969996,0.01006980752670107,0.7448987433057089,-0.002568820554731074,0.9184311995197738,0.9839959698496815,0.01066350710900474,0.010073903637659594,1.0585278053624627,0.0005896034713451462,0.009467455621301775,0.009966165354840004,0.949959717124698,-0.0004987097335382284,False
head_tail,2,prize2_1,9,prize3_6,de,2533,844,845,0.012633241215949467,0.010003736579896961,1.262852246763138,0.0026295046360525053,0.1093182476169407,0.8951928852261679,0.005924170616113744,0.01001584542581679,0.591479836624039,-0.004091674809703047,0.009467455621301775,0.009966165354840005,0.9499597171246978,-0.0004987097335382301,False
tail_tail,26,prize7_4,16,prize5_3,de,2533,844,845,0.013422818791946308,0.010011623427150606,1.3407234990026546,0.003411195364795703,0.05209183014471331,0.8352524262899428,0.011848341232227487,0.009943942563457627,1.1915134421399634,0.0019043986687698605,0.009467455621301775,0.009967057501053846,0.9498746867167922,-0.0004996018797520704,False
head_tail,18,prize5_5,17,prize5_4,de,2533,844,845,0.011843663639952625,0.009905076585007043,1.1957165134775385,0.0019385870549455814,0.18807160873373785,0.9445822294163744,0.011848341232227487,0.009966719246565187,1.1887905075996557,0.0018816219856623,0.009467455621301775,0.009967057501053849,0.9498746867167919,-0.0004996018797520738,False
head_tail,15,prize5_2,20,prize6_1,de,2533,844,845,0.011054086063955783,0.010018468615333013,1.1033708332466883,0.00103561744862277,0.33590528787253426,0.9469642663909963,0.0071090047393364926,0.01001316581603943,0.7099657460929136,-0.002904161076702937,0.009467455621301775,0.009967503574160768,0.9498321772208549,-0.0005000479528589931,False
tail_tail,4,prize3_1,22,prize6_3,de,2533,844,845,0.010264508487958943,0.010009540109008133,1.025472536817286,0.0002549683789508095,0.4883874421204811,0.9622180214446507,0.014218009478672985,0.009953321197678387,1.4284688694653336,0.004264688280994598,0.009467455621301775,0.009968841793481535,0.9497046715589761,-0.0005013861721797595,False
tail_tail,16,prize5_3,14,prize5_1,de,2533,844,845,0.012238452427951046,0.009959540473588808,1.2288169780930724,0.0022789119543622383,0.1456804777833583,0.9321775641699296,0.013033175355450236,0.010083282271880352,1.2925528616605693,0.002949893083569884,0.009467455621301775,0.009969287866588454,0.9496621772786256,-0.0005018322452866788,False
head_tail,19,prize5_6,18,prize5_5,de,2533,844,845,0.008685353335965259,0.010041831540216449,0.8649172515174506,-0.0013564782042511901,0.7836172703019417,0.982710387641021,0.008293838862559242,0.010023437653519311,0.8274445503880804,-0.0017295987909600689,0.009467455621301775,0.009969287866588454,0.9496621772786256,-0.0005018322452866788,False
tail_tail,4,prize3_1,7,prize3_4,de,2533,844,845,0.011054086063955783,0.00999421283981709,1.1060486944920906,0.001059873224138693,0.33125614764251443,0.9469642663909963,0.0071090047393364926,0.009964486238417386,0.7134341469536299,-0.002855481499080894,0.009467455621301775,0.0099701800128023,0.9495772001252739,-0.0005027243915005242,False
head_tail,4,prize3_1,10,prize4_1,de,2533,844,845,0.00473746545598105,0.01002769473853539,0.4724381405205189,-0.005290229282554339,0.9972173875150933,0.9972173875150933,0.014218009478672985,0.009886330953244381,1.4381482418416394,0.004331678525428604,0.009467455621301775,0.00997062608590922,0.9495347172512526,-0.0005031704646074452,False
head_tail,26,prize7_4,10,prize4_1,de,2533,844,845,0.008685353335965259,0.009993468797623351,0.869102962329838,-0.0013081154616580923,0.7769327050786465,0.982710387641021,0.013033175355450236,0.010018525035594148,1.3009075995863202,0.0030146503198560885,0.009467455621301775,0.009971518232123062,0.9494497629059676,-0.0005040626108212872,False
head_tail,1,prize1,0,special,de,2533,844,845,0.010659297275957363,0.010031861374820332,1.0625443153263536,0.0006274359011370304,0.4140213845047327,0.9494918937002462,0.011848341232227487,0.01001718523070547,1.1828014516402285,0.0018311560015220173,0.009467455621301775,0.009972856451443825,0.9493223598872838,-0.0005054008301420502,False
tail_tail,7,prize3_4,16,prize5_3,de,2533,844,845,0.011448874851954205,0.00997278442463738,1.1480118655397986,0.0014760904273168254,0.25857202928027717,0.9469642663909963,0.013033175355450236,0.009935010530866425,1.311843134434365,0.0030981648245838114,0.009467455621301775,0.009973748597657671,0.9492374435350418,-0.0005062929763558956,False
tail_tail,8,prize3_5,3,prize2_2,de,2533,844,845,0.008290564547966837,0.009958052389201328,0.8325487980920103,-0.0016674878412344905,0.8277711043356546,0.9839959698496815,0.0035545023696682463,0.00999887456389351,0.3554902451225612,-0.006444372194225263,0.009467455621301775,0.009974640743871511,0.9491525423728816,-0.0005071851225697359,False
head_tail,2,prize2_1,6,prize3_3,de,2533,844,845,0.011843663639952625,0.01004763506932762,1.178751373654855,0.0017960285706250054,0.2098809640939155,0.9445822294163744,0.013033175355450236,0.009943049360198505,1.3107825258940522,0.003090125995251731,0.009467455621301775,0.009975086816978434,0.9491100974868081,-0.0005076311956766586,False
tail_tail,23,prize7_1,16,prize5_3,de,2533,844,845,0.00986971969996052,0.010046146984940139,0.9824383133907861,-0.00017642728497961786,0.5748289338084797,0.9681595906586115,0.01066350710900474,0.01000378718181867,1.0659470173840837,0.0006597199271860706,0.009467455621301775,0.009977763255619965,0.9488555078683832,-0.0005103076343181898,False
head_tail,23,prize7_1,3,prize2_2,de,2533,844,845,0.009080142123963679,0.009999123518295773,0.9080938051569621,-0.000918981394332094,0.7138924278041152,0.982710387641021,0.009478672985781991,0.00998458331174759,0.9493308523581191,-0.0005059103259655983,0.009467455621301775,0.009978209328726883,0.948813089543565,-0.0005107537074251073,False
tail_tail,8,prize3_5,5,prize3_2,de,2533,844,845,0.010659297275957363,0.009988706927583415,1.0671348507104699,0.0006705903483739482,0.4053510687355355,0.9494918937002462,0.009478672985781991,0.010045767734997312,0.9435488890271987,-0.0005670947492153206,0.009467455621301775,0.009978655401833805,0.9487706750111758,-0.00051119978053203,False
tail_tail,26,prize7_4,24,prize7_2,de,2533,844,845,0.008685353335965259,0.010035432777350285,0.8654687374886192,-0.0013500794413850263,0.782741558608373,0.982710387641021,0.011848341232227487,0.01000378718181867,1.184385574871204,0.0018445540504088177,0.009467455621301775,0.00997999362115457,0.9486434541635007,-0.0005125379998527947,False
tail_tail,3,prize2_2,2,prize2_1,de,2533,844,845,0.013028030003947888,0.010022932868495453,1.2998221353849626,0.0030050971354524357,0.077980987351317,0.8435413945880753,0.014218009478672985,0.009923845490127425,1.4327116935483868,0.00429416398854556,0.009467455621301775,0.009979993621154572,0.9486434541635006,-0.0005125379998527965,False
tail_tail,14,prize5_1,20,prize6_1,de,2533,844,845,0.011054086063955783,0.010062664721641168,1.09852473174252,0.0009914213423146152,0.34441157797170663,0.9469642663909963,0.008293838862559242,0.009937243539014224,0.8346216765239903,-0.0016434046764549817,0.009467455621301775,0.009981777913582257,0.9484738794297716,-0.0005143222922804822,False
tail_tail,3,prize2_2,9,prize3_6,de,2533,844,845,0.00986971969996052,0.010012516277783092,0.9857381926919385,-0.00014279657782257163,0.5682784502427274,0.9681595906586115,0.002369668246445498,0.009947961978123667,0.23820640364896653,-0.007578293731678169,0.009467455621301775,0.00998311613290302,0.9483467381590707,-0.0005156605116012451,False
head_tail,9,prize3_6,9,prize3_6,de,2533,844,845,0.012238452427951046,0.00996534400269998,1.2281013505038259,0.0022731084252510664,0.14642408719060668,0.9321775641699296,0.004739336492890996,0.010074796840918714,0.4704150930014008,-0.005335460348027718,0.009467455621301775,0.009984008279116866,0.948261996246984,-0.0005165526578150906,False
head_tail,15,prize5_2,0,special,de,2533,844,845,0.011448874851954205,0.009991087862603382,1.1459087348042765,0.0014577869893508226,0.2617677888328577,0.9469642663909963,0.008293838862559242,0.01004755414151555,0.825458489274507,-0.0017537152789563071,0.009467455621301775,0.009986684717758392,0.9480078613542972,-0.0005192290964566165,False
tail_tail,22,prize6_3,19,prize5_6,de,2533,844,845,0.014607185155941572,0.01002531380351542,1.457030217928889,0.004581871352426152,0.013370192585672073,0.6497913596636627,0.013033175355450236,0.01003102988122183,1.2992858669326115,0.003002145474228406,0.009467455621301775,0.009987576863972236,0.9479231799910676,-0.0005201212426704602,False
head_tail,21,prize6_2,0,special,de,2533,844,845,0.013422818791946308,0.010031563757942837,1.3380584638480046,0.003391255034003471,0.05334749757246954,0.8352524262899428,0.01066350710900474,0.010080602662102993,1.0578243649155141,0.0005829044469017469,0.009467455621301775,0.009987576863972237,0.9479231799910673,-0.000520121242670462,False
tail_tail,19,prize5_6,23,prize7_1,de,2533,844,845,0.010264508487958943,0.010023379293811696,1.0240566766036796,0.00024112919414724654,0.4911843527170191,0.9622180214446507,0.0071090047393364926,0.009949748384641905,0.7144909061529346,-0.002840743645305412,0.009467455621301775,0.009988915083293,0.9477961863082214,-0.000521459461991225,False
tail_tail,23,prize7_1,14,prize5_1,de,2533,844,845,0.011843663639952625,0.009981117697207265,1.186606951170058,0.0018625459427453594,0.1995648454477631,0.9445822294163744,0.011848341232227487,0.009945282368346306,1.1913529242707284,0.001903058863881181,0.009467455621301775,0.009989807229506844,0.9477115427550793,-0.0005223516082050687,False
tail_tail,12,prize4_3,10,prize4_1,de,2533,844,845,0.008290564547966837,0.009994659265133335,0.8294994684699974,-0.0017040947171664978,0.832026178550408,0.9839959698496815,0.011848341232227487,0.01003013667796271,1.1812741553422266,0.0018182045542647768,0.009467455621301775,0.009990699375720686,0.9476269143188821,-0.0005232437544189106,False
tail_tail,12,prize4_3,26,prize7_4,de,2533,844,845,0.010659297275957363,0.010005671089600687,1.065325571918511,0.0006536261863566758,0.40875807951691945,0.9494918937002462,0.0071090047393364926,0.01000691339322559,0.710409340021779,-0.0028979086538890976,0.009467455621301775,0.009990699375720686,0.9476269143188821,-0.0005232437544189106,False
head_tail,0,special,12,prize4_3,de,2533,844,845,0.006711409395973154,0.010048230303082611,0.6679195433960364,-0.003336820907109457,0.962761728301869,0.9888452758037601,0.01066350710900474,0.009954661002567066,1.0712074581198576,0.0007088461064376737,0.009467455621301775,0.009990699375720688,0.9476269143188819,-0.0005232437544189124,False
head_tail,7,prize3_4,10,prize4_1,de,2533,844,845,0.007106198183971575,0.00997635582716733,0.7123040022911149,-0.0028701576431957553,0.9398699736921634,0.9839959698496815,0.011848341232227487,0.01003058327959227,1.181221560298845,0.001817757952635217,0.009467455621301775,0.009992037595041449,0.9475000000000002,-0.0005245819737396736,False
head_tail,10,prize4_1,9,prize3_6,de,2533,844,845,0.0094749309119621,0.009995552115765822,0.9479147126868006,-0.000520621203803721,0.641817202782051,0.9770536338286936,0.005924170616113744,0.010002447376929988,0.5922721103014716,-0.004078276760816245,0.009467455621301775,0.009992037595041449,0.9475000000000002,-0.0005245819737396736,False
tail_tail,21,prize6_2,10,prize4_1,de,2533,844,845,0.011054086063955783,0.010037813712370253,1.10124439252475,0.0010162723515855301,0.33962363707335785,0.9469642663909963,0.0071090047393364926,0.00986578727828462,0.7205714596121463,-0.0027567825389481276,0.009467455621301775,0.009992483668148372,0.947457702781126,-0.0005250280468465963,False
tail_tail,3,prize2_2,6,prize3_3,de,2533,844,845,0.012633241215949467,0.010019063849088005,1.260920322121654,0.002614177366861462,0.11095230982307319,0.8951928852261679,0.004739336492890996,0.009938136742273345,0.47688380788035667,-0.00519880024938235,0.009467455621301775,0.009992483668148372,0.947457702781126,-0.0005250280468465963,False
head_tail,3,prize2_2,18,prize5_5,de,2533,844,845,0.00986971969996052,0.010009242492130638,0.9860606042585329,-0.00013952279217011726,0.5676388429129865,0.9681595906586115,0.002369668246445498,0.010089534694694193,0.23486397719526556,-0.007719866448248696,0.009467455621301775,0.009992483668148373,0.9474577027811258,-0.0005250280468465981,False
head_tail,5,prize3_2,8,prize3_5,de,2533,844,845,0.00986971969996052,0.010026206654147907,0.9843922073835725,-0.00015648695418738617,0.5709501742115475,0.9681595906586115,0.015402843601895734,0.010036835702406112,1.5346314374961063,0.0053660078994896224,0.009467455621301775,0.009993821887469136,0.9473308337796823,-0.0005263662661673611,False
head_tail,14,prize5_1,23,prize7_1,de,2533,844,845,0.010264508487958943,0.009944808438152757,1.0321474316769816,0.0003197000498061861,0.4752641989980812,0.9622180214446507,0.01066350710900474,0.009892583376058223,1.077929465301479,0.0007709237329465175,0.009467455621301775,0.009994267960576057,0.9472885516625754,-0.000526812339274282,False
tail_tail,17,prize5_4,12,prize4_3,de,2533,844,845,0.008290564547966837,0.009973974892147363,0.8312197130648588,-0.0016834103441805259,0.8296323799844133,0.9839959698496815,0.009478672985781991,0.009990835734561427,0.9487367461154721,-0.0005121627487794361,0.009467455621301775,0.00999471403368298,0.9472462733196466,-0.0005272584123812048,False
tail_tail,10,prize4_1,21,prize6_2,de,2533,844,845,0.011054086063955783,0.010003736579896961,1.1049957159177457,0.0010503494840588216,0.33308093044926834,0.9469642663909963,0.008293838862559242,0.009946175571605426,0.8338721554681466,-0.0016523367090461837,0.009467455621301775,0.009995606179896822,0.9471617279543022,-0.0005281505585950468,False
head_tail,20,prize6_1,1,prize1,de,2533,844,845,0.00986971969996052,0.009971296340249899,0.9898130958279361,-0.00010157664028937786,0.5601946564436061,0.9681595906586115,0.005924170616113744,0.009895709587465143,0.5986605168383142,-0.0039715389713514,0.009467455621301775,0.009995606179896822,0.9471617279543022,-0.0005281505585950468,False
tail_tail,26,prize7_4,6,prize3_3,de,2533,844,845,0.008290564547966837,0.010064152806028648,0.8237717280088004,-0.001773588258061811,0.8398774353840528,0.9839959698496815,0.009478672985781991,0.009960020222121786,0.9516720623447436,-0.000481347236339795,0.009467455621301775,0.009995606179896825,0.9471617279543019,-0.0005281505585950502,False
head_tail,7,prize3_4,14,prize5_1,de,2533,844,845,0.013422818791946308,0.010003141346141968,1.3418603544098924,0.003419677445804341,0.05156406753790594,0.8352524262899428,0.009478672985781991,0.010001107572041307,0.9477623270726722,-0.0005224345862593158,0.009467455621301775,0.009997836545431432,0.9469504305536964,-0.0005303809241296569,False
tail_tail,5,prize3_2,3,prize2_2,de,2533,844,845,0.010264508487958943,0.009992427138552114,1.027228754899508,0.00027208134940682853,0.48492450790774805,0.9622180214446507,0.01066350710900474,0.010080156060473435,1.0578712318570895,0.000583351048531305,0.009467455621301775,0.009998728691645274,0.9468659379879545,-0.0005312730703434989,False
head_tail,25,prize7_3,20,prize6_1,de,2533,844,845,0.00986971969996052,0.009960433324221297,0.9908926026300299,-9.071362426077596e-05,0.5580543283785375,0.9681595906586115,0.008293838862559242,0.010075690044177833,0.8231534342753803,-0.001781851181618591,0.009467455621301775,0.009999174764752195,0.9468236973590293,-0.0005317191434504199,False
head_tail,17,prize5_4,3,prize2_2,de,2533,844,845,0.012633241215949467,0.01002605784570916,1.2600407269100387,0.002607183370240306,0.11170311050090459,0.8951928852261679,0.008293838862559242,0.01000780659648471,0.8287369247795509,-0.0017139677339254675,0.009467455621301775,0.009999620837859116,0.9467814604987287,-0.0005321652165573409,False
tail_tail,26,prize7_4,13,prize4_4,de,2533,844,845,0.005527043031977891,0.010005671089600687,0.5523910372910797,-0.0044786280576227955,0.9909821148127934,0.9961063912099644,0.009478672985781991,0.009898835798872064,0.95755432036382,-0.00042016281309007267,0.009467455621301775,0.010000066910966037,0.9467392274065485,-0.0005326112896642619,False
tail_tail,3,prize2_2,11,prize4_2,de,2533,844,845,0.011448874851954205,0.009952992902283896,1.1502946866692783,0.0014958819496703087,0.25513024393800865,0.9469642663909963,0.013033175355450236,0.009943942563457625,1.3106647863539598,0.003089232791992611,0.009467455621301775,0.01000051298407296,0.946696998081984,-0.0005330573627711846,False
head_tail,7,prize3_4,0,special,de,2533,844,845,0.008685353335965259,0.010027843546974134,0.8661237378983673,-0.0013424902110088753,0.7817005771327388,0.982710387641021,0.014218009478672985,0.010079262857214312,1.410619970933324,0.004138746621458673,0.009467455621301775,0.010002743349607567,0.9464859079557617,-0.0005352877283057913,False
head_tail,21,prize6_2,1,prize1,de,2533,844,845,0.00986971969996052,0.010018468615333013,0.9851525296845433,-0.00014874891537249198,0.5694408086609555,0.9681595906586115,0.01066350710900474,0.01003504929588787,1.062626280607749,0.0006284578131168696,0.009467455621301775,0.01000408156892833,0.9463592990591699,-0.0005366259476265543,False
head_tail,9,prize3_6,6,prize3_3,de,2533,844,845,0.0094749309119621,0.010074569396741005,0.9404799886561028,-0.0005996384847789041,0.6560600188739993,0.9770536338286936,0.011848341232227487,0.010058272580624993,1.1779697892708396,0.0017900686516024947,0.009467455621301775,0.010004973715142175,0.9462749119443578,-0.0005375180938403997,False
head_tail,15,prize5_2,12,prize4_3,de,2533,844,845,0.0094749309119621,0.01002233763474046,0.9453813329057202,-0.00054740672277836,0.6466800859024333,0.9770536338286936,0.016587677725118485,0.009936796937384664,1.669318375895514,0.0066508807877338205,0.009467455621301775,0.01000675800756986,0.9461061828556145,-0.0005393023862680854,False
tail_tail,6,prize3_3,20,prize6_1,de,2533,844,845,0.015396762731938412,0.00996534400269998,1.5450307312790066,0.005431418729238432,0.003995956415269968,0.5672038784673793,0.009478672985781991,0.009947515376494107,0.9528683924610977,-0.000468842390712116,0.009467455621301775,0.01000675800756986,0.9461061828556145,-0.0005393023862680854,False
tail_tail,10,prize4_1,16,prize5_3,de,2533,844,845,0.01381760757994473,0.009995403307327073,1.3823962030442345,0.003822204272617657,0.0333135636107242,0.8352524262899428,0.008293838862559242,0.01003192308448095,0.8267446622860909,-0.0017380842219217076,0.009467455621301775,0.01000675800756986,0.9461061828556145,-0.0005393023862680854,False
head_tail,6,prize3_3,20,prize6_1,de,2533,844,845,0.011843663639952625,0.010003885388335708,1.183906370395052,0.0018397782516169168,0.20306855541305052,0.9445822294163744,0.01066350710900474,0.009964039636787825,1.070199186044427,0.0006994674722169154,0.009467455621301775,0.010007204080676783,0.9460640099848443,-0.0005397484593750081,False
tail_tail,15,prize5_2,23,prize7_1,de,2533,844,845,0.0094749309119621,0.009957308347007589,0.9515554386552211,-0.00048237743504548833,0.6348104658049412,0.9770536338286936,0.01066350710900474,0.010003340580189108,1.0659946068539388,0.0006601665288156321,0.009467455621301775,0.010007204080676783,0.9460640099848443,-0.0005397484593750081,False
head_tail,14,prize5_1,2,prize2_1,de,2533,844,845,0.011448874851954205,0.010032903033891568,1.1411328120364987,0.001415971818062637,0.2691236141263621,0.9469642663909963,0.008293838862559242,0.010027903669814913,0.8270760405811042,-0.0017340648072556707,0.009467455621301775,0.010007650153783704,0.9460218408736348,-0.0005401945324819291,False
head_tail,12,prize4_3,16,prize5_3,de,2533,844,845,0.010659297275957363,0.010017575764700524,1.0640595615476258,0.0006417215112568386,0.41115058457409903,0.9494918937002462,0.0071090047393364926,0.009988156124784068,0.7117434539991415,-0.0028791513854475757,0.009467455621301775,0.010008542299997546,0.945937513927887,-0.0005410866786957711,False
tail_tail,14,prize5_1,18,prize5_5,de,2533,844,845,0.00473746545598105,0.010011474618711857,0.4732035625527665,-0.005274009162730807,0.9971657796998808,0.9972173875150933,0.005924170616113744,0.009997088157375267,0.5925896143811873,-0.004072917541261523,0.009467455621301775,0.010008542299997546,0.945937513927887,-0.0005410866786957711,False
tail_tail,24,prize7_2,14,prize5_1,de,2533,844,845,0.01381760757994473,0.009968468979913688,1.3861313716065122,0.0038491386000310424,0.03213647148855324,0.8352524262899428,0.008293838862559242,0.009939476547162025,0.8344341699691766,-0.0016456376846027826,0.009467455621301775,0.01000988051931831,0.9458110516934048,-0.0005424248980165341,False
tail_tail,18,prize5_5,22,prize6_3,de,2533,844,845,0.007500986971969996,0.009990046203532147,0.7508460740970244,-0.0024890592315621506,0.9130414205076685,0.9839959698496815,0.017772511848341232,0.009922505685238746,1.7911314351555956,0.007850006163102486,0.009467455621301775,0.010009880519318311,0.9458110516934046,-0.0005424248980165358,False
head_tail,8,prize3_5,17,prize5_4,de,2533,844,845,0.010659297275957363,0.01000834964149815,1.065040456996042,0.0006509476344592133,0.40929597664244893,0.9494918937002462,0.008293838862559242,0.010068544418104874,0.8237376246407153,-0.0017747055555456318,0.009467455621301775,0.010010326592425232,0.945768905129005,-0.0005428709711234568,False
tail_tail,24,prize7_2,8,prize3_5,de,2533,844,845,0.00986971969996052,0.009952546476967652,0.9916778306739074,-8.282677700713163e-05,0.5564977921059547,0.9681595906586115,0.01066350710900474,0.009957787213973984,1.070871156399125,0.0007057198950307566,0.009467455621301775,0.010011664811745995,0.945642487970059,-0.0005442091904442198,False
head_tail,4,prize3_1,22,prize6_3,de,2533,844,845,0.011054086063955783,0.010016682914068037,1.103567534161509,0.0010374031498877456,0.3355619381507792,0.9469642663909963,0.011848341232227487,0.009957340612344427,1.1899102073036176,0.0018910006198830601,0.009467455621301775,0.01001344910417368,0.945473984319316,-0.0005459934828719055,False
head_tail,4,prize3_1,9,prize3_6,de,2533,844,845,0.007500986971969996,0.009962665450802518,0.7529096514392916,-0.0024616784788325215,0.9111222316149239,0.9839959698496815,0.01066350710900474,0.009875165912505382,1.079830678642173,0.0007883411964993581,0.009467455621301775,0.01001344910417368,0.945473984319316,-0.0005459934828719055,False
head_tail,17,prize5_4,18,prize5_5,de,2533,844,845,0.010264508487958943,0.010025909037270412,1.023798286000956,0.0002385994506885307,0.49169515861216706,0.9622180214446507,0.008293838862559242,0.009983243506858908,0.8307759754493643,-0.001689404644299666,0.009467455621301775,0.010013895177280605,0.9454318677892111,-0.0005464395559788299,False
head_tail,18,prize5_5,0,special,de,2533,844,845,0.011448874851954205,0.010045551751185147,1.139695970468073,0.0014033231007690578,0.2713616688844883,0.9469642663909963,0.011848341232227487,0.009928758108052585,1.1933356723252277,0.001919583124174902,0.009467455621301775,0.010014787323494445,0.9453476459845889,-0.0005473317021926702,False
tail_tail,16,prize5_3,17,prize5_4,de,2533,844,845,0.010264508487958943,0.010024272144444185,1.0239654650285912,0.00024023634351475788,0.49136462536603254,0.9622180214446507,0.005924170616113744,0.01001361241766899,0.5916117350078941,-0.004089441801555246,0.009467455621301775,0.010015233396601368,0.9453055407090684,-0.0005477777752995929,False
head_tail,5,prize3_2,1,prize1,de,2533,844,845,0.006316620607974733,0.010039301796757731,0.629189234057565,-0.003722681188782998,0.9761088082041064,0.9919115105331707,0.009478672985781991,0.009968952254712988,0.950819378365544,-0.000490279268930997,0.009467455621301775,0.010017017689029054,0.945137157107232,-0.0005495620677272786,False
tail_tail,19,prize5_6,6,prize3_3,de,2533,844,845,0.011054086063955783,0.010011325810273109,1.1041580579280166,0.001042760253682674,0.33453447894983457,0.9469642663909963,0.01066350710900474,0.010006913393225588,1.0656140100326688,0.0006565937157791517,0.009467455621301775,0.010018801981456741,0.9449688334817453,-0.000551346360154966,False
head_tail,3,prize2_2,2,prize2_1,de,2533,844,845,0.011054086063955783,0.01002084955035298,1.1031086744103855,0.0010332365136028025,0.3363629807381626,0.9469642663909963,0.004739336492890996,0.010100253133803633,0.4692294767375022,-0.0053609166409126375,0.009467455621301775,0.010019248054563662,0.9449267619429234,-0.000551792433261887,False
head_tail,20,prize6_1,16,prize5_3,de,2533,844,845,0.011843663639952625,0.009994808073572082,1.1849815977226439,0.001848855566380543,0.20166612878072931,0.9445822294163744,0.009478672985781991,0.010004233783448228,0.9474661619227887,-0.0005255607976662365,0.009467455621301775,0.010019694127670585,0.9448846941501201,-0.0005522385063688098,False
tail_tail,17,prize5_4,24,prize7_2,de,2533,844,845,0.007106198183971575,0.009937368016215357,0.715098622932752,-0.0028311698322437823,0.9378419520698525,0.9839959698496815,0.0071090047393364926,0.009955554205826188,0.7140742335746776,-0.0028465494664896953,0.009467455621301775,0.010020586273884427,0.9448005698005698,-0.0005531306525826517,False
head_tail,0,special,5,prize3_2,de,2533,844,845,0.010264508487958943,0.010032754225452821,1.0230997647603255,0.0002317542625061217,0.4930769428098808,0.9622180214446507,0.008293838862559242,0.009905088221685903,0.8373311450574423,-0.001611249359126661,0.009467455621301775,0.010021032346991348,0.9447585132428222,-0.0005535767256895727,False
head_tail,17,prize5_4,19,prize5_6,de,2533,844,845,0.00986971969996052,0.010004778238968198,0.9865005964368475,-0.00013505853900767743,0.5667658401317592,0.9681595906586115,0.009478672985781991,0.009940369750421145,0.9535533610689287,-0.00046169676463915336,0.009467455621301775,0.01002103234699135,0.944758513242822,-0.0005535767256895745,False
head_tail,19,prize5_6,4,prize3_1,de,2533,844,845,0.005132254243979471,0.010028587589167876,0.5117624190192989,-0.004896333345188405,0.9949626640237745,0.9972173875150933,0.009478672985781991,0.009981903701970227,0.9495856971562541,-0.0005032307161882358,0.009467455621301775,0.01002147842009827,0.9447164604290927,-0.0005540227987964955,False
head_tail,7,prize3_4,11,prize4_2,de,2533,844,845,0.0094749309119621,0.01000314134614197,0.9471955442893357,-0.0005282104341798686,0.6431975790238922,0.9770536338286936,0.014218009478672985,0.009966719246565187,1.426548609119587,0.004251290232107798,0.009467455621301775,0.010023262712525956,0.9445482866043613,-0.0005558070912241812,False
tail_tail,2,prize2_1,9,prize3_6,de,2533,844,845,0.011054086063955783,0.00999198071323587,1.1062957767035113,0.0010621053507199121,0.33082814630600144,0.9469642663909963,0.008293838862559242,0.010061398792031913,0.8243226447924434,-0.0017675599294726708,0.009467455621301775,0.010023708785632876,0.9445062525032265,-0.0005562531643311004,False
head_tail,4,prize3_1,7,prize3_4,de,2533,844,845,0.00986971969996052,0.010071295611088549,0.9799851062949546,-0.0002015759111280279,0.5797004956412674,0.9681595906586115,0.004739336492890996,0.009959127018862667,0.47587870743235366,-0.005219790525971671,0.009467455621301775,0.010025047004953642,0.9443801726439441,-0.0005575913836518669,False
tail_tail,14,prize5_1,22,prize6_3,de,2533,844,845,0.011054086063955783,0.00999421283981709,1.1060486944920906,0.001059873224138693,0.3312555201919696,0.9469642663909963,0.005924170616113744,0.010040855117072152,0.5900065828099702,-0.004116684500958408,0.009467455621301775,0.010028615589809014,0.9440441241882395,-0.0005611599685072383,False
tail_tail,10,prize4_1,14,prize5_1,de,2533,844,845,0.0094749309119621,0.010024123336005435,0.9452129223040681,-0.0005491924240433339,0.6470033478546866,0.9770536338286936,0.0071090047393364926,0.010035942499146992,0.7083544709369075,-0.0029269377598104994,0.009467455621301775,0.010029507736022856,0.9439601494396016,-0.0005620521147210802,False
tail_tail,2,prize2_1,1,prize1,de,2533,844,845,0.007106198183971575,0.010006712748671922,0.7101431171704914,-0.002900514564700347,0.9414064483773598,0.9839959698496815,0.01066350710900474,0.009958680417233107,1.070775108974474,0.0007048266917716334,0.009467455621301775,0.010029507736022857,0.9439601494396015,-0.000562052114721082,False
head_tail,15,prize5_2,22,prize6_3,de,2533,844,845,0.009080142123963679,0.009990641437287139,0.9088647791997331,-0.0009104993133234596,0.7125121559757541,0.982710387641021,0.011848341232227487,0.010062738596920594,1.1774469860375112,0.0017856026353068929,0.009467455621301775,0.010029953809129778,0.9439181676673338,-0.000562498187828003,False
tail_tail,12,prize4_3,11,prize4_2,de,2533,844,845,0.009080142123963679,0.009968915405229931,0.9108455388436759,-0.0008887732812662523,0.7089542967814491,0.982710387641021,0.009478672985781991,0.009948408579753227,0.9527828405713824,-0.0004697355939712357,0.009467455621301775,0.010031738101557464,0.9437502779136467,-0.0005642824802556887,False
head_tail,9,prize3_6,26,prize7_4,de,2533,844,845,0.012633241215949467,0.010018468615333013,1.2609952379962153,0.0026147726006164537,0.1108874454519031,0.8951928852261679,0.0071090047393364926,0.010059612385513674,0.7066877397357578,-0.0029506076461771813,0.009467455621301775,0.010031738101557464,0.9437502779136467,-0.0005642824802556887,False
head_tail,18,prize5_5,25,prize7_3,de,2533,844,845,0.012238452427951046,0.01005790285160123,1.2167996259779614,0.002180549576349817,0.15855969541436388,0.9321775641699296,0.013033175355450236,0.010171262792903679,1.2813723940495634,0.0028619125625465574,0.009467455621301775,0.010032184174664387,0.9437083148065807,-0.0005647285533626114,False
head_tail,8,prize3_5,10,prize4_1,de,2533,844,845,0.005527043031977891,0.010009688917446882,0.5521693109107776,-0.00448264588546899,0.9910205014422103,0.9961063912099644,0.008293838862559242,0.009988602726413626,0.8303302363429882,-0.001694763863854384,0.009467455621301775,0.010033076320878229,0.9436243997865909,-0.0005656206995764534,False
tail_tail,3,prize2_2,21,prize6_2,de,2533,844,845,0.005921831819976312,0.010007307982426914,0.5917507316028645,-0.004085476162450602,0.9848403725567151,0.9933949524241739,0.0071090047393364926,0.009905534823315463,0.7176800512177747,-0.0027965300839789707,0.009467455621301775,0.010033968467092072,0.9435404996888058,-0.0005665128457902971,False
head_tail,2,prize2_1,16,prize5_3,de,2533,844,845,0.007500986971969996,0.010012367469344344,0.7491721608237373,-0.002511380497374348,0.914579536762101,0.9839959698496815,0.004739336492890996,0.010000214368782187,0.47392348984896265,-0.005260877875891192,0.009467455621301775,0.010033968467092072,0.9435404996888058,-0.0005665128457902971,False
head_tail,1,prize1,13,prize4_4,de,2533,844,845,0.011054086063955783,0.00996980825586242,1.1087561345481032,0.0010842778080933629,0.32659307965720913,0.9469642663909963,0.008293838862559242,0.010076583247436953,0.8230804687361498,-0.0017827443848777106,0.009467455621301775,0.010034860613305914,0.9434566145092461,-0.0005674049920041391,False
head_tail,4,prize3_1,12,prize4_3,de,2533,844,845,0.008685353335965259,0.00991802291917812,0.8757141828308047,-0.0012326695832128604,0.7662079796147898,0.982710387641021,0.014218009478672985,0.009966719246565187,1.426548609119587,0.004251290232107798,0.009467455621301775,0.010035306686412835,0.9434146775125574,-0.0005678510651110601,False
head_tail,22,prize6_3,18,prize5_5,de,2533,844,845,0.007106198183971575,0.009960582132660043,0.7134320152504796,-0.0028543839486884683,0.9390555558290753,0.9839959698496815,0.011848341232227487,0.010135534662538876,1.1689902532738776,0.0017128065696886113,0.009467455621301775,0.010035306686412835,0.9434146775125574,-0.0005678510651110601,False
head_tail,6,prize3_3,22,prize6_3,de,2533,844,845,0.010659297275957363,0.01002828997229038,1.062922722160064,0.0006310073036669833,0.4133030519489438,0.9494918937002462,0.005924170616113744,0.009983690108488468,0.5933848658900996,-0.0040595194923747245,0.009467455621301775,0.010035306686412835,0.9434146775125574,-0.0005678510651110601,False
head_tail,6,prize3_3,16,prize5_3,de,2533,844,845,0.009080142123963679,0.010062069487886174,0.9024129812356546,-0.000981927363922495,0.7240055463089526,0.982710387641021,0.008293838862559242,0.009976991084045067,0.8312966096384033,-0.0016831522214858247,0.009467455621301775,0.010037537051947444,0.9432050484401386,-0.0005700814306456685,False
tail_tail,2,prize2_1,0,special,de,2533,844,845,0.015001973943939992,0.01004242677397144,1.4938594307526347,0.004959547169968553,0.008106158606951836,0.5672038784673793,0.016587677725118485,0.009977884287304188,1.662444386754872,0.006609793437814296,0.009467455621301775,0.01003932134437513,0.9430374122456234,-0.0005718657230733542,False
head_tail,16,prize5_3,21,prize6_2,de,2533,844,845,0.010659297275957363,0.010023974527566688,1.0633803235077552,0.0006353227483906747,0.41243647547073425,0.9494918937002462,0.0071090047393364926,0.009941262953680266,0.7151007646070494,-0.0028322582143437735,0.009467455621301775,0.010039321344375131,0.9430374122456232,-0.0005718657230733559,False
tail_tail,21,prize6_2,0,special,de,2533,844,845,0.009080142123963679,0.009979927229697282,0.9098405143620576,-0.0008997851057336026,0.7107604632333109,0.982710387641021,0.014218009478672985,0.009952427994419267,1.428597070649052,0.004265581484253718,0.009467455621301775,0.01003976741748205,0.94299551250722,-0.0005723117961802752,False
head_tail,6,prize3_3,0,special,de,2533,844,845,0.012238452427951046,0.010045402942746398,1.2183137398971347,0.002193049485204648,0.15688960424190157,0.9321775641699296,0.008293838862559242,0.009939029945532465,0.8344716645397847,-0.0016451910829732228,0.009467455621301775,0.010040659563695894,0.9429117241992092,-0.0005732039423941189,False
head_tail,18,prize5_5,15,prize5_2,de,2533,844,845,0.010264508487958943,0.010005968706478182,1.0258385558724938,0.00025853978148076065,0.48766513840471826,0.9622180214446507,0.0071090047393364926,0.010038622108924351,0.7081653898513199,-0.0029296173695878584,0.009467455621301775,0.010042889929230503,0.942702318557342,-0.0005754343079287273,False
tail_tail,10,prize4_1,6,prize3_3,de,2533,844,845,0.008685353335965259,0.010029629248239112,0.8659695309764451,-0.0013442759122738526,0.7819438373043222,0.982710387641021,0.01066350710900474,0.009983690108488466,1.0680927586021796,0.0006798170005162738,0.009467455621301775,0.010043336002337422,0.9426604485898291,-0.0005758803810356466,False
head_tail,14,prize5_1,22,prize6_3,de,2533,844,845,0.0094749309119621,0.010023974527566688,0.9452269542291158,-0.0005490436156045872,0.646976316980402,0.9770536338286936,0.008293838862559242,0.010019418238853271,0.827776490095744,-0.0017255793762940286,0.009467455621301775,0.010044228148551266,0.9425767198116979,-0.0005767725272494903,False
tail_tail,10,prize4_1,9,prize3_6,de,2533,844,845,0.0094749309119621,0.010073974162986013,0.9405355581290918,-0.0005990432510239122,0.6559536623281479,0.9770536338286936,0.013033175355450236,0.01005157355618159,1.296630351715926,0.0029816017992686464,0.009467455621301775,0.010044674221658188,0.9425348610000888,-0.000577218600356413,False
tail_tail,11,prize4_2,13,prize4_4,de,2533,844,845,0.013028030003947888,0.010057010000968742,1.2954178232588973,0.002971020002979146,0.0808740245187507,0.8531565871927708,0.013033175355450236,0.009994855149227468,1.3039884181270611,0.0030383202062227686,0.009467455621301775,0.01004556636787203,0.9424511545293073,-0.000578110746570255,False
head_tail,19,prize5_6,13,prize4_4,de,2533,844,845,0.0094749309119621,0.009996891391714554,0.9477877212725293,-0.0005219604797524532,0.6420601581151232,0.9770536338286936,0.0071090047393364926,0.01001807843396459,0.7096175964478998,-0.002909073694628097,0.009467455621301775,0.010046012440978953,0.9424093068691443,-0.0005785568196771777,False
head_tail,22,prize6_3,3,prize2_2,de,2533,844,845,0.009080142123963679,0.009985730758808455,0.9093117312375008,-0.0009055886348447763,0.711709237237444,0.982710387641021,0.009478672985781991,0.01004040851544259,0.9440525224848546,-0.0005617355296605991,0.009467455621301775,0.010047350660299716,0.9422837861836264,-0.0005798950389979407,False
head_tail,5,prize3_2,11,prize4_2,de,2533,844,845,0.00986971969996052,0.010014153170609321,0.9855770659597358,-0.00014443347064880055,0.5685987625292247,0.9681595906586115,0.014218009478672985,0.009902408611908543,1.435813248665031,0.0043156008667644425,0.009467455621301775,0.010047796733406639,0.9422419533851276,-0.0005803411121048634,False
head_tail,0,special,3,prize2_2,de,2533,844,845,0.011448874851954205,0.010007159173988166,1.1440684267033068,0.0014417156779660389,0.2645861810258334,0.9469642663909963,0.005924170616113744,0.010046660938256432,0.5896656264724971,-0.004122490322142688,0.009467455621301775,0.010047796733406639,0.9422419533851276,-0.0005803411121048634,False
tail_tail,10,prize4_1,2,prize2_1,de,2533,844,845,0.010264508487958943,0.009982605781594748,1.0282393908496266,0.0002819027063641951,0.48293486513905187,0.9622180214446507,0.0071090047393364926,0.010039068710553909,0.7081338861505063,-0.0029300639712174165,0.009467455621301775,0.01004824280651356,0.9422001243008079,-0.0005807871852117844,False
tail_tail,6,prize3_3,9,prize3_6,de,2533,844,845,0.014607185155941572,0.010011623427150606,1.459022631267595,0.0045955617287909666,0.013083530622430511,0.6497913596636627,0.009478672985781991,0.010039068710553913,0.9441785148673416,-0.0005603957247719213,0.009467455621301775,0.010050919245155087,0.9419492277649566,-0.0005834636238533121,False
tail_tail,13,prize4_4,7,prize3_4,de,2533,844,845,0.011054086063955783,0.009973974892147363,1.1082929507531452,0.0010801111718084198,0.3273873788874243,0.9469642663909963,0.009478672985781991,0.01004442793010863,0.9436747470076655,-0.0005657549443266394,0.009467455621301775,0.010052257464475852,0.9418238295984026,-0.0005848018431740768,False
tail_tail,15,prize5_2,4,prize3_1,de,2533,844,845,0.007895775759968417,0.00996832017147494,0.7920868936937583,-0.0020725444115065224,0.8749595177592349,0.9839959698496815,0.009478672985781991,0.009993961945968348,0.9484399717577243,-0.0005152889601863567,0.009467455621301775,0.01005716426865199,0.9413643218309234,-0.0005897086473502147,False
head_tail,4,prize3_1,15,prize5_2,de,2533,844,845,0.007500986971969996,0.01001355793685433,0.7490830950668435,-0.0025125709648843335,0.9146614253565093,0.9839959698496815,0.008293838862559242,0.009923845490127425,0.8357484879032258,-0.001630006627568183,0.009467455621301775,0.010057610341758911,0.941322570630239,-0.0005901547204571356,False
head_tail,26,prize7_4,21,prize6_2,de,2533,844,845,0.012238452427951046,0.010021444784107972,1.2212263492544317,0.0022170076438430743,0.15371618598558112,0.9321775641699296,0.009478672985781991,0.009968059051453865,0.950904577998011,-0.0004893860656718738,0.009467455621301775,0.010058502487972753,0.94123907933833,-0.0005910468666709776,False
head_tail,11,prize4_2,23,prize7_1,de,2533,844,845,0.008685353335965259,0.010021295975669224,0.8666896334618287,-0.0013359426397039648,0.7807950071635827,0.982710387641021,0.005924170616113744,0.009989942531302308,0.5930134830656987,-0.004065771915188564,0.009467455621301775,0.010058948561079676,0.9411973392461197,-0.0005914929397779004,False
tail_tail,5,prize3_2,16,prize5_3,de,2533,844,845,0.008685353335965259,0.009997486625469546,0.8687536839347699,-0.001312133289504287,0.7774920046420297,0.982710387641021,0.013033175355450236,0.01000244737692999,1.3029986426632374,0.003030727978520246,0.009467455621301775,0.010059840707293518,0.9411138701667259,-0.0005923850859917423,False
head_tail,14,prize5_1,0,special,de,2533,844,845,0.007895775759968417,0.010048081494643863,0.7857993353434948,-0.0021523057346754457,0.8821630244567275,0.9839959698496815,0.0071090047393364926,0.009857748448952541,0.72115907361096,-0.0027487437096160488,0.009467455621301775,0.010061178926614282,0.9409886943028154,-0.000593723305312507,False
head_tail,6,prize3_3,4,prize3_1,de,2533,844,845,0.008685353335965259,0.010040938689583959,0.8649941608522194,-0.0013555853536186997,0.7834968387881656,0.982710387641021,0.009478672985781991,0.009937243539014224,0.9538533445988461,-0.00045857055323223275,0.009467455621301775,0.010061624999721205,0.9409469764142578,-0.0005941693784194298,False
tail_tail,4,prize3_1,19,prize5_6,de,2533,844,845,0.010659297275957363,0.009940939418745309,1.0722625726757242,0.0007183578572120541,0.3957644428813774,0.9494918937002462,0.005924170616113744,0.009973418271008587,0.5939960056959135,-0.004049247654894843,0.009467455621301775,0.010066085730790417,0.9405300008862894,-0.0005986301094886414,False
tail_tail,21,prize6_2,24,prize7_2,de,2533,844,845,0.008290564547966837,0.010017575764700526,0.8276018812037088,-0.0017270112167336888,0.8346477804684036,0.9839959698496815,0.0071090047393364926,0.009981457100340665,0.712221138444192,-0.002872452361004173,0.009467455621301775,0.01006653180389734,0.9404883236584395,-0.0005990761825955641,False
head_tail,0,special,8,prize3_5,de,2533,844,845,0.011054086063955783,0.010026950696341649,1.102437460671756,0.0010271353676141338,0.3375351313019498,0.9469642663909963,0.005924170616113744,0.009948855181382785,0.5954625439919558,-0.004024684565269041,0.009467455621301775,0.010067870023218108,0.9403633141338057,-0.0006004144019163323,False
head_tail,12,prize4_3,2,prize2_1,de,2533,844,845,0.00986971969996052,0.009921445513269322,0.9947864640047036,-5.1725813308801244e-05,0.5503400992687758,0.9681595906586115,0.0071090047393364926,0.009973418271008585,0.7127952068350962,-0.0028644135316720923,0.009467455621301775,0.010068762169431948,0.9402799929115719,-0.0006013065481301726,False
head_tail,17,prize5_4,0,special,de,2533,844,845,0.012238452427951046,0.010004480622090701,1.2232971295808754,0.002233971805860345,0.15148984477782385,0.9321775641699296,0.013033175355450236,0.009977437685674627,1.3062647711809783,0.0030557376697756093,0.009467455621301775,0.010069654315645793,0.9401966864534418,-0.000602198694344018,False
tail_tail,9,prize3_6,22,prize6_3,de,2533,844,845,0.009080142123963679,0.010050164812786335,0.9034819122977422,-0.0009700226888226561,0.7221115074430836,0.982710387641021,0.011848341232227487,0.010049787149663352,1.178964395541888,0.0017985540825641352,0.009467455621301775,0.010071438608073479,0.9400301178138009,-0.0006039829867717037,False
tail_tail,17,prize5_4,6,prize3_3,de,2533,844,845,0.011448874851954205,0.009995403307327073,1.14541399680808,0.0014534715446271312,0.2625244686409386,0.9469642663909963,0.017772511848341232,0.01001003960463251,1.7754686844711738,0.007762472243708721,0.009467455621301775,0.010073222900501165,0.9398636081835089,-0.0006057672791993894,False
head_tail,23,prize7_1,7,prize3_4,de,2533,844,845,0.013028030003947888,0.009970701106494909,1.306631285483168,0.0030573288974529798,0.07367929102364501,0.8435413945880753,0.01066350710900474,0.01000468038507779,1.0658518511905295,0.0006588267239269509,0.009467455621301775,0.010074561119821928,0.9397387646668143,-0.0006071054985201524,False
tail_tail,17,prize5_4,13,prize4_4,de,2533,844,845,0.012238452427951046,0.010013409128415583,1.2222063705777626,0.0022250432995354636,0.15266028028046857,0.9321775641699296,0.008293838862559242,0.009948408579753227,0.8336849854999596,-0.0016545697171939846,0.009467455621301775,0.010083036508853437,0.9389488586090957,-0.0006155808875516616,False
tail_tail,11,prize4_2,12,prize4_3,de,2533,844,845,0.011054086063955783,0.009988260502267171,1.1067078257967629,0.0010658255616886117,0.33011660137497895,0.9469642663909963,0.009478672985781991,0.010018525035594151,0.94611461788096,-0.00053985204981216,0.009467455621301775,0.010083928655067277,0.9388657878439354,-0.0006164730337655019,False
head_tail,0,special,16,prize5_3,de,2533,844,845,0.013028030003947888,0.01006236710476367,1.2947281557418264,0.0029656628991842175,0.08133660193401587,0.8531565871927708,0.005924170616113744,0.010067651214845753,0.588436219103217,-0.004143480598732009,0.009467455621301775,0.010085712947494963,0.938699690402477,-0.0006182573261931876,False
tail_tail,4,prize3_1,13,prize4_4,de,2533,844,845,0.010659297275957363,0.010020998358791729,1.0636961402758474,0.0006382989171656341,0.4118377656297105,0.9494918937002462,0.011848341232227487,0.00988409794509658,1.1987276226967531,0.001964243287130907,0.009467455621301775,0.010100879433130296,0.9372902314078785,-0.0006334238118285204,False
head_tail,18,prize5_5,12,prize4_3,de,2533,844,845,0.011054086063955783,0.009965046385822485,1.109285961747524,0.0010890396781332978,0.3256854969002593,0.9469642663909963,0.0071090047393364926,0.010077476450696073,0.7054350138268454,-0.00296847171135958,0.009467455621301775,0.01010221765245106,0.9371660705612223,-0.0006347620311492851,False
head_tail,25,prize7_3,22,prize6_3,de,2533,844,845,0.011054086063955783,0.010019063849088005,1.1033052818564473,0.0010350222148677781,0.3360197192427351,0.9469642663909963,0.011848341232227487,0.009937690140643786,1.1922630978168056,0.0019106510915837017,0.009467455621301775,0.010102663725557983,0.9371246909219356,-0.0006352081042562078,False
tail_tail,20,prize6_1,6,prize3_3,de,2533,844,845,0.00986971969996052,0.009987814076950928,0.9881761538530303,-0.00011809437699040679,0.5634411444928471,0.9681595906586115,0.009478672985781991,0.010078369653955194,0.9404966588085152,-0.0005996966681732028,0.009467455621301775,0.010109800895268726,0.9364631133074479,-0.0006423452739669506,False
head_tail,18,prize5_5,13,prize4_4,de,2533,844,845,0.012238452427951046,0.009989897395093398,1.2250828956423556,0.002248555032857648,0.14959123858922546,0.9321775641699296,0.005924170616113744,0.01004398132847907,0.5898229419559089,-0.004119810712365327,0.009467455621301775,0.010109800895268726,0.9364631133074479,-0.0006423452739669506,False
head_tail,22,prize6_3,13,prize4_4,de,2533,844,845,0.009080142123963679,0.009975462976534843,0.910247689287483,-0.0008953208525711645,0.7100290319697794,0.982710387641021,0.013033175355450236,0.009995748352486589,1.3038718959154312,0.0030374270029636472,0.009467455621301775,0.010114707699444862,0.9360088202866593,-0.0006472520781430867,False
head_tail,19,prize5_6,24,prize7_2,de,2533,844,845,0.007895775759968417,0.010036920861737764,0.786673111080141,-0.002141145101769347,0.8811772543767851,0.9839959698496815,0.004739336492890996,0.009955107604196626,0.47607084537118455,-0.005215771111305631,0.009467455621301775,0.01012229094226253,0.9353075973911509,-0.000654835320960754,False
tail_tail,2,prize2_1,13,prize4_4,de,2533,844,845,0.006711409395973154,0.010000611602683254,0.6710998949476673,-0.0032892022067100993,0.9611170226532013,0.9888452758037601,0.008293838862559242,0.009981457100340669,0.8309246615182239,-0.0016876182377814266,0.009467455621301775,0.010138795647218622,0.9337850323375425,-0.0006713400259168462,False
tail_tail,5,prize3_2,1,prize1,de,2533,844,845,0.008685353335965259,0.009999718752050765,0.8685597616617015,-0.001314365416085506,0.7778051242074162,0.982710387641021,0.009478672985781991,0.01000021436878219,0.9478469796979252,-0.0005215413830001979,0.009467455621301775,0.010157084644602403,0.9321036451471235,-0.0006896290233006277,False
tail_tail,22,prize6_3,18,prize5_5,de,2533,844,845,0.008290564547966837,0.009987814076950926,0.8300679692365455,-0.0016972495289840888,0.8312362942030094,0.9839959698496815,0.011848341232227487,0.010060952190402352,1.1776560516339811,0.0017873890418251357,0.008284023668639054,0.009810039767417482,0.8444434339759913,-0.001526016098778428,False
tail_tail,3,prize2_2,26,prize7_4,de,2533,844,845,0.011054086063955783,0.01001430197904807,1.1038299111693606,0.001039784084907713,0.3351056687167497,0.9469642663909963,0.009478672985781991,0.009911787246129303,0.9563031116798387,-0.0004331142603473115,0.008284023668639054,0.009885426122487214,0.8380037001940346,-0.0016014024538481605,False
head_tail,1,prize1,24,prize7_2,de,2533,844,845,0.0094749309119621,0.009965939236454972,0.9507313547832216,-0.0004910083244928712,0.6363986492654355,0.9770536338286936,0.005924170616113744,0.009989942531302308,0.5930134830656987,-0.004065771915188564,0.008284023668639054,0.009885426122487214,0.8380037001940346,-0.0016014024538481605,False
tail_tail,8,prize3_5,24,prize7_2,de,2533,844,845,0.007895775759968417,0.010029182822922868,0.7872800705080079,-0.002133407062954451,0.8804888117271923,0.9839959698496815,0.013033175355450236,0.010073903637659594,1.293756206554121,0.0029592717177906423,0.008284023668639054,0.009892563292197959,0.8373991071831176,-0.001608539623558905,False
head_tail,15,prize5_2,24,prize7_2,de,2533,844,845,0.009080142123963679,0.01002977805667786,0.9053183502817482,-0.000949635932714181,0.7188477851480363,0.982710387641021,0.009478672985781991,0.009939029945532465,0.9536819023311826,-0.00046035695975047385,0.008284023668639054,0.009903269046764075,0.836493851628305,-0.001619245378125021,False
head_tail,24,prize7_2,21,prize6_2,de,2533,844,845,0.011054086063955783,0.010023676910689193,1.1027975225506088,0.0010304091532665899,0.336906133263679,0.9469642663909963,0.0071090047393364926,0.009971185262860786,0.7129548345486143,-0.002862180523524293,0.008284023668639054,0.00990460726608484,0.8363808322824716,-0.0016205835974457856,False
tail_tail,12,prize4_3,7,prize3_4,de,2533,844,845,0.00986971969996052,0.00995790358076258,0.9911443327315984,-8.818388080205838e-05,0.5575556728214731,0.9681595906586115,0.0071090047393364926,0.009979224092192868,0.7123805091117396,-0.0028702193528563754,0.008284023668639054,0.00990460726608484,0.8363808322824716,-0.0016205835974457856,False
head_tail,19,prize5_6,19,prize5_6,de,2533,844,845,0.008685353335965259,0.009983052206910991,0.8700098082180346,-0.001297698870945732,0.775471615181875,0.982710387641021,0.013033175355450236,0.010060505588772794,1.2954791625974393,0.0029726697666774427,0.008284023668639054,0.009910406216474819,0.8358914344871045,-0.0016263825478357655,False
tail_tail,3,prize2_2,14,prize5_1,de,2533,844,845,0.013028030003947888,0.010016682914068037,1.3006331652617786,0.003011347089879851,0.07745825051741706,0.8435413945880753,0.011848341232227487,0.010094447312619355,1.1737483851558212,0.0017538939196081321,0.008284023668639054,0.009912190508902505,0.8357409657531164,-0.0016281668402634512,False
tail_tail,7,prize3_4,25,prize7_3,de,2533,844,845,0.010264508487958943,0.010006117514916929,1.0258232998619905,0.000258390973042014,0.4876952951334875,0.9622180214446507,0.008293838862559242,0.010082835670250792,0.8225700719322492,-0.00178899680769155,0.008284023668639054,0.009914866947544032,0.8355153641966978,-0.0016308432789049788,False
head_tail,24,prize7_2,8,prize3_5,de,2533,844,845,0.013028030003947888,0.010038111329247748,1.2978566960089897,0.0029899186747001406,0.07926280593866003,0.8435413945880753,0.013033175355450236,0.010001107572041309,1.3031731997249238,0.0030320677834089274,0.008284023668639054,0.009920665897934012,0.8350269784172663,-0.0016366422292949587,False
head_tail,14,prize5_1,15,prize5_2,de,2533,844,845,0.011054086063955783,0.009995998541082065,1.1058511081734492,0.0010580875228737175,0.3315981767736452,0.9469642663909963,0.014218009478672985,0.009966272644935626,1.426612534616729,0.004251736833737359,0.008284023668639054,0.009925126629003227,0.8346516853932584,-0.0016411029603641738,False
head_tail,1,prize1,8,prize3_5,de,2533,844,845,0.01421239636794315,0.009977695103116063,1.4244167837424275,0.004234701264827088,0.020441883003632835,0.7544446491843871,0.009478672985781991,0.010067651214845753,0.9414979505651473,-0.0005889782290637614,0.008284023668639054,0.00992557270211015,0.8346141746438361,-0.0016415490334710965,False
tail_tail,23,prize7_1,0,special,de,2533,844,845,0.0094749309119621,0.010062813530079914,0.9415787029779985,-0.0005878826181178135,0.6539608460114493,0.9770536338286936,0.0071090047393364926,0.009958233815603547,0.7138820870220379,-0.0028492290762670543,0.008284023668639054,0.009927356994537836,0.8344641653560997,-0.0016433333258987822,False
head_tail,3,prize2_2,7,prize3_4,de,2533,844,845,0.007500986971969996,0.010007010365549417,0.7495732189698964,-0.0025060233935794212,0.9142138469266605,0.9839959698496815,0.009478672985781991,0.010022097848630632,0.9457773341413852,-0.0005434248628486404,0.008284023668639054,0.009929141286965521,0.834314209982479,-0.001645117618326468,False
head_tail,24,prize7_2,4,prize3_1,de,2533,844,845,0.007895775759968417,0.010032605417014073,0.7870114922070139,-0.0021368296570456555,0.8807926995855372,0.9839959698496815,0.01066350710900474,0.009918039668943144,1.0751627806446384,0.0007454674400615962,0.008284023668639054,0.009929587360072439,0.8342767295597487,-0.0016455636914333854,False
head_tail,15,prize5_2,8,prize3_5,de,2533,844,845,0.013422818791946308,0.010038557754563993,1.3371262207306298,0.0033842610373823155,0.05379334815285038,0.8352524262899428,0.013033175355450236,0.01003415609262875,1.2988810653468519,0.0029990192628214854,0.008284023668639054,0.009930479506286284,0.8342017788159196,-0.0016464558376472309,False
tail_tail,6,prize3_3,17,prize5_4,de,2533,844,845,0.011448874851954205,0.009996742583275806,1.1452605442804704,0.001452132268678399,0.2627570044323485,0.9469642663909963,0.015402843601895734,0.009966272644935627,1.5454969125014562,0.005436570956960107,0.008284023668639054,0.00993181772560705,0.8340893779474512,-0.0016477940569679956,False
tail_tail,12,prize4_3,0,special,de,2533,844,845,0.007106198183971575,0.010059242127549961,0.7064347486486408,-0.0029530439435783862,0.9439846806056251,0.9839959698496815,0.014218009478672985,0.010052466759440711,1.414380153539949,0.004165542719232274,0.008284023668639054,0.009936724529783187,0.8336775004489136,-0.0016527008611441334,False
head_tail,6,prize3_3,24,prize7_2,de,2533,844,845,0.0094749309119621,0.010030819715749095,0.9445819165791396,-0.0005558888037869945,0.6482132821483926,0.9770536338286936,0.011848341232227487,0.009943942563457627,1.1915134421399634,0.0019043986687698605,0.008284023668639054,0.009938062749103952,0.833565240809731,-0.0016540390804648981,False
tail_tail,3,prize2_2,22,prize6_3,de,2533,844,845,0.010264508487958943,0.00997352846683112,1.029175233428724,0.00029098002112782316,0.4810946332116162,0.9622180214446507,0.009478672985781991,0.009904195018426784,0.9570361819559179,-0.0004255220326447925,0.008284023668639054,0.009938954895317795,0.8334904178448004,-0.0016549312266787419,False
head_tail,4,prize3_1,6,prize3_3,de,2533,844,845,0.00986971969996052,0.009973082041514874,0.98963586771631,-0.00010336234155435345,0.5605461305795088,0.9681595906586115,0.013033175355450236,0.01000378718181867,1.3028241323583245,0.0030293881736315666,0.008284023668639054,0.00994073918774548,0.8333408122055195,-0.0016567155191064258,False
head_tail,23,prize7_1,0,special,de,2533,844,845,0.011054086063955783,0.010014599595925567,1.1037971072206552,0.0010394864680302162,0.3351627478892895,0.9469642663909963,0.008293838862559242,0.009948408579753227,0.8336849854999596,-0.0016545697171939846,0.008284023668639054,0.00994430777260085,0.8330417619880681,-0.0016602841039617972,False
tail_tail,1,prize1,20,prize6_1,de,2533,844,845,0.007500986971969996,0.009994808073572082,0.7504883452243412,-0.0024938211016020855,0.9133719076973728,0.9839959698496815,0.005924170616113744,0.010019418238853271,0.59126892149696,-0.004095247622739527,0.008284023668639054,0.009949660649883908,0.8325935888814169,-0.0016656369812448543,False
tail_tail,23,prize7_1,21,prize6_2,de,2533,844,845,0.007500986971969996,0.009984391482859723,0.7512713203250287,-0.002483404510889727,0.912648734789838,0.9839959698496815,0.0071090047393364926,0.009896156189094701,0.718360200010831,-0.002787151449758209,0.008284023668639054,0.00995010672299083,0.8325562628889088,-0.001666083054351777,False
head_tail,16,prize5_3,19,prize5_6,de,2533,844,845,0.010659297275957363,0.010034539926717795,1.0622606869674314,0.0006247573492395679,0.4145601465133114,0.9494918937002462,0.008293838862559242,0.010081942466991674,0.8226429470028527,-0.0017881036044324321,0.008284023668639054,0.009950552796097752,0.8325189402429731,-0.001666529127458698,False
head_tail,4,prize3_1,4,prize3_1,de,2533,844,845,0.007106198183971575,0.009973230849953624,0.7125271931316639,-0.0028670326659820493,0.9397092057902905,0.9839959698496815,0.008293838862559242,0.009943049360198505,0.8341343346598515,-0.001649210497639263,0.008284023668639054,0.009950998869204674,0.8324816209431594,-0.0016669752005656208,False
tail_tail,6,prize3_3,8,prize3_5,de,2533,844,845,0.01421239636794315,0.009963558301435005,1.4264378184946442,0.004248838066508146,0.02002232230278602,0.7544446491843871,0.013033175355450236,0.009933224124348184,1.312079058349594,0.0030999512311020525,0.008284023668639054,0.009951891015418516,0.8324069923800987,-0.0016678673467794627,False
tail_tail,26,prize7_4,15,prize5_2,de,2533,844,845,0.007895775759968417,0.0099898973950934,0.7903760617047455,-0.002094121635124983,0.8769436403502904,0.9839959698496815,0.011848341232227487,0.009993068742709228,1.1856559318549504,0.001855272489518259,0.008284023668639054,0.009953229234739285,0.8322950746201764,-0.001669205566100231,False
head_tail,10,prize4_1,21,prize6_2,de,2533,844,845,0.011448874851954205,0.009951356009457669,1.150483897980668,0.0014975188424965358,0.2548470144863441,0.9469642663909963,0.009478672985781991,0.009968952254712986,0.9508193783655441,-0.0004902792689309952,0.008284023668639054,0.009954567454060047,0.8321831869510664,-0.001670543785420994,False
tail_tail,12,prize4_3,5,prize3_2,de,2533,844,845,0.009080142123963679,0.009985879567247204,0.9092981807777591,-0.0009057374432835247,0.7117336467831495,0.982710387641021,0.013033175355450236,0.010147146304907437,1.2844178021900636,0.002886029050542799,0.008284023668639054,0.00995590567338081,0.8320713293606344,-0.0016718820047417569,False
tail_tail,16,prize5_3,13,prize4_4,de,2533,844,845,0.011843663639952625,0.010020105508159242,1.1819899132108422,0.001823558131793383,0.20558212072168508,0.9445822294163744,0.01066350710900474,0.009974758075897268,1.0690491967691673,0.0006887490331074723,0.008284023668639054,0.00995590567338081,0.8320713293606344,-0.0016718820047417569,False
tail_tail,6,prize3_3,10,prize4_1,de,2533,844,845,0.010659297275957363,0.010037962520809,1.0618984932311033,0.0006213347551483634,0.4152479950356381,0.9494918937002462,0.009478672985781991,0.009989495929672748,0.9488639919884836,-0.0005108229438907565,0.008284023668639054,0.00995590567338081,0.8320713293606344,-0.0016718820047417569,False
tail_tail,3,prize2_2,25,prize7_3,de,2533,844,845,0.015001973943939992,0.010011921044028102,1.4984111318864575,0.00499005289991189,0.007693565047747008,0.5672038784673793,0.013033175355450236,0.010006913393225588,1.3024171233732618,0.0030262619622246478,0.008284023668639054,0.009956797819594652,0.8319967743380674,-0.0016727741509555989,False
tail_tail,19,prize5_6,8,prize3_5,de,2533,844,845,0.00986971969996052,0.010005522281161939,0.9864272371411233,-0.0001358025812014177,0.5669112326355907,0.9681595906586115,0.008293838862559242,0.01002656386492623,0.827186559053575,-0.0017327250023669877,0.008284023668639054,0.009956797819594652,0.8319967743380674,-0.0016727741509555989,False
head_tail,12,prize4_3,25,prize7_3,de,2533,844,845,0.007106198183971575,0.009977397486238566,0.7122296364129901,-0.0028711993022669906,0.9399220272201307,0.9839959698496815,0.013033175355450236,0.010067204613216191,1.2946171113220772,0.002965970742234045,0.008284023668639054,0.009959028185129259,0.8318104452208189,-0.0016750045164902055,False
head_tail,2,prize2_1,19,prize5_6,de,2533,844,845,0.010659297275957363,0.010001206836438245,1.065801102835054,0.0006580904395191173,0.4078619151507232,0.9494918937002462,0.013033175355450236,0.010022097848630632,1.3004438344444045,0.0030110775068196045,0.008284023668639054,0.009960366404450024,0.8316986878050967,-0.0016763427358109702,False
tail_tail,19,prize5_6,17,prize5_4,de,2533,844,845,0.011843663639952625,0.009942873928449033,1.191171056294394,0.001900789711503592,0.19374357353679544,0.9445822294163744,0.0071090047393364926,0.010024330856778431,0.7091749904213706,-0.0029153261174419383,0.008284023668639054,0.009964827135519239,0.8313263798737636,-0.0016808034668801854,False
tail_tail,1,prize1,12,prize4_3,de,2533,844,845,0.006711409395973154,0.009958350006078824,0.6739479323257711,-0.0032469406101056702,0.9596007265055615,0.9888452758037601,0.014218009478672985,0.010067651214845753,1.4122469258477208,0.0041503582638272325,0.008284023668639054,0.009966165354840005,0.8312147524841106,-0.0016821416862009518,False
tail_tail,26,prize7_4,25,prize7_3,de,2533,844,845,0.00986971969996052,0.009978141528432308,0.989134065881623,-0.00010842182847178687,0.5615413101302544,0.9681595906586115,0.015402843601895734,0.010057379377365871,1.5314967273243991,0.005345464224529863,0.008284023668639054,0.009966611427946926,0.8311775500156648,-0.0016825877593078728,False
head_tail,5,prize3_2,21,prize6_2,de,2533,844,845,0.007500986971969996,0.009995998541082065,0.7503989662605548,-0.002495011569112069,0.9134546341008379,0.9839959698496815,0.011848341232227487,0.010089534694694193,1.1743198859763277,0.0017588065375332938,0.008284023668639054,0.009967057501053846,0.8311403508771932,-0.001683033832414792,False
tail_tail,0,special,4,prize3_1,de,2533,844,845,0.007500986971969996,0.010034391118279046,0.747527865273848,-0.0025334041463090503,0.9160754025709391,0.9839959698496815,0.009478672985781991,0.009981457100340665,0.9496281845922562,-0.0005027841145586742,0.008284023668639054,0.009967949647267691,0.8310659625883827,-0.0016839259786286375,False
tail_tail,1,prize1,15,prize5_2,de,2533,844,845,0.010264508487958943,0.010012516277783092,1.0251677203996161,0.0002519922101758502,0.4889892193016234,0.9622180214446507,0.009478672985781991,0.01001763183233503,0.9461989764074399,-0.0005389588465530386,0.008284023668639054,0.009967949647267691,0.8310659625883827,-0.0016839259786286375,False
tail_tail,19,prize5_6,22,prize6_3,de,2533,844,845,0.011843663639952625,0.0099970402001533,1.1847170165196501,0.001846623439799324,0.2020111888851342,0.9445822294163744,0.013033175355450236,0.009964486238417386,1.3079626027483215,0.00306868911703285,0.008284023668639054,0.009968395720374612,0.8310287734371504,-0.0016843720517355585,False
tail_tail,11,prize4_2,18,prize5_5,de,2533,844,845,0.010264508487958943,0.010005224664284442,1.025914842732124,0.0002592838236745009,0.4875145980818379,0.9622180214446507,0.004739336492890996,0.01004532113336775,0.4717954189785177,-0.005305984640476755,0.008284023668639054,0.00997107215901614,0.8308057084060306,-0.0016870484903770862,False
tail_tail,0,special,11,prize4_2,de,2533,844,845,0.010659297275957363,0.01004897434527635,1.0607348481258592,0.0006103229306810131,0.4174609549797874,0.9494918937002462,0.008293838862559242,0.01002433085677843,0.8273708221582659,-0.0017304919942191868,0.008284023668639054,0.009971518232123062,0.8307685425427217,-0.001687494563484009,False
head_tail,13,prize4_4,13,prize4_4,de,2533,844,845,0.012633241215949467,0.009965195194261233,1.2677364536948268,0.002668046021688233,0.105277076475571,0.8951928852261679,0.0035545023696682463,0.010023884255148871,0.3546032934131736,-0.006469381885480624,0.008284023668639054,0.009974194670764594,0.830545617173524,-0.00169017100212554,False
tail_tail,26,prize7_4,4,prize3_1,de,2533,844,845,0.0094749309119621,0.00997486774277985,0.9498803549370747,-0.0004999368308177491,0.6380366897700747,0.9770536338286936,0.008293838862559242,0.009961360027010466,0.8326010544815468,-0.0016675211644512234,0.008284023668639054,0.009974640743871511,0.8305084745762714,-0.0016906170752324576,False
tail_tail,19,prize5_6,5,prize3_2,de,2533,844,845,0.011448874851954205,0.010087218114034586,1.134988331027076,0.0013616567379196188,0.27878245522136974,0.9469642663909963,0.009478672985781991,0.010043981328479073,0.9437167071294542,-0.0005653083426970813,0.008284023668639054,0.00997597896319228,0.8303970667143623,-0.0016919552945532258,False
tail_tail,3,prize2_2,15,prize5_2,de,2533,844,845,0.013028030003947888,0.009994659265133335,1.3034991647385676,0.0030333707388145534,0.07563203242493068,0.8435413945880753,0.008293838862559242,0.009999321165523068,0.8294401915157796,-0.0017054823029638254,0.008284023668639054,0.009978655401833805,0.8301743406347789,-0.0016946317331947517,False
tail_tail,24,prize7_2,19,prize5_6,de,2533,844,845,0.010659297275957363,0.00995939166515006,1.0702759399709538,0.000699905610807303,0.39946653875627985,0.9494918937002462,0.009478672985781991,0.01003638910077655,0.9444306005482185,-0.0005577161149945588,0.008284023668639054,0.00997954754804765,0.8301001251564455,-0.0016955238794085972,False
head_tail,10,prize4_1,22,prize6_3,de,2533,844,845,0.006316620607974733,0.010011623427150606,0.6309287054130139,-0.0036950028191758723,0.97546655163825,0.9919115105331707,0.02132701421800948,0.009958233815603545,2.1416462610661147,0.011368780402405935,0.008284023668639054,0.009979993621154572,0.8300630223930631,-0.0016959699525155181,False
tail_tail,8,prize3_5,13,prize4_4,de,2533,844,845,0.010659297275957363,0.010024718569760428,1.0633013986159314,0.0006345787061969345,0.41258602765713925,0.9494918937002462,0.014218009478672985,0.009970738661231228,1.4259735373424467,0.0042472708174417576,0.008284023668639054,0.009979993621154572,0.8300630223930631,-0.0016959699525155181,False
head_tail,10,prize4_1,0,special,de,2533,844,845,0.008685353335965259,0.00996906421366868,0.8712305538223626,-0.0012837108777034208,0.7735027797116342,0.982710387641021,0.008293838862559242,0.01000334058018911,0.8291069164419522,-0.0017095017176298674,0.008284023668639054,0.009979993621154572,0.8300630223930631,-0.0016959699525155181,False
tail_tail,9,prize3_6,10,prize4_1,de,2533,844,845,0.013028030003947888,0.0100305220988716,1.298838672157803,0.002997507905076288,0.07861998975402111,0.8435413945880753,0.008293838862559242,0.009954661002567066,0.8331613563154447,-0.001660822140007824,0.008284023668639054,0.009980885767368414,0.8299888268156426,-0.0016968620987293601,False
head_tail,20,prize6_1,6,prize3_3,de,2533,844,845,0.011448874851954205,0.010019659082842997,1.1426411574779527,0.001429215769111208,0.26678431925247575,0.9469642663909963,0.013033175355450236,0.00999664155574571,1.3037553945263982,0.003036533799704526,0.008284023668639054,0.009981331840475335,0.8299517340007152,-0.0016973081718362811,False
head_tail,13,prize4_4,25,prize7_3,de,2533,844,845,0.0094749309119621,0.009980373655013527,0.9493563306823164,-0.000505442743051426,0.639044204240649,0.9770536338286936,0.009478672985781991,0.010127495833206794,0.9359345233895437,-0.0006488228474248025,0.008284023668639054,0.009981777913582256,0.8299146445010503,-0.0016977542449432021,False
head_tail,17,prize5_4,11,prize4_2,de,2533,844,845,0.01421239636794315,0.010031414949504087,1.416788801927265,0.004180981418439063,0.022102760873115166,0.767281556023855,0.008293838862559242,0.009964932840046948,0.8323025348678785,-0.0016710939774877056,0.008284023668639054,0.009981777913582257,0.8299146445010502,-0.0016977542449432038,False
tail_tail,25,prize7_3,19,prize5_6,de,2533,844,845,0.00986971969996052,0.009949272691315196,0.9920041400187857,-7.955299135467553e-05,0.5558512423795012,0.9681595906586115,0.01066350710900474,0.01003638910077655,1.0624844256167458,0.0006271180082281901,0.008284023668639054,0.009982223986689178,0.8298775583162035,-0.0016982003180501248,False
tail_tail,22,prize6_3,14,prize5_1,de,2533,844,845,0.013028030003947888,0.01000388538833571,1.3022970074345572,0.0030241446156121787,0.07639369918695352,0.8435413945880753,0.014218009478672985,0.010073903637659594,1.4113704071499502,0.004144105841013391,0.008284023668639054,0.009985792571544552,0.8295809881175734,-0.001701768902905498,False
tail_tail,24,prize7_2,18,prize5_5,de,2533,844,845,0.008685353335965259,0.009987962885389674,0.8695820594878397,-0.0013026095494244154,0.7761620165497733,0.982710387641021,0.01066350710900474,0.01002924347470359,1.0632414235331837,0.0006342636343011493,0.008284023668639054,0.009986684717758392,0.8295068786850099,-0.0017026610491193382,False
head_tail,15,prize5_2,4,prize3_1,de,2533,844,845,0.008685353335965259,0.010015492446558054,0.867191841270879,-0.0013301391105927946,0.7799952688561385,0.982710387641021,0.0071090047393364926,0.010048000743145113,0.7075044002346791,-0.0029389960038086202,0.008284023668639054,0.009986684717758392,0.8295068786850099,-0.0017026610491193382,False
tail_tail,20,prize6_1,9,prize3_6,de,2533,844,845,0.008685353335965259,0.009970701106494907,0.8710875236554455,-0.001285347770529648,0.7737348890856215,0.982710387641021,0.005924170616113744,0.010092660906101114,0.5869780696320158,-0.0041684902899873704,0.008284023668639054,0.009986684717758392,0.8295068786850099,-0.0017026610491193382,False
head_tail,1,prize1,2,prize2_1,de,2533,844,845,0.010264508487958943,0.010016236488751794,1.0247869546097437,0.0002482719992071489,0.4897411908287461,0.9622180214446507,0.008293838862559242,0.010065864808327512,0.8239569098621046,-0.0017720259457682692,0.008284023668639054,0.009987130790865315,0.8294698289338515,-0.001703107122226261,False
head_tail,20,prize6_1,25,prize7_3,de,2533,844,845,0.008685353335965259,0.009994808073572082,0.8689865049966056,-0.0013094547376068227,0.7771191928820897,0.982710387641021,0.013033175355450236,0.010114544385949555,1.288557829016505,0.0029186309695006813,0.008284023668639054,0.009987576863972237,0.829432782492184,-0.0017035531953331837,False
tail_tail,3,prize2_2,24,prize7_2,de,2533,844,845,0.007895775759968417,0.009994510456694587,0.7900112560970526,-0.0020987346967261695,0.8773639856824043,0.9839959698496815,0.011848341232227487,0.010036835702406112,1.180485721150851,0.0018115055298213757,0.008284023668639054,0.009988469010186077,0.8293586995355486,-0.001704445341547024,False
tail_tail,20,prize6_1,12,prize4_3,de,2533,844,845,0.005921831819976312,0.009958498814517573,0.5946510543680964,-0.0040366669945412605,0.9840792829061904,0.9933949524241739,0.008293838862559242,0.010002000775300427,0.8292179783709448,-0.0017081619127411844,0.008284023668639054,0.009988469010186077,0.8293586995355486,-0.001704445341547024,False
head_tail,2,prize2_1,0,special,de,2533,844,845,0.0094749309119621,0.009997337817030797,0.947745398362076,-0.0005224069050686966,0.6421427288663555,0.9770536338286936,0.01066350710900474,0.009943049360198505,1.072458430276952,0.0007204577488062348,0.008284023668639054,0.009990699375720686,0.8291735500290218,-0.0017066757070816323,False
head_tail,24,prize7_2,9,prize3_6,de,2533,844,845,0.008290564547966837,0.01001876623221051,0.8275035424334511,-0.0017282016842436725,0.8347838233498378,0.9839959698496815,0.009478672985781991,0.009992175539450109,0.948609534366089,-0.0005135025536681173,0.008284023668639054,0.009990699375720686,0.8291735500290218,-0.0017066757070816323,False
tail_tail,21,prize6_2,14,prize5_1,de,2533,844,845,0.00986971969996052,0.010001950878631984,0.9867794612994991,-0.00013223117867146306,0.5662123133384689,0.9681595906586115,0.008293838862559242,0.009926971701534342,0.8354852931914092,-0.0016331328389751001,0.008284023668639054,0.00999203759504145,0.8290625000000001,-0.001708013926402397,False
tail_tail,12,prize4_3,13,prize4_4,de,2533,844,845,0.00986971969996052,0.009976951060922322,0.9892520911141075,-0.00010723136096180141,0.5613068318631311,0.9681595906586115,0.005924170616113744,0.010066758011586635,0.5884884298693922,-0.004142587395472891,0.008284023668639054,0.00999203759504145,0.8290625000000001,-0.001708013926402397,False
head_tail,5,prize3_2,4,prize3_1,de,2533,844,845,0.009080142123963679,0.010001653261754489,0.907864118693797,-0.0009215111377908099,0.7143037499176323,0.982710387641021,0.01066350710900474,0.01002701046655579,1.0634782066471287,0.0006364966424489502,0.008284023668639054,0.009995160106789903,0.8288034989065917,-0.0017111364381508492,False
head_tail,3,prize2_2,26,prize7_4,de,2533,844,845,0.010659297275957363,0.009999867560489513,1.0659438449038388,0.0006594297154678495,0.40759213237201003,0.9494918937002462,0.01066350710900474,0.009960466823751346,1.070583065803397,0.0007030402852533941,0.008284023668639054,0.009995606179896822,0.8287665119600144,-0.0017115825112577684,False
tail_tail,6,prize3_3,21,prize6_2,de,2533,844,845,0.007895775759968417,0.01000314134614197,0.7893296202411131,-0.0021073655861735523,0.8781471063130581,0.9839959698496815,0.009478672985781991,0.009966272644935626,0.9510750230778194,-0.00048759965915363447,0.008284023668639054,0.009995606179896825,0.8287665119600142,-0.001711582511257772,False
head_tail,9,prize3_6,25,prize7_3,de,2533,844,845,0.011448874851954205,0.010027545930096641,1.1417424494253965,0.0014213289218575637,0.26817715519066687,0.9469642663909963,0.015402843601895734,0.010064525003438834,1.530409393054606,0.0053383185984569,0.008284023668639054,0.009996498326110666,0.8286925479696565,-0.0017124746574716122,False
head_tail,15,prize5_2,21,prize6_2,de,2533,844,845,0.00986971969996052,0.010025760228831664,0.9844360402294074,-0.0001560405288711427,0.570863692191513,0.9681595906586115,0.005924170616113744,0.010051126954552028,0.5894036204000748,-0.0041269563384382845,0.008284023668639054,0.009996498326110666,0.8286925479696565,-0.0017124746574716122,False
tail_tail,1,prize1,22,prize6_3,de,2533,844,845,0.008685353335965259,0.010012069852466849,0.8674882880312003,-0.0013267165165015901,0.7795222674860617,0.982710387641021,0.011848341232227487,0.009982350303599789,1.1869290169024416,0.0018659909286276987,0.008284023668639054,0.009997390472324511,0.828618597180082,-0.0017133668036854576,False
head_tail,14,prize5_1,7,prize3_4,de,2533,844,845,0.005921831819976312,0.00994227869469404,0.5956211852255413,-0.004020446874717728,0.983819173759356,0.9933949524241739,0.004739336492890996,0.009984136710118028,0.4746866584957819,-0.005244800217227032,0.008284023668639054,0.00999783654543143,0.8285816267344845,-0.0017138128767923769,False
tail_tail,20,prize6_1,17,prize5_4,de,2533,844,845,0.0094749309119621,0.009956415496375102,0.9516407702562937,-0.0004814845844130014,0.6346458582859091,0.9770536338286936,0.0071090047393364926,0.00999976776715263,0.7109169837611876,-0.0028907630278161367,0.008284023668639054,0.009998282618538351,0.8285446595877578,-0.0017142589498992979,False
head_tail,10,prize4_1,26,prize7_4,de,2533,844,845,0.011054086063955783,0.01002084955035298,1.1031086744103855,0.0010332365136028025,0.33636235658897506,0.9469642663909963,0.004739336492890996,0.01003460269425831,0.4722993662322866,-0.005295266201367315,0.008284023668639054,0.009998728691645274,0.8285076957394601,-0.0017147050230062206,False
tail_tail,1,prize1,9,prize3_6,de,2533,844,845,0.007500986971969996,0.010026653079464152,0.7481047676151239,-0.002525666107494156,0.9155531160087507,0.9839959698496815,0.009478672985781991,0.009993961945968348,0.9484399717577243,-0.0005152889601863567,0.008284023668639054,0.009999174764752195,0.8284707351891506,-0.0017151510961131416,False
tail_tail,13,prize4_4,17,prize5_4,de,2533,844,845,0.010659297275957363,0.010020700741914232,1.0637277322704621,0.0006385965340431309,0.41177834226113963,0.9494918937002462,0.011848341232227487,0.009964932840046948,1.1890036212398263,0.0018834083921805394,0.008284023668639054,0.01000051298407296,0.828359873321736,-0.0017164893154339063,False
head_tail,6,prize3_3,15,prize5_2,de,2533,844,845,0.008685353335965259,0.010002099687070732,0.8683530066384388,-0.0013167463511054734,0.7781380613742688,0.982710387641021,0.015402843601895734,0.009981457100340669,1.5431457999624156,0.005421386501555065,0.008284023668639054,0.010001851203393725,0.8282490411203283,-0.001717827534754671,False
head_tail,26,prize7_4,11,prize4_2,de,2533,844,845,0.010659297275957363,0.01007278369547603,1.0582275563749823,0.0005865135804813335,0.4222472596049832,0.9559573051305366,0.01066350710900474,0.009939476547162025,1.0728439328175128,0.0007240305618427152,0.008284023668639054,0.010003189422714488,0.8281382385730213,-0.001719165754075434,False
tail_tail,11,prize4_2,21,prize6_2,de,2533,844,845,0.009080142123963679,0.010040343455828969,0.9043656886749387,-0.0009602013318652895,0.7205416230720735,0.982710387641021,0.01066350710900474,0.010054253165958952,1.060596638356846,0.0006092539430457879,0.008284023668639054,0.01000318942271449,0.8281382385730212,-0.0017191657540754357,False
head_tail,4,prize3_1,18,prize5_5,de,2533,844,845,0.008685353335965259,0.010029480439800363,0.8659823794559532,-0.0013441271038351042,0.7819244546225265,0.982710387641021,0.005924170616113744,0.009933670725977745,0.5963727588253277,-0.004009500109864002,0.008284023668639054,0.01000408156892833,0.8280643866767737,-0.001720057900289276,False
head_tail,21,prize6_2,15,prize5_2,de,2533,844,845,0.007895775759968417,0.010029926865116608,0.7872216683283483,-0.0021341511051481913,0.8805559403317766,0.9839959698496815,0.015402843601895734,0.01001718523070547,1.5376418871322972,0.005385658371190264,0.008284023668639054,0.01000675800756986,0.8278429099986627,-0.001722734338930807,False
head_tail,15,prize5_2,16,prize5_3,de,2533,844,845,0.011054086063955783,0.010008944875253141,1.1044207158425585,0.0010451411887026415,0.3340787388657895,0.9469642663909963,0.005924170616113744,0.010065418206697953,0.5885667633930551,-0.00414124759058421,0.008284023668639054,0.01000675800756986,0.8278429099986627,-0.001722734338930807,False
tail_tail,17,prize5_4,8,prize3_5,de,2533,844,845,0.00986971969996052,0.010019361465965501,0.985064740251832,-0.00014964176600498064,0.5696155889093251,0.9681595906586115,0.008293838862559242,0.010035942499146988,0.8264135494263924,-0.0017421036365877461,0.008284023668639054,0.010008988373104469,0.8276584365808004,-0.0017249647044654155,False
tail_tail,24,prize7_2,13,prize4_4,de,2533,844,845,0.008685353335965259,0.009952248860090157,0.8727025879341384,-0.0012668955241248985,0.7711173417156314,0.982710387641021,0.011848341232227487,0.010002893978559546,1.184491333970301,0.0018454472536679409,0.008284023668639054,0.010010772665532155,0.8275109170305677,-0.0017267489968931012,False
head_tail,18,prize5_5,14,prize5_1,de,2533,844,845,0.011843663639952625,0.010041385114900204,1.1794850515570863,0.0018022785250524209,0.20890101860128296,0.9445822294163744,0.009478672985781991,0.00987873872554186,0.9595023463141621,-0.0004000657397598695,0.008284023668639054,0.010012110884852918,0.8274003118734685,-0.0017280872162138642,False
tail_tail,1,prize1,26,prize7_4,de,2533,844,845,0.011448874851954205,0.009997337817030797,1.1451923563541753,0.0014515370349234072,0.2628620692165544,0.9469642663909963,0.008293838862559242,0.010029690076333152,0.8269287285486556,-0.00173585121377391,0.008284023668639054,0.010013003031066763,0.8273265915267073,-0.0017289793624277097,False
head_tail,14,prize5_1,9,prize3_6,de,2533,844,845,0.0094749309119621,0.009981861739401007,0.9492148017400484,-0.0005069308274389065,0.6393169488328596,0.9770536338286936,0.0071090047393364926,0.009947961978123665,0.7146192109468996,-0.002838957238787173,0.008284023668639054,0.010013003031066763,0.8273265915267073,-0.0017289793624277097,False
head_tail,20,prize6_1,23,prize7_1,de,2533,844,845,0.00986971969996052,0.010000611602683254,0.9869116102171578,-0.00013089190272273267,0.5659500334871342,0.9681595906586115,0.009478672985781991,0.01002433085677843,0.9455666538951609,-0.0005456578709964379,0.008284023668639054,0.010013449104173686,0.8272897362794011,-0.0017294254355346324,False
tail_tail,25,prize7_3,20,prize6_1,de,2533,844,845,0.00986971969996052,0.009967873746158696,0.9901529605312266,-9.81540461981751e-05,0.5595206083966648,0.9681595906586115,0.013033175355450236,0.009972971669379029,1.3068497322084294,0.0030602036860712077,0.008284023668639054,0.010013895177280603,0.8272528843155599,-0.00172987150864155,False
head_tail,25,prize7_3,12,prize4_3,de,2533,844,845,0.0094749309119621,0.009988260502267171,0.9486067078257968,-0.0005133295903050703,0.640487016622649,0.9770536338286936,0.013033175355450236,0.009934563929236863,1.311902107458822,0.003098611426213373,0.008284023668639054,0.010015233396601366,0.827142348120435,-0.0017312097279623129,False
head_tail,26,prize7_4,25,prize7_3,de,2533,844,845,0.012633241215949467,0.009943320353765278,1.270525414698681,0.002689920862184189,0.10302536765978881,0.8951928852261679,0.011848341232227487,0.01001182601115075,1.1834345921544485,0.0018365152210767371,0.008284023668639054,0.010016571615922135,0.8270318414606991,-0.001732547947283081,False
tail_tail,7,prize3_4,21,prize6_2,de,2533,844,845,0.009080142123963679,0.00999287356386836,0.9086617643992935,-0.0009127314399046804,0.71287434351054,0.982710387641021,0.0071090047393364926,0.009939476547162025,0.7152292885450084,-0.0028304718078255324,0.008284023668639054,0.010017017689029056,0.8269950124688279,-0.001732994020390002,False
head_tail,14,prize5_1,6,prize3_3,de,2533,844,845,0.011054086063955783,0.009991385479480879,1.1063616839383639,0.001062700584474904,0.3307150315439498,0.9469642663909963,0.008293838862559242,0.010086855084916833,0.8222422938306371,-0.0017930162223575904,0.008284023668639054,0.010017463762135977,0.8269581867569132,-0.001733440093496923,False
head_tail,21,prize6_2,25,prize7_3,de,2533,844,845,0.012633241215949467,0.009993617606062098,1.2641309397596103,0.0026396236098873687,0.10824923603174219,0.8951928852261679,0.01066350710900474,0.010108291963135714,1.0549267025422158,0.0005552151458690265,0.008284023668639054,0.01001835590834982,0.8268845451712008,-0.0017343322397107667,False
head_tail,17,prize5_4,7,prize3_4,de,2533,844,845,0.008290564547966837,0.010035135160472788,0.8261537503373538,-0.0017445706125059513,0.8366359781180943,0.9839959698496815,0.011848341232227487,0.009936796937384664,1.1923702684967956,0.0019115442948428232,0.008284023668639054,0.010018801981456741,0.8268477292965272,-0.0017347783128176877,False
head_tail,8,prize3_5,16,prize5_3,de,2533,844,845,0.011054086063955783,0.009993915222939595,1.1060816324099607,0.0010601708410161882,0.3311993793243656,0.9469642663909963,0.01066350710900474,0.010124369621799877,1.0532514622978588,0.0005391374872048636,0.008284023668639054,0.010019694127670583,0.8267741073813553,-0.0017356704590315297,False
tail_tail,19,prize5_6,24,prize7_2,de,2533,844,845,0.008685353335965259,0.009947040564733976,0.8731595371952261,-0.0012616872287687167,0.7703752081245814,0.982710387641021,0.009478672985781991,0.009987262921524949,0.9490761443110881,-0.0005085899357429573,0.008284023668639054,0.010022816639419035,0.8265165338911389,-0.0017387929707799819,False
head_tail,9,prize3_6,16,prize5_3,de,2533,844,845,0.007895775759968417,0.010005968706478182,0.7891065814403798,-0.002110192946509765,0.8784043296076997,0.9839959698496815,0.016587677725118485,0.010086408483287276,1.644557401438135,0.006501269241831208,0.008284023668639054,0.01002370878563288,0.8264429709403229,-0.0017396851169938256,False
tail_tail,8,prize3_5,22,prize6_3,de,2533,844,845,0.010264508487958943,0.009996593774837057,1.026800600200067,0.0002679147131218855,0.4857680737554675,0.9622180214446507,0.015402843601895734,0.010102932743580994,1.5245913234136983,0.00529991085831474,0.008284023668639054,0.010025493078060565,0.8262958843159065,-0.0017414694094215113,False
head_tail,13,prize4_4,21,prize6_2,de,2533,844,845,0.007500986971969996,0.009968617788352436,0.7524600833562225,-0.00246763081638244,0.9115421618694475,0.9839959698496815,0.008293838862559242,0.010051126954552032,0.8251650685601046,-0.0017572880919927893,0.008284023668639054,0.010025493078060565,0.8262958843159065,-0.0017414694094215113,False
tail_tail,23,prize7_1,1,prize1,de,2533,844,845,0.013028030003947888,0.009978885570626048,1.3055596150232782,0.0030491444333218404,0.07434212386561895,0.8435413945880753,0.013033175355450236,0.009885437749985264,1.318421670853136,0.0031477376054649727,0.008284023668639054,0.010025939151167484,0.8262591208400072,-0.0017419154825284305,False
tail_tail,16,prize5_3,19,prize5_6,de,2533,844,845,0.011448874851954205,0.009987367651634684,1.1463355762296692,0.0014615072003195204,0.2611178205175275,0.9469642663909963,0.014218009478672985,0.010130622044613718,1.4034685546513368,0.004087387434059267,0.008284023668639054,0.010027277370488247,0.8261488500378132,-0.0017432537018491935,False
head_tail,21,prize6_2,4,prize3_1,de,2533,844,845,0.006316620607974733,0.010038111329247748,0.6292638526104192,-0.0037214907212730144,0.9760809939399259,0.9919115105331707,0.004739336492890996,0.009978777490563308,0.474941594536292,-0.0052394409976723125,0.008284023668639054,0.010028169516702093,0.8260753525199057,-0.001744145848063039,False
tail_tail,13,prize4_4,18,prize5_5,de,2533,844,845,0.00986971969996052,0.009975462976534843,0.9893996622690033,-0.00010574327657432263,0.561014773368413,0.9681595906586115,0.008293838862559242,0.009972078466119907,0.8317061373651966,-0.0016782396035606648,0.008284023668639054,0.010028615589809015,0.8260386086647095,-0.0017445919211699617,False
tail_tail,13,prize4_4,15,prize5_2,de,2533,844,845,0.010264508487958943,0.00998840931070592,1.0276419566584132,0.00027609917725302316,0.48411057378337224,0.9622180214446507,0.017772511848341232,0.01002120464537151,1.7734905609925664,0.007751307202969722,0.008284023668639054,0.010029507736022856,0.8259651307596515,-0.001745484067383802,False
tail_tail,14,prize5_1,23,prize7_1,de,2533,844,845,0.007106198183971575,0.009969659447423672,0.7127824397058956,-0.0028634612634520964,0.9395245324481174,0.9839959698496815,0.011848341232227487,0.009951088189530586,1.190657846314032,0.0018972530426969014,0.008284023668639054,0.010029507736022856,0.8259651307596515,-0.001745484067383802,False
head_tail,21,prize6_2,13,prize4_4,de,2533,844,845,0.011054086063955783,0.009973528466831118,1.1083425590770877,0.001080557597124665,0.32730371654808893,0.9469642663909963,0.0071090047393364926,0.010010932807891629,0.7101241088874811,-0.002901928068555136,0.008284023668639054,0.0100303998822367,0.8258916659254648,-0.0017463762135976457,False
head_tail,20,prize6_1,19,prize5_6,de,2533,844,845,0.012238452427951046,0.009998974709857025,1.2239707353081248,0.002239477718094022,0.15077196562482187,0.9321775641699296,0.015402843601895734,0.009964039636787825,1.5458432687308392,0.005438803965107909,0.008284023668639054,0.010030399882236701,0.8258916659254647,-0.0017463762135976474,False
head_tail,19,prize5_6,8,prize3_5,de,2533,844,845,0.010659297275957363,0.010025016186637925,1.0632698319395089,0.0006342810893194377,0.4126458072619731,0.9494918937002462,0.011848341232227487,0.01002835027144447,1.1814845823610096,0.0018199909607830179,0.008284023668639054,0.010032184174664387,0.8257447754557581,-0.001748160506025333,False
head_tail,8,prize3_5,5,prize3_2,de,2533,844,845,0.0094749309119621,0.010020254316597988,0.9455778878054432,-0.0005453234046358876,0.6463032898230927,0.9770536338286936,0.011848341232227487,0.01004398132847907,1.1796458839118178,0.0018043599037484166,0.008284023668639054,0.010034860613305914,0.8255245376955904,-0.0017508369446668608,False
tail_tail,5,prize3_2,7,prize3_4,de,2533,844,845,0.007895775759968417,0.009960135707343802,0.7927377690393022,-0.0020643599473753847,0.8741999373399505,0.9839959698496815,0.013033175355450236,0.010038622108924351,1.2983032147274198,0.0029945532465258853,0.008284023668639054,0.010034860613305916,0.8255245376955902,-0.0017508369446668625,False
tail_tail,17,prize5_4,5,prize3_2,de,2533,844,845,0.008290564547966837,0.009970403489617412,0.831517456299551,-0.0016798389416505747,0.8292168893530174,0.9839959698496815,0.009478672985781991,0.009975651279156388,0.950180867447441,-0.0004969782933743963,0.008284023668639054,0.010035752759519758,0.8254511512134411,-0.0017517290908807045,False
head_tail,15,prize5_2,7,prize3_4,de,2533,844,845,0.009080142123963679,0.010019063849088005,0.9062864815249388,-0.0009389217251243257,0.717123355318007,0.982710387641021,0.005924170616113744,0.010004233783448228,0.5921663512017429,-0.004080063167334484,0.008284023668639054,0.010035752759519758,0.8254511512134411,-0.0017517290908807045,False
tail_tail,3,prize2_2,12,prize4_3,de,2533,844,845,0.009080142123963679,0.010001355644876994,0.9078911345998191,-0.0009212135209133148,0.7142550369613091,0.982710387641021,0.014218009478672985,0.009935903734125544,1.4309729501343953,0.004282105744547441,0.008284023668639054,0.010037537051947444,0.8253044173851214,-0.0017535133833083902,False
head_tail,22,prize6_3,25,prize7_3,de,2533,844,845,0.00986971969996052,0.010017873381578021,0.9852110646666845,-0.00014815368161750012,0.5693250732377368,0.9681595906586115,0.014218009478672985,0.010157864744016878,1.399704547852696,0.004060144734656107,0.008284023668639054,0.010037537051947444,0.8253044173851214,-0.0017535133833083902,False
tail_tail,25,prize7_3,2,prize2_1,de,2533,844,845,0.013028030003947888,0.010002992537703221,1.3024132483197117,0.0030250374662446674,0.0763201465250223,0.8435413945880753,0.01066350710900474,0.010023884255148871,1.063809880239521,0.0006396228538558691,0.008284023668639054,0.010037537051947444,0.8253044173851214,-0.0017535133833083902,False
tail_tail,13,prize4_4,2,prize2_1,de,2533,844,845,0.006711409395973154,0.009952100051651409,0.6743711740377341,-0.003240690655678255,0.9593711648892792,0.9888452758037601,0.014218009478672985,0.010005573588336909,1.421008935984074,0.004212435890336076,0.008284023668639054,0.010037983125054363,0.8252677420788341,-0.0017539594564153094,False
tail_tail,25,prize7_3,12,prize4_3,de,2533,844,845,0.013422818791946308,0.009937368016215357,1.3507418433174203,0.003485450775730951,0.04760078634680715,0.8352524262899428,0.015402843601895734,0.00999038913293187,1.5417661311232105,0.005412454468963865,0.008284023668639054,0.010038429198161286,0.8252310700319945,-0.0017544055295222322,False
head_tail,14,prize5_1,13,prize4_4,de,2533,844,845,0.011448874851954205,0.010025909037270412,1.1419288574626048,0.0014229658146837926,0.26788874673007157,0.9469642663909963,0.009478672985781991,0.009928311506423024,0.9547114813681921,-0.0004496385206410325,0.008284023668639054,0.010038875271268207,0.8251944012441681,-0.0017548516026291532,False
head_tail,11,prize4_2,11,prize4_2,de,2533,844,845,0.010659297275957363,0.010039897030512725,1.0616938842661623,0.0006194002454446377,0.4156369085461238,0.9494918937002462,0.009478672985781991,0.01001718523070547,0.9462411613121829,-0.0005385122449234787,0.008284023668639054,0.010039321344375131,0.8251577357149203,-0.0017552976757360776,False
tail_tail,22,prize6_3,11,prize4_2,de,2533,844,845,0.010659297275957363,0.010012516277783094,1.0645972481072934,0.0006467809981742685,0.4101337524553286,0.9494918937002462,0.008293838862559242,0.010085068678398593,0.8223879407310313,-0.001791229815839351,0.008284023668639054,0.010040213490588973,0.8250844144304247,-0.0017561898219499196,False
head_tail,16,prize5_3,18,prize5_5,de,2533,844,845,0.010264508487958943,0.009982605781594748,1.0282393908496266,0.0002819027063641951,0.48293481508287106,0.9622180214446507,0.005924170616113744,0.01001807843396459,0.5913479970399165,-0.004093907817850846,0.008284023668639054,0.010040659563695894,0.8250477586743081,-0.0017566358950568406,False
head_tail,3,prize2_2,13,prize4_4,de,2533,844,845,0.012238452427951046,0.009990790245725887,1.2249734132079013,0.0022476621822251595,0.14970736749483166,0.9321775641699296,0.013033175355450236,0.009967612449824307,1.3075523773679587,0.0030655629056259293,0.008284023668639054,0.010041105636802815,0.8250111061750334,-0.0017570819681637616,False
head_tail,19,prize5_6,1,prize1,de,2533,844,845,0.008685353335965259,0.010004331813651951,0.868159263181694,-0.0013189784776866924,0.7784460927267749,0.982710387641021,0.01066350710900474,0.009981010498711109,1.0683795103092784,0.000682496610293631,0.008284023668639054,0.010043782075444345,0.8247912595487653,-0.001759758406805291,False
head_tail,21,prize6_2,7,prize3_4,de,2533,844,845,0.011843663639952625,0.010050164812786335,1.1784546682144463,0.0017934988271662896,0.21027677272092826,0.9445822294163744,0.004739336492890996,0.010052020157811151,0.47148099769857565,-0.005312683664920156,0.008284023668639054,0.01004556636787203,0.8246447602131439,-0.0017615426992329767,False
head_tail,12,prize4_3,0,special,de,2533,844,845,0.012238452427951046,0.009960582132660043,1.2286884707091594,0.002277870295291003,0.1458135394075018,0.9321775641699296,0.009478672985781991,0.009990835734561427,0.9487367461154721,-0.0005121627487794361,0.008284023668639054,0.01004645851408587,0.8245715300594977,-0.001762434845446817,False
head_tail,20,prize6_1,3,prize2_2,de,2533,844,845,0.008685353335965259,0.009978439145309803,0.8704120162969239,-0.0012930858093445439,0.7748249642747873,0.982710387641021,0.01066350710900474,0.009975204677526828,1.069001334181001,0.0006883024314779124,0.008284023668639054,0.010050027098941247,0.8242787394584997,-0.0017660034303021935,False
tail_tail,4,prize3_1,9,prize3_6,de,2533,844,845,0.015791551519936834,0.010053140981561294,1.570807725555674,0.00573841053837554,0.0025884450598115576,0.5672038784673793,0.005924170616113744,0.01002790366981491,0.5907686004150745,-0.004103733053701166,0.008284023668639054,0.010051811391368931,0.8241324221176889,-0.0017677877227298775,False
head_tail,1,prize1,1,prize1,de,2533,844,845,0.010264508487958943,0.010018170998455518,1.0245890681583896,0.0002463374895034249,0.4901321225106859,0.9622180214446507,0.011848341232227487,0.010032369686110511,1.1810112269518067,0.0018159715461169759,0.008284023668639054,0.010054041756903541,0.8239495984737565,-0.0017700180882644877,False
tail_tail,11,prize4_2,8,prize3_5,de,2533,844,845,0.00986971969996052,0.010008349641498148,0.9861485712926317,-0.00013862994153762687,0.5674642104028215,0.9681595906586115,0.0071090047393364926,0.010067204613216193,0.7061547879938602,-0.0029581998738797003,0.008284023668639054,0.010057610341758911,0.8236572493014592,-0.0017735866731198573,False
tail_tail,14,prize5_1,15,prize5_2,de,2533,844,845,0.010264508487958943,0.01000388538833571,1.0260521876757118,0.00026062309962323303,0.4872435917903391,0.9622180214446507,0.009478672985781991,0.009955554205826188,0.9520989780995701,-0.0004768812200441966,0.008284023668639054,0.010061178926614282,0.8233651075149635,-0.0017771552579752287,False
tail_tail,5,prize3_2,24,prize7_2,de,2533,844,845,0.006711409395973154,0.009948677457560205,0.6746031746031746,-0.0032372680615870503,0.9592453299969068,0.9888452758037601,0.009478672985781991,0.009972078466119907,0.9505212998459389,-0.0004934054803379159,0.008284023668639054,0.010064301438362734,0.8231096533995212,-0.0017802777697236809,False
tail_tail,13,prize4_4,1,prize1,de,2533,844,845,0.011054086063955783,0.01002531380351542,1.1026174622164564,0.0010287722604403627,0.3372196004407052,0.9469642663909963,0.014218009478672985,0.010064078401809272,1.4127482826561584,0.004153931076863713,0.008284023668639054,0.010066085730790417,0.8229637507755032,-0.001782062062151363,False
head_tail,3,prize2_2,3,prize2_2,de,2533,844,845,0.011448874851954205,0.009967873746158696,1.148577434216223,0.0014810011057955087,0.257715099066876,0.9469642663909963,0.009478672985781991,0.010011379409521189,0.9467899075693231,-0.0005327064237391974,0.008284023668639054,0.010068316096325025,0.8227814452173144,-0.0017842924276859715,False
tail_tail,17,prize5_4,19,prize5_6,de,2533,844,845,0.008685353335965259,0.009954480986671376,0.8725068989126178,-0.0012691276507061176,0.7714342637300022,0.982710387641021,0.011848341232227487,0.00988007853043054,1.1992152892038983,0.001968262701796947,0.008284023668639054,0.01007233075428732,0.8224534986713907,-0.0017883070856482657,False
tail_tail,6,prize3_3,13,prize4_4,de,2533,844,845,0.0094749309119621,0.009927100233941746,0.9544510167799422,-0.00045216932197964486,0.6292250871888365,0.9770536338286936,0.011848341232227487,0.009991282336190989,1.185867923010218,0.0018570588960364984,0.008284023668639054,0.010073668973608086,0.8223442412434131,-0.001789645304969032,False
head_tail,26,prize7_4,22,prize6_3,de,2533,844,845,0.011054086063955783,0.009976951060922324,1.1079623420478002,0.0010771350030334588,0.3279560713430118,0.9469642663909963,0.009478672985781991,0.01003058327959227,0.9449772482390761,-0.0005519102938102791,0.008284023668639054,0.01007589933914269,0.8221622100230213,-0.001791875670503637,False
head_tail,24,prize7_2,22,prize6_3,de,2533,844,845,0.0094749309119621,0.010040789881145212,0.9436439786230671,-0.0005658589691831112,0.6500093776572009,0.9770536338286936,0.009478672985781991,0.010048000743145111,0.9433392003129057,-0.0005693277573631198,0.008284023668639054,0.010077237558463457,0.8220530299676863,-0.0017932138898244035,False
head_tail,11,prize4_2,5,prize3_2,de,2533,844,845,0.013422818791946308,0.01001802219001677,1.3398671451658903,0.003404796601929539,0.05249271072561698,0.8352524262899428,0.009478672985781991,0.01001003960463251,0.9469166317179594,-0.0005313666188505196,0.008284023668639054,0.010080360070211906,0.8217983892379858,-0.0017963364015728522,False
tail_tail,5,prize3_2,20,prize6_1,de,2533,844,845,0.009080142123963679,0.010015046021241808,0.9066500647830067,-0.0009349038972781294,0.7164730884214529,0.982710387641021,0.01066350710900474,0.009938136742273347,1.0729885677308022,0.000725370366731393,0.008284023668639054,0.010082144362639591,0.8216529510662774,-0.0017981206940005379,False
head_tail,9,prize3_6,23,prize7_1,de,2533,844,845,0.010264508487958943,0.010045402942746398,1.0218115237846936,0.0002191055452125442,0.4956280755177865,0.9622180214446507,0.009478672985781991,0.010110971572913076,0.9374641118737798,-0.000632298587131085,0.008284023668639054,0.010085266874388044,0.8213985580963333,-0.00180124320574899,False
tail_tail,7,prize3_4,14,prize5_1,de,2533,844,845,0.011448874851954205,0.0099970402001533,1.1452264493023285,0.001451834651800904,0.26281171607933185,0.9469642663909963,0.009478672985781991,0.009857748448952541,0.9615454314812801,-0.0003790754631705501,0.008284023668639054,0.010091065824778022,0.8209265316948104,-0.001807042156138968,False
head_tail,6,prize3_3,23,prize7_1,de,2533,844,845,0.011448874851954205,0.010042575582410188,1.140033725213598,0.001406299269544017,0.27083505520027773,0.9469642663909963,0.013033175355450236,0.009993068742709228,1.3042215250404454,0.003040106612741008,0.008284023668639054,0.010092404044098788,0.820817679558011,-0.0018083803754597345,False
head_tail,15,prize5_2,3,prize2_2,de,2533,844,845,0.012238452427951046,0.01001058176807937,1.222551567080313,0.0022278706598716762,0.15228950780060102,0.9321775641699296,0.008293838862559242,0.01001361241766899,0.8282564290110518,-0.0017197735551097472,0.008284023668639054,0.010094188336526474,0.8206725882716868,-0.0018101646678874202,False
head_tail,17,prize5_4,15,prize5_2,de,2533,844,845,0.011448874851954205,0.009971445148688647,1.1481660562972515,0.0014774297032655575,0.25833837758610967,0.9469642663909963,0.01066350710900474,0.009952874596048825,1.0713997253856717,0.0007106325129559148,0.008284023668639054,0.010108908749054886,0.819477539493425,-0.001824885080415832,False
head_tail,18,prize5_5,10,prize4_1,de,2533,844,845,0.00986971969996052,0.009987814076950926,0.9881761538530304,-0.00011809437699040505,0.5634412105231361,0.9681595906586115,0.004739336492890996,0.009985923116636267,0.4746017406237981,-0.005246586623745272,0.008284023668639054,0.010113369480124097,0.8191160903316868,-0.0018293458114850437,False
head_tail,15,prize5_2,11,prize4_2,de,2533,844,845,0.010264508487958943,0.010024272144444183,1.0239654650285914,0.00024023634351475961,0.4913645829467747,0.9622180214446507,0.005924170616113744,0.009952874596048825,0.5952220696587065,-0.004028703979935082,0.008284023668639054,0.010118276284300233,0.8187188643477495,-0.0018342526156611798,False
tail_tail,9,prize3_6,1,prize1,de,2533,844,845,0.013028030003947888,0.010035135160472788,1.2982416076729848,0.0029928948434751,0.07901034320392974,0.8435413945880753,0.014218009478672985,0.009948855181382785,1.4291101055806938,0.0042691542972902,0.008284023668639054,0.010125859527117899,0.8181057268722468,-0.0018418358584788453,False
head_tail,22,prize6_3,1,prize1,de,2533,844,845,0.009080142123963679,0.009979778421258535,0.9098540809905673,-0.0008996362972948559,0.7107355915387625,0.982710387641021,0.008293838862559242,0.010089981296323755,0.8219875358521299,-0.0017961424337645127,0.008284023668639054,0.01012898203886635,0.8178535253446074,-0.0018449583702272957,False
tail_tail,1,prize1,1,prize1,de,2533,844,845,0.011448874851954205,0.009733054029814368,1.1762880198634387,0.001715820822139837,0.2181398633388581,0.9469642663909963,0.01066350710900474,0.0098269329365129,1.085130750143157,0.0008365741724918399,0.007100591715976331,0.009734207339240828,0.729447346714325,-0.002633615623264497,False
tail_tail,11,prize4_2,11,prize4_2,de,2533,844,845,0.011843663639952625,0.009888558848306018,1.1977138247988008,0.001955104791646607,0.18562862790599943,0.9445822294163744,0.01066350710900474,0.009831398952808497,1.084637818095922,0.0008321081561962432,0.007100591715976331,0.009813608352272855,0.7235454545454545,-0.0027130166362965237,False
head_tail,17,prize5_4,4,prize3_1,de,2533,844,845,0.011843663639952625,0.009994212839817091,1.185052172670097,0.0018494508001355332,0.2015774415899793,0.9445822294163744,0.009478672985781991,0.009972525067749467,0.9504787324561798,-0.0004938520819674757,0.007100591715976331,0.009871597856172646,0.7192950745594218,-0.002771006140196315,False
tail_tail,25,prize7_3,3,prize2_2,de,2533,844,845,0.013028030003947888,0.009997635433908292,1.3031111296338747,0.003030394570039596,0.07587747426535714,0.8435413945880753,0.005924170616113744,0.009959127018862665,0.5948483842904421,-0.004034956402748921,0.007100591715976331,0.009877842879669549,0.7188403179190751,-0.0027772511636932175,False
tail_tail,20,prize6_1,11,prize4_2,de,2533,844,845,0.008290564547966837,0.010002992537703223,0.8288084307489072,-0.0017124279897363856,0.8329826716990405,0.9839959698496815,0.014218009478672985,0.009926525099904786,1.4323249410621408,0.004291484378768199,0.007100591715976331,0.009892563292197959,0.7177706632998151,-0.0027919715762216276,False
tail_tail,17,prize5_4,4,prize3_1,de,2533,844,845,0.009080142123963679,0.010016980530945534,0.9064749697688168,-0.0009368384069818551,0.7167859317522411,0.982710387641021,0.008293838862559242,0.009928758108052584,0.8353349706276596,-0.0016349192454933412,0.007100591715976331,0.009895685803946409,0.7175441759826902,-0.002795094087970078,False
tail_tail,14,prize5_1,1,prize1,de,2533,844,845,0.008290564547966837,0.009968468979913688,0.8316788229639073,-0.0016779044319468507,0.8289909185092512,0.9839959698496815,0.0071090047393364926,0.009953767799307948,0.7142023887507962,-0.002844763059971456,0.007100591715976331,0.009909067997154053,0.7165751327991358,-0.0028084762811777216,False
head_tail,9,prize3_6,3,prize2_2,de,2533,844,845,0.007895775759968417,0.010045551751185147,0.785997221012464,-0.00214977599121673,0.8819429252389248,0.9839959698496815,0.01066350710900474,0.009980117295451988,1.0684751284300213,0.0006833898135527525,0.007100591715976331,0.00991932767861325,0.7158339704096774,-0.0028187359626369183,False
tail_tail,23,prize7_1,18,prize5_5,de,2533,844,845,0.012238452427951046,0.010029629248239112,1.220229793648627,0.002208823179711935,0.1547966390245082,0.9321775641699296,0.005924170616113744,0.009943942563457627,0.5957567210699817,-0.004019771947343883,0.007100591715976331,0.009922004117254779,0.7156408757811444,-0.0028214124012784477,False
tail_tail,8,prize3_5,16,prize5_3,de,2533,844,845,0.010264508487958943,0.010004183005213206,1.026021663399208,0.00026032548274573623,0.4873039519254122,0.9622180214446507,0.016587677725118485,0.010037728905665231,1.6525329465469527,0.006549948819453253,0.007100591715976331,0.009922450190361698,0.7156087034705988,-0.002821858474385367,False
tail_tail,26,prize7_4,9,prize3_6,de,2533,844,845,0.00986971969996052,0.009980224846574778,0.9889275894768861,-0.00011050514661425752,0.5619506071032621,0.9681595906586115,0.009478672985781991,0.009965826043306066,0.9511176438955313,-0.00048715305752407463,0.007100591715976331,0.009926910921430913,0.7152871393906713,-0.002826319205454582,False
head_tail,9,prize3_6,7,prize3_4,de,2533,844,845,0.008685353335965259,0.010006563940233174,0.8679656061601972,-0.001321210604267915,0.7787580122853632,0.982710387641021,0.015402843601895734,0.009986816319895387,1.5423177025105315,0.005416027282000347,0.007100591715976331,0.009928695213858599,0.7151585946625932,-0.0028281034978822677,False
tail_tail,1,prize1,14,prize5_1,de,2533,844,845,0.00986971969996052,0.009985581950369707,0.9883970457620753,-0.000115862250409186,0.5630026017664745,0.9681595906586115,0.014218009478672985,0.009996194954116147,1.4223421555837519,0.004221814524556838,0.007100591715976331,0.009929587360072444,0.7150943396226414,-0.002828995644096113,False
head_tail,10,prize4_1,4,prize3_1,de,2533,844,845,0.007895775759968417,0.009983201015349738,0.7909062181386726,-0.0020874252553813206,0.8763308144137295,0.9839959698496815,0.005924170616113744,0.009981010498711109,0.5935441723940434,-0.0040568398825973654,0.007100591715976331,0.009934048091141656,0.7147732375392906,-0.002833456375165325,False
tail_tail,20,prize6_1,0,special,de,2533,844,845,0.011843663639952625,0.009982605781594746,1.1864300663649536,0.0018610578583578789,0.1997906214182299,0.9445822294163744,0.013033175355450236,0.01004219492196083,1.2978413042898187,0.0029909804334894066,0.007100591715976331,0.009934940237355501,0.7147090517241378,-0.0028343485213791703,False
head_tail,24,prize7_2,3,prize2_2,de,2533,844,845,0.009080142123963679,0.009954629795110125,0.9121526677389843,-0.0008744876711464459,0.7066004653094339,0.982710387641021,0.005924170616113744,0.010099806532174073,0.5865627818950422,-0.00417563591606033,0.007100591715976331,0.009939400968424715,0.7143882954851449,-0.0028388092524483837,False
head_tail,2,prize2_1,2,prize2_1,de,2533,844,845,0.011843663639952625,0.010043022007726431,1.1792928095588062,0.0018006416322261937,0.2091582724322072,0.9445822294163744,0.0071090047393364926,0.009956447409085306,0.7140101732320197,-0.002847442669748813,0.007100591715976331,0.0099411852608524,0.7142600735888002,-0.0028405935448760694,False
tail_tail,25,prize7_3,10,prize4_1,de,2533,844,845,0.011054086063955783,0.009976504635606079,1.1080119207787287,0.001077581428349704,0.32787110158667765,0.9469642663909963,0.0035545023696682463,0.01003638910077655,0.3541614752055819,-0.006481886731108303,0.007100591715976331,0.009942077407066244,0.7141959798994975,-0.002841485691089913,False
head_tail,10,prize4_1,16,prize5_3,de,2533,844,845,0.009080142123963679,0.009998230667663284,0.9081748987179374,-0.0009180885436996054,0.7137465932093998,0.982710387641021,0.01066350710900474,0.010126602629947676,1.0530192107537886,0.0005369044790570644,0.007100591715976331,0.009942523480173165,0.7141639373682085,-0.002841931764196834,False
head_tail,10,prize4_1,7,prize3_4,de,2533,844,845,0.011054086063955783,0.01000834964149815,1.1044863998477472,0.0010457364224576333,0.3339642967103211,0.9469642663909963,0.009478672985781991,0.009989942531302308,0.9488215729051179,-0.0005112695455203164,0.007100591715976331,0.009944753845707772,0.7140037678299095,-0.0028441621297314408,False
tail_tail,12,prize4_3,9,prize3_6,de,2533,844,845,0.0094749309119621,0.009970105872739915,0.9503340318449663,-0.0004951749607778142,0.6371626602644631,0.9770536338286936,0.01066350710900474,0.010054253165958952,1.060596638356846,0.0006092539430457879,0.007100591715976331,0.009949214576776989,0.713683644189383,-0.0028486228608006576,False
tail_tail,8,prize3_5,4,prize3_1,de,2533,844,845,0.007500986971969996,0.0100230816769342,0.7483713306688681,-0.0025220947049642032,0.9153102556519028,0.9839959698496815,0.008293838862559242,0.010067204613216193,0.8238472526595038,-0.0017733657506569505,0.007100591715976331,0.009952337088525439,0.7134597283851014,-0.002851745372549108,False
tail_tail,2,prize2_1,18,prize5_5,de,2533,844,845,0.01381760757994473,0.010032605417014073,1.3772701113622745,0.0037850021629306577,0.03499057475461639,0.8352524262899428,0.009478672985781991,0.010056932775736313,0.942501376627529,-0.0005782597899543218,0.007100591715976331,0.00995545960027389,0.7132359530423872,-0.0028548678842975584,False
head_tail,17,prize5_4,21,prize6_2,de,2533,844,845,0.010264508487958943,0.010043617241481423,1.0219931963919544,0.0002208912464775198,0.49526820229864404,0.9622180214446507,0.009478672985781991,0.009968059051453865,0.950904577998011,-0.0004893860656718738,0.007100591715976331,0.009957243892701575,0.7131081444315025,-0.002856652176725244,False
head_tail,3,prize2_2,21,prize6_2,de,2533,844,845,0.010264508487958943,0.010031861374820332,1.0231908221661183,0.00023264711313861035,0.49289677539983656,0.9622180214446507,0.008293838862559242,0.01002879687307403,0.8270023780047918,-0.001734958010514787,0.007100591715976331,0.009957689965808496,0.7130761994355597,-0.002857098249832165,False
tail_tail,1,prize1,13,prize4_4,de,2533,844,845,0.010659297275957363,0.009947784606927716,1.0715247361240756,0.0007115126690296469,0.39713715169210106,0.9494918937002462,0.01066350710900474,0.01004130171870171,1.0619646145224564,0.0006222053903030302,0.007100591715976331,0.00995902818512926,0.7129803816178446,-0.00285843646915293,False
head_tail,24,prize7_2,14,prize5_1,de,2533,844,845,0.011843663639952625,0.010037813712370253,1.1799047062765178,0.001805849927582372,0.20834349166753086,0.9445822294163744,0.0071090047393364926,0.009939029945532465,0.7152614267483869,-0.0028300252061959725,0.007100591715976331,0.009961704623770792,0.7127888232133259,-0.002861112907794461,False
head_tail,21,prize6_2,8,prize3_5,de,2533,844,845,0.007106198183971575,0.010046891027133879,0.7073032010379824,-0.002940692843162304,0.9433865970535814,0.9839959698496815,0.017772511848341232,0.01002656386492623,1.7725426265433748,0.007745947983415002,0.007100591715976331,0.009962150696877711,0.7127569068195048,-0.0028615589809013802,False
tail_tail,0,special,21,prize6_2,de,2533,844,845,0.009080142123963679,0.009989599778215903,0.9089595504881529,-0.0009094576542522242,0.7123419356784292,0.982710387641021,0.009478672985781991,0.010084175475139474,0.9399551811796385,-0.0006055024893574824,0.007100591715976331,0.009962596769984632,0.7127249932837826,-0.0028620050540083012,False
tail_tail,11,prize4_2,17,prize5_4,de,2533,844,845,0.015791551519936834,0.01001712933938428,1.5764547890830656,0.005774422180552553,0.002408663798996009,0.5672038784673793,0.008293838862559242,0.009914020254277104,0.8365767518964989,-0.0016201813917178613,0.007100591715976331,0.009966165354840004,0.7124697878435234,-0.0028655736388636726,False
tail_tail,12,prize4_3,18,prize5_5,de,2533,844,845,0.008685353335965259,0.010016980530945534,0.8670630145614769,-0.0013316271949802751,0.7802002529671999,0.982710387641021,0.005924170616113744,0.01002969007633315,0.5906633775347541,-0.004105519460219407,0.007100591715976331,0.009967949647267691,0.7123422536471851,-0.00286735793129136,False
tail_tail,19,prize5_6,4,prize3_1,de,2533,844,845,0.007895775759968417,0.01002084955035298,0.7879347674359897,-0.0021250737903845632,0.879744527325768,0.9839959698496815,0.009478672985781991,0.009973418271008587,0.9503936091134616,-0.0004947452852265954,0.007100591715976331,0.009968395720374614,0.7123103772318431,-0.002867804004398283,False
head_tail,2,prize2_1,20,prize6_1,de,2533,844,845,0.009080142123963679,0.009941088227184057,0.9133951853614871,-0.000860946103220378,0.7043582094974921,0.982710387641021,0.002369668246445498,0.009923845490127425,0.2387852822580645,-0.0075541772436819275,0.007100591715976331,0.009969733939695377,0.712214765100671,-0.0028691422237190458,False
tail_tail,1,prize1,19,prize5_6,de,2533,844,845,0.010659297275957363,0.009950909584141425,1.0711882351885582,0.0007083876918159374,0.39776467970696205,0.9494918937002462,0.013033175355450236,0.009972971669379029,1.3068497322084294,0.0030602036860712077,0.007100591715976331,0.009972856451443827,0.7119917699154626,-0.002872264735467496,False
head_tail,20,prize6_1,5,prize3_2,de,2533,844,845,0.010264508487958943,0.010028736397606623,1.0235096507680257,0.0002357720903523198,0.4922660315592497,0.9622180214446507,0.01066350710900474,0.009996641555745709,1.0667089591579626,0.0006668655532590315,0.007100591715976331,0.009973748597657671,0.7119280826512813,-0.00287315688168134,False
tail_tail,17,prize5_4,18,prize5_5,de,2533,844,845,0.012238452427951046,0.009985730758808454,1.2255940725375014,0.002252721669142593,0.14904930508125847,0.9321775641699296,0.009478672985781991,0.00998458331174759,0.9493308523581191,-0.0005059103259655983,0.007100591715976331,0.009974640743871513,0.711864406779661,-0.002874049027895182,False
tail_tail,10,prize4_1,11,prize4_2,de,2533,844,845,0.008290564547966837,0.010039152988318985,0.8258231105366448,-0.0017485884403521477,0.8370868525144216,0.9839959698496815,0.005924170616113744,0.00990330181516766,0.5982015621335932,-0.003979131199053917,0.007100591715976331,0.009975532890085357,0.711800742297545,-0.0028749411741090256,False
tail_tail,5,prize3_2,9,prize3_6,de,2533,844,845,0.010659297275957363,0.009973974892147363,1.0687110596548186,0.0006853223838099998,0.4023927747305062,0.9494918937002462,0.01066350710900474,0.01002879687307403,1.0632887717204467,0.0006347102359307109,0.007100591715976331,0.00997597896319228,0.7117689143265962,-0.0028753872472159483,False
tail_tail,2,prize2_1,20,prize6_1,de,2533,844,845,0.007500986971969996,0.009979183187503543,0.7516634208462197,-0.002478196215533547,0.9122837689988488,0.9839959698496815,0.013033175355450236,0.009942156156939387,1.3109002865895836,0.003091019198510849,0.007100591715976331,0.009976425036299199,0.711737089201878,-0.0028758333203228676,False
tail_tail,7,prize3_4,20,prize6_1,de,2533,844,845,0.013028030003947888,0.010004034196774456,1.3022776359709407,0.003023995807173432,0.0764061590722304,0.8435413945880753,0.013033175355450236,0.009968059051453865,1.307493794747265,0.003065116303996371,0.007100591715976331,0.009978209328726886,0.7116098171576735,-0.002877617612750555,False
tail_tail,12,prize4_3,21,prize6_2,de,2533,844,845,0.0094749309119621,0.010022337634740459,0.9453813329057205,-0.0005474067227783583,0.6466796896110699,0.9770536338286936,0.0071090047393364926,0.00997118526286079,0.7129548345486141,-0.0028621805235242966,0.007100591715976331,0.009978655401833805,0.7115780062583819,-0.0028780636858574743,False
head_tail,20,prize6_1,12,prize4_3,de,2533,844,845,0.00986971969996052,0.00998766526851218,0.9881908769085902,-0.00011794556855165839,0.5634118483532283,0.9681595906586115,0.016587677725118485,0.009948855181382785,1.6672951231774764,0.0066388225437357,0.007100591715976331,0.009978655401833807,0.7115780062583817,-0.002878063685857476,False
head_tail,7,prize3_4,17,prize5_4,de,2533,844,845,0.011054086063955783,0.010026801887902899,1.102453822019988,0.001027284176052884,0.33750666799371476,0.9469642663909963,0.016587677725118485,0.009986369718265829,1.6610318056599047,0.006601308006852656,0.007100591715976331,0.009979101474940728,0.7115461982030307,-0.002878509758964397,False
tail_tail,1,prize1,6,prize3_3,de,2533,844,845,0.013422818791946308,0.009999569943612016,1.34233960736693,0.003423248848334292,0.05134291183153726,0.8352524262899428,0.01066350710900474,0.009961806628640024,1.0704390786252906,0.0007017004803647163,0.007100591715976331,0.009980439694261493,0.7114507910968088,-0.0028798479782851617,False
tail_tail,2,prize2_1,22,prize6_3,de,2533,844,845,0.010659297275957363,0.010034093501401551,1.0623079478448634,0.0006252037745558114,0.4144694549992659,0.9494918937002462,0.013033175355450236,0.010012719214409868,1.3016619238351814,0.003020456141040368,0.007100591715976331,0.0099826700597961,0.7112918360963403,-0.0028820783438197684,False
head_tail,16,prize5_3,14,prize5_1,de,2533,844,845,0.012238452427951046,0.010009540109008133,1.2226787938975332,0.0022289123189429133,0.15215263701085519,0.9321775641699296,0.01066350710900474,0.009969398856342546,1.069623882308671,0.0006941082526621938,0.007100591715976331,0.0099826700597961,0.7112918360963403,-0.0028820783438197684,False
tail_tail,12,prize4_3,24,prize7_2,de,2533,844,845,0.008290564547966837,0.010001206836438245,0.828956413316153,-0.0017106422884714083,0.8327773686671764,0.9839959698496815,0.005924170616113744,0.010027457068185351,0.5907949119931589,-0.004103286452071608,0.007100591715976331,0.009985346498437627,0.7111011838284567,-0.002884754782461296,False
head_tail,23,prize7_1,18,prize5_5,de,2533,844,845,0.011054086063955783,0.009963409492996256,1.109468206814767,0.0010906765709595267,0.32537282347624624,0.9469642663909963,0.005924170616113744,0.01002835027144447,0.5907422911805048,-0.004104179655330726,0.007100591715976331,0.009985346498437629,0.7111011838284566,-0.002884754782461298,False
head_tail,13,prize4_4,3,prize2_2,de,2533,844,845,0.010264508487958943,0.009977546294677314,1.0287607979764237,0.00028696219328162853,0.481909291648599,0.9622180214446507,0.004739336492890996,0.010119457003874715,0.4683390117746748,-0.005380120510983719,0.007100591715976331,0.009989807229506846,0.7107836570663093,-0.0028892155135305147,False
head_tail,13,prize4_4,11,prize4_2,de,2533,844,845,0.008290564547966837,0.009978587953748551,0.830835443491021,-0.001688023405781714,0.8301688296958791,0.9839959698496815,0.01066350710900474,0.009926525099904784,1.074243705796606,0.0007369820090999558,0.007100591715976331,0.00999203759504145,0.7106250000000001,-0.0028914458790651196,False
tail_tail,11,prize4_2,15,prize5_2,de,2533,844,845,0.012633241215949467,0.010019807891281745,1.260826689795288,0.0026134333246677216,0.11103124928853936,0.8951928852261679,0.01066350710900474,0.009933224124348184,1.073519229558759,0.0007302829846565564,0.007100591715976331,0.009994267960576057,0.7104664137469315,-0.0028936762445997263,False
tail_tail,10,prize4_1,4,prize3_1,de,2533,844,845,0.007106198183971575,0.009993766414500846,0.7110630656386524,-0.002887568230529271,0.9407552733841337,0.9839959698496815,0.008293838862559242,0.009897942595612944,0.8379356399010954,-0.001604103733053702,0.007100591715976331,0.009996052253003743,0.7103395956981571,-0.002895460537027412,False
head_tail,14,prize5_1,18,prize5_5,de,2533,844,845,0.00986971969996052,0.00998528433349221,0.9884265054782599,-0.0001155646335316892,0.5629448720719785,0.9681595906586115,0.0071090047393364926,0.01001539882418723,0.7098074539146875,-0.002906394084850738,0.007100591715976331,0.009998282618538351,0.7101811367895066,-0.0028976909025620204,False
tail_tail,20,prize6_1,15,prize5_2,de,2533,844,845,0.010659297275957363,0.01000462943052945,1.0654364911737932,0.0006546678454279128,0.4085491830036838,0.9494918937002462,0.011848341232227487,0.01002433085677843,1.181958317368951,0.0018240103754490582,0.007100591715976331,0.009999174764752195,0.7101177730192719,-0.002898583048775864,False
head_tail,24,prize7_2,19,prize5_6,de,2533,844,845,0.008685353335965259,0.010022635251617956,0.8665738219459977,-0.001337281915652697,0.7809805585867488,0.982710387641021,0.013033175355450236,0.009985923116636267,1.3051547867154447,0.003047252238813969,0.007100591715976331,0.010004527642035252,0.7097378277153559,-0.0029039359260589212,False
head_tail,8,prize3_5,22,prize6_3,de,2533,844,845,0.005527043031977891,0.010013706745293078,0.5519477624582791,-0.0044866637133151865,0.991058559717883,0.9961063912099644,0.014218009478672985,0.010102039540321872,1.4074394999071613,0.004115969938351113,0.007100591715976331,0.010008096226890625,0.7094847566411124,-0.0029075045109142944,False
tail_tail,24,prize7_2,0,special,de,2533,844,845,0.013422818791946308,0.010022486443179207,1.3392703365621605,0.003400332348767101,0.05277358087088714,0.8352524262899428,0.009478672985781991,0.010100253133803635,0.9384589534750043,-0.0006215801480216436,0.007100591715976331,0.010008988373104469,0.7094215170692574,-0.002908396657128138,False
tail_tail,1,prize1,5,prize3_2,de,2533,844,845,0.0094749309119621,0.00996832017147494,0.95050427243251,-0.0004933892595128386,0.6368353573399392,0.9770536338286936,0.015402843601895734,0.01004040851544259,1.5340853490378885,0.005362435086453144,0.007100591715976331,0.010010772665532155,0.7092950717404864,-0.002910180949555824,False
tail_tail,23,prize7_1,15,prize5_2,de,2533,844,845,0.00986971969996052,0.010036028011105275,0.9834288713661692,-0.0001663083111447545,0.5728629316768501,0.9681595906586115,0.014218009478672985,0.009872039701098463,1.4402301762513117,0.004345969777574522,0.007100591715976331,0.010011664811745997,0.7092318659775441,-0.0029110730957696658,False
head_tail,22,prize6_3,19,prize5_6,de,2533,844,845,0.00986971969996052,0.009979034379064795,0.9890455654373126,-0.0001093146791042738,0.5617166577907389,0.9681595906586115,0.014218009478672985,0.01003549589751743,1.4167719885362338,0.004182513581155555,0.007100591715976331,0.010014341250387526,0.7090423162583518,-0.002913749534411195,False
head_tail,17,prize5_4,16,prize5_3,de,2533,844,845,0.010659297275957363,0.009960135707343802,1.0701959882030578,0.000699161568613561,0.39961521144987544,0.9494918937002462,0.009478672985781991,0.010077923052325634,0.9405383367751199,-0.000599250066543643,0.007100591715976331,0.010014787323494449,0.7090107344884413,-0.002914195607518118,False
tail_tail,10,prize4_1,15,prize5_2,de,2533,844,845,0.012238452427951046,0.010076801523322224,1.214517562901859,0.0021616509046288226,0.16110102516503577,0.9395411787624885,0.0035545023696682463,0.009951534791160144,0.35718132371156236,-0.006397032421491897,0.007100591715976331,0.010016125542815212,0.7089160060568273,-0.002915533826838881,False
tail_tail,16,prize5_3,1,prize1,de,2533,844,845,0.011448874851954205,0.009944510821275261,1.1512758201701094,0.0015043640306789431,0.2536602467164267,0.9469642663909963,0.01066350710900474,0.009934563929236865,1.073374451557218,0.0007289431797678752,0.007100591715976331,0.010016571615922131,0.7088844355377423,-0.0029159798999458,False
tail_tail,8,prize3_5,0,special,de,2533,844,845,0.010264508487958943,0.010036623244860267,1.0227053698777997,0.00022788524309867546,0.49385763912059255,0.9622180214446507,0.0071090047393364926,0.009890350367910422,0.7187818909228838,-0.002781345628573929,0.007100591715976331,0.010016571615922135,0.708884435537742,-0.0029159798999458036,False
head_tail,24,prize7_2,7,prize3_4,de,2533,844,845,0.007500986971969996,0.00995715953856884,0.7533259804580901,-0.0024561725665988446,0.9107342098507352,0.9839959698496815,0.011848341232227487,0.010004233783448228,1.1843327024034858,0.0018441074487792596,0.007100591715976331,0.01001924805456366,0.7086950714571926,-0.0029186563385873296,False
head_tail,18,prize5_5,19,prize5_6,de,2533,844,845,0.010659297275957363,0.010015641254996802,1.064265083440308,0.0006436560209605608,0.410762013352824,0.9494918937002462,0.008293838862559242,0.01000869979974383,0.8286629660699306,-0.0017148609371845872,0.007100591715976331,0.01002103234699135,0.7085688849321164,-0.0029204406310150187,False
head_tail,7,prize3_4,13,prize4_4,de,2533,844,845,0.013422818791946308,0.009973826083708615,1.345804376303626,0.003448992708237694,0.049769289786357106,0.8352524262899428,0.009478672985781991,0.009976991084045069,0.950053268158175,-0.0004983180982630776,0.007100591715976331,0.010022816639419034,0.7084427433352619,-0.0029222249234427027,False
tail_tail,17,prize5_4,9,prize3_6,de,2533,844,845,0.011448874851954205,0.010003290154580718,1.1445109234096866,0.0014455846973734868,0.26390654089533894,0.9469642663909963,0.01066350710900474,0.010019864840482829,1.064236621827615,0.0006436422685219111,0.007100591715976331,0.010023708785632876,0.7083796893774199,-0.0029231170696565447,False
head_tail,18,prize5_5,20,prize6_1,de,2533,844,845,0.011843663639952625,0.010003736579896961,1.1839239813404419,0.0018399270600556634,0.20304549242981706,0.9445822294163744,0.016587677725118485,0.009934563929236865,1.6696935913112279,0.00665311379588162,0.007100591715976331,0.010025939151167484,0.708222103577149,-0.002925347435191153,False
head_tail,5,prize3_2,2,prize2_1,de,2533,844,845,0.010264508487958943,0.00999495688201083,1.0269687612593166,0.0002695516059481127,0.48543668275354807,0.9622180214446507,0.013033175355450236,0.009981010498711107,1.3057971792668956,0.003052164856739129,0.007100591715976331,0.01002683129738133,0.7081590888869115,-0.0029262395814049985,False
tail_tail,9,prize3_6,4,prize3_1,de,2533,844,845,0.007500986971969996,0.01002084955035298,0.7485380290641902,-0.002519862578382984,0.915159340636772,0.9839959698496815,0.0071090047393364926,0.010006913393225588,0.7104093400217791,-0.002897908653889096,0.007100591715976331,0.01002727737048825,0.7081275857466968,-0.0029266856545119195,False
head_tail,16,prize5_3,8,prize3_5,de,2533,844,845,0.01381760757994473,0.010000760411122,1.3816556953587205,0.00381684716882273,0.0335514988795469,0.8352524262899428,0.0071090047393364926,0.010016738629075908,0.7097125124839493,-0.002907733889739416,0.007100591715976331,0.010030399882236701,0.7079071422218268,-0.00292980816626037,False
tail_tail,13,prize4_4,8,prize3_5,de,2533,844,845,0.010659297275957363,0.010002694920825726,1.0656425453669074,0.0006566023551316368,0.40816008575202434,0.9494918937002462,0.011848341232227487,0.010001107572041309,1.1847029088408398,0.0018472336601861785,0.007100591715976331,0.010031738101557464,0.707812708435235,-0.002931146385581133,False
head_tail,18,prize5_5,2,prize2_1,de,2533,844,845,0.008290564547966837,0.009994361648255838,0.8295241697015898,-0.001703797100289001,0.8319908548979822,0.9839959698496815,0.01066350710900474,0.010079262857214315,1.0579649781999927,0.0005842442517904247,0.007100591715976331,0.010032630247771306,0.707749766573296,-0.002932038531794975,False
tail_tail,21,prize6_2,15,prize5_2,de,2533,844,845,0.011448874851954205,0.010041831540216449,1.140118195182094,0.0014070433117377556,0.27070287798382875,0.9469642663909963,0.008293838862559242,0.010074350239289152,0.8232629068437527,-0.0017805113767299097,0.007100591715976331,0.010032630247771306,0.707749766573296,-0.002932038531794975,False
tail_tail,5,prize3_2,19,prize5_6,de,2533,844,845,0.011054086063955783,0.010068170633874843,1.097923988968143,0.00098591543008094,0.34547467876186433,0.9469642663909963,0.008293838862559242,0.0098738261076167,0.8399822695035463,-0.0015799872450574584,0.007100591715976331,0.010033968467092072,0.7076553747666043,-0.0029333767511157413,False
tail_tail,13,prize4_4,10,prize4_1,de,2533,844,845,0.008685353335965259,0.009998528284540781,0.8686631760990378,-0.0013131749485755222,0.7776383249855001,0.982710387641021,0.0071090047393364926,0.009990835734561427,0.711552559586604,-0.0028818309952249347,0.007100591715976331,0.010033968467092072,0.7076553747666043,-0.0029333767511157413,False
head_tail,9,prize3_6,24,prize7_2,de,2533,844,845,0.010264508487958943,0.00997576059341234,1.02894495029655,0.0002887478945466024,0.48154729138732233,0.9622180214446507,0.01066350710900474,0.009935903734125544,1.0732297126007966,0.0007276033748791957,0.007100591715976331,0.010035306686412835,0.7075610081344179,-0.0029347149704365043,False
head_tail,20,prize6_1,0,special,de,2533,844,845,0.011054086063955783,0.010028438780729128,1.1022738738952629,0.001025647283226655,0.33782051908538646,0.9469642663909963,0.008293838862559242,0.010005573588336909,0.8289218793240434,-0.0017117347257776666,0.007100591715976331,0.010035306686412835,0.7075610081344179,-0.0029347149704365043,False
tail_tail,9,prize3_6,11,prize4_2,de,2533,844,845,0.015396762731938412,0.009993022372307106,1.5407513521240856,0.005403740359631306,0.004209982443981864,0.5672038784673793,0.014218009478672985,0.009855068839175179,1.4427103159497527,0.004362940639497806,0.007100591715976331,0.01003619883262668,0.7074981110271567,-0.0029356071166503498,False
head_tail,14,prize5_1,21,prize6_2,de,2533,844,845,0.011448874851954205,0.010001504453315742,1.144715268127349,0.0014473703986384624,0.26359308469319925,0.9469642663909963,0.0071090047393364926,0.009905981424945023,0.7176476953040467,-0.0027969766856085305,0.007100591715976331,0.0100366449057336,0.7074666666666667,-0.002936053189757269,False
head_tail,23,prize7_1,20,prize6_1,de,2533,844,845,0.012633241215949467,0.009977397486238567,1.26618602028976,0.002655843729710899,0.10654700237315445,0.8951928852261679,0.008293838862559242,0.010012272612780312,0.8283672631898227,-0.0017184337502210694,0.007100591715976331,0.01004824280651356,0.7066500932256059,-0.0029476510905372287,False
head_tail,3,prize2_2,20,prize6_1,de,2533,844,845,0.011843663639952625,0.0099970402001533,1.1847170165196501,0.001846623439799324,0.202010835815378,0.9445822294163744,0.01066350710900474,0.010043088125219953,1.0617757183895267,0.0006204189837847873,0.007100591715976331,0.010050027098941247,0.706524633821571,-0.002949435382964916,False
tail_tail,15,prize5_2,13,prize4_4,de,2533,844,845,0.00986971969996052,0.009924868107360525,0.9944434115593834,-5.514840740000401e-05,0.551019435338785,0.9681595906586115,0.0071090047393364926,0.009989495929672748,0.7116479939913626,-0.0028804911903362552,0.007100591715976331,0.010050919245155087,0.7064619208237174,-0.0029503275291787564,False
head_tail,23,prize7_1,14,prize5_1,de,2533,844,845,0.011843663639952625,0.010005819898039434,1.1836774757732051,0.001837843741913191,0.2033681442150329,0.9445822294163744,0.008293838862559242,0.009910000839611063,0.8369160605323167,-0.001616161977051821,0.007100591715976331,0.010051811391368933,0.7063992189580188,-0.002951219675392602,False
tail_tail,19,prize5_6,11,prize4_2,de,2533,844,845,0.009080142123963679,0.01001802219001677,0.906380715847514,-0.0009378800660530904,0.716953810609725,0.982710387641021,0.015402843601895734,0.01004442793010863,1.5334714638874563,0.005358415671787103,0.007100591715976331,0.010053149610689698,0.7063051870257797,-0.0029525578947133665,False
head_tail,26,prize7_4,18,prize5_5,de,2533,844,845,0.011448874851954205,0.01001206985246685,1.1435072887684001,0.0014368049994873539,0.26544910584009335,0.9469642663909963,0.005924170616113744,0.010008253198114268,0.5919285312675705,-0.004084082582000524,0.007100591715976331,0.010054041756903541,0.7062425129775055,-0.0029534500409272102,False
tail_tail,19,prize5_6,3,prize2_2,de,2533,844,845,0.011448874851954205,0.00995864762295632,1.1496415261809914,0.0014902272289978851,0.25611187726213025,0.9469642663909963,0.01066350710900474,0.009958233815603545,1.0708231305330573,0.000705273293401195,0.007100591715976331,0.010054933903117381,0.7061798500510181,-0.0029543421871410505,False
tail_tail,8,prize3_5,9,prize3_6,de,2533,844,845,0.011054086063955783,0.009972933233076128,1.108408710417705,0.0010811528308796552,0.3271889112377564,0.9469642663909963,0.01066350710900474,0.009937243539014224,1.073085012673702,0.0007262635699905162,0.007100591715976331,0.010055826049331225,0.7061171982433571,-0.002955234333354894,False
tail_tail,18,prize5_5,6,prize3_3,de,2533,844,845,0.013028030003947888,0.009993468797623351,1.303654443494757,0.003034561206324537,0.07553499928479894,0.8435413945880753,0.009478672985781991,0.010117670597356476,0.9368434062538624,-0.0006389976115744843,0.007100591715976331,0.010062071072828126,0.7056789466684399,-0.002961479356851795,False
head_tail,25,prize7_3,1,prize1,de,2533,844,845,0.011054086063955783,0.0099970402001533,1.1057358820850067,0.0010570458638024822,0.33179758510414425,0.9469642663909963,0.008293838862559242,0.010001554173670869,0.8292550056263062,-0.0017077153111116263,0.007100591715976331,0.010063855365255813,0.7055538318336951,-0.0029632636492794824,False
head_tail,6,prize3_3,11,prize4_2,de,2533,844,845,0.009080142123963679,0.010000462794244507,0.9079721919659065,-0.0009203206702808279,0.7141099162605281,0.982710387641021,0.008293838862559242,0.009889010563021742,0.8386924869483535,-0.0015951717004625,0.007100591715976331,0.010066977877004262,0.7053349875930521,-0.002966386161027931,False
head_tail,7,prize3_4,6,prize3_3,de,2533,844,845,0.007106198183971575,0.010007159173988164,0.7101114372641216,-0.002900960990016589,0.9414289563152238,0.9839959698496815,0.013033175355450236,0.009967612449824309,1.3075523773679585,0.0030655629056259275,0.007100591715976331,0.010067423950111185,0.7053037352120164,-0.002966832234134854,False
head_tail,18,prize5_5,11,prize4_2,de,2533,844,845,0.010659297275957363,0.010057902851601231,1.059793222625966,0.0006013944243561317,0.41925653065994717,0.9506625531916065,0.014218009478672985,0.009967165848194749,1.4264846893511005,0.004250843630478236,0.007100591715976331,0.010068762169431948,0.7052099946836788,-0.002968170453455617,False
head_tail,11,prize4_2,10,prize4_1,de,2533,844,845,0.008685353335965259,0.009987367651634682,0.8696338854156114,-0.0013020143156694235,0.7760789746733666,0.982710387641021,0.01066350710900474,0.009898389197242502,1.0772972143765962,0.0007651179117622378,0.007100591715976331,0.010068762169431948,0.7052099946836788,-0.002968170453455617,False
head_tail,2,prize2_1,12,prize4_3,de,2533,844,845,0.012238452427951046,0.009991831904797122,1.2248457084306343,0.002246620523153924,0.149842928379679,0.9321775641699296,0.015402843601895734,0.009905534823315463,1.5549734443051786,0.005497308778580271,0.007100591715976331,0.01006920824253887,0.7051787533779292,-0.0029686165265625395,False
tail_tail,19,prize5_6,12,prize4_3,de,2533,844,845,0.013422818791946308,0.009994659265133335,1.342999139427615,0.0034281595268129735,0.05103945341623066,0.8352524262899428,0.008293838862559242,0.01001539882418723,0.8281086962338021,-0.0017215599616279883,0.007100591715976331,0.010072330754287321,0.7049601417183348,-0.00297173903831099,False
tail_tail,19,prize5_6,14,prize5_1,de,2533,844,845,0.013422818791946308,0.010032903033891568,1.3378798485945158,0.003389915758054741,0.053432755036003476,0.8352524262899428,0.0071090047393364926,0.009972971669379029,0.7128271266591433,-0.002863966930042536,0.007100591715976331,0.010085266874388045,0.7040559069397141,-0.0029846751584117143,False
head_tail,25,prize7_3,5,prize3_2,de,2533,844,845,0.007500986971969996,0.010002843729264474,0.7498854500770609,-0.002501856757294478,0.9139269756208683,0.9839959698496815,0.013033175355450236,0.009966719246565187,1.3076695583596214,0.003066456108885049,0.007100591715976331,0.010086605093708808,0.7039624977887846,-0.0029860133777324773,False
head_tail,3,prize2_2,4,prize3_1,de,2533,844,845,0.008290564547966837,0.009993915222939595,0.8295612243074705,-0.0017033506749727576,0.831940567128909,0.9839959698496815,0.016587677725118485,0.009960020222121784,1.6654261091033016,0.0066276575029967,0.007100591715976331,0.010091065824778022,0.703651312881266,-0.0029904741088016907,False
head_tail,11,prize4_2,14,prize5_1,de,2533,844,845,0.010264508487958943,0.010028885206045371,1.0234944639481502,0.0002356232819135714,0.49229605541217136,0.9622180214446507,0.008293838862559242,0.009978330888933748,0.8311849902429418,-0.001684492026374506,0.007100591715976331,0.010094188336526474,0.7034336470900172,-0.002993596620550143,False
tail_tail,18,prize5_5,11,prize4_2,de,2533,844,845,0.00986971969996052,0.010001058027999497,0.9868675566453795,-0.00013133832803897613,0.5660375633947833,0.9681595906586115,0.01066350710900474,0.009958233815603547,1.070823130533057,0.0007052732934011933,0.007100591715976331,0.010094634409633397,0.7034025629695093,-0.0029940426936570655,False
tail_tail,2,prize2_1,23,prize7_1,de,2533,844,845,0.007895775759968417,0.009999718752050765,0.7895997833288195,-0.002103942992082348,0.87783946920001,0.9839959698496815,0.016587677725118485,0.009907321229833704,1.6742848384857418,0.00668035649528478,0.007100591715976331,0.010096864775168003,0.7032471835652749,-0.002996273059191672,False
tail_tail,13,prize4_4,20,prize6_1,de,2533,844,845,0.0094749309119621,0.009996444966398309,0.9478300479631302,-0.000521514054436208,0.6419790624261535,0.9770536338286936,0.01066350710900474,0.010064971605068392,1.0594671825636295,0.0005985355039363482,0.007100591715976331,0.010100879433130296,0.7029676735559088,-0.0030002877171539646,False
tail_tail,15,prize5_2,11,prize4_2,de,2533,844,845,0.0094749309119621,0.009981712930962259,0.9492289527353395,-0.0005067820190001581,0.6392898159761139,0.9770536338286936,0.01066350710900474,0.010039961913813029,1.0621063307355614,0.0006235451951917114,0.007100591715976331,0.010135227062363252,0.7005853615597903,-0.003034635346386921,False
tail_tail,18,prize5_5,21,prize6_2,de,2533,844,845,0.011843663639952625,0.009973528466831118,1.187509884725451,0.001870135173121507,0.19840425420425162,0.9445822294163744,0.005924170616113744,0.010018525035594151,0.5913216361755999,-0.004094354419480408,0.007100591715976331,0.01015262391353319,0.6993848857644991,-0.0030520321975568586,False
tail_tail,19,prize5_6,19,prize5_6,de,2533,844,845,0.01421239636794315,0.009774422775786308,1.4540394552147686,0.004437973592156842,0.015020162225618661,0.7064321459661937,0.009478672985781991,0.00983720477399278,0.9635534893856574,-0.0003585317882107888,0.005917159763313609,0.0097792607230399,0.6050722984992929,-0.003862100959726291,False
head_tail,23,prize7_1,2,prize2_1,de,2533,844,845,0.010659297275957363,0.009976802252483574,1.0684081939485062,0.0006824950234737889,0.4029608946094429,0.9494918937002462,0.0071090047393364926,0.009933670725977745,0.7156473105903932,-0.0028246659866412527,0.005917159763313609,0.009865352832675747,0.599792005787665,-0.003948193069362138,False
head_tail,20,prize6_1,14,prize5_1,de,2533,844,845,0.01421239636794315,0.009991534287919627,1.4224438367915928,0.004220862080023523,0.02086020501132534,0.7544446491843871,0.009478672985781991,0.009973418271008587,0.9503936091134616,-0.0004947452852265954,0.005917159763313609,0.009901484754336389,0.597603279722485,-0.0039843249910227795,False
head_tail,17,prize5_4,26,prize7_4,de,2533,844,845,0.012238452427951046,0.009978439145309805,1.2264896593274834,0.002260013282641242,0.14810785520663405,0.9321775641699296,0.005924170616113744,0.009930991116200383,0.5965336739099152,-0.004006820500086639,0.005917159763313609,0.00990772977783329,0.5972265994327135,-0.00399057001451968,False
head_tail,21,prize6_2,18,prize5_5,de,2533,844,845,0.012238452427951046,0.010022188826301712,1.2211356860322853,0.002216263601649334,0.1538148224312565,0.9321775641699296,0.005924170616113744,0.009894369782576462,0.5987415819596656,-0.003970199166462718,0.005917159763313609,0.009910852289581738,0.5970384373030877,-0.003993692526268129,False
tail_tail,19,prize5_6,10,prize4_1,de,2533,844,845,0.013422818791946308,0.01000909368369189,1.3410623595037883,0.0034137251082544187,0.05193436375542983,0.8352524262899428,0.008293838862559242,0.010011379409521189,0.8284411691231578,-0.0017175405469619463,0.005917159763313609,0.00991442087443711,0.5968235399982004,-0.0039972611111235,False
head_tail,3,prize2_2,0,special,de,2533,844,845,0.011448874851954205,0.009953588136038888,1.1502258979856061,0.0014952867159153168,0.25523390263669,0.9469642663909963,0.01066350710900474,0.010030136677962709,1.0631467398080043,0.0006333704310420313,0.005917159763313609,0.009925126629003226,0.5961797752808989,-0.004007966865689616,False
head_tail,8,prize3_5,26,prize7_4,de,2533,844,845,0.011054086063955783,0.010047932686205114,1.1001353620861756,0.0010061533777506685,0.34157065047253266,0.9469642663909963,0.01066350710900474,0.010057379377365873,1.0602669650707377,0.0006061277316388673,0.005917159763313609,0.009929141286965521,0.5959387214160564,-0.004011981523651912,False
head_tail,24,prize7_2,24,prize7_2,de,2533,844,845,0.00986971969996052,0.01003290303389157,0.983735182790085,-0.00016318333393104852,0.5722543484034788,0.9681595906586115,0.01066350710900474,0.009905981424945023,1.0764715429560703,0.0007575256840597171,0.005917159763313609,0.009930479506286284,0.5958584134399425,-0.004013319742972675,False
tail_tail,11,prize4_2,1,prize1,de,2533,844,845,0.012633241215949467,0.009979034379064795,1.26597832375976,0.002654206836884672,0.10671582159892828,0.8951928852261679,0.01066350710900474,0.009923398888497864,1.0745821294521105,0.0007401082205068764,0.005917159763313609,0.009930925579393207,0.595831648924224,-0.004013765816079598,False
tail_tail,7,prize3_4,18,prize5_5,de,2533,844,845,0.012633241215949467,0.010014450787486816,1.261501153087183,0.00261879042846265,0.11046122107529055,0.8951928852261679,0.0071090047393364926,0.009941709555309824,0.7150686408395027,-0.0028327048159733316,0.005917159763313609,0.00993538631046242,0.5955641359493558,-0.004018226547148811,False
tail_tail,1,prize1,0,special,de,2533,844,845,0.008685353335965259,0.010009986534324377,0.8676688331380934,-0.0013246331983591177,0.7792327782983279,0.982710387641021,0.01066350710900474,0.01002299105188975,1.0639046821252252,0.0006405160571149905,0.005917159763313609,0.009936278456676264,0.5955106621773288,-0.004019118693362655,False
tail_tail,18,prize5_5,12,prize4_3,de,2533,844,845,0.0094749309119621,0.00998840931070592,0.9485925753769967,-0.0005134783987438187,0.6405135644785658,0.9770536338286936,0.013033175355450236,0.009950641587901024,1.3097824135578615,0.003082533767549212,0.005917159763313609,0.009938062749103952,0.5954037434355222,-0.004020902985790342,False
head_tail,11,prize4_2,21,prize6_2,de,2533,844,845,0.007500986971969996,0.009958350006078824,0.7532359243640971,-0.0024573630341088283,0.9108165160247518,0.9839959698496815,0.005924170616113744,0.009957340612344427,0.5949551036518088,-0.0040331699962306835,0.005917159763313609,0.009938508822210873,0.5953770197486534,-0.004021349058897263,False
head_tail,22,prize6_3,8,prize3_5,de,2533,844,845,0.006316620607974733,0.01000760559930441,0.6311820090525727,-0.003690984991329676,0.9753715418033505,0.9919115105331707,0.014218009478672985,0.01001807843396459,1.4192351928957996,0.0041999310447083955,0.005917159763313609,0.009943415626387007,0.5950832174420171,-0.004026255863073398,False
tail_tail,6,prize3_3,18,prize5_5,de,2533,844,845,0.010264508487958943,0.010040343455828969,1.0223264306760178,0.00022416503212997416,0.4946080100096079,0.9622180214446507,0.011848341232227487,0.010060505588772794,1.1777083296340356,0.0017878356434546938,0.005917159763313609,0.009944753845707772,0.5950031398582579,-0.0040275940823941625,False
head_tail,2,prize2_1,1,prize1,de,2533,844,845,0.0094749309119621,0.009989004544460911,0.9485360497924816,-0.0005140736324988106,0.6406225762133764,0.9770536338286936,0.009478672985781991,0.00984970961962046,0.9623301956943613,-0.0003710366338384695,0.005917159763313609,0.009945199918814695,0.5949764521193093,-0.004028040155501085,False
head_tail,9,prize3_6,21,prize6_2,de,2533,844,845,0.015001973943939992,0.010070402760456062,1.4897094287875923,0.00493157118348393,0.008500587280018262,0.5672038784673793,0.013033175355450236,0.009995748352486589,1.3038718959154312,0.0030374270029636472,0.005917159763313609,0.009954567454060046,0.5944165621079046,-0.004037407690746436,False
head_tail,26,prize7_4,15,prize5_2,de,2533,844,845,0.012238452427951046,0.010015343638119305,1.2219702957939844,0.0022231087898317414,0.1529139318880079,0.9321775641699296,0.004739336492890996,0.009883204741837463,0.4795343835009806,-0.005143868248946467,0.005917159763313609,0.009958136038915419,0.594203547751299,-0.0040409762756018095,False
tail_tail,1,prize1,18,prize5_5,de,2533,844,845,0.0094749309119621,0.010004927047406945,0.9470264867566218,-0.0005299961354448442,0.6435230923944582,0.9770536338286936,0.009478672985781991,0.010100699735433193,0.9384174595875635,-0.0006220267496512017,0.005917159763313609,0.00996527320862616,0.5937779767233663,-0.004048113445312551,False
head_tail,17,prize5_4,2,prize2_1,de,2533,844,845,0.010659297275957363,0.0099564154963751,1.0705958665383306,0.0007028817795822623,0.39886887494066153,0.9494918937002462,0.004739336492890996,0.01001316581603943,0.47331049739527586,-0.005273829323148434,0.005917159763313609,0.009965719281733083,0.5937513987735553,-0.004048559518419473,False
head_tail,9,prize3_6,18,prize5_5,de,2533,844,845,0.0094749309119621,0.009976504635606079,0.9497245035246248,-0.000501573723643978,0.6383373252587898,0.9770536338286936,0.0071090047393364926,0.01002879687307403,0.7088591811469643,-0.0029197921337375367,0.005917159763313609,0.009966165354840004,0.5937248232029362,-0.004049005591526394,False
head_tail,20,prize6_1,17,prize5_4,de,2533,844,845,0.007895775759968417,0.010002843729264474,0.7893531053442746,-0.0021070679692960573,0.8781211545548775,0.9839959698496815,0.0035545023696682463,0.00997520467752683,0.35633377806033356,-0.006420702307858583,0.005917159763313609,0.009967503574160768,0.5936451107630343,-0.004050343810847159,False
head_tail,18,prize5_5,1,prize1,de,2533,844,845,0.012633241215949467,0.009988260502267171,1.264808943767729,0.0026449807136822955,0.10768432286475194,0.8951928852261679,0.01066350710900474,0.009908214433092824,1.0762289392314004,0.0007552926759119161,0.005917159763313609,0.009968395720374612,0.593591981026536,-0.004051235957061003,False
head_tail,20,prize6_1,13,prize4_4,de,2533,844,845,0.011448874851954205,0.010032456608575324,1.1411835902851735,0.0014164182433788804,0.26904344095935406,0.9469642663909963,0.008293838862559242,0.009930991116200383,0.8351471434738814,-0.0016371522536411404,0.005917159763313609,0.009968841793481531,0.5935654197243603,-0.004051682030167922,False
head_tail,9,prize3_6,13,prize4_4,de,2533,844,845,0.006711409395973154,0.009971742765566144,0.6730427723375108,-0.0032603333695929897,0.9600866240940926,0.9888452758037601,0.009478672985781991,0.010011379409521189,0.9467899075693231,-0.0005327064237391974,0.005917159763313609,0.009969287866588454,0.593538860799141,-0.004052128103274845,False
head_tail,17,prize5_4,10,prize4_1,de,2533,844,845,0.008290564547966837,0.010039004179880236,0.8258353517356283,-0.0017484396319133993,0.8370694189924022,0.9839959698496815,0.0071090047393364926,0.009884544546726142,0.7192040772066797,-0.0027755398073896495,0.005917159763313609,0.00997062608590922,0.5934591982820329,-0.004053466322595611,False
tail_tail,18,prize5_5,20,prize6_1,de,2533,844,845,0.012238452427951046,0.010001802070193239,1.2236247370284739,0.0022366503577578075,0.15114128952405048,0.9321775641699296,0.014218009478672985,0.01001182601115075,1.4201215105853382,0.004206183467522235,0.005917159763313609,0.009970626085909222,0.5934591982820328,-0.004053466322595613,False
head_tail,2,prize2_1,3,prize2_2,de,2533,844,845,0.007895775759968417,0.00993290376305292,0.7949111305535913,-0.0020371280030845023,0.8716446052569979,0.9839959698496815,0.011848341232227487,0.009985029913377148,1.1866104894041452,0.0018633113188503397,0.005917159763313609,0.009971518232123062,0.5934061018162298,-0.004054358468809453,False
head_tail,14,prize5_1,14,prize5_1,de,2533,844,845,0.008685353335965259,0.00999049262884839,0.8693618681911209,-0.0013051392928831312,0.7765144955421162,0.982710387641021,0.008293838862559242,0.009976991084045069,0.8312966096384031,-0.0016831522214858265,0.005917159763313609,0.009972410378336904,0.5933530148505994,-0.004055250615023295,False
tail_tail,23,prize7_1,22,prize6_3,de,2533,844,845,0.00986971969996052,0.010090343091248294,0.9781351942850063,-0.00022062339128777267,0.5833742578558225,0.9731803981164636,0.01066350710900474,0.009885884351614822,1.0786599083837043,0.0007776227573899185,0.005917159763313609,0.009972856451443827,0.5933264749295523,-0.004055696688130218,False
tail_tail,19,prize5_6,0,special,de,2533,844,845,0.00986971969996052,0.01003647443642152,0.9833851281625487,-0.00016675473646099968,0.5729499202441464,0.9681595906586115,0.01066350710900474,0.009995301750857027,1.0668519445238778,0.0006682053581477127,0.005917159763313609,0.009974640743871511,0.5932203389830509,-0.004057480980557902,False
head_tail,18,prize5_5,6,prize3_3,de,2533,844,845,0.00986971969996052,0.0100342423098403,0.9836038831035169,-0.0001645226098797789,0.5725155142096477,0.9681595906586115,0.0071090047393364926,0.01002924347470359,0.708827615688789,-0.0029202387353670983,0.005917159763313609,0.009974640743871511,0.5932203389830509,-0.004057480980557902,False
head_tail,19,prize5_6,3,prize2_2,de,2533,844,845,0.00986971969996052,0.009984093865982226,0.9885443619063518,-0.00011437416602170548,0.5627106993378538,0.9681595906586115,0.004739336492890996,0.009996641555745709,0.47409287073687223,-0.005257305062854713,0.005917159763313609,0.00997999362115457,0.592902158852188,-0.004062833857840961,False
head_tail,22,prize6_3,22,prize6_3,de,2533,844,845,0.007106198183971575,0.009989748586654652,0.711349051713351,-0.0028835504026830765,0.940551010037654,0.9839959698496815,0.01066350710900474,0.010055592970847632,1.0604553247053181,0.0006079141381571083,0.005917159763313609,0.009979993621154572,0.5929021588521879,-0.004062833857840962,False
tail_tail,16,prize5_3,3,prize2_2,de,2533,844,845,0.00986971969996052,0.010031117332626592,0.9839103035769386,-0.0001613976326660712,0.5719070783193133,0.9681595906586115,0.005924170616113744,0.010089981296323755,0.5871339541800926,-0.004165810680210011,0.005917159763313609,0.009980885767368414,0.5928491620111732,-0.004063726004054804,False
head_tail,9,prize3_6,14,prize5_1,de,2533,844,845,0.013422818791946308,0.01004019464739022,1.3369082237300394,0.0033826241445560883,0.053896398476326685,0.8352524262899428,0.009478672985781991,0.010114990987579116,0.9370915898414044,-0.0006363180017971252,0.005917159763313609,0.009981331840475335,0.592822667143368,-0.004064172077161725,False
head_tail,18,prize5_5,18,prize5_5,de,2533,844,845,0.0094749309119621,0.010017426956261778,0.9458447716496132,-0.0005424960442996767,0.6457907661739594,0.9770536338286936,0.011848341232227487,0.009821573716958179,1.2063587337098371,0.0020267675152693086,0.005917159763313609,0.00998311613290302,0.5927167113494192,-0.004065956369589411,False
tail_tail,0,special,8,prize3_5,de,2533,844,845,0.012238452427951046,0.00998528433349221,1.2256488667930423,0.0022531680944588364,0.14899450116474666,0.9321775641699296,0.009478672985781991,0.009960466823751346,0.9516293918252418,-0.0004817938379693548,0.005917159763313609,0.009985346498437629,0.5925843198570471,-0.0040681867351240195,False
tail_tail,3,prize2_2,4,prize3_1,de,2533,844,845,0.009080142123963679,0.010026801887902899,0.9055870680878474,-0.0009466597639392199,0.7183678119696333,0.982710387641021,0.008293838862559242,0.009979224092192865,0.8311105939636966,-0.0016853852296336222,0.005917159763313609,0.009985792571544552,0.5925578486554095,-0.004068632808230942,False
tail_tail,17,prize5_4,11,prize4_2,de,2533,844,845,0.012633241215949467,0.009985730758808455,1.265129365200001,0.0026475104571410113,0.1074191740860439,0.8951928852261679,0.009478672985781991,0.010060058987143232,0.9422084898205614,-0.0005813860013612407,0.005917159763313609,0.009986238644651473,0.5925313798186447,-0.004069078881337863,False
head_tail,6,prize3_3,19,prize5_6,de,2533,844,845,0.011448874851954205,0.01003290303389157,1.1411328120364985,0.0014159718180626352,0.2691229622493431,0.9469642663909963,0.01066350710900474,0.009998874563893506,1.066470735367684,0.000664632545111234,0.005917159763313609,0.009987576863972236,0.5924519874944172,-0.004070417100658626,False
head_tail,14,prize5_1,12,prize4_3,de,2533,844,845,0.011054086063955783,0.009999272326734521,1.105489049878266,0.0010548137372212614,0.3322249914367913,0.9469642663909963,0.015402843601895734,0.009974311474267706,1.5442513141516447,0.005428532127628028,0.005917159763313609,0.009988915083293,0.5923726164426384,-0.004071755319979391,False
head_tail,15,prize5_2,25,prize7_3,de,2533,844,845,0.00986971969996052,0.009974421317463606,0.9895029882766462,-0.00010470161750308557,0.5608099577530912,0.9681595906586115,0.0071090047393364926,0.010039068710553913,0.7081338861505061,-0.00293006397121742,0.005917159763313609,0.00998980722950684,0.5923197142219248,-0.004072647466193231,False
tail_tail,26,prize7_4,11,prize4_2,de,2533,844,845,0.009080142123963679,0.009998081859224538,0.9081884157195673,-0.0009179397352608587,0.7137225328187455,0.982710387641021,0.005924170616113744,0.009993515344338788,0.592801472954131,-0.004069344728225044,0.005917159763313609,0.009992483668148373,0.5921610642382036,-0.004075323904834764,False
head_tail,23,prize7_1,6,prize3_3,de,2533,844,845,0.010659297275957363,0.009960433324221299,1.070164010840432,0.0006988639517360642,0.3996747875011229,0.9494918937002462,0.01066350710900474,0.009967165848194745,1.069863517013326,0.0006963412608099948,0.005917159763313609,0.009992929741255294,0.5921346308365324,-0.004075769977941685,False
head_tail,23,prize7_1,15,prize5_2,de,2533,844,845,0.013422818791946308,0.00997799271999356,1.3452423917939051,0.003444826071952749,0.05002182452641103,0.8352524262899428,0.013033175355450236,0.009944835766716745,1.3105470679636066,0.0030883395887334915,0.005917159763313609,0.009993375814362217,0.5921081997946702,-0.004076216051048608,False
head_tail,2,prize2_1,14,prize5_1,de,2533,844,845,0.011054086063955783,0.00999421283981709,1.1060486944920906,0.001059873224138693,0.3312562463823075,0.9469642663909963,0.008293838862559242,0.009979670693822426,0.831073400818051,-0.0016858318312631838,0.005917159763313609,0.009993375814362217,0.5921081997946702,-0.004076216051048608,False
head_tail,4,prize3_1,25,prize7_3,de,2533,844,845,0.010659297275957363,0.010032754225452821,1.0624497557126455,0.0006265430505045418,0.41420119904153446,0.9494918937002462,0.014218009478672985,0.009993961945968348,1.4226599576365864,0.004224047532704637,0.005917159763313609,0.009995606179896822,0.5919760799714389,-0.004078446416583213,False
tail_tail,19,prize5_6,15,prize5_2,de,2533,844,845,0.012238452427951046,0.010022932868495451,1.2210450362707226,0.0022155195594555956,0.15391204700517713,0.9321775641699296,0.01066350710900474,0.010066311409957073,1.059326169708693,0.000597195699047667,0.005917159763313609,0.009996498326110666,0.5919232485497546,-0.004079338562797056,False
head_tail,1,prize1,21,prize6_2,de,2533,844,845,0.010264508487958943,0.01002159359254672,1.0242391485115585,0.00024291489541222212,0.49082359368214673,0.9622180214446507,0.008293838862559242,0.01002835027144447,0.8270392076527069,-0.001734511408885227,0.005917159763313609,0.010001851203393725,0.5916064579430915,-0.004084691440080115,False
tail_tail,3,prize2_2,18,prize5_5,de,2533,844,845,0.0094749309119621,0.010049271962153846,0.9428474965793793,-0.0005743410501917456,0.6515341369621603,0.9770536338286936,0.008293838862559242,0.01000646679159603,0.828847887600532,-0.001712627929036788,0.005917159763313609,0.010008542299997546,0.5912109462049293,-0.004091382536683937,False
head_tail,11,prize4_2,4,prize3_1,de,2533,844,845,0.012633241215949467,0.010001950878631984,1.2630777104633588,0.0026312903373174826,0.10912905865654138,0.8951928852261679,0.0071090047393364926,0.009996194954116149,0.7111710777918758,-0.0028871902147796563,0.005917159763313609,0.010008542299997546,0.5912109462049293,-0.004091382536683937,False
head_tail,8,prize3_5,3,prize2_2,de,2533,844,845,0.0094749309119621,0.009964302343628743,0.9508875368500284,-0.0004893714316666423,0.636097676302135,0.9770536338286936,0.005924170616113744,0.01002656386492623,0.5908475421811249,-0.004102393248812486,0.005917159763313609,0.010010326592425232,0.5911055657056281,-0.004093166829111623,False
tail_tail,13,prize4_4,12,prize4_3,de,2533,844,845,0.010264508487958943,0.009997337817030797,1.0267241815589156,0.00026717067092814524,0.48591877097072445,0.9622180214446507,0.011848341232227487,0.009991282336190989,1.185867923010218,0.0018570588960364984,0.005917159763313609,0.010013449104173686,0.5909212401995722,-0.004096289340860077,False
tail_tail,25,prize7_3,11,prize4_2,de,2533,844,845,0.011054086063955783,0.010016087680313045,1.1036331167191116,0.0010379983836427374,0.3354481052975258,0.9469642663909963,0.013033175355450236,0.01002924347470359,1.2995172954294467,0.0030039318807466454,0.005917159763313609,0.010013895177280603,0.5908949173682569,-0.004096735413966994,False
tail_tail,4,prize3_1,0,special,de,2533,844,845,0.015001973943939992,0.010025313803515418,1.4964094130080483,0.004976660140424574,0.007872351050622887,0.5672038784673793,0.004739336492890996,0.010052913361070271,0.4714391065224925,-0.005313576868179275,0.005917159763313609,0.010014341250387526,0.5908685968819599,-0.004097181487073917,False
head_tail,23,prize7_1,21,prize6_2,de,2533,844,845,0.010264508487958943,0.01002159359254672,1.0242391485115585,0.00024291489541222212,0.490823619053631,0.9622180214446507,0.013033175355450236,0.009949301783012347,1.3099587930585603,0.0030838735724378896,0.005917159763313609,0.010014787323494445,0.590842278740368,-0.004097627560180836,False
tail_tail,4,prize3_1,24,prize7_2,de,2533,844,845,0.011054086063955783,0.010044212475236415,1.1005428341155834,0.001009873588719368,0.3408549043003323,0.9469642663909963,0.004739336492890996,0.009927418303163904,0.4773986899877637,-0.0051880818102729084,0.005917159763313609,0.010015679469708291,0.5907896494900459,-0.004098519706394682,False
tail_tail,25,prize7_3,16,prize5_3,de,2533,844,845,0.013422818791946308,0.010047635069327618,1.3359182234755025,0.003375183722618691,0.05437489097716443,0.8352524262899428,0.002369668246445498,0.010053359962699834,0.23570908186292797,-0.0076836917162543365,0.005917159763313609,0.010016571615922135,0.590737029614785,-0.004099411852608525,False
tail_tail,12,prize4_3,22,prize6_3,de,2533,844,845,0.008290564547966837,0.00998082008032977,0.8306496341223409,-0.0016902555323629331,0.8304267695760943,0.9839959698496815,0.011848341232227487,0.01002299105188975,1.1821163134724721,0.0018253501803377377,0.005917159763313609,0.01001835590834982,0.5906318179794291,-0.004101196145036211,False
tail_tail,25,prize7_3,15,prize5_2,de,2533,844,845,0.012238452427951046,0.010001058027999497,1.2237157702402706,0.0022373943999515495,0.15104462965434223,0.9321775641699296,0.009478672985781991,0.009979670693822428,0.9497981723634867,-0.0005009977080404366,0.005917159763313609,0.01001835590834982,0.5906318179794291,-0.004101196145036211,False
tail_tail,0,special,10,prize4_1,de,2533,844,845,0.006316620607974733,0.010027099504780396,0.6299549141766569,-0.0037104788968056624,0.9758276076710166,0.9919115105331707,0.008293838862559242,0.01003504929588787,0.8264871071393605,-0.0017412104333286282,0.005917159763313609,0.010018801981456741,0.5906055209260908,-0.004101642218143132,False
head_tail,18,prize5_5,9,prize3_6,de,2533,844,845,0.007500986971969996,0.010055819533458759,0.7459349232563233,-0.0025548325614887625,0.9175079867821485,0.9839959698496815,0.013033175355450236,0.01000378718181867,1.3028241323583245,0.0030293881736315666,0.005917159763313609,0.010022370566312113,0.590395228769806,-0.004105210802998503,False
tail_tail,5,prize3_2,2,prize2_1,de,2533,844,845,0.0094749309119621,0.009957010730130092,0.9515838808218606,-0.00048207981816799153,0.6347545785926388,0.9770536338286936,0.009478672985781991,0.009955107604196626,0.9521416907423691,-0.000476434618414635,0.005917159763313609,0.010022370566312113,0.590395228769806,-0.004105210802998503,False
head_tail,26,prize7_4,4,prize3_1,de,2533,844,845,0.010659297275957363,0.010023825719127941,1.0633961098921327,0.0006354715568294214,0.4124062550559441,0.9494918937002462,0.005924170616113744,0.009951088189530586,0.595328923157016,-0.004026917573416842,0.005917159763313609,0.010024154858739798,0.5902901388394447,-0.004106995095426189,False
tail_tail,9,prize3_6,7,prize3_4,de,2533,844,845,0.008685353335965259,0.009984242674420975,0.8699060729179399,-0.0012988893384557158,0.775640706336572,0.982710387641021,0.009478672985781991,0.009976991084045069,0.950053268158175,-0.0004983180982630776,0.005917159763313609,0.010025493078060561,0.5902113459399334,-0.004108333314746952,False
tail_tail,11,prize4_2,4,prize3_1,de,2533,844,845,0.010264508487958943,0.01008320028618839,1.0179812159457848,0.0001813082017705532,0.5032332175503512,0.9654131989321211,0.008293838862559242,0.009963593035158268,0.8324144546342862,-0.001669754172599026,0.005917159763313609,0.010025493078060561,0.5902113459399334,-0.004108333314746952,False
head_tail,3,prize2_2,6,prize3_3,de,2533,844,845,0.010659297275957363,0.009958052389201328,1.0704198832611562,0.0007012448867560351,0.39919666631679607,0.9494918937002462,0.009478672985781991,0.009961806628640027,0.9515014032224802,-0.0004831336428580361,0.005917159763313609,0.010029507736022856,0.589975093399751,-0.004112347972709246,False
tail_tail,11,prize4_2,25,prize7_3,de,2533,844,845,0.011054086063955783,0.010068468250752338,1.097891535103147,0.000985617813203445,0.3455315430178395,0.9469642663909963,0.011848341232227487,0.010089088093064634,1.174371868194132,0.0017592531391628537,0.005917159763313609,0.010034414540198995,0.5896865970215602,-0.004117254776885386,False
head_tail,7,prize3_4,18,prize5_5,de,2533,844,845,0.010264508487958943,0.010029926865116608,1.023388168826853,0.00023458162284233433,0.49250633405983213,0.9622180214446507,0.008293838862559242,0.009938583343902905,0.8345091624801159,-0.001644744481343663,0.005917159763313609,0.010037090978840521,0.5895293542509222,-0.004119931215526912,False
head_tail,19,prize5_6,14,prize5_1,de,2533,844,845,0.011843663639952625,0.010056265958775002,1.1777396986620026,0.0017873976811776226,0.21123621462038666,0.9445822294163744,0.01066350710900474,0.010040855117072152,1.0620118490579464,0.0006226519919325883,0.005917159763313609,0.010041551709909736,0.5892674692372618,-0.004124391946596127,False
head_tail,18,prize5_5,5,prize3_2,de,2533,844,845,0.011054086063955783,0.010036176819544024,1.1014240046498112,0.001017909244411759,0.33930831197574984,0.9469642663909963,0.013033175355450236,0.009991282336190989,1.3044547153112398,0.0030418930192592473,0.005917159763313609,0.010046458514085874,0.5889796643282124,-0.004129298750772265,False
head_tail,21,prize6_2,11,prize4_2,de,2533,844,845,0.011054086063955783,0.009967129703964956,1.1090541000543448,0.0010869563599908271,0.326082018966574,0.9469642663909963,0.0071090047393364926,0.009951088189530586,0.7143947077884192,-0.0028420834501940934,0.005917159763313609,0.010047796733406637,0.5889012208657048,-0.004130636970093028,False
head_tail,5,prize3_2,26,prize7_4,de,2533,844,845,0.010659297275957363,0.010025760228831664,1.0631909234477601,0.0006335370471256992,0.41279474221356777,0.9494918937002462,0.009478672985781991,0.010065864808327512,0.9416650398424052,-0.0005871918225455203,0.005917159763313609,0.010050027098941247,0.5887705281846426,-0.004132867335627638,False
tail_tail,12,prize4_3,15,prize5_2,de,2533,844,845,0.008685353335965259,0.009964748768944988,0.8716078585978054,-0.0012793954329797293,0.7728930963361185,0.982710387641021,0.017772511848341232,0.010043088125219953,1.7696261973158776,0.007729423723121279,0.005917159763313609,0.010057610341758911,0.5883266066438994,-0.004140450578445302,False
head_tail,15,prize5_2,5,prize3_2,de,2533,844,845,0.011448874851954205,0.010006266323355677,1.1441705109558524,0.0014426085285985275,0.2644286440347187,0.9469642663909963,0.0071090047393364926,0.01002209784863063,0.709333000606039,-0.0029130931092941374,0.005917159763313609,0.010061178926614282,0.5881179339392596,-0.004144019163300673,False
head_tail,18,prize5_5,22,prize6_3,de,2533,844,845,0.011448874851954205,0.010000016368928262,1.144885611140377,0.001448858483025943,0.2633325818479919,0.9469642663909963,0.008293838862559242,0.009986816319895389,0.8304787628902861,-0.0016929774573361464,0.005917159763313609,0.010062517145935045,0.5880397198333187,-0.004145357382621436,False
tail_tail,11,prize4_2,24,prize7_2,de,2533,844,845,0.008290564547966837,0.009971742765566144,0.8314057775933956,-0.0016811782175993068,0.8293732720421982,0.9839959698496815,0.008293838862559242,0.010068097816475313,0.8237741640717182,-0.0017742589539160702,0.005917159763313609,0.01006608573079042,0.5878312505539306,-0.004148925967476811,False
tail_tail,12,prize4_3,1,prize1,de,2533,844,845,0.007895775759968417,0.009953736944477634,0.793247380758743,-0.0020579611845092174,0.8736037373148847,0.9839959698496815,0.017772511848341232,0.009976544482415507,1.7814296202123658,0.007795967365925725,0.005917159763313609,0.01006653180389734,0.5878052022865247,-0.00414937204058373,False
head_tail,1,prize1,14,prize5_1,de,2533,844,845,0.011054086063955783,0.010046593410256382,1.1002820172528203,0.0010074926536994006,0.3413132242547093,0.9469642663909963,0.01066350710900474,0.01001182601115075,1.0650911329390038,0.00065168109785399,0.005917159763313609,0.010081698289532672,0.5869209327020928,-0.004164538526219063,False
head_tail,3,prize2_2,9,prize3_6,de,2533,844,845,0.008685353335965259,0.009984093865982226,0.8699190384775897,-0.0012987405300169674,0.7756191803393666,0.982710387641021,0.01066350710900474,0.01002924347470359,1.0632414235331837,0.0006342636343011493,0.005917159763313609,0.010085266874388044,0.5867132557830952,-0.004168107111074434,False
tail_tail,13,prize4_4,9,prize3_6,de,2533,844,845,0.016581129095933674,0.009999718752050765,1.6581595449905207,0.006581410343882909,0.0006196545813355182,0.4920953021129681,0.014218009478672985,0.010043534726849511,1.415638006474334,0.004174474751823474,0.005917159763313609,0.010085712947494963,0.5866873065015481,-0.0041685531841813535,False
head_tail,19,prize5_6,9,prize3_6,de,2533,844,845,0.008290564547966837,0.01001638529719054,0.8277002433494873,-0.0017258207492237033,0.8345124906456641,0.9839959698496815,0.01066350710900474,0.009979670693822428,1.0685229439089226,0.0006838364151823123,0.005917159763313609,0.010091957970991867,0.5863242574257425,-0.004174798207678258,False
tail_tail,19,prize5_6,1,prize1,de,2533,844,845,0.008290564547966837,0.009990343820409643,0.8298577803728572,-0.0016997792724428064,0.8315303304889725,0.9839959698496815,0.009478672985781991,0.010069884222993554,0.9412891723361038,-0.0005912112372115624,0.005917159763313609,0.010097310848274924,0.5860134299346174,-0.004180151084961315,False
head_tail,15,prize5_2,1,prize1,de,2533,844,845,0.011843663639952625,0.00997055229805616,1.187864351532627,0.0018731113418964645,0.19794718342560125,0.9445822294163744,0.013033175355450236,0.009926971701534346,1.3129054607293567,0.0031062036539158903,0.005917159763313609,0.010103109798664904,0.5856770718354011,-0.004185950035351295,False
tail_tail,18,prize5_5,25,prize7_3,de,2533,844,845,0.012238452427951046,0.010034093501401553,1.2196869030811395,0.0022043589265494934,0.15538774065370642,0.9321775641699296,0.011848341232227487,0.010086408483287273,1.1746838581700967,0.0017619327489402144,0.004733727810650888,0.009867137125103434,0.4797468354430379,-0.005133409314452547,False
head_tail,23,prize7_1,24,prize7_2,de,2533,844,845,0.010264508487958943,0.009945106055030253,1.032116543670958,0.0003194024329286893,0.4753246262377239,0.9622180214446507,0.0071090047393364926,0.009968952254712988,0.7131145337741579,-0.0028599475153764957,0.004733727810650888,0.00988765648802182,0.47875124063881624,-0.005153928677370933,False
tail_tail,9,prize3_6,18,prize5_5,de,2533,844,845,0.011843663639952625,0.009998528284540781,1.184540694680506,0.0018451353554118435,0.20224255727374296,0.9445822294163744,0.0071090047393364926,0.009995748352486589,0.7112028523175079,-0.0028867436131500964,0.004733727810650888,0.009922450190361698,0.47707246898039923,-0.00518872237971081,False
head_tail,18,prize5_5,21,prize6_2,de,2533,844,845,0.00986971969996052,0.01003573039422778,0.9834580356639768,-0.00016601069426725942,0.5728047063865461,0.9681595906586115,0.0071090047393364926,0.009910894042870181,0.717291972710641,-0.0028018893035336888,0.004733727810650888,0.00992289626346862,0.4770510227017307,-0.005189168452817733,False
head_tail,20,prize6_1,21,prize6_2,de,2533,844,845,0.008685353335965259,0.010027099504780396,0.8661880069929033,-0.0013417461688151368,0.781596667280341,0.982710387641021,0.013033175355450236,0.009977884287304187,1.306206303878828,0.0030552910681460495,0.004733727810650888,0.009928695213858599,0.47677239644172886,-0.005194967403207711,False
tail_tail,1,prize1,4,prize3_1,de,2533,844,845,0.005132254243979471,0.010022486443179207,0.5120739522149438,-0.004890232199199736,0.9949290769167496,0.9972173875150933,0.01066350710900474,0.01003817550729479,1.0622953445330299,0.0006253316017099508,0.004733727810650888,0.00993181772560705,0.47662250168425785,-0.0051980899149561615,False
head_tail,11,prize4_2,15,prize5_2,de,2533,844,845,0.011054086063955783,0.010024272144444183,1.1027320392615598,0.0010298139195115998,0.3370200936008102,0.9469642663909963,0.005924170616113744,0.009980563897081548,0.5935707317946285,-0.004056393280967804,0.004733727810650888,0.0099411852608524,0.4761733823925335,-0.005207457450201513,False
head_tail,20,prize6_1,10,prize4_1,de,2533,844,845,0.00473746545598105,0.009987814076950928,0.47432455384945454,-0.005250348620969877,0.9970890076047482,0.9972173875150933,0.011848341232227487,0.009897942595612942,1.197050914144422,0.0019503986366145448,0.004733727810650888,0.009942969553280088,0.4760879318079856,-0.0052092417426292,False
tail_tail,19,prize5_6,18,prize5_5,de,2533,844,845,0.010659297275957363,0.010052099322490059,1.060405088925931,0.0006071979534673037,0.4180890231519603,0.9494918937002462,0.011848341232227487,0.009992175539450109,1.185761917957611,0.0018561656927773788,0.004733727810650888,0.009942969553280088,0.4760879318079856,-0.0052092417426292,False
tail_tail,12,prize4_3,16,prize5_3,de,2533,844,845,0.009080142123963679,0.009953141710722644,0.912289042783499,-0.0008729995867589654,0.7063544699013447,0.982710387641021,0.013033175355450236,0.010080156060473435,1.2929537278253316,0.002953019294976801,0.004733727810650888,0.00994430777260085,0.47602386399318175,-0.005210579961949963,False
head_tail,23,prize7_1,1,prize1,de,2533,844,845,0.007500986971969996,0.00996459996050624,0.7527634828994095,-0.0024636129885362438,0.9112591662803811,0.9839959698496815,0.013033175355450236,0.009978330888933748,1.306147841810337,0.003054844466516488,0.004733727810650888,0.00994698421124238,0.47589578007982425,-0.005213256400591493,False
head_tail,10,prize4_1,8,prize3_5,de,2533,844,845,0.010659297275957363,0.010002099687070734,1.0657059626926293,0.0006571975888866287,0.4080409940120531,0.9494918937002462,0.01066350710900474,0.010101146337062755,1.0556729655404151,0.0005623607719419856,0.004733727810650888,0.00995010672299083,0.47574643593651933,-0.005216378912339943,False
tail_tail,2,prize2_1,24,prize7_2,de,2533,844,845,0.009080142123963679,0.009998528284540781,0.9081478659217213,-0.0009183861605771022,0.7137950354302156,0.982710387641021,0.009478672985781991,0.01004442793010863,0.9436747470076655,-0.0005657549443266394,0.004733727810650888,0.009952337088525439,0.475639818923401,-0.005218609277874551,False
head_tail,10,prize4_1,12,prize4_3,de,2533,844,845,0.00986971969996052,0.009970701106494909,0.9898721859720969,-0.00010098140653438774,0.5600774183798348,0.9681595906586115,0.014218009478672985,0.010018078433964591,1.4192351928957994,0.004199931044708394,0.004733727810650888,0.009954121380953125,0.4755545597131974,-0.005220393570302237,False
head_tail,9,prize3_6,0,special,de,2533,844,845,0.0094749309119621,0.010041980348655196,0.9435321104995955,-0.0005670494366930949,0.650224663811525,0.9770536338286936,0.014218009478672985,0.010088641491435072,1.4093086260170522,0.004129367987237913,0.004733727810650888,0.009954121380953125,0.4755545597131974,-0.005220393570302237,False
head_tail,22,prize6_3,15,prize5_2,de,2533,844,845,0.008685353335965259,0.010019361465965501,0.8668569714216122,-0.0013340081300002426,0.78052993610997,0.982710387641021,0.005924170616113744,0.010024777458407989,0.5909528306930164,-0.004100606842294245,0.004733727810650888,0.009956351746487733,0.47544802867383507,-0.0052226239358368455,False
tail_tail,6,prize3_3,3,prize2_2,de,2533,844,845,0.010659297275957363,0.009995403307327073,1.0664199280626951,0.0006638939686302893,0.4066963314879045,0.9494918937002462,0.0071090047393364926,0.009993515344338788,0.7113617675449573,-0.0028845106050022955,0.004733727810650888,0.00995902818512926,0.47532025441189646,-0.005225300374478373,False
tail_tail,12,prize4_3,3,prize2_2,de,2533,844,845,0.009080142123963679,0.010000016368928262,0.9080127260768505,-0.0009198742449645827,0.7140367744553725,0.982710387641021,0.0071090047393364926,0.009958233815603545,0.7138820870220381,-0.0028492290762670526,0.004733727810650888,0.009960812477556947,0.47523510971786836,-0.005227084666906059,False
head_tail,9,prize3_6,15,prize5_2,de,2533,844,845,0.011843663639952625,0.010055224299703765,1.177861705213433,0.0017884393402488596,0.21107344381836118,0.9445822294163744,0.011848341232227487,0.010006466791596029,1.184068410857903,0.0018418744406314587,0.004733727810650888,0.009962150696877711,0.4751712712130032,-0.005228422886226824,False
tail_tail,16,prize5_3,15,prize5_2,de,2533,844,845,0.012238452427951046,0.009979927229697283,1.226306780227121,0.002258525198253763,0.14830183860767432,0.9321775641699296,0.009478672985781991,0.01004621433662687,0.943506943827018,-0.0005675413508448787,0.004733727810650888,0.009964827135519239,0.47504364564215057,-0.005231099324868351,False
head_tail,9,prize3_6,22,prize6_3,de,2533,844,845,0.010659297275957363,0.010042575582410188,1.0614107096816257,0.0006167216935471752,0.4161751101934528,0.9494918937002462,0.009478672985781991,0.010081049263732555,0.9402466685568471,-0.0006023762779505636,0.004733727810650888,0.009972410378336904,0.47468241188047955,-0.005238682567686017,False
head_tail,6,prize3_3,3,prize2_2,de,2533,844,845,0.0094749309119621,0.010007903216181906,0.9467448582678102,-0.0005329723042198052,0.6440637270806694,0.9770536338286936,0.009478672985781991,0.009943942563457627,0.9532107537119707,-0.00046526957767563555,0.004733727810650888,0.009986238644651473,0.47402510385491575,-0.005252510834000585,False
tail_tail,20,prize6_1,22,prize6_3,de,2533,844,845,0.010659297275957363,0.010014599595925567,1.0643757819627748,0.0006446976800317961,0.41055241823261934,0.9494918937002462,0.009478672985781991,0.010051573556181592,0.9430038921570371,-0.0005729005703996003,0.004733727810650888,0.009988915083293,0.4738980931541107,-0.005255187272642113,False
tail_tail,11,prize4_2,2,prize2_1,de,2533,844,845,0.008685353335965259,0.009996593774837057,0.8688312770923643,-0.0013112404388717983,0.777368033479681,0.982710387641021,0.005924170616113744,0.009993961945968348,0.5927749823485776,-0.004069791329854604,0.004733727810650888,0.009989361156399923,0.4738769313208895,-0.005255633345749035,False
head_tail,6,prize3_3,26,prize7_4,de,2533,844,845,0.00986971969996052,0.01006980752670107,0.9801299254022485,-0.00020008782674054912,0.579413076685251,0.9681595906586115,0.01066350710900474,0.009985029913377148,1.0679494404637309,0.0006784771956275925,0.004733727810650888,0.009995160106789903,0.4736019993751952,-0.005261432296139015,False
tail_tail,5,prize3_2,17,prize5_4,de,2533,844,845,0.0094749309119621,0.009999867560489513,0.9475056399145234,-0.0005249366485274125,0.6426027595528525,0.9770536338286936,0.009478672985781991,0.009981457100340665,0.9496281845922562,-0.0005027841145586742,0.004733727810650888,0.010002743349607567,0.47324295397788085,-0.005269015538956679,False
head_tail,15,prize5_2,9,prize3_6,de,2533,844,845,0.007106198183971575,0.009985879567247202,0.7116246632173768,-0.0028796813832756268,0.9403551862686009,0.9839959698496815,0.009478672985781991,0.010095340515878475,0.9389156285390714,-0.0006166675300964836,0.004733727810650888,0.010004527642035252,0.47315855181023725,-0.005270799831384365,False
tail_tail,8,prize3_5,18,prize5_5,de,2533,844,845,0.007500986971969996,0.010022932868495451,0.7483824415852817,-0.002521945896525455,0.9153011422356812,0.9839959698496815,0.01066350710900474,0.010011379409521189,1.0651386460154886,0.0006521276994835516,0.004733727810650888,0.010005865861356015,0.4730952699389239,-0.005272138050705128,False
tail_tail,14,prize5_1,19,prize5_6,de,2533,844,845,0.0094749309119621,0.00998320101534974,0.9490874617664069,-0.0005082701033876386,0.6395621465737055,0.9770536338286936,0.009478672985781991,0.009953321197678387,0.9523125796435559,-0.00047464821189639565,0.004733727810650888,0.010006311934462941,0.47307417974322385,-0.005272584123812054,False
head_tail,15,prize5_2,6,prize3_3,de,2533,844,845,0.00986971969996052,0.010010284151201873,0.9859579958852142,-0.00014056445124135258,0.5678424687310258,0.9681595906586115,0.013033175355450236,0.010102932743580994,1.2900388121192832,0.0029302426118692423,0.004733727810650888,0.010008096226890624,0.4729898377607417,-0.005274368416239736,False
tail_tail,10,prize4_1,18,prize5_5,de,2533,844,845,0.008685353335965259,0.010036920861737762,0.8653404221881553,-0.0013515675257725034,0.7829452183599594,0.982710387641021,0.0035545023696682463,0.01003192308448095,0.3543191409797532,-0.006477420714812703,0.004733727810650888,0.010010326592425232,0.4728844525645025,-0.0052765987817743444,False
tail_tail,16,prize5_3,10,prize4_1,de,2533,844,845,0.0094749309119621,0.009985135525053463,0.9489035865551128,-0.0005102046130913626,0.6399149838747205,0.9770536338286936,0.01066350710900474,0.010068544418104874,1.0590912316809198,0.0005949626908998661,0.004733727810650888,0.010011218738639078,0.47284231163391693,-0.00527749092798819,False
head_tail,3,prize2_2,16,prize5_3,de,2533,844,845,0.012633241215949467,0.010031414949504089,1.2593678239353463,0.0026018262664453777,0.11227954174480248,0.8951928852261679,0.0071090047393364926,0.010085515280028153,0.7048727350018599,-0.0029765105406916606,0.004733727810650888,0.01001255695795984,0.4727791143188096,-0.005278829147308953,False
head_tail,15,prize5_2,26,prize7_4,de,2533,844,845,0.012633241215949467,0.01004227796553269,1.2580055301505826,0.002590963250416776,0.11345171397415138,0.8951928852261679,0.013033175355450236,0.010003340580189108,1.302882297265925,0.003029834775261128,0.004733727810650888,0.010013003031066763,0.47275805230097556,-0.005279275220415876,False
head_tail,25,prize7_3,14,prize5_1,de,2533,844,845,0.007500986971969996,0.010007903216181906,0.749506346128683,-0.00250691624421191,0.9142744056864494,0.9839959698496815,0.014218009478672985,0.009995301750857027,1.4224692593651702,0.004222707727815958,0.004733727810650888,0.010013895177280603,0.4727159338946056,-0.005280167366629716,False
head_tail,15,prize5_2,15,prize5_2,de,2533,844,845,0.008290564547966837,0.010013409128415581,0.827946251036549,-0.001722844580448744,0.8341731543164461,0.9839959698496815,0.014218009478672985,0.010053806564329392,1.4141916683694773,0.004164202914343593,0.004733727810650888,0.010014341250387526,0.47269487750556793,-0.005280613439736639,False
tail_tail,8,prize3_5,11,prize4_2,de,2533,844,845,0.012633241215949467,0.010038557754563993,1.2584717371582397,0.0025946834613854736,0.11305065462429154,0.8951928852261679,0.013033175355450236,0.010036389100776552,1.2985920757537999,0.0029967862546736845,0.004733727810650888,0.010014787323494445,0.47267382299229443,-0.005281059512843558,False
head_tail,13,prize4_4,10,prize4_1,de,2533,844,845,0.012238452427951046,0.010051652897173816,1.2175562122118329,0.002186799530777231,0.15772242272284465,0.9321775641699296,0.011848341232227487,0.009993961945968348,1.1855499646971552,0.0018543792862591394,0.004733727810650888,0.010016571615922135,0.47258962369182805,-0.005282843805271247,False
head_tail,18,prize5_5,4,prize3_1,de,2533,844,845,0.008685353335965259,0.009991534287919627,0.8692712335948624,-0.0013061809519543683,0.7766617633507735,0.982710387641021,0.008293838862559242,0.009934117327607307,0.834884327318174,-0.0016402784650480645,0.004733727810650888,0.010017463762135977,0.4725475352896647,-0.005283735951485089,False
tail_tail,20,prize6_1,13,prize4_4,de,2533,844,845,0.008685353335965259,0.009963707109873751,0.8716989811310611,-0.0012783537739084923,0.7727440737660928,0.982710387641021,0.0071090047393364926,0.010001107572041307,0.710821745304504,-0.0028921028327048145,0.004733727810650888,0.010021032346991348,0.4723792566214111,-0.00528730453634046,False
tail_tail,9,prize3_6,24,prize7_2,de,2533,844,845,0.007500986971969996,0.010023379293811696,0.7483491098257659,-0.0025223923218417,0.9153307125865756,0.9839959698496815,0.005924170616113744,0.010007359994855148,0.5919813636323066,-0.004083189378741405,0.004733727810650888,0.010023262712525955,0.47227414330218076,-0.005289534901875067,False
head_tail,5,prize3_2,0,special,de,2533,844,845,0.010264508487958943,0.010006415131794425,1.0257927892022438,0.0002580933561645172,0.4877554166800523,0.9622180214446507,0.01066350710900474,0.010002893978559552,1.0660422005732704,0.0006606131304451885,0.004733727810650888,0.010025047004953644,0.47219008632197196,-0.005291319194302756,False
head_tail,22,prize6_3,0,special,de,2533,844,845,0.010264508487958943,0.00999793305078579,1.0266630548353395,0.0002665754371731534,0.48603912369952584,0.9622180214446507,0.008293838862559242,0.010039961913813032,0.8260827016832141,-0.0017461230512537899,0.004733727810650888,0.010026385224274407,0.4721270632201806,-0.005292657413623519,False
head_tail,5,prize3_2,24,prize7_2,de,2533,844,845,0.005921831819976312,0.009990939054164635,0.5927202425990026,-0.004069107234188323,0.9845888047199302,0.9933949524241739,0.01066350710900474,0.009959573620492226,1.070679078777443,0.0007039334885125138,0.004733727810650888,0.0100303998822367,0.4719380948145513,-0.005296672071585812,False
head_tail,20,prize6_1,11,prize4_2,de,2533,844,845,0.011448874851954205,0.009979629612819788,1.1472244257689714,0.0014692452391344164,0.25976391379715147,0.9469642663909963,0.011848341232227487,0.010018525035594148,1.1826432723512001,0.0018298161966333396,0.004733727810650888,0.010038429198161286,0.47156061144685396,-0.005304701387510398,False
head_tail,5,prize3_2,10,prize4_1,de,2533,844,845,0.00986971969996052,0.009993022372307106,0.9876611231564653,-0.00012330267234658514,0.5644631024334033,0.9681595906586115,0.013033175355450236,0.009893029977687784,1.3174098718840002,0.003140145377762452,0.004733727810650888,0.010044228148551267,0.4712883599058489,-0.00531050033790038,False
head_tail,4,prize3_1,14,prize5_1,de,2533,844,845,0.012633241215949467,0.010034688735156543,1.2589569591420302,0.0025985524807929233,0.11263198521649642,0.8951928852261679,0.005924170616113744,0.010039961913813032,0.5900590726308671,-0.0041157912976992886,0.004733727810650888,0.010046458514085874,0.4711837314625699,-0.005312730703434986,False
tail_tail,11,prize4_2,22,prize6_3,de,2533,844,845,0.009080142123963679,0.010018915040649256,0.9062999423713307,-0.0009387729166855773,0.7170983380434852,0.982710387641021,0.009478672985781991,0.01003817550729479,0.9442625284738043,-0.0005595025215127981,0.004733727810650888,0.01005716426865199,0.4706821609154617,-0.005323436458001102,False
tail_tail,18,prize5_5,23,prize7_1,de,2533,844,845,0.011054086063955783,0.010020551933475485,1.103141437451922,0.0010335341304802976,0.336305557889728,0.9469642663909963,0.008293838862559242,0.010061845393661471,0.8242860566893627,-0.001768006531102229,0.004733727810650888,0.010063409292148889,0.47039007092198587,-0.005329681481498001,False
head_tail,19,prize5_6,10,prize4_1,de,2533,844,845,0.007106198183971575,0.010043022007726431,0.7075756857352837,-0.002936823823754856,0.9431996674766063,0.9839959698496815,0.013033175355450236,0.009977884287304187,1.306206303878828,0.0030552910681460495,0.004733727810650888,0.010081252216425751,0.46955752212389373,-0.0053475244057748636,False
head_tail,3,prize2_2,11,prize4_2,de,2533,844,845,0.009080142123963679,0.009959838090466305,0.911675675998721,-0.000879695966502626,0.7074602850769885,0.982710387641021,0.013033175355450236,0.010135981264168436,1.2858326210135795,0.0028971940912818003,0.004733727810650888,0.010109800895268726,0.46823155665372396,-0.005376073084617838,False
head_tail,10,prize4_1,11,prize4_2,de,2533,844,845,0.007500986971969996,0.010004183005213206,0.7497850617148059,-0.0025031960332432103,0.9140183562129158,0.9839959698496815,0.009478672985781991,0.010031476482851392,0.9448931074090233,-0.0005528034970694005,0.0035502958579881655,0.009903715119870996,0.3584812179082965,-0.00635341926188283,False
tail_tail,13,prize4_4,4,prize3_1,de,2533,844,845,0.008290564547966837,0.010014599595925565,0.8278478304154916,-0.0017240350479587278,0.8343098214322275,0.9839959698496815,0.016587677725118485,0.01001629202744635,1.6560696992125845,0.006571385697672134,0.0035502958579881655,0.009917989459292483,0.3579652784024467,-0.006367693601304318,False
tail_tail,6,prize3_3,19,prize5_6,de,2533,844,845,0.012633241215949467,0.009976653444044827,1.2662804503338125,0.0026565877719046394,0.10646923633617189,0.8951928852261679,0.01066350710900474,0.009990835734561427,1.067328839379906,0.0006726713744433128,0.0035502958579881655,0.009934494164248579,0.3573705715953482,-0.0063841983062604135,False
head_tail,15,prize5_2,10,prize4_1,de,2533,844,845,0.0094749309119621,0.010012962703099338,0.9462664740605996,-0.0005380317911372369,0.6449819831354792,0.9770536338286936,0.009478672985781991,0.009997534759004828,0.9481010283304596,-0.0005188617732228371,0.0035502958579881655,0.0099349402373555,0.35735452586206895,-0.0063846443793673345,False
tail_tail,17,prize5_4,0,special,de,2533,844,845,0.008290564547966837,0.010040492264267717,0.8257129560740211,-0.0017499277163008798,0.8372375250721541,0.9839959698496815,0.005924170616113744,0.009983243506858908,0.5934114110352602,-0.004059072890745165,0.0035502958579881655,0.009955459600273888,0.3566179765211937,-0.006405163742285723,False
tail_tail,11,prize4_2,19,prize5_6,de,2533,844,845,0.015396762731938412,0.009975314168096095,1.5434864980174419,0.005421448563842317,0.0040719414524380835,0.5672038784673793,0.005924170616113744,0.009960466823751346,0.5947683698907761,-0.004036296207637602,0.0035502958579881655,0.00995590567338081,0.35660199829741474,-0.006405609815392645,False
tail_tail,2,prize2_1,14,prize5_1,de,2533,844,845,0.009080142123963679,0.010026206654147909,0.9056408307928865,-0.0009460645301842298,0.7182738850327964,0.982710387641021,0.013033175355450236,0.009970292059601666,1.3072009603669463,0.0030628832958485702,0.0035502958579881655,0.009958136038915419,0.35652212865077937,-0.006407840180927254,False
head_tail,3,prize2_2,8,prize3_5,de,2533,844,845,0.010264508487958943,0.010034688735156543,1.0229025293028997,0.00022981975280239944,0.49346734110625373,0.9622180214446507,0.005924170616113744,0.00999976776715263,0.5924308198009897,-0.004075597151038886,0.0035502958579881655,0.009981331840475335,0.35569360028602076,-0.00643103598248717,False
head_tail,23,prize7_1,25,prize7_3,de,2533,844,845,0.011843663639952625,0.010034093501401553,1.1803421642720702,0.0018095701385510716,0.20776239517107814,0.9445822294163744,0.013033175355450236,0.009944389165087183,1.3106059245154222,0.003088786190363053,0.0035502958579881655,0.009994267960576057,0.35523320687346577,-0.006443972102587892,False
head_tail,9,prize3_6,20,prize6_1,de,2533,844,845,0.00986971969996052,0.010029182822922868,0.9841000881350098,-0.00015946312296234721,0.5715297603441811,0.9681595906586115,0.008293838862559242,0.010093107507730674,0.8217329356896964,-0.0017992686451714316,0.0035502958579881655,0.01003352239398515,0.3538434179522518,-0.0064832265359969846,False
tail_tail,10,prize4_1,8,prize3_5,de,2533,844,845,0.011448874851954205,0.009969213022107428,1.148423132955984,0.0014796618298467765,0.2579501510443063,0.9469642663909963,0.0071090047393364926,0.010120796808763396,0.7024155186260579,-0.0030117920694269036,0.0035502958579881655,0.010052257464475852,0.35318393609940096,-0.006501961606487687,False
tail_tail,2,prize2_1,10,prize4_1,de,2533,844,845,0.009080142123963679,0.010056861192529994,0.9028803271848079,-0.000976719068566315,0.7231778617588138,0.982710387641021,0.009478672985781991,0.010088194889805514,0.939580677149738,-0.0006095219040235227,0.0035502958579881655,0.01006608573079042,0.35269875033235837,-0.006515789872802255,False
head_tail,24,prize7_2,20,prize6_1,de,2533,844,845,0.011448874851954205,0.009996593774837057,1.1452775925308438,0.0014522810771171474,0.2627311938882505,0.9469642663909963,0.008293838862559242,0.009891243571169541,0.8385031470394352,-0.001597404708610299,0.002366863905325444,0.009912636582009424,0.23877238772387727,-0.007545772676683981,False
tail_tail,18,prize5_5,14,prize5_1,de,2533,844,845,0.011843663639952625,0.009992724755429611,1.1852286468230093,0.0018509388845230137,0.2013473671360922,0.9445822294163744,0.005924170616113744,0.009984136710118028,0.5933583231197272,-0.004059966094004284,0.002366863905325444,0.009945645991921616,0.23797990670972374,-0.007578782086596172,False
tail_tail,25,prize7_3,18,prize5_5,de,2533,844,845,0.011448874851954205,0.009993022372307106,1.1456869028614998,0.0014558524796470986,0.26210598048206246,0.9469642663909963,0.013033175355450236,0.01001629202744635,1.3011976208098877,0.003016883328003886,0.002366863905325444,0.009959920331343105,0.23763883912576136,-0.007593056426017661,False
head_tail,3,prize2_2,19,prize5_6,de,2533,844,845,0.012238452427951046,0.010004183005213205,1.22333352174521,0.002234269422737842,0.15145237176552784,0.9321775641699296,0.0071090047393364926,0.009964039636787825,0.7134661240296181,-0.002855034897451332,0.002366863905325444,0.01000943444621139,0.2364633005035875,-0.007642570540885947,False
tail_tail,10,prize4_1,19,prize5_6,de,2533,844,845,0.012238452427951046,0.01001802219001677,1.221643573533606,0.002220430237934277,0.15326520082130385,0.9321775641699296,0.009478672985781991,0.009963593035158267,0.9513308052963273,-0.00048492004937627543,0.002366863905325444,0.010012110884852918,0.2364000891067053,-0.007645246979527474,False
tail_tail,11,prize4_2,20,prize6_1,de,2533,844,845,0.011843663639952625,0.010022188826301712,1.1817442122893083,0.0018214748136509123,0.20590588334527948,0.9445822294163744,0.009478672985781991,0.009985029913377148,0.9492883915233163,-0.0005063569275951564,0.002366863905325444,0.010075453266035771,0.23491388851994507,-0.007708589360710328,False
head_tail,17,prize5_4,23,prize7_1,de,2533,844,845,0.010659297275957363,0.009999123518295773,1.0660231625755643,0.0006601737576615897,0.40744319702939175,0.9494918937002462,0.004739336492890996,0.009920272677090945,0.47774256284664696,-0.005180936184199949,0.002366863905325444,0.010080360070211906,0.23479953978228166,-0.007713496164886462,False
head_tail,6,prize3_3,1,prize1,de,2533,844,845,0.010264508487958943,0.009996891391714554,1.0267700313785735,0.0002676170962443887,0.4858283580936914,0.9622180214446507,0.011848341232227487,0.009958233815603545,1.1898034783700635,0.0018901074166239422,0.002366863905325444,0.010082144362639591,0.2347579860189364,-0.007715280457314148,False
head_tail,10,prize4_1,13,prize4_4,de,2533,844,845,0.010659297275957363,0.009985879567247204,1.0674369948260651,0.0006734177087101591,0.4047837357534714,0.9494918937002462,0.013033175355450236,0.010082835670250792,1.2926101130363914,0.002950339685199444,0.002366863905325444,0.01013790350100478,0.23346680160161923,-0.007771039595679336,False
head_tail,24,prize7_2,6,prize3_3,de,2533,844,845,0.006316620607974733,0.010032456608575324,0.6296185325711302,-0.003715836000600591,0.9759505120110805,0.9919115105331707,0.008293838862559242,0.01000869979974383,0.8286629660699306,-0.0017148609371845872,0.001183431952662722,0.009898362242587937,0.11955835962145112,-0.008714930289925215,False
head_tail,15,prize5_2,14,prize5_1,de,2533,844,845,0.013028030003947888,0.009972040382443639,1.3064558008493927,0.0030559896215042494,0.07378794561042197,0.8435413945880753,0.013033175355450236,0.010034156092628749,1.298881065346852,0.002999019262821487,0.001183431952662722,0.01005136531826201,0.11773842808325567,-0.008867933365599288,False
head_tail,15,prize5_2,19,prize5_6,de,2533,844,845,0.011843663639952625,0.01003201018325908,1.180587282468746,0.001811653456693544,0.20743559127743727,0.9445822294163744,0.011848341232227487,0.010113204581060875,1.171571398290115,0.001735136651166612,0.0,0.009997390472324506,0.0,-0.009997390472324506,False
