date,region,province,prize,position,value,source,fetched_at
2026-09-06,mn,Kiên Giang,G.8,1,29,xskt.com.vn,2026-10-05T23:06:58+07:00
2026-09-06,mn,Kiên Giang,G.7,1,307,xskt.com.vn,2026-10-05T23:06:58+07:00
2026-09-06,mn,Kiên Giang,G.6,1,3781,xskt.com.vn,2026-10-05T23:06:58+07:00
2026-09-06,mn,Kiên Giang,G.6,2,3129,xskt.com.vn,2026-10-05T23:06:58+07:00
2026-09-06,mn,Kiên Giang,G.6,3,0220,xskt.com.vn,2026-10-05T23:06:58+07:00
2026-09-06,mn,Kiên Giang,G.5,1,3737,xskt.com.vn,2026-10-05T23:06:58+07:00
2026-09-06,mn,Kiên Giang,G.4,1,87490,xskt.com.vn,2026-10-05T23:06:58+07:00
2026-09-06,mn,Kiên Giang,G.4,2,58829,xskt.com.vn,2026-10-05T23:06:58+07:00
2026-09-06,mn,Kiên Giang,G.4,3,67117,xskt.com.vn,2026-10-05T23:06:58+07:00
2026-09-06,mn,Kiên Giang,G.4,4,06235,xskt.com.vn,2026-10-05T23:06:58+07:00
2026-09-06,mn,Kiên Giang,G.4,5,29352,xskt.com.vn,2026-10-05T23:06:58+07:00
2026-09-06,mn,Kiên Giang,G.4,6,68984,xskt.com.vn,2026-10-05T23:06:58+07:00
2026-09-06,mn,Kiên Giang,G.4,7,68126,xskt.com.vn,2026-10-05T23:06:58+07:00
2026-09-06,mn,Kiên Giang,G.3,1,63078,xskt.com.vn,2026-10-05T23:06:58+07:00
2026-09-06,mn,Kiên Giang,G.3,2,01165,xskt.com.vn,2026-10-05T23:06:58+07:00
2026-09-06,mn,Kiên Giang,G.2,1,62056,xskt.com.vn,2026-10-05T23:06:58+07:00
2026-09-06,mn,Kiên Giang,G.1,1,79594,xskt.com.vn,2026-10-05T23:06:58+07:00
2026-09-06,mn,Kiên Giang,ĐB,1,800313,xskt.com.vn,2026-10-05T23:06:58+07:00
2026-09-06,mn,Tiền Giang,G.8,1,69,xskt.com.vn,2026-10-05T23:06:58+07:00
2026-09-06,mn,Tiền Giang,G.7,1,156,xskt.com.vn,2026-10-05T23:06:58+07:00
2026-09-06,mn,Tiền Giang,G.6,1,1673,xskt.com.vn,2026-10-05T23:06:58+07:00
2026-09-06,mn,Tiền Giang,G.6,2,4478,xskt.com.vn,2026-10-05T23:06:58+07:00
2026-09-06,mn,Tiền Giang,G.6,3,1437,xskt.com.vn,2026-10-05T23:06:58+07:00
2026-09-06,mn,Tiền Giang,G.5,1,9242,xskt.com.vn,2026-10-05T23:06:58+07:00
2026-09-06,mn,Tiền Giang,G.4,1,44115,xskt.com.vn,2026-10-05T23:06:58+07:00
2026-09-06,mn,Tiền Giang,G.4,2,34091,xskt.com.vn,2026-10-05T23:06:58+07:00
2026-09-06,mn,Tiền Giang,G.4,3,07229,xskt.com.vn,2026-10-05T23:06:58+07:00
2026-09-06,mn,Tiền Giang,G.4,4,74897,xskt.com.vn,2026-10-05T23:06:58+07:00
2026-09-06,mn,Tiền Giang,G.4,5,18132,xskt.com.vn,2026-10-05T23:06:58+07:00
2026-09-06,mn,Tiền Giang,G.4,6,78810,xskt.com.vn,2026-10-05T23:06:58+07:00
2026-09-06,mn,Tiền Giang,G.4,7,07027,xskt.com.vn,2026-10-05T23:06:58+07:00
2026-09-06,mn,Tiền Giang,G.3,1,74185,xskt.com.vn,2026-10-05T23:06:58+07:00
2026-09-06,mn,Tiền Giang,G.3,2,37751,xskt.com.vn,2026-10-05T23:06:58+07:00
2026-09-06,mn,Tiền Giang,G.2,1,99510,xskt.com.vn,2026-10-05T23:06:58+07:00
2026-09-06,mn,Tiền Giang,G.1,1,18995,xskt.com.vn,2026-10-05T23:06:58+07:00
2026-09-06,mn,Tiền Giang,ĐB,1,306313,xskt.com.vn,2026-10-05T23:06:58+07:00
2026-09-06,mn,Đà Lạt,G.8,1,73,xskt.com.vn,2026-10-05T23:06:58+07:00
2026-09-06,mn,Đà Lạt,G.7,1,568,xskt.com.vn,2026-10-05T23:06:58+07:00
2026-09-06,mn,Đà Lạt,G.6,1,8100,xskt.com.vn,2026-10-05T23:06:58+07:00
2026-09-06,mn,Đà Lạt,G.6,2,7089,xskt.com.vn,2026-10-05T23:06:58+07:00
2026-09-06,mn,Đà Lạt,G.6,3,5475,xskt.com.vn,2026-10-05T23:06:58+07:00
2026-09-06,mn,Đà Lạt,G.5,1,4257,xskt.com.vn,2026-10-05T23:06:58+07:00
2026-09-06,mn,Đà Lạt,G.4,1,94635,xskt.com.vn,2026-10-05T23:06:58+07:00
2026-09-06,mn,Đà Lạt,G.4,2,47189,xskt.com.vn,2026-10-05T23:06:58+07:00
2026-09-06,mn,Đà Lạt,G.4,3,33287,xskt.com.vn,2026-10-05T23:06:58+07:00
2026-09-06,mn,Đà Lạt,G.4,4,19972,xskt.com.vn,2026-10-05T23:06:58+07:00
2026-09-06,mn,Đà Lạt,G.4,5,31219,xskt.com.vn,2026-10-05T23:06:58+07:00
2026-09-06,mn,Đà Lạt,G.4,6,07748,xskt.com.vn,2026-10-05T23:06:58+07:00
2026-09-06,mn,Đà Lạt,G.4,7,91317,xskt.com.vn,2026-10-05T23:06:58+07:00
2026-09-06,mn,Đà Lạt,G.3,1,03203,xskt.com.vn,2026-10-05T23:06:58+07:00
2026-09-06,mn,Đà Lạt,G.3,2,19659,xskt.com.vn,2026-10-05T23:06:58+07:00
2026-09-06,mn,Đà Lạt,G.2,1,53041,xskt.com.vn,2026-10-05T23:06:58+07:00
2026-09-06,mn,Đà Lạt,G.1,1,99641,xskt.com.vn,2026-10-05T23:06:58+07:00
2026-09-06,mn,Đà Lạt,ĐB,1,805519,xskt.com.vn,2026-10-05T23:06:58+07:00
2026-09-07,mn,Cà Mau,G.8,1,82,xskt.com.vn,2026-10-05T23:06:59+07:00
2026-09-07,mn,Cà Mau,G.7,1,109,xskt.com.vn,2026-10-05T23:06:59+07:00
2026-09-07,mn,Cà Mau,G.6,1,4804,xskt.com.vn,2026-10-05T23:06:59+07:00
2026-09-07,mn,Cà Mau,G.6,2,0057,xskt.com.vn,2026-10-05T23:06:59+07:00
2026-09-07,mn,Cà Mau,G.6,3,3314,xskt.com.vn,2026-10-05T23:06:59+07:00
2026-09-07,mn,Cà Mau,G.5,1,7624,xskt.com.vn,2026-10-05T23:06:59+07:00
2026-09-07,mn,Cà Mau,G.4,1,74745,xskt.com.vn,2026-10-05T23:06:59+07:00
2026-09-07,mn,Cà Mau,G.4,2,01565,xskt.com.vn,2026-10-05T23:06:59+07:00
2026-09-07,mn,Cà Mau,G.4,3,86224,xskt.com.vn,2026-10-05T23:06:59+07:00
2026-09-07,mn,Cà Mau,G.4,4,96838,xskt.com.vn,2026-10-05T23:06:59+07:00
2026-09-07,mn,Cà Mau,G.4,5,09027,xskt.com.vn,2026-10-05T23:06:59+07:00
2026-09-07,mn,Cà Mau,G.4,6,71414,xskt.com.vn,2026-10-05T23:06:59+07:00
2026-09-07,mn,Cà Mau,G.4,7,08343,xskt.com.vn,2026-10-05T23:06:59+07:00
2026-09-07,mn,Cà Mau,G.3,1,67065,xskt.com.vn,2026-10-05T23:06:59+07:00
2026-09-07,mn,Cà Mau,G.3,2,72140,xskt.com.vn,2026-10-05T23:06:59+07:00
2026-09-07,mn,Cà Mau,G.2,1,31586,xskt.com.vn,2026-10-05T23:06:59+07:00
2026-09-07,mn,Cà Mau,G.1,1,43895,xskt.com.vn,2026-10-05T23:06:59+07:00
2026-09-07,mn,Cà Mau,ĐB,1,556626,xskt.com.vn,2026-10-05T23:06:59+07:00
2026-09-07,mn,Hồ Chí Minh,G.8,1,05,xskt.com.vn,2026-10-05T23:06:59+07:00
2026-09-07,mn,Hồ Chí Minh,G.7,1,028,xskt.com.vn,2026-10-05T23:06:59+07:00
2026-09-07,mn,Hồ Chí Minh,G.6,1,2187,xskt.com.vn,2026-10-05T23:06:59+07:00
2026-09-07,mn,Hồ Chí Minh,G.6,2,5865,xskt.com.vn,2026-10-05T23:06:59+07:00
2026-09-07,mn,Hồ Chí Minh,G.6,3,5399,xskt.com.vn,2026-10-05T23:06:59+07:00
2026-09-07,mn,Hồ Chí Minh,G.5,1,2030,xskt.com.vn,2026-10-05T23:06:59+07:00
2026-09-07,mn,Hồ Chí Minh,G.4,1,21977,xskt.com.vn,2026-10-05T23:06:59+07:00
2026-09-07,mn,Hồ Chí Minh,G.4,2,09908,xskt.com.vn,2026-10-05T23:06:59+07:00
2026-09-07,mn,Hồ Chí Minh,G.4,3,58781,xskt.com.vn,2026-10-05T23:06:59+07:00
2026-09-07,mn,Hồ Chí Minh,G.4,4,89096,xskt.com.vn,2026-10-05T23:06:59+07:00
2026-09-07,mn,Hồ Chí Minh,G.4,5,81809,xskt.com.vn,2026-10-05T23:06:59+07:00
2026-09-07,mn,Hồ Chí Minh,G.4,6,59064,xskt.com.vn,2026-10-05T23:06:59+07:00
2026-09-07,mn,Hồ Chí Minh,G.4,7,75731,xskt.com.vn,2026-10-05T23:06:59+07:00
2026-09-07,mn,Hồ Chí Minh,G.3,1,78585,xskt.com.vn,2026-10-05T23:06:59+07:00
2026-09-07,mn,Hồ Chí Minh,G.3,2,38583,xskt.com.vn,2026-10-05T23:06:59+07:00
2026-09-07,mn,Hồ Chí Minh,G.2,1,16986,xskt.com.vn,2026-10-05T23:06:59+07:00
2026-09-07,mn,Hồ Chí Minh,G.1,1,39707,xskt.com.vn,2026-10-05T23:06:59+07:00
2026-09-07,mn,Hồ Chí Minh,ĐB,1,583758,xskt.com.vn,2026-10-05T23:06:59+07:00
2026-09-07,mn,Đồng Tháp,G.8,1,06,xskt.com.vn,2026-10-05T23:06:59+07:00
2026-09-07,mn,Đồng Tháp,G.7,1,652,xskt.com.vn,2026-10-05T23:06:59+07:00
2026-09-07,mn,Đồng Tháp,G.6,1,2162,xskt.com.vn,2026-10-05T23:06:59+07:00
2026-09-07,mn,Đồng Tháp,G.6,2,7721,xskt.com.vn,2026-10-05T23:06:59+07:00
2026-09-07,mn,Đồng Tháp,G.6,3,9063,xskt.com.vn,2026-10-05T23:06:59+07:00
2026-09-07,mn,Đồng Tháp,G.5,1,2386,xskt.com.vn,2026-10-05T23:06:59+07:00
2026-09-07,mn,Đồng Tháp,G.4,1,49191,xskt.com.vn,2026-10-05T23:06:59+07:00
2026-09-07,mn,Đồng Tháp,G.4,2,97236,xskt.com.vn,2026-10-05T23:06:59+07:00
2026-09-07,mn,Đồng Tháp,G.4,3,13021,xskt.com.vn,2026-10-05T23:06:59+07:00
2026-09-07,mn,Đồng Tháp,G.4,4,21860,xskt.com.vn,2026-10-05T23:06:59+07:00
2026-09-07,mn,Đồng Tháp,G.4,5,99173,xskt.com.vn,2026-10-05T23:06:59+07:00
2026-09-07,mn,Đồng Tháp,G.4,6,43262,xskt.com.vn,2026-10-05T23:06:59+07:00
2026-09-07,mn,Đồng Tháp,G.4,7,01109,xskt.com.vn,2026-10-05T23:06:59+07:00
2026-09-07,mn,Đồng Tháp,G.3,1,20791,xskt.com.vn,2026-10-05T23:06:59+07:00
2026-09-07,mn,Đồng Tháp,G.3,2,66892,xskt.com.vn,2026-10-05T23:06:59+07:00
2026-09-07,mn,Đồng Tháp,G.2,1,94383,xskt.com.vn,2026-10-05T23:06:59+07:00
2026-09-07,mn,Đồng Tháp,G.1,1,44310,xskt.com.vn,2026-10-05T23:06:59+07:00
2026-09-07,mn,Đồng Tháp,ĐB,1,644918,xskt.com.vn,2026-10-05T23:06:59+07:00
2026-09-08,mn,Bạc Liêu,G.8,1,04,xskt.com.vn,2026-10-05T23:06:59+07:00
2026-09-08,mn,Bạc Liêu,G.7,1,236,xskt.com.vn,2026-10-05T23:06:59+07:00
2026-09-08,mn,Bạc Liêu,G.6,1,7921,xskt.com.vn,2026-10-05T23:06:59+07:00
2026-09-08,mn,Bạc Liêu,G.6,2,0311,xskt.com.vn,2026-10-05T23:06:59+07:00
2026-09-08,mn,Bạc Liêu,G.6,3,4475,xskt.com.vn,2026-10-05T23:06:59+07:00
2026-09-08,mn,Bạc Liêu,G.5,1,7748,xskt.com.vn,2026-10-05T23:06:59+07:00
2026-09-08,mn,Bạc Liêu,G.4,1,36031,xskt.com.vn,2026-10-05T23:06:59+07:00
2026-09-08,mn,Bạc Liêu,G.4,2,24201,xskt.com.vn,2026-10-05T23:06:59+07:00
2026-09-08,mn,Bạc Liêu,G.4,3,41522,xskt.com.vn,2026-10-05T23:06:59+07:00
2026-09-08,mn,Bạc Liêu,G.4,4,48773,xskt.com.vn,2026-10-05T23:06:59+07:00
2026-09-08,mn,Bạc Liêu,G.4,5,36614,xskt.com.vn,2026-10-05T23:06:59+07:00
2026-09-08,mn,Bạc Liêu,G.4,6,59729,xskt.com.vn,2026-10-05T23:06:59+07:00
2026-09-08,mn,Bạc Liêu,G.4,7,94380,xskt.com.vn,2026-10-05T23:06:59+07:00
2026-09-08,mn,Bạc Liêu,G.3,1,11579,xskt.com.vn,2026-10-05T23:06:59+07:00
2026-09-08,mn,Bạc Liêu,G.3,2,98593,xskt.com.vn,2026-10-05T23:06:59+07:00
2026-09-08,mn,Bạc Liêu,G.2,1,63268,xskt.com.vn,2026-10-05T23:06:59+07:00
2026-09-08,mn,Bạc Liêu,G.1,1,01825,xskt.com.vn,2026-10-05T23:06:59+07:00
2026-09-08,mn,Bạc Liêu,ĐB,1,236335,xskt.com.vn,2026-10-05T23:06:59+07:00
2026-09-08,mn,Bến Tre,G.8,1,53,xskt.com.vn,2026-10-05T23:06:59+07:00
2026-09-08,mn,Bến Tre,G.7,1,023,xskt.com.vn,2026-10-05T23:06:59+07:00
2026-09-08,mn,Bến Tre,G.6,1,3527,xskt.com.vn,2026-10-05T23:06:59+07:00
2026-09-08,mn,Bến Tre,G.6,2,8204,xskt.com.vn,2026-10-05T23:06:59+07:00
2026-09-08,mn,Bến Tre,G.6,3,1929,xskt.com.vn,2026-10-05T23:06:59+07:00
2026-09-08,mn,Bến Tre,G.5,1,8059,xskt.com.vn,2026-10-05T23:06:59+07:00
2026-09-08,mn,Bến Tre,G.4,1,34255,xskt.com.vn,2026-10-05T23:06:59+07:00
2026-09-08,mn,Bến Tre,G.4,2,74075,xskt.com.vn,2026-10-05T23:06:59+07:00
2026-09-08,mn,Bến Tre,G.4,3,59920,xskt.com.vn,2026-10-05T23:06:59+07:00
2026-09-08,mn,Bến Tre,G.4,4,74582,xskt.com.vn,2026-10-05T23:06:59+07:00
2026-09-08,mn,Bến Tre,G.4,5,53675,xskt.com.vn,2026-10-05T23:06:59+07:00
2026-09-08,mn,Bến Tre,G.4,6,75338,xskt.com.vn,2026-10-05T23:06:59+07:00
2026-09-08,mn,Bến Tre,G.4,7,32300,xskt.com.vn,2026-10-05T23:06:59+07:00
2026-09-08,mn,Bến Tre,G.3,1,14682,xskt.com.vn,2026-10-05T23:06:59+07:00
2026-09-08,mn,Bến Tre,G.3,2,93084,xskt.com.vn,2026-10-05T23:06:59+07:00
2026-09-08,mn,Bến Tre,G.2,1,76468,xskt.com.vn,2026-10-05T23:06:59+07:00
2026-09-08,mn,Bến Tre,G.1,1,63918,xskt.com.vn,2026-10-05T23:06:59+07:00
2026-09-08,mn,Bến Tre,ĐB,1,536908,xskt.com.vn,2026-10-05T23:06:59+07:00
2026-09-08,mn,Vũng Tàu,G.8,1,78,xskt.com.vn,2026-10-05T23:06:59+07:00
2026-09-08,mn,Vũng Tàu,G.7,1,006,xskt.com.vn,2026-10-05T23:06:59+07:00
2026-09-08,mn,Vũng Tàu,G.6,1,7694,xskt.com.vn,2026-10-05T23:06:59+07:00
2026-09-08,mn,Vũng Tàu,G.6,2,8928,xskt.com.vn,2026-10-05T23:06:59+07:00
2026-09-08,mn,Vũng Tàu,G.6,3,7829,xskt.com.vn,2026-10-05T23:06:59+07:00
2026-09-08,mn,Vũng Tàu,G.5,1,4738,xskt.com.vn,2026-10-05T23:06:59+07:00
2026-09-08,mn,Vũng Tàu,G.4,1,33715,xskt.com.vn,2026-10-05T23:06:59+07:00
2026-09-08,mn,Vũng Tàu,G.4,2,07262,xskt.com.vn,2026-10-05T23:06:59+07:00
2026-09-08,mn,Vũng Tàu,G.4,3,62737,xskt.com.vn,2026-10-05T23:06:59+07:00
2026-09-08,mn,Vũng Tàu,G.4,4,23865,xskt.com.vn,2026-10-05T23:06:59+07:00
2026-09-08,mn,Vũng Tàu,G.4,5,81501,xskt.com.vn,2026-10-05T23:06:59+07:00
2026-09-08,mn,Vũng Tàu,G.4,6,51973,xskt.com.vn,2026-10-05T23:06:59+07:00
2026-09-08,mn,Vũng Tàu,G.4,7,04009,xskt.com.vn,2026-10-05T23:06:59+07:00
2026-09-08,mn,Vũng Tàu,G.3,1,45182,xskt.com.vn,2026-10-05T23:06:59+07:00
2026-09-08,mn,Vũng Tàu,G.3,2,73616,xskt.com.vn,2026-10-05T23:06:59+07:00
2026-09-08,mn,Vũng Tàu,G.2,1,00908,xskt.com.vn,2026-10-05T23:06:59+07:00
2026-09-08,mn,Vũng Tàu,G.1,1,83227,xskt.com.vn,2026-10-05T23:06:59+07:00
2026-09-08,mn,Vũng Tàu,ĐB,1,438599,xskt.com.vn,2026-10-05T23:06:59+07:00
2026-09-09,mn,Cần Thơ,G.8,1,31,xskt.com.vn,2026-10-05T23:06:59+07:00
2026-09-09,mn,Cần Thơ,G.7,1,936,xskt.com.vn,2026-10-05T23:06:59+07:00
2026-09-09,mn,Cần Thơ,G.6,1,0265,xskt.com.vn,2026-10-05T23:06:59+07:00
2026-09-09,mn,Cần Thơ,G.6,2,4174,xskt.com.vn,2026-10-05T23:06:59+07:00
2026-09-09,mn,Cần Thơ,G.6,3,0809,xskt.com.vn,2026-10-05T23:06:59+07:00
2026-09-09,mn,Cần Thơ,G.5,1,9121,xskt.com.vn,2026-10-05T23:06:59+07:00
2026-09-09,mn,Cần Thơ,G.4,1,86504,xskt.com.vn,2026-10-05T23:06:59+07:00
2026-09-09,mn,Cần Thơ,G.4,2,87119,xskt.com.vn,2026-10-05T23:06:59+07:00
2026-09-09,mn,Cần Thơ,G.4,3,75856,xskt.com.vn,2026-10-05T23:06:59+07:00
2026-09-09,mn,Cần Thơ,G.4,4,11028,xskt.com.vn,2026-10-05T23:06:59+07:00
2026-09-09,mn,Cần Thơ,G.4,5,57999,xskt.com.vn,2026-10-05T23:06:59+07:00
2026-09-09,mn,Cần Thơ,G.4,6,74623,xskt.com.vn,2026-10-05T23:06:59+07:00
2026-09-09,mn,Cần Thơ,G.4,7,75263,xskt.com.vn,2026-10-05T23:06:59+07:00
2026-09-09,mn,Cần Thơ,G.3,1,34554,xskt.com.vn,2026-10-05T23:06:59+07:00
2026-09-09,mn,Cần Thơ,G.3,2,85892,xskt.com.vn,2026-10-05T23:06:59+07:00
2026-09-09,mn,Cần Thơ,G.2,1,02695,xskt.com.vn,2026-10-05T23:06:59+07:00
2026-09-09,mn,Cần Thơ,G.1,1,74235,xskt.com.vn,2026-10-05T23:06:59+07:00
2026-09-09,mn,Cần Thơ,ĐB,1,637211,xskt.com.vn,2026-10-05T23:06:59+07:00
2026-09-09,mn,Sóc Trăng,G.8,1,35,xskt.com.vn,2026-10-05T23:06:59+07:00
2026-09-09,mn,Sóc Trăng,G.7,1,074,xskt.com.vn,2026-10-05T23:06:59+07:00
2026-09-09,mn,Sóc Trăng,G.6,1,5980,xskt.com.vn,2026-10-05T23:06:59+07:00
2026-09-09,mn,Sóc Trăng,G.6,2,6937,xskt.com.vn,2026-10-05T23:06:59+07:00
2026-09-09,mn,Sóc Trăng,G.6,3,3377,xskt.com.vn,2026-10-05T23:06:59+07:00
2026-09-09,mn,Sóc Trăng,G.5,1,4285,xskt.com.vn,2026-10-05T23:06:59+07:00
2026-09-09,mn,Sóc Trăng,G.4,1,70110,xskt.com.vn,2026-10-05T23:06:59+07:00
2026-09-09,mn,Sóc Trăng,G.4,2,38328,xskt.com.vn,2026-10-05T23:06:59+07:00
2026-09-09,mn,Sóc Trăng,G.4,3,20584,xskt.com.vn,2026-10-05T23:06:59+07:00
2026-09-09,mn,Sóc Trăng,G.4,4,84704,xskt.com.vn,2026-10-05T23:06:59+07:00
2026-09-09,mn,Sóc Trăng,G.4,5,85735,xskt.com.vn,2026-10-05T23:06:59+07:00
2026-09-09,mn,Sóc Trăng,G.4,6,47380,xskt.com.vn,2026-10-05T23:06:59+07:00
2026-09-09,mn,Sóc Trăng,G.4,7,45529,xskt.com.vn,2026-10-05T23:06:59+07:00
2026-09-09,mn,Sóc Trăng,G.3,1,11364,xskt.com.vn,2026-10-05T23:06:59+07:00
2026-09-09,mn,Sóc Trăng,G.3,2,69081,xskt.com.vn,2026-10-05T23:06:59+07:00
2026-09-09,mn,Sóc Trăng,G.2,1,00567,xskt.com.vn,2026-10-05T23:06:59+07:00
2026-09-09,mn,Sóc Trăng,G.1,1,42386,xskt.com.vn,2026-10-05T23:06:59+07:00
2026-09-09,mn,Sóc Trăng,ĐB,1,267025,xskt.com.vn,2026-10-05T23:06:59+07:00
2026-09-09,mn,Đồng Nai,G.8,1,59,xskt.com.vn,2026-10-05T23:06:59+07:00
2026-09-09,mn,Đồng Nai,G.7,1,876,xskt.com.vn,2026-10-05T23:06:59+07:00
2026-09-09,mn,Đồng Nai,G.6,1,1255,xskt.com.vn,2026-10-05T23:06:59+07:00
2026-09-09,mn,Đồng Nai,G.6,2,4586,xskt.com.vn,2026-10-05T23:06:59+07:00
2026-09-09,mn,Đồng Nai,G.6,3,7350,xskt.com.vn,2026-10-05T23:06:59+07:00
2026-09-09,mn,Đồng Nai,G.5,1,5710,xskt.com.vn,2026-10-05T23:06:59+07:00
2026-09-09,mn,Đồng Nai,G.4,1,24645,xskt.com.vn,2026-10-05T23:06:59+07:00
2026-09-09,mn,Đồng Nai,G.4,2,90690,xskt.com.vn,2026-10-05T23:06:59+07:00
2026-09-09,mn,Đồng Nai,G.4,3,99761,xskt.com.vn,2026-10-05T23:06:59+07:00
2026-09-09,mn,Đồng Nai,G.4,4,26288,xskt.com.vn,2026-10-05T23:06:59+07:00
2026-09-09,mn,Đồng Nai,G.4,5,05763,xskt.com.vn,2026-10-05T23:06:59+07:00
2026-09-09,mn,Đồng Nai,G.4,6,98993,xskt.com.vn,2026-10-05T23:06:59+07:00
2026-09-09,mn,Đồng Nai,G.4,7,56874,xskt.com.vn,2026-10-05T23:06:59+07:00
2026-09-09,mn,Đồng Nai,G.3,1,76281,xskt.com.vn,2026-10-05T23:06:59+07:00
2026-09-09,mn,Đồng Nai,G.3,2,56049,xskt.com.vn,2026-10-05T23:06:59+07:00
2026-09-09,mn,Đồng Nai,G.2,1,11951,xskt.com.vn,2026-10-05T23:06:59+07:00
2026-09-09,mn,Đồng Nai,G.1,1,04790,xskt.com.vn,2026-10-05T23:06:59+07:00
2026-09-09,mn,Đồng Nai,ĐB,1,348446,xskt.com.vn,2026-10-05T23:06:59+07:00
2026-09-10,mn,An Giang,G.8,1,66,xskt.com.vn,2026-10-05T23:07:00+07:00
2026-09-10,mn,An Giang,G.7,1,979,xskt.com.vn,2026-10-05T23:07:00+07:00
2026-09-10,mn,An Giang,G.6,1,5629,xskt.com.vn,2026-10-05T23:07:00+07:00
2026-09-10,mn,An Giang,G.6,2,3700,xskt.com.vn,2026-10-05T23:07:00+07:00
2026-09-10,mn,An Giang,G.6,3,3824,xskt.com.vn,2026-10-05T23:07:00+07:00
2026-09-10,mn,An Giang,G.5,1,9155,xskt.com.vn,2026-10-05T23:07:00+07:00
2026-09-10,mn,An Giang,G.4,1,06694,xskt.com.vn,2026-10-05T23:07:00+07:00
2026-09-10,mn,An Giang,G.4,2,33903,xskt.com.vn,2026-10-05T23:07:00+07:00
2026-09-10,mn,An Giang,G.4,3,96455,xskt.com.vn,2026-10-05T23:07:00+07:00
2026-09-10,mn,An Giang,G.4,4,29210,xskt.com.vn,2026-10-05T23:07:00+07:00
2026-09-10,mn,An Giang,G.4,5,29596,xskt.com.vn,2026-10-05T23:07:00+07:00
2026-09-10,mn,An Giang,G.4,6,84613,xskt.com.vn,2026-10-05T23:07:00+07:00
2026-09-10,mn,An Giang,G.4,7,23289,xskt.com.vn,2026-10-05T23:07:00+07:00
2026-09-10,mn,An Giang,G.3,1,94540,xskt.com.vn,2026-10-05T23:07:00+07:00
2026-09-10,mn,An Giang,G.3,2,99013,xskt.com.vn,2026-10-05T23:07:00+07:00
2026-09-10,mn,An Giang,G.2,1,76646,xskt.com.vn,2026-10-05T23:07:00+07:00
2026-09-10,mn,An Giang,G.1,1,52742,xskt.com.vn,2026-10-05T23:07:00+07:00
2026-09-10,mn,An Giang,ĐB,1,370490,xskt.com.vn,2026-10-05T23:07:00+07:00
2026-09-10,mn,Bình Thuận,G.8,1,22,xskt.com.vn,2026-10-05T23:07:00+07:00
2026-09-10,mn,Bình Thuận,G.7,1,703,xskt.com.vn,2026-10-05T23:07:00+07:00
2026-09-10,mn,Bình Thuận,G.6,1,7391,xskt.com.vn,2026-10-05T23:07:00+07:00
2026-09-10,mn,Bình Thuận,G.6,2,1274,xskt.com.vn,2026-10-05T23:07:00+07:00
2026-09-10,mn,Bình Thuận,G.6,3,8380,xskt.com.vn,2026-10-05T23:07:00+07:00
2026-09-10,mn,Bình Thuận,G.5,1,7166,xskt.com.vn,2026-10-05T23:07:00+07:00
2026-09-10,mn,Bình Thuận,G.4,1,06998,xskt.com.vn,2026-10-05T23:07:00+07:00
2026-09-10,mn,Bình Thuận,G.4,2,95180,xskt.com.vn,2026-10-05T23:07:00+07:00
2026-09-10,mn,Bình Thuận,G.4,3,66929,xskt.com.vn,2026-10-05T23:07:00+07:00
2026-09-10,mn,Bình Thuận,G.4,4,15800,xskt.com.vn,2026-10-05T23:07:00+07:00
2026-09-10,mn,Bình Thuận,G.4,5,30023,xskt.com.vn,2026-10-05T23:07:00+07:00
2026-09-10,mn,Bình Thuận,G.4,6,99571,xskt.com.vn,2026-10-05T23:07:00+07:00
2026-09-10,mn,Bình Thuận,G.4,7,50260,xskt.com.vn,2026-10-05T23:07:00+07:00
2026-09-10,mn,Bình Thuận,G.3,1,44862,xskt.com.vn,2026-10-05T23:07:00+07:00
2026-09-10,mn,Bình Thuận,G.3,2,25304,xskt.com.vn,2026-10-05T23:07:00+07:00
2026-09-10,mn,Bình Thuận,G.2,1,44600,xskt.com.vn,2026-10-05T23:07:00+07:00
2026-09-10,mn,Bình Thuận,G.1,1,35952,xskt.com.vn,2026-10-05T23:07:00+07:00
2026-09-10,mn,Bình Thuận,ĐB,1,253778,xskt.com.vn,2026-10-05T23:07:00+07:00
2026-09-10,mn,Tây Ninh,G.8,1,57,xskt.com.vn,2026-10-05T23:07:00+07:00
2026-09-10,mn,Tây Ninh,G.7,1,282,xskt.com.vn,2026-10-05T23:07:00+07:00
2026-09-10,mn,Tây Ninh,G.6,1,3154,xskt.com.vn,2026-10-05T23:07:00+07:00
2026-09-10,mn,Tây Ninh,G.6,2,9559,xskt.com.vn,2026-10-05T23:07:00+07:00
2026-09-10,mn,Tây Ninh,G.6,3,1776,xskt.com.vn,2026-10-05T23:07:00+07:00
2026-09-10,mn,Tây Ninh,G.5,1,1281,xskt.com.vn,2026-10-05T23:07:00+07:00
2026-09-10,mn,Tây Ninh,G.4,1,65684,xskt.com.vn,2026-10-05T23:07:00+07:00
2026-09-10,mn,Tây Ninh,G.4,2,50000,xskt.com.vn,2026-10-05T23:07:00+07:00
2026-09-10,mn,Tây Ninh,G.4,3,58458,xskt.com.vn,2026-10-05T23:07:00+07:00
2026-09-10,mn,Tây Ninh,G.4,4,15677,xskt.com.vn,2026-10-05T23:07:00+07:00
2026-09-10,mn,Tây Ninh,G.4,5,00776,xskt.com.vn,2026-10-05T23:07:00+07:00
2026-09-10,mn,Tây Ninh,G.4,6,61931,xskt.com.vn,2026-10-05T23:07:00+07:00
2026-09-10,mn,Tây Ninh,G.4,7,79519,xskt.com.vn,2026-10-05T23:07:00+07:00
2026-09-10,mn,Tây Ninh,G.3,1,54162,xskt.com.vn,2026-10-05T23:07:00+07:00
2026-09-10,mn,Tây Ninh,G.3,2,40090,xskt.com.vn,2026-10-05T23:07:00+07:00
2026-09-10,mn,Tây Ninh,G.2,1,31387,xskt.com.vn,2026-10-05T23:07:00+07:00
2026-09-10,mn,Tây Ninh,G.1,1,47152,xskt.com.vn,2026-10-05T23:07:00+07:00
2026-09-10,mn,Tây Ninh,ĐB,1,910457,xskt.com.vn,2026-10-05T23:07:00+07:00
2026-09-11,mn,Bình Dương,G.8,1,28,xskt.com.vn,2026-10-05T23:07:00+07:00
2026-09-11,mn,Bình Dương,G.7,1,972,xskt.com.vn,2026-10-05T23:07:00+07:00
2026-09-11,mn,Bình Dương,G.6,1,5348,xskt.com.vn,2026-10-05T23:07:00+07:00
2026-09-11,mn,Bình Dương,G.6,2,9647,xskt.com.vn,2026-10-05T23:07:00+07:00
2026-09-11,mn,Bình Dương,G.6,3,1570,xskt.com.vn,2026-10-05T23:07:00+07:00
2026-09-11,mn,Bình Dương,G.5,1,0446,xskt.com.vn,2026-10-05T23:07:00+07:00
2026-09-11,mn,Bình Dương,G.4,1,60786,xskt.com.vn,2026-10-05T23:07:00+07:00
2026-09-11,mn,Bình Dương,G.4,2,47492,xskt.com.vn,2026-10-05T23:07:00+07:00
2026-09-11,mn,Bình Dương,G.4,3,22581,xskt.com.vn,2026-10-05T23:07:00+07:00
2026-09-11,mn,Bình Dương,G.4,4,60806,xskt.com.vn,2026-10-05T23:07:00+07:00
2026-09-11,mn,Bình Dương,G.4,5,15919,xskt.com.vn,2026-10-05T23:07:00+07:00
2026-09-11,mn,Bình Dương,G.4,6,04646,xskt.com.vn,2026-10-05T23:07:00+07:00
2026-09-11,mn,Bình Dương,G.4,7,50560,xskt.com.vn,2026-10-05T23:07:00+07:00
2026-09-11,mn,Bình Dương,G.3,1,97814,xskt.com.vn,2026-10-05T23:07:00+07:00
2026-09-11,mn,Bình Dương,G.3,2,69304,xskt.com.vn,2026-10-05T23:07:00+07:00
2026-09-11,mn,Bình Dương,G.2,1,28108,xskt.com.vn,2026-10-05T23:07:00+07:00
2026-09-11,mn,Bình Dương,G.1,1,57748,xskt.com.vn,2026-10-05T23:07:00+07:00
2026-09-11,mn,Bình Dương,ĐB,1,937036,xskt.com.vn,2026-10-05T23:07:00+07:00
2026-09-11,mn,Trà Vinh,G.8,1,87,xskt.com.vn,2026-10-05T23:07:00+07:00
2026-09-11,mn,Trà Vinh,G.7,1,508,xskt.com.vn,2026-10-05T23:07:00+07:00
2026-09-11,mn,Trà Vinh,G.6,1,3129,xskt.com.vn,2026-10-05T23:07:00+07:00
2026-09-11,mn,Trà Vinh,G.6,2,5913,xskt.com.vn,2026-10-05T23:07:00+07:00
2026-09-11,mn,Trà Vinh,G.6,3,1713,xskt.com.vn,2026-10-05T23:07:00+07:00
2026-09-11,mn,Trà Vinh,G.5,1,1041,xskt.com.vn,2026-10-05T23:07:00+07:00
2026-09-11,mn,Trà Vinh,G.4,1,74920,xskt.com.vn,2026-10-05T23:07:00+07:00
2026-09-11,mn,Trà Vinh,G.4,2,91989,xskt.com.vn,2026-10-05T23:07:00+07:00
2026-09-11,mn,Trà Vinh,G.4,3,37628,xskt.com.vn,2026-10-05T23:07:00+07:00
2026-09-11,mn,Trà Vinh,G.4,4,09871,xskt.com.vn,2026-10-05T23:07:00+07:00
2026-09-11,mn,Trà Vinh,G.4,5,77110,xskt.com.vn,2026-10-05T23:07:00+07:00
2026-09-11,mn,Trà Vinh,G.4,6,96334,xskt.com.vn,2026-10-05T23:07:00+07:00
2026-09-11,mn,Trà Vinh,G.4,7,92931,xskt.com.vn,2026-10-05T23:07:00+07:00
2026-09-11,mn,Trà Vinh,G.3,1,44438,xskt.com.vn,2026-10-05T23:07:00+07:00
2026-09-11,mn,Trà Vinh,G.3,2,13339,xskt.com.vn,2026-10-05T23:07:00+07:00
2026-09-11,mn,Trà Vinh,G.2,1,06447,xskt.com.vn,2026-10-05T23:07:00+07:00
2026-09-11,mn,Trà Vinh,G.1,1,86984,xskt.com.vn,2026-10-05T23:07:00+07:00
2026-09-11,mn,Trà Vinh,ĐB,1,467062,xskt.com.vn,2026-10-05T23:07:00+07:00
2026-09-11,mn,Vĩnh Long,G.8,1,04,xskt.com.vn,2026-10-05T23:07:00+07:00
2026-09-11,mn,Vĩnh Long,G.7,1,858,xskt.com.vn,2026-10-05T23:07:00+07:00
2026-09-11,mn,Vĩnh Long,G.6,1,2812,xskt.com.vn,2026-10-05T23:07:00+07:00
2026-09-11,mn,Vĩnh Long,G.6,2,2107,xskt.com.vn,2026-10-05T23:07:00+07:00
2026-09-11,mn,Vĩnh Long,G.6,3,0659,xskt.com.vn,2026-10-05T23:07:00+07:00
2026-09-11,mn,Vĩnh Long,G.5,1,3293,xskt.com.vn,2026-10-05T23:07:00+07:00
2026-09-11,mn,Vĩnh Long,G.4,1,82224,xskt.com.vn,2026-10-05T23:07:00+07:00
2026-09-11,mn,Vĩnh Long,G.4,2,79347,xskt.com.vn,2026-10-05T23:07:00+07:00
2026-09-11,mn,Vĩnh Long,G.4,3,89304,xskt.com.vn,2026-10-05T23:07:00+07:00
2026-09-11,mn,Vĩnh Long,G.4,4,19247,xskt.com.vn,2026-10-05T23:07:00+07:00
2026-09-11,mn,Vĩnh Long,G.4,5,09681,xskt.com.vn,2026-10-05T23:07:00+07:00
2026-09-11,mn,Vĩnh Long,G.4,6,48666,xskt.com.vn,2026-10-05T23:07:00+07:00
2026-09-11,mn,Vĩnh Long,G.4,7,33785,xskt.com.vn,2026-10-05T23:07:00+07:00
2026-09-11,mn,Vĩnh Long,G.3,1,26420,xskt.com.vn,2026-10-05T23:07:00+07:00
2026-09-11,mn,Vĩnh Long,G.3,2,61206,xskt.com.vn,2026-10-05T23:07:00+07:00
2026-09-11,mn,Vĩnh Long,G.2,1,21625,xskt.com.vn,2026-10-05T23:07:00+07:00
2026-09-11,mn,Vĩnh Long,G.1,1,34088,xskt.com.vn,2026-10-05T23:07:00+07:00
2026-09-11,mn,Vĩnh Long,ĐB,1,821221,xskt.com.vn,2026-10-05T23:07:00+07:00
2026-09-12,mn,Bình Phước,G.8,1,17,xskt.com.vn,2026-10-05T23:07:01+07:00
2026-09-12,mn,Bình Phước,G.7,1,378,xskt.com.vn,2026-10-05T23:07:01+07:00
2026-09-12,mn,Bình Phước,G.6,1,4637,xskt.com.vn,2026-10-05T23:07:01+07:00
2026-09-12,mn,Bình Phước,G.6,2,5974,xskt.com.vn,2026-10-05T23:07:01+07:00
2026-09-12,mn,Bình Phước,G.6,3,7072,xskt.com.vn,2026-10-05T23:07:01+07:00
2026-09-12,mn,Bình Phước,G.5,1,7901,xskt.com.vn,2026-10-05T23:07:01+07:00
2026-09-12,mn,Bình Phước,G.4,1,51399,xskt.com.vn,2026-10-05T23:07:01+07:00
2026-09-12,mn,Bình Phước,G.4,2,54433,xskt.com.vn,2026-10-05T23:07:01+07:00
2026-09-12,mn,Bình Phước,G.4,3,78400,xskt.com.vn,2026-10-05T23:07:01+07:00
2026-09-12,mn,Bình Phước,G.4,4,02724,xskt.com.vn,2026-10-05T23:07:01+07:00
2026-09-12,mn,Bình Phước,G.4,5,58164,xskt.com.vn,2026-10-05T23:07:01+07:00
2026-09-12,mn,Bình Phước,G.4,6,68756,xskt.com.vn,2026-10-05T23:07:01+07:00
2026-09-12,mn,Bình Phước,G.4,7,01140,xskt.com.vn,2026-10-05T23:07:01+07:00
2026-09-12,mn,Bình Phước,G.3,1,78635,xskt.com.vn,2026-10-05T23:07:01+07:00
2026-09-12,mn,Bình Phước,G.3,2,59028,xskt.com.vn,2026-10-05T23:07:01+07:00
2026-09-12,mn,Bình Phước,G.2,1,77749,xskt.com.vn,2026-10-05T23:07:01+07:00
2026-09-12,mn,Bình Phước,G.1,1,94263,xskt.com.vn,2026-10-05T23:07:01+07:00
2026-09-12,mn,Bình Phước,ĐB,1,871126,xskt.com.vn,2026-10-05T23:07:01+07:00
2026-09-12,mn,Hậu Giang,G.8,1,42,xskt.com.vn,2026-10-05T23:07:01+07:00
2026-09-12,mn,Hậu Giang,G.7,1,208,xskt.com.vn,2026-10-05T23:07:01+07:00
2026-09-12,mn,Hậu Giang,G.6,1,8816,xskt.com.vn,2026-10-05T23:07:01+07:00
2026-09-12,mn,Hậu Giang,G.6,2,8912,xskt.com.vn,2026-10-05T23:07:01+07:00
2026-09-12,mn,Hậu Giang,G.6,3,7590,xskt.com.vn,2026-10-05T23:07:01+07:00
2026-09-12,mn,Hậu Giang,G.5,1,5200,xskt.com.vn,2026-10-05T23:07:01+07:00
2026-09-12,mn,Hậu Giang,G.4,1,32294,xskt.com.vn,2026-10-05T23:07:01+07:00
2026-09-12,mn,Hậu Giang,G.4,2,87255,xskt.com.vn,2026-10-05T23:07:01+07:00
2026-09-12,mn,Hậu Giang,G.4,3,41313,xskt.com.vn,2026-10-05T23:07:01+07:00
2026-09-12,mn,Hậu Giang,G.4,4,25193,xskt.com.vn,2026-10-05T23:07:01+07:00
2026-09-12,mn,Hậu Giang,G.4,5,09579,xskt.com.vn,2026-10-05T23:07:01+07:00
2026-09-12,mn,Hậu Giang,G.4,6,44819,xskt.com.vn,2026-10-05T23:07:01+07:00
2026-09-12,mn,Hậu Giang,G.4,7,86336,xskt.com.vn,2026-10-05T23:07:01+07:00
2026-09-12,mn,Hậu Giang,G.3,1,98644,xskt.com.vn,2026-10-05T23:07:01+07:00
2026-09-12,mn,Hậu Giang,G.3,2,05441,xskt.com.vn,2026-10-05T23:07:01+07:00
2026-09-12,mn,Hậu Giang,G.2,1,96901,xskt.com.vn,2026-10-05T23:07:01+07:00
2026-09-12,mn,Hậu Giang,G.1,1,35210,xskt.com.vn,2026-10-05T23:07:01+07:00
2026-09-12,mn,Hậu Giang,ĐB,1,447951,xskt.com.vn,2026-10-05T23:07:01+07:00
2026-09-12,mn,Hồ Chí Minh,G.8,1,17,xskt.com.vn,2026-10-05T23:07:01+07:00
2026-09-12,mn,Hồ Chí Minh,G.7,1,722,xskt.com.vn,2026-10-05T23:07:01+07:00
2026-09-12,mn,Hồ Chí Minh,G.6,1,6584,xskt.com.vn,2026-10-05T23:07:01+07:00
2026-09-12,mn,Hồ Chí Minh,G.6,2,3651,xskt.com.vn,2026-10-05T23:07:01+07:00
2026-09-12,mn,Hồ Chí Minh,G.6,3,1496,xskt.com.vn,2026-10-05T23:07:01+07:00
2026-09-12,mn,Hồ Chí Minh,G.5,1,9425,xskt.com.vn,2026-10-05T23:07:01+07:00
2026-09-12,mn,Hồ Chí Minh,G.4,1,63432,xskt.com.vn,2026-10-05T23:07:01+07:00
2026-09-12,mn,Hồ Chí Minh,G.4,2,32190,xskt.com.vn,2026-10-05T23:07:01+07:00
2026-09-12,mn,Hồ Chí Minh,G.4,3,91686,xskt.com.vn,2026-10-05T23:07:01+07:00
2026-09-12,mn,Hồ Chí Minh,G.4,4,75436,xskt.com.vn,2026-10-05T23:07:01+07:00
2026-09-12,mn,Hồ Chí Minh,G.4,5,59386,xskt.com.vn,2026-10-05T23:07:01+07:00
2026-09-12,mn,Hồ Chí Minh,G.4,6,89236,xskt.com.vn,2026-10-05T23:07:01+07:00
2026-09-12,mn,Hồ Chí Minh,G.4,7,73393,xskt.com.vn,2026-10-05T23:07:01+07:00
2026-09-12,mn,Hồ Chí Minh,G.3,1,95790,xskt.com.vn,2026-10-05T23:07:01+07:00
2026-09-12,mn,Hồ Chí Minh,G.3,2,38976,xskt.com.vn,2026-10-05T23:07:01+07:00
2026-09-12,mn,Hồ Chí Minh,G.2,1,50557,xskt.com.vn,2026-10-05T23:07:01+07:00
2026-09-12,mn,Hồ Chí Minh,G.1,1,79995,xskt.com.vn,2026-10-05T23:07:01+07:00
2026-09-12,mn,Hồ Chí Minh,ĐB,1,269569,xskt.com.vn,2026-10-05T23:07:01+07:00
2026-09-12,mn,Long An,G.8,1,14,xskt.com.vn,2026-10-05T23:07:01+07:00
2026-09-12,mn,Long An,G.7,1,464,xskt.com.vn,2026-10-05T23:07:01+07:00
2026-09-12,mn,Long An,G.6,1,0811,xskt.com.vn,2026-10-05T23:07:01+07:00
2026-09-12,mn,Long An,G.6,2,9151,xskt.com.vn,2026-10-05T23:07:01+07:00
2026-09-12,mn,Long An,G.6,3,2765,xskt.com.vn,2026-10-05T23:07:01+07:00
2026-09-12,mn,Long An,G.5,1,5461,xskt.com.vn,2026-10-05T23:07:01+07:00
2026-09-12,mn,Long An,G.4,1,36913,xskt.com.vn,2026-10-05T23:07:01+07:00
2026-09-12,mn,Long An,G.4,2,08800,xskt.com.vn,2026-10-05T23:07:01+07:00
2026-09-12,mn,Long An,G.4,3,43356,xskt.com.vn,2026-10-05T23:07:01+07:00
2026-09-12,mn,Long An,G.4,4,33646,xskt.com.vn,2026-10-05T23:07:01+07:00
2026-09-12,mn,Long An,G.4,5,95188,xskt.com.vn,2026-10-05T23:07:01+07:00
2026-09-12,mn,Long An,G.4,6,89870,xskt.com.vn,2026-10-05T23:07:01+07:00
2026-09-12,mn,Long An,G.4,7,01626,xskt.com.vn,2026-10-05T23:07:01+07:00
2026-09-12,mn,Long An,G.3,1,12160,xskt.com.vn,2026-10-05T23:07:01+07:00
2026-09-12,mn,Long An,G.3,2,28151,xskt.com.vn,2026-10-05T23:07:01+07:00
2026-09-12,mn,Long An,G.2,1,80295,xskt.com.vn,2026-10-05T23:07:01+07:00
2026-09-12,mn,Long An,G.1,1,86640,xskt.com.vn,2026-10-05T23:07:01+07:00
2026-09-12,mn,Long An,ĐB,1,155337,xskt.com.vn,2026-10-05T23:07:01+07:00
2026-09-13,mn,Kiên Giang,G.8,1,42,xskt.com.vn,2026-10-05T23:07:01+07:00
2026-09-13,mn,Kiên Giang,G.7,1,179,xskt.com.vn,2026-10-05T23:07:01+07:00
2026-09-13,mn,Kiên Giang,G.6,1,0707,xskt.com.vn,2026-10-05T23:07:01+07:00
2026-09-13,mn,Kiên Giang,G.6,2,6961,xskt.com.vn,2026-10-05T23:07:01+07:00
2026-09-13,mn,Kiên Giang,G.6,3,5108,xskt.com.vn,2026-10-05T23:07:01+07:00
2026-09-13,mn,Kiên Giang,G.5,1,1702,xskt.com.vn,2026-10-05T23:07:01+07:00
2026-09-13,mn,Kiên Giang,G.4,1,63286,xskt.com.vn,2026-10-05T23:07:01+07:00
2026-09-13,mn,Kiên Giang,G.4,2,50249,xskt.com.vn,2026-10-05T23:07:01+07:00
2026-09-13,mn,Kiên Giang,G.4,3,15808,xskt.com.vn,2026-10-05T23:07:01+07:00
2026-09-13,mn,Kiên Giang,G.4,4,94712,xskt.com.vn,2026-10-05T23:07:01+07:00
2026-09-13,mn,Kiên Giang,G.4,5,76658,xskt.com.vn,2026-10-05T23:07:01+07:00
2026-09-13,mn,Kiên Giang,G.4,6,01334,xskt.com.vn,2026-10-05T23:07:01+07:00
2026-09-13,mn,Kiên Giang,G.4,7,27668,xskt.com.vn,2026-10-05T23:07:01+07:00
2026-09-13,mn,Kiên Giang,G.3,1,39629,xskt.com.vn,2026-10-05T23:07:01+07:00
2026-09-13,mn,Kiên Giang,G.3,2,62927,xskt.com.vn,2026-10-05T23:07:01+07:00
2026-09-13,mn,Kiên Giang,G.2,1,31016,xskt.com.vn,2026-10-05T23:07:01+07:00
2026-09-13,mn,Kiên Giang,G.1,1,92605,xskt.com.vn,2026-10-05T23:07:01+07:00
2026-09-13,mn,Kiên Giang,ĐB,1,452026,xskt.com.vn,2026-10-05T23:07:01+07:00
2026-09-13,mn,Tiền Giang,G.8,1,43,xskt.com.vn,2026-10-05T23:07:01+07:00
2026-09-13,mn,Tiền Giang,G.7,1,758,xskt.com.vn,2026-10-05T23:07:01+07:00
2026-09-13,mn,Tiền Giang,G.6,1,3199,xskt.com.vn,2026-10-05T23:07:01+07:00
2026-09-13,mn,Tiền Giang,G.6,2,2411,xskt.com.vn,2026-10-05T23:07:01+07:00
2026-09-13,mn,Tiền Giang,G.6,3,6886,xskt.com.vn,2026-10-05T23:07:01+07:00
2026-09-13,mn,Tiền Giang,G.5,1,5687,xskt.com.vn,2026-10-05T23:07:01+07:00
2026-09-13,mn,Tiền Giang,G.4,1,82327,xskt.com.vn,2026-10-05T23:07:01+07:00
2026-09-13,mn,Tiền Giang,G.4,2,58217,xskt.com.vn,2026-10-05T23:07:01+07:00
2026-09-13,mn,Tiền Giang,G.4,3,39699,xskt.com.vn,2026-10-05T23:07:01+07:00
2026-09-13,mn,Tiền Giang,G.4,4,30885,xskt.com.vn,2026-10-05T23:07:01+07:00
2026-09-13,mn,Tiền Giang,G.4,5,75665,xskt.com.vn,2026-10-05T23:07:01+07:00
2026-09-13,mn,Tiền Giang,G.4,6,86159,xskt.com.vn,2026-10-05T23:07:01+07:00
2026-09-13,mn,Tiền Giang,G.4,7,09358,xskt.com.vn,2026-10-05T23:07:01+07:00
2026-09-13,mn,Tiền Giang,G.3,1,44679,xskt.com.vn,2026-10-05T23:07:01+07:00
2026-09-13,mn,Tiền Giang,G.3,2,12634,xskt.com.vn,2026-10-05T23:07:01+07:00
2026-09-13,mn,Tiền Giang,G.2,1,38889,xskt.com.vn,2026-10-05T23:07:01+07:00
2026-09-13,mn,Tiền Giang,G.1,1,36400,xskt.com.vn,2026-10-05T23:07:01+07:00
2026-09-13,mn,Tiền Giang,ĐB,1,515408,xskt.com.vn,2026-10-05T23:07:01+07:00
2026-09-13,mn,Đà Lạt,G.8,1,26,xskt.com.vn,2026-10-05T23:07:01+07:00
2026-09-13,mn,Đà Lạt,G.7,1,652,xskt.com.vn,2026-10-05T23:07:01+07:00
2026-09-13,mn,Đà Lạt,G.6,1,9184,xskt.com.vn,2026-10-05T23:07:01+07:00
2026-09-13,mn,Đà Lạt,G.6,2,3999,xskt.com.vn,2026-10-05T23:07:01+07:00
2026-09-13,mn,Đà Lạt,G.6,3,3259,xskt.com.vn,2026-10-05T23:07:01+07:00
2026-09-13,mn,Đà Lạt,G.5,1,2025,xskt.com.vn,2026-10-05T23:07:01+07:00
2026-09-13,mn,Đà Lạt,G.4,1,85695,xskt.com.vn,2026-10-05T23:07:01+07:00
2026-09-13,mn,Đà Lạt,G.4,2,20017,xskt.com.vn,2026-10-05T23:07:01+07:00
2026-09-13,mn,Đà Lạt,G.4,3,89835,xskt.com.vn,2026-10-05T23:07:01+07:00
2026-09-13,mn,Đà Lạt,G.4,4,45431,xskt.com.vn,2026-10-05T23:07:01+07:00
2026-09-13,mn,Đà Lạt,G.4,5,48805,xskt.com.vn,2026-10-05T23:07:01+07:00
2026-09-13,mn,Đà Lạt,G.4,6,36643,xskt.com.vn,2026-10-05T23:07:01+07:00
2026-09-13,mn,Đà Lạt,G.4,7,41558,xskt.com.vn,2026-10-05T23:07:01+07:00
2026-09-13,mn,Đà Lạt,G.3,1,29645,xskt.com.vn,2026-10-05T23:07:01+07:00
2026-09-13,mn,Đà Lạt,G.3,2,94465,xskt.com.vn,2026-10-05T23:07:01+07:00
2026-09-13,mn,Đà Lạt,G.2,1,36339,xskt.com.vn,2026-10-05T23:07:01+07:00
2026-09-13,mn,Đà Lạt,G.1,1,55959,xskt.com.vn,2026-10-05T23:07:01+07:00
2026-09-13,mn,Đà Lạt,ĐB,1,724379,xskt.com.vn,2026-10-05T23:07:01+07:00
2026-09-14,mn,Cà Mau,G.8,1,04,xskt.com.vn,2026-10-05T23:07:01+07:00
2026-09-14,mn,Cà Mau,G.7,1,592,xskt.com.vn,2026-10-05T23:07:01+07:00
2026-09-14,mn,Cà Mau,G.6,1,4993,xskt.com.vn,2026-10-05T23:07:01+07:00
2026-09-14,mn,Cà Mau,G.6,2,5037,xskt.com.vn,2026-10-05T23:07:01+07:00
2026-09-14,mn,Cà Mau,G.6,3,4355,xskt.com.vn,2026-10-05T23:07:01+07:00
2026-09-14,mn,Cà Mau,G.5,1,5665,xskt.com.vn,2026-10-05T23:07:01+07:00
2026-09-14,mn,Cà Mau,G.4,1,70581,xskt.com.vn,2026-10-05T23:07:01+07:00
2026-09-14,mn,Cà Mau,G.4,2,85961,xskt.com.vn,2026-10-05T23:07:01+07:00
2026-09-14,mn,Cà Mau,G.4,3,68722,xskt.com.vn,2026-10-05T23:07:01+07:00
2026-09-14,mn,Cà Mau,G.4,4,63503,xskt.com.vn,2026-10-05T23:07:01+07:00
2026-09-14,mn,Cà Mau,G.4,5,54530,xskt.com.vn,2026-10-05T23:07:01+07:00
2026-09-14,mn,Cà Mau,G.4,6,68758,xskt.com.vn,2026-10-05T23:07:01+07:00
2026-09-14,mn,Cà Mau,G.4,7,04217,xskt.com.vn,2026-10-05T23:07:01+07:00
2026-09-14,mn,Cà Mau,G.3,1,88280,xskt.com.vn,2026-10-05T23:07:01+07:00
2026-09-14,mn,Cà Mau,G.3,2,20825,xskt.com.vn,2026-10-05T23:07:01+07:00
2026-09-14,mn,Cà Mau,G.2,1,23835,xskt.com.vn,2026-10-05T23:07:01+07:00
2026-09-14,mn,Cà Mau,G.1,1,96334,xskt.com.vn,2026-10-05T23:07:01+07:00
2026-09-14,mn,Cà Mau,ĐB,1,544700,xskt.com.vn,2026-10-05T23:07:01+07:00
2026-09-14,mn,Hồ Chí Minh,G.8,1,16,xskt.com.vn,2026-10-05T23:07:01+07:00
2026-09-14,mn,Hồ Chí Minh,G.7,1,816,xskt.com.vn,2026-10-05T23:07:01+07:00
2026-09-14,mn,Hồ Chí Minh,G.6,1,0496,xskt.com.vn,2026-10-05T23:07:01+07:00
2026-09-14,mn,Hồ Chí Minh,G.6,2,4315,xskt.com.vn,2026-10-05T23:07:01+07:00
2026-09-14,mn,Hồ Chí Minh,G.6,3,5000,xskt.com.vn,2026-10-05T23:07:01+07:00
2026-09-14,mn,Hồ Chí Minh,G.5,1,3699,xskt.com.vn,2026-10-05T23:07:01+07:00
2026-09-14,mn,Hồ Chí Minh,G.4,1,94133,xskt.com.vn,2026-10-05T23:07:01+07:00
2026-09-14,mn,Hồ Chí Minh,G.4,2,60558,xskt.com.vn,2026-10-05T23:07:01+07:00
2026-09-14,mn,Hồ Chí Minh,G.4,3,37075,xskt.com.vn,2026-10-05T23:07:01+07:00
2026-09-14,mn,Hồ Chí Minh,G.4,4,97558,xskt.com.vn,2026-10-05T23:07:01+07:00
2026-09-14,mn,Hồ Chí Minh,G.4,5,67967,xskt.com.vn,2026-10-05T23:07:01+07:00
2026-09-14,mn,Hồ Chí Minh,G.4,6,21670,xskt.com.vn,2026-10-05T23:07:01+07:00
2026-09-14,mn,Hồ Chí Minh,G.4,7,81000,xskt.com.vn,2026-10-05T23:07:01+07:00
2026-09-14,mn,Hồ Chí Minh,G.3,1,82169,xskt.com.vn,2026-10-05T23:07:01+07:00
2026-09-14,mn,Hồ Chí Minh,G.3,2,79836,xskt.com.vn,2026-10-05T23:07:01+07:00
2026-09-14,mn,Hồ Chí Minh,G.2,1,95090,xskt.com.vn,2026-10-05T23:07:01+07:00
2026-09-14,mn,Hồ Chí Minh,G.1,1,55187,xskt.com.vn,2026-10-05T23:07:01+07:00
2026-09-14,mn,Hồ Chí Minh,ĐB,1,293747,xskt.com.vn,2026-10-05T23:07:01+07:00
2026-09-14,mn,Đồng Tháp,G.8,1,85,xskt.com.vn,2026-10-05T23:07:01+07:00
2026-09-14,mn,Đồng Tháp,G.7,1,980,xskt.com.vn,2026-10-05T23:07:01+07:00
2026-09-14,mn,Đồng Tháp,G.6,1,9323,xskt.com.vn,2026-10-05T23:07:01+07:00
2026-09-14,mn,Đồng Tháp,G.6,2,9446,xskt.com.vn,2026-10-05T23:07:01+07:00
2026-09-14,mn,Đồng Tháp,G.6,3,7540,xskt.com.vn,2026-10-05T23:07:01+07:00
2026-09-14,mn,Đồng Tháp,G.5,1,5480,xskt.com.vn,2026-10-05T23:07:01+07:00
2026-09-14,mn,Đồng Tháp,G.4,1,31414,xskt.com.vn,2026-10-05T23:07:01+07:00
2026-09-14,mn,Đồng Tháp,G.4,2,62053,xskt.com.vn,2026-10-05T23:07:01+07:00
2026-09-14,mn,Đồng Tháp,G.4,3,28120,xskt.com.vn,2026-10-05T23:07:01+07:00
2026-09-14,mn,Đồng Tháp,G.4,4,05729,xskt.com.vn,2026-10-05T23:07:01+07:00
2026-09-14,mn,Đồng Tháp,G.4,5,53640,xskt.com.vn,2026-10-05T23:07:01+07:00
2026-09-14,mn,Đồng Tháp,G.4,6,58294,xskt.com.vn,2026-10-05T23:07:01+07:00
2026-09-14,mn,Đồng Tháp,G.4,7,71121,xskt.com.vn,2026-10-05T23:07:01+07:00
2026-09-14,mn,Đồng Tháp,G.3,1,22039,xskt.com.vn,2026-10-05T23:07:01+07:00
2026-09-14,mn,Đồng Tháp,G.3,2,04681,xskt.com.vn,2026-10-05T23:07:01+07:00
2026-09-14,mn,Đồng Tháp,G.2,1,04058,xskt.com.vn,2026-10-05T23:07:01+07:00
2026-09-14,mn,Đồng Tháp,G.1,1,76547,xskt.com.vn,2026-10-05T23:07:01+07:00
2026-09-14,mn,Đồng Tháp,ĐB,1,803330,xskt.com.vn,2026-10-05T23:07:01+07:00
2026-09-15,mn,Bạc Liêu,G.8,1,54,xskt.com.vn,2026-10-05T23:07:02+07:00
2026-09-15,mn,Bạc Liêu,G.7,1,984,xskt.com.vn,2026-10-05T23:07:02+07:00
2026-09-15,mn,Bạc Liêu,G.6,1,3869,xskt.com.vn,2026-10-05T23:07:02+07:00
2026-09-15,mn,Bạc Liêu,G.6,2,6373,xskt.com.vn,2026-10-05T23:07:02+07:00
2026-09-15,mn,Bạc Liêu,G.6,3,6316,xskt.com.vn,2026-10-05T23:07:02+07:00
2026-09-15,mn,Bạc Liêu,G.5,1,0128,xskt.com.vn,2026-10-05T23:07:02+07:00
2026-09-15,mn,Bạc Liêu,G.4,1,64567,xskt.com.vn,2026-10-05T23:07:02+07:00
2026-09-15,mn,Bạc Liêu,G.4,2,38021,xskt.com.vn,2026-10-05T23:07:02+07:00
2026-09-15,mn,Bạc Liêu,G.4,3,98927,xskt.com.vn,2026-10-05T23:07:02+07:00
2026-09-15,mn,Bạc Liêu,G.4,4,05962,xskt.com.vn,2026-10-05T23:07:02+07:00
2026-09-15,mn,Bạc Liêu,G.4,5,02344,xskt.com.vn,2026-10-05T23:07:02+07:00
2026-09-15,mn,Bạc Liêu,G.4,6,68237,xskt.com.vn,2026-10-05T23:07:02+07:00
2026-09-15,mn,Bạc Liêu,G.4,7,43933,xskt.com.vn,2026-10-05T23:07:02+07:00
2026-09-15,mn,Bạc Liêu,G.3,1,95547,xskt.com.vn,2026-10-05T23:07:02+07:00
2026-09-15,mn,Bạc Liêu,G.3,2,00689,xskt.com.vn,2026-10-05T23:07:02+07:00
2026-09-15,mn,Bạc Liêu,G.2,1,62910,xskt.com.vn,2026-10-05T23:07:02+07:00
2026-09-15,mn,Bạc Liêu,G.1,1,98197,xskt.com.vn,2026-10-05T23:07:02+07:00
2026-09-15,mn,Bạc Liêu,ĐB,1,118673,xskt.com.vn,2026-10-05T23:07:02+07:00
2026-09-15,mn,Bến Tre,G.8,1,07,xskt.com.vn,2026-10-05T23:07:02+07:00
2026-09-15,mn,Bến Tre,G.7,1,045,xskt.com.vn,2026-10-05T23:07:02+07:00
2026-09-15,mn,Bến Tre,G.6,1,8564,xskt.com.vn,2026-10-05T23:07:02+07:00
2026-09-15,mn,Bến Tre,G.6,2,9430,xskt.com.vn,2026-10-05T23:07:02+07:00
2026-09-15,mn,Bến Tre,G.6,3,6200,xskt.com.vn,2026-10-05T23:07:02+07:00
2026-09-15,mn,Bến Tre,G.5,1,7467,xskt.com.vn,2026-10-05T23:07:02+07:00
2026-09-15,mn,Bến Tre,G.4,1,70965,xskt.com.vn,2026-10-05T23:07:02+07:00
2026-09-15,mn,Bến Tre,G.4,2,87230,xskt.com.vn,2026-10-05T23:07:02+07:00
2026-09-15,mn,Bến Tre,G.4,3,09565,xskt.com.vn,2026-10-05T23:07:02+07:00
2026-09-15,mn,Bến Tre,G.4,4,85290,xskt.com.vn,2026-10-05T23:07:02+07:00
2026-09-15,mn,Bến Tre,G.4,5,78818,xskt.com.vn,2026-10-05T23:07:02+07:00
2026-09-15,mn,Bến Tre,G.4,6,70943,xskt.com.vn,2026-10-05T23:07:02+07:00
2026-09-15,mn,Bến Tre,G.4,7,70506,xskt.com.vn,2026-10-05T23:07:02+07:00
2026-09-15,mn,Bến Tre,G.3,1,79974,xskt.com.vn,2026-10-05T23:07:02+07:00
2026-09-15,mn,Bến Tre,G.3,2,17129,xskt.com.vn,2026-10-05T23:07:02+07:00
2026-09-15,mn,Bến Tre,G.2,1,34176,xskt.com.vn,2026-10-05T23:07:02+07:00
2026-09-15,mn,Bến Tre,G.1,1,73405,xskt.com.vn,2026-10-05T23:07:02+07:00
2026-09-15,mn,Bến Tre,ĐB,1,873287,xskt.com.vn,2026-10-05T23:07:02+07:00
2026-09-15,mn,Vũng Tàu,G.8,1,19,xskt.com.vn,2026-10-05T23:07:02+07:00
2026-09-15,mn,Vũng Tàu,G.7,1,270,xskt.com.vn,2026-10-05T23:07:02+07:00
2026-09-15,mn,Vũng Tàu,G.6,1,0845,xskt.com.vn,2026-10-05T23:07:02+07:00
2026-09-15,mn,Vũng Tàu,G.6,2,0766,xskt.com.vn,2026-10-05T23:07:02+07:00
2026-09-15,mn,Vũng Tàu,G.6,3,1217,xskt.com.vn,2026-10-05T23:07:02+07:00
2026-09-15,mn,Vũng Tàu,G.5,1,8257,xskt.com.vn,2026-10-05T23:07:02+07:00
2026-09-15,mn,Vũng Tàu,G.4,1,11319,xskt.com.vn,2026-10-05T23:07:02+07:00
2026-09-15,mn,Vũng Tàu,G.4,2,75441,xskt.com.vn,2026-10-05T23:07:02+07:00
2026-09-15,mn,Vũng Tàu,G.4,3,75688,xskt.com.vn,2026-10-05T23:07:02+07:00
2026-09-15,mn,Vũng Tàu,G.4,4,26836,xskt.com.vn,2026-10-05T23:07:02+07:00
2026-09-15,mn,Vũng Tàu,G.4,5,99073,xskt.com.vn,2026-10-05T23:07:02+07:00
2026-09-15,mn,Vũng Tàu,G.4,6,57292,xskt.com.vn,2026-10-05T23:07:02+07:00
2026-09-15,mn,Vũng Tàu,G.4,7,79341,xskt.com.vn,2026-10-05T23:07:02+07:00
2026-09-15,mn,Vũng Tàu,G.3,1,23230,xskt.com.vn,2026-10-05T23:07:02+07:00
2026-09-15,mn,Vũng Tàu,G.3,2,37366,xskt.com.vn,2026-10-05T23:07:02+07:00
2026-09-15,mn,Vũng Tàu,G.2,1,70642,xskt.com.vn,2026-10-05T23:07:02+07:00
2026-09-15,mn,Vũng Tàu,G.1,1,29125,xskt.com.vn,2026-10-05T23:07:02+07:00
2026-09-15,mn,Vũng Tàu,ĐB,1,426800,xskt.com.vn,2026-10-05T23:07:02+07:00
2026-09-16,mn,Cần Thơ,G.8,1,90,xskt.com.vn,2026-10-05T23:07:02+07:00
2026-09-16,mn,Cần Thơ,G.7,1,392,xskt.com.vn,2026-10-05T23:07:02+07:00
2026-09-16,mn,Cần Thơ,G.6,1,1157,xskt.com.vn,2026-10-05T23:07:02+07:00
2026-09-16,mn,Cần Thơ,G.6,2,3698,xskt.com.vn,2026-10-05T23:07:02+07:00
2026-09-16,mn,Cần Thơ,G.6,3,0290,xskt.com.vn,2026-10-05T23:07:02+07:00
2026-09-16,mn,Cần Thơ,G.5,1,9660,xskt.com.vn,2026-10-05T23:07:02+07:00
2026-09-16,mn,Cần Thơ,G.4,1,96289,xskt.com.vn,2026-10-05T23:07:02+07:00
2026-09-16,mn,Cần Thơ,G.4,2,65502,xskt.com.vn,2026-10-05T23:07:02+07:00
2026-09-16,mn,Cần Thơ,G.4,3,08396,xskt.com.vn,2026-10-05T23:07:02+07:00
2026-09-16,mn,Cần Thơ,G.4,4,16144,xskt.com.vn,2026-10-05T23:07:02+07:00
2026-09-16,mn,Cần Thơ,G.4,5,92871,xskt.com.vn,2026-10-05T23:07:02+07:00
2026-09-16,mn,Cần Thơ,G.4,6,80754,xskt.com.vn,2026-10-05T23:07:02+07:00
2026-09-16,mn,Cần Thơ,G.4,7,98346,xskt.com.vn,2026-10-05T23:07:02+07:00
2026-09-16,mn,Cần Thơ,G.3,1,41230,xskt.com.vn,2026-10-05T23:07:02+07:00
2026-09-16,mn,Cần Thơ,G.3,2,53436,xskt.com.vn,2026-10-05T23:07:02+07:00
2026-09-16,mn,Cần Thơ,G.2,1,16348,xskt.com.vn,2026-10-05T23:07:02+07:00
2026-09-16,mn,Cần Thơ,G.1,1,22415,xskt.com.vn,2026-10-05T23:07:02+07:00
2026-09-16,mn,Cần Thơ,ĐB,1,171205,xskt.com.vn,2026-10-05T23:07:02+07:00
2026-09-16,mn,Sóc Trăng,G.8,1,18,xskt.com.vn,2026-10-05T23:07:02+07:00
2026-09-16,mn,Sóc Trăng,G.7,1,666,xskt.com.vn,2026-10-05T23:07:02+07:00
2026-09-16,mn,Sóc Trăng,G.6,1,0080,xskt.com.vn,2026-10-05T23:07:02+07:00
2026-09-16,mn,Sóc Trăng,G.6,2,4857,xskt.com.vn,2026-10-05T23:07:02+07:00
2026-09-16,mn,Sóc Trăng,G.6,3,3170,xskt.com.vn,2026-10-05T23:07:02+07:00
2026-09-16,mn,Sóc Trăng,G.5,1,8521,xskt.com.vn,2026-10-05T23:07:02+07:00
2026-09-16,mn,Sóc Trăng,G.4,1,49871,xskt.com.vn,2026-10-05T23:07:02+07:00
2026-09-16,mn,Sóc Trăng,G.4,2,15133,xskt.com.vn,2026-10-05T23:07:02+07:00
2026-09-16,mn,Sóc Trăng,G.4,3,12101,xskt.com.vn,2026-10-05T23:07:02+07:00
2026-09-16,mn,Sóc Trăng,G.4,4,26191,xskt.com.vn,2026-10-05T23:07:02+07:00
2026-09-16,mn,Sóc Trăng,G.4,5,60655,xskt.com.vn,2026-10-05T23:07:02+07:00
2026-09-16,mn,Sóc Trăng,G.4,6,07415,xskt.com.vn,2026-10-05T23:07:02+07:00
2026-09-16,mn,Sóc Trăng,G.4,7,92147,xskt.com.vn,2026-10-05T23:07:02+07:00
2026-09-16,mn,Sóc Trăng,G.3,1,46965,xskt.com.vn,2026-10-05T23:07:02+07:00
2026-09-16,mn,Sóc Trăng,G.3,2,04971,xskt.com.vn,2026-10-05T23:07:02+07:00
2026-09-16,mn,Sóc Trăng,G.2,1,87658,xskt.com.vn,2026-10-05T23:07:02+07:00
2026-09-16,mn,Sóc Trăng,G.1,1,81546,xskt.com.vn,2026-10-05T23:07:02+07:00
2026-09-16,mn,Sóc Trăng,ĐB,1,296399,xskt.com.vn,2026-10-05T23:07:02+07:00
2026-09-16,mn,Đồng Nai,G.8,1,58,xskt.com.vn,2026-10-05T23:07:02+07:00
2026-09-16,mn,Đồng Nai,G.7,1,058,xskt.com.vn,2026-10-05T23:07:02+07:00
2026-09-16,mn,Đồng Nai,G.6,1,5015,xskt.com.vn,2026-10-05T23:07:02+07:00
2026-09-16,mn,Đồng Nai,G.6,2,8016,xskt.com.vn,2026-10-05T23:07:02+07:00
2026-09-16,mn,Đồng Nai,G.6,3,7186,xskt.com.vn,2026-10-05T23:07:02+07:00
2026-09-16,mn,Đồng Nai,G.5,1,9333,xskt.com.vn,2026-10-05T23:07:02+07:00
2026-09-16,mn,Đồng Nai,G.4,1,20149,xskt.com.vn,2026-10-05T23:07:02+07:00
2026-09-16,mn,Đồng Nai,G.4,2,88390,xskt.com.vn,2026-10-05T23:07:02+07:00
2026-09-16,mn,Đồng Nai,G.4,3,92242,xskt.com.vn,2026-10-05T23:07:02+07:00
2026-09-16,mn,Đồng Nai,G.4,4,28191,xskt.com.vn,2026-10-05T23:07:02+07:00
2026-09-16,mn,Đồng Nai,G.4,5,90366,xskt.com.vn,2026-10-05T23:07:02+07:00
2026-09-16,mn,Đồng Nai,G.4,6,61532,xskt.com.vn,2026-10-05T23:07:02+07:00
2026-09-16,mn,Đồng Nai,G.4,7,31726,xskt.com.vn,2026-10-05T23:07:02+07:00
2026-09-16,mn,Đồng Nai,G.3,1,50774,xskt.com.vn,2026-10-05T23:07:02+07:00
2026-09-16,mn,Đồng Nai,G.3,2,80660,xskt.com.vn,2026-10-05T23:07:02+07:00
2026-09-16,mn,Đồng Nai,G.2,1,60261,xskt.com.vn,2026-10-05T23:07:02+07:00
2026-09-16,mn,Đồng Nai,G.1,1,30067,xskt.com.vn,2026-10-05T23:07:02+07:00
2026-09-16,mn,Đồng Nai,ĐB,1,360877,xskt.com.vn,2026-10-05T23:07:02+07:00
2026-09-17,mn,An Giang,G.8,1,58,xskt.com.vn,2026-10-05T23:07:03+07:00
2026-09-17,mn,An Giang,G.7,1,764,xskt.com.vn,2026-10-05T23:07:03+07:00
2026-09-17,mn,An Giang,G.6,1,5015,xskt.com.vn,2026-10-05T23:07:03+07:00
2026-09-17,mn,An Giang,G.6,2,6791,xskt.com.vn,2026-10-05T23:07:03+07:00
2026-09-17,mn,An Giang,G.6,3,5584,xskt.com.vn,2026-10-05T23:07:03+07:00
2026-09-17,mn,An Giang,G.5,1,7521,xskt.com.vn,2026-10-05T23:07:03+07:00
2026-09-17,mn,An Giang,G.4,1,36216,xskt.com.vn,2026-10-05T23:07:03+07:00
2026-09-17,mn,An Giang,G.4,2,86692,xskt.com.vn,2026-10-05T23:07:03+07:00
2026-09-17,mn,An Giang,G.4,3,59334,xskt.com.vn,2026-10-05T23:07:03+07:00
2026-09-17,mn,An Giang,G.4,4,33570,xskt.com.vn,2026-10-05T23:07:03+07:00
2026-09-17,mn,An Giang,G.4,5,68967,xskt.com.vn,2026-10-05T23:07:03+07:00
2026-09-17,mn,An Giang,G.4,6,66777,xskt.com.vn,2026-10-05T23:07:03+07:00
2026-09-17,mn,An Giang,G.4,7,06713,xskt.com.vn,2026-10-05T23:07:03+07:00
2026-09-17,mn,An Giang,G.3,1,94243,xskt.com.vn,2026-10-05T23:07:03+07:00
2026-09-17,mn,An Giang,G.3,2,76424,xskt.com.vn,2026-10-05T23:07:03+07:00
2026-09-17,mn,An Giang,G.2,1,01332,xskt.com.vn,2026-10-05T23:07:03+07:00
2026-09-17,mn,An Giang,G.1,1,19780,xskt.com.vn,2026-10-05T23:07:03+07:00
2026-09-17,mn,An Giang,ĐB,1,958515,xskt.com.vn,2026-10-05T23:07:03+07:00
2026-09-17,mn,Bình Thuận,G.8,1,99,xskt.com.vn,2026-10-05T23:07:03+07:00
2026-09-17,mn,Bình Thuận,G.7,1,698,xskt.com.vn,2026-10-05T23:07:03+07:00
2026-09-17,mn,Bình Thuận,G.6,1,2104,xskt.com.vn,2026-10-05T23:07:03+07:00
2026-09-17,mn,Bình Thuận,G.6,2,8269,xskt.com.vn,2026-10-05T23:07:03+07:00
2026-09-17,mn,Bình Thuận,G.6,3,7690,xskt.com.vn,2026-10-05T23:07:03+07:00
2026-09-17,mn,Bình Thuận,G.5,1,1276,xskt.com.vn,2026-10-05T23:07:03+07:00
2026-09-17,mn,Bình Thuận,G.4,1,97611,xskt.com.vn,2026-10-05T23:07:03+07:00
2026-09-17,mn,Bình Thuận,G.4,2,43728,xskt.com.vn,2026-10-05T23:07:03+07:00
2026-09-17,mn,Bình Thuận,G.4,3,46157,xskt.com.vn,2026-10-05T23:07:03+07:00
2026-09-17,mn,Bình Thuận,G.4,4,24832,xskt.com.vn,2026-10-05T23:07:03+07:00
2026-09-17,mn,Bình Thuận,G.4,5,84083,xskt.com.vn,2026-10-05T23:07:03+07:00
2026-09-17,mn,Bình Thuận,G.4,6,70591,xskt.com.vn,2026-10-05T23:07:03+07:00
2026-09-17,mn,Bình Thuận,G.4,7,84046,xskt.com.vn,2026-10-05T23:07:03+07:00
2026-09-17,mn,Bình Thuận,G.3,1,61343,xskt.com.vn,2026-10-05T23:07:03+07:00
2026-09-17,mn,Bình Thuận,G.3,2,86509,xskt.com.vn,2026-10-05T23:07:03+07:00
2026-09-17,mn,Bình Thuận,G.2,1,52841,xskt.com.vn,2026-10-05T23:07:03+07:00
2026-09-17,mn,Bình Thuận,G.1,1,88872,xskt.com.vn,2026-10-05T23:07:03+07:00
2026-09-17,mn,Bình Thuận,ĐB,1,452018,xskt.com.vn,2026-10-05T23:07:03+07:00
2026-09-17,mn,Tây Ninh,G.8,1,77,xskt.com.vn,2026-10-05T23:07:03+07:00
2026-09-17,mn,Tây Ninh,G.7,1,670,xskt.com.vn,2026-10-05T23:07:03+07:00
2026-09-17,mn,Tây Ninh,G.6,1,5601,xskt.com.vn,2026-10-05T23:07:03+07:00
2026-09-17,mn,Tây Ninh,G.6,2,2296,xskt.com.vn,2026-10-05T23:07:03+07:00
2026-09-17,mn,Tây Ninh,G.6,3,2799,xskt.com.vn,2026-10-05T23:07:03+07:00
2026-09-17,mn,Tây Ninh,G.5,1,1268,xskt.com.vn,2026-10-05T23:07:03+07:00
2026-09-17,mn,Tây Ninh,G.4,1,17867,xskt.com.vn,2026-10-05T23:07:03+07:00
2026-09-17,mn,Tây Ninh,G.4,2,37385,xskt.com.vn,2026-10-05T23:07:03+07:00
2026-09-17,mn,Tây Ninh,G.4,3,39119,xskt.com.vn,2026-10-05T23:07:03+07:00
2026-09-17,mn,Tây Ninh,G.4,4,69531,xskt.com.vn,2026-10-05T23:07:03+07:00
2026-09-17,mn,Tây Ninh,G.4,5,27568,xskt.com.vn,2026-10-05T23:07:03+07:00
2026-09-17,mn,Tây Ninh,G.4,6,47061,xskt.com.vn,2026-10-05T23:07:03+07:00
2026-09-17,mn,Tây Ninh,G.4,7,71517,xskt.com.vn,2026-10-05T23:07:03+07:00
2026-09-17,mn,Tây Ninh,G.3,1,27096,xskt.com.vn,2026-10-05T23:07:03+07:00
2026-09-17,mn,Tây Ninh,G.3,2,27631,xskt.com.vn,2026-10-05T23:07:03+07:00
2026-09-17,mn,Tây Ninh,G.2,1,00525,xskt.com.vn,2026-10-05T23:07:03+07:00
2026-09-17,mn,Tây Ninh,G.1,1,44034,xskt.com.vn,2026-10-05T23:07:03+07:00
2026-09-17,mn,Tây Ninh,ĐB,1,024183,xskt.com.vn,2026-10-05T23:07:03+07:00
2026-09-18,mn,Bình Dương,G.8,1,92,xskt.com.vn,2026-10-05T23:07:03+07:00
2026-09-18,mn,Bình Dương,G.7,1,354,xskt.com.vn,2026-10-05T23:07:03+07:00
2026-09-18,mn,Bình Dương,G.6,1,2133,xskt.com.vn,2026-10-05T23:07:03+07:00
2026-09-18,mn,Bình Dương,G.6,2,7696,xskt.com.vn,2026-10-05T23:07:03+07:00
2026-09-18,mn,Bình Dương,G.6,3,6019,xskt.com.vn,2026-10-05T23:07:03+07:00
2026-09-18,mn,Bình Dương,G.5,1,9131,xskt.com.vn,2026-10-05T23:07:03+07:00
2026-09-18,mn,Bình Dương,G.4,1,92104,xskt.com.vn,2026-10-05T23:07:03+07:00
2026-09-18,mn,Bình Dương,G.4,2,02926,xskt.com.vn,2026-10-05T23:07:03+07:00
2026-09-18,mn,Bình Dương,G.4,3,23414,xskt.com.vn,2026-10-05T23:07:03+07:00
2026-09-18,mn,Bình Dương,G.4,4,93905,xskt.com.vn,2026-10-05T23:07:03+07:00
2026-09-18,mn,Bình Dương,G.4,5,34399,xskt.com.vn,2026-10-05T23:07:03+07:00
2026-09-18,mn,Bình Dương,G.4,6,07798,xskt.com.vn,2026-10-05T23:07:03+07:00
2026-09-18,mn,Bình Dương,G.4,7,47759,xskt.com.vn,2026-10-05T23:07:03+07:00
2026-09-18,mn,Bình Dương,G.3,1,66860,xskt.com.vn,2026-10-05T23:07:03+07:00
2026-09-18,mn,Bình Dương,G.3,2,59014,xskt.com.vn,2026-10-05T23:07:03+07:00
2026-09-18,mn,Bình Dương,G.2,1,88793,xskt.com.vn,2026-10-05T23:07:03+07:00
2026-09-18,mn,Bình Dương,G.1,1,27421,xskt.com.vn,2026-10-05T23:07:03+07:00
2026-09-18,mn,Bình Dương,ĐB,1,898508,xskt.com.vn,2026-10-05T23:07:03+07:00
2026-09-18,mn,Trà Vinh,G.8,1,15,xskt.com.vn,2026-10-05T23:07:03+07:00
2026-09-18,mn,Trà Vinh,G.7,1,279,xskt.com.vn,2026-10-05T23:07:03+07:00
2026-09-18,mn,Trà Vinh,G.6,1,5861,xskt.com.vn,2026-10-05T23:07:03+07:00
2026-09-18,mn,Trà Vinh,G.6,2,3746,xskt.com.vn,2026-10-05T23:07:03+07:00
2026-09-18,mn,Trà Vinh,G.6,3,8332,xskt.com.vn,2026-10-05T23:07:03+07:00
2026-09-18,mn,Trà Vinh,G.5,1,8201,xskt.com.vn,2026-10-05T23:07:03+07:00
2026-09-18,mn,Trà Vinh,G.4,1,63034,xskt.com.vn,2026-10-05T23:07:03+07:00
2026-09-18,mn,Trà Vinh,G.4,2,07527,xskt.com.vn,2026-10-05T23:07:03+07:00
2026-09-18,mn,Trà Vinh,G.4,3,65368,xskt.com.vn,2026-10-05T23:07:03+07:00
2026-09-18,mn,Trà Vinh,G.4,4,00071,xskt.com.vn,2026-10-05T23:07:03+07:00
2026-09-18,mn,Trà Vinh,G.4,5,94934,xskt.com.vn,2026-10-05T23:07:03+07:00
2026-09-18,mn,Trà Vinh,G.4,6,44330,xskt.com.vn,2026-10-05T23:07:03+07:00
2026-09-18,mn,Trà Vinh,G.4,7,93689,xskt.com.vn,2026-10-05T23:07:03+07:00
2026-09-18,mn,Trà Vinh,G.3,1,42301,xskt.com.vn,2026-10-05T23:07:03+07:00
2026-09-18,mn,Trà Vinh,G.3,2,79312,xskt.com.vn,2026-10-05T23:07:03+07:00
2026-09-18,mn,Trà Vinh,G.2,1,30563,xskt.com.vn,2026-10-05T23:07:03+07:00
2026-09-18,mn,Trà Vinh,G.1,1,52848,xskt.com.vn,2026-10-05T23:07:03+07:00
2026-09-18,mn,Trà Vinh,ĐB,1,207644,xskt.com.vn,2026-10-05T23:07:03+07:00
2026-09-18,mn,Vĩnh Long,G.8,1,16,xskt.com.vn,2026-10-05T23:07:03+07:00
2026-09-18,mn,Vĩnh Long,G.7,1,512,xskt.com.vn,2026-10-05T23:07:03+07:00
2026-09-18,mn,Vĩnh Long,G.6,1,5353,xskt.com.vn,2026-10-05T23:07:03+07:00
2026-09-18,mn,Vĩnh Long,G.6,2,5416,xskt.com.vn,2026-10-05T23:07:03+07:00
2026-09-18,mn,Vĩnh Long,G.6,3,3737,xskt.com.vn,2026-10-05T23:07:03+07:00
2026-09-18,mn,Vĩnh Long,G.5,1,0954,xskt.com.vn,2026-10-05T23:07:03+07:00
2026-09-18,mn,Vĩnh Long,G.4,1,88580,xskt.com.vn,2026-10-05T23:07:03+07:00
2026-09-18,mn,Vĩnh Long,G.4,2,93332,xskt.com.vn,2026-10-05T23:07:03+07:00
2026-09-18,mn,Vĩnh Long,G.4,3,95057,xskt.com.vn,2026-10-05T23:07:03+07:00
2026-09-18,mn,Vĩnh Long,G.4,4,16369,xskt.com.vn,2026-10-05T23:07:03+07:00
2026-09-18,mn,Vĩnh Long,G.4,5,30922,xskt.com.vn,2026-10-05T23:07:03+07:00
2026-09-18,mn,Vĩnh Long,G.4,6,55391,xskt.com.vn,2026-10-05T23:07:03+07:00
2026-09-18,mn,Vĩnh Long,G.4,7,22091,xskt.com.vn,2026-10-05T23:07:03+07:00
2026-09-18,mn,Vĩnh Long,G.3,1,41161,xskt.com.vn,2026-10-05T23:07:03+07:00
2026-09-18,mn,Vĩnh Long,G.3,2,52686,xskt.com.vn,2026-10-05T23:07:03+07:00
2026-09-18,mn,Vĩnh Long,G.2,1,66131,xskt.com.vn,2026-10-05T23:07:03+07:00
2026-09-18,mn,Vĩnh Long,G.1,1,47478,xskt.com.vn,2026-10-05T23:07:03+07:00
2026-09-18,mn,Vĩnh Long,ĐB,1,905889,xskt.com.vn,2026-10-05T23:07:03+07:00
2026-09-19,mn,Bình Phước,G.8,1,68,xskt.com.vn,2026-10-05T23:07:03+07:00
2026-09-19,mn,Bình Phước,G.7,1,370,xskt.com.vn,2026-10-05T23:07:03+07:00
2026-09-19,mn,Bình Phước,G.6,1,7021,xskt.com.vn,2026-10-05T23:07:03+07:00
2026-09-19,mn,Bình Phước,G.6,2,7181,xskt.com.vn,2026-10-05T23:07:03+07:00
2026-09-19,mn,Bình Phước,G.6,3,4670,xskt.com.vn,2026-10-05T23:07:03+07:00
2026-09-19,mn,Bình Phước,G.5,1,8756,xskt.com.vn,2026-10-05T23:07:03+07:00
2026-09-19,mn,Bình Phước,G.4,1,87336,xskt.com.vn,2026-10-05T23:07:03+07:00
2026-09-19,mn,Bình Phước,G.4,2,89285,xskt.com.vn,2026-10-05T23:07:03+07:00
2026-09-19,mn,Bình Phước,G.4,3,93874,xskt.com.vn,2026-10-05T23:07:03+07:00
2026-09-19,mn,Bình Phước,G.4,4,08134,xskt.com.vn,2026-10-05T23:07:03+07:00
2026-09-19,mn,Bình Phước,G.4,5,72044,xskt.com.vn,2026-10-05T23:07:03+07:00
2026-09-19,mn,Bình Phước,G.4,6,80383,xskt.com.vn,2026-10-05T23:07:03+07:00
2026-09-19,mn,Bình Phước,G.4,7,59769,xskt.com.vn,2026-10-05T23:07:03+07:00
2026-09-19,mn,Bình Phước,G.3,1,75288,xskt.com.vn,2026-10-05T23:07:03+07:00
2026-09-19,mn,Bình Phước,G.3,2,63888,xskt.com.vn,2026-10-05T23:07:03+07:00
2026-09-19,mn,Bình Phước,G.2,1,42156,xskt.com.vn,2026-10-05T23:07:03+07:00
2026-09-19,mn,Bình Phước,G.1,1,69211,xskt.com.vn,2026-10-05T23:07:03+07:00
2026-09-19,mn,Bình Phước,ĐB,1,854864,xskt.com.vn,2026-10-05T23:07:03+07:00
2026-09-19,mn,Hậu Giang,G.8,1,50,xskt.com.vn,2026-10-05T23:07:03+07:00
2026-09-19,mn,Hậu Giang,G.7,1,379,xskt.com.vn,2026-10-05T23:07:03+07:00
2026-09-19,mn,Hậu Giang,G.6,1,5003,xskt.com.vn,2026-10-05T23:07:03+07:00
2026-09-19,mn,Hậu Giang,G.6,2,0429,xskt.com.vn,2026-10-05T23:07:03+07:00
2026-09-19,mn,Hậu Giang,G.6,3,0544,xskt.com.vn,2026-10-05T23:07:03+07:00
2026-09-19,mn,Hậu Giang,G.5,1,6591,xskt.com.vn,2026-10-05T23:07:03+07:00
2026-09-19,mn,Hậu Giang,G.4,1,98265,xskt.com.vn,2026-10-05T23:07:03+07:00
2026-09-19,mn,Hậu Giang,G.4,2,95438,xskt.com.vn,2026-10-05T23:07:03+07:00
2026-09-19,mn,Hậu Giang,G.4,3,03163,xskt.com.vn,2026-10-05T23:07:03+07:00
2026-09-19,mn,Hậu Giang,G.4,4,53365,xskt.com.vn,2026-10-05T23:07:03+07:00
2026-09-19,mn,Hậu Giang,G.4,5,97262,xskt.com.vn,2026-10-05T23:07:03+07:00
2026-09-19,mn,Hậu Giang,G.4,6,29580,xskt.com.vn,2026-10-05T23:07:03+07:00
2026-09-19,mn,Hậu Giang,G.4,7,30654,xskt.com.vn,2026-10-05T23:07:03+07:00
2026-09-19,mn,Hậu Giang,G.3,1,81668,xskt.com.vn,2026-10-05T23:07:03+07:00
2026-09-19,mn,Hậu Giang,G.3,2,90291,xskt.com.vn,2026-10-05T23:07:03+07:00
2026-09-19,mn,Hậu Giang,G.2,1,54987,xskt.com.vn,2026-10-05T23:07:03+07:00
2026-09-19,mn,Hậu Giang,G.1,1,85336,xskt.com.vn,2026-10-05T23:07:03+07:00
2026-09-19,mn,Hậu Giang,ĐB,1,043160,xskt.com.vn,2026-10-05T23:07:03+07:00
2026-09-19,mn,Hồ Chí Minh,G.8,1,18,xskt.com.vn,2026-10-05T23:07:03+07:00
2026-09-19,mn,Hồ Chí Minh,G.7,1,789,xskt.com.vn,2026-10-05T23:07:03+07:00
2026-09-19,mn,Hồ Chí Minh,G.6,1,5275,xskt.com.vn,2026-10-05T23:07:03+07:00
2026-09-19,mn,Hồ Chí Minh,G.6,2,9644,xskt.com.vn,2026-10-05T23:07:03+07:00
2026-09-19,mn,Hồ Chí Minh,G.6,3,2508,xskt.com.vn,2026-10-05T23:07:03+07:00
2026-09-19,mn,Hồ Chí Minh,G.5,1,5391,xskt.com.vn,2026-10-05T23:07:03+07:00
2026-09-19,mn,Hồ Chí Minh,G.4,1,33233,xskt.com.vn,2026-10-05T23:07:03+07:00
2026-09-19,mn,Hồ Chí Minh,G.4,2,34368,xskt.com.vn,2026-10-05T23:07:03+07:00
2026-09-19,mn,Hồ Chí Minh,G.4,3,54314,xskt.com.vn,2026-10-05T23:07:03+07:00
2026-09-19,mn,Hồ Chí Minh,G.4,4,26839,xskt.com.vn,2026-10-05T23:07:03+07:00
2026-09-19,mn,Hồ Chí Minh,G.4,5,24968,xskt.com.vn,2026-10-05T23:07:03+07:00
2026-09-19,mn,Hồ Chí Minh,G.4,6,80881,xskt.com.vn,2026-10-05T23:07:03+07:00
2026-09-19,mn,Hồ Chí Minh,G.4,7,57714,xskt.com.vn,2026-10-05T23:07:03+07:00
2026-09-19,mn,Hồ Chí Minh,G.3,1,14942,xskt.com.vn,2026-10-05T23:07:03+07:00
2026-09-19,mn,Hồ Chí Minh,G.3,2,54389,xskt.com.vn,2026-10-05T23:07:03+07:00
2026-09-19,mn,Hồ Chí Minh,G.2,1,72337,xskt.com.vn,2026-10-05T23:07:03+07:00
2026-09-19,mn,Hồ Chí Minh,G.1,1,01845,xskt.com.vn,2026-10-05T23:07:03+07:00
2026-09-19,mn,Hồ Chí Minh,ĐB,1,451013,xskt.com.vn,2026-10-05T23:07:03+07:00
2026-09-19,mn,Long An,G.8,1,22,xskt.com.vn,2026-10-05T23:07:03+07:00
2026-09-19,mn,Long An,G.7,1,874,xskt.com.vn,2026-10-05T23:07:03+07:00
2026-09-19,mn,Long An,G.6,1,0659,xskt.com.vn,2026-10-05T23:07:03+07:00
2026-09-19,mn,Long An,G.6,2,0281,xskt.com.vn,2026-10-05T23:07:03+07:00
2026-09-19,mn,Long An,G.6,3,6942,xskt.com.vn,2026-10-05T23:07:03+07:00
2026-09-19,mn,Long An,G.5,1,1710,xskt.com.vn,2026-10-05T23:07:03+07:00
2026-09-19,mn,Long An,G.4,1,82356,xskt.com.vn,2026-10-05T23:07:03+07:00
2026-09-19,mn,Long An,G.4,2,69366,xskt.com.vn,2026-10-05T23:07:03+07:00
2026-09-19,mn,Long An,G.4,3,10718,xskt.com.vn,2026-10-05T23:07:03+07:00
2026-09-19,mn,Long An,G.4,4,07465,xskt.com.vn,2026-10-05T23:07:03+07:00
2026-09-19,mn,Long An,G.4,5,91438,xskt.com.vn,2026-10-05T23:07:03+07:00
2026-09-19,mn,Long An,G.4,6,77433,xskt.com.vn,2026-10-05T23:07:03+07:00
2026-09-19,mn,Long An,G.4,7,87707,xskt.com.vn,2026-10-05T23:07:03+07:00
2026-09-19,mn,Long An,G.3,1,04032,xskt.com.vn,2026-10-05T23:07:03+07:00
2026-09-19,mn,Long An,G.3,2,76191,xskt.com.vn,2026-10-05T23:07:03+07:00
2026-09-19,mn,Long An,G.2,1,20389,xskt.com.vn,2026-10-05T23:07:03+07:00
2026-09-19,mn,Long An,G.1,1,07155,xskt.com.vn,2026-10-05T23:07:03+07:00
2026-09-19,mn,Long An,ĐB,1,961743,xskt.com.vn,2026-10-05T23:07:03+07:00
2026-09-20,mn,Kiên Giang,G.8,1,35,xskt.com.vn,2026-10-05T23:07:04+07:00
2026-09-20,mn,Kiên Giang,G.7,1,349,xskt.com.vn,2026-10-05T23:07:04+07:00
2026-09-20,mn,Kiên Giang,G.6,1,8497,xskt.com.vn,2026-10-05T23:07:04+07:00
2026-09-20,mn,Kiên Giang,G.6,2,3148,xskt.com.vn,2026-10-05T23:07:04+07:00
2026-09-20,mn,Kiên Giang,G.6,3,4768,xskt.com.vn,2026-10-05T23:07:04+07:00
2026-09-20,mn,Kiên Giang,G.5,1,9084,xskt.com.vn,2026-10-05T23:07:04+07:00
2026-09-20,mn,Kiên Giang,G.4,1,62150,xskt.com.vn,2026-10-05T23:07:04+07:00
2026-09-20,mn,Kiên Giang,G.4,2,12550,xskt.com.vn,2026-10-05T23:07:04+07:00
2026-09-20,mn,Kiên Giang,G.4,3,13247,xskt.com.vn,2026-10-05T23:07:04+07:00
2026-09-20,mn,Kiên Giang,G.4,4,45529,xskt.com.vn,2026-10-05T23:07:04+07:00
2026-09-20,mn,Kiên Giang,G.4,5,25272,xskt.com.vn,2026-10-05T23:07:04+07:00
2026-09-20,mn,Kiên Giang,G.4,6,31249,xskt.com.vn,2026-10-05T23:07:04+07:00
2026-09-20,mn,Kiên Giang,G.4,7,43906,xskt.com.vn,2026-10-05T23:07:04+07:00
2026-09-20,mn,Kiên Giang,G.3,1,84807,xskt.com.vn,2026-10-05T23:07:04+07:00
2026-09-20,mn,Kiên Giang,G.3,2,89887,xskt.com.vn,2026-10-05T23:07:04+07:00
2026-09-20,mn,Kiên Giang,G.2,1,05467,xskt.com.vn,2026-10-05T23:07:04+07:00
2026-09-20,mn,Kiên Giang,G.1,1,06508,xskt.com.vn,2026-10-05T23:07:04+07:00
2026-09-20,mn,Kiên Giang,ĐB,1,237748,xskt.com.vn,2026-10-05T23:07:04+07:00
2026-09-20,mn,Tiền Giang,G.8,1,08,xskt.com.vn,2026-10-05T23:07:04+07:00
2026-09-20,mn,Tiền Giang,G.7,1,062,xskt.com.vn,2026-10-05T23:07:04+07:00
2026-09-20,mn,Tiền Giang,G.6,1,8384,xskt.com.vn,2026-10-05T23:07:04+07:00
2026-09-20,mn,Tiền Giang,G.6,2,2964,xskt.com.vn,2026-10-05T23:07:04+07:00
2026-09-20,mn,Tiền Giang,G.6,3,7285,xskt.com.vn,2026-10-05T23:07:04+07:00
2026-09-20,mn,Tiền Giang,G.5,1,6839,xskt.com.vn,2026-10-05T23:07:04+07:00
2026-09-20,mn,Tiền Giang,G.4,1,94261,xskt.com.vn,2026-10-05T23:07:04+07:00
2026-09-20,mn,Tiền Giang,G.4,2,89843,xskt.com.vn,2026-10-05T23:07:04+07:00
2026-09-20,mn,Tiền Giang,G.4,3,63708,xskt.com.vn,2026-10-05T23:07:04+07:00
2026-09-20,mn,Tiền Giang,G.4,4,07347,xskt.com.vn,2026-10-05T23:07:04+07:00
2026-09-20,mn,Tiền Giang,G.4,5,05758,xskt.com.vn,2026-10-05T23:07:04+07:00
2026-09-20,mn,Tiền Giang,G.4,6,50324,xskt.com.vn,2026-10-05T23:07:04+07:00
2026-09-20,mn,Tiền Giang,G.4,7,28032,xskt.com.vn,2026-10-05T23:07:04+07:00
2026-09-20,mn,Tiền Giang,G.3,1,24740,xskt.com.vn,2026-10-05T23:07:04+07:00
2026-09-20,mn,Tiền Giang,G.3,2,55580,xskt.com.vn,2026-10-05T23:07:04+07:00
2026-09-20,mn,Tiền Giang,G.2,1,77874,xskt.com.vn,2026-10-05T23:07:04+07:00
2026-09-20,mn,Tiền Giang,G.1,1,92644,xskt.com.vn,2026-10-05T23:07:04+07:00
2026-09-20,mn,Tiền Giang,ĐB,1,248087,xskt.com.vn,2026-10-05T23:07:04+07:00
2026-09-20,mn,Đà Lạt,G.8,1,44,xskt.com.vn,2026-10-05T23:07:04+07:00
2026-09-20,mn,Đà Lạt,G.7,1,917,xskt.com.vn,2026-10-05T23:07:04+07:00
2026-09-20,mn,Đà Lạt,G.6,1,5486,xskt.com.vn,2026-10-05T23:07:04+07:00
2026-09-20,mn,Đà Lạt,G.6,2,7885,xskt.com.vn,2026-10-05T23:07:04+07:00
2026-09-20,mn,Đà Lạt,G.6,3,9074,xskt.com.vn,2026-10-05T23:07:04+07:00
2026-09-20,mn,Đà Lạt,G.5,1,5823,xskt.com.vn,2026-10-05T23:07:04+07:00
2026-09-20,mn,Đà Lạt,G.4,1,86585,xskt.com.vn,2026-10-05T23:07:04+07:00
2026-09-20,mn,Đà Lạt,G.4,2,14450,xskt.com.vn,2026-10-05T23:07:04+07:00
2026-09-20,mn,Đà Lạt,G.4,3,26016,xskt.com.vn,2026-10-05T23:07:04+07:00
2026-09-20,mn,Đà Lạt,G.4,4,97344,xskt.com.vn,2026-10-05T23:07:04+07:00
2026-09-20,mn,Đà Lạt,G.4,5,23929,xskt.com.vn,2026-10-05T23:07:04+07:00
2026-09-20,mn,Đà Lạt,G.4,6,64560,xskt.com.vn,2026-10-05T23:07:04+07:00
2026-09-20,mn,Đà Lạt,G.4,7,52801,xskt.com.vn,2026-10-05T23:07:04+07:00
2026-09-20,mn,Đà Lạt,G.3,1,60526,xskt.com.vn,2026-10-05T23:07:04+07:00
2026-09-20,mn,Đà Lạt,G.3,2,88359,xskt.com.vn,2026-10-05T23:07:04+07:00
2026-09-20,mn,Đà Lạt,G.2,1,78387,xskt.com.vn,2026-10-05T23:07:04+07:00
2026-09-20,mn,Đà Lạt,G.1,1,15078,xskt.com.vn,2026-10-05T23:07:04+07:00
2026-09-20,mn,Đà Lạt,ĐB,1,722323,xskt.com.vn,2026-10-05T23:07:04+07:00
2026-09-21,mn,Cà Mau,G.8,1,74,xskt.com.vn,2026-10-05T23:07:04+07:00
2026-09-21,mn,Cà Mau,G.7,1,982,xskt.com.vn,2026-10-05T23:07:04+07:00
2026-09-21,mn,Cà Mau,G.6,1,5312,xskt.com.vn,2026-10-05T23:07:04+07:00
2026-09-21,mn,Cà Mau,G.6,2,2712,xskt.com.vn,2026-10-05T23:07:04+07:00
2026-09-21,mn,Cà Mau,G.6,3,1296,xskt.com.vn,2026-10-05T23:07:04+07:00
2026-09-21,mn,Cà Mau,G.5,1,3477,xskt.com.vn,2026-10-05T23:07:04+07:00
2026-09-21,mn,Cà Mau,G.4,1,47814,xskt.com.vn,2026-10-05T23:07:04+07:00
2026-09-21,mn,Cà Mau,G.4,2,21054,xskt.com.vn,2026-10-05T23:07:04+07:00
2026-09-21,mn,Cà Mau,G.4,3,95023,xskt.com.vn,2026-10-05T23:07:04+07:00
2026-09-21,mn,Cà Mau,G.4,4,78916,xskt.com.vn,2026-10-05T23:07:04+07:00
2026-09-21,mn,Cà Mau,G.4,5,68510,xskt.com.vn,2026-10-05T23:07:04+07:00
2026-09-21,mn,Cà Mau,G.4,6,96056,xskt.com.vn,2026-10-05T23:07:04+07:00
2026-09-21,mn,Cà Mau,G.4,7,99679,xskt.com.vn,2026-10-05T23:07:04+07:00
2026-09-21,mn,Cà Mau,G.3,1,17552,xskt.com.vn,2026-10-05T23:07:04+07:00
2026-09-21,mn,Cà Mau,G.3,2,41247,xskt.com.vn,2026-10-05T23:07:04+07:00
2026-09-21,mn,Cà Mau,G.2,1,81938,xskt.com.vn,2026-10-05T23:07:04+07:00
2026-09-21,mn,Cà Mau,G.1,1,84624,xskt.com.vn,2026-10-05T23:07:04+07:00
2026-09-21,mn,Cà Mau,ĐB,1,405981,xskt.com.vn,2026-10-05T23:07:04+07:00
2026-09-21,mn,Hồ Chí Minh,G.8,1,31,xskt.com.vn,2026-10-05T23:07:04+07:00
2026-09-21,mn,Hồ Chí Minh,G.7,1,281,xskt.com.vn,2026-10-05T23:07:04+07:00
2026-09-21,mn,Hồ Chí Minh,G.6,1,0322,xskt.com.vn,2026-10-05T23:07:04+07:00
2026-09-21,mn,Hồ Chí Minh,G.6,2,8736,xskt.com.vn,2026-10-05T23:07:04+07:00
2026-09-21,mn,Hồ Chí Minh,G.6,3,7715,xskt.com.vn,2026-10-05T23:07:04+07:00
2026-09-21,mn,Hồ Chí Minh,G.5,1,9729,xskt.com.vn,2026-10-05T23:07:04+07:00
2026-09-21,mn,Hồ Chí Minh,G.4,1,35059,xskt.com.vn,2026-10-05T23:07:04+07:00
2026-09-21,mn,Hồ Chí Minh,G.4,2,37355,xskt.com.vn,2026-10-05T23:07:04+07:00
2026-09-21,mn,Hồ Chí Minh,G.4,3,42827,xskt.com.vn,2026-10-05T23:07:04+07:00
2026-09-21,mn,Hồ Chí Minh,G.4,4,17002,xskt.com.vn,2026-10-05T23:07:04+07:00
2026-09-21,mn,Hồ Chí Minh,G.4,5,70220,xskt.com.vn,2026-10-05T23:07:04+07:00
2026-09-21,mn,Hồ Chí Minh,G.4,6,17567,xskt.com.vn,2026-10-05T23:07:04+07:00
2026-09-21,mn,Hồ Chí Minh,G.4,7,03634,xskt.com.vn,2026-10-05T23:07:04+07:00
2026-09-21,mn,Hồ Chí Minh,G.3,1,47812,xskt.com.vn,2026-10-05T23:07:04+07:00
2026-09-21,mn,Hồ Chí Minh,G.3,2,54384,xskt.com.vn,2026-10-05T23:07:04+07:00
2026-09-21,mn,Hồ Chí Minh,G.2,1,33533,xskt.com.vn,2026-10-05T23:07:04+07:00
2026-09-21,mn,Hồ Chí Minh,G.1,1,45022,xskt.com.vn,2026-10-05T23:07:04+07:00
2026-09-21,mn,Hồ Chí Minh,ĐB,1,016707,xskt.com.vn,2026-10-05T23:07:04+07:00
2026-09-21,mn,Đồng Tháp,G.8,1,81,xskt.com.vn,2026-10-05T23:07:04+07:00
2026-09-21,mn,Đồng Tháp,G.7,1,484,xskt.com.vn,2026-10-05T23:07:04+07:00
2026-09-21,mn,Đồng Tháp,G.6,1,6185,xskt.com.vn,2026-10-05T23:07:04+07:00
2026-09-21,mn,Đồng Tháp,G.6,2,4869,xskt.com.vn,2026-10-05T23:07:04+07:00
2026-09-21,mn,Đồng Tháp,G.6,3,2151,xskt.com.vn,2026-10-05T23:07:04+07:00
2026-09-21,mn,Đồng Tháp,G.5,1,0086,xskt.com.vn,2026-10-05T23:07:04+07:00
2026-09-21,mn,Đồng Tháp,G.4,1,08345,xskt.com.vn,2026-10-05T23:07:04+07:00
2026-09-21,mn,Đồng Tháp,G.4,2,01182,xskt.com.vn,2026-10-05T23:07:04+07:00
2026-09-21,mn,Đồng Tháp,G.4,3,76355,xskt.com.vn,2026-10-05T23:07:04+07:00
2026-09-21,mn,Đồng Tháp,G.4,4,92320,xskt.com.vn,2026-10-05T23:07:04+07:00
2026-09-21,mn,Đồng Tháp,G.4,5,60333,xskt.com.vn,2026-10-05T23:07:04+07:00
2026-09-21,mn,Đồng Tháp,G.4,6,85210,xskt.com.vn,2026-10-05T23:07:04+07:00
2026-09-21,mn,Đồng Tháp,G.4,7,83171,xskt.com.vn,2026-10-05T23:07:04+07:00
2026-09-21,mn,Đồng Tháp,G.3,1,04566,xskt.com.vn,2026-10-05T23:07:04+07:00
2026-09-21,mn,Đồng Tháp,G.3,2,68924,xskt.com.vn,2026-10-05T23:07:04+07:00
2026-09-21,mn,Đồng Tháp,G.2,1,87503,xskt.com.vn,2026-10-05T23:07:04+07:00
2026-09-21,mn,Đồng Tháp,G.1,1,58303,xskt.com.vn,2026-10-05T23:07:04+07:00
2026-09-21,mn,Đồng Tháp,ĐB,1,966088,xskt.com.vn,2026-10-05T23:07:04+07:00
2026-09-22,mn,Bạc Liêu,G.8,1,90,xskt.com.vn,2026-10-05T23:07:05+07:00
2026-09-22,mn,Bạc Liêu,G.7,1,881,xskt.com.vn,2026-10-05T23:07:05+07:00
2026-09-22,mn,Bạc Liêu,G.6,1,6654,xskt.com.vn,2026-10-05T23:07:05+07:00
2026-09-22,mn,Bạc Liêu,G.6,2,8969,xskt.com.vn,2026-10-05T23:07:05+07:00
2026-09-22,mn,Bạc Liêu,G.6,3,3873,xskt.com.vn,2026-10-05T23:07:05+07:00
2026-09-22,mn,Bạc Liêu,G.5,1,2429,xskt.com.vn,2026-10-05T23:07:05+07:00
2026-09-22,mn,Bạc Liêu,G.4,1,49739,xskt.com.vn,2026-10-05T23:07:05+07:00
2026-09-22,mn,Bạc Liêu,G.4,2,78267,xskt.com.vn,2026-10-05T23:07:05+07:00
2026-09-22,mn,Bạc Liêu,G.4,3,38221,xskt.com.vn,2026-10-05T23:07:05+07:00
2026-09-22,mn,Bạc Liêu,G.4,4,86693,xskt.com.vn,2026-10-05T23:07:05+07:00
2026-09-22,mn,Bạc Liêu,G.4,5,98919,xskt.com.vn,2026-10-05T23:07:05+07:00
2026-09-22,mn,Bạc Liêu,G.4,6,04496,xskt.com.vn,2026-10-05T23:07:05+07:00
2026-09-22,mn,Bạc Liêu,G.4,7,33364,xskt.com.vn,2026-10-05T23:07:05+07:00
2026-09-22,mn,Bạc Liêu,G.3,1,75266,xskt.com.vn,2026-10-05T23:07:05+07:00
2026-09-22,mn,Bạc Liêu,G.3,2,50819,xskt.com.vn,2026-10-05T23:07:05+07:00
2026-09-22,mn,Bạc Liêu,G.2,1,76219,xskt.com.vn,2026-10-05T23:07:05+07:00
2026-09-22,mn,Bạc Liêu,G.1,1,88030,xskt.com.vn,2026-10-05T23:07:05+07:00
2026-09-22,mn,Bạc Liêu,ĐB,1,977937,xskt.com.vn,2026-10-05T23:07:05+07:00
2026-09-22,mn,Bến Tre,G.8,1,15,xskt.com.vn,2026-10-05T23:07:05+07:00
2026-09-22,mn,Bến Tre,G.7,1,228,xskt.com.vn,2026-10-05T23:07:05+07:00
2026-09-22,mn,Bến Tre,G.6,1,5594,xskt.com.vn,2026-10-05T23:07:05+07:00
2026-09-22,mn,Bến Tre,G.6,2,7465,xskt.com.vn,2026-10-05T23:07:05+07:00
2026-09-22,mn,Bến Tre,G.6,3,1218,xskt.com.vn,2026-10-05T23:07:05+07:00
2026-09-22,mn,Bến Tre,G.5,1,1112,xskt.com.vn,2026-10-05T23:07:05+07:00
2026-09-22,mn,Bến Tre,G.4,1,25509,xskt.com.vn,2026-10-05T23:07:05+07:00
2026-09-22,mn,Bến Tre,G.4,2,81678,xskt.com.vn,2026-10-05T23:07:05+07:00
2026-09-22,mn,Bến Tre,G.4,3,34856,xskt.com.vn,2026-10-05T23:07:05+07:00
2026-09-22,mn,Bến Tre,G.4,4,41371,xskt.com.vn,2026-10-05T23:07:05+07:00
2026-09-22,mn,Bến Tre,G.4,5,78035,xskt.com.vn,2026-10-05T23:07:05+07:00
2026-09-22,mn,Bến Tre,G.4,6,91165,xskt.com.vn,2026-10-05T23:07:05+07:00
2026-09-22,mn,Bến Tre,G.4,7,65924,xskt.com.vn,2026-10-05T23:07:05+07:00
2026-09-22,mn,Bến Tre,G.3,1,65002,xskt.com.vn,2026-10-05T23:07:05+07:00
2026-09-22,mn,Bến Tre,G.3,2,05409,xskt.com.vn,2026-10-05T23:07:05+07:00
2026-09-22,mn,Bến Tre,G.2,1,00404,xskt.com.vn,2026-10-05T23:07:05+07:00
2026-09-22,mn,Bến Tre,G.1,1,18315,xskt.com.vn,2026-10-05T23:07:05+07:00
2026-09-22,mn,Bến Tre,ĐB,1,910864,xskt.com.vn,2026-10-05T23:07:05+07:00
2026-09-22,mn,Vũng Tàu,G.8,1,47,xskt.com.vn,2026-10-05T23:07:05+07:00
2026-09-22,mn,Vũng Tàu,G.7,1,050,xskt.com.vn,2026-10-05T23:07:05+07:00
2026-09-22,mn,Vũng Tàu,G.6,1,2265,xskt.com.vn,2026-10-05T23:07:05+07:00
2026-09-22,mn,Vũng Tàu,G.6,2,4620,xskt.com.vn,2026-10-05T23:07:05+07:00
2026-09-22,mn,Vũng Tàu,G.6,3,6643,xskt.com.vn,2026-10-05T23:07:05+07:00
2026-09-22,mn,Vũng Tàu,G.5,1,3459,xskt.com.vn,2026-10-05T23:07:05+07:00
2026-09-22,mn,Vũng Tàu,G.4,1,92819,xskt.com.vn,2026-10-05T23:07:05+07:00
2026-09-22,mn,Vũng Tàu,G.4,2,83987,xskt.com.vn,2026-10-05T23:07:05+07:00
2026-09-22,mn,Vũng Tàu,G.4,3,45200,xskt.com.vn,2026-10-05T23:07:05+07:00
2026-09-22,mn,Vũng Tàu,G.4,4,15566,xskt.com.vn,2026-10-05T23:07:05+07:00
2026-09-22,mn,Vũng Tàu,G.4,5,42489,xskt.com.vn,2026-10-05T23:07:05+07:00
2026-09-22,mn,Vũng Tàu,G.4,6,23699,xskt.com.vn,2026-10-05T23:07:05+07:00
2026-09-22,mn,Vũng Tàu,G.4,7,62216,xskt.com.vn,2026-10-05T23:07:05+07:00
2026-09-22,mn,Vũng Tàu,G.3,1,86575,xskt.com.vn,2026-10-05T23:07:05+07:00
2026-09-22,mn,Vũng Tàu,G.3,2,64011,xskt.com.vn,2026-10-05T23:07:05+07:00
2026-09-22,mn,Vũng Tàu,G.2,1,29195,xskt.com.vn,2026-10-05T23:07:05+07:00
2026-09-22,mn,Vũng Tàu,G.1,1,34637,xskt.com.vn,2026-10-05T23:07:05+07:00
2026-09-22,mn,Vũng Tàu,ĐB,1,033387,xskt.com.vn,2026-10-05T23:07:05+07:00
2026-09-23,mn,Cần Thơ,G.8,1,50,xskt.com.vn,2026-10-05T23:07:05+07:00
2026-09-23,mn,Cần Thơ,G.7,1,843,xskt.com.vn,2026-10-05T23:07:05+07:00
2026-09-23,mn,Cần Thơ,G.6,1,4535,xskt.com.vn,2026-10-05T23:07:05+07:00
2026-09-23,mn,Cần Thơ,G.6,2,3835,xskt.com.vn,2026-10-05T23:07:05+07:00
2026-09-23,mn,Cần Thơ,G.6,3,5078,xskt.com.vn,2026-10-05T23:07:05+07:00
2026-09-23,mn,Cần Thơ,G.5,1,9174,xskt.com.vn,2026-10-05T23:07:05+07:00
2026-09-23,mn,Cần Thơ,G.4,1,85468,xskt.com.vn,2026-10-05T23:07:05+07:00
2026-09-23,mn,Cần Thơ,G.4,2,24481,xskt.com.vn,2026-10-05T23:07:05+07:00
2026-09-23,mn,Cần Thơ,G.4,3,93448,xskt.com.vn,2026-10-05T23:07:05+07:00
2026-09-23,mn,Cần Thơ,G.4,4,63122,xskt.com.vn,2026-10-05T23:07:05+07:00
2026-09-23,mn,Cần Thơ,G.4,5,54072,xskt.com.vn,2026-10-05T23:07:05+07:00
2026-09-23,mn,Cần Thơ,G.4,6,71243,xskt.com.vn,2026-10-05T23:07:05+07:00
2026-09-23,mn,Cần Thơ,G.4,7,48066,xskt.com.vn,2026-10-05T23:07:05+07:00
2026-09-23,mn,Cần Thơ,G.3,1,69203,xskt.com.vn,2026-10-05T23:07:05+07:00
2026-09-23,mn,Cần Thơ,G.3,2,12962,xskt.com.vn,2026-10-05T23:07:05+07:00
2026-09-23,mn,Cần Thơ,G.2,1,08214,xskt.com.vn,2026-10-05T23:07:05+07:00
2026-09-23,mn,Cần Thơ,G.1,1,56175,xskt.com.vn,2026-10-05T23:07:05+07:00
2026-09-23,mn,Cần Thơ,ĐB,1,157293,xskt.com.vn,2026-10-05T23:07:05+07:00
2026-09-23,mn,Sóc Trăng,G.8,1,66,xskt.com.vn,2026-10-05T23:07:05+07:00
2026-09-23,mn,Sóc Trăng,G.7,1,744,xskt.com.vn,2026-10-05T23:07:05+07:00
2026-09-23,mn,Sóc Trăng,G.6,1,7699,xskt.com.vn,2026-10-05T23:07:05+07:00
2026-09-23,mn,Sóc Trăng,G.6,2,8469,xskt.com.vn,2026-10-05T23:07:05+07:00
2026-09-23,mn,Sóc Trăng,G.6,3,4721,xskt.com.vn,2026-10-05T23:07:05+07:00
2026-09-23,mn,Sóc Trăng,G.5,1,7242,xskt.com.vn,2026-10-05T23:07:05+07:00
2026-09-23,mn,Sóc Trăng,G.4,1,62307,xskt.com.vn,2026-10-05T23:07:05+07:00
2026-09-23,mn,Sóc Trăng,G.4,2,91798,xskt.com.vn,2026-10-05T23:07:05+07:00
2026-09-23,mn,Sóc Trăng,G.4,3,09559,xskt.com.vn,2026-10-05T23:07:05+07:00
2026-09-23,mn,Sóc Trăng,G.4,4,43811,xskt.com.vn,2026-10-05T23:07:05+07:00
2026-09-23,mn,Sóc Trăng,G.4,5,23682,xskt.com.vn,2026-10-05T23:07:05+07:00
2026-09-23,mn,Sóc Trăng,G.4,6,52990,xskt.com.vn,2026-10-05T23:07:05+07:00
2026-09-23,mn,Sóc Trăng,G.4,7,45011,xskt.com.vn,2026-10-05T23:07:05+07:00
2026-09-23,mn,Sóc Trăng,G.3,1,01301,xskt.com.vn,2026-10-05T23:07:05+07:00
2026-09-23,mn,Sóc Trăng,G.3,2,62146,xskt.com.vn,2026-10-05T23:07:05+07:00
2026-09-23,mn,Sóc Trăng,G.2,1,84117,xskt.com.vn,2026-10-05T23:07:05+07:00
2026-09-23,mn,Sóc Trăng,G.1,1,61832,xskt.com.vn,2026-10-05T23:07:05+07:00
2026-09-23,mn,Sóc Trăng,ĐB,1,523291,xskt.com.vn,2026-10-05T23:07:05+07:00
2026-09-23,mn,Đồng Nai,G.8,1,14,xskt.com.vn,2026-10-05T23:07:05+07:00
2026-09-23,mn,Đồng Nai,G.7,1,778,xskt.com.vn,2026-10-05T23:07:05+07:00
2026-09-23,mn,Đồng Nai,G.6,1,6394,xskt.com.vn,2026-10-05T23:07:05+07:00
2026-09-23,mn,Đồng Nai,G.6,2,1954,xskt.com.vn,2026-10-05T23:07:05+07:00
2026-09-23,mn,Đồng Nai,G.6,3,0247,xskt.com.vn,2026-10-05T23:07:05+07:00
2026-09-23,mn,Đồng Nai,G.5,1,6421,xskt.com.vn,2026-10-05T23:07:05+07:00
2026-09-23,mn,Đồng Nai,G.4,1,10692,xskt.com.vn,2026-10-05T23:07:05+07:00
2026-09-23,mn,Đồng Nai,G.4,2,34215,xskt.com.vn,2026-10-05T23:07:05+07:00
2026-09-23,mn,Đồng Nai,G.4,3,46927,xskt.com.vn,2026-10-05T23:07:05+07:00
2026-09-23,mn,Đồng Nai,G.4,4,92993,xskt.com.vn,2026-10-05T23:07:05+07:00
2026-09-23,mn,Đồng Nai,G.4,5,53119,xskt.com.vn,2026-10-05T23:07:05+07:00
2026-09-23,mn,Đồng Nai,G.4,6,48129,xskt.com.vn,2026-10-05T23:07:05+07:00
2026-09-23,mn,Đồng Nai,G.4,7,71845,xskt.com.vn,2026-10-05T23:07:05+07:00
2026-09-23,mn,Đồng Nai,G.3,1,66244,xskt.com.vn,2026-10-05T23:07:05+07:00
2026-09-23,mn,Đồng Nai,G.3,2,57727,xskt.com.vn,2026-10-05T23:07:05+07:00
2026-09-23,mn,Đồng Nai,G.2,1,72389,xskt.com.vn,2026-10-05T23:07:05+07:00
2026-09-23,mn,Đồng Nai,G.1,1,44953,xskt.com.vn,2026-10-05T23:07:05+07:00
2026-09-23,mn,Đồng Nai,ĐB,1,567326,xskt.com.vn,2026-10-05T23:07:05+07:00
2026-09-24,mn,An Giang,G.8,1,87,xskt.com.vn,2026-10-05T23:07:05+07:00
2026-09-24,mn,An Giang,G.7,1,610,xskt.com.vn,2026-10-05T23:07:05+07:00
2026-09-24,mn,An Giang,G.6,1,6545,xskt.com.vn,2026-10-05T23:07:05+07:00
2026-09-24,mn,An Giang,G.6,2,7305,xskt.com.vn,2026-10-05T23:07:05+07:00
2026-09-24,mn,An Giang,G.6,3,0843,xskt.com.vn,2026-10-05T23:07:05+07:00
2026-09-24,mn,An Giang,G.5,1,7482,xskt.com.vn,2026-10-05T23:07:05+07:00
2026-09-24,mn,An Giang,G.4,1,77324,xskt.com.vn,2026-10-05T23:07:05+07:00
2026-09-24,mn,An Giang,G.4,2,74392,xskt.com.vn,2026-10-05T23:07:05+07:00
2026-09-24,mn,An Giang,G.4,3,27983,xskt.com.vn,2026-10-05T23:07:05+07:00
2026-09-24,mn,An Giang,G.4,4,78585,xskt.com.vn,2026-10-05T23:07:05+07:00
2026-09-24,mn,An Giang,G.4,5,68723,xskt.com.vn,2026-10-05T23:07:05+07:00
2026-09-24,mn,An Giang,G.4,6,51254,xskt.com.vn,2026-10-05T23:07:05+07:00
2026-09-24,mn,An Giang,G.4,7,96250,xskt.com.vn,2026-10-05T23:07:05+07:00
2026-09-24,mn,An Giang,G.3,1,33442,xskt.com.vn,2026-10-05T23:07:05+07:00
2026-09-24,mn,An Giang,G.3,2,86721,xskt.com.vn,2026-10-05T23:07:05+07:00
2026-09-24,mn,An Giang,G.2,1,00474,xskt.com.vn,2026-10-05T23:07:05+07:00
2026-09-24,mn,An Giang,G.1,1,76659,xskt.com.vn,2026-10-05T23:07:05+07:00
2026-09-24,mn,An Giang,ĐB,1,401901,xskt.com.vn,2026-10-05T23:07:05+07:00
2026-09-24,mn,Bình Thuận,G.8,1,95,xskt.com.vn,2026-10-05T23:07:05+07:00
2026-09-24,mn,Bình Thuận,G.7,1,744,xskt.com.vn,2026-10-05T23:07:05+07:00
2026-09-24,mn,Bình Thuận,G.6,1,7464,xskt.com.vn,2026-10-05T23:07:05+07:00
2026-09-24,mn,Bình Thuận,G.6,2,9006,xskt.com.vn,2026-10-05T23:07:05+07:00
2026-09-24,mn,Bình Thuận,G.6,3,7600,xskt.com.vn,2026-10-05T23:07:05+07:00
2026-09-24,mn,Bình Thuận,G.5,1,5892,xskt.com.vn,2026-10-05T23:07:05+07:00
2026-09-24,mn,Bình Thuận,G.4,1,83626,xskt.com.vn,2026-10-05T23:07:05+07:00
2026-09-24,mn,Bình Thuận,G.4,2,46191,xskt.com.vn,2026-10-05T23:07:05+07:00
2026-09-24,mn,Bình Thuận,G.4,3,15729,xskt.com.vn,2026-10-05T23:07:05+07:00
2026-09-24,mn,Bình Thuận,G.4,4,18159,xskt.com.vn,2026-10-05T23:07:05+07:00
2026-09-24,mn,Bình Thuận,G.4,5,66600,xskt.com.vn,2026-10-05T23:07:05+07:00
2026-09-24,mn,Bình Thuận,G.4,6,14097,xskt.com.vn,2026-10-05T23:07:05+07:00
2026-09-24,mn,Bình Thuận,G.4,7,00564,xskt.com.vn,2026-10-05T23:07:05+07:00
2026-09-24,mn,Bình Thuận,G.3,1,68763,xskt.com.vn,2026-10-05T23:07:05+07:00
2026-09-24,mn,Bình Thuận,G.3,2,48398,xskt.com.vn,2026-10-05T23:07:05+07:00
2026-09-24,mn,Bình Thuận,G.2,1,04871,xskt.com.vn,2026-10-05T23:07:05+07:00
2026-09-24,mn,Bình Thuận,G.1,1,18173,xskt.com.vn,2026-10-05T23:07:05+07:00
2026-09-24,mn,Bình Thuận,ĐB,1,377346,xskt.com.vn,2026-10-05T23:07:05+07:00
2026-09-24,mn,Tây Ninh,G.8,1,69,xskt.com.vn,2026-10-05T23:07:05+07:00
2026-09-24,mn,Tây Ninh,G.7,1,475,xskt.com.vn,2026-10-05T23:07:05+07:00
2026-09-24,mn,Tây Ninh,G.6,1,1928,xskt.com.vn,2026-10-05T23:07:05+07:00
2026-09-24,mn,Tây Ninh,G.6,2,5575,xskt.com.vn,2026-10-05T23:07:05+07:00
2026-09-24,mn,Tây Ninh,G.6,3,3686,xskt.com.vn,2026-10-05T23:07:05+07:00
2026-09-24,mn,Tây Ninh,G.5,1,4033,xskt.com.vn,2026-10-05T23:07:05+07:00
2026-09-24,mn,Tây Ninh,G.4,1,90848,xskt.com.vn,2026-10-05T23:07:05+07:00
2026-09-24,mn,Tây Ninh,G.4,2,39391,xskt.com.vn,2026-10-05T23:07:05+07:00
2026-09-24,mn,Tây Ninh,G.4,3,24045,xskt.com.vn,2026-10-05T23:07:05+07:00
2026-09-24,mn,Tây Ninh,G.4,4,69540,xskt.com.vn,2026-10-05T23:07:05+07:00
2026-09-24,mn,Tây Ninh,G.4,5,58135,xskt.com.vn,2026-10-05T23:07:05+07:00
2026-09-24,mn,Tây Ninh,G.4,6,16486,xskt.com.vn,2026-10-05T23:07:05+07:00
2026-09-24,mn,Tây Ninh,G.4,7,94018,xskt.com.vn,2026-10-05T23:07:05+07:00
2026-09-24,mn,Tây Ninh,G.3,1,43805,xskt.com.vn,2026-10-05T23:07:05+07:00
2026-09-24,mn,Tây Ninh,G.3,2,60358,xskt.com.vn,2026-10-05T23:07:05+07:00
2026-09-24,mn,Tây Ninh,G.2,1,67343,xskt.com.vn,2026-10-05T23:07:05+07:00
2026-09-24,mn,Tây Ninh,G.1,1,56573,xskt.com.vn,2026-10-05T23:07:05+07:00
2026-09-24,mn,Tây Ninh,ĐB,1,136970,xskt.com.vn,2026-10-05T23:07:05+07:00
2026-09-25,mn,Bình Dương,G.8,1,43,xskt.com.vn,2026-10-05T23:07:06+07:00
2026-09-25,mn,Bình Dương,G.7,1,347,xskt.com.vn,2026-10-05T23:07:06+07:00
2026-09-25,mn,Bình Dương,G.6,1,6509,xskt.com.vn,2026-10-05T23:07:06+07:00
2026-09-25,mn,Bình Dương,G.6,2,7000,xskt.com.vn,2026-10-05T23:07:06+07:00
2026-09-25,mn,Bình Dương,G.6,3,7699,xskt.com.vn,2026-10-05T23:07:06+07:00
2026-09-25,mn,Bình Dương,G.5,1,9303,xskt.com.vn,2026-10-05T23:07:06+07:00
2026-09-25,mn,Bình Dương,G.4,1,29521,xskt.com.vn,2026-10-05T23:07:06+07:00
2026-09-25,mn,Bình Dương,G.4,2,09322,xskt.com.vn,2026-10-05T23:07:06+07:00
2026-09-25,mn,Bình Dương,G.4,3,86169,xskt.com.vn,2026-10-05T23:07:06+07:00
2026-09-25,mn,Bình Dương,G.4,4,63678,xskt.com.vn,2026-10-05T23:07:06+07:00
2026-09-25,mn,Bình Dương,G.4,5,36024,xskt.com.vn,2026-10-05T23:07:06+07:00
2026-09-25,mn,Bình Dương,G.4,6,35156,xskt.com.vn,2026-10-05T23:07:06+07:00
2026-09-25,mn,Bình Dương,G.4,7,14658,xskt.com.vn,2026-10-05T23:07:06+07:00
2026-09-25,mn,Bình Dương,G.3,1,81050,xskt.com.vn,2026-10-05T23:07:06+07:00
2026-09-25,mn,Bình Dương,G.3,2,89385,xskt.com.vn,2026-10-05T23:07:06+07:00
2026-09-25,mn,Bình Dương,G.2,1,96902,xskt.com.vn,2026-10-05T23:07:06+07:00
2026-09-25,mn,Bình Dương,G.1,1,73243,xskt.com.vn,2026-10-05T23:07:06+07:00
2026-09-25,mn,Bình Dương,ĐB,1,475052,xskt.com.vn,2026-10-05T23:07:06+07:00
2026-09-25,mn,Trà Vinh,G.8,1,43,xskt.com.vn,2026-10-05T23:07:06+07:00
2026-09-25,mn,Trà Vinh,G.7,1,699,xskt.com.vn,2026-10-05T23:07:06+07:00
2026-09-25,mn,Trà Vinh,G.6,1,1089,xskt.com.vn,2026-10-05T23:07:06+07:00
2026-09-25,mn,Trà Vinh,G.6,2,8087,xskt.com.vn,2026-10-05T23:07:06+07:00
2026-09-25,mn,Trà Vinh,G.6,3,1366,xskt.com.vn,2026-10-05T23:07:06+07:00
2026-09-25,mn,Trà Vinh,G.5,1,5231,xskt.com.vn,2026-10-05T23:07:06+07:00
2026-09-25,mn,Trà Vinh,G.4,1,05961,xskt.com.vn,2026-10-05T23:07:06+07:00
2026-09-25,mn,Trà Vinh,G.4,2,95735,xskt.com.vn,2026-10-05T23:07:06+07:00
2026-09-25,mn,Trà Vinh,G.4,3,70344,xskt.com.vn,2026-10-05T23:07:06+07:00
2026-09-25,mn,Trà Vinh,G.4,4,26452,xskt.com.vn,2026-10-05T23:07:06+07:00
2026-09-25,mn,Trà Vinh,G.4,5,45816,xskt.com.vn,2026-10-05T23:07:06+07:00
2026-09-25,mn,Trà Vinh,G.4,6,49208,xskt.com.vn,2026-10-05T23:07:06+07:00
2026-09-25,mn,Trà Vinh,G.4,7,14440,xskt.com.vn,2026-10-05T23:07:06+07:00
2026-09-25,mn,Trà Vinh,G.3,1,79301,xskt.com.vn,2026-10-05T23:07:06+07:00
2026-09-25,mn,Trà Vinh,G.3,2,33093,xskt.com.vn,2026-10-05T23:07:06+07:00
2026-09-25,mn,Trà Vinh,G.2,1,04320,xskt.com.vn,2026-10-05T23:07:06+07:00
2026-09-25,mn,Trà Vinh,G.1,1,31703,xskt.com.vn,2026-10-05T23:07:06+07:00
2026-09-25,mn,Trà Vinh,ĐB,1,107064,xskt.com.vn,2026-10-05T23:07:06+07:00
2026-09-25,mn,Vĩnh Long,G.8,1,42,xskt.com.vn,2026-10-05T23:07:06+07:00
2026-09-25,mn,Vĩnh Long,G.7,1,917,xskt.com.vn,2026-10-05T23:07:06+07:00
2026-09-25,mn,Vĩnh Long,G.6,1,4591,xskt.com.vn,2026-10-05T23:07:06+07:00
2026-09-25,mn,Vĩnh Long,G.6,2,2561,xskt.com.vn,2026-10-05T23:07:06+07:00
2026-09-25,mn,Vĩnh Long,G.6,3,2616,xskt.com.vn,2026-10-05T23:07:06+07:00
2026-09-25,mn,Vĩnh Long,G.5,1,1048,xskt.com.vn,2026-10-05T23:07:06+07:00
2026-09-25,mn,Vĩnh Long,G.4,1,16709,xskt.com.vn,2026-10-05T23:07:06+07:00
2026-09-25,mn,Vĩnh Long,G.4,2,94790,xskt.com.vn,2026-10-05T23:07:06+07:00
2026-09-25,mn,Vĩnh Long,G.4,3,36972,xskt.com.vn,2026-10-05T23:07:06+07:00
2026-09-25,mn,Vĩnh Long,G.4,4,49885,xskt.com.vn,2026-10-05T23:07:06+07:00
2026-09-25,mn,Vĩnh Long,G.4,5,43083,xskt.com.vn,2026-10-05T23:07:06+07:00
2026-09-25,mn,Vĩnh Long,G.4,6,57459,xskt.com.vn,2026-10-05T23:07:06+07:00
2026-09-25,mn,Vĩnh Long,G.4,7,77406,xskt.com.vn,2026-10-05T23:07:06+07:00
2026-09-25,mn,Vĩnh Long,G.3,1,60896,xskt.com.vn,2026-10-05T23:07:06+07:00
2026-09-25,mn,Vĩnh Long,G.3,2,08186,xskt.com.vn,2026-10-05T23:07:06+07:00
2026-09-25,mn,Vĩnh Long,G.2,1,73017,xskt.com.vn,2026-10-05T23:07:06+07:00
2026-09-25,mn,Vĩnh Long,G.1,1,88689,xskt.com.vn,2026-10-05T23:07:06+07:00
2026-09-25,mn,Vĩnh Long,ĐB,1,017299,xskt.com.vn,2026-10-05T23:07:06+07:00
2026-09-26,mn,Bình Phước,G.8,1,17,xskt.com.vn,2026-10-05T23:07:06+07:00
2026-09-26,mn,Bình Phước,G.7,1,407,xskt.com.vn,2026-10-05T23:07:06+07:00
2026-09-26,mn,Bình Phước,G.6,1,8730,xskt.com.vn,2026-10-05T23:07:06+07:00
2026-09-26,mn,Bình Phước,G.6,2,6727,xskt.com.vn,2026-10-05T23:07:06+07:00
2026-09-26,mn,Bình Phước,G.6,3,2552,xskt.com.vn,2026-10-05T23:07:06+07:00
2026-09-26,mn,Bình Phước,G.5,1,8168,xskt.com.vn,2026-10-05T23:07:06+07:00
2026-09-26,mn,Bình Phước,G.4,1,25312,xskt.com.vn,2026-10-05T23:07:06+07:00
2026-09-26,mn,Bình Phước,G.4,2,07552,xskt.com.vn,2026-10-05T23:07:06+07:00
2026-09-26,mn,Bình Phước,G.4,3,55416,xskt.com.vn,2026-10-05T23:07:06+07:00
2026-09-26,mn,Bình Phước,G.4,4,46121,xskt.com.vn,2026-10-05T23:07:06+07:00
2026-09-26,mn,Bình Phước,G.4,5,51084,xskt.com.vn,2026-10-05T23:07:06+07:00
2026-09-26,mn,Bình Phước,G.4,6,30855,xskt.com.vn,2026-10-05T23:07:06+07:00
2026-09-26,mn,Bình Phước,G.4,7,38602,xskt.com.vn,2026-10-05T23:07:06+07:00
2026-09-26,mn,Bình Phước,G.3,1,38105,xskt.com.vn,2026-10-05T23:07:06+07:00
2026-09-26,mn,Bình Phước,G.3,2,31112,xskt.com.vn,2026-10-05T23:07:06+07:00
2026-09-26,mn,Bình Phước,G.2,1,72783,xskt.com.vn,2026-10-05T23:07:06+07:00
2026-09-26,mn,Bình Phước,G.1,1,32981,xskt.com.vn,2026-10-05T23:07:06+07:00
2026-09-26,mn,Bình Phước,ĐB,1,745514,xskt.com.vn,2026-10-05T23:07:06+07:00
2026-09-26,mn,Hậu Giang,G.8,1,83,xskt.com.vn,2026-10-05T23:07:06+07:00
2026-09-26,mn,Hậu Giang,G.7,1,772,xskt.com.vn,2026-10-05T23:07:06+07:00
2026-09-26,mn,Hậu Giang,G.6,1,8349,xskt.com.vn,2026-10-05T23:07:06+07:00
2026-09-26,mn,Hậu Giang,G.6,2,2959,xskt.com.vn,2026-10-05T23:07:06+07:00
2026-09-26,mn,Hậu Giang,G.6,3,2584,xskt.com.vn,2026-10-05T23:07:06+07:00
2026-09-26,mn,Hậu Giang,G.5,1,2055,xskt.com.vn,2026-10-05T23:07:06+07:00
2026-09-26,mn,Hậu Giang,G.4,1,62960,xskt.com.vn,2026-10-05T23:07:06+07:00
2026-09-26,mn,Hậu Giang,G.4,2,85320,xskt.com.vn,2026-10-05T23:07:06+07:00
2026-09-26,mn,Hậu Giang,G.4,3,38501,xskt.com.vn,2026-10-05T23:07:06+07:00
2026-09-26,mn,Hậu Giang,G.4,4,82568,xskt.com.vn,2026-10-05T23:07:06+07:00
2026-09-26,mn,Hậu Giang,G.4,5,24443,xskt.com.vn,2026-10-05T23:07:06+07:00
2026-09-26,mn,Hậu Giang,G.4,6,53108,xskt.com.vn,2026-10-05T23:07:06+07:00
2026-09-26,mn,Hậu Giang,G.4,7,89483,xskt.com.vn,2026-10-05T23:07:06+07:00
2026-09-26,mn,Hậu Giang,G.3,1,63983,xskt.com.vn,2026-10-05T23:07:06+07:00
2026-09-26,mn,Hậu Giang,G.3,2,49995,xskt.com.vn,2026-10-05T23:07:06+07:00
2026-09-26,mn,Hậu Giang,G.2,1,86150,xskt.com.vn,2026-10-05T23:07:06+07:00
2026-09-26,mn,Hậu Giang,G.1,1,95411,xskt.com.vn,2026-10-05T23:07:06+07:00
2026-09-26,mn,Hậu Giang,ĐB,1,957565,xskt.com.vn,2026-10-05T23:07:06+07:00
2026-09-26,mn,Hồ Chí Minh,G.8,1,76,xskt.com.vn,2026-10-05T23:07:06+07:00
2026-09-26,mn,Hồ Chí Minh,G.7,1,628,xskt.com.vn,2026-10-05T23:07:06+07:00
2026-09-26,mn,Hồ Chí Minh,G.6,1,8551,xskt.com.vn,2026-10-05T23:07:06+07:00
2026-09-26,mn,Hồ Chí Minh,G.6,2,8397,xskt.com.vn,2026-10-05T23:07:06+07:00
2026-09-26,mn,Hồ Chí Minh,G.6,3,1573,xskt.com.vn,2026-10-05T23:07:06+07:00
2026-09-26,mn,Hồ Chí Minh,G.5,1,9315,xskt.com.vn,2026-10-05T23:07:06+07:00
2026-09-26,mn,Hồ Chí Minh,G.4,1,39659,xskt.com.vn,2026-10-05T23:07:06+07:00
2026-09-26,mn,Hồ Chí Minh,G.4,2,65601,xskt.com.vn,2026-10-05T23:07:06+07:00
2026-09-26,mn,Hồ Chí Minh,G.4,3,58662,xskt.com.vn,2026-10-05T23:07:06+07:00
2026-09-26,mn,Hồ Chí Minh,G.4,4,71396,xskt.com.vn,2026-10-05T23:07:06+07:00
2026-09-26,mn,Hồ Chí Minh,G.4,5,30693,xskt.com.vn,2026-10-05T23:07:06+07:00
2026-09-26,mn,Hồ Chí Minh,G.4,6,94113,xskt.com.vn,2026-10-05T23:07:06+07:00
2026-09-26,mn,Hồ Chí Minh,G.4,7,81582,xskt.com.vn,2026-10-05T23:07:06+07:00
2026-09-26,mn,Hồ Chí Minh,G.3,1,68071,xskt.com.vn,2026-10-05T23:07:06+07:00
2026-09-26,mn,Hồ Chí Minh,G.3,2,98546,xskt.com.vn,2026-10-05T23:07:06+07:00
2026-09-26,mn,Hồ Chí Minh,G.2,1,48593,xskt.com.vn,2026-10-05T23:07:06+07:00
2026-09-26,mn,Hồ Chí Minh,G.1,1,29156,xskt.com.vn,2026-10-05T23:07:06+07:00
2026-09-26,mn,Hồ Chí Minh,ĐB,1,584475,xskt.com.vn,2026-10-05T23:07:06+07:00
2026-09-26,mn,Long An,G.8,1,13,xskt.com.vn,2026-10-05T23:07:06+07:00
2026-09-26,mn,Long An,G.7,1,920,xskt.com.vn,2026-10-05T23:07:06+07:00
2026-09-26,mn,Long An,G.6,1,7010,xskt.com.vn,2026-10-05T23:07:06+07:00
2026-09-26,mn,Long An,G.6,2,7327,xskt.com.vn,2026-10-05T23:07:06+07:00
2026-09-26,mn,Long An,G.6,3,2694,xskt.com.vn,2026-10-05T23:07:06+07:00
2026-09-26,mn,Long An,G.5,1,8151,xskt.com.vn,2026-10-05T23:07:06+07:00
2026-09-26,mn,Long An,G.4,1,67110,xskt.com.vn,2026-10-05T23:07:06+07:00
2026-09-26,mn,Long An,G.4,2,44204,xskt.com.vn,2026-10-05T23:07:06+07:00
2026-09-26,mn,Long An,G.4,3,96921,xskt.com.vn,2026-10-05T23:07:06+07:00
2026-09-26,mn,Long An,G.4,4,69665,xskt.com.vn,2026-10-05T23:07:06+07:00
2026-09-26,mn,Long An,G.4,5,63517,xskt.com.vn,2026-10-05T23:07:06+07:00
2026-09-26,mn,Long An,G.4,6,91037,xskt.com.vn,2026-10-05T23:07:06+07:00
2026-09-26,mn,Long An,G.4,7,43228,xskt.com.vn,2026-10-05T23:07:06+07:00
2026-09-26,mn,Long An,G.3,1,96393,xskt.com.vn,2026-10-05T23:07:06+07:00
2026-09-26,mn,Long An,G.3,2,90037,xskt.com.vn,2026-10-05T23:07:06+07:00
2026-09-26,mn,Long An,G.2,1,06592,xskt.com.vn,2026-10-05T23:07:06+07:00
2026-09-26,mn,Long An,G.1,1,56436,xskt.com.vn,2026-10-05T23:07:06+07:00
2026-09-26,mn,Long An,ĐB,1,985879,xskt.com.vn,2026-10-05T23:07:06+07:00
2026-09-27,mn,Kiên Giang,G.8,1,76,xskt.com.vn,2026-10-05T23:07:06+07:00
2026-09-27,mn,Kiên Giang,G.7,1,142,xskt.com.vn,2026-10-05T23:07:06+07:00
2026-09-27,mn,Kiên Giang,G.6,1,4293,xskt.com.vn,2026-10-05T23:07:06+07:00
2026-09-27,mn,Kiên Giang,G.6,2,5879,xskt.com.vn,2026-10-05T23:07:06+07:00
2026-09-27,mn,Kiên Giang,G.6,3,1733,xskt.com.vn,2026-10-05T23:07:06+07:00
2026-09-27,mn,Kiên Giang,G.5,1,9918,xskt.com.vn,2026-10-05T23:07:06+07:00
2026-09-27,mn,Kiên Giang,G.4,1,87202,xskt.com.vn,2026-10-05T23:07:06+07:00
2026-09-27,mn,Kiên Giang,G.4,2,24192,xskt.com.vn,2026-10-05T23:07:06+07:00
2026-09-27,mn,Kiên Giang,G.4,3,29045,xskt.com.vn,2026-10-05T23:07:06+07:00
2026-09-27,mn,Kiên Giang,G.4,4,30596,xskt.com.vn,2026-10-05T23:07:06+07:00
2026-09-27,mn,Kiên Giang,G.4,5,12731,xskt.com.vn,2026-10-05T23:07:06+07:00
2026-09-27,mn,Kiên Giang,G.4,6,26400,xskt.com.vn,2026-10-05T23:07:06+07:00
2026-09-27,mn,Kiên Giang,G.4,7,89740,xskt.com.vn,2026-10-05T23:07:06+07:00
2026-09-27,mn,Kiên Giang,G.3,1,04495,xskt.com.vn,2026-10-05T23:07:06+07:00
2026-09-27,mn,Kiên Giang,G.3,2,61481,xskt.com.vn,2026-10-05T23:07:06+07:00
2026-09-27,mn,Kiên Giang,G.2,1,40290,xskt.com.vn,2026-10-05T23:07:06+07:00
2026-09-27,mn,Kiên Giang,G.1,1,98680,xskt.com.vn,2026-10-05T23:07:06+07:00
2026-09-27,mn,Kiên Giang,ĐB,1,713078,xskt.com.vn,2026-10-05T23:07:06+07:00
2026-09-27,mn,Tiền Giang,G.8,1,43,xskt.com.vn,2026-10-05T23:07:06+07:00
2026-09-27,mn,Tiền Giang,G.7,1,189,xskt.com.vn,2026-10-05T23:07:06+07:00
2026-09-27,mn,Tiền Giang,G.6,1,1474,xskt.com.vn,2026-10-05T23:07:06+07:00
2026-09-27,mn,Tiền Giang,G.6,2,3228,xskt.com.vn,2026-10-05T23:07:06+07:00
2026-09-27,mn,Tiền Giang,G.6,3,9901,xskt.com.vn,2026-10-05T23:07:06+07:00
2026-09-27,mn,Tiền Giang,G.5,1,0218,xskt.com.vn,2026-10-05T23:07:06+07:00
2026-09-27,mn,Tiền Giang,G.4,1,47008,xskt.com.vn,2026-10-05T23:07:06+07:00
2026-09-27,mn,Tiền Giang,G.4,2,70443,xskt.com.vn,2026-10-05T23:07:06+07:00
2026-09-27,mn,Tiền Giang,G.4,3,97286,xskt.com.vn,2026-10-05T23:07:06+07:00
2026-09-27,mn,Tiền Giang,G.4,4,11585,xskt.com.vn,2026-10-05T23:07:06+07:00
2026-09-27,mn,Tiền Giang,G.4,5,71079,xskt.com.vn,2026-10-05T23:07:06+07:00
2026-09-27,mn,Tiền Giang,G.4,6,20755,xskt.com.vn,2026-10-05T23:07:06+07:00
2026-09-27,mn,Tiền Giang,G.4,7,50315,xskt.com.vn,2026-10-05T23:07:06+07:00
2026-09-27,mn,Tiền Giang,G.3,1,31815,xskt.com.vn,2026-10-05T23:07:06+07:00
2026-09-27,mn,Tiền Giang,G.3,2,65401,xskt.com.vn,2026-10-05T23:07:06+07:00
2026-09-27,mn,Tiền Giang,G.2,1,70796,xskt.com.vn,2026-10-05T23:07:06+07:00
2026-09-27,mn,Tiền Giang,G.1,1,26392,xskt.com.vn,2026-10-05T23:07:06+07:00
2026-09-27,mn,Tiền Giang,ĐB,1,240624,xskt.com.vn,2026-10-05T23:07:06+07:00
2026-09-27,mn,Đà Lạt,G.8,1,95,xskt.com.vn,2026-10-05T23:07:06+07:00
2026-09-27,mn,Đà Lạt,G.7,1,948,xskt.com.vn,2026-10-05T23:07:06+07:00
2026-09-27,mn,Đà Lạt,G.6,1,3531,xskt.com.vn,2026-10-05T23:07:06+07:00
2026-09-27,mn,Đà Lạt,G.6,2,6265,xskt.com.vn,2026-10-05T23:07:06+07:00
2026-09-27,mn,Đà Lạt,G.6,3,8259,xskt.com.vn,2026-10-05T23:07:06+07:00
2026-09-27,mn,Đà Lạt,G.5,1,5306,xskt.com.vn,2026-10-05T23:07:06+07:00
2026-09-27,mn,Đà Lạt,G.4,1,09687,xskt.com.vn,2026-10-05T23:07:06+07:00
2026-09-27,mn,Đà Lạt,G.4,2,16731,xskt.com.vn,2026-10-05T23:07:06+07:00
2026-09-27,mn,Đà Lạt,G.4,3,80111,xskt.com.vn,2026-10-05T23:07:06+07:00
2026-09-27,mn,Đà Lạt,G.4,4,80183,xskt.com.vn,2026-10-05T23:07:06+07:00
2026-09-27,mn,Đà Lạt,G.4,5,86939,xskt.com.vn,2026-10-05T23:07:06+07:00
2026-09-27,mn,Đà Lạt,G.4,6,96452,xskt.com.vn,2026-10-05T23:07:06+07:00
2026-09-27,mn,Đà Lạt,G.4,7,96329,xskt.com.vn,2026-10-05T23:07:06+07:00
2026-09-27,mn,Đà Lạt,G.3,1,70771,xskt.com.vn,2026-10-05T23:07:06+07:00
2026-09-27,mn,Đà Lạt,G.3,2,26829,xskt.com.vn,2026-10-05T23:07:06+07:00
2026-09-27,mn,Đà Lạt,G.2,1,42333,xskt.com.vn,2026-10-05T23:07:06+07:00
2026-09-27,mn,Đà Lạt,G.1,1,09241,xskt.com.vn,2026-10-05T23:07:06+07:00
2026-09-27,mn,Đà Lạt,ĐB,1,450102,xskt.com.vn,2026-10-05T23:07:06+07:00
2026-09-28,mn,Cà Mau,G.8,1,41,xskt.com.vn,2026-10-05T23:07:07+07:00
2026-09-28,mn,Cà Mau,G.7,1,276,xskt.com.vn,2026-10-05T23:07:07+07:00
2026-09-28,mn,Cà Mau,G.6,1,4194,xskt.com.vn,2026-10-05T23:07:07+07:00
2026-09-28,mn,Cà Mau,G.6,2,3009,xskt.com.vn,2026-10-05T23:07:07+07:00
2026-09-28,mn,Cà Mau,G.6,3,2896,xskt.com.vn,2026-10-05T23:07:07+07:00
2026-09-28,mn,Cà Mau,G.5,1,1237,xskt.com.vn,2026-10-05T23:07:07+07:00
2026-09-28,mn,Cà Mau,G.4,1,28220,xskt.com.vn,2026-10-05T23:07:07+07:00
2026-09-28,mn,Cà Mau,G.4,2,25796,xskt.com.vn,2026-10-05T23:07:07+07:00
2026-09-28,mn,Cà Mau,G.4,3,43045,xskt.com.vn,2026-10-05T23:07:07+07:00
2026-09-28,mn,Cà Mau,G.4,4,51872,xskt.com.vn,2026-10-05T23:07:07+07:00
2026-09-28,mn,Cà Mau,G.4,5,02802,xskt.com.vn,2026-10-05T23:07:07+07:00
2026-09-28,mn,Cà Mau,G.4,6,30614,xskt.com.vn,2026-10-05T23:07:07+07:00
2026-09-28,mn,Cà Mau,G.4,7,07566,xskt.com.vn,2026-10-05T23:07:07+07:00
2026-09-28,mn,Cà Mau,G.3,1,91031,xskt.com.vn,2026-10-05T23:07:07+07:00
2026-09-28,mn,Cà Mau,G.3,2,36267,xskt.com.vn,2026-10-05T23:07:07+07:00
2026-09-28,mn,Cà Mau,G.2,1,79248,xskt.com.vn,2026-10-05T23:07:07+07:00
2026-09-28,mn,Cà Mau,G.1,1,42704,xskt.com.vn,2026-10-05T23:07:07+07:00
2026-09-28,mn,Cà Mau,ĐB,1,281551,xskt.com.vn,2026-10-05T23:07:07+07:00
2026-09-28,mn,Hồ Chí Minh,G.8,1,21,xskt.com.vn,2026-10-05T23:07:07+07:00
2026-09-28,mn,Hồ Chí Minh,G.7,1,285,xskt.com.vn,2026-10-05T23:07:07+07:00
2026-09-28,mn,Hồ Chí Minh,G.6,1,7161,xskt.com.vn,2026-10-05T23:07:07+07:00
2026-09-28,mn,Hồ Chí Minh,G.6,2,6655,xskt.com.vn,2026-10-05T23:07:07+07:00
2026-09-28,mn,Hồ Chí Minh,G.6,3,2155,xskt.com.vn,2026-10-05T23:07:07+07:00
2026-09-28,mn,Hồ Chí Minh,G.5,1,3811,xskt.com.vn,2026-10-05T23:07:07+07:00
2026-09-28,mn,Hồ Chí Minh,G.4,1,74569,xskt.com.vn,2026-10-05T23:07:07+07:00
2026-09-28,mn,Hồ Chí Minh,G.4,2,89878,xskt.com.vn,2026-10-05T23:07:07+07:00
2026-09-28,mn,Hồ Chí Minh,G.4,3,58813,xskt.com.vn,2026-10-05T23:07:07+07:00
2026-09-28,mn,Hồ Chí Minh,G.4,4,25531,xskt.com.vn,2026-10-05T23:07:07+07:00
2026-09-28,mn,Hồ Chí Minh,G.4,5,17297,xskt.com.vn,2026-10-05T23:07:07+07:00
2026-09-28,mn,Hồ Chí Minh,G.4,6,59888,xskt.com.vn,2026-10-05T23:07:07+07:00
2026-09-28,mn,Hồ Chí Minh,G.4,7,76986,xskt.com.vn,2026-10-05T23:07:07+07:00
2026-09-28,mn,Hồ Chí Minh,G.3,1,49513,xskt.com.vn,2026-10-05T23:07:07+07:00
2026-09-28,mn,Hồ Chí Minh,G.3,2,21219,xskt.com.vn,2026-10-05T23:07:07+07:00
2026-09-28,mn,Hồ Chí Minh,G.2,1,10072,xskt.com.vn,2026-10-05T23:07:07+07:00
2026-09-28,mn,Hồ Chí Minh,G.1,1,57769,xskt.com.vn,2026-10-05T23:07:07+07:00
2026-09-28,mn,Hồ Chí Minh,ĐB,1,760372,xskt.com.vn,2026-10-05T23:07:07+07:00
2026-09-28,mn,Đồng Tháp,G.8,1,27,xskt.com.vn,2026-10-05T23:07:07+07:00
2026-09-28,mn,Đồng Tháp,G.7,1,018,xskt.com.vn,2026-10-05T23:07:07+07:00
2026-09-28,mn,Đồng Tháp,G.6,1,3636,xskt.com.vn,2026-10-05T23:07:07+07:00
2026-09-28,mn,Đồng Tháp,G.6,2,1122,xskt.com.vn,2026-10-05T23:07:07+07:00
2026-09-28,mn,Đồng Tháp,G.6,3,4283,xskt.com.vn,2026-10-05T23:07:07+07:00
2026-09-28,mn,Đồng Tháp,G.5,1,9544,xskt.com.vn,2026-10-05T23:07:07+07:00
2026-09-28,mn,Đồng Tháp,G.4,1,18640,xskt.com.vn,2026-10-05T23:07:07+07:00
2026-09-28,mn,Đồng Tháp,G.4,2,54016,xskt.com.vn,2026-10-05T23:07:07+07:00
2026-09-28,mn,Đồng Tháp,G.4,3,34952,xskt.com.vn,2026-10-05T23:07:07+07:00
2026-09-28,mn,Đồng Tháp,G.4,4,69680,xskt.com.vn,2026-10-05T23:07:07+07:00
2026-09-28,mn,Đồng Tháp,G.4,5,49404,xskt.com.vn,2026-10-05T23:07:07+07:00
2026-09-28,mn,Đồng Tháp,G.4,6,14917,xskt.com.vn,2026-10-05T23:07:07+07:00
2026-09-28,mn,Đồng Tháp,G.4,7,99983,xskt.com.vn,2026-10-05T23:07:07+07:00
2026-09-28,mn,Đồng Tháp,G.3,1,02626,xskt.com.vn,2026-10-05T23:07:07+07:00
2026-09-28,mn,Đồng Tháp,G.3,2,33134,xskt.com.vn,2026-10-05T23:07:07+07:00
2026-09-28,mn,Đồng Tháp,G.2,1,48063,xskt.com.vn,2026-10-05T23:07:07+07:00
2026-09-28,mn,Đồng Tháp,G.1,1,00633,xskt.com.vn,2026-10-05T23:07:07+07:00
2026-09-28,mn,Đồng Tháp,ĐB,1,048795,xskt.com.vn,2026-10-05T23:07:07+07:00
2026-09-30,mn,Cần Thơ,G.8,1,36,xskt.com.vn,2026-10-05T23:07:08+07:00
2026-09-30,mn,Cần Thơ,G.7,1,587,xskt.com.vn,2026-10-05T23:07:08+07:00
2026-09-30,mn,Cần Thơ,G.6,1,2971,xskt.com.vn,2026-10-05T23:07:08+07:00
2026-09-30,mn,Cần Thơ,G.6,2,7027,xskt.com.vn,2026-10-05T23:07:08+07:00
2026-09-30,mn,Cần Thơ,G.6,3,2662,xskt.com.vn,2026-10-05T23:07:08+07:00
2026-09-30,mn,Cần Thơ,G.5,1,5952,xskt.com.vn,2026-10-05T23:07:08+07:00
2026-09-30,mn,Cần Thơ,G.4,1,29614,xskt.com.vn,2026-10-05T23:07:08+07:00
2026-09-30,mn,Cần Thơ,G.4,2,06587,xskt.com.vn,2026-10-05T23:07:08+07:00
2026-09-30,mn,Cần Thơ,G.4,3,40447,xskt.com.vn,2026-10-05T23:07:08+07:00
2026-09-30,mn,Cần Thơ,G.4,4,69545,xskt.com.vn,2026-10-05T23:07:08+07:00
2026-09-30,mn,Cần Thơ,G.4,5,05086,xskt.com.vn,2026-10-05T23:07:08+07:00
2026-09-30,mn,Cần Thơ,G.4,6,05661,xskt.com.vn,2026-10-05T23:07:08+07:00
2026-09-30,mn,Cần Thơ,G.4,7,53386,xskt.com.vn,2026-10-05T23:07:08+07:00
2026-09-30,mn,Cần Thơ,G.3,1,57775,xskt.com.vn,2026-10-05T23:07:08+07:00
2026-09-30,mn,Cần Thơ,G.3,2,49227,xskt.com.vn,2026-10-05T23:07:08+07:00
2026-09-30,mn,Cần Thơ,G.2,1,51271,xskt.com.vn,2026-10-05T23:07:08+07:00
2026-09-30,mn,Cần Thơ,G.1,1,25432,xskt.com.vn,2026-10-05T23:07:08+07:00
2026-09-30,mn,Cần Thơ,ĐB,1,216556,xskt.com.vn,2026-10-05T23:07:08+07:00
2026-09-30,mn,Sóc Trăng,G.8,1,51,xskt.com.vn,2026-10-05T23:07:08+07:00
2026-09-30,mn,Sóc Trăng,G.7,1,344,xskt.com.vn,2026-10-05T23:07:08+07:00
2026-09-30,mn,Sóc Trăng,G.6,1,9792,xskt.com.vn,2026-10-05T23:07:08+07:00
2026-09-30,mn,Sóc Trăng,G.6,2,5605,xskt.com.vn,2026-10-05T23:07:08+07:00
2026-09-30,mn,Sóc Trăng,G.6,3,0638,xskt.com.vn,2026-10-05T23:07:08+07:00
2026-09-30,mn,Sóc Trăng,G.5,1,4713,xskt.com.vn,2026-10-05T23:07:08+07:00
2026-09-30,mn,Sóc Trăng,G.4,1,67466,xskt.com.vn,2026-10-05T23:07:08+07:00
2026-09-30,mn,Sóc Trăng,G.4,2,88093,xskt.com.vn,2026-10-05T23:07:08+07:00
2026-09-30,mn,Sóc Trăng,G.4,3,63364,xskt.com.vn,2026-10-05T23:07:08+07:00
2026-09-30,mn,Sóc Trăng,G.4,4,00906,xskt.com.vn,2026-10-05T23:07:08+07:00
2026-09-30,mn,Sóc Trăng,G.4,5,89217,xskt.com.vn,2026-10-05T23:07:08+07:00
2026-09-30,mn,Sóc Trăng,G.4,6,69660,xskt.com.vn,2026-10-05T23:07:08+07:00
2026-09-30,mn,Sóc Trăng,G.4,7,80706,xskt.com.vn,2026-10-05T23:07:08+07:00
2026-09-30,mn,Sóc Trăng,G.3,1,98451,xskt.com.vn,2026-10-05T23:07:08+07:00
2026-09-30,mn,Sóc Trăng,G.3,2,38484,xskt.com.vn,2026-10-05T23:07:08+07:00
2026-09-30,mn,Sóc Trăng,G.2,1,29411,xskt.com.vn,2026-10-05T23:07:08+07:00
2026-09-30,mn,Sóc Trăng,G.1,1,33828,xskt.com.vn,2026-10-05T23:07:08+07:00
2026-09-30,mn,Sóc Trăng,ĐB,1,275034,xskt.com.vn,2026-10-05T23:07:08+07:00
2026-09-30,mn,Đồng Nai,G.8,1,87,xskt.com.vn,2026-10-05T23:07:08+07:00
2026-09-30,mn,Đồng Nai,G.7,1,956,xskt.com.vn,2026-10-05T23:07:08+07:00
2026-09-30,mn,Đồng Nai,G.6,1,1983,xskt.com.vn,2026-10-05T23:07:08+07:00
2026-09-30,mn,Đồng Nai,G.6,2,1429,xskt.com.vn,2026-10-05T23:07:08+07:00
2026-09-30,mn,Đồng Nai,G.6,3,8180,xskt.com.vn,2026-10-05T23:07:08+07:00
2026-09-30,mn,Đồng Nai,G.5,1,7819,xskt.com.vn,2026-10-05T23:07:08+07:00
2026-09-30,mn,Đồng Nai,G.4,1,60110,xskt.com.vn,2026-10-05T23:07:08+07:00
2026-09-30,mn,Đồng Nai,G.4,2,70505,xskt.com.vn,2026-10-05T23:07:08+07:00
2026-09-30,mn,Đồng Nai,G.4,3,04633,xskt.com.vn,2026-10-05T23:07:08+07:00
2026-09-30,mn,Đồng Nai,G.4,4,99206,xskt.com.vn,2026-10-05T23:07:08+07:00
2026-09-30,mn,Đồng Nai,G.4,5,41977,xskt.com.vn,2026-10-05T23:07:08+07:00
2026-09-30,mn,Đồng Nai,G.4,6,48756,xskt.com.vn,2026-10-05T23:07:08+07:00
2026-09-30,mn,Đồng Nai,G.4,7,79224,xskt.com.vn,2026-10-05T23:07:08+07:00
2026-09-30,mn,Đồng Nai,G.3,1,17078,xskt.com.vn,2026-10-05T23:07:08+07:00
2026-09-30,mn,Đồng Nai,G.3,2,10583,xskt.com.vn,2026-10-05T23:07:08+07:00
2026-09-30,mn,Đồng Nai,G.2,1,64114,xskt.com.vn,2026-10-05T23:07:08+07:00
2026-09-30,mn,Đồng Nai,G.1,1,46177,xskt.com.vn,2026-10-05T23:07:08+07:00
2026-09-30,mn,Đồng Nai,ĐB,1,470822,xskt.com.vn,2026-10-05T23:07:08+07:00
2026-10-01,mn,An Giang,G.8,1,69,xskt.com.vn,2026-10-05T23:07:08+07:00
2026-10-01,mn,An Giang,G.7,1,840,xskt.com.vn,2026-10-05T23:07:08+07:00
2026-10-01,mn,An Giang,G.6,1,1812,xskt.com.vn,2026-10-05T23:07:08+07:00
2026-10-01,mn,An Giang,G.6,2,3049,xskt.com.vn,2026-10-05T23:07:08+07:00
2026-10-01,mn,An Giang,G.6,3,8786,xskt.com.vn,2026-10-05T23:07:08+07:00
2026-10-01,mn,An Giang,G.5,1,0077,xskt.com.vn,2026-10-05T23:07:08+07:00
2026-10-01,mn,An Giang,G.4,1,18346,xskt.com.vn,2026-10-05T23:07:08+07:00
2026-10-01,mn,An Giang,G.4,2,98300,xskt.com.vn,2026-10-05T23:07:08+07:00
2026-10-01,mn,An Giang,G.4,3,44793,xskt.com.vn,2026-10-05T23:07:08+07:00
2026-10-01,mn,An Giang,G.4,4,37823,xskt.com.vn,2026-10-05T23:07:08+07:00
2026-10-01,mn,An Giang,G.4,5,57354,xskt.com.vn,2026-10-05T23:07:08+07:00
2026-10-01,mn,An Giang,G.4,6,67415,xskt.com.vn,2026-10-05T23:07:08+07:00
2026-10-01,mn,An Giang,G.4,7,68623,xskt.com.vn,2026-10-05T23:07:08+07:00
2026-10-01,mn,An Giang,G.3,1,63805,xskt.com.vn,2026-10-05T23:07:08+07:00
2026-10-01,mn,An Giang,G.3,2,49007,xskt.com.vn,2026-10-05T23:07:08+07:00
2026-10-01,mn,An Giang,G.2,1,70855,xskt.com.vn,2026-10-05T23:07:08+07:00
2026-10-01,mn,An Giang,G.1,1,57382,xskt.com.vn,2026-10-05T23:07:08+07:00
2026-10-01,mn,An Giang,ĐB,1,016473,xskt.com.vn,2026-10-05T23:07:08+07:00
2026-10-01,mn,Bình Thuận,G.8,1,00,xskt.com.vn,2026-10-05T23:07:08+07:00
2026-10-01,mn,Bình Thuận,G.7,1,861,xskt.com.vn,2026-10-05T23:07:08+07:00
2026-10-01,mn,Bình Thuận,G.6,1,7307,xskt.com.vn,2026-10-05T23:07:08+07:00
2026-10-01,mn,Bình Thuận,G.6,2,4203,xskt.com.vn,2026-10-05T23:07:08+07:00
2026-10-01,mn,Bình Thuận,G.6,3,7496,xskt.com.vn,2026-10-05T23:07:08+07:00
2026-10-01,mn,Bình Thuận,G.5,1,7649,xskt.com.vn,2026-10-05T23:07:08+07:00
2026-10-01,mn,Bình Thuận,G.4,1,78624,xskt.com.vn,2026-10-05T23:07:08+07:00
2026-10-01,mn,Bình Thuận,G.4,2,77552,xskt.com.vn,2026-10-05T23:07:08+07:00
2026-10-01,mn,Bình Thuận,G.4,3,59117,xskt.com.vn,2026-10-05T23:07:08+07:00
2026-10-01,mn,Bình Thuận,G.4,4,20761,xskt.com.vn,2026-10-05T23:07:08+07:00
2026-10-01,mn,Bình Thuận,G.4,5,25785,xskt.com.vn,2026-10-05T23:07:08+07:00
2026-10-01,mn,Bình Thuận,G.4,6,40077,xskt.com.vn,2026-10-05T23:07:08+07:00
2026-10-01,mn,Bình Thuận,G.4,7,58621,xskt.com.vn,2026-10-05T23:07:08+07:00
2026-10-01,mn,Bình Thuận,G.3,1,06279,xskt.com.vn,2026-10-05T23:07:08+07:00
2026-10-01,mn,Bình Thuận,G.3,2,80247,xskt.com.vn,2026-10-05T23:07:08+07:00
2026-10-01,mn,Bình Thuận,G.2,1,48760,xskt.com.vn,2026-10-05T23:07:08+07:00
2026-10-01,mn,Bình Thuận,G.1,1,57496,xskt.com.vn,2026-10-05T23:07:08+07:00
2026-10-01,mn,Bình Thuận,ĐB,1,247346,xskt.com.vn,2026-10-05T23:07:08+07:00
2026-10-01,mn,Tây Ninh,G.8,1,04,xskt.com.vn,2026-10-05T23:07:08+07:00
2026-10-01,mn,Tây Ninh,G.7,1,866,xskt.com.vn,2026-10-05T23:07:08+07:00
2026-10-01,mn,Tây Ninh,G.6,1,2102,xskt.com.vn,2026-10-05T23:07:08+07:00
2026-10-01,mn,Tây Ninh,G.6,2,6847,xskt.com.vn,2026-10-05T23:07:08+07:00
2026-10-01,mn,Tây Ninh,G.6,3,9663,xskt.com.vn,2026-10-05T23:07:08+07:00
2026-10-01,mn,Tây Ninh,G.5,1,9755,xskt.com.vn,2026-10-05T23:07:08+07:00
2026-10-01,mn,Tây Ninh,G.4,1,45546,xskt.com.vn,2026-10-05T23:07:08+07:00
2026-10-01,mn,Tây Ninh,G.4,2,75678,xskt.com.vn,2026-10-05T23:07:08+07:00
2026-10-01,mn,Tây Ninh,G.4,3,30698,xskt.com.vn,2026-10-05T23:07:08+07:00
2026-10-01,mn,Tây Ninh,G.4,4,38266,xskt.com.vn,2026-10-05T23:07:08+07:00
2026-10-01,mn,Tây Ninh,G.4,5,37991,xskt.com.vn,2026-10-05T23:07:08+07:00
2026-10-01,mn,Tây Ninh,G.4,6,33648,xskt.com.vn,2026-10-05T23:07:08+07:00
2026-10-01,mn,Tây Ninh,G.4,7,70127,xskt.com.vn,2026-10-05T23:07:08+07:00
2026-10-01,mn,Tây Ninh,G.3,1,31306,xskt.com.vn,2026-10-05T23:07:08+07:00
2026-10-01,mn,Tây Ninh,G.3,2,58213,xskt.com.vn,2026-10-05T23:07:08+07:00
2026-10-01,mn,Tây Ninh,G.2,1,55031,xskt.com.vn,2026-10-05T23:07:08+07:00
2026-10-01,mn,Tây Ninh,G.1,1,80777,xskt.com.vn,2026-10-05T23:07:08+07:00
2026-10-01,mn,Tây Ninh,ĐB,1,348513,xskt.com.vn,2026-10-05T23:07:08+07:00
2026-10-02,mn,Bình Dương,G.8,1,07,xskt.com.vn,2026-10-05T23:07:08+07:00
2026-10-02,mn,Bình Dương,G.7,1,143,xskt.com.vn,2026-10-05T23:07:08+07:00
2026-10-02,mn,Bình Dương,G.6,1,4242,xskt.com.vn,2026-10-05T23:07:08+07:00
2026-10-02,mn,Bình Dương,G.6,2,2886,xskt.com.vn,2026-10-05T23:07:08+07:00
2026-10-02,mn,Bình Dương,G.6,3,9451,xskt.com.vn,2026-10-05T23:07:08+07:00
2026-10-02,mn,Bình Dương,G.5,1,0705,xskt.com.vn,2026-10-05T23:07:08+07:00
2026-10-02,mn,Bình Dương,G.4,1,17467,xskt.com.vn,2026-10-05T23:07:08+07:00
2026-10-02,mn,Bình Dương,G.4,2,02851,xskt.com.vn,2026-10-05T23:07:08+07:00
2026-10-02,mn,Bình Dương,G.4,3,90548,xskt.com.vn,2026-10-05T23:07:08+07:00
2026-10-02,mn,Bình Dương,G.4,4,29519,xskt.com.vn,2026-10-05T23:07:08+07:00
2026-10-02,mn,Bình Dương,G.4,5,91876,xskt.com.vn,2026-10-05T23:07:08+07:00
2026-10-02,mn,Bình Dương,G.4,6,50071,xskt.com.vn,2026-10-05T23:07:08+07:00
2026-10-02,mn,Bình Dương,G.4,7,04917,xskt.com.vn,2026-10-05T23:07:08+07:00
2026-10-02,mn,Bình Dương,G.3,1,18090,xskt.com.vn,2026-10-05T23:07:08+07:00
2026-10-02,mn,Bình Dương,G.3,2,57493,xskt.com.vn,2026-10-05T23:07:08+07:00
2026-10-02,mn,Bình Dương,G.2,1,39283,xskt.com.vn,2026-10-05T23:07:08+07:00
2026-10-02,mn,Bình Dương,G.1,1,00879,xskt.com.vn,2026-10-05T23:07:08+07:00
2026-10-02,mn,Bình Dương,ĐB,1,313004,xskt.com.vn,2026-10-05T23:07:08+07:00
2026-10-02,mn,Trà Vinh,G.8,1,57,xskt.com.vn,2026-10-05T23:07:08+07:00
2026-10-02,mn,Trà Vinh,G.7,1,477,xskt.com.vn,2026-10-05T23:07:08+07:00
2026-10-02,mn,Trà Vinh,G.6,1,4822,xskt.com.vn,2026-10-05T23:07:08+07:00
2026-10-02,mn,Trà Vinh,G.6,2,8960,xskt.com.vn,2026-10-05T23:07:08+07:00
2026-10-02,mn,Trà Vinh,G.6,3,0026,xskt.com.vn,2026-10-05T23:07:08+07:00
2026-10-02,mn,Trà Vinh,G.5,1,4386,xskt.com.vn,2026-10-05T23:07:08+07:00
2026-10-02,mn,Trà Vinh,G.4,1,94340,xskt.com.vn,2026-10-05T23:07:08+07:00
2026-10-02,mn,Trà Vinh,G.4,2,96971,xskt.com.vn,2026-10-05T23:07:08+07:00
2026-10-02,mn,Trà Vinh,G.4,3,37408,xskt.com.vn,2026-10-05T23:07:08+07:00
2026-10-02,mn,Trà Vinh,G.4,4,54812,xskt.com.vn,2026-10-05T23:07:08+07:00
2026-10-02,mn,Trà Vinh,G.4,5,57205,xskt.com.vn,2026-10-05T23:07:08+07:00
2026-10-02,mn,Trà Vinh,G.4,6,99055,xskt.com.vn,2026-10-05T23:07:08+07:00
2026-10-02,mn,Trà Vinh,G.4,7,98036,xskt.com.vn,2026-10-05T23:07:08+07:00
2026-10-02,mn,Trà Vinh,G.3,1,75794,xskt.com.vn,2026-10-05T23:07:08+07:00
2026-10-02,mn,Trà Vinh,G.3,2,90469,xskt.com.vn,2026-10-05T23:07:08+07:00
2026-10-02,mn,Trà Vinh,G.2,1,84718,xskt.com.vn,2026-10-05T23:07:08+07:00
2026-10-02,mn,Trà Vinh,G.1,1,59378,xskt.com.vn,2026-10-05T23:07:08+07:00
2026-10-02,mn,Trà Vinh,ĐB,1,886827,xskt.com.vn,2026-10-05T23:07:08+07:00
2026-10-02,mn,Vĩnh Long,G.8,1,40,xskt.com.vn,2026-10-05T23:07:08+07:00
2026-10-02,mn,Vĩnh Long,G.7,1,496,xskt.com.vn,2026-10-05T23:07:08+07:00
2026-10-02,mn,Vĩnh Long,G.6,1,3753,xskt.com.vn,2026-10-05T23:07:08+07:00
2026-10-02,mn,Vĩnh Long,G.6,2,0609,xskt.com.vn,2026-10-05T23:07:08+07:00
2026-10-02,mn,Vĩnh Long,G.6,3,3108,xskt.com.vn,2026-10-05T23:07:08+07:00
2026-10-02,mn,Vĩnh Long,G.5,1,1802,xskt.com.vn,2026-10-05T23:07:08+07:00
2026-10-02,mn,Vĩnh Long,G.4,1,18666,xskt.com.vn,2026-10-05T23:07:08+07:00
2026-10-02,mn,Vĩnh Long,G.4,2,15990,xskt.com.vn,2026-10-05T23:07:08+07:00
2026-10-02,mn,Vĩnh Long,G.4,3,44238,xskt.com.vn,2026-10-05T23:07:08+07:00
2026-10-02,mn,Vĩnh Long,G.4,4,49325,xskt.com.vn,2026-10-05T23:07:08+07:00
2026-10-02,mn,Vĩnh Long,G.4,5,25037,xskt.com.vn,2026-10-05T23:07:08+07:00
2026-10-02,mn,Vĩnh Long,G.4,6,90913,xskt.com.vn,2026-10-05T23:07:08+07:00
2026-10-02,mn,Vĩnh Long,G.4,7,60453,xskt.com.vn,2026-10-05T23:07:08+07:00
2026-10-02,mn,Vĩnh Long,G.3,1,50576,xskt.com.vn,2026-10-05T23:07:08+07:00
2026-10-02,mn,Vĩnh Long,G.3,2,14938,xskt.com.vn,2026-10-05T23:07:08+07:00
2026-10-02,mn,Vĩnh Long,G.2,1,31549,xskt.com.vn,2026-10-05T23:07:08+07:00
2026-10-02,mn,Vĩnh Long,G.1,1,77305,xskt.com.vn,2026-10-05T23:07:08+07:00
2026-10-02,mn,Vĩnh Long,ĐB,1,132697,xskt.com.vn,2026-10-05T23:07:08+07:00
2026-10-03,mn,Bình Phước,G.8,1,49,xskt.com.vn,2026-10-05T23:07:09+07:00
2026-10-03,mn,Bình Phước,G.7,1,741,xskt.com.vn,2026-10-05T23:07:09+07:00
2026-10-03,mn,Bình Phước,G.6,1,7544,xskt.com.vn,2026-10-05T23:07:09+07:00
2026-10-03,mn,Bình Phước,G.6,2,0606,xskt.com.vn,2026-10-05T23:07:09+07:00
2026-10-03,mn,Bình Phước,G.6,3,6071,xskt.com.vn,2026-10-05T23:07:09+07:00
2026-10-03,mn,Bình Phước,G.5,1,7444,xskt.com.vn,2026-10-05T23:07:09+07:00
2026-10-03,mn,Bình Phước,G.4,1,35267,xskt.com.vn,2026-10-05T23:07:09+07:00
2026-10-03,mn,Bình Phước,G.4,2,18383,xskt.com.vn,2026-10-05T23:07:09+07:00
2026-10-03,mn,Bình Phước,G.4,3,37730,xskt.com.vn,2026-10-05T23:07:09+07:00
2026-10-03,mn,Bình Phước,G.4,4,69543,xskt.com.vn,2026-10-05T23:07:09+07:00
2026-10-03,mn,Bình Phước,G.4,5,59420,xskt.com.vn,2026-10-05T23:07:09+07:00
2026-10-03,mn,Bình Phước,G.4,6,35361,xskt.com.vn,2026-10-05T23:07:09+07:00
2026-10-03,mn,Bình Phước,G.4,7,83504,xskt.com.vn,2026-10-05T23:07:09+07:00
2026-10-03,mn,Bình Phước,G.3,1,45155,xskt.com.vn,2026-10-05T23:07:09+07:00
2026-10-03,mn,Bình Phước,G.3,2,68161,xskt.com.vn,2026-10-05T23:07:09+07:00
2026-10-03,mn,Bình Phước,G.2,1,99953,xskt.com.vn,2026-10-05T23:07:09+07:00
2026-10-03,mn,Bình Phước,G.1,1,60169,xskt.com.vn,2026-10-05T23:07:09+07:00
2026-10-03,mn,Bình Phước,ĐB,1,740065,xskt.com.vn,2026-10-05T23:07:09+07:00
2026-10-03,mn,Hậu Giang,G.8,1,41,xskt.com.vn,2026-10-05T23:07:09+07:00
2026-10-03,mn,Hậu Giang,G.7,1,888,xskt.com.vn,2026-10-05T23:07:09+07:00
2026-10-03,mn,Hậu Giang,G.6,1,9994,xskt.com.vn,2026-10-05T23:07:09+07:00
2026-10-03,mn,Hậu Giang,G.6,2,6681,xskt.com.vn,2026-10-05T23:07:09+07:00
2026-10-03,mn,Hậu Giang,G.6,3,7384,xskt.com.vn,2026-10-05T23:07:09+07:00
2026-10-03,mn,Hậu Giang,G.5,1,1883,xskt.com.vn,2026-10-05T23:07:09+07:00
2026-10-03,mn,Hậu Giang,G.4,1,97130,xskt.com.vn,2026-10-05T23:07:09+07:00
2026-10-03,mn,Hậu Giang,G.4,2,35326,xskt.com.vn,2026-10-05T23:07:09+07:00
2026-10-03,mn,Hậu Giang,G.4,3,74520,xskt.com.vn,2026-10-05T23:07:09+07:00
2026-10-03,mn,Hậu Giang,G.4,4,35246,xskt.com.vn,2026-10-05T23:07:09+07:00
2026-10-03,mn,Hậu Giang,G.4,5,01569,xskt.com.vn,2026-10-05T23:07:09+07:00
2026-10-03,mn,Hậu Giang,G.4,6,17530,xskt.com.vn,2026-10-05T23:07:09+07:00
2026-10-03,mn,Hậu Giang,G.4,7,99017,xskt.com.vn,2026-10-05T23:07:09+07:00
2026-10-03,mn,Hậu Giang,G.3,1,59388,xskt.com.vn,2026-10-05T23:07:09+07:00
2026-10-03,mn,Hậu Giang,G.3,2,34380,xskt.com.vn,2026-10-05T23:07:09+07:00
2026-10-03,mn,Hậu Giang,G.2,1,20121,xskt.com.vn,2026-10-05T23:07:09+07:00
2026-10-03,mn,Hậu Giang,G.1,1,28666,xskt.com.vn,2026-10-05T23:07:09+07:00
2026-10-03,mn,Hậu Giang,ĐB,1,383277,xskt.com.vn,2026-10-05T23:07:09+07:00
2026-10-03,mn,Hồ Chí Minh,G.8,1,75,xskt.com.vn,2026-10-05T23:07:09+07:00
2026-10-03,mn,Hồ Chí Minh,G.7,1,357,xskt.com.vn,2026-10-05T23:07:09+07:00
2026-10-03,mn,Hồ Chí Minh,G.6,1,2023,xskt.com.vn,2026-10-05T23:07:09+07:00
2026-10-03,mn,Hồ Chí Minh,G.6,2,6763,xskt.com.vn,2026-10-05T23:07:09+07:00
2026-10-03,mn,Hồ Chí Minh,G.6,3,3163,xskt.com.vn,2026-10-05T23:07:09+07:00
2026-10-03,mn,Hồ Chí Minh,G.5,1,8436,xskt.com.vn,2026-10-05T23:07:09+07:00
2026-10-03,mn,Hồ Chí Minh,G.4,1,75903,xskt.com.vn,2026-10-05T23:07:09+07:00
2026-10-03,mn,Hồ Chí Minh,G.4,2,73649,xskt.com.vn,2026-10-05T23:07:09+07:00
2026-10-03,mn,Hồ Chí Minh,G.4,3,92358,xskt.com.vn,2026-10-05T23:07:09+07:00
2026-10-03,mn,Hồ Chí Minh,G.4,4,47410,xskt.com.vn,2026-10-05T23:07:09+07:00
2026-10-03,mn,Hồ Chí Minh,G.4,5,94976,xskt.com.vn,2026-10-05T23:07:09+07:00
2026-10-03,mn,Hồ Chí Minh,G.4,6,93777,xskt.com.vn,2026-10-05T23:07:09+07:00
2026-10-03,mn,Hồ Chí Minh,G.4,7,07633,xskt.com.vn,2026-10-05T23:07:09+07:00
2026-10-03,mn,Hồ Chí Minh,G.3,1,79828,xskt.com.vn,2026-10-05T23:07:09+07:00
2026-10-03,mn,Hồ Chí Minh,G.3,2,43422,xskt.com.vn,2026-10-05T23:07:09+07:00
2026-10-03,mn,Hồ Chí Minh,G.2,1,21871,xskt.com.vn,2026-10-05T23:07:09+07:00
2026-10-03,mn,Hồ Chí Minh,G.1,1,17459,xskt.com.vn,2026-10-05T23:07:09+07:00
2026-10-03,mn,Hồ Chí Minh,ĐB,1,660851,xskt.com.vn,2026-10-05T23:07:09+07:00
2026-10-03,mn,Long An,G.8,1,40,xskt.com.vn,2026-10-05T23:07:09+07:00
2026-10-03,mn,Long An,G.7,1,538,xskt.com.vn,2026-10-05T23:07:09+07:00
2026-10-03,mn,Long An,G.6,1,5441,xskt.com.vn,2026-10-05T23:07:09+07:00
2026-10-03,mn,Long An,G.6,2,7601,xskt.com.vn,2026-10-05T23:07:09+07:00
2026-10-03,mn,Long An,G.6,3,4399,xskt.com.vn,2026-10-05T23:07:09+07:00
2026-10-03,mn,Long An,G.5,1,7181,xskt.com.vn,2026-10-05T23:07:09+07:00
2026-10-03,mn,Long An,G.4,1,21809,xskt.com.vn,2026-10-05T23:07:09+07:00
2026-10-03,mn,Long An,G.4,2,09422,xskt.com.vn,2026-10-05T23:07:09+07:00
2026-10-03,mn,Long An,G.4,3,79871,xskt.com.vn,2026-10-05T23:07:09+07:00
2026-10-03,mn,Long An,G.4,4,92257,xskt.com.vn,2026-10-05T23:07:09+07:00
2026-10-03,mn,Long An,G.4,5,52381,xskt.com.vn,2026-10-05T23:07:09+07:00
2026-10-03,mn,Long An,G.4,6,55307,xskt.com.vn,2026-10-05T23:07:09+07:00
2026-10-03,mn,Long An,G.4,7,74890,xskt.com.vn,2026-10-05T23:07:09+07:00
2026-10-03,mn,Long An,G.3,1,04451,xskt.com.vn,2026-10-05T23:07:09+07:00
2026-10-03,mn,Long An,G.3,2,24486,xskt.com.vn,2026-10-05T23:07:09+07:00
2026-10-03,mn,Long An,G.2,1,66353,xskt.com.vn,2026-10-05T23:07:09+07:00
2026-10-03,mn,Long An,G.1,1,43348,xskt.com.vn,2026-10-05T23:07:09+07:00
2026-10-03,mn,Long An,ĐB,1,018356,xskt.com.vn,2026-10-05T23:07:09+07:00
2026-10-04,mn,Kiên Giang,G.8,1,31,xskt.com.vn,2026-10-05T23:07:09+07:00
2026-10-04,mn,Kiên Giang,G.7,1,169,xskt.com.vn,2026-10-05T23:07:09+07:00
2026-10-04,mn,Kiên Giang,G.6,1,2582,xskt.com.vn,2026-10-05T23:07:09+07:00
2026-10-04,mn,Kiên Giang,G.6,2,1802,xskt.com.vn,2026-10-05T23:07:09+07:00
2026-10-04,mn,Kiên Giang,G.6,3,8238,xskt.com.vn,2026-10-05T23:07:09+07:00
2026-10-04,mn,Kiên Giang,G.5,1,2070,xskt.com.vn,2026-10-05T23:07:09+07:00
2026-10-04,mn,Kiên Giang,G.4,1,62275,xskt.com.vn,2026-10-05T23:07:09+07:00
2026-10-04,mn,Kiên Giang,G.4,2,61137,xskt.com.vn,2026-10-05T23:07:09+07:00
2026-10-04,mn,Kiên Giang,G.4,3,55861,xskt.com.vn,2026-10-05T23:07:09+07:00
2026-10-04,mn,Kiên Giang,G.4,4,03439,xskt.com.vn,2026-10-05T23:07:09+07:00
2026-10-04,mn,Kiên Giang,G.4,5,86553,xskt.com.vn,2026-10-05T23:07:09+07:00
2026-10-04,mn,Kiên Giang,G.4,6,27442,xskt.com.vn,2026-10-05T23:07:09+07:00
2026-10-04,mn,Kiên Giang,G.4,7,28060,xskt.com.vn,2026-10-05T23:07:09+07:00
2026-10-04,mn,Kiên Giang,G.3,1,57942,xskt.com.vn,2026-10-05T23:07:09+07:00
2026-10-04,mn,Kiên Giang,G.3,2,26035,xskt.com.vn,2026-10-05T23:07:09+07:00
2026-10-04,mn,Kiên Giang,G.2,1,15566,xskt.com.vn,2026-10-05T23:07:09+07:00
2026-10-04,mn,Kiên Giang,G.1,1,82009,xskt.com.vn,2026-10-05T23:07:09+07:00
2026-10-04,mn,Kiên Giang,ĐB,1,062977,xskt.com.vn,2026-10-05T23:07:09+07:00
2026-10-04,mn,Tiền Giang,G.8,1,75,xskt.com.vn,2026-10-05T23:07:09+07:00
2026-10-04,mn,Tiền Giang,G.7,1,481,xskt.com.vn,2026-10-05T23:07:09+07:00
2026-10-04,mn,Tiền Giang,G.6,1,3046,xskt.com.vn,2026-10-05T23:07:09+07:00
2026-10-04,mn,Tiền Giang,G.6,2,3286,xskt.com.vn,2026-10-05T23:07:09+07:00
2026-10-04,mn,Tiền Giang,G.6,3,1401,xskt.com.vn,2026-10-05T23:07:09+07:00
2026-10-04,mn,Tiền Giang,G.5,1,0775,xskt.com.vn,2026-10-05T23:07:09+07:00
2026-10-04,mn,Tiền Giang,G.4,1,26223,xskt.com.vn,2026-10-05T23:07:09+07:00
2026-10-04,mn,Tiền Giang,G.4,2,06148,xskt.com.vn,2026-10-05T23:07:09+07:00
2026-10-04,mn,Tiền Giang,G.4,3,95880,xskt.com.vn,2026-10-05T23:07:09+07:00
2026-10-04,mn,Tiền Giang,G.4,4,97385,xskt.com.vn,2026-10-05T23:07:09+07:00
2026-10-04,mn,Tiền Giang,G.4,5,15416,xskt.com.vn,2026-10-05T23:07:09+07:00
2026-10-04,mn,Tiền Giang,G.4,6,05787,xskt.com.vn,2026-10-05T23:07:09+07:00
2026-10-04,mn,Tiền Giang,G.4,7,79132,xskt.com.vn,2026-10-05T23:07:09+07:00
2026-10-04,mn,Tiền Giang,G.3,1,41566,xskt.com.vn,2026-10-05T23:07:09+07:00
2026-10-04,mn,Tiền Giang,G.3,2,63764,xskt.com.vn,2026-10-05T23:07:09+07:00
2026-10-04,mn,Tiền Giang,G.2,1,67524,xskt.com.vn,2026-10-05T23:07:09+07:00
2026-10-04,mn,Tiền Giang,G.1,1,78227,xskt.com.vn,2026-10-05T23:07:09+07:00
2026-10-04,mn,Tiền Giang,ĐB,1,668674,xskt.com.vn,2026-10-05T23:07:09+07:00
2026-10-04,mn,Đà Lạt,G.8,1,71,xskt.com.vn,2026-10-05T23:07:09+07:00
2026-10-04,mn,Đà Lạt,G.7,1,325,xskt.com.vn,2026-10-05T23:07:09+07:00
2026-10-04,mn,Đà Lạt,G.6,1,2977,xskt.com.vn,2026-10-05T23:07:09+07:00
2026-10-04,mn,Đà Lạt,G.6,2,0361,xskt.com.vn,2026-10-05T23:07:09+07:00
2026-10-04,mn,Đà Lạt,G.6,3,9980,xskt.com.vn,2026-10-05T23:07:09+07:00
2026-10-04,mn,Đà Lạt,G.5,1,3196,xskt.com.vn,2026-10-05T23:07:09+07:00
2026-10-04,mn,Đà Lạt,G.4,1,12165,xskt.com.vn,2026-10-05T23:07:09+07:00
2026-10-04,mn,Đà Lạt,G.4,2,32789,xskt.com.vn,2026-10-05T23:07:09+07:00
2026-10-04,mn,Đà Lạt,G.4,3,25954,xskt.com.vn,2026-10-05T23:07:09+07:00
2026-10-04,mn,Đà Lạt,G.4,4,94747,xskt.com.vn,2026-10-05T23:07:09+07:00
2026-10-04,mn,Đà Lạt,G.4,5,14092,xskt.com.vn,2026-10-05T23:07:09+07:00
2026-10-04,mn,Đà Lạt,G.4,6,16120,xskt.com.vn,2026-10-05T23:07:09+07:00
2026-10-04,mn,Đà Lạt,G.4,7,39733,xskt.com.vn,2026-10-05T23:07:09+07:00
2026-10-04,mn,Đà Lạt,G.3,1,81218,xskt.com.vn,2026-10-05T23:07:09+07:00
2026-10-04,mn,Đà Lạt,G.3,2,42573,xskt.com.vn,2026-10-05T23:07:09+07:00
2026-10-04,mn,Đà Lạt,G.2,1,67332,xskt.com.vn,2026-10-05T23:07:09+07:00
2026-10-04,mn,Đà Lạt,G.1,1,44605,xskt.com.vn,2026-10-05T23:07:09+07:00
2026-10-04,mn,Đà Lạt,ĐB,1,239681,xskt.com.vn,2026-10-05T23:07:09+07:00
2026-10-05,mn,Cà Mau,G.8,1,79,xskt.com.vn,2026-10-05T23:07:10+07:00
2026-10-05,mn,Cà Mau,G.7,1,082,xskt.com.vn,2026-10-05T23:07:10+07:00
2026-10-05,mn,Cà Mau,G.6,1,1709,xskt.com.vn,2026-10-05T23:07:10+07:00
2026-10-05,mn,Cà Mau,G.6,2,3942,xskt.com.vn,2026-10-05T23:07:10+07:00
2026-10-05,mn,Cà Mau,G.6,3,7583,xskt.com.vn,2026-10-05T23:07:10+07:00
2026-10-05,mn,Cà Mau,G.5,1,1065,xskt.com.vn,2026-10-05T23:07:10+07:00
2026-10-05,mn,Cà Mau,G.4,1,97520,xskt.com.vn,2026-10-05T23:07:10+07:00
2026-10-05,mn,Cà Mau,G.4,2,03798,xskt.com.vn,2026-10-05T23:07:10+07:00
2026-10-05,mn,Cà Mau,G.4,3,19769,xskt.com.vn,2026-10-05T23:07:10+07:00
2026-10-05,mn,Cà Mau,G.4,4,76864,xskt.com.vn,2026-10-05T23:07:10+07:00
2026-10-05,mn,Cà Mau,G.4,5,63335,xskt.com.vn,2026-10-05T23:07:10+07:00
2026-10-05,mn,Cà Mau,G.4,6,73120,xskt.com.vn,2026-10-05T23:07:10+07:00
2026-10-05,mn,Cà Mau,G.4,7,67518,xskt.com.vn,2026-10-05T23:07:10+07:00
2026-10-05,mn,Cà Mau,G.3,1,20865,xskt.com.vn,2026-10-05T23:07:10+07:00
2026-10-05,mn,Cà Mau,G.3,2,43533,xskt.com.vn,2026-10-05T23:07:10+07:00
2026-10-05,mn,Cà Mau,G.2,1,02682,xskt.com.vn,2026-10-05T23:07:10+07:00
2026-10-05,mn,Cà Mau,G.1,1,00496,xskt.com.vn,2026-10-05T23:07:10+07:00
2026-10-05,mn,Cà Mau,ĐB,1,030118,xskt.com.vn,2026-10-05T23:07:10+07:00
2026-10-05,mn,Hồ Chí Minh,G.8,1,59,xskt.com.vn,2026-10-05T23:07:10+07:00
2026-10-05,mn,Hồ Chí Minh,G.7,1,674,xskt.com.vn,2026-10-05T23:07:10+07:00
2026-10-05,mn,Hồ Chí Minh,G.6,1,6709,xskt.com.vn,2026-10-05T23:07:10+07:00
2026-10-05,mn,Hồ Chí Minh,G.6,2,6519,xskt.com.vn,2026-10-05T23:07:10+07:00
2026-10-05,mn,Hồ Chí Minh,G.6,3,9382,xskt.com.vn,2026-10-05T23:07:10+07:00
2026-10-05,mn,Hồ Chí Minh,G.5,1,2393,xskt.com.vn,2026-10-05T23:07:10+07:00
2026-10-05,mn,Hồ Chí Minh,G.4,1,44118,xskt.com.vn,2026-10-05T23:07:10+07:00
2026-10-05,mn,Hồ Chí Minh,G.4,2,39055,xskt.com.vn,2026-10-05T23:07:10+07:00
2026-10-05,mn,Hồ Chí Minh,G.4,3,75974,xskt.com.vn,2026-10-05T23:07:10+07:00
2026-10-05,mn,Hồ Chí Minh,G.4,4,55336,xskt.com.vn,2026-10-05T23:07:10+07:00
2026-10-05,mn,Hồ Chí Minh,G.4,5,55027,xskt.com.vn,2026-10-05T23:07:10+07:00
2026-10-05,mn,Hồ Chí Minh,G.4,6,70253,xskt.com.vn,2026-10-05T23:07:10+07:00
2026-10-05,mn,Hồ Chí Minh,G.4,7,03612,xskt.com.vn,2026-10-05T23:07:10+07:00
2026-10-05,mn,Hồ Chí Minh,G.3,1,99092,xskt.com.vn,2026-10-05T23:07:10+07:00
2026-10-05,mn,Hồ Chí Minh,G.3,2,75676,xskt.com.vn,2026-10-05T23:07:10+07:00
2026-10-05,mn,Hồ Chí Minh,G.2,1,10842,xskt.com.vn,2026-10-05T23:07:10+07:00
2026-10-05,mn,Hồ Chí Minh,G.1,1,99882,xskt.com.vn,2026-10-05T23:07:10+07:00
2026-10-05,mn,Hồ Chí Minh,ĐB,1,750136,xskt.com.vn,2026-10-05T23:07:10+07:00
2026-10-05,mn,Đồng Tháp,G.8,1,19,xskt.com.vn,2026-10-05T23:07:10+07:00
2026-10-05,mn,Đồng Tháp,G.7,1,782,xskt.com.vn,2026-10-05T23:07:10+07:00
2026-10-05,mn,Đồng Tháp,G.6,1,2499,xskt.com.vn,2026-10-05T23:07:10+07:00
2026-10-05,mn,Đồng Tháp,G.6,2,5857,xskt.com.vn,2026-10-05T23:07:10+07:00
2026-10-05,mn,Đồng Tháp,G.6,3,0033,xskt.com.vn,2026-10-05T23:07:10+07:00
2026-10-05,mn,Đồng Tháp,G.5,1,1490,xskt.com.vn,2026-10-05T23:07:10+07:00
2026-10-05,mn,Đồng Tháp,G.4,1,44390,xskt.com.vn,2026-10-05T23:07:10+07:00
2026-10-05,mn,Đồng Tháp,G.4,2,56294,xskt.com.vn,2026-10-05T23:07:10+07:00
2026-10-05,mn,Đồng Tháp,G.4,3,00393,xskt.com.vn,2026-10-05T23:07:10+07:00
2026-10-05,mn,Đồng Tháp,G.4,4,49150,xskt.com.vn,2026-10-05T23:07:10+07:00
2026-10-05,mn,Đồng Tháp,G.4,5,45158,xskt.com.vn,2026-10-05T23:07:10+07:00
2026-10-05,mn,Đồng Tháp,G.4,6,81012,xskt.com.vn,2026-10-05T23:07:10+07:00
2026-10-05,mn,Đồng Tháp,G.4,7,08550,xskt.com.vn,2026-10-05T23:07:10+07:00
2026-10-05,mn,Đồng Tháp,G.3,1,15175,xskt.com.vn,2026-10-05T23:07:10+07:00
2026-10-05,mn,Đồng Tháp,G.3,2,56449,xskt.com.vn,2026-10-05T23:07:10+07:00
2026-10-05,mn,Đồng Tháp,G.2,1,37527,xskt.com.vn,2026-10-05T23:07:10+07:00
2026-10-05,mn,Đồng Tháp,G.1,1,73680,xskt.com.vn,2026-10-05T23:07:10+07:00
2026-10-05,mn,Đồng Tháp,ĐB,1,555738,xskt.com.vn,2026-10-05T23:07:10+07:00
