mode,model,target_date,logloss,brier
loto,hang_so,2023-12-26,0.55108726,0.18240267
loto,hang_so,2023-12-27,0.51623774,0.16670471
loto,hang_so,2023-12-28,0.53947075,0.17717001
loto,hang_so,2023-12-29,0.55108726,0.18240267
loto,hang_so,2023-12-30,0.56270376,0.18763532
loto,hang_so,2023-12-31,0.52785424,0.17193736
loto,hang_so,2024-01-01,0.55108726,0.18240267
loto,hang_so,2024-01-02,0.55108726,0.18240267
loto,hang_so,2024-01-03,0.56270376,0.18763532
loto,hang_so,2024-01-04,0.57432027,0.19286797
loto,hang_so,2024-01-05,0.52785424,0.17193736
loto,hang_so,2024-01-06,0.51623774,0.16670471
loto,hang_so,2024-01-07,0.55108726,0.18240267
loto,hang_so,2024-01-08,0.56270376,0.18763532
loto,hang_so,2024-01-09,0.53947075,0.17717001
loto,hang_so,2024-01-10,0.56270376,0.18763532
loto,hang_so,2024-01-11,0.55108726,0.18240267
loto,hang_so,2024-01-12,0.56270376,0.18763532
loto,hang_so,2024-01-13,0.52785424,0.17193736
loto,hang_so,2024-01-14,0.55108726,0.18240267
loto,hang_so,2024-01-15,0.55108726,0.18240267
loto,hang_so,2024-01-16,0.53947075,0.17717001
loto,hang_so,2024-01-17,0.58593678,0.19810062
loto,hang_so,2024-01-18,0.55108726,0.18240267
loto,hang_so,2024-01-19,0.57432027,0.19286797
loto,hang_so,2024-01-20,0.52785424,0.17193736
loto,hang_so,2024-01-21,0.56270376,0.18763532
loto,hang_so,2024-01-22,0.57432027,0.19286797
loto,hang_so,2024-01-23,0.52785424,0.17193736
loto,hang_so,2024-01-24,0.58593678,0.19810062
loto,hang_so,2024-01-25,0.57432027,0.19286797
loto,hang_so,2024-01-26,0.55108726,0.18240267
loto,hang_so,2024-01-27,0.53947075,0.17717001
loto,hang_so,2024-01-28,0.56270376,0.18763532
loto,hang_so,2024-01-29,0.52785424,0.17193736
loto,hang_so,2024-01-30,0.53947075,0.17717001
loto,hang_so,2024-01-31,0.52785424,0.17193736
loto,hang_so,2024-02-01,0.52785424,0.17193736
loto,hang_so,2024-02-02,0.55108726,0.18240267
loto,hang_so,2024-02-03,0.53947075,0.17717001
loto,hang_so,2024-02-04,0.55108726,0.18240267
loto,hang_so,2024-02-05,0.55108726,0.18240267
loto,hang_so,2024-02-06,0.57432027,0.19286797
loto,hang_so,2024-02-07,0.52785424,0.17193736
loto,hang_so,2024-02-08,0.51623774,0.16670471
loto,hang_so,2024-02-14,0.51623774,0.16670471
loto,hang_so,2024-02-15,0.56270376,0.18763532
loto,hang_so,2024-02-16,0.51623774,0.16670471
loto,hang_so,2024-02-17,0.55108726,0.18240267
loto,hang_so,2024-02-18,0.57432276,0.19286887
loto,hang_so,2024-02-19,0.52785213,0.17193660
loto,hang_so,2024-02-20,0.57432276,0.19286887
loto,hang_so,2024-02-21,0.53946979,0.17716967
loto,hang_so,2024-02-22,0.56270510,0.18763580
loto,hang_so,2024-02-23,0.56270510,0.18763580
loto,hang_so,2024-02-24,0.56270510,0.18763580
loto,hang_so,2024-02-25,0.50461681,0.16147046
loto,hang_so,2024-02-26,0.56270510,0.18763580
loto,hang_so,2024-02-27,0.55108745,0.18240273
loto,hang_so,2024-02-28,0.55108745,0.18240273
loto,hang_so,2024-02-29,0.55108745,0.18240273
loto,hang_so,2024-03-01,0.56270510,0.18763580
loto,hang_so,2024-03-02,0.52785213,0.17193660
loto,hang_so,2024-03-03,0.55108745,0.18240273
loto,hang_so,2024-03-04,0.53946979,0.17716967
loto,hang_so,2024-03-05,0.51623447,0.16670353
loto,hang_so,2024-03-06,0.53946979,0.17716967
loto,hang_so,2024-03-07,0.52785213,0.17193660
loto,hang_so,2024-03-08,0.52785213,0.17193660
loto,hang_so,2024-03-09,0.51623447,0.16670353
loto,hang_so,2024-03-10,0.56270510,0.18763580
loto,hang_so,2024-03-11,0.55108745,0.18240273
loto,hang_so,2024-03-12,0.55108745,0.18240273
loto,hang_so,2024-03-13,0.53946979,0.17716967
loto,hang_so,2024-03-14,0.52785213,0.17193660
loto,hang_so,2024-03-15,0.57432276,0.19286887
loto,hang_so,2024-03-16,0.56270510,0.18763580
loto,hang_so,2024-03-17,0.55108745,0.18240273
loto,hang_so,2024-03-18,0.52785213,0.17193660
loto,hang_so,2024-03-19,0.56270510,0.18763580
loto,hang_so,2024-03-20,0.55108745,0.18240273
loto,hang_so,2024-03-21,0.55108745,0.18240273
loto,hang_so,2024-03-22,0.51623447,0.16670353
loto,hang_so,2024-03-23,0.55108745,0.18240273
loto,hang_so,2024-03-24,0.57432276,0.19286887
loto,hang_so,2024-03-25,0.55108745,0.18240273
loto,hang_so,2024-03-26,0.55108745,0.18240273
loto,hang_so,2024-03-27,0.52785213,0.17193660
loto,hang_so,2024-03-28,0.56270510,0.18763580
loto,hang_so,2024-03-29,0.55108745,0.18240273
loto,hang_so,2024-03-30,0.53946979,0.17716967
loto,hang_so,2024-03-31,0.55108745,0.18240273
loto,hang_so,2024-04-01,0.53946979,0.17716967
loto,hang_so,2024-04-02,0.55108745,0.18240273
loto,hang_so,2024-04-03,0.52785213,0.17193660
loto,hang_so,2024-04-04,0.50461681,0.16147046
loto,hang_so,2024-04-05,0.55108745,0.18240273
loto,hang_so,2024-04-06,0.53946979,0.17716967
loto,hang_so,2024-04-07,0.56270510,0.18763580
loto,hang_so,2024-04-08,0.53946789,0.17716898
loto,hang_so,2024-04-09,0.51622802,0.16670119
loto,hang_so,2024-04-10,0.55108783,0.18240287
loto,hang_so,2024-04-11,0.53946789,0.17716898
loto,hang_so,2024-04-12,0.52784796,0.17193508
loto,hang_so,2024-04-13,0.55108783,0.18240287
loto,hang_so,2024-04-14,0.53946789,0.17716898
loto,hang_so,2024-04-15,0.56270776,0.18763677
loto,hang_so,2024-04-16,0.56270776,0.18763677
loto,hang_so,2024-04-17,0.53946789,0.17716898
loto,hang_so,2024-04-18,0.57432770,0.19287066
loto,hang_so,2024-04-19,0.53946789,0.17716898
loto,hang_so,2024-04-20,0.50460809,0.16146729
loto,hang_so,2024-04-21,0.53946789,0.17716898
loto,hang_so,2024-04-22,0.55108783,0.18240287
loto,hang_so,2024-04-23,0.56270776,0.18763677
loto,hang_so,2024-04-24,0.53946789,0.17716898
loto,hang_so,2024-04-25,0.55108783,0.18240287
loto,hang_so,2024-04-26,0.55108783,0.18240287
loto,hang_so,2024-04-27,0.58594763,0.19810456
loto,hang_so,2024-04-28,0.55108783,0.18240287
loto,hang_so,2024-04-29,0.57432770,0.19287066
loto,hang_so,2024-04-30,0.56270776,0.18763677
loto,hang_so,2024-05-01,0.56270776,0.18763677
loto,hang_so,2024-05-02,0.55108783,0.18240287
loto,hang_so,2024-05-03,0.52784796,0.17193508
loto,hang_so,2024-05-04,0.57432770,0.19287066
loto,hang_so,2024-05-05,0.51622802,0.16670119
loto,hang_so,2024-05-06,0.56270776,0.18763677
loto,hang_so,2024-05-07,0.55108783,0.18240287
loto,hang_so,2024-05-08,0.55108783,0.18240287
loto,hang_so,2024-05-09,0.58594763,0.19810456
loto,hang_so,2024-05-10,0.55108783,0.18240287
loto,hang_so,2024-05-11,0.53946789,0.17716898
loto,hang_so,2024-05-12,0.58594763,0.19810456
loto,hang_so,2024-05-13,0.55108783,0.18240287
loto,hang_so,2024-05-14,0.56270776,0.18763677
loto,hang_so,2024-05-15,0.55108783,0.18240287
loto,hang_so,2024-05-16,0.52784796,0.17193508
loto,hang_so,2024-05-17,0.50460809,0.16146729
loto,hang_so,2024-05-18,0.53946789,0.17716898
loto,hang_so,2024-05-19,0.52784796,0.17193508
loto,hang_so,2024-05-20,0.55108783,0.18240287
loto,hang_so,2024-05-21,0.56270776,0.18763677
loto,hang_so,2024-05-22,0.55108783,0.18240287
loto,hang_so,2024-05-23,0.57432770,0.19287066
loto,hang_so,2024-05-24,0.56270776,0.18763677
loto,hang_so,2024-05-25,0.53946789,0.17716898
loto,hang_so,2024-05-26,0.52784796,0.17193508
loto,hang_so,2024-05-27,0.55108783,0.18240287
loto,hang_so,2024-05-28,0.53946796,0.17716900
loto,hang_so,2024-05-29,0.57432753,0.19287060
loto,hang_so,2024-05-30,0.53946796,0.17716900
loto,hang_so,2024-05-31,0.56270767,0.18763673
loto,hang_so,2024-06-01,0.52784810,0.17193513
loto,hang_so,2024-06-02,0.58594739,0.19810447
loto,hang_so,2024-06-03,0.55108781,0.18240287
loto,hang_so,2024-06-04,0.55108781,0.18240287
loto,hang_so,2024-06-05,0.56270767,0.18763673
loto,hang_so,2024-06-06,0.52784810,0.17193513
loto,hang_so,2024-06-07,0.57432753,0.19287060
loto,hang_so,2024-06-08,0.56270767,0.18763673
loto,hang_so,2024-06-09,0.51622824,0.16670127
loto,hang_so,2024-06-10,0.58594739,0.19810447
loto,hang_so,2024-06-11,0.57432753,0.19287060
loto,hang_so,2024-06-12,0.57432753,0.19287060
loto,hang_so,2024-06-13,0.55108781,0.18240287
loto,hang_so,2024-06-14,0.56270767,0.18763673
loto,hang_so,2024-06-15,0.55108781,0.18240287
loto,hang_so,2024-06-16,0.55108781,0.18240287
loto,hang_so,2024-06-17,0.56270767,0.18763673
loto,hang_so,2024-06-18,0.55108781,0.18240287
loto,hang_so,2024-06-19,0.56270767,0.18763673
loto,hang_so,2024-06-20,0.52784810,0.17193513
loto,hang_so,2024-06-21,0.56270767,0.18763673
loto,hang_so,2024-06-22,0.55108781,0.18240287
loto,hang_so,2024-06-23,0.53946796,0.17716900
loto,hang_so,2024-06-24,0.55108781,0.18240287
loto,hang_so,2024-06-25,0.56270767,0.18763673
loto,hang_so,2024-06-26,0.52784810,0.17193513
loto,hang_so,2024-06-27,0.55108781,0.18240287
loto,hang_so,2024-06-28,0.56270767,0.18763673
loto,hang_so,2024-06-29,0.56270767,0.18763673
loto,hang_so,2024-06-30,0.52784810,0.17193513
loto,hang_so,2024-07-01,0.55108781,0.18240287
loto,hang_so,2024-07-02,0.53946796,0.17716900
loto,hang_so,2024-07-03,0.53946796,0.17716900
loto,hang_so,2024-07-04,0.56270767,0.18763673
loto,hang_so,2024-07-05,0.57432753,0.19287060
loto,hang_so,2024-07-06,0.56270767,0.18763673
loto,hang_so,2024-07-07,0.57432753,0.19287060
loto,hang_so,2024-07-08,0.57432753,0.19287060
loto,hang_so,2024-07-09,0.52784810,0.17193513
loto,hang_so,2024-07-10,0.55108781,0.18240287
loto,hang_so,2024-07-11,0.55108781,0.18240287
loto,hang_so,2024-07-12,0.53946796,0.17716900
loto,hang_so,2024-07-13,0.52784810,0.17193513
loto,hang_so,2024-07-14,0.55108781,0.18240287
loto,hang_so,2024-07-15,0.53946796,0.17716900
loto,hang_so,2024-07-16,0.55108781,0.18240287
loto,hang_so,2024-07-17,0.57432179,0.19286852
loto,hang_so,2024-07-18,0.56270458,0.18763561
loto,hang_so,2024-07-19,0.55108737,0.18240271
loto,hang_so,2024-07-20,0.57432179,0.19286852
loto,hang_so,2024-07-21,0.52785296,0.17193690
loto,hang_so,2024-07-22,0.53947016,0.17716980
loto,hang_so,2024-07-23,0.57432179,0.19286852
loto,hang_so,2024-07-24,0.56270458,0.18763561
loto,hang_so,2024-07-25,0.56270458,0.18763561
loto,hang_so,2024-07-26,0.56270458,0.18763561
loto,hang_so,2024-07-27,0.55108737,0.18240271
loto,hang_so,2024-07-28,0.52785296,0.17193690
loto,hang_so,2024-07-29,0.52785296,0.17193690
loto,hang_so,2024-07-30,0.55108737,0.18240271
loto,hang_so,2024-07-31,0.55108737,0.18240271
loto,hang_so,2024-08-01,0.52785296,0.17193690
loto,hang_so,2024-08-02,0.55108737,0.18240271
loto,hang_so,2024-08-03,0.55108737,0.18240271
loto,hang_so,2024-08-04,0.56270458,0.18763561
loto,hang_so,2024-08-05,0.55108737,0.18240271
loto,hang_so,2024-08-06,0.55108737,0.18240271
loto,hang_so,2024-08-07,0.51623575,0.16670399
loto,hang_so,2024-08-08,0.53947016,0.17716980
loto,hang_so,2024-08-09,0.58593899,0.19810142
loto,hang_so,2024-08-10,0.53947016,0.17716980
loto,hang_so,2024-08-11,0.52785296,0.17193690
loto,hang_so,2024-08-12,0.56270458,0.18763561
loto,hang_so,2024-08-13,0.56270458,0.18763561
loto,hang_so,2024-08-14,0.53947016,0.17716980
loto,hang_so,2024-08-15,0.55108737,0.18240271
loto,hang_so,2024-08-16,0.56270458,0.18763561
loto,hang_so,2024-08-17,0.51623575,0.16670399
loto,hang_so,2024-08-18,0.52785296,0.17193690
loto,hang_so,2024-08-19,0.55108737,0.18240271
loto,hang_so,2024-08-20,0.55108737,0.18240271
loto,hang_so,2024-08-21,0.57432179,0.19286852
loto,hang_so,2024-08-22,0.57432179,0.19286852
loto,hang_so,2024-08-23,0.51623575,0.16670399
loto,hang_so,2024-08-24,0.53947016,0.17716980
loto,hang_so,2024-08-25,0.58593899,0.19810142
loto,hang_so,2024-08-26,0.55108737,0.18240271
loto,hang_so,2024-08-27,0.56270458,0.18763561
loto,hang_so,2024-08-28,0.58593899,0.19810142
loto,hang_so,2024-08-29,0.52785296,0.17193690
loto,hang_so,2024-08-30,0.58593899,0.19810142
loto,hang_so,2024-08-31,0.57432179,0.19286852
loto,hang_so,2024-09-01,0.53947016,0.17716980
loto,hang_so,2024-09-02,0.50461854,0.16147109
loto,hang_so,2024-09-03,0.57432179,0.19286852
loto,hang_so,2024-09-04,0.56270458,0.18763561
loto,hang_so,2024-09-05,0.52785623,0.17193809
loto,hang_so,2024-09-06,0.53947166,0.17717034
loto,hang_so,2024-09-07,0.56270251,0.18763486
loto,hang_so,2024-09-08,0.50462538,0.16147357
loto,hang_so,2024-09-09,0.53947166,0.17717034
loto,hang_so,2024-09-10,0.53947166,0.17717034
loto,hang_so,2024-09-11,0.55108708,0.18240260
loto,hang_so,2024-09-12,0.53947166,0.17717034
loto,hang_so,2024-09-13,0.56270251,0.18763486
loto,hang_so,2024-09-14,0.52785623,0.17193809
loto,hang_so,2024-09-15,0.52785623,0.17193809
loto,hang_so,2024-09-16,0.56270251,0.18763486
loto,hang_so,2024-09-17,0.56270251,0.18763486
loto,hang_so,2024-09-18,0.55108708,0.18240260
loto,hang_so,2024-09-19,0.57431793,0.19286712
loto,hang_so,2024-09-20,0.55108708,0.18240260
loto,hang_so,2024-09-21,0.53947166,0.17717034
loto,hang_so,2024-09-22,0.58593336,0.19809938
loto,hang_so,2024-09-23,0.51624080,0.16670583
loto,hang_so,2024-09-24,0.57431793,0.19286712
loto,hang_so,2024-09-25,0.51624080,0.16670583
loto,hang_so,2024-09-26,0.55108708,0.18240260
loto,hang_so,2024-09-27,0.56270251,0.18763486
loto,hang_so,2024-09-28,0.53947166,0.17717034
loto,hang_so,2024-09-29,0.55108708,0.18240260
loto,hang_so,2024-09-30,0.53947166,0.17717034
loto,hang_so,2024-10-01,0.53947166,0.17717034
loto,hang_so,2024-10-02,0.55108708,0.18240260
loto,hang_so,2024-10-03,0.55108708,0.18240260
loto,hang_so,2024-10-04,0.52785623,0.17193809
loto,hang_so,2024-10-05,0.53947166,0.17717034
loto,hang_so,2024-10-06,0.57431793,0.19286712
loto,hang_so,2024-10-07,0.56270251,0.18763486
loto,hang_so,2024-10-08,0.53947166,0.17717034
loto,hang_so,2024-10-09,0.55108708,0.18240260
loto,hang_so,2024-10-10,0.52785623,0.17193809
loto,hang_so,2024-10-11,0.55108708,0.18240260
loto,hang_so,2024-10-12,0.53947166,0.17717034
loto,hang_so,2024-10-13,0.53947166,0.17717034
loto,hang_so,2024-10-14,0.53947166,0.17717034
loto,hang_so,2024-10-15,0.56270251,0.18763486
loto,hang_so,2024-10-16,0.51624080,0.16670583
loto,hang_so,2024-10-17,0.55108708,0.18240260
loto,hang_so,2024-10-18,0.52785623,0.17193809
loto,hang_so,2024-10-19,0.52785623,0.17193809
loto,hang_so,2024-10-20,0.52785623,0.17193809
loto,hang_so,2024-10-21,0.57431793,0.19286712
loto,hang_so,2024-10-22,0.55108708,0.18240260
loto,hang_so,2024-10-23,0.58593336,0.19809938
loto,hang_so,2024-10-24,0.52785623,0.17193809
loto,hang_so,2024-10-25,0.56270522,0.18763585
loto,hang_so,2024-10-26,0.52785194,0.17193653
loto,hang_so,2024-10-27,0.53946970,0.17716963
loto,hang_so,2024-10-28,0.56270522,0.18763585
loto,hang_so,2024-10-29,0.53946970,0.17716963
loto,hang_so,2024-10-30,0.55108746,0.18240274
loto,hang_so,2024-10-31,0.53946970,0.17716963
loto,hang_so,2024-11-01,0.53946970,0.17716963
loto,hang_so,2024-11-02,0.53946970,0.17716963
loto,hang_so,2024-11-03,0.53946970,0.17716963
loto,hang_so,2024-11-04,0.55108746,0.18240274
loto,hang_so,2024-11-05,0.52785194,0.17193653
loto,hang_so,2024-11-06,0.53946970,0.17716963
loto,hang_so,2024-11-07,0.55108746,0.18240274
loto,hang_so,2024-11-08,0.57432299,0.19286895
loto,hang_so,2024-11-09,0.53946970,0.17716963
loto,hang_so,2024-11-10,0.55108746,0.18240274
loto,hang_so,2024-11-11,0.58594075,0.19810206
loto,hang_so,2024-11-12,0.53946970,0.17716963
loto,hang_so,2024-11-13,0.52785194,0.17193653
loto,hang_so,2024-11-14,0.52785194,0.17193653
loto,hang_so,2024-11-15,0.56270522,0.18763585
loto,hang_so,2024-11-16,0.55108746,0.18240274
loto,hang_so,2024-11-17,0.55108746,0.18240274
loto,hang_so,2024-11-18,0.55108746,0.18240274
loto,hang_so,2024-11-19,0.52785194,0.17193653
loto,hang_so,2024-11-20,0.53946970,0.17716963
loto,hang_so,2024-11-21,0.52785194,0.17193653
loto,hang_so,2024-11-22,0.53946970,0.17716963
loto,hang_so,2024-11-23,0.56270522,0.18763585
loto,hang_so,2024-11-24,0.50461642,0.16147032
loto,hang_so,2024-11-25,0.57432299,0.19286895
loto,hang_so,2024-11-26,0.55108746,0.18240274
loto,hang_so,2024-11-27,0.56270522,0.18763585
loto,hang_so,2024-11-28,0.53946970,0.17716963
loto,hang_so,2024-11-29,0.56270522,0.18763585
loto,hang_so,2024-11-30,0.56270522,0.18763585
loto,hang_so,2024-12-01,0.56270522,0.18763585
loto,hang_so,2024-12-02,0.52785194,0.17193653
loto,hang_so,2024-12-03,0.55108746,0.18240274
loto,hang_so,2024-12-04,0.53946970,0.17716963
loto,hang_so,2024-12-05,0.52785194,0.17193653
loto,hang_so,2024-12-06,0.56270522,0.18763585
loto,hang_so,2024-12-07,0.53946970,0.17716963
loto,hang_so,2024-12-08,0.55108746,0.18240274
loto,hang_so,2024-12-09,0.55108746,0.18240274
loto,hang_so,2024-12-10,0.55108746,0.18240274
loto,hang_so,2024-12-11,0.51623418,0.16670342
loto,hang_so,2024-12-12,0.53946970,0.17716963
loto,hang_so,2024-12-13,0.51623418,0.16670342
loto,hang_so,2024-12-14,0.55108790,0.18240290
loto,hang_so,2024-12-15,0.55108790,0.18240290
loto,hang_so,2024-12-16,0.53946755,0.17716885
loto,hang_so,2024-12-17,0.53946755,0.17716885
loto,hang_so,2024-12-18,0.55108790,0.18240290
loto,hang_so,2024-12-19,0.57432858,0.19287098
loto,hang_so,2024-12-20,0.53946755,0.17716885
loto,hang_so,2024-12-21,0.56270824,0.18763694
loto,hang_so,2024-12-22,0.56270824,0.18763694
loto,hang_so,2024-12-23,0.56270824,0.18763694
loto,hang_so,2024-12-24,0.53946755,0.17716885
loto,hang_so,2024-12-25,0.56270824,0.18763694
loto,hang_so,2024-12-26,0.55108790,0.18240290
loto,hang_so,2024-12-27,0.52784721,0.17193481
loto,hang_so,2024-12-28,0.55108790,0.18240290
loto,hang_so,2024-12-29,0.58594892,0.19810502
loto,hang_so,2024-12-30,0.50460653,0.16146673
loto,hang_so,2024-12-31,0.56270824,0.18763694
loto,hang_so,2025-01-01,0.50460653,0.16146673
loto,hang_so,2025-01-02,0.57432858,0.19287098
loto,hang_so,2025-01-03,0.56270824,0.18763694
loto,hang_so,2025-01-04,0.53946755,0.17716885
loto,hang_so,2025-01-05,0.56270824,0.18763694
loto,hang_so,2025-01-06,0.55108790,0.18240290
loto,hang_so,2025-01-07,0.57432858,0.19287098
loto,hang_so,2025-01-08,0.57432858,0.19287098
loto,hang_so,2025-01-09,0.55108790,0.18240290
loto,hang_so,2025-01-10,0.55108790,0.18240290
loto,hang_so,2025-01-11,0.55108790,0.18240290
loto,hang_so,2025-01-12,0.56270824,0.18763694
loto,hang_so,2025-01-13,0.53946755,0.17716885
loto,hang_so,2025-01-14,0.53946755,0.17716885
loto,hang_so,2025-01-15,0.52784721,0.17193481
loto,hang_so,2025-01-16,0.56270824,0.18763694
loto,hang_so,2025-01-17,0.56270824,0.18763694
loto,hang_so,2025-01-18,0.51622687,0.16670077
loto,hang_so,2025-01-19,0.57432858,0.19287098
loto,hang_so,2025-01-20,0.57432858,0.19287098
loto,hang_so,2025-01-21,0.57432858,0.19287098
loto,hang_so,2025-01-22,0.53946755,0.17716885
loto,hang_so,2025-01-23,0.55108790,0.18240290
loto,hang_so,2025-01-24,0.56270824,0.18763694
loto,hang_so,2025-01-25,0.55108790,0.18240290
loto,hang_so,2025-01-26,0.56270824,0.18763694
loto,hang_so,2025-01-27,0.57432858,0.19287098
loto,hang_so,2025-02-02,0.53946755,0.17716885
loto,hang_so,2025-02-03,0.52784721,0.17193481
loto,hang_so,2025-02-04,0.55108790,0.18240290
loto,hang_so,2025-02-05,0.57432858,0.19287098
loto,hang_so,2025-02-06,0.57432412,0.19286936
loto,hang_so,2025-02-07,0.57432412,0.19286936
loto,hang_so,2025-02-08,0.53946926,0.17716948
loto,hang_so,2025-02-09,0.57432412,0.19286936
loto,hang_so,2025-02-10,0.56270584,0.18763607
loto,hang_so,2025-02-11,0.53946926,0.17716948
loto,hang_so,2025-02-12,0.57432412,0.19286936
loto,hang_so,2025-02-13,0.52785098,0.17193618
loto,hang_so,2025-02-14,0.52785098,0.17193618
loto,hang_so,2025-02-15,0.55108755,0.18240277
loto,hang_so,2025-02-16,0.55108755,0.18240277
loto,hang_so,2025-02-17,0.53946926,0.17716948
loto,hang_so,2025-02-18,0.52785098,0.17193618
loto,hang_so,2025-02-19,0.53946926,0.17716948
loto,hang_so,2025-02-20,0.56270584,0.18763607
loto,hang_so,2025-02-21,0.53946926,0.17716948
loto,hang_so,2025-02-22,0.52785098,0.17193618
loto,hang_so,2025-02-23,0.51623269,0.16670288
loto,hang_so,2025-02-24,0.55108755,0.18240277
loto,hang_so,2025-02-25,0.53946926,0.17716948
loto,hang_so,2025-02-26,0.55108755,0.18240277
loto,hang_so,2025-02-27,0.55108755,0.18240277
loto,hang_so,2025-02-28,0.56270584,0.18763607
loto,hang_so,2025-03-01,0.55108755,0.18240277
loto,hang_so,2025-03-02,0.52785098,0.17193618
loto,hang_so,2025-03-03,0.55108755,0.18240277
loto,hang_so,2025-03-04,0.55108755,0.18240277
loto,hang_so,2025-03-05,0.53946926,0.17716948
loto,hang_so,2025-03-06,0.53946926,0.17716948
loto,hang_so,2025-03-07,0.55108755,0.18240277
loto,hang_so,2025-03-08,0.55108755,0.18240277
loto,hang_so,2025-03-09,0.55108755,0.18240277
loto,hang_so,2025-03-10,0.56270584,0.18763607
loto,hang_so,2025-03-11,0.56270584,0.18763607
loto,hang_so,2025-03-12,0.55108755,0.18240277
loto,hang_so,2025-03-13,0.56270584,0.18763607
loto,hang_so,2025-03-14,0.57432412,0.19286936
loto,hang_so,2025-03-15,0.52785098,0.17193618
loto,hang_so,2025-03-16,0.58594241,0.19810266
loto,hang_so,2025-03-17,0.53946926,0.17716948
loto,hang_so,2025-03-18,0.52785098,0.17193618
loto,hang_so,2025-03-19,0.52785098,0.17193618
loto,hang_so,2025-03-20,0.53946926,0.17716948
loto,hang_so,2025-03-21,0.53946926,0.17716948
loto,hang_so,2025-03-22,0.55108755,0.18240277
loto,hang_so,2025-03-23,0.56270584,0.18763607
loto,hang_so,2025-03-24,0.53946926,0.17716948
loto,hang_so,2025-03-25,0.53946926,0.17716948
loto,hang_so,2025-03-26,0.56270584,0.18763607
loto,hang_so,2025-03-27,0.53946926,0.17716948
loto,hang_so,2025-03-28,0.53946880,0.17716931
loto,hang_so,2025-03-29,0.55108764,0.18240281
loto,hang_so,2025-03-30,0.51623113,0.16670231
loto,hang_so,2025-03-31,0.53946880,0.17716931
loto,hang_so,2025-04-01,0.57432532,0.19286980
loto,hang_so,2025-04-02,0.57432532,0.19286980
loto,hang_so,2025-04-03,0.53946880,0.17716931
loto,hang_so,2025-04-04,0.51623113,0.16670231
loto,hang_so,2025-04-05,0.56270648,0.18763630
loto,hang_so,2025-04-06,0.55108764,0.18240281
loto,hang_so,2025-04-07,0.57432532,0.19286980
loto,hang_so,2025-04-08,0.57432532,0.19286980
loto,hang_so,2025-04-09,0.55108764,0.18240281
loto,hang_so,2025-04-10,0.53946880,0.17716931
loto,hang_so,2025-04-11,0.53946880,0.17716931
loto,hang_so,2025-04-12,0.57432532,0.19286980
loto,hang_so,2025-04-13,0.55108764,0.18240281
loto,hang_so,2025-04-14,0.53946880,0.17716931
loto,hang_so,2025-04-15,0.52784997,0.17193581
loto,hang_so,2025-04-16,0.55108764,0.18240281
loto,hang_so,2025-04-17,0.55108764,0.18240281
loto,hang_so,2025-04-18,0.55108764,0.18240281
loto,hang_so,2025-04-19,0.56270648,0.18763630
loto,hang_so,2025-04-20,0.50461229,0.16146882
loto,hang_so,2025-04-21,0.53946880,0.17716931
loto,hang_so,2025-04-22,0.53946880,0.17716931
loto,hang_so,2025-04-23,0.53946880,0.17716931
loto,hang_so,2025-04-24,0.55108764,0.18240281
loto,hang_so,2025-04-25,0.55108764,0.18240281
loto,hang_so,2025-04-26,0.57432532,0.19286980
loto,hang_so,2025-04-27,0.53946880,0.17716931
loto,hang_so,2025-04-28,0.53946880,0.17716931
loto,hang_so,2025-04-29,0.53946880,0.17716931
loto,hang_so,2025-04-30,0.56270648,0.18763630
loto,hang_so,2025-05-01,0.52784997,0.17193581
loto,hang_so,2025-05-02,0.53946880,0.17716931
loto,hang_so,2025-05-03,0.55108764,0.18240281
loto,hang_so,2025-05-04,0.55108764,0.18240281
loto,hang_so,2025-05-05,0.52784997,0.17193581
loto,hang_so,2025-05-06,0.53946880,0.17716931
loto,hang_so,2025-05-07,0.55108764,0.18240281
loto,hang_so,2025-05-08,0.56270648,0.18763630
loto,hang_so,2025-05-09,0.55108764,0.18240281
loto,hang_so,2025-05-10,0.55108764,0.18240281
loto,hang_so,2025-05-11,0.55108764,0.18240281
loto,hang_so,2025-05-12,0.56270648,0.18763630
loto,hang_so,2025-05-13,0.55108764,0.18240281
loto,hang_so,2025-05-14,0.55108764,0.18240281
loto,hang_so,2025-05-15,0.50461229,0.16146882
loto,hang_so,2025-05-16,0.53946880,0.17716931
loto,hang_so,2025-05-17,0.57432841,0.19287092
loto,hang_so,2025-05-18,0.52784736,0.17193486
loto,hang_so,2025-05-19,0.52784736,0.17193486
loto,hang_so,2025-05-20,0.55108788,0.18240289
loto,hang_so,2025-05-21,0.56270814,0.18763691
loto,hang_so,2025-05-22,0.52784736,0.17193486
loto,hang_so,2025-05-23,0.56270814,0.18763691
loto,hang_so,2025-05-24,0.55108788,0.18240289
loto,hang_so,2025-05-25,0.53946762,0.17716888
loto,hang_so,2025-05-26,0.56270814,0.18763691
loto,hang_so,2025-05-27,0.56270814,0.18763691
loto,hang_so,2025-05-28,0.53946762,0.17716888
loto,hang_so,2025-05-29,0.57432841,0.19287092
loto,hang_so,2025-05-30,0.56270814,0.18763691
loto,hang_so,2025-05-31,0.53946762,0.17716888
loto,hang_so,2025-06-01,0.52784736,0.17193486
loto,hang_so,2025-06-02,0.51622710,0.16670085
loto,hang_so,2025-06-03,0.55108788,0.18240289
loto,hang_so,2025-06-04,0.51622710,0.16670085
loto,hang_so,2025-06-05,0.56270814,0.18763691
loto,hang_so,2025-06-06,0.53946762,0.17716888
loto,hang_so,2025-06-07,0.51622710,0.16670085
loto,hang_so,2025-06-08,0.58594867,0.19810493
loto,hang_so,2025-06-09,0.53946762,0.17716888
loto,hang_so,2025-06-10,0.49298657,0.15623282
loto,hang_so,2025-06-11,0.56270814,0.18763691
loto,hang_so,2025-06-12,0.57432841,0.19287092
loto,hang_so,2025-06-13,0.52784736,0.17193486
loto,hang_so,2025-06-14,0.51622710,0.16670085
loto,hang_so,2025-06-15,0.55108788,0.18240289
loto,hang_so,2025-06-16,0.56270814,0.18763691
loto,hang_so,2025-06-17,0.56270814,0.18763691
loto,hang_so,2025-06-18,0.57432841,0.19287092
loto,hang_so,2025-06-19,0.53946762,0.17716888
loto,hang_so,2025-06-20,0.55108788,0.18240289
loto,hang_so,2025-06-21,0.56270814,0.18763691
loto,hang_so,2025-06-22,0.56270814,0.18763691
loto,hang_so,2025-06-23,0.57432841,0.19287092
loto,hang_so,2025-06-24,0.55108788,0.18240289
loto,hang_so,2025-06-25,0.55108788,0.18240289
loto,hang_so,2025-06-26,0.56270814,0.18763691
loto,hang_so,2025-06-27,0.57432841,0.19287092
loto,hang_so,2025-06-28,0.56270814,0.18763691
loto,hang_so,2025-06-29,0.57432841,0.19287092
loto,hang_so,2025-06-30,0.56270814,0.18763691
loto,hang_so,2025-07-01,0.57432841,0.19287092
loto,hang_so,2025-07-02,0.53946762,0.17716888
loto,hang_so,2025-07-03,0.55108788,0.18240289
loto,hang_so,2025-07-04,0.53946762,0.17716888
loto,hang_so,2025-07-05,0.53946762,0.17716888
loto,hang_so,2025-07-06,0.56270721,0.18763657
loto,hang_so,2025-07-07,0.52784883,0.17193540
loto,hang_so,2025-07-08,0.53946829,0.17716912
loto,hang_so,2025-07-09,0.53946829,0.17716912
loto,hang_so,2025-07-10,0.56270721,0.18763657
loto,hang_so,2025-07-11,0.52784883,0.17193540
loto,hang_so,2025-07-12,0.56270721,0.18763657
loto,hang_so,2025-07-13,0.53946829,0.17716912
loto,hang_so,2025-07-14,0.56270721,0.18763657
loto,hang_so,2025-07-15,0.53946829,0.17716912
loto,hang_so,2025-07-16,0.56270721,0.18763657
loto,hang_so,2025-07-17,0.55108775,0.18240284
loto,hang_so,2025-07-18,0.51622937,0.16670168
loto,hang_so,2025-07-19,0.53946829,0.17716912
loto,hang_so,2025-07-20,0.57432666,0.19287029
loto,hang_so,2025-07-21,0.56270721,0.18763657
loto,hang_so,2025-07-22,0.56270721,0.18763657
loto,hang_so,2025-07-23,0.58594612,0.19810401
loto,hang_so,2025-07-24,0.56270721,0.18763657
loto,hang_so,2025-07-25,0.53946829,0.17716912
loto,hang_so,2025-07-26,0.56270721,0.18763657
loto,hang_so,2025-07-27,0.56270721,0.18763657
loto,hang_so,2025-07-28,0.55108775,0.18240284
loto,hang_so,2025-07-29,0.55108775,0.18240284
loto,hang_so,2025-07-30,0.56270721,0.18763657
loto,hang_so,2025-07-31,0.52784883,0.17193540
loto,hang_so,2025-08-01,0.57432666,0.19287029
loto,hang_so,2025-08-02,0.55108775,0.18240284
loto,hang_so,2025-08-03,0.56270721,0.18763657
loto,hang_so,2025-08-04,0.55108775,0.18240284
loto,hang_so,2025-08-05,0.55108775,0.18240284
loto,hang_so,2025-08-06,0.52784883,0.17193540
loto,hang_so,2025-08-07,0.52784883,0.17193540
loto,hang_so,2025-08-08,0.52784883,0.17193540
loto,hang_so,2025-08-09,0.55108775,0.18240284
loto,hang_so,2025-08-10,0.55108775,0.18240284
loto,hang_so,2025-08-11,0.51622937,0.16670168
loto,hang_so,2025-08-12,0.52784883,0.17193540
loto,hang_so,2025-08-13,0.52784883,0.17193540
loto,hang_so,2025-08-14,0.56270721,0.18763657
loto,hang_so,2025-08-15,0.51622937,0.16670168
loto,hang_so,2025-08-16,0.57432666,0.19287029
loto,hang_so,2025-08-17,0.55108775,0.18240284
loto,hang_so,2025-08-18,0.55108775,0.18240284
loto,hang_so,2025-08-19,0.52784883,0.17193540
loto,hang_so,2025-08-20,0.52784883,0.17193540
loto,hang_so,2025-08-21,0.53946829,0.17716912
loto,hang_so,2025-08-22,0.55108775,0.18240284
loto,hang_so,2025-08-23,0.56270721,0.18763657
loto,hang_so,2025-08-24,0.55108775,0.18240284
loto,hang_so,2025-08-25,0.55108786,0.18240288
loto,hang_so,2025-08-26,0.55108786,0.18240288
loto,hang_so,2025-08-27,0.56270798,0.18763684
loto,hang_so,2025-08-28,0.53946774,0.17716892
loto,hang_so,2025-08-29,0.52784762,0.17193496
loto,hang_so,2025-08-30,0.56270798,0.18763684
loto,hang_so,2025-08-31,0.56270798,0.18763684
loto,hang_so,2025-09-01,0.56270798,0.18763684
loto,hang_so,2025-09-02,0.56270798,0.18763684
loto,hang_so,2025-09-03,0.52784762,0.17193496
loto,hang_so,2025-09-04,0.52784762,0.17193496
loto,hang_so,2025-09-05,0.53946774,0.17716892
loto,hang_so,2025-09-06,0.51622751,0.16670100
loto,hang_so,2025-09-07,0.56270798,0.18763684
loto,hang_so,2025-09-08,0.55108786,0.18240288
loto,hang_so,2025-09-09,0.57432809,0.19287081
loto,hang_so,2025-09-10,0.52784762,0.17193496
loto,hang_so,2025-09-11,0.53946774,0.17716892
loto,hang_so,2025-09-12,0.55108786,0.18240288
loto,hang_so,2025-09-13,0.57432809,0.19287081
loto,hang_so,2025-09-14,0.56270798,0.18763684
loto,hang_so,2025-09-15,0.57432809,0.19287081
loto,hang_so,2025-09-16,0.58594821,0.19810477
loto,hang_so,2025-09-17,0.52784762,0.17193496
loto,hang_so,2025-09-18,0.56270798,0.18763684
loto,hang_so,2025-09-19,0.55108786,0.18240288
loto,hang_so,2025-09-20,0.57432809,0.19287081
loto,hang_so,2025-09-21,0.55108786,0.18240288
loto,hang_so,2025-09-22,0.55108786,0.18240288
loto,hang_so,2025-09-23,0.56270798,0.18763684
loto,hang_so,2025-09-24,0.55108786,0.18240288
loto,hang_so,2025-09-25,0.53946774,0.17716892
loto,hang_so,2025-09-26,0.55108786,0.18240288
loto,hang_so,2025-09-27,0.52784762,0.17193496
loto,hang_so,2025-09-28,0.56270798,0.18763684
loto,hang_so,2025-09-29,0.56270798,0.18763684
loto,hang_so,2025-09-30,0.53946774,0.17716892
loto,hang_so,2025-10-01,0.56270798,0.18763684
loto,hang_so,2025-10-02,0.57432809,0.19287081
loto,hang_so,2025-10-03,0.53946774,0.17716892
loto,hang_so,2025-10-04,0.55108786,0.18240288
loto,hang_so,2025-10-05,0.53946774,0.17716892
loto,hang_so,2025-10-06,0.53946774,0.17716892
loto,hang_so,2025-10-07,0.57432809,0.19287081
loto,hang_so,2025-10-08,0.56270798,0.18763684
loto,hang_so,2025-10-09,0.56270798,0.18763684
loto,hang_so,2025-10-10,0.53946774,0.17716892
loto,hang_so,2025-10-11,0.52784762,0.17193496
loto,hang_so,2025-10-12,0.51622751,0.16670100
loto,hang_so,2025-10-13,0.55108786,0.18240288
loto,hang_so,2025-10-14,0.57432547,0.19286985
loto,hang_so,2025-10-15,0.53946874,0.17716929
loto,hang_so,2025-10-16,0.51623093,0.16670224
loto,hang_so,2025-10-17,0.56270656,0.18763633
loto,hang_so,2025-10-18,0.55108765,0.18240281
loto,hang_so,2025-10-19,0.57432547,0.19286985
loto,hang_so,2025-10-20,0.53946874,0.17716929
loto,hang_so,2025-10-21,0.53946874,0.17716929
loto,hang_so,2025-10-22,0.53946874,0.17716929
loto,hang_so,2025-10-23,0.55108765,0.18240281
loto,hang_so,2025-10-24,0.53946874,0.17716929
loto,hang_so,2025-10-25,0.55108765,0.18240281
loto,hang_so,2025-10-26,0.52784984,0.17193576
loto,hang_so,2025-10-27,0.57432547,0.19286985
loto,hang_so,2025-10-28,0.57432547,0.19286985
loto,hang_so,2025-10-29,0.56270656,0.18763633
loto,hang_so,2025-10-30,0.56270656,0.18763633
loto,hang_so,2025-10-31,0.56270656,0.18763633
loto,hang_so,2025-11-01,0.55108765,0.18240281
loto,hang_so,2025-11-02,0.52784984,0.17193576
loto,hang_so,2025-11-03,0.56270656,0.18763633
loto,hang_so,2025-11-04,0.53946874,0.17716929
loto,hang_so,2025-11-05,0.55108765,0.18240281
loto,hang_so,2025-11-06,0.53946874,0.17716929
loto,hang_so,2025-11-07,0.56270656,0.18763633
loto,hang_so,2025-11-08,0.57432547,0.19286985
loto,hang_so,2025-11-09,0.55108765,0.18240281
loto,hang_so,2025-11-10,0.55108765,0.18240281
loto,hang_so,2025-11-11,0.52784984,0.17193576
loto,hang_so,2025-11-12,0.53946874,0.17716929
loto,hang_so,2025-11-13,0.51623093,0.16670224
loto,hang_so,2025-11-14,0.55108765,0.18240281
loto,hang_so,2025-11-15,0.52784984,0.17193576
loto,hang_so,2025-11-16,0.57432547,0.19286985
loto,hang_so,2025-11-17,0.51623093,0.16670224
loto,hang_so,2025-11-18,0.53946874,0.17716929
loto,hang_so,2025-11-19,0.55108765,0.18240281
loto,hang_so,2025-11-20,0.53946874,0.17716929
loto,hang_so,2025-11-21,0.51623093,0.16670224
loto,hang_so,2025-11-22,0.53946874,0.17716929
loto,hang_so,2025-11-23,0.56270656,0.18763633
loto,hang_so,2025-11-24,0.52784984,0.17193576
loto,hang_so,2025-11-25,0.57432547,0.19286985
loto,hang_so,2025-11-26,0.55108765,0.18240281
loto,hang_so,2025-11-27,0.56270656,0.18763633
loto,hang_so,2025-11-28,0.55108765,0.18240281
loto,hang_so,2025-11-29,0.52784984,0.17193576
loto,hang_so,2025-11-30,0.58594438,0.19810338
loto,hang_so,2025-12-01,0.52784984,0.17193576
loto,hang_so,2025-12-02,0.56270656,0.18763633
loto,hang_so,2025-12-03,0.53946844,0.17716918
loto,hang_so,2025-12-04,0.55108772,0.18240283
loto,hang_so,2025-12-05,0.53946844,0.17716918
loto,hang_so,2025-12-06,0.56270699,0.18763649
loto,hang_so,2025-12-07,0.53946844,0.17716918
loto,hang_so,2025-12-08,0.53946844,0.17716918
loto,hang_so,2025-12-09,0.55108772,0.18240283
loto,hang_so,2025-12-10,0.55108772,0.18240283
loto,hang_so,2025-12-11,0.53946844,0.17716918
loto,hang_so,2025-12-12,0.55108772,0.18240283
loto,hang_so,2025-12-13,0.55108772,0.18240283
loto,hang_so,2025-12-14,0.56270699,0.18763649
loto,hang_so,2025-12-15,0.57432627,0.19287014
loto,hang_so,2025-12-16,0.55108772,0.18240283
loto,hang_so,2025-12-17,0.52784916,0.17193552
loto,hang_so,2025-12-18,0.56270699,0.18763649
loto,hang_so,2025-12-19,0.55108772,0.18240283
loto,hang_so,2025-12-20,0.53946844,0.17716918
loto,hang_so,2025-12-21,0.56270699,0.18763649
loto,hang_so,2025-12-22,0.57432627,0.19287014
loto,hang_so,2025-12-23,0.56270699,0.18763649
loto,hang_so,2025-12-24,0.57432627,0.19287014
loto,hang_so,2025-12-25,0.52784916,0.17193552
loto,hang_so,2025-12-26,0.57432627,0.19287014
loto,hang_so,2025-12-27,0.52784916,0.17193552
loto,hang_so,2025-12-28,0.58594555,0.19810380
loto,hang_so,2025-12-29,0.56270699,0.18763649
loto,hang_so,2025-12-30,0.55108772,0.18240283
loto,hang_so,2025-12-31,0.56270699,0.18763649
loto,hang_so,2026-01-01,0.51622988,0.16670186
loto,hang_so,2026-01-02,0.55108772,0.18240283
loto,hang_so,2026-01-03,0.56270699,0.18763649
loto,hang_so,2026-01-04,0.55108772,0.18240283
loto,hang_so,2026-01-05,0.55108772,0.18240283
loto,hang_so,2026-01-06,0.56270699,0.18763649
loto,hang_so,2026-01-07,0.56270699,0.18763649
loto,hang_so,2026-01-08,0.53946844,0.17716918
loto,hang_so,2026-01-09,0.53946844,0.17716918
loto,hang_so,2026-01-10,0.52784916,0.17193552
loto,hang_so,2026-01-11,0.53946844,0.17716918
loto,hang_so,2026-01-12,0.56270699,0.18763649
loto,hang_so,2026-01-13,0.56270699,0.18763649
loto,hang_so,2026-01-14,0.52784916,0.17193552
loto,hang_so,2026-01-15,0.52784916,0.17193552
loto,hang_so,2026-01-16,0.56270699,0.18763649
loto,hang_so,2026-01-17,0.55108772,0.18240283
loto,hang_so,2026-01-18,0.53946844,0.17716918
loto,hang_so,2026-01-19,0.55108772,0.18240283
loto,hang_so,2026-01-20,0.53946844,0.17716918
loto,hang_so,2026-01-21,0.52784916,0.17193552
loto,hang_so,2026-01-22,0.56270628,0.18763623
loto,hang_so,2026-01-23,0.55108761,0.18240279
loto,hang_so,2026-01-24,0.55108761,0.18240279
loto,hang_so,2026-01-25,0.53946895,0.17716936
loto,hang_so,2026-01-26,0.56270628,0.18763623
loto,hang_so,2026-01-27,0.51623162,0.16670249
loto,hang_so,2026-01-28,0.57432494,0.19286966
loto,hang_so,2026-01-29,0.55108761,0.18240279
loto,hang_so,2026-01-30,0.58594361,0.19810310
loto,hang_so,2026-01-31,0.55108761,0.18240279
loto,hang_so,2026-02-01,0.51623162,0.16670249
loto,hang_so,2026-02-02,0.56270628,0.18763623
loto,hang_so,2026-02-03,0.52785028,0.17193593
loto,hang_so,2026-02-04,0.57432494,0.19286966
loto,hang_so,2026-02-05,0.56270628,0.18763623
loto,hang_so,2026-02-06,0.58594361,0.19810310
loto,hang_so,2026-02-07,0.56270628,0.18763623
loto,hang_so,2026-02-08,0.53946895,0.17716936
loto,hang_so,2026-02-09,0.57432494,0.19286966
loto,hang_so,2026-02-10,0.53946895,0.17716936
loto,hang_so,2026-02-11,0.52785028,0.17193593
loto,hang_so,2026-02-12,0.51623162,0.16670249
loto,hang_so,2026-02-13,0.55108761,0.18240279
loto,hang_so,2026-02-14,0.55108761,0.18240279
loto,hang_so,2026-02-15,0.55108761,0.18240279
loto,hang_so,2026-02-21,0.55108761,0.18240279
loto,hang_so,2026-02-22,0.53946895,0.17716936
loto,hang_so,2026-02-23,0.57432494,0.19286966
loto,hang_so,2026-02-24,0.56270628,0.18763623
loto,hang_so,2026-02-25,0.56270628,0.18763623
loto,hang_so,2026-02-26,0.51623162,0.16670249
loto,hang_so,2026-02-27,0.53946895,0.17716936
loto,hang_so,2026-02-28,0.57432494,0.19286966
loto,hang_so,2026-03-01,0.53946895,0.17716936
loto,hang_so,2026-03-02,0.55108761,0.18240279
loto,hang_so,2026-03-03,0.53946895,0.17716936
loto,hang_so,2026-03-04,0.56270628,0.18763623
loto,hang_so,2026-03-05,0.55108761,0.18240279
loto,hang_so,2026-03-06,0.55108761,0.18240279
loto,hang_so,2026-03-07,0.55108761,0.18240279
loto,hang_so,2026-03-08,0.53946895,0.17716936
loto,hang_so,2026-03-09,0.53946895,0.17716936
loto,hang_so,2026-03-10,0.53946895,0.17716936
loto,hang_so,2026-03-11,0.55108761,0.18240279
loto,hang_so,2026-03-12,0.56270628,0.18763623
loto,hang_so,2026-03-13,0.55108761,0.18240279
loto,hang_so,2026-03-14,0.57432494,0.19286966
loto,hang_so,2026-03-15,0.57432494,0.19286966
loto,hang_so,2026-03-16,0.55108761,0.18240279
loto,hang_so,2026-03-17,0.52785314,0.17193696
loto,hang_so,2026-03-18,0.55108736,0.18240270
loto,hang_so,2026-03-19,0.53947025,0.17716983
loto,hang_so,2026-03-20,0.56270446,0.18763557
loto,hang_so,2026-03-21,0.56270446,0.18763557
loto,hang_so,2026-03-22,0.56270446,0.18763557
loto,hang_so,2026-03-23,0.51623603,0.16670409
loto,hang_so,2026-03-24,0.57432157,0.19286844
loto,hang_so,2026-03-25,0.56270446,0.18763557
loto,hang_so,2026-03-26,0.53947025,0.17716983
loto,hang_so,2026-03-27,0.55108736,0.18240270
loto,hang_so,2026-03-28,0.55108736,0.18240270
loto,hang_so,2026-03-29,0.53947025,0.17716983
loto,hang_so,2026-03-30,0.55108736,0.18240270
loto,hang_so,2026-03-31,0.57432157,0.19286844
loto,hang_so,2026-04-01,0.50461892,0.16147122
loto,hang_so,2026-04-02,0.56270446,0.18763557
loto,hang_so,2026-04-03,0.53947025,0.17716983
loto,hang_so,2026-04-04,0.55108736,0.18240270
loto,hang_so,2026-04-05,0.53947025,0.17716983
loto,hang_so,2026-04-06,0.53947025,0.17716983
loto,hang_so,2026-04-07,0.55108736,0.18240270
loto,hang_so,2026-04-08,0.53947025,0.17716983
loto,hang_so,2026-04-09,0.53947025,0.17716983
loto,hang_so,2026-04-10,0.51623603,0.16670409
loto,hang_so,2026-04-11,0.56270446,0.18763557
loto,hang_so,2026-04-12,0.57432157,0.19286844
loto,hang_so,2026-04-13,0.53947025,0.17716983
loto,hang_so,2026-04-14,0.51623603,0.16670409
loto,hang_so,2026-04-15,0.55108736,0.18240270
loto,hang_so,2026-04-16,0.57432157,0.19286844
loto,hang_so,2026-04-17,0.55108736,0.18240270
loto,hang_so,2026-04-18,0.57432157,0.19286844
loto,hang_so,2026-04-19,0.55108736,0.18240270
loto,hang_so,2026-04-20,0.51623603,0.16670409
loto,hang_so,2026-04-21,0.53947025,0.17716983
loto,hang_so,2026-04-22,0.52785314,0.17193696
loto,hang_so,2026-04-23,0.53947025,0.17716983
loto,hang_so,2026-04-24,0.57432157,0.19286844
loto,hang_so,2026-04-25,0.55108736,0.18240270
loto,hang_so,2026-04-26,0.55108736,0.18240270
loto,hang_so,2026-04-27,0.55108736,0.18240270
loto,hang_so,2026-04-28,0.55108736,0.18240270
loto,hang_so,2026-04-29,0.56270446,0.18763557
loto,hang_so,2026-04-30,0.52785314,0.17193696
loto,hang_so,2026-05-01,0.56270446,0.18763557
loto,hang_so,2026-05-02,0.55108736,0.18240270
loto,hang_so,2026-05-03,0.55108736,0.18240270
loto,hang_so,2026-05-04,0.52785314,0.17193696
loto,hang_so,2026-05-05,0.52785314,0.17193696
loto,hang_so,2026-05-06,0.55108755,0.18240277
loto,hang_so,2026-05-07,0.55108755,0.18240277
loto,hang_so,2026-05-08,0.56270585,0.18763607
loto,hang_so,2026-05-09,0.55108755,0.18240277
loto,hang_so,2026-05-10,0.53946925,0.17716947
loto,hang_so,2026-05-11,0.53946925,0.17716947
loto,hang_so,2026-05-12,0.51623266,0.16670287
loto,hang_so,2026-05-13,0.57432415,0.19286937
loto,hang_so,2026-05-14,0.56270585,0.18763607
loto,hang_so,2026-05-15,0.55108755,0.18240277
loto,hang_so,2026-05-16,0.53946925,0.17716947
loto,hang_so,2026-05-17,0.56270585,0.18763607
loto,hang_so,2026-05-18,0.55108755,0.18240277
loto,hang_so,2026-05-19,0.56270585,0.18763607
loto,hang_so,2026-05-20,0.53946925,0.17716947
loto,hang_so,2026-05-21,0.52785096,0.17193617
loto,hang_so,2026-05-22,0.55108755,0.18240277
loto,hang_so,2026-05-23,0.55108755,0.18240277
loto,hang_so,2026-05-24,0.52785096,0.17193617
loto,hang_so,2026-05-25,0.57432415,0.19286937
loto,hang_so,2026-05-26,0.56270585,0.18763607
loto,hang_so,2026-05-27,0.55108755,0.18240277
loto,hang_so,2026-05-28,0.51623266,0.16670287
loto,hang_so,2026-05-29,0.53946925,0.17716947
loto,hang_so,2026-05-30,0.53946925,0.17716947
loto,hang_so,2026-05-31,0.55108755,0.18240277
loto,hang_so,2026-06-01,0.56270585,0.18763607
loto,hang_so,2026-06-02,0.53946925,0.17716947
loto,hang_so,2026-06-03,0.56270585,0.18763607
loto,hang_so,2026-06-04,0.56270585,0.18763607
loto,hang_so,2026-06-05,0.53946925,0.17716947
loto,hang_so,2026-06-06,0.56270585,0.18763607
loto,hang_so,2026-06-07,0.53946925,0.17716947
loto,hang_so,2026-06-08,0.53946925,0.17716947
loto,hang_so,2026-06-09,0.56270585,0.18763607
loto,hang_so,2026-06-10,0.55108755,0.18240277
loto,hang_so,2026-06-11,0.57432415,0.19286937
loto,hang_so,2026-06-12,0.53946925,0.17716947
loto,hang_so,2026-06-13,0.56270585,0.18763607
loto,hang_so,2026-06-14,0.51623266,0.16670287
loto,hang_so,2026-06-15,0.56270585,0.18763607
loto,hang_so,2026-06-16,0.53946925,0.17716947
loto,hang_so,2026-06-17,0.56270585,0.18763607
loto,hang_so,2026-06-18,0.55108755,0.18240277
loto,hang_so,2026-06-19,0.52785096,0.17193617
loto,hang_so,2026-06-20,0.56270585,0.18763607
loto,hang_so,2026-06-21,0.53946925,0.17716947
loto,hang_so,2026-06-22,0.55108755,0.18240277
loto,hang_so,2026-06-23,0.57432415,0.19286937
loto,hang_so,2026-06-24,0.57432415,0.19286937
loto,hang_so,2026-06-25,0.57432289,0.19286892
loto,hang_so,2026-06-26,0.50461658,0.16147037
loto,hang_so,2026-06-27,0.51623430,0.16670347
loto,hang_so,2026-06-28,0.56270518,0.18763583
loto,hang_so,2026-06-29,0.55108746,0.18240274
loto,hang_so,2026-06-30,0.56270518,0.18763583
loto,hang_so,2026-07-01,0.55108746,0.18240274
loto,hang_so,2026-07-02,0.53946974,0.17716965
loto,hang_so,2026-07-03,0.56270518,0.18763583
loto,hang_so,2026-07-04,0.52785202,0.17193656
loto,hang_so,2026-07-05,0.53946974,0.17716965
loto,hang_so,2026-07-06,0.53946974,0.17716965
loto,hang_so,2026-07-07,0.52785202,0.17193656
loto,hang_so,2026-07-08,0.52785202,0.17193656
loto,hang_so,2026-07-09,0.55108746,0.18240274
loto,hang_so,2026-07-10,0.57432289,0.19286892
loto,hang_so,2026-07-11,0.56270518,0.18763583
loto,hang_so,2026-07-12,0.55108746,0.18240274
loto,hang_so,2026-07-13,0.56270518,0.18763583
loto,hang_so,2026-07-14,0.56270518,0.18763583
loto,hang_so,2026-07-15,0.55108746,0.18240274
loto,hang_so,2026-07-16,0.52785202,0.17193656
loto,hang_so,2026-07-17,0.52785202,0.17193656
loto,hang_so,2026-07-18,0.55108746,0.18240274
loto,hang_so,2026-07-19,0.55108746,0.18240274
loto,hang_so,2026-07-20,0.52785202,0.17193656
loto,hang_so,2026-07-21,0.52785202,0.17193656
loto,hang_so,2026-07-22,0.53946974,0.17716965
loto,hang_so,2026-07-23,0.53946974,0.17716965
loto,hang_so,2026-07-24,0.56270518,0.18763583
loto,hang_so,2026-07-25,0.53946974,0.17716965
loto,hang_so,2026-07-26,0.51623430,0.16670347
loto,hang_so,2026-07-27,0.55108746,0.18240274
loto,hang_so,2026-07-28,0.56270518,0.18763583
loto,hang_so,2026-07-29,0.51623430,0.16670347
loto,hang_so,2026-07-30,0.56270518,0.18763583
loto,hang_so,2026-07-31,0.52785202,0.17193656
loto,hang_so,2026-08-01,0.56270518,0.18763583
loto,hang_so,2026-08-02,0.57432289,0.19286892
loto,hang_so,2026-08-03,0.53946974,0.17716965
loto,hang_so,2026-08-04,0.53946974,0.17716965
loto,hang_so,2026-08-05,0.56270518,0.18763583
loto,hang_so,2026-08-06,0.51623430,0.16670347
loto,hang_so,2026-08-07,0.53946974,0.17716965
loto,hang_so,2026-08-08,0.56270518,0.18763583
loto,hang_so,2026-08-09,0.56270518,0.18763583
loto,hang_so,2026-08-10,0.53946974,0.17716965
loto,hang_so,2026-08-11,0.52785202,0.17193656
loto,hang_so,2026-08-12,0.52785202,0.17193656
loto,hang_so,2026-08-13,0.52785202,0.17193656
loto,hang_so,2026-08-14,0.56270837,0.18763699
loto,hang_so,2026-08-15,0.52784700,0.17193474
loto,hang_so,2026-08-16,0.53946746,0.17716882
loto,hang_so,2026-08-17,0.56270837,0.18763699
loto,hang_so,2026-08-18,0.57432883,0.19287107
loto,hang_so,2026-08-19,0.55108792,0.18240290
loto,hang_so,2026-08-20,0.53946746,0.17716882
loto,hang_so,2026-08-21,0.57432883,0.19287107
loto,hang_so,2026-08-22,0.55108792,0.18240290
loto,hang_so,2026-08-23,0.55108792,0.18240290
loto,hang_so,2026-08-24,0.51622655,0.16670065
loto,hang_so,2026-08-25,0.53946746,0.17716882
loto,hang_so,2026-08-26,0.57432883,0.19287107
loto,hang_so,2026-08-27,0.55108792,0.18240290
loto,hang_so,2026-08-28,0.55108792,0.18240290
loto,hang_so,2026-08-29,0.56270837,0.18763699
loto,hang_so,2026-08-30,0.56270837,0.18763699
loto,hang_so,2026-08-31,0.55108792,0.18240290
loto,hang_so,2026-09-01,0.57432883,0.19287107
loto,hang_so,2026-09-02,0.53946746,0.17716882
loto,hang_so,2026-09-03,0.53946746,0.17716882
loto,hang_so,2026-09-04,0.55108792,0.18240290
loto,hang_so,2026-09-05,0.55108792,0.18240290
loto,hang_so,2026-09-06,0.56270837,0.18763699
loto,hang_so,2026-09-07,0.53946746,0.17716882
loto,hang_so,2026-09-08,0.52784700,0.17193474
loto,hang_so,2026-09-09,0.55108792,0.18240290
loto,hang_so,2026-09-10,0.55108792,0.18240290
loto,hang_so,2026-09-11,0.55108792,0.18240290
loto,hang_so,2026-09-12,0.55108792,0.18240290
loto,hang_so,2026-09-13,0.51622655,0.16670065
loto,hang_so,2026-09-14,0.57432883,0.19287107
loto,hang_so,2026-09-15,0.52784700,0.17193474
loto,hang_so,2026-09-16,0.53946746,0.17716882
loto,hang_so,2026-09-17,0.56270837,0.18763699
loto,hang_so,2026-09-18,0.51622655,0.16670065
loto,hang_so,2026-09-19,0.52784700,0.17193474
loto,hang_so,2026-09-20,0.55108792,0.18240290
loto,hang_so,2026-09-21,0.55108792,0.18240290
loto,hang_so,2026-09-22,0.51622655,0.16670065
loto,hang_so,2026-09-23,0.56270837,0.18763699
loto,hang_so,2026-09-24,0.56270837,0.18763699
loto,hang_so,2026-09-25,0.53946746,0.17716882
loto,hang_so,2026-09-26,0.55108792,0.18240290
loto,hang_so,2026-09-27,0.52784700,0.17193474
loto,hang_so,2026-09-28,0.51622655,0.16670065
loto,hang_so,2026-09-29,0.57432883,0.19287107
loto,hang_so,2026-09-30,0.53946746,0.17716882
loto,hang_so,2026-10-01,0.51622655,0.16670065
loto,hang_so,2026-10-02,0.55108792,0.18240290
loto,tien_nghiem,2023-12-26,0.55109051,0.18240385
loto,tien_nghiem,2023-12-27,0.51600000,0.16661854
loto,tien_nghiem,2023-12-28,0.53954207,0.17719582
loto,tien_nghiem,2023-12-29,0.55119444,0.18244150
loto,tien_nghiem,2023-12-30,0.56283055,0.18768127
loto,tien_nghiem,2023-12-31,0.52793010,0.17196479
loto,tien_nghiem,2024-01-01,0.55115184,0.18242607
loto,tien_nghiem,2024-01-02,0.55113884,0.18242134
loto,tien_nghiem,2024-01-03,0.56251381,0.18756647
loto,tien_nghiem,2024-01-04,0.57440564,0.19289887
loto,tien_nghiem,2024-01-05,0.52782936,0.17192832
loto,tien_nghiem,2024-01-06,0.51612112,0.16666245
loto,tien_nghiem,2024-01-07,0.55109819,0.18240664
loto,tien_nghiem,2024-01-08,0.56282048,0.18767763
loto,tien_nghiem,2024-01-09,0.53944510,0.17716072
loto,tien_nghiem,2024-01-10,0.56280445,0.18767182
loto,tien_nghiem,2024-01-11,0.55112229,0.18241537
loto,tien_nghiem,2024-01-12,0.56273971,0.18764837
loto,tien_nghiem,2024-01-13,0.52764337,0.17186095
loto,tien_nghiem,2024-01-14,0.55107388,0.18239778
loto,tien_nghiem,2024-01-15,0.55105900,0.18239239
loto,tien_nghiem,2024-01-16,0.53945410,0.17716400
loto,tien_nghiem,2024-01-17,0.58624797,0.19821340
loto,tien_nghiem,2024-01-18,0.55104531,0.18238747
loto,tien_nghiem,2024-01-19,0.57443961,0.19291120
loto,tien_nghiem,2024-01-20,0.52770707,0.17188402
loto,tien_nghiem,2024-01-21,0.56261437,0.18760297
loto,tien_nghiem,2024-01-22,0.57415326,0.19280747
loto,tien_nghiem,2024-01-23,0.52778672,0.17191287
loto,tien_nghiem,2024-01-24,0.58618997,0.19819239
loto,tien_nghiem,2024-01-25,0.57436322,0.19288355
loto,tien_nghiem,2024-01-26,0.55100472,0.18237277
loto,tien_nghiem,2024-01-27,0.53934347,0.17712385
loto,tien_nghiem,2024-01-28,0.56272209,0.18764199
loto,tien_nghiem,2024-01-29,0.52781358,0.17192261
loto,tien_nghiem,2024-01-30,0.53938500,0.17713894
loto,tien_nghiem,2024-01-31,0.52788515,0.17194857
loto,tien_nghiem,2024-02-01,0.52777697,0.17190932
loto,tien_nghiem,2024-02-02,0.55129014,0.18247621
loto,tien_nghiem,2024-02-03,0.53940502,0.17714618
loto,tien_nghiem,2024-02-04,0.55105686,0.18239166
loto,tien_nghiem,2024-02-05,0.55102731,0.18238093
loto,tien_nghiem,2024-02-06,0.57429607,0.19285917
loto,tien_nghiem,2024-02-07,0.52777749,0.17190957
loto,tien_nghiem,2024-02-08,0.51612948,0.16666548
loto,tien_nghiem,2024-02-14,0.51621869,0.16669778
loto,tien_nghiem,2024-02-15,0.56253688,0.18757485
loto,tien_nghiem,2024-02-16,0.51610955,0.16665819
loto,tien_nghiem,2024-02-17,0.55121507,0.18244901
loto,tien_nghiem,2024-02-18,0.57446919,0.19292195
loto,tien_nghiem,2024-02-19,0.52783868,0.17193166
loto,tien_nghiem,2024-02-20,0.57451348,0.19293792
loto,tien_nghiem,2024-02-21,0.53949589,0.17717906
loto,tien_nghiem,2024-02-22,0.56286768,0.18769469
loto,tien_nghiem,2024-02-23,0.56275527,0.18765397
loto,tien_nghiem,2024-02-24,0.56262113,0.18760546
loto,tien_nghiem,2024-02-25,0.50434517,0.16137203
loto,tien_nghiem,2024-02-26,0.56287632,0.18769781
loto,tien_nghiem,2024-02-27,0.55125095,0.18246190
loto,tien_nghiem,2024-02-28,0.55101005,0.18237473
loto,tien_nghiem,2024-02-29,0.55132764,0.18248968
loto,tien_nghiem,2024-03-01,0.56277503,0.18766115
loto,tien_nghiem,2024-03-02,0.52773603,0.17189451
loto,tien_nghiem,2024-03-03,0.55109975,0.18240723
loto,tien_nghiem,2024-03-04,0.53934253,0.17712360
loto,tien_nghiem,2024-03-05,0.51609226,0.16665201
loto,tien_nghiem,2024-03-06,0.53956608,0.17720448
loto,tien_nghiem,2024-03-07,0.52765809,0.17186632
loto,tien_nghiem,2024-03-08,0.52776622,0.17190551
loto,tien_nghiem,2024-03-09,0.51608564,0.16664957
loto,tien_nghiem,2024-03-10,0.56292779,0.18771639
loto,tien_nghiem,2024-03-11,0.55105681,0.18239168
loto,tien_nghiem,2024-03-12,0.55113637,0.18242047
loto,tien_nghiem,2024-03-13,0.53951985,0.17718776
loto,tien_nghiem,2024-03-14,0.52782747,0.17192761
loto,tien_nghiem,2024-03-15,0.57448506,0.19292768
loto,tien_nghiem,2024-03-16,0.56282933,0.18768080
loto,tien_nghiem,2024-03-17,0.55109094,0.18240398
loto,tien_nghiem,2024-03-18,0.52764419,0.17186128
loto,tien_nghiem,2024-03-19,0.56297743,0.18773438
loto,tien_nghiem,2024-03-20,0.55115148,0.18242594
loto,tien_nghiem,2024-03-21,0.55095462,0.18235465
loto,tien_nghiem,2024-03-22,0.51608260,0.16664847
loto,tien_nghiem,2024-03-23,0.55122748,0.18245338
loto,tien_nghiem,2024-03-24,0.57442250,0.19290505
loto,tien_nghiem,2024-03-25,0.55105220,0.18238998
loto,tien_nghiem,2024-03-26,0.55113014,0.18241819
loto,tien_nghiem,2024-03-27,0.52764630,0.17186204
loto,tien_nghiem,2024-03-28,0.56272231,0.18764206
loto,tien_nghiem,2024-03-29,0.55095516,0.18235486
loto,tien_nghiem,2024-03-30,0.53942253,0.17715255
loto,tien_nghiem,2024-03-31,0.55107276,0.18239743
loto,tien_nghiem,2024-04-01,0.53931310,0.17711288
loto,tien_nghiem,2024-04-02,0.55113232,0.18241899
loto,tien_nghiem,2024-04-03,0.52775269,0.17190054
loto,tien_nghiem,2024-04-04,0.50430718,0.16135825
loto,tien_nghiem,2024-04-05,0.55100542,0.18237306
loto,tien_nghiem,2024-04-06,0.53937354,0.17713477
loto,tien_nghiem,2024-04-07,0.56280578,0.18767230
loto,tien_nghiem,2024-04-08,0.53934698,0.17712517
loto,tien_nghiem,2024-04-09,0.51614428,0.16667080
loto,tien_nghiem,2024-04-10,0.55118224,0.18243702
loto,tien_nghiem,2024-04-11,0.53947097,0.17717009
loto,tien_nghiem,2024-04-12,0.52780093,0.17191800
loto,tien_nghiem,2024-04-13,0.55106007,0.18239282
loto,tien_nghiem,2024-04-14,0.53926654,0.17709608
loto,tien_nghiem,2024-04-15,0.56274344,0.18764968
loto,tien_nghiem,2024-04-16,0.56265237,0.18761677
loto,tien_nghiem,2024-04-17,0.53939473,0.17714249
loto,tien_nghiem,2024-04-18,0.57442903,0.19290739
loto,tien_nghiem,2024-04-19,0.53959111,0.17721354
loto,tien_nghiem,2024-04-20,0.50417554,0.16131067
loto,tien_nghiem,2024-04-21,0.53944182,0.17715957
loto,tien_nghiem,2024-04-22,0.55116109,0.18242939
loto,tien_nghiem,2024-04-23,0.56274182,0.18764912
loto,tien_nghiem,2024-04-24,0.53933054,0.17711920
loto,tien_nghiem,2024-04-25,0.55116137,0.18242946
loto,tien_nghiem,2024-04-26,0.55116301,0.18243011
loto,tien_nghiem,2024-04-27,0.58607983,0.19815254
loto,tien_nghiem,2024-04-28,0.55107833,0.18239937
loto,tien_nghiem,2024-04-29,0.57455181,0.19295183
loto,tien_nghiem,2024-04-30,0.56274843,0.18765158
loto,tien_nghiem,2024-05-01,0.56272334,0.18764243
loto,tien_nghiem,2024-05-02,0.55117812,0.18243557
loto,tien_nghiem,2024-05-03,0.52764633,0.17186208
loto,tien_nghiem,2024-05-04,0.57439647,0.19289561
loto,tien_nghiem,2024-05-05,0.51602484,0.16662759
loto,tien_nghiem,2024-05-06,0.56277956,0.18766279
loto,tien_nghiem,2024-05-07,0.55103241,0.18238282
loto,tien_nghiem,2024-05-08,0.55100852,0.18237419
loto,tien_nghiem,2024-05-09,0.58621325,0.19820072
loto,tien_nghiem,2024-05-10,0.55102175,0.18237891
loto,tien_nghiem,2024-05-11,0.53929792,0.17710743
loto,tien_nghiem,2024-05-12,0.58616071,0.19818174
loto,tien_nghiem,2024-05-13,0.55111346,0.18241222
loto,tien_nghiem,2024-05-14,0.56279458,0.18766822
loto,tien_nghiem,2024-05-15,0.55110930,0.18241062
loto,tien_nghiem,2024-05-16,0.52775379,0.17190089
loto,tien_nghiem,2024-05-17,0.50436630,0.16137968
loto,tien_nghiem,2024-05-18,0.53948492,0.17717509
loto,tien_nghiem,2024-05-19,0.52771793,0.17188796
loto,tien_nghiem,2024-05-20,0.55067456,0.18225325
loto,tien_nghiem,2024-05-21,0.56279317,0.18766773
loto,tien_nghiem,2024-05-22,0.55114869,0.18242486
loto,tien_nghiem,2024-05-23,0.57462108,0.19297687
loto,tien_nghiem,2024-05-24,0.56277563,0.18766137
loto,tien_nghiem,2024-05-25,0.53951342,0.17718541
loto,tien_nghiem,2024-05-26,0.52769429,0.17187941
loto,tien_nghiem,2024-05-27,0.55098762,0.18236664
loto,tien_nghiem,2024-05-28,0.53934965,0.17712616
loto,tien_nghiem,2024-05-29,0.57439771,0.19289601
loto,tien_nghiem,2024-05-30,0.53933454,0.17712060
loto,tien_nghiem,2024-05-31,0.56285619,0.18769057
loto,tien_nghiem,2024-06-01,0.52768995,0.17187784
loto,tien_nghiem,2024-06-02,0.58627027,0.19822148
loto,tien_nghiem,2024-06-03,0.55097068,0.18236046
loto,tien_nghiem,2024-06-04,0.55115781,0.18242823
loto,tien_nghiem,2024-06-05,0.56274298,0.18764955
loto,tien_nghiem,2024-06-06,0.52781209,0.17192204
loto,tien_nghiem,2024-06-07,0.57440325,0.19289806
loto,tien_nghiem,2024-06-08,0.56281222,0.18767456
loto,tien_nghiem,2024-06-09,0.51606717,0.16664291
loto,tien_nghiem,2024-06-10,0.58611535,0.19816535
loto,tien_nghiem,2024-06-11,0.57468121,0.19299873
loto,tien_nghiem,2024-06-12,0.57439370,0.19289462
loto,tien_nghiem,2024-06-13,0.55113731,0.18242080
loto,tien_nghiem,2024-06-14,0.56262211,0.18760580
loto,tien_nghiem,2024-06-15,0.55100112,0.18237151
loto,tien_nghiem,2024-06-16,0.55099412,0.18236896
loto,tien_nghiem,2024-06-17,0.56272458,0.18764281
loto,tien_nghiem,2024-06-18,0.55092163,0.18234267
loto,tien_nghiem,2024-06-19,0.56271843,0.18764066
loto,tien_nghiem,2024-06-20,0.52779918,0.17191734
loto,tien_nghiem,2024-06-21,0.56277888,0.18766254
loto,tien_nghiem,2024-06-22,0.55098913,0.18236709
loto,tien_nghiem,2024-06-23,0.53928499,0.17710269
loto,tien_nghiem,2024-06-24,0.55108332,0.18240128
loto,tien_nghiem,2024-06-25,0.56277641,0.18766172
loto,tien_nghiem,2024-06-26,0.52764889,0.17186293
loto,tien_nghiem,2024-06-27,0.55108790,0.18240294
loto,tien_nghiem,2024-06-28,0.56289739,0.18770540
loto,tien_nghiem,2024-06-29,0.56266221,0.18762028
loto,tien_nghiem,2024-06-30,0.52784070,0.17193245
loto,tien_nghiem,2024-07-01,0.55103840,0.18238497
loto,tien_nghiem,2024-07-02,0.53952021,0.17718793
loto,tien_nghiem,2024-07-03,0.53939476,0.17714248
loto,tien_nghiem,2024-07-04,0.56284900,0.18768794
loto,tien_nghiem,2024-07-05,0.57440749,0.19289964
loto,tien_nghiem,2024-07-06,0.56288443,0.18770073
loto,tien_nghiem,2024-07-07,0.57445599,0.19291721
loto,tien_nghiem,2024-07-08,0.57453005,0.19294400
loto,tien_nghiem,2024-07-09,0.52773762,0.17189510
loto,tien_nghiem,2024-07-10,0.55113475,0.18241987
loto,tien_nghiem,2024-07-11,0.55112951,0.18241795
loto,tien_nghiem,2024-07-12,0.53934928,0.17712603
loto,tien_nghiem,2024-07-13,0.52768243,0.17187514
loto,tien_nghiem,2024-07-14,0.55107779,0.18239926
loto,tien_nghiem,2024-07-15,0.53937965,0.17713703
loto,tien_nghiem,2024-07-16,0.55082366,0.18230722
loto,tien_nghiem,2024-07-17,0.57453961,0.19294740
loto,tien_nghiem,2024-07-18,0.56269269,0.18763130
loto,tien_nghiem,2024-07-19,0.55085087,0.18231701
loto,tien_nghiem,2024-07-20,0.57431582,0.19286640
loto,tien_nghiem,2024-07-21,0.52763676,0.17185847
loto,tien_nghiem,2024-07-22,0.53945172,0.17716312
loto,tien_nghiem,2024-07-23,0.57440109,0.19289727
loto,tien_nghiem,2024-07-24,0.56251905,0.18756837
loto,tien_nghiem,2024-07-25,0.56247960,0.18755404
loto,tien_nghiem,2024-07-26,0.56249543,0.18755975
loto,tien_nghiem,2024-07-27,0.55091900,0.18234171
loto,tien_nghiem,2024-07-28,0.52776574,0.17190522
loto,tien_nghiem,2024-07-29,0.52782935,0.17192827
loto,tien_nghiem,2024-07-30,0.55096928,0.18235995
loto,tien_nghiem,2024-07-31,0.55111210,0.18241173
loto,tien_nghiem,2024-08-01,0.52765852,0.17186630
loto,tien_nghiem,2024-08-02,0.55108560,0.18240204
loto,tien_nghiem,2024-08-03,0.55116624,0.18243135
loto,tien_nghiem,2024-08-04,0.56275826,0.18765508
loto,tien_nghiem,2024-08-05,0.55088864,0.18233077
loto,tien_nghiem,2024-08-06,0.55117988,0.18243626
loto,tien_nghiem,2024-08-07,0.51608652,0.16664990
loto,tien_nghiem,2024-08-08,0.53936414,0.17713135
loto,tien_nghiem,2024-08-09,0.58596247,0.19810995
loto,tien_nghiem,2024-08-10,0.53932756,0.17711804
loto,tien_nghiem,2024-08-11,0.52767833,0.17187360
loto,tien_nghiem,2024-08-12,0.56269177,0.18763100
loto,tien_nghiem,2024-08-13,0.56269250,0.18763126
loto,tien_nghiem,2024-08-14,0.53942979,0.17715512
loto,tien_nghiem,2024-08-15,0.55083467,0.18231114
loto,tien_nghiem,2024-08-16,0.56267488,0.18762490
loto,tien_nghiem,2024-08-17,0.51633447,0.16673976
loto,tien_nghiem,2024-08-18,0.52780138,0.17191820
loto,tien_nghiem,2024-08-19,0.55100620,0.18237328
loto,tien_nghiem,2024-08-20,0.55124555,0.18246006
loto,tien_nghiem,2024-08-21,0.57417127,0.19281397
loto,tien_nghiem,2024-08-22,0.57440222,0.19289767
loto,tien_nghiem,2024-08-23,0.51617529,0.16668206
loto,tien_nghiem,2024-08-24,0.53950284,0.17718165
loto,tien_nghiem,2024-08-25,0.58605384,0.19814303
loto,tien_nghiem,2024-08-26,0.55127592,0.18247103
loto,tien_nghiem,2024-08-27,0.56280359,0.18767152
loto,tien_nghiem,2024-08-28,0.58598524,0.19811817
loto,tien_nghiem,2024-08-29,0.52765891,0.17186656
loto,tien_nghiem,2024-08-30,0.58620653,0.19819840
loto,tien_nghiem,2024-08-31,0.57439446,0.19289486
loto,tien_nghiem,2024-09-01,0.53956050,0.17720252
loto,tien_nghiem,2024-09-02,0.50440532,0.16139378
loto,tien_nghiem,2024-09-03,0.57419531,0.19282273
loto,tien_nghiem,2024-09-04,0.56282133,0.18767792
loto,tien_nghiem,2024-09-05,0.52778416,0.17191191
loto,tien_nghiem,2024-09-06,0.53938650,0.17713946
loto,tien_nghiem,2024-09-07,0.56266303,0.18762051
loto,tien_nghiem,2024-09-08,0.50457952,0.16145692
loto,tien_nghiem,2024-09-09,0.53929786,0.17710724
loto,tien_nghiem,2024-09-10,0.53942739,0.17715428
loto,tien_nghiem,2024-09-11,0.55108695,0.18240254
loto,tien_nghiem,2024-09-12,0.53955796,0.17720164
loto,tien_nghiem,2024-09-13,0.56278798,0.18766584
loto,tien_nghiem,2024-09-14,0.52767799,0.17187340
loto,tien_nghiem,2024-09-15,0.52792842,0.17196428
loto,tien_nghiem,2024-09-16,0.56271060,0.18763784
loto,tien_nghiem,2024-09-17,0.56278677,0.18766543
loto,tien_nghiem,2024-09-18,0.55101457,0.18237632
loto,tien_nghiem,2024-09-19,0.57429451,0.19285864
loto,tien_nghiem,2024-09-20,0.55107152,0.18239697
loto,tien_nghiem,2024-09-21,0.53928794,0.17710372
loto,tien_nghiem,2024-09-22,0.58614172,0.19817497
loto,tien_nghiem,2024-09-23,0.51611762,0.16666114
loto,tien_nghiem,2024-09-24,0.57433264,0.19287240
loto,tien_nghiem,2024-09-25,0.51620325,0.16669216
loto,tien_nghiem,2024-09-26,0.55115352,0.18242671
loto,tien_nghiem,2024-09-27,0.56278482,0.18766469
loto,tien_nghiem,2024-09-28,0.53942278,0.17715260
loto,tien_nghiem,2024-09-29,0.55107772,0.18239919
loto,tien_nghiem,2024-09-30,0.53951598,0.17718643
loto,tien_nghiem,2024-10-01,0.53946666,0.17716851
loto,tien_nghiem,2024-10-02,0.55117478,0.18243440
loto,tien_nghiem,2024-10-03,0.55114618,0.18242406
loto,tien_nghiem,2024-10-04,0.52780509,0.17191956
loto,tien_nghiem,2024-10-05,0.53956697,0.17720490
loto,tien_nghiem,2024-10-06,0.57440467,0.19289859
loto,tien_nghiem,2024-10-07,0.56269348,0.18763158
loto,tien_nghiem,2024-10-08,0.53957931,0.17720941
loto,tien_nghiem,2024-10-09,0.55118697,0.18243883
loto,tien_nghiem,2024-10-10,0.52783784,0.17193141
loto,tien_nghiem,2024-10-11,0.55113903,0.18242144
loto,tien_nghiem,2024-10-12,0.53949122,0.17717744
loto,tien_nghiem,2024-10-13,0.53961618,0.17722278
loto,tien_nghiem,2024-10-14,0.53948848,0.17717646
loto,tien_nghiem,2024-10-15,0.56271382,0.18763898
loto,tien_nghiem,2024-10-16,0.51622124,0.16669875
loto,tien_nghiem,2024-10-17,0.55104674,0.18238798
loto,tien_nghiem,2024-10-18,0.52785344,0.17193704
loto,tien_nghiem,2024-10-19,0.52780714,0.17192030
loto,tien_nghiem,2024-10-20,0.52776472,0.17190486
loto,tien_nghiem,2024-10-21,0.57433755,0.19287420
loto,tien_nghiem,2024-10-22,0.55101685,0.18237716
loto,tien_nghiem,2024-10-23,0.58615141,0.19817850
loto,tien_nghiem,2024-10-24,0.52764835,0.17186267
loto,tien_nghiem,2024-10-25,0.56276695,0.18765818
loto,tien_nghiem,2024-10-26,0.52782009,0.17192500
loto,tien_nghiem,2024-10-27,0.53949623,0.17717929
loto,tien_nghiem,2024-10-28,0.56277995,0.18766292
loto,tien_nghiem,2024-10-29,0.53949798,0.17717990
loto,tien_nghiem,2024-10-30,0.55116493,0.18243086
loto,tien_nghiem,2024-10-31,0.53933075,0.17711926
loto,tien_nghiem,2024-11-01,0.53935827,0.17712919
loto,tien_nghiem,2024-11-02,0.53951607,0.17718644
loto,tien_nghiem,2024-11-03,0.53936892,0.17713306
loto,tien_nghiem,2024-11-04,0.55122427,0.18245235
loto,tien_nghiem,2024-11-05,0.52783020,0.17192865
loto,tien_nghiem,2024-11-06,0.53938080,0.17713738
loto,tien_nghiem,2024-11-07,0.55118278,0.18243732
loto,tien_nghiem,2024-11-08,0.57436276,0.19288339
loto,tien_nghiem,2024-11-09,0.53945765,0.17716523
loto,tien_nghiem,2024-11-10,0.55099445,0.18236896
loto,tien_nghiem,2024-11-11,0.58598872,0.19811945
loto,tien_nghiem,2024-11-12,0.53956075,0.17720267
loto,tien_nghiem,2024-11-13,0.52773712,0.17189489
loto,tien_nghiem,2024-11-14,0.52784089,0.17193252
loto,tien_nghiem,2024-11-15,0.56271279,0.18763858
loto,tien_nghiem,2024-11-16,0.55107027,0.18239651
loto,tien_nghiem,2024-11-17,0.55108975,0.18240362
loto,tien_nghiem,2024-11-18,0.55098172,0.18236437
loto,tien_nghiem,2024-11-19,0.52779248,0.17191499
loto,tien_nghiem,2024-11-20,0.53966696,0.17724120
loto,tien_nghiem,2024-11-21,0.52779096,0.17191439
loto,tien_nghiem,2024-11-22,0.53945164,0.17716311
loto,tien_nghiem,2024-11-23,0.56280975,0.18767377
loto,tien_nghiem,2024-11-24,0.50463460,0.16147694
loto,tien_nghiem,2024-11-25,0.57444315,0.19291252
loto,tien_nghiem,2024-11-26,0.55105185,0.18238980
loto,tien_nghiem,2024-11-27,0.56282054,0.18767768
loto,tien_nghiem,2024-11-28,0.53945913,0.17716581
loto,tien_nghiem,2024-11-29,0.56277096,0.18765974
loto,tien_nghiem,2024-11-30,0.56264451,0.18761380
loto,tien_nghiem,2024-12-01,0.56267416,0.18762457
loto,tien_nghiem,2024-12-02,0.52783117,0.17192902
loto,tien_nghiem,2024-12-03,0.55117062,0.18243290
loto,tien_nghiem,2024-12-04,0.53942289,0.17715265
loto,tien_nghiem,2024-12-05,0.52799114,0.17198702
loto,tien_nghiem,2024-12-06,0.56283427,0.18768265
loto,tien_nghiem,2024-12-07,0.53957698,0.17720857
loto,tien_nghiem,2024-12-08,0.55107837,0.18239945
loto,tien_nghiem,2024-12-09,0.55117376,0.18243406
loto,tien_nghiem,2024-12-10,0.55108953,0.18240350
loto,tien_nghiem,2024-12-11,0.51607806,0.16664680
loto,tien_nghiem,2024-12-12,0.53948874,0.17717655
loto,tien_nghiem,2024-12-13,0.51634795,0.16674469
loto,tien_nghiem,2024-12-14,0.55117432,0.18243422
loto,tien_nghiem,2024-12-15,0.55109109,0.18240406
loto,tien_nghiem,2024-12-16,0.53922463,0.17708079
loto,tien_nghiem,2024-12-17,0.53943418,0.17715680
loto,tien_nghiem,2024-12-18,0.55109862,0.18240679
loto,tien_nghiem,2024-12-19,0.57448481,0.19292762
loto,tien_nghiem,2024-12-20,0.53950355,0.17718191
loto,tien_nghiem,2024-12-21,0.56262724,0.18760764
loto,tien_nghiem,2024-12-22,0.56275366,0.18765341
loto,tien_nghiem,2024-12-23,0.56278389,0.18766435
loto,tien_nghiem,2024-12-24,0.53956474,0.17720404
loto,tien_nghiem,2024-12-25,0.56268201,0.18762744
loto,tien_nghiem,2024-12-26,0.55106539,0.18239476
loto,tien_nghiem,2024-12-27,0.52777553,0.17190886
loto,tien_nghiem,2024-12-28,0.55102242,0.18237919
loto,tien_nghiem,2024-12-29,0.58616153,0.19818209
loto,tien_nghiem,2024-12-30,0.50454511,0.16144441
loto,tien_nghiem,2024-12-31,0.56278634,0.18766525
loto,tien_nghiem,2025-01-01,0.50441779,0.16139831
loto,tien_nghiem,2025-01-02,0.57438977,0.19289314
loto,tien_nghiem,2025-01-03,0.56273183,0.18764552
loto,tien_nghiem,2025-01-04,0.53955027,0.17719879
loto,tien_nghiem,2025-01-05,0.56271751,0.18764033
loto,tien_nghiem,2025-01-06,0.55099938,0.18237081
loto,tien_nghiem,2025-01-07,0.57433315,0.19287269
loto,tien_nghiem,2025-01-08,0.57442275,0.19290516
loto,tien_nghiem,2025-01-09,0.55118257,0.18243718
loto,tien_nghiem,2025-01-10,0.55123548,0.18245639
loto,tien_nghiem,2025-01-11,0.55117058,0.18243286
loto,tien_nghiem,2025-01-12,0.56284666,0.18768712
loto,tien_nghiem,2025-01-13,0.53935198,0.17712699
loto,tien_nghiem,2025-01-14,0.53938194,0.17713783
loto,tien_nghiem,2025-01-15,0.52784612,0.17193443
loto,tien_nghiem,2025-01-16,0.56279274,0.18766754
loto,tien_nghiem,2025-01-17,0.56283158,0.18768160
loto,tien_nghiem,2025-01-18,0.51601451,0.16662378
loto,tien_nghiem,2025-01-19,0.57460283,0.19297037
loto,tien_nghiem,2025-01-20,0.57430764,0.19286340
loto,tien_nghiem,2025-01-21,0.57455072,0.19295151
loto,tien_nghiem,2025-01-22,0.53955567,0.17720078
loto,tien_nghiem,2025-01-23,0.55107659,0.18239881
loto,tien_nghiem,2025-01-24,0.56272713,0.18764381
loto,tien_nghiem,2025-01-25,0.55115041,0.18242554
loto,tien_nghiem,2025-01-26,0.56279967,0.18767010
loto,tien_nghiem,2025-01-27,0.57439285,0.19289430
loto,tien_nghiem,2025-02-02,0.53948968,0.17717688
loto,tien_nghiem,2025-02-03,0.52781546,0.17192331
loto,tien_nghiem,2025-02-04,0.55116747,0.18243173
loto,tien_nghiem,2025-02-05,0.57448440,0.19292745
loto,tien_nghiem,2025-02-06,0.57435324,0.19287996
loto,tien_nghiem,2025-02-07,0.57415897,0.19280937
loto,tien_nghiem,2025-02-08,0.53947001,0.17716978
loto,tien_nghiem,2025-02-09,0.57424742,0.19284149
loto,tien_nghiem,2025-02-10,0.56278215,0.18766382
loto,tien_nghiem,2025-02-11,0.53946544,0.17716810
loto,tien_nghiem,2025-02-12,0.57423314,0.19283626
loto,tien_nghiem,2025-02-13,0.52785365,0.17193716
loto,tien_nghiem,2025-02-14,0.52780311,0.17191878
loto,tien_nghiem,2025-02-15,0.55108098,0.18240041
loto,tien_nghiem,2025-02-16,0.55115608,0.18242772
loto,tien_nghiem,2025-02-17,0.53946769,0.17716890
loto,tien_nghiem,2025-02-18,0.52783764,0.17193135
loto,tien_nghiem,2025-02-19,0.53945902,0.17716574
loto,tien_nghiem,2025-02-20,0.56278139,0.18766352
loto,tien_nghiem,2025-02-21,0.53949426,0.17717859
loto,tien_nghiem,2025-02-22,0.52798303,0.17198419
loto,tien_nghiem,2025-02-23,0.51622807,0.16670120
loto,tien_nghiem,2025-02-24,0.55099125,0.18236781
loto,tien_nghiem,2025-02-25,0.53946080,0.17716635
loto,tien_nghiem,2025-02-26,0.55094742,0.18235184
loto,tien_nghiem,2025-02-27,0.55113516,0.18242009
loto,tien_nghiem,2025-02-28,0.56265217,0.18761654
loto,tien_nghiem,2025-03-01,0.55103829,0.18238484
loto,tien_nghiem,2025-03-02,0.52775285,0.17190054
loto,tien_nghiem,2025-03-03,0.55099879,0.18237051
loto,tien_nghiem,2025-03-04,0.55097297,0.18236109
loto,tien_nghiem,2025-03-05,0.53940100,0.17714466
loto,tien_nghiem,2025-03-06,0.53958845,0.17721284
loto,tien_nghiem,2025-03-07,0.55112956,0.18241804
loto,tien_nghiem,2025-03-08,0.55098715,0.18236629
loto,tien_nghiem,2025-03-09,0.55109066,0.18240388
loto,tien_nghiem,2025-03-10,0.56281481,0.18767563
loto,tien_nghiem,2025-03-11,0.56262489,0.18760665
loto,tien_nghiem,2025-03-12,0.55112206,0.18241532
loto,tien_nghiem,2025-03-13,0.56262708,0.18760742
loto,tien_nghiem,2025-03-14,0.57443569,0.19290992
loto,tien_nghiem,2025-03-15,0.52789822,0.17195337
loto,tien_nghiem,2025-03-16,0.58587967,0.19807985
loto,tien_nghiem,2025-03-17,0.53948659,0.17717577
loto,tien_nghiem,2025-03-18,0.52803488,0.17200301
loto,tien_nghiem,2025-03-19,0.52802010,0.17199760
loto,tien_nghiem,2025-03-20,0.53953371,0.17719288
loto,tien_nghiem,2025-03-21,0.53955289,0.17719988
loto,tien_nghiem,2025-03-22,0.55119302,0.18244107
loto,tien_nghiem,2025-03-23,0.56255170,0.18758007
loto,tien_nghiem,2025-03-24,0.53936797,0.17713264
loto,tien_nghiem,2025-03-25,0.53949477,0.17717871
loto,tien_nghiem,2025-03-26,0.56267009,0.18762306
loto,tien_nghiem,2025-03-27,0.53947999,0.17717333
loto,tien_nghiem,2025-03-28,0.53953854,0.17719466
loto,tien_nghiem,2025-03-29,0.55109653,0.18240599
loto,tien_nghiem,2025-03-30,0.51631708,0.16673354
loto,tien_nghiem,2025-03-31,0.53942305,0.17715268
loto,tien_nghiem,2025-04-01,0.57430854,0.19286370
loto,tien_nghiem,2025-04-02,0.57434544,0.19287712
loto,tien_nghiem,2025-04-03,0.53958576,0.17721179
loto,tien_nghiem,2025-04-04,0.51622971,0.16670182
loto,tien_nghiem,2025-04-05,0.56278616,0.18766524
loto,tien_nghiem,2025-04-06,0.55116974,0.18243265
loto,tien_nghiem,2025-04-07,0.57416723,0.19281235
loto,tien_nghiem,2025-04-08,0.57421924,0.19283125
loto,tien_nghiem,2025-04-09,0.55118551,0.18243839
loto,tien_nghiem,2025-04-10,0.53935353,0.17712743
loto,tien_nghiem,2025-04-11,0.53930124,0.17710845
loto,tien_nghiem,2025-04-12,0.57421948,0.19283137
loto,tien_nghiem,2025-04-13,0.55120772,0.18244643
loto,tien_nghiem,2025-04-14,0.53947863,0.17717286
loto,tien_nghiem,2025-04-15,0.52796491,0.17197756
loto,tien_nghiem,2025-04-16,0.55106004,0.18239277
loto,tien_nghiem,2025-04-17,0.55104672,0.18238795
loto,tien_nghiem,2025-04-18,0.55103337,0.18238306
loto,tien_nghiem,2025-04-19,0.56277209,0.18766016
loto,tien_nghiem,2025-04-20,0.50474320,0.16151635
loto,tien_nghiem,2025-04-21,0.53943455,0.17715690
loto,tien_nghiem,2025-04-22,0.53929709,0.17710694
loto,tien_nghiem,2025-04-23,0.53942888,0.17715481
loto,tien_nghiem,2025-04-24,0.55109172,0.18240428
loto,tien_nghiem,2025-04-25,0.55109750,0.18240638
loto,tien_nghiem,2025-04-26,0.57451261,0.19293782
loto,tien_nghiem,2025-04-27,0.53945504,0.17716436
loto,tien_nghiem,2025-04-28,0.53939603,0.17714292
loto,tien_nghiem,2025-04-29,0.53945195,0.17716322
loto,tien_nghiem,2025-04-30,0.56273153,0.18764542
loto,tien_nghiem,2025-05-01,0.52772504,0.17189044
loto,tien_nghiem,2025-05-02,0.53948244,0.17717426
loto,tien_nghiem,2025-05-03,0.55121005,0.18244727
loto,tien_nghiem,2025-05-04,0.55096311,0.18235755
loto,tien_nghiem,2025-05-05,0.52781986,0.17192491
loto,tien_nghiem,2025-05-06,0.53948529,0.17717532
loto,tien_nghiem,2025-05-07,0.55113700,0.18242075
loto,tien_nghiem,2025-05-08,0.56266205,0.18762020
loto,tien_nghiem,2025-05-09,0.55099905,0.18237063
loto,tien_nghiem,2025-05-10,0.55111540,0.18241289
loto,tien_nghiem,2025-05-11,0.55084059,0.18231310
loto,tien_nghiem,2025-05-12,0.56258332,0.18759160
loto,tien_nghiem,2025-05-13,0.55109452,0.18240530
loto,tien_nghiem,2025-05-14,0.55105354,0.18239042
loto,tien_nghiem,2025-05-15,0.50456819,0.16145285
loto,tien_nghiem,2025-05-16,0.53962579,0.17722627
loto,tien_nghiem,2025-05-17,0.57445017,0.19291499
loto,tien_nghiem,2025-05-18,0.52765328,0.17186453
loto,tien_nghiem,2025-05-19,0.52770419,0.17188301
loto,tien_nghiem,2025-05-20,0.55099686,0.18236988
loto,tien_nghiem,2025-05-21,0.56278426,0.18766449
loto,tien_nghiem,2025-05-22,0.52777991,0.17191043
loto,tien_nghiem,2025-05-23,0.56272972,0.18764474
loto,tien_nghiem,2025-05-24,0.55108104,0.18240042
loto,tien_nghiem,2025-05-25,0.53941472,0.17714972
loto,tien_nghiem,2025-05-26,0.56280366,0.18767150
loto,tien_nghiem,2025-05-27,0.56281575,0.18767589
loto,tien_nghiem,2025-05-28,0.53952673,0.17719030
loto,tien_nghiem,2025-05-29,0.57458510,0.19296392
loto,tien_nghiem,2025-05-30,0.56276997,0.18765933
loto,tien_nghiem,2025-05-31,0.53951354,0.17718550
loto,tien_nghiem,2025-06-01,0.52770235,0.17188229
loto,tien_nghiem,2025-06-02,0.51609271,0.16665217
loto,tien_nghiem,2025-06-03,0.55105719,0.18239177
loto,tien_nghiem,2025-06-04,0.51604411,0.16663458
loto,tien_nghiem,2025-06-05,0.56276285,0.18765671
loto,tien_nghiem,2025-06-06,0.53942162,0.17715221
loto,tien_nghiem,2025-06-07,0.51611220,0.16665919
loto,tien_nghiem,2025-06-08,0.58627530,0.19822330
loto,tien_nghiem,2025-06-09,0.53947860,0.17717286
loto,tien_nghiem,2025-06-10,0.49269247,0.15612623
loto,tien_nghiem,2025-06-11,0.56283199,0.18768179
loto,tien_nghiem,2025-06-12,0.57447342,0.19292351
loto,tien_nghiem,2025-06-13,0.52771434,0.17188667
loto,tien_nghiem,2025-06-14,0.51631806,0.16673377
loto,tien_nghiem,2025-06-15,0.55095599,0.18235514
loto,tien_nghiem,2025-06-16,0.56265498,0.18761768
loto,tien_nghiem,2025-06-17,0.56279995,0.18767017
loto,tien_nghiem,2025-06-18,0.57432440,0.19286947
loto,tien_nghiem,2025-06-19,0.53939403,0.17714223
loto,tien_nghiem,2025-06-20,0.55111657,0.18241329
loto,tien_nghiem,2025-06-21,0.56267896,0.18762633
loto,tien_nghiem,2025-06-22,0.56273332,0.18764604
loto,tien_nghiem,2025-06-23,0.57442282,0.19290504
loto,tien_nghiem,2025-06-24,0.55112297,0.18241557
loto,tien_nghiem,2025-06-25,0.55115511,0.18242725
loto,tien_nghiem,2025-06-26,0.56282812,0.18768041
loto,tien_nghiem,2025-06-27,0.57444223,0.19291220
loto,tien_nghiem,2025-06-28,0.56274005,0.18764846
loto,tien_nghiem,2025-06-29,0.57452717,0.19294291
loto,tien_nghiem,2025-06-30,0.56259186,0.18759480
loto,tien_nghiem,2025-07-01,0.57431532,0.19286619
loto,tien_nghiem,2025-07-02,0.53955949,0.17720218
loto,tien_nghiem,2025-07-03,0.55115084,0.18242567
loto,tien_nghiem,2025-07-04,0.53937140,0.17713402
loto,tien_nghiem,2025-07-05,0.53947729,0.17717238
loto,tien_nghiem,2025-07-06,0.56277896,0.18766258
loto,tien_nghiem,2025-07-07,0.52776100,0.17190356
loto,tien_nghiem,2025-07-08,0.53938194,0.17713781
loto,tien_nghiem,2025-07-09,0.53962790,0.17722691
loto,tien_nghiem,2025-07-10,0.56275884,0.18765528
loto,tien_nghiem,2025-07-11,0.52783808,0.17193149
loto,tien_nghiem,2025-07-12,0.56278701,0.18766553
loto,tien_nghiem,2025-07-13,0.53952192,0.17718854
loto,tien_nghiem,2025-07-14,0.56276741,0.18765840
loto,tien_nghiem,2025-07-15,0.53933942,0.17712243
loto,tien_nghiem,2025-07-16,0.56268655,0.18762914
loto,tien_nghiem,2025-07-17,0.55117564,0.18243466
loto,tien_nghiem,2025-07-18,0.51619328,0.16668855
loto,tien_nghiem,2025-07-19,0.53929445,0.17710617
loto,tien_nghiem,2025-07-20,0.57450564,0.19293516
loto,tien_nghiem,2025-07-21,0.56264558,0.18761422
loto,tien_nghiem,2025-07-22,0.56271103,0.18763796
loto,tien_nghiem,2025-07-23,0.58614035,0.19817439
loto,tien_nghiem,2025-07-24,0.56257473,0.18758859
loto,tien_nghiem,2025-07-25,0.53941111,0.17714839
loto,tien_nghiem,2025-07-26,0.56268617,0.18762893
loto,tien_nghiem,2025-07-27,0.56260265,0.18759868
loto,tien_nghiem,2025-07-28,0.55110608,0.18240946
loto,tien_nghiem,2025-07-29,0.55105059,0.18238932
loto,tien_nghiem,2025-07-30,0.56268447,0.18762835
loto,tien_nghiem,2025-07-31,0.52771800,0.17188800
loto,tien_nghiem,2025-08-01,0.57446637,0.19292094
loto,tien_nghiem,2025-08-02,0.55119573,0.18244193
loto,tien_nghiem,2025-08-03,0.56275472,0.18765378
loto,tien_nghiem,2025-08-04,0.55107179,0.18239705
loto,tien_nghiem,2025-08-05,0.55117364,0.18243401
loto,tien_nghiem,2025-08-06,0.52770193,0.17188209
loto,tien_nghiem,2025-08-07,0.52777018,0.17190688
loto,tien_nghiem,2025-08-08,0.52762213,0.17185329
loto,tien_nghiem,2025-08-09,0.55108516,0.18240193
loto,tien_nghiem,2025-08-10,0.55125062,0.18246184
loto,tien_nghiem,2025-08-11,0.51615828,0.16667590
loto,tien_nghiem,2025-08-12,0.52788128,0.17194713
loto,tien_nghiem,2025-08-13,0.52780869,0.17192080
loto,tien_nghiem,2025-08-14,0.56284655,0.18768705
loto,tien_nghiem,2025-08-15,0.51605364,0.16663797
loto,tien_nghiem,2025-08-16,0.57439167,0.19289386
loto,tien_nghiem,2025-08-17,0.55110871,0.18241044
loto,tien_nghiem,2025-08-18,0.55112043,0.18241468
loto,tien_nghiem,2025-08-19,0.52769756,0.17188058
loto,tien_nghiem,2025-08-20,0.52769134,0.17187834
loto,tien_nghiem,2025-08-21,0.53949738,0.17717965
loto,tien_nghiem,2025-08-22,0.55105651,0.18239155
loto,tien_nghiem,2025-08-23,0.56282443,0.18767907
loto,tien_nghiem,2025-08-24,0.55117059,0.18243287
loto,tien_nghiem,2025-08-25,0.55096591,0.18235864
loto,tien_nghiem,2025-08-26,0.55107673,0.18239888
loto,tien_nghiem,2025-08-27,0.56276095,0.18765604
loto,tien_nghiem,2025-08-28,0.53940969,0.17714789
loto,tien_nghiem,2025-08-29,0.52776230,0.17190406
loto,tien_nghiem,2025-08-30,0.56281028,0.18767394
loto,tien_nghiem,2025-08-31,0.56269586,0.18763248
loto,tien_nghiem,2025-09-01,0.56286764,0.18769469
loto,tien_nghiem,2025-09-02,0.56273728,0.18764747
loto,tien_nghiem,2025-09-03,0.52783196,0.17192923
loto,tien_nghiem,2025-09-04,0.52776650,0.17190555
loto,tien_nghiem,2025-09-05,0.53961059,0.17722069
loto,tien_nghiem,2025-09-06,0.51618545,0.16668573
loto,tien_nghiem,2025-09-07,0.56269566,0.18763242
loto,tien_nghiem,2025-09-08,0.55128473,0.18247427
loto,tien_nghiem,2025-09-09,0.57428541,0.19285532
loto,tien_nghiem,2025-09-10,0.52778972,0.17191396
loto,tien_nghiem,2025-09-11,0.53933056,0.17711922
loto,tien_nghiem,2025-09-12,0.55118326,0.18243743
loto,tien_nghiem,2025-09-13,0.57446507,0.19292046
loto,tien_nghiem,2025-09-14,0.56269530,0.18763230
loto,tien_nghiem,2025-09-15,0.57441113,0.19290094
loto,tien_nghiem,2025-09-16,0.58601995,0.19813078
loto,tien_nghiem,2025-09-17,0.52775837,0.17190257
loto,tien_nghiem,2025-09-18,0.56278581,0.18766508
loto,tien_nghiem,2025-09-19,0.55111908,0.18241423
loto,tien_nghiem,2025-09-20,0.57443846,0.19291081
loto,tien_nghiem,2025-09-21,0.55109604,0.18240587
loto,tien_nghiem,2025-09-22,0.55107263,0.18239737
loto,tien_nghiem,2025-09-23,0.56267131,0.18762358
loto,tien_nghiem,2025-09-24,0.55104378,0.18238691
loto,tien_nghiem,2025-09-25,0.53930118,0.17710856
loto,tien_nghiem,2025-09-26,0.55122017,0.18245084
loto,tien_nghiem,2025-09-27,0.52777357,0.17190813
loto,tien_nghiem,2025-09-28,0.56267195,0.18762376
loto,tien_nghiem,2025-09-29,0.56289633,0.18770515
loto,tien_nghiem,2025-09-30,0.53950122,0.17718103
loto,tien_nghiem,2025-10-01,0.56271330,0.18763880
loto,tien_nghiem,2025-10-02,0.57440641,0.19289917
loto,tien_nghiem,2025-10-03,0.53939401,0.17714221
loto,tien_nghiem,2025-10-04,0.55109431,0.18240526
loto,tien_nghiem,2025-10-05,0.53951489,0.17718599
loto,tien_nghiem,2025-10-06,0.53948683,0.17717587
loto,tien_nghiem,2025-10-07,0.57452774,0.19294313
loto,tien_nghiem,2025-10-08,0.56278370,0.18766432
loto,tien_nghiem,2025-10-09,0.56279912,0.18766992
loto,tien_nghiem,2025-10-10,0.53951756,0.17718697
loto,tien_nghiem,2025-10-11,0.52789007,0.17195033
loto,tien_nghiem,2025-10-12,0.51623133,0.16670239
loto,tien_nghiem,2025-10-13,0.55096998,0.18236014
loto,tien_nghiem,2025-10-14,0.57441044,0.19290071
loto,tien_nghiem,2025-10-15,0.53942391,0.17715301
loto,tien_nghiem,2025-10-16,0.51627348,0.16671768
loto,tien_nghiem,2025-10-17,0.56264011,0.18761218
loto,tien_nghiem,2025-10-18,0.55100248,0.18237181
loto,tien_nghiem,2025-10-19,0.57435324,0.19287995
loto,tien_nghiem,2025-10-20,0.53964336,0.17723274
loto,tien_nghiem,2025-10-21,0.53948279,0.17717440
loto,tien_nghiem,2025-10-22,0.53948829,0.17717641
loto,tien_nghiem,2025-10-23,0.55108049,0.18240018
loto,tien_nghiem,2025-10-24,0.53946333,0.17716734
loto,tien_nghiem,2025-10-25,0.55112984,0.18241818
loto,tien_nghiem,2025-10-26,0.52787413,0.17194459
loto,tien_nghiem,2025-10-27,0.57416703,0.19281228
loto,tien_nghiem,2025-10-28,0.57408044,0.19278076
loto,tien_nghiem,2025-10-29,0.56281169,0.18767452
loto,tien_nghiem,2025-10-30,0.56266059,0.18761965
loto,tien_nghiem,2025-10-31,0.56263738,0.18761116
loto,tien_nghiem,2025-11-01,0.55108408,0.18240154
loto,tien_nghiem,2025-11-02,0.52779477,0.17191576
loto,tien_nghiem,2025-11-03,0.56262255,0.18760581
loto,tien_nghiem,2025-11-04,0.53945286,0.17716355
loto,tien_nghiem,2025-11-05,0.55120681,0.18244612
loto,tien_nghiem,2025-11-06,0.53929700,0.17710689
loto,tien_nghiem,2025-11-07,0.56268870,0.18762982
loto,tien_nghiem,2025-11-08,0.57442759,0.19290699
loto,tien_nghiem,2025-11-09,0.55100553,0.18237297
loto,tien_nghiem,2025-11-10,0.55106947,0.18239620
loto,tien_nghiem,2025-11-11,0.52777522,0.17190867
loto,tien_nghiem,2025-11-12,0.53945452,0.17716416
loto,tien_nghiem,2025-11-13,0.51627319,0.16671760
loto,tien_nghiem,2025-11-14,0.55115332,0.18242665
loto,tien_nghiem,2025-11-15,0.52796599,0.17197796
loto,tien_nghiem,2025-11-16,0.57422759,0.19283425
loto,tien_nghiem,2025-11-17,0.51632343,0.16673588
loto,tien_nghiem,2025-11-18,0.53956165,0.17720305
loto,tien_nghiem,2025-11-19,0.55105807,0.18239208
loto,tien_nghiem,2025-11-20,0.53958953,0.17721314
loto,tien_nghiem,2025-11-21,0.51631629,0.16673325
loto,tien_nghiem,2025-11-22,0.53953229,0.17719238
loto,tien_nghiem,2025-11-23,0.56270461,0.18763565
loto,tien_nghiem,2025-11-24,0.52793058,0.17196510
loto,tien_nghiem,2025-11-25,0.57423687,0.19283767
loto,tien_nghiem,2025-11-26,0.55118999,0.18244000
loto,tien_nghiem,2025-11-27,0.56264283,0.18761320
loto,tien_nghiem,2025-11-28,0.55120790,0.18244650
loto,tien_nghiem,2025-11-29,0.52783800,0.17193148
loto,tien_nghiem,2025-11-30,0.58586356,0.19807402
loto,tien_nghiem,2025-12-01,0.52795502,0.17197395
loto,tien_nghiem,2025-12-02,0.56268169,0.18762731
loto,tien_nghiem,2025-12-03,0.53934498,0.17712438
loto,tien_nghiem,2025-12-04,0.55115354,0.18242673
loto,tien_nghiem,2025-12-05,0.53942280,0.17715259
loto,tien_nghiem,2025-12-06,0.56269754,0.18763306
loto,tien_nghiem,2025-12-07,0.53945577,0.17716458
loto,tien_nghiem,2025-12-08,0.53943961,0.17715871
loto,tien_nghiem,2025-12-09,0.55117293,0.18243376
loto,tien_nghiem,2025-12-10,0.55111746,0.18241362
loto,tien_nghiem,2025-12-11,0.53936986,0.17713343
loto,tien_nghiem,2025-12-12,0.55104508,0.18238734
loto,tien_nghiem,2025-12-13,0.55100277,0.18237200
loto,tien_nghiem,2025-12-14,0.56281693,0.18767635
loto,tien_nghiem,2025-12-15,0.57432941,0.19287131
loto,tien_nghiem,2025-12-16,0.55109854,0.18240682
loto,tien_nghiem,2025-12-17,0.52778640,0.17191272
loto,tien_nghiem,2025-12-18,0.56280006,0.18767025
loto,tien_nghiem,2025-12-19,0.55102194,0.18237899
loto,tien_nghiem,2025-12-20,0.53942176,0.17715225
loto,tien_nghiem,2025-12-21,0.56266770,0.18762222
loto,tien_nghiem,2025-12-22,0.57434839,0.19287811
loto,tien_nghiem,2025-12-23,0.56271144,0.18763808
loto,tien_nghiem,2025-12-24,0.57439109,0.19289364
loto,tien_nghiem,2025-12-25,0.52802802,0.17200044
loto,tien_nghiem,2025-12-26,0.57426445,0.19284771
loto,tien_nghiem,2025-12-27,0.52798013,0.17198303
loto,tien_nghiem,2025-12-28,0.58608089,0.19815294
loto,tien_nghiem,2025-12-29,0.56273554,0.18764686
loto,tien_nghiem,2025-12-30,0.55106334,0.18239398
loto,tien_nghiem,2025-12-31,0.56268085,0.18762701
loto,tien_nghiem,2026-01-01,0.51610672,0.16665723
loto,tien_nghiem,2026-01-02,0.55092122,0.18234238
loto,tien_nghiem,2026-01-03,0.56278687,0.18766545
loto,tien_nghiem,2026-01-04,0.55113940,0.18242161
loto,tien_nghiem,2026-01-05,0.55104002,0.18238552
loto,tien_nghiem,2026-01-06,0.56276757,0.18765846
loto,tien_nghiem,2026-01-07,0.56272097,0.18764156
loto,tien_nghiem,2026-01-08,0.53941887,0.17715122
loto,tien_nghiem,2026-01-09,0.53946629,0.17716844
loto,tien_nghiem,2026-01-10,0.52761161,0.17184937
loto,tien_nghiem,2026-01-11,0.53933272,0.17711997
loto,tien_nghiem,2026-01-12,0.56262319,0.18760608
loto,tien_nghiem,2026-01-13,0.56252104,0.18756901
loto,tien_nghiem,2026-01-14,0.52791330,0.17195876
loto,tien_nghiem,2026-01-15,0.52770521,0.17188330
loto,tien_nghiem,2026-01-16,0.56286048,0.18769222
loto,tien_nghiem,2026-01-17,0.55099352,0.18236868
loto,tien_nghiem,2026-01-18,0.53945594,0.17716465
loto,tien_nghiem,2026-01-19,0.55137114,0.18250564
loto,tien_nghiem,2026-01-20,0.53932962,0.17711882
loto,tien_nghiem,2026-01-21,0.52780573,0.17191979
loto,tien_nghiem,2026-01-22,0.56270001,0.18763398
loto,tien_nghiem,2026-01-23,0.55096258,0.18235742
loto,tien_nghiem,2026-01-24,0.55100654,0.18237338
loto,tien_nghiem,2026-01-25,0.53943765,0.17715802
loto,tien_nghiem,2026-01-26,0.56280888,0.18767349
loto,tien_nghiem,2026-01-27,0.51636986,0.16675272
loto,tien_nghiem,2026-01-28,0.57439245,0.19289419
loto,tien_nghiem,2026-01-29,0.55112088,0.18241484
loto,tien_nghiem,2026-01-30,0.58603276,0.19813546
loto,tien_nghiem,2026-01-31,0.55110102,0.18240767
loto,tien_nghiem,2026-02-01,0.51621476,0.16669637
loto,tien_nghiem,2026-02-02,0.56278342,0.18766421
loto,tien_nghiem,2026-02-03,0.52791015,0.17195769
loto,tien_nghiem,2026-02-04,0.57435014,0.19287878
loto,tien_nghiem,2026-02-05,0.56267202,0.18762381
loto,tien_nghiem,2026-02-06,0.58609928,0.19815961
loto,tien_nghiem,2026-02-07,0.56263604,0.18761072
loto,tien_nghiem,2026-02-08,0.53952791,0.17719079
loto,tien_nghiem,2026-02-09,0.57432561,0.19286992
loto,tien_nghiem,2026-02-10,0.53953738,0.17719421
loto,tien_nghiem,2026-02-11,0.52783410,0.17193009
loto,tien_nghiem,2026-02-12,0.51632424,0.16673615
loto,tien_nghiem,2026-02-13,0.55102864,0.18238139
loto,tien_nghiem,2026-02-14,0.55120460,0.18244526
loto,tien_nghiem,2026-02-15,0.55103674,0.18238433
loto,tien_nghiem,2026-02-21,0.55098890,0.18236695
loto,tien_nghiem,2026-02-22,0.53945090,0.17716282
loto,tien_nghiem,2026-02-23,0.57429677,0.19285948
loto,tien_nghiem,2026-02-24,0.56281524,0.18767583
loto,tien_nghiem,2026-02-25,0.56279170,0.18766722
loto,tien_nghiem,2026-02-26,0.51620626,0.16669329
loto,tien_nghiem,2026-02-27,0.53938461,0.17713876
loto,tien_nghiem,2026-02-28,0.57423210,0.19283595
loto,tien_nghiem,2026-03-01,0.53939523,0.17714258
loto,tien_nghiem,2026-03-02,0.55103480,0.18238363
loto,tien_nghiem,2026-03-03,0.53968595,0.17724811
loto,tien_nghiem,2026-03-04,0.56255052,0.18757967
loto,tien_nghiem,2026-03-05,0.55108358,0.18240133
loto,tien_nghiem,2026-03-06,0.55101351,0.18237590
loto,tien_nghiem,2026-03-07,0.55117346,0.18243402
loto,tien_nghiem,2026-03-08,0.53961054,0.17722081
loto,tien_nghiem,2026-03-09,0.53957447,0.17720762
loto,tien_nghiem,2026-03-10,0.53942630,0.17715389
loto,tien_nghiem,2026-03-11,0.55112972,0.18241810
loto,tien_nghiem,2026-03-12,0.56275178,0.18765270
loto,tien_nghiem,2026-03-13,0.55109049,0.18240389
loto,tien_nghiem,2026-03-14,0.57426490,0.19284786
loto,tien_nghiem,2026-03-15,0.57433380,0.19287288
loto,tien_nghiem,2026-03-16,0.55103517,0.18238377
loto,tien_nghiem,2026-03-17,0.52799551,0.17198875
loto,tien_nghiem,2026-03-18,0.55115455,0.18242716
loto,tien_nghiem,2026-03-19,0.53947927,0.17717305
loto,tien_nghiem,2026-03-20,0.56251446,0.18756647
loto,tien_nghiem,2026-03-21,0.56278965,0.18766658
loto,tien_nghiem,2026-03-22,0.56272587,0.18764333
loto,tien_nghiem,2026-03-23,0.51619663,0.16668972
loto,tien_nghiem,2026-03-24,0.57410618,0.19279010
loto,tien_nghiem,2026-03-25,0.56273667,0.18764733
loto,tien_nghiem,2026-03-26,0.53943846,0.17715829
loto,tien_nghiem,2026-03-27,0.55108660,0.18240240
loto,tien_nghiem,2026-03-28,0.55112192,0.18241525
loto,tien_nghiem,2026-03-29,0.53957455,0.17720777
loto,tien_nghiem,2026-03-30,0.55109118,0.18240413
loto,tien_nghiem,2026-03-31,0.57430818,0.19286358
loto,tien_nghiem,2026-04-01,0.50471995,0.16150793
loto,tien_nghiem,2026-04-02,0.56280816,0.18767332
loto,tien_nghiem,2026-04-03,0.53946684,0.17716857
loto,tien_nghiem,2026-04-04,0.55118623,0.18243867
loto,tien_nghiem,2026-04-05,0.53945698,0.17716501
loto,tien_nghiem,2026-04-06,0.53944581,0.17716092
loto,tien_nghiem,2026-04-07,0.55107656,0.18239876
loto,tien_nghiem,2026-04-08,0.53942458,0.17715323
loto,tien_nghiem,2026-04-09,0.53965097,0.17723556
loto,tien_nghiem,2026-04-10,0.51640327,0.16676495
loto,tien_nghiem,2026-04-11,0.56258918,0.18759364
loto,tien_nghiem,2026-04-12,0.57424389,0.19284019
loto,tien_nghiem,2026-04-13,0.53951300,0.17718539
loto,tien_nghiem,2026-04-14,0.51638720,0.16675904
loto,tien_nghiem,2026-04-15,0.55107568,0.18239847
loto,tien_nghiem,2026-04-16,0.57418955,0.19282042
loto,tien_nghiem,2026-04-17,0.55105788,0.18239194
loto,tien_nghiem,2026-04-18,0.57412022,0.19279519
loto,tien_nghiem,2026-04-19,0.55103942,0.18238529
loto,tien_nghiem,2026-04-20,0.51652837,0.16681039
loto,tien_nghiem,2026-04-21,0.53945220,0.17716327
loto,tien_nghiem,2026-04-22,0.52781096,0.17192156
loto,tien_nghiem,2026-04-23,0.53949293,0.17717805
loto,tien_nghiem,2026-04-24,0.57420270,0.19282521
loto,tien_nghiem,2026-04-25,0.55117520,0.18243464
loto,tien_nghiem,2026-04-26,0.55117553,0.18243473
loto,tien_nghiem,2026-04-27,0.55107084,0.18239672
loto,tien_nghiem,2026-04-28,0.55102046,0.18237833
loto,tien_nghiem,2026-04-29,0.56270203,0.18763472
loto,tien_nghiem,2026-04-30,0.52791626,0.17195993
loto,tien_nghiem,2026-05-01,0.56251868,0.18756795
loto,tien_nghiem,2026-05-02,0.55095713,0.18235531
loto,tien_nghiem,2026-05-03,0.55100455,0.18237255
loto,tien_nghiem,2026-05-04,0.52798963,0.17198662
loto,tien_nghiem,2026-05-05,0.52793593,0.17196702
loto,tien_nghiem,2026-05-06,0.55105960,0.18239263
loto,tien_nghiem,2026-05-07,0.55102705,0.18238073
loto,tien_nghiem,2026-05-08,0.56256731,0.18758578
loto,tien_nghiem,2026-05-09,0.55112431,0.18241614
loto,tien_nghiem,2026-05-10,0.53921411,0.17707671
loto,tien_nghiem,2026-05-11,0.53940840,0.17714736
loto,tien_nghiem,2026-05-12,0.51621091,0.16669496
loto,tien_nghiem,2026-05-13,0.57429712,0.19285951
loto,tien_nghiem,2026-05-14,0.56272004,0.18764124
loto,tien_nghiem,2026-05-15,0.55090872,0.18233771
loto,tien_nghiem,2026-05-16,0.53947076,0.17716997
loto,tien_nghiem,2026-05-17,0.56285049,0.18768864
loto,tien_nghiem,2026-05-18,0.55107609,0.18239865
loto,tien_nghiem,2026-05-19,0.56266635,0.18762173
loto,tien_nghiem,2026-05-20,0.53963452,0.17722955
loto,tien_nghiem,2026-05-21,0.52780759,0.17192044
loto,tien_nghiem,2026-05-22,0.55112843,0.18241756
loto,tien_nghiem,2026-05-23,0.55099911,0.18237067
loto,tien_nghiem,2026-05-24,0.52807685,0.17201821
loto,tien_nghiem,2026-05-25,0.57441467,0.19290227
loto,tien_nghiem,2026-05-26,0.56270659,0.18763629
loto,tien_nghiem,2026-05-27,0.55102393,0.18237967
loto,tien_nghiem,2026-05-28,0.51632789,0.16673743
loto,tien_nghiem,2026-05-29,0.53944183,0.17715954
loto,tien_nghiem,2026-05-30,0.53952119,0.17718823
loto,tien_nghiem,2026-05-31,0.55098563,0.18236576
loto,tien_nghiem,2026-06-01,0.56255566,0.18758145
loto,tien_nghiem,2026-06-02,0.53958588,0.17721187
loto,tien_nghiem,2026-06-03,0.56281389,0.18767537
loto,tien_nghiem,2026-06-04,0.56270943,0.18763739
loto,tien_nghiem,2026-06-05,0.53940711,0.17714688
loto,tien_nghiem,2026-06-06,0.56263612,0.18761077
loto,tien_nghiem,2026-06-07,0.53954775,0.17719802
loto,tien_nghiem,2026-06-08,0.53961647,0.17722298
loto,tien_nghiem,2026-06-09,0.56277517,0.18766129
loto,tien_nghiem,2026-06-10,0.55091126,0.18233871
loto,tien_nghiem,2026-06-11,0.57415594,0.19280826
loto,tien_nghiem,2026-06-12,0.53960308,0.17721806
loto,tien_nghiem,2026-06-13,0.56273417,0.18764633
loto,tien_nghiem,2026-06-14,0.51627375,0.16671781
loto,tien_nghiem,2026-06-15,0.56252715,0.18757110
loto,tien_nghiem,2026-06-16,0.53951280,0.17718532
loto,tien_nghiem,2026-06-17,0.56280918,0.18767362
loto,tien_nghiem,2026-06-18,0.55102159,0.18237880
loto,tien_nghiem,2026-06-19,0.52773277,0.17189321
loto,tien_nghiem,2026-06-20,0.56273804,0.18764776
loto,tien_nghiem,2026-06-21,0.53946791,0.17716894
loto,tien_nghiem,2026-06-22,0.55108066,0.18240029
loto,tien_nghiem,2026-06-23,0.57424171,0.19283937
loto,tien_nghiem,2026-06-24,0.57434083,0.19287543
loto,tien_nghiem,2026-06-25,0.57422502,0.19283336
loto,tien_nghiem,2026-06-26,0.50473205,0.16151234
loto,tien_nghiem,2026-06-27,0.51626721,0.16671539
loto,tien_nghiem,2026-06-28,0.56257117,0.18758709
loto,tien_nghiem,2026-06-29,0.55112833,0.18241758
loto,tien_nghiem,2026-06-30,0.56266258,0.18762039
loto,tien_nghiem,2026-07-01,0.55099416,0.18236875
loto,tien_nghiem,2026-07-02,0.53960744,0.17721971
loto,tien_nghiem,2026-07-03,0.56266221,0.18762020
loto,tien_nghiem,2026-07-04,0.52778634,0.17191261
loto,tien_nghiem,2026-07-05,0.53957020,0.17720619
loto,tien_nghiem,2026-07-06,0.53962246,0.17722518
loto,tien_nghiem,2026-07-07,0.52787343,0.17194435
loto,tien_nghiem,2026-07-08,0.52795932,0.17197561
loto,tien_nghiem,2026-07-09,0.55108653,0.18240239
loto,tien_nghiem,2026-07-10,0.57425233,0.19284319
loto,tien_nghiem,2026-07-11,0.56259135,0.18759445
loto,tien_nghiem,2026-07-12,0.55115357,0.18242682
loto,tien_nghiem,2026-07-13,0.56259991,0.18759757
loto,tien_nghiem,2026-07-14,0.56286922,0.18769550
loto,tien_nghiem,2026-07-15,0.55109475,0.18240539
loto,tien_nghiem,2026-07-16,0.52792435,0.17196282
loto,tien_nghiem,2026-07-17,0.52804674,0.17200734
loto,tien_nghiem,2026-07-18,0.55104288,0.18238656
loto,tien_nghiem,2026-07-19,0.55118678,0.18243886
loto,tien_nghiem,2026-07-20,0.52790381,0.17195537
loto,tien_nghiem,2026-07-21,0.52790511,0.17195586
loto,tien_nghiem,2026-07-22,0.53929263,0.17710522
loto,tien_nghiem,2026-07-23,0.53947067,0.17716997
loto,tien_nghiem,2026-07-24,0.56266933,0.18762280
loto,tien_nghiem,2026-07-25,0.53959701,0.17721592
loto,tien_nghiem,2026-07-26,0.51632731,0.16673726
loto,tien_nghiem,2026-07-27,0.55113250,0.18241913
loto,tien_nghiem,2026-07-28,0.56288199,0.18770011
loto,tien_nghiem,2026-07-29,0.51638217,0.16675722
loto,tien_nghiem,2026-07-30,0.56260598,0.18759977
loto,tien_nghiem,2026-07-31,0.52784662,0.17193455
loto,tien_nghiem,2026-08-01,0.56266834,0.18762242
loto,tien_nghiem,2026-08-02,0.57420033,0.19282435
loto,tien_nghiem,2026-08-03,0.53963660,0.17723033
loto,tien_nghiem,2026-08-04,0.53961235,0.17722151
loto,tien_nghiem,2026-08-05,0.56259539,0.18759589
loto,tien_nghiem,2026-08-06,0.51621825,0.16669763
loto,tien_nghiem,2026-08-07,0.53951753,0.17718701
loto,tien_nghiem,2026-08-08,0.56257323,0.18758785
loto,tien_nghiem,2026-08-09,0.56276782,0.18765860
loto,tien_nghiem,2026-08-10,0.53933646,0.17712116
loto,tien_nghiem,2026-08-11,0.52799210,0.17198748
loto,tien_nghiem,2026-08-12,0.52791485,0.17195939
loto,tien_nghiem,2026-08-13,0.52791698,0.17196021
loto,tien_nghiem,2026-08-14,0.56270409,0.18763545
loto,tien_nghiem,2026-08-15,0.52769481,0.17187955
loto,tien_nghiem,2026-08-16,0.53944213,0.17715965
loto,tien_nghiem,2026-08-17,0.56271677,0.18764001
loto,tien_nghiem,2026-08-18,0.57440789,0.19289972
loto,tien_nghiem,2026-08-19,0.55099835,0.18237043
loto,tien_nghiem,2026-08-20,0.53954650,0.17719751
loto,tien_nghiem,2026-08-21,0.57422174,0.19283224
loto,tien_nghiem,2026-08-22,0.55095475,0.18235459
loto,tien_nghiem,2026-08-23,0.55123498,0.18245626
loto,tien_nghiem,2026-08-24,0.51628913,0.16672332
loto,tien_nghiem,2026-08-25,0.53945044,0.17716266
loto,tien_nghiem,2026-08-26,0.57438989,0.19289319
loto,tien_nghiem,2026-08-27,0.55099679,0.18236988
loto,tien_nghiem,2026-08-28,0.55102558,0.18238032
loto,tien_nghiem,2026-08-29,0.56273987,0.18764841
loto,tien_nghiem,2026-08-30,0.56278886,0.18766615
loto,tien_nghiem,2026-08-31,0.55107377,0.18239775
loto,tien_nghiem,2026-09-01,0.57431942,0.19286766
loto,tien_nghiem,2026-09-02,0.53937183,0.17713415
loto,tien_nghiem,2026-09-03,0.53946158,0.17716671
loto,tien_nghiem,2026-09-04,0.55112021,0.18241459
loto,tien_nghiem,2026-09-05,0.55119553,0.18244193
loto,tien_nghiem,2026-09-06,0.56285064,0.18768858
loto,tien_nghiem,2026-09-07,0.53931148,0.17711223
loto,tien_nghiem,2026-09-08,0.52775485,0.17190133
loto,tien_nghiem,2026-09-09,0.55099615,0.18236962
loto,tien_nghiem,2026-09-10,0.55109084,0.18240397
loto,tien_nghiem,2026-09-11,0.55115218,0.18242624
loto,tien_nghiem,2026-09-12,0.55113835,0.18242119
loto,tien_nghiem,2026-09-13,0.51622022,0.16669835
loto,tien_nghiem,2026-09-14,0.57453503,0.19294588
loto,tien_nghiem,2026-09-15,0.52790569,0.17195602
loto,tien_nghiem,2026-09-16,0.53950924,0.17718397
loto,tien_nghiem,2026-09-17,0.56271856,0.18764071
loto,tien_nghiem,2026-09-18,0.51623199,0.16670264
loto,tien_nghiem,2026-09-19,0.52788946,0.17195009
loto,tien_nghiem,2026-09-20,0.55107495,0.18239819
loto,tien_nghiem,2026-09-21,0.55106262,0.18239373
loto,tien_nghiem,2026-09-22,0.51605674,0.16663912
loto,tien_nghiem,2026-09-23,0.56281316,0.18767503
loto,tien_nghiem,2026-09-24,0.56262478,0.18760669
loto,tien_nghiem,2026-09-25,0.53943638,0.17715752
loto,tien_nghiem,2026-09-26,0.55112946,0.18241798
loto,tien_nghiem,2026-09-27,0.52777599,0.17190901
loto,tien_nghiem,2026-09-28,0.51617256,0.16668109
loto,tien_nghiem,2026-09-29,0.57456079,0.19295516
loto,tien_nghiem,2026-09-30,0.53964586,0.17723345
loto,tien_nghiem,2026-10-01,0.51614190,0.16666997
loto,tien_nghiem,2026-10-02,0.55097186,0.18236087
loto,bayes_lgb,2023-12-26,0.55101475,0.18237638
loto,bayes_lgb,2023-12-27,0.51608113,0.16664793
loto,bayes_lgb,2023-12-28,0.53948834,0.17717638
loto,bayes_lgb,2023-12-29,0.55112238,0.18241538
loto,bayes_lgb,2023-12-30,0.56287045,0.18769574
loto,bayes_lgb,2023-12-31,0.52785330,0.17193699
loto,bayes_lgb,2024-01-01,0.55099385,0.18236881
loto,bayes_lgb,2024-01-02,0.55108319,0.18240120
loto,bayes_lgb,2024-01-03,0.56260310,0.18759884
loto,bayes_lgb,2024-01-04,0.57441010,0.19290055
loto,bayes_lgb,2024-01-05,0.52784943,0.17193559
loto,bayes_lgb,2024-01-06,0.51618396,0.16668519
loto,bayes_lgb,2024-01-07,0.55104421,0.18238708
loto,bayes_lgb,2024-01-08,0.56275092,0.18765242
loto,bayes_lgb,2024-01-09,0.53932264,0.17711632
loto,bayes_lgb,2024-01-10,0.56267091,0.18762340
loto,bayes_lgb,2024-01-11,0.55104778,0.18238836
loto,bayes_lgb,2024-01-12,0.56267883,0.18762631
loto,bayes_lgb,2024-01-13,0.52768368,0.17187554
loto,bayes_lgb,2024-01-14,0.55107503,0.18239823
loto,bayes_lgb,2024-01-15,0.55110591,0.18240943
loto,bayes_lgb,2024-01-16,0.53943950,0.17715869
loto,bayes_lgb,2024-01-17,0.58604110,0.19813847
loto,bayes_lgb,2024-01-18,0.55114165,0.18242237
loto,bayes_lgb,2024-01-19,0.57443246,0.19290863
loto,bayes_lgb,2024-01-20,0.52779278,0.17191508
loto,bayes_lgb,2024-01-21,0.56277182,0.18766000
loto,bayes_lgb,2024-01-22,0.57426766,0.19284892
loto,bayes_lgb,2024-01-23,0.52780876,0.17192088
loto,bayes_lgb,2024-01-24,0.58598287,0.19811736
loto,bayes_lgb,2024-01-25,0.57438419,0.19289114
loto,bayes_lgb,2024-01-26,0.55115900,0.18242868
loto,bayes_lgb,2024-01-27,0.53930815,0.17711100
loto,bayes_lgb,2024-01-28,0.56282397,0.18767888
loto,bayes_lgb,2024-01-29,0.52783912,0.17193185
loto,bayes_lgb,2024-01-30,0.53937160,0.17713410
loto,bayes_lgb,2024-01-31,0.52779041,0.17191420
loto,bayes_lgb,2024-02-01,0.52783380,0.17192992
loto,bayes_lgb,2024-02-02,0.55121808,0.18245007
loto,bayes_lgb,2024-02-03,0.53950234,0.17718147
loto,bayes_lgb,2024-02-04,0.55108825,0.18240304
loto,bayes_lgb,2024-02-05,0.55101696,0.18237719
loto,bayes_lgb,2024-02-06,0.57433474,0.19287323
loto,bayes_lgb,2024-02-07,0.52778388,0.17191184
loto,bayes_lgb,2024-02-08,0.51610890,0.16665798
loto,bayes_lgb,2024-02-14,0.51610325,0.16665595
loto,bayes_lgb,2024-02-15,0.56269219,0.18763114
loto,bayes_lgb,2024-02-16,0.51611818,0.16666135
loto,bayes_lgb,2024-02-17,0.55121263,0.18244811
loto,bayes_lgb,2024-02-18,0.57454881,0.19295101
loto,bayes_lgb,2024-02-19,0.52757052,0.17183444
loto,bayes_lgb,2024-02-20,0.57460110,0.19296961
loto,bayes_lgb,2024-02-21,0.53932094,0.17711583
loto,bayes_lgb,2024-02-22,0.56290270,0.18770726
loto,bayes_lgb,2024-02-23,0.56294339,0.18772236
loto,bayes_lgb,2024-02-24,0.56286084,0.18769217
loto,bayes_lgb,2024-02-25,0.50447983,0.16142082
loto,bayes_lgb,2024-02-26,0.56247519,0.18755256
loto,bayes_lgb,2024-02-27,0.55103407,0.18238319
loto,bayes_lgb,2024-02-28,0.55122928,0.18245421
loto,bayes_lgb,2024-02-29,0.55125487,0.18246341
loto,bayes_lgb,2024-03-01,0.56293268,0.18771813
loto,bayes_lgb,2024-03-02,0.52778399,0.17191193
loto,bayes_lgb,2024-03-03,0.55121187,0.18244779
loto,bayes_lgb,2024-03-04,0.53970711,0.17725578
loto,bayes_lgb,2024-03-05,0.51604061,0.16663333
loto,bayes_lgb,2024-03-06,0.53972135,0.17726078
loto,bayes_lgb,2024-03-07,0.52772860,0.17189183
loto,bayes_lgb,2024-03-08,0.52757515,0.17183632
loto,bayes_lgb,2024-03-09,0.51584284,0.16656154
loto,bayes_lgb,2024-03-10,0.56253538,0.18757440
loto,bayes_lgb,2024-03-11,0.55099719,0.18237018
loto,bayes_lgb,2024-03-12,0.55123174,0.18245489
loto,bayes_lgb,2024-03-13,0.53972763,0.17726308
loto,bayes_lgb,2024-03-14,0.52757575,0.17183646
loto,bayes_lgb,2024-03-15,0.57449126,0.19293003
loto,bayes_lgb,2024-03-16,0.56276682,0.18765834
loto,bayes_lgb,2024-03-17,0.55093634,0.18234806
loto,bayes_lgb,2024-03-18,0.52760207,0.17184599
loto,bayes_lgb,2024-03-19,0.56303576,0.18775540
loto,bayes_lgb,2024-03-20,0.55107144,0.18239712
loto,bayes_lgb,2024-03-21,0.55097672,0.18236271
loto,bayes_lgb,2024-03-22,0.51592991,0.16659309
loto,bayes_lgb,2024-03-23,0.55121394,0.18244849
loto,bayes_lgb,2024-03-24,0.57457358,0.19295988
loto,bayes_lgb,2024-03-25,0.55095601,0.18235509
loto,bayes_lgb,2024-03-26,0.55092744,0.18234456
loto,bayes_lgb,2024-03-27,0.52781045,0.17192161
loto,bayes_lgb,2024-03-28,0.56256095,0.18758373
loto,bayes_lgb,2024-03-29,0.55105333,0.18239033
loto,bayes_lgb,2024-03-30,0.53950932,0.17718407
loto,bayes_lgb,2024-03-31,0.55100407,0.18237257
loto,bayes_lgb,2024-04-01,0.53952016,0.17718808
loto,bayes_lgb,2024-04-02,0.55117668,0.18243512
loto,bayes_lgb,2024-04-03,0.52742129,0.17178023
loto,bayes_lgb,2024-04-04,0.50431036,0.16135958
loto,bayes_lgb,2024-04-05,0.55121952,0.18245052
loto,bayes_lgb,2024-04-06,0.53951252,0.17718507
loto,bayes_lgb,2024-04-07,0.56286451,0.18769373
loto,bayes_lgb,2024-04-08,0.54000870,0.17736648
loto,bayes_lgb,2024-04-09,0.51574213,0.16652512
loto,bayes_lgb,2024-04-10,0.55175603,0.18264706
loto,bayes_lgb,2024-04-11,0.53997946,0.17735477
loto,bayes_lgb,2024-04-12,0.52769026,0.17187782
loto,bayes_lgb,2024-04-13,0.55174845,0.18264228
loto,bayes_lgb,2024-04-14,0.53958441,0.17721190
loto,bayes_lgb,2024-04-15,0.56299664,0.18774011
loto,bayes_lgb,2024-04-16,0.56278232,0.18766362
loto,bayes_lgb,2024-04-17,0.53960110,0.17721844
loto,bayes_lgb,2024-04-18,0.57485306,0.19306112
loto,bayes_lgb,2024-04-19,0.53943843,0.17715771
loto,bayes_lgb,2024-04-20,0.50485180,0.16155654
loto,bayes_lgb,2024-04-21,0.54041093,0.17751180
loto,bayes_lgb,2024-04-22,0.55078038,0.18229017
loto,bayes_lgb,2024-04-23,0.56100489,0.18701580
loto,bayes_lgb,2024-04-24,0.53912429,0.17704403
loto,bayes_lgb,2024-04-25,0.55074236,0.18227672
loto,bayes_lgb,2024-04-26,0.55089762,0.18233357
loto,bayes_lgb,2024-04-27,0.58627444,0.19822356
loto,bayes_lgb,2024-04-28,0.55082090,0.18230536
loto,bayes_lgb,2024-04-29,0.57397676,0.19274332
loto,bayes_lgb,2024-04-30,0.56329832,0.18785204
loto,bayes_lgb,2024-05-01,0.56254082,0.18757698
loto,bayes_lgb,2024-05-02,0.55109317,0.18240376
loto,bayes_lgb,2024-05-03,0.52753806,0.17182270
loto,bayes_lgb,2024-05-04,0.57492924,0.19308842
loto,bayes_lgb,2024-05-05,0.51574597,0.16652599
loto,bayes_lgb,2024-05-06,0.56281809,0.18767616
loto,bayes_lgb,2024-05-07,0.55122522,0.18245330
loto,bayes_lgb,2024-05-08,0.55089178,0.18233137
loto,bayes_lgb,2024-05-09,0.58619531,0.19819447
loto,bayes_lgb,2024-05-10,0.55102505,0.18237925
loto,bayes_lgb,2024-05-11,0.53898279,0.17699271
loto,bayes_lgb,2024-05-12,0.58518911,0.19782705
loto,bayes_lgb,2024-05-13,0.55182129,0.18266869
loto,bayes_lgb,2024-05-14,0.56266339,0.18762114
loto,bayes_lgb,2024-05-15,0.55168223,0.18261808
loto,bayes_lgb,2024-05-16,0.52678075,0.17154800
loto,bayes_lgb,2024-05-17,0.50382168,0.16118177
loto,bayes_lgb,2024-05-18,0.53932464,0.17711822
loto,bayes_lgb,2024-05-19,0.52859484,0.17220600
loto,bayes_lgb,2024-05-20,0.55154113,0.18256670
loto,bayes_lgb,2024-05-21,0.56234450,0.18750437
loto,bayes_lgb,2024-05-22,0.55071222,0.18226472
loto,bayes_lgb,2024-05-23,0.57420725,0.19282552
loto,bayes_lgb,2024-05-24,0.56253255,0.18757405
loto,bayes_lgb,2024-05-25,0.53857190,0.17684216
loto,bayes_lgb,2024-05-26,0.52822125,0.17207048
loto,bayes_lgb,2024-05-27,0.55142502,0.18252506
loto,bayes_lgb,2024-05-28,0.53946954,0.17716934
loto,bayes_lgb,2024-05-29,0.57450459,0.19293500
loto,bayes_lgb,2024-05-30,0.53937375,0.17713523
loto,bayes_lgb,2024-05-31,0.56327797,0.18784378
loto,bayes_lgb,2024-06-01,0.52745390,0.17179253
loto,bayes_lgb,2024-06-02,0.58658411,0.19833530
loto,bayes_lgb,2024-06-03,0.55126380,0.18246723
loto,bayes_lgb,2024-06-04,0.55091037,0.18233803
loto,bayes_lgb,2024-06-05,0.56286949,0.18769558
loto,bayes_lgb,2024-06-06,0.52796918,0.17197919
loto,bayes_lgb,2024-06-07,0.57451187,0.19293825
loto,bayes_lgb,2024-06-08,0.56271668,0.18764002
loto,bayes_lgb,2024-06-09,0.51616188,0.16667703
loto,bayes_lgb,2024-06-10,0.58553230,0.19795416
loto,bayes_lgb,2024-06-11,0.57496425,0.19310144
loto,bayes_lgb,2024-06-12,0.57423186,0.19283606
loto,bayes_lgb,2024-06-13,0.55083792,0.18231253
loto,bayes_lgb,2024-06-14,0.56244854,0.18754249
loto,bayes_lgb,2024-06-15,0.55091694,0.18234065
loto,bayes_lgb,2024-06-16,0.55087696,0.18232659
loto,bayes_lgb,2024-06-17,0.56269261,0.18763111
loto,bayes_lgb,2024-06-18,0.55099186,0.18236807
loto,bayes_lgb,2024-06-19,0.56248656,0.18755659
loto,bayes_lgb,2024-06-20,0.52775663,0.17190131
loto,bayes_lgb,2024-06-21,0.56271225,0.18763861
loto,bayes_lgb,2024-06-22,0.55071012,0.18226574
loto,bayes_lgb,2024-06-23,0.53960289,0.17721801
loto,bayes_lgb,2024-06-24,0.55074052,0.18227723
loto,bayes_lgb,2024-06-25,0.56251623,0.18756689
loto,bayes_lgb,2024-06-26,0.52749716,0.17180839
loto,bayes_lgb,2024-06-27,0.55072574,0.18227115
loto,bayes_lgb,2024-06-28,0.56251171,0.18756546
loto,bayes_lgb,2024-06-29,0.56268477,0.18762797
loto,bayes_lgb,2024-06-30,0.52799312,0.17198788
loto,bayes_lgb,2024-07-01,0.55070422,0.18226406
loto,bayes_lgb,2024-07-02,0.53972750,0.17726301
loto,bayes_lgb,2024-07-03,0.53934523,0.17712477
loto,bayes_lgb,2024-07-04,0.56298400,0.18773700
loto,bayes_lgb,2024-07-05,0.57429236,0.19285760
loto,bayes_lgb,2024-07-06,0.56289740,0.18770469
loto,bayes_lgb,2024-07-07,0.57438279,0.19289122
loto,bayes_lgb,2024-07-08,0.57449099,0.19292989
loto,bayes_lgb,2024-07-09,0.52761320,0.17184991
loto,bayes_lgb,2024-07-10,0.55121004,0.18244726
loto,bayes_lgb,2024-07-11,0.55092957,0.18234580
loto,bayes_lgb,2024-07-12,0.53938215,0.17713804
loto,bayes_lgb,2024-07-13,0.52806405,0.17201353
loto,bayes_lgb,2024-07-14,0.55095588,0.18235506
loto,bayes_lgb,2024-07-15,0.53938129,0.17713730
loto,bayes_lgb,2024-07-16,0.55063994,0.18224072
loto,bayes_lgb,2024-07-17,0.57448862,0.19292888
loto,bayes_lgb,2024-07-18,0.56272979,0.18764478
loto,bayes_lgb,2024-07-19,0.55091326,0.18233966
loto,bayes_lgb,2024-07-20,0.57423035,0.19283541
loto,bayes_lgb,2024-07-21,0.52755072,0.17182731
loto,bayes_lgb,2024-07-22,0.53951324,0.17718544
loto,bayes_lgb,2024-07-23,0.57441458,0.19290201
loto,bayes_lgb,2024-07-24,0.56233673,0.18750206
loto,bayes_lgb,2024-07-25,0.56237251,0.18751519
loto,bayes_lgb,2024-07-26,0.56227346,0.18747913
loto,bayes_lgb,2024-07-27,0.55085638,0.18231898
loto,bayes_lgb,2024-07-28,0.52788819,0.17194969
loto,bayes_lgb,2024-07-29,0.52780675,0.17192014
loto,bayes_lgb,2024-07-30,0.55091253,0.18233933
loto,bayes_lgb,2024-07-31,0.55119227,0.18244071
loto,bayes_lgb,2024-08-01,0.52770711,0.17188385
loto,bayes_lgb,2024-08-02,0.55101731,0.18237726
loto,bayes_lgb,2024-08-03,0.55123313,0.18245567
loto,bayes_lgb,2024-08-04,0.56270373,0.18763533
loto,bayes_lgb,2024-08-05,0.55089899,0.18233463
loto,bayes_lgb,2024-08-06,0.55097072,0.18236038
loto,bayes_lgb,2024-08-07,0.51610975,0.16665830
loto,bayes_lgb,2024-08-08,0.53946290,0.17716711
loto,bayes_lgb,2024-08-09,0.58603261,0.19813541
loto,bayes_lgb,2024-08-10,0.53940043,0.17714456
loto,bayes_lgb,2024-08-11,0.52767308,0.17187178
loto,bayes_lgb,2024-08-12,0.56261298,0.18760234
loto,bayes_lgb,2024-08-13,0.56273774,0.18764761
loto,bayes_lgb,2024-08-14,0.53951683,0.17718672
loto,bayes_lgb,2024-08-15,0.55065079,0.18224440
loto,bayes_lgb,2024-08-16,0.56276047,0.18765602
loto,bayes_lgb,2024-08-17,0.51644166,0.16677873
loto,bayes_lgb,2024-08-18,0.52781901,0.17192460
loto,bayes_lgb,2024-08-19,0.55095043,0.18235310
loto,bayes_lgb,2024-08-20,0.55138970,0.18251240
loto,bayes_lgb,2024-08-21,0.57405444,0.19277162
loto,bayes_lgb,2024-08-22,0.57432920,0.19287118
loto,bayes_lgb,2024-08-23,0.51617896,0.16668340
loto,bayes_lgb,2024-08-24,0.53948325,0.17717452
loto,bayes_lgb,2024-08-25,0.58620539,0.19819799
loto,bayes_lgb,2024-08-26,0.55116148,0.18242958
loto,bayes_lgb,2024-08-27,0.56277078,0.18765965
loto,bayes_lgb,2024-08-28,0.58570465,0.19801632
loto,bayes_lgb,2024-08-29,0.52765019,0.17186334
loto,bayes_lgb,2024-08-30,0.58630857,0.19823538
loto,bayes_lgb,2024-08-31,0.57444514,0.19291324
loto,bayes_lgb,2024-09-01,0.53962752,0.17722687
loto,bayes_lgb,2024-09-02,0.50436831,0.16138037
loto,bayes_lgb,2024-09-03,0.57409182,0.19278513
loto,bayes_lgb,2024-09-04,0.56288193,0.18769996
loto,bayes_lgb,2024-09-05,0.52772132,0.17188913
loto,bayes_lgb,2024-09-06,0.53927016,0.17709724
loto,bayes_lgb,2024-09-07,0.56274877,0.18765164
loto,bayes_lgb,2024-09-08,0.50454119,0.16144298
loto,bayes_lgb,2024-09-09,0.53932873,0.17711842
loto,bayes_lgb,2024-09-10,0.53939973,0.17714422
loto,bayes_lgb,2024-09-11,0.55099180,0.18236806
loto,bayes_lgb,2024-09-12,0.53962032,0.17722426
loto,bayes_lgb,2024-09-13,0.56281998,0.18767746
loto,bayes_lgb,2024-09-14,0.52761044,0.17184888
loto,bayes_lgb,2024-09-15,0.52794437,0.17197011
loto,bayes_lgb,2024-09-16,0.56267006,0.18762315
loto,bayes_lgb,2024-09-17,0.56283667,0.18768358
loto,bayes_lgb,2024-09-18,0.55101760,0.18237742
loto,bayes_lgb,2024-09-19,0.57422633,0.19283386
loto,bayes_lgb,2024-09-20,0.55113735,0.18242087
loto,bayes_lgb,2024-09-21,0.53927560,0.17709927
loto,bayes_lgb,2024-09-22,0.58618457,0.19819053
loto,bayes_lgb,2024-09-23,0.51598565,0.16661326
loto,bayes_lgb,2024-09-24,0.57428348,0.19285456
loto,bayes_lgb,2024-09-25,0.51626273,0.16671379
loto,bayes_lgb,2024-09-26,0.55103634,0.18238419
loto,bayes_lgb,2024-09-27,0.56277123,0.18765968
loto,bayes_lgb,2024-09-28,0.53931557,0.17711375
loto,bayes_lgb,2024-09-29,0.55091314,0.18233942
loto,bayes_lgb,2024-09-30,0.53951343,0.17718550
loto,bayes_lgb,2024-10-01,0.53949181,0.17717764
loto,bayes_lgb,2024-10-02,0.55117158,0.18243325
loto,bayes_lgb,2024-10-03,0.55112605,0.18241674
loto,bayes_lgb,2024-10-04,0.52782887,0.17192822
loto,bayes_lgb,2024-10-05,0.53955632,0.17720114
loto,bayes_lgb,2024-10-06,0.57434235,0.19287597
loto,bayes_lgb,2024-10-07,0.56268070,0.18762698
loto,bayes_lgb,2024-10-08,0.53961798,0.17722352
loto,bayes_lgb,2024-10-09,0.55116960,0.18243259
loto,bayes_lgb,2024-10-10,0.52769625,0.17187997
loto,bayes_lgb,2024-10-11,0.55104146,0.18238603
loto,bayes_lgb,2024-10-12,0.53945474,0.17716422
loto,bayes_lgb,2024-10-13,0.53965680,0.17723749
loto,bayes_lgb,2024-10-14,0.53951246,0.17718523
loto,bayes_lgb,2024-10-15,0.56290784,0.18770942
loto,bayes_lgb,2024-10-16,0.51628627,0.16672241
loto,bayes_lgb,2024-10-17,0.55104194,0.18238624
loto,bayes_lgb,2024-10-18,0.52782741,0.17192756
loto,bayes_lgb,2024-10-19,0.52780078,0.17191800
loto,bayes_lgb,2024-10-20,0.52774156,0.17189643
loto,bayes_lgb,2024-10-21,0.57429200,0.19285769
loto,bayes_lgb,2024-10-22,0.55096604,0.18235870
loto,bayes_lgb,2024-10-23,0.58614732,0.19817705
loto,bayes_lgb,2024-10-24,0.52762989,0.17185602
loto,bayes_lgb,2024-10-25,0.56275406,0.18765350
loto,bayes_lgb,2024-10-26,0.52780435,0.17191929
loto,bayes_lgb,2024-10-27,0.53953279,0.17719255
loto,bayes_lgb,2024-10-28,0.56278490,0.18766471
loto,bayes_lgb,2024-10-29,0.53949593,0.17717915
loto,bayes_lgb,2024-10-30,0.55116737,0.18243174
loto,bayes_lgb,2024-10-31,0.53932876,0.17711854
loto,bayes_lgb,2024-11-01,0.53937068,0.17713369
loto,bayes_lgb,2024-11-02,0.53951840,0.17718730
loto,bayes_lgb,2024-11-03,0.53936277,0.17713082
loto,bayes_lgb,2024-11-04,0.55120157,0.18244412
loto,bayes_lgb,2024-11-05,0.52783198,0.17192930
loto,bayes_lgb,2024-11-06,0.53937771,0.17713626
loto,bayes_lgb,2024-11-07,0.55120309,0.18244470
loto,bayes_lgb,2024-11-08,0.57434417,0.19287664
loto,bayes_lgb,2024-11-09,0.53946377,0.17716745
loto,bayes_lgb,2024-11-10,0.55097736,0.18236276
loto,bayes_lgb,2024-11-11,0.58599778,0.19812274
loto,bayes_lgb,2024-11-12,0.53956672,0.17720483
loto,bayes_lgb,2024-11-13,0.52774565,0.17189798
loto,bayes_lgb,2024-11-14,0.52783880,0.17193176
loto,bayes_lgb,2024-11-15,0.56265240,0.18761665
loto,bayes_lgb,2024-11-16,0.55108553,0.18240206
loto,bayes_lgb,2024-11-17,0.55110257,0.18240827
loto,bayes_lgb,2024-11-18,0.55097347,0.18236138
loto,bayes_lgb,2024-11-19,0.52780282,0.17191875
loto,bayes_lgb,2024-11-20,0.53967305,0.17724340
loto,bayes_lgb,2024-11-21,0.52781861,0.17192442
loto,bayes_lgb,2024-11-22,0.53946608,0.17716833
loto,bayes_lgb,2024-11-23,0.56280360,0.18767153
loto,bayes_lgb,2024-11-24,0.50462135,0.16147214
loto,bayes_lgb,2024-11-25,0.57446255,0.19291957
loto,bayes_lgb,2024-11-26,0.55108169,0.18240063
loto,bayes_lgb,2024-11-27,0.56280682,0.18767271
loto,bayes_lgb,2024-11-28,0.53946664,0.17716853
loto,bayes_lgb,2024-11-29,0.56280343,0.18767150
loto,bayes_lgb,2024-11-30,0.56265486,0.18761757
loto,bayes_lgb,2024-12-01,0.56270463,0.18763562
loto,bayes_lgb,2024-12-02,0.52784339,0.17193345
loto,bayes_lgb,2024-12-03,0.55114024,0.18242186
loto,bayes_lgb,2024-12-04,0.53941440,0.17714958
loto,bayes_lgb,2024-12-05,0.52798236,0.17198384
loto,bayes_lgb,2024-12-06,0.56285970,0.18769187
loto,bayes_lgb,2024-12-07,0.53958273,0.17721066
loto,bayes_lgb,2024-12-08,0.55107994,0.18240001
loto,bayes_lgb,2024-12-09,0.55119102,0.18244031
loto,bayes_lgb,2024-12-10,0.55107397,0.18239786
loto,bayes_lgb,2024-12-11,0.51606816,0.16664321
loto,bayes_lgb,2024-12-12,0.53950322,0.17718181
loto,bayes_lgb,2024-12-13,0.51635617,0.16674767
loto,bayes_lgb,2024-12-14,0.55190542,0.18269956
loto,bayes_lgb,2024-12-15,0.55124069,0.18245878
loto,bayes_lgb,2024-12-16,0.53884994,0.17694505
loto,bayes_lgb,2024-12-17,0.53964146,0.17723226
loto,bayes_lgb,2024-12-18,0.55120472,0.18244467
loto,bayes_lgb,2024-12-19,0.57495864,0.19309897
loto,bayes_lgb,2024-12-20,0.53972980,0.17726388
loto,bayes_lgb,2024-12-21,0.56266192,0.18762063
loto,bayes_lgb,2024-12-22,0.56242125,0.18753321
loto,bayes_lgb,2024-12-23,0.56283620,0.18768281
loto,bayes_lgb,2024-12-24,0.53964193,0.17723242
loto,bayes_lgb,2024-12-25,0.56255399,0.18758068
loto,bayes_lgb,2024-12-26,0.55107331,0.18239771
loto,bayes_lgb,2024-12-27,0.52825746,0.17208419
loto,bayes_lgb,2024-12-28,0.55125473,0.18246360
loto,bayes_lgb,2024-12-29,0.58618289,0.19818973
loto,bayes_lgb,2024-12-30,0.50425937,0.16134022
loto,bayes_lgb,2024-12-31,0.56253543,0.18757498
loto,bayes_lgb,2025-01-01,0.50439502,0.16139026
loto,bayes_lgb,2025-01-02,0.57389178,0.19271333
loto,bayes_lgb,2025-01-03,0.56295198,0.18772528
loto,bayes_lgb,2025-01-04,0.53982976,0.17730016
loto,bayes_lgb,2025-01-05,0.56282310,0.18767850
loto,bayes_lgb,2025-01-06,0.55080642,0.18230064
loto,bayes_lgb,2025-01-07,0.57454115,0.19294761
loto,bayes_lgb,2025-01-08,0.57429062,0.19285701
loto,bayes_lgb,2025-01-09,0.55150876,0.18255478
loto,bayes_lgb,2025-01-10,0.55127497,0.18247030
loto,bayes_lgb,2025-01-11,0.55142726,0.18252568
loto,bayes_lgb,2025-01-12,0.56268347,0.18762746
loto,bayes_lgb,2025-01-13,0.53932112,0.17711600
loto,bayes_lgb,2025-01-14,0.53977903,0.17728177
loto,bayes_lgb,2025-01-15,0.52767187,0.17187112
loto,bayes_lgb,2025-01-16,0.56262190,0.18760570
loto,bayes_lgb,2025-01-17,0.56247937,0.18755377
loto,bayes_lgb,2025-01-18,0.51610738,0.16665810
loto,bayes_lgb,2025-01-19,0.57445230,0.19291631
loto,bayes_lgb,2025-01-20,0.57500594,0.19311654
loto,bayes_lgb,2025-01-21,0.57478350,0.19303636
loto,bayes_lgb,2025-01-22,0.53975283,0.17727220
loto,bayes_lgb,2025-01-23,0.55132644,0.18248968
loto,bayes_lgb,2025-01-24,0.56287428,0.18769699
loto,bayes_lgb,2025-01-25,0.55036347,0.18214009
loto,bayes_lgb,2025-01-26,0.56278291,0.18766438
loto,bayes_lgb,2025-01-27,0.57412198,0.19279533
loto,bayes_lgb,2025-02-02,0.53892997,0.17697389
loto,bayes_lgb,2025-02-03,0.52841842,0.17214203
loto,bayes_lgb,2025-02-04,0.55090140,0.18233626
loto,bayes_lgb,2025-02-05,0.57422349,0.19283271
loto,bayes_lgb,2025-02-06,0.57421322,0.19282905
loto,bayes_lgb,2025-02-07,0.57398359,0.19274569
loto,bayes_lgb,2025-02-08,0.53938116,0.17713755
loto,bayes_lgb,2025-02-09,0.57423125,0.19283570
loto,bayes_lgb,2025-02-10,0.56271168,0.18763830
loto,bayes_lgb,2025-02-11,0.53938018,0.17713714
loto,bayes_lgb,2025-02-12,0.57429047,0.19285706
loto,bayes_lgb,2025-02-13,0.52774649,0.17189814
loto,bayes_lgb,2025-02-14,0.52783352,0.17192985
loto,bayes_lgb,2025-02-15,0.55110962,0.18241086
loto,bayes_lgb,2025-02-16,0.55116913,0.18243252
loto,bayes_lgb,2025-02-17,0.53954527,0.17719700
loto,bayes_lgb,2025-02-18,0.52778755,0.17191317
loto,bayes_lgb,2025-02-19,0.53946890,0.17716921
loto,bayes_lgb,2025-02-20,0.56277963,0.18766299
loto,bayes_lgb,2025-02-21,0.53961906,0.17722396
loto,bayes_lgb,2025-02-22,0.52784436,0.17193379
loto,bayes_lgb,2025-02-23,0.51609943,0.16665446
loto,bayes_lgb,2025-02-24,0.55109800,0.18240662
loto,bayes_lgb,2025-02-25,0.53928504,0.17710248
loto,bayes_lgb,2025-02-26,0.55102092,0.18237858
loto,bayes_lgb,2025-02-27,0.55102530,0.18238012
loto,bayes_lgb,2025-02-28,0.56246808,0.18754929
loto,bayes_lgb,2025-03-01,0.55096131,0.18235676
loto,bayes_lgb,2025-03-02,0.52797103,0.17197999
loto,bayes_lgb,2025-03-03,0.55081322,0.18230296
loto,bayes_lgb,2025-03-04,0.55082394,0.18230692
loto,bayes_lgb,2025-03-05,0.53955954,0.17720223
loto,bayes_lgb,2025-03-06,0.53969345,0.17725115
loto,bayes_lgb,2025-03-07,0.55140557,0.18251863
loto,bayes_lgb,2025-03-08,0.55073923,0.18227608
loto,bayes_lgb,2025-03-09,0.55126656,0.18246806
loto,bayes_lgb,2025-03-10,0.56318871,0.18781170
loto,bayes_lgb,2025-03-11,0.56244736,0.18754197
loto,bayes_lgb,2025-03-12,0.55112259,0.18241561
loto,bayes_lgb,2025-03-13,0.56271548,0.18763948
loto,bayes_lgb,2025-03-14,0.57423091,0.19283542
loto,bayes_lgb,2025-03-15,0.52803380,0.17200254
loto,bayes_lgb,2025-03-16,0.58584291,0.19806632
loto,bayes_lgb,2025-03-17,0.53934479,0.17712398
loto,bayes_lgb,2025-03-18,0.52819922,0.17206280
loto,bayes_lgb,2025-03-19,0.52816409,0.17205004
loto,bayes_lgb,2025-03-20,0.53954554,0.17719720
loto,bayes_lgb,2025-03-21,0.53950111,0.17718114
loto,bayes_lgb,2025-03-22,0.55126021,0.18246548
loto,bayes_lgb,2025-03-23,0.56254309,0.18757693
loto,bayes_lgb,2025-03-24,0.53946916,0.17716949
loto,bayes_lgb,2025-03-25,0.53952622,0.17719009
loto,bayes_lgb,2025-03-26,0.56272556,0.18764306
loto,bayes_lgb,2025-03-27,0.53934015,0.17712255
loto,bayes_lgb,2025-03-28,0.53948067,0.17717366
loto,bayes_lgb,2025-03-29,0.55127251,0.18246995
loto,bayes_lgb,2025-03-30,0.51636111,0.16674956
loto,bayes_lgb,2025-03-31,0.53936935,0.17713310
loto,bayes_lgb,2025-04-01,0.57435695,0.19288131
loto,bayes_lgb,2025-04-02,0.57437998,0.19288961
loto,bayes_lgb,2025-04-03,0.53975336,0.17727270
loto,bayes_lgb,2025-04-04,0.51624862,0.16670867
loto,bayes_lgb,2025-04-05,0.56273358,0.18764613
loto,bayes_lgb,2025-04-06,0.55108637,0.18240236
loto,bayes_lgb,2025-04-07,0.57416952,0.19281327
loto,bayes_lgb,2025-04-08,0.57414835,0.19280543
loto,bayes_lgb,2025-04-09,0.55128326,0.18247393
loto,bayes_lgb,2025-04-10,0.53942410,0.17715317
loto,bayes_lgb,2025-04-11,0.53933015,0.17711900
loto,bayes_lgb,2025-04-12,0.57418623,0.19281909
loto,bayes_lgb,2025-04-13,0.55120311,0.18244489
loto,bayes_lgb,2025-04-14,0.53956659,0.17720481
loto,bayes_lgb,2025-04-15,0.52790144,0.17195457
loto,bayes_lgb,2025-04-16,0.55125259,0.18246283
loto,bayes_lgb,2025-04-17,0.55104789,0.18238838
loto,bayes_lgb,2025-04-18,0.55096828,0.18235930
loto,bayes_lgb,2025-04-19,0.56268027,0.18762679
loto,bayes_lgb,2025-04-20,0.50478683,0.16153225
loto,bayes_lgb,2025-04-21,0.53955466,0.17720058
loto,bayes_lgb,2025-04-22,0.53917106,0.17706118
loto,bayes_lgb,2025-04-23,0.53946579,0.17716825
loto,bayes_lgb,2025-04-24,0.55102382,0.18237972
loto,bayes_lgb,2025-04-25,0.55107589,0.18239862
loto,bayes_lgb,2025-04-26,0.57458590,0.19296443
loto,bayes_lgb,2025-04-27,0.53940358,0.17714556
loto,bayes_lgb,2025-04-28,0.53944452,0.17716064
loto,bayes_lgb,2025-04-29,0.53930785,0.17711077
loto,bayes_lgb,2025-04-30,0.56280137,0.18767080
loto,bayes_lgb,2025-05-01,0.52770440,0.17188299
loto,bayes_lgb,2025-05-02,0.53974865,0.17727109
loto,bayes_lgb,2025-05-03,0.55124576,0.18246015
loto,bayes_lgb,2025-05-04,0.55101367,0.18237598
loto,bayes_lgb,2025-05-05,0.52777744,0.17190952
loto,bayes_lgb,2025-05-06,0.53957766,0.17720890
loto,bayes_lgb,2025-05-07,0.55121239,0.18244820
loto,bayes_lgb,2025-05-08,0.56251557,0.18756681
loto,bayes_lgb,2025-05-09,0.55111239,0.18241192
loto,bayes_lgb,2025-05-10,0.55105657,0.18239157
loto,bayes_lgb,2025-05-11,0.55090924,0.18233813
loto,bayes_lgb,2025-05-12,0.56252696,0.18757109
loto,bayes_lgb,2025-05-13,0.55118279,0.18243739
loto,bayes_lgb,2025-05-14,0.55137188,0.18250616
loto,bayes_lgb,2025-05-15,0.50454646,0.16144504
loto,bayes_lgb,2025-05-16,0.53967547,0.17724445
loto,bayes_lgb,2025-05-17,0.57465375,0.19298878
loto,bayes_lgb,2025-05-18,0.52763369,0.17185749
loto,bayes_lgb,2025-05-19,0.52773583,0.17189448
loto,bayes_lgb,2025-05-20,0.55090259,0.18233569
loto,bayes_lgb,2025-05-21,0.56279896,0.18766993
loto,bayes_lgb,2025-05-22,0.52771633,0.17188743
loto,bayes_lgb,2025-05-23,0.56279905,0.18766984
loto,bayes_lgb,2025-05-24,0.55107943,0.18239985
loto,bayes_lgb,2025-05-25,0.53951277,0.17718534
loto,bayes_lgb,2025-05-26,0.56280808,0.18767309
loto,bayes_lgb,2025-05-27,0.56272797,0.18764401
loto,bayes_lgb,2025-05-28,0.53958729,0.17721227
loto,bayes_lgb,2025-05-29,0.57475547,0.19302557
loto,bayes_lgb,2025-05-30,0.56275724,0.18765467
loto,bayes_lgb,2025-05-31,0.53949814,0.17717996
loto,bayes_lgb,2025-06-01,0.52761417,0.17185029
loto,bayes_lgb,2025-06-02,0.51596705,0.16660662
loto,bayes_lgb,2025-06-03,0.55101787,0.18237750
loto,bayes_lgb,2025-06-04,0.51597745,0.16661045
loto,bayes_lgb,2025-06-05,0.56266762,0.18762224
loto,bayes_lgb,2025-06-06,0.53935195,0.17712694
loto,bayes_lgb,2025-06-07,0.51614872,0.16667252
loto,bayes_lgb,2025-06-08,0.58640157,0.19826901
loto,bayes_lgb,2025-06-09,0.53946077,0.17716643
loto,bayes_lgb,2025-06-10,0.49264464,0.15610885
loto,bayes_lgb,2025-06-11,0.56295587,0.18772675
loto,bayes_lgb,2025-06-12,0.57449154,0.19293010
loto,bayes_lgb,2025-06-13,0.52763122,0.17185658
loto,bayes_lgb,2025-06-14,0.51638963,0.16675969
loto,bayes_lgb,2025-06-15,0.55086268,0.18232130
loto,bayes_lgb,2025-06-16,0.56266619,0.18762177
loto,bayes_lgb,2025-06-17,0.56280354,0.18767147
loto,bayes_lgb,2025-06-18,0.57433246,0.19287234
loto,bayes_lgb,2025-06-19,0.53947846,0.17717274
loto,bayes_lgb,2025-06-20,0.55108040,0.18240022
loto,bayes_lgb,2025-06-21,0.56263115,0.18760902
loto,bayes_lgb,2025-06-22,0.56265481,0.18761764
loto,bayes_lgb,2025-06-23,0.57445158,0.19291531
loto,bayes_lgb,2025-06-24,0.55108842,0.18240307
loto,bayes_lgb,2025-06-25,0.55110709,0.18240992
loto,bayes_lgb,2025-06-26,0.56281033,0.18767389
loto,bayes_lgb,2025-06-27,0.57435526,0.19288071
loto,bayes_lgb,2025-06-28,0.56269225,0.18763100
loto,bayes_lgb,2025-06-29,0.57460955,0.19297274
loto,bayes_lgb,2025-06-30,0.56245541,0.18754523
loto,bayes_lgb,2025-07-01,0.57434582,0.19287732
loto,bayes_lgb,2025-07-02,0.53965245,0.17723583
loto,bayes_lgb,2025-07-03,0.55117525,0.18243453
loto,bayes_lgb,2025-07-04,0.53928575,0.17710305
loto,bayes_lgb,2025-07-05,0.53940606,0.17714654
loto,bayes_lgb,2025-07-06,0.56277989,0.18766292
loto,bayes_lgb,2025-07-07,0.52775970,0.17190309
loto,bayes_lgb,2025-07-08,0.53938387,0.17713851
loto,bayes_lgb,2025-07-09,0.53966502,0.17724034
loto,bayes_lgb,2025-07-10,0.56276316,0.18765684
loto,bayes_lgb,2025-07-11,0.52784017,0.17193225
loto,bayes_lgb,2025-07-12,0.56279692,0.18766912
loto,bayes_lgb,2025-07-13,0.53951931,0.17718759
loto,bayes_lgb,2025-07-14,0.56276968,0.18765922
loto,bayes_lgb,2025-07-15,0.53933019,0.17711910
loto,bayes_lgb,2025-07-16,0.56269086,0.18763070
loto,bayes_lgb,2025-07-17,0.55117582,0.18243473
loto,bayes_lgb,2025-07-18,0.51619124,0.16668781
loto,bayes_lgb,2025-07-19,0.53927718,0.17709992
loto,bayes_lgb,2025-07-20,0.57450526,0.19293502
loto,bayes_lgb,2025-07-21,0.56264652,0.18761456
loto,bayes_lgb,2025-07-22,0.56271196,0.18763830
loto,bayes_lgb,2025-07-23,0.58611141,0.19816392
loto,bayes_lgb,2025-07-24,0.56257566,0.18758893
loto,bayes_lgb,2025-07-25,0.53943947,0.17715869
loto,bayes_lgb,2025-07-26,0.56270294,0.18763502
loto,bayes_lgb,2025-07-27,0.56264976,0.18761576
loto,bayes_lgb,2025-07-28,0.55115360,0.18242666
loto,bayes_lgb,2025-07-29,0.55104121,0.18238591
loto,bayes_lgb,2025-07-30,0.56268389,0.18762813
loto,bayes_lgb,2025-07-31,0.52775647,0.17190193
loto,bayes_lgb,2025-08-01,0.57449750,0.19293224
loto,bayes_lgb,2025-08-02,0.55117559,0.18243466
loto,bayes_lgb,2025-08-03,0.56276205,0.18765645
loto,bayes_lgb,2025-08-04,0.55107647,0.18239874
loto,bayes_lgb,2025-08-05,0.55108899,0.18240334
loto,bayes_lgb,2025-08-06,0.52771925,0.17188837
loto,bayes_lgb,2025-08-07,0.52783053,0.17192874
loto,bayes_lgb,2025-08-08,0.52759064,0.17184187
loto,bayes_lgb,2025-08-09,0.55110319,0.18240847
loto,bayes_lgb,2025-08-10,0.55126185,0.18246591
loto,bayes_lgb,2025-08-11,0.51617561,0.16668218
loto,bayes_lgb,2025-08-12,0.52788990,0.17195022
loto,bayes_lgb,2025-08-13,0.52779266,0.17191500
loto,bayes_lgb,2025-08-14,0.56280775,0.18767298
loto,bayes_lgb,2025-08-15,0.51605111,0.16663706
loto,bayes_lgb,2025-08-16,0.57442560,0.19290614
loto,bayes_lgb,2025-08-17,0.55111069,0.18241116
loto,bayes_lgb,2025-08-18,0.55114208,0.18242248
loto,bayes_lgb,2025-08-19,0.52769595,0.17188001
loto,bayes_lgb,2025-08-20,0.52771214,0.17188588
loto,bayes_lgb,2025-08-21,0.53943228,0.17715603
loto,bayes_lgb,2025-08-22,0.55106074,0.18239310
loto,bayes_lgb,2025-08-23,0.56285382,0.18768972
loto,bayes_lgb,2025-08-24,0.55117926,0.18243602
loto,bayes_lgb,2025-08-25,0.55100623,0.18237328
loto,bayes_lgb,2025-08-26,0.55108601,0.18240224
loto,bayes_lgb,2025-08-27,0.56271073,0.18763782
loto,bayes_lgb,2025-08-28,0.53942169,0.17715224
loto,bayes_lgb,2025-08-29,0.52777011,0.17190689
loto,bayes_lgb,2025-08-30,0.56277093,0.18765970
loto,bayes_lgb,2025-08-31,0.56264959,0.18761570
loto,bayes_lgb,2025-09-01,0.56277642,0.18766161
loto,bayes_lgb,2025-09-02,0.56274624,0.18765072
loto,bayes_lgb,2025-09-03,0.52779036,0.17191412
loto,bayes_lgb,2025-09-04,0.52773215,0.17189308
loto,bayes_lgb,2025-09-05,0.53962661,0.17722651
loto,bayes_lgb,2025-09-06,0.51617224,0.16668095
loto,bayes_lgb,2025-09-07,0.56269199,0.18763108
loto,bayes_lgb,2025-09-08,0.55128992,0.18247615
loto,bayes_lgb,2025-09-09,0.57429754,0.19285972
loto,bayes_lgb,2025-09-10,0.52777208,0.17190755
loto,bayes_lgb,2025-09-11,0.53934743,0.17712535
loto,bayes_lgb,2025-09-12,0.55117766,0.18243541
loto,bayes_lgb,2025-09-13,0.57446333,0.19291983
loto,bayes_lgb,2025-09-14,0.56267490,0.18762490
loto,bayes_lgb,2025-09-15,0.57442935,0.19290756
loto,bayes_lgb,2025-09-16,0.58603304,0.19813553
loto,bayes_lgb,2025-09-17,0.52772408,0.17189011
loto,bayes_lgb,2025-09-18,0.56278214,0.18766375
loto,bayes_lgb,2025-09-19,0.55113606,0.18242040
loto,bayes_lgb,2025-09-20,0.57445144,0.19291552
loto,bayes_lgb,2025-09-21,0.55108032,0.18240016
loto,bayes_lgb,2025-09-22,0.55105691,0.18239166
loto,bayes_lgb,2025-09-23,0.56265879,0.18761903
loto,bayes_lgb,2025-09-24,0.55102595,0.18238043
loto,bayes_lgb,2025-09-25,0.53933278,0.17712000
loto,bayes_lgb,2025-09-26,0.55119525,0.18244180
loto,bayes_lgb,2025-09-27,0.52778184,0.17191113
loto,bayes_lgb,2025-09-28,0.56266871,0.18762259
loto,bayes_lgb,2025-09-29,0.56286368,0.18769331
loto,bayes_lgb,2025-09-30,0.53950698,0.17718311
loto,bayes_lgb,2025-10-01,0.56271448,0.18763923
loto,bayes_lgb,2025-10-02,0.57441283,0.19290150
loto,bayes_lgb,2025-10-03,0.53943381,0.17715665
loto,bayes_lgb,2025-10-04,0.55108137,0.18240056
loto,bayes_lgb,2025-10-05,0.53952858,0.17719095
loto,bayes_lgb,2025-10-06,0.53948007,0.17717342
loto,bayes_lgb,2025-10-07,0.57452831,0.19294333
loto,bayes_lgb,2025-10-08,0.56278487,0.18766474
loto,bayes_lgb,2025-10-09,0.56280029,0.18767035
loto,bayes_lgb,2025-10-10,0.53952540,0.17718982
loto,bayes_lgb,2025-10-11,0.52789334,0.17195151
loto,bayes_lgb,2025-10-12,0.51622949,0.16670172
loto,bayes_lgb,2025-10-13,0.55097449,0.18236178
loto,bayes_lgb,2025-10-14,0.57441205,0.19290129
loto,bayes_lgb,2025-10-15,0.53943169,0.17715584
loto,bayes_lgb,2025-10-16,0.51627951,0.16671987
loto,bayes_lgb,2025-10-17,0.56263148,0.18760904
loto,bayes_lgb,2025-10-18,0.55100259,0.18237185
loto,bayes_lgb,2025-10-19,0.57435167,0.19287938
loto,bayes_lgb,2025-10-20,0.53965106,0.17723554
loto,bayes_lgb,2025-10-21,0.53945028,0.17716259
loto,bayes_lgb,2025-10-22,0.53948446,0.17717502
loto,bayes_lgb,2025-10-23,0.55107877,0.18239956
loto,bayes_lgb,2025-10-24,0.53945951,0.17716595
loto,bayes_lgb,2025-10-25,0.55112770,0.18241740
loto,bayes_lgb,2025-10-26,0.52787662,0.17194550
loto,bayes_lgb,2025-10-27,0.57417665,0.19281578
loto,bayes_lgb,2025-10-28,0.57409027,0.19278434
loto,bayes_lgb,2025-10-29,0.56281439,0.18767551
loto,bayes_lgb,2025-10-30,0.56267866,0.18762622
loto,bayes_lgb,2025-10-31,0.56262555,0.18760686
loto,bayes_lgb,2025-11-01,0.55108418,0.18240158
loto,bayes_lgb,2025-11-02,0.52777917,0.17191010
loto,bayes_lgb,2025-11-03,0.56262341,0.18760612
loto,bayes_lgb,2025-11-04,0.53945973,0.17716605
loto,bayes_lgb,2025-11-05,0.55121533,0.18244922
loto,bayes_lgb,2025-11-06,0.53929728,0.17710699
loto,bayes_lgb,2025-11-07,0.56268998,0.18763029
loto,bayes_lgb,2025-11-08,0.57443012,0.19290791
loto,bayes_lgb,2025-11-09,0.55100656,0.18237335
loto,bayes_lgb,2025-11-10,0.55106958,0.18239624
loto,bayes_lgb,2025-11-11,0.52777179,0.17190743
loto,bayes_lgb,2025-11-12,0.53946051,0.17716635
loto,bayes_lgb,2025-11-13,0.51627196,0.16671715
loto,bayes_lgb,2025-11-14,0.55114080,0.18242210
loto,bayes_lgb,2025-11-15,0.52796501,0.17197760
loto,bayes_lgb,2025-11-16,0.57421631,0.19283014
loto,bayes_lgb,2025-11-17,0.51632560,0.16673667
loto,bayes_lgb,2025-11-18,0.53956534,0.17720439
loto,bayes_lgb,2025-11-19,0.55106202,0.18239352
loto,bayes_lgb,2025-11-20,0.53958931,0.17721306
loto,bayes_lgb,2025-11-21,0.51631139,0.16673146
loto,bayes_lgb,2025-11-22,0.53950382,0.17718204
loto,bayes_lgb,2025-11-23,0.56270127,0.18763443
loto,bayes_lgb,2025-11-24,0.52795354,0.17197345
loto,bayes_lgb,2025-11-25,0.57419346,0.19282190
loto,bayes_lgb,2025-11-26,0.55116989,0.18243271
loto,bayes_lgb,2025-11-27,0.56264562,0.18761421
loto,bayes_lgb,2025-11-28,0.55119869,0.18244316
loto,bayes_lgb,2025-11-29,0.52784010,0.17193225
loto,bayes_lgb,2025-11-30,0.58590508,0.19808910
loto,bayes_lgb,2025-12-01,0.52795596,0.17197429
loto,bayes_lgb,2025-12-02,0.56270603,0.18763614
loto,bayes_lgb,2025-12-03,0.53937843,0.17713648
loto,bayes_lgb,2025-12-04,0.55122066,0.18245108
loto,bayes_lgb,2025-12-05,0.53941682,0.17715041
loto,bayes_lgb,2025-12-06,0.56276564,0.18765784
loto,bayes_lgb,2025-12-07,0.53944221,0.17715964
loto,bayes_lgb,2025-12-08,0.53944315,0.17715995
loto,bayes_lgb,2025-12-09,0.55132329,0.18248841
loto,bayes_lgb,2025-12-10,0.55090828,0.18233762
loto,bayes_lgb,2025-12-11,0.53944834,0.17716193
loto,bayes_lgb,2025-12-12,0.55114022,0.18242184
loto,bayes_lgb,2025-12-13,0.55108714,0.18240257
loto,bayes_lgb,2025-12-14,0.56263494,0.18761033
loto,bayes_lgb,2025-12-15,0.57433872,0.19287467
loto,bayes_lgb,2025-12-16,0.55109597,0.18240591
loto,bayes_lgb,2025-12-17,0.52767029,0.17187044
loto,bayes_lgb,2025-12-18,0.56273599,0.18764707
loto,bayes_lgb,2025-12-19,0.55103860,0.18238498
loto,bayes_lgb,2025-12-20,0.53947326,0.17717096
loto,bayes_lgb,2025-12-21,0.56260785,0.18760057
loto,bayes_lgb,2025-12-22,0.57432320,0.19286901
loto,bayes_lgb,2025-12-23,0.56267817,0.18762606
loto,bayes_lgb,2025-12-24,0.57449401,0.19293097
loto,bayes_lgb,2025-12-25,0.52804814,0.17200778
loto,bayes_lgb,2025-12-26,0.57432176,0.19286852
loto,bayes_lgb,2025-12-27,0.52800688,0.17199276
loto,bayes_lgb,2025-12-28,0.58608782,0.19815547
loto,bayes_lgb,2025-12-29,0.56275443,0.18765374
loto,bayes_lgb,2025-12-30,0.55113887,0.18242143
loto,bayes_lgb,2025-12-31,0.56262343,0.18760619
loto,bayes_lgb,2026-01-01,0.51610511,0.16665666
loto,bayes_lgb,2026-01-02,0.55096434,0.18235807
loto,bayes_lgb,2026-01-03,0.56280945,0.18767359
loto,bayes_lgb,2026-01-04,0.55115039,0.18242563
loto,bayes_lgb,2026-01-05,0.55101061,0.18237473
loto,bayes_lgb,2026-01-06,0.56272732,0.18764378
loto,bayes_lgb,2026-01-07,0.56274843,0.18765151
loto,bayes_lgb,2026-01-08,0.53943346,0.17715653
loto,bayes_lgb,2026-01-09,0.53945144,0.17716307
loto,bayes_lgb,2026-01-10,0.52754937,0.17182681
loto,bayes_lgb,2026-01-11,0.53915378,0.17705498
loto,bayes_lgb,2026-01-12,0.56257550,0.18758871
loto,bayes_lgb,2026-01-13,0.56259799,0.18759697
loto,bayes_lgb,2026-01-14,0.52788329,0.17194795
loto,bayes_lgb,2026-01-15,0.52777566,0.17190888
loto,bayes_lgb,2026-01-16,0.56290938,0.18770995
loto,bayes_lgb,2026-01-17,0.55096174,0.18235711
loto,bayes_lgb,2026-01-18,0.53941326,0.17714916
loto,bayes_lgb,2026-01-19,0.55136650,0.18250395
loto,bayes_lgb,2026-01-20,0.53927068,0.17709739
loto,bayes_lgb,2026-01-21,0.52779506,0.17191590
loto,bayes_lgb,2026-01-22,0.56268987,0.18763030
loto,bayes_lgb,2026-01-23,0.55095383,0.18235422
loto,bayes_lgb,2026-01-24,0.55099330,0.18236856
loto,bayes_lgb,2026-01-25,0.53942743,0.17715428
loto,bayes_lgb,2026-01-26,0.56281280,0.18767490
loto,bayes_lgb,2026-01-27,0.51636424,0.16675068
loto,bayes_lgb,2026-01-28,0.57437522,0.19288793
loto,bayes_lgb,2026-01-29,0.55108189,0.18240066
loto,bayes_lgb,2026-01-30,0.58598535,0.19811824
loto,bayes_lgb,2026-01-31,0.55111160,0.18241152
loto,bayes_lgb,2026-02-01,0.51621214,0.16669540
loto,bayes_lgb,2026-02-02,0.56279266,0.18766760
loto,bayes_lgb,2026-02-03,0.52787584,0.17194524
loto,bayes_lgb,2026-02-04,0.57435857,0.19288184
loto,bayes_lgb,2026-02-05,0.56262779,0.18760775
loto,bayes_lgb,2026-02-06,0.58609702,0.19815878
loto,bayes_lgb,2026-02-07,0.56263777,0.18761135
loto,bayes_lgb,2026-02-08,0.53953050,0.17719173
loto,bayes_lgb,2026-02-09,0.57432910,0.19287121
loto,bayes_lgb,2026-02-10,0.53951314,0.17718538
loto,bayes_lgb,2026-02-11,0.52780579,0.17191979
loto,bayes_lgb,2026-02-12,0.51632126,0.16673507
loto,bayes_lgb,2026-02-13,0.55100857,0.18237408
loto,bayes_lgb,2026-02-14,0.55114948,0.18242522
loto,bayes_lgb,2026-02-15,0.55102593,0.18238039
loto,bayes_lgb,2026-02-21,0.55102169,0.18237887
loto,bayes_lgb,2026-02-22,0.53947273,0.17717074
loto,bayes_lgb,2026-02-23,0.57426778,0.19284896
loto,bayes_lgb,2026-02-24,0.56282353,0.18767884
loto,bayes_lgb,2026-02-25,0.56278793,0.18766586
loto,bayes_lgb,2026-02-26,0.51618914,0.16668707
loto,bayes_lgb,2026-02-27,0.53937593,0.17713561
loto,bayes_lgb,2026-02-28,0.57425192,0.19284316
loto,bayes_lgb,2026-03-01,0.53938986,0.17714062
loto,bayes_lgb,2026-03-02,0.55100629,0.18237325
loto,bayes_lgb,2026-03-03,0.53965093,0.17723539
loto,bayes_lgb,2026-03-04,0.56254173,0.18757647
loto,bayes_lgb,2026-03-05,0.55109553,0.18240567
loto,bayes_lgb,2026-03-06,0.55101858,0.18237775
loto,bayes_lgb,2026-03-07,0.55114413,0.18242336
loto,bayes_lgb,2026-03-08,0.53963227,0.17722870
loto,bayes_lgb,2026-03-09,0.53960673,0.17721936
loto,bayes_lgb,2026-03-10,0.53940826,0.17714733
loto,bayes_lgb,2026-03-11,0.55114167,0.18242244
loto,bayes_lgb,2026-03-12,0.56276956,0.18765916
loto,bayes_lgb,2026-03-13,0.55109939,0.18240712
loto,bayes_lgb,2026-03-14,0.57428682,0.19285583
loto,bayes_lgb,2026-03-15,0.57433237,0.19287236
loto,bayes_lgb,2026-03-16,0.55104626,0.18238780
loto,bayes_lgb,2026-03-17,0.52800348,0.17199164
loto,bayes_lgb,2026-03-18,0.55115721,0.18242812
loto,bayes_lgb,2026-03-19,0.53945673,0.17716485
loto,bayes_lgb,2026-03-20,0.56249996,0.18756120
loto,bayes_lgb,2026-03-21,0.56276613,0.18765802
loto,bayes_lgb,2026-03-22,0.56273397,0.18764628
loto,bayes_lgb,2026-03-23,0.51617022,0.16668009
loto,bayes_lgb,2026-03-24,0.57408225,0.19278142
loto,bayes_lgb,2026-03-25,0.56274291,0.18764961
loto,bayes_lgb,2026-03-26,0.53943646,0.17715758
loto,bayes_lgb,2026-03-27,0.55109433,0.18240521
loto,bayes_lgb,2026-03-28,0.55111746,0.18241364
loto,bayes_lgb,2026-03-29,0.53959385,0.17721481
loto,bayes_lgb,2026-03-30,0.55108008,0.18240010
loto,bayes_lgb,2026-03-31,0.57435383,0.19288023
loto,bayes_lgb,2026-04-01,0.50473961,0.16151506
loto,bayes_lgb,2026-04-02,0.56281526,0.18767591
loto,bayes_lgb,2026-04-03,0.53946637,0.17716839
loto,bayes_lgb,2026-04-04,0.55120926,0.18244705
loto,bayes_lgb,2026-04-05,0.53945362,0.17716379
loto,bayes_lgb,2026-04-06,0.53948293,0.17717442
loto,bayes_lgb,2026-04-07,0.55110090,0.18240762
loto,bayes_lgb,2026-04-08,0.53943028,0.17715530
loto,bayes_lgb,2026-04-09,0.53964114,0.17723199
loto,bayes_lgb,2026-04-10,0.51641316,0.16676856
loto,bayes_lgb,2026-04-11,0.56259779,0.18759679
loto,bayes_lgb,2026-04-12,0.57424320,0.19283993
loto,bayes_lgb,2026-04-13,0.53948082,0.17717368
loto,bayes_lgb,2026-04-14,0.51638177,0.16675708
loto,bayes_lgb,2026-04-15,0.55108871,0.18240321
loto,bayes_lgb,2026-04-16,0.57412823,0.19279811
loto,bayes_lgb,2026-04-17,0.55104961,0.18238892
loto,bayes_lgb,2026-04-18,0.57412796,0.19279801
loto,bayes_lgb,2026-04-19,0.55105181,0.18238979
loto,bayes_lgb,2026-04-20,0.51652858,0.16681047
loto,bayes_lgb,2026-04-21,0.53946255,0.17716704
loto,bayes_lgb,2026-04-22,0.52781935,0.17192462
loto,bayes_lgb,2026-04-23,0.53949630,0.17717928
loto,bayes_lgb,2026-04-24,0.57415345,0.19280728
loto,bayes_lgb,2026-04-25,0.55115450,0.18242711
loto,bayes_lgb,2026-04-26,0.55117109,0.18243312
loto,bayes_lgb,2026-04-27,0.55107092,0.18239675
loto,bayes_lgb,2026-04-28,0.55101523,0.18237642
loto,bayes_lgb,2026-04-29,0.56270598,0.18763616
loto,bayes_lgb,2026-04-30,0.52791857,0.17196077
loto,bayes_lgb,2026-05-01,0.56250959,0.18756466
loto,bayes_lgb,2026-05-02,0.55093467,0.18234716
loto,bayes_lgb,2026-05-03,0.55100132,0.18237137
loto,bayes_lgb,2026-05-04,0.52799577,0.17198885
loto,bayes_lgb,2026-05-05,0.52790031,0.17195404
loto,bayes_lgb,2026-05-06,0.55108600,0.18240225
loto,bayes_lgb,2026-05-07,0.55104536,0.18238724
loto,bayes_lgb,2026-05-08,0.56259530,0.18759596
loto,bayes_lgb,2026-05-09,0.55105117,0.18238951
loto,bayes_lgb,2026-05-10,0.53911250,0.17703985
loto,bayes_lgb,2026-05-11,0.53936245,0.17713069
loto,bayes_lgb,2026-05-12,0.51610730,0.16665731
loto,bayes_lgb,2026-05-13,0.57427005,0.19284967
loto,bayes_lgb,2026-05-14,0.56261507,0.18760302
loto,bayes_lgb,2026-05-15,0.55094704,0.18235170
loto,bayes_lgb,2026-05-16,0.53944507,0.17716069
loto,bayes_lgb,2026-05-17,0.56283651,0.18768359
loto,bayes_lgb,2026-05-18,0.55106184,0.18239346
loto,bayes_lgb,2026-05-19,0.56275966,0.18765562
loto,bayes_lgb,2026-05-20,0.53961964,0.17722420
loto,bayes_lgb,2026-05-21,0.52782508,0.17192680
loto,bayes_lgb,2026-05-22,0.55116688,0.18243151
loto,bayes_lgb,2026-05-23,0.55103794,0.18238479
loto,bayes_lgb,2026-05-24,0.52805603,0.17201060
loto,bayes_lgb,2026-05-25,0.57446346,0.19291997
loto,bayes_lgb,2026-05-26,0.56275343,0.18765333
loto,bayes_lgb,2026-05-27,0.55103192,0.18238262
loto,bayes_lgb,2026-05-28,0.51635109,0.16674583
loto,bayes_lgb,2026-05-29,0.53950534,0.17718265
loto,bayes_lgb,2026-05-30,0.53954135,0.17719550
loto,bayes_lgb,2026-05-31,0.55094419,0.18235069
loto,bayes_lgb,2026-06-01,0.56248940,0.18755732
loto,bayes_lgb,2026-06-02,0.53964870,0.17723474
loto,bayes_lgb,2026-06-03,0.56276425,0.18765729
loto,bayes_lgb,2026-06-04,0.56272653,0.18764359
loto,bayes_lgb,2026-06-05,0.53938065,0.17713725
loto,bayes_lgb,2026-06-06,0.56263860,0.18761168
loto,bayes_lgb,2026-06-07,0.53958785,0.17721260
loto,bayes_lgb,2026-06-08,0.53958005,0.17720972
loto,bayes_lgb,2026-06-09,0.56283690,0.18768373
loto,bayes_lgb,2026-06-10,0.55094813,0.18235213
loto,bayes_lgb,2026-06-11,0.57408434,0.19278223
loto,bayes_lgb,2026-06-12,0.53962022,0.17722433
loto,bayes_lgb,2026-06-13,0.56279139,0.18766712
loto,bayes_lgb,2026-06-14,0.51630507,0.16672927
loto,bayes_lgb,2026-06-15,0.56245880,0.18754619
loto,bayes_lgb,2026-06-16,0.53951678,0.17718678
loto,bayes_lgb,2026-06-17,0.56285634,0.18769075
loto,bayes_lgb,2026-06-18,0.55104587,0.18238764
loto,bayes_lgb,2026-06-19,0.52770984,0.17188479
loto,bayes_lgb,2026-06-20,0.56268969,0.18763014
loto,bayes_lgb,2026-06-21,0.53953639,0.17719382
loto,bayes_lgb,2026-06-22,0.55114114,0.18242229
loto,bayes_lgb,2026-06-23,0.57419742,0.19282312
loto,bayes_lgb,2026-06-24,0.57431198,0.19286498
loto,bayes_lgb,2026-06-25,0.57425665,0.19284489
loto,bayes_lgb,2026-06-26,0.50473028,0.16151175
loto,bayes_lgb,2026-06-27,0.51622725,0.16670087
loto,bayes_lgb,2026-06-28,0.56251566,0.18756687
loto,bayes_lgb,2026-06-29,0.55116359,0.18243039
loto,bayes_lgb,2026-06-30,0.56275523,0.18765410
loto,bayes_lgb,2026-07-01,0.55104058,0.18238569
loto,bayes_lgb,2026-07-02,0.53962896,0.17722761
loto,bayes_lgb,2026-07-03,0.56264464,0.18761380
loto,bayes_lgb,2026-07-04,0.52790979,0.17195747
loto,bayes_lgb,2026-07-05,0.53959252,0.17721433
loto,bayes_lgb,2026-07-06,0.53968725,0.17724879
loto,bayes_lgb,2026-07-07,0.52784969,0.17193569
loto,bayes_lgb,2026-07-08,0.52790967,0.17195756
loto,bayes_lgb,2026-07-09,0.55106718,0.18239541
loto,bayes_lgb,2026-07-10,0.57421197,0.19282845
loto,bayes_lgb,2026-07-11,0.56256416,0.18758459
loto,bayes_lgb,2026-07-12,0.55117000,0.18243279
loto,bayes_lgb,2026-07-13,0.56262133,0.18760530
loto,bayes_lgb,2026-07-14,0.56287224,0.18769653
loto,bayes_lgb,2026-07-15,0.55097282,0.18236106
loto,bayes_lgb,2026-07-16,0.52801153,0.17199455
loto,bayes_lgb,2026-07-17,0.52806551,0.17201414
loto,bayes_lgb,2026-07-18,0.55096334,0.18235765
loto,bayes_lgb,2026-07-19,0.55120308,0.18244470
loto,bayes_lgb,2026-07-20,0.52796187,0.17197648
loto,bayes_lgb,2026-07-21,0.52771098,0.17188522
loto,bayes_lgb,2026-07-22,0.53924682,0.17708855
loto,bayes_lgb,2026-07-23,0.53949024,0.17717714
loto,bayes_lgb,2026-07-24,0.56270545,0.18763595
loto,bayes_lgb,2026-07-25,0.53955104,0.17719921
loto,bayes_lgb,2026-07-26,0.51623513,0.16670372
loto,bayes_lgb,2026-07-27,0.55112716,0.18241720
loto,bayes_lgb,2026-07-28,0.56295590,0.18772695
loto,bayes_lgb,2026-07-29,0.51639693,0.16676258
loto,bayes_lgb,2026-07-30,0.56255671,0.18758189
loto,bayes_lgb,2026-07-31,0.52786089,0.17193976
loto,bayes_lgb,2026-08-01,0.56258695,0.18759287
loto,bayes_lgb,2026-08-02,0.57416234,0.19281057
loto,bayes_lgb,2026-08-03,0.53965385,0.17723661
loto,bayes_lgb,2026-08-04,0.53955411,0.17720031
loto,bayes_lgb,2026-08-05,0.56256062,0.18758326
loto,bayes_lgb,2026-08-06,0.51627394,0.16671790
loto,bayes_lgb,2026-08-07,0.53954071,0.17719539
loto,bayes_lgb,2026-08-08,0.56260557,0.18759961
loto,bayes_lgb,2026-08-09,0.56286695,0.18769461
loto,bayes_lgb,2026-08-10,0.53936347,0.17713096
loto,bayes_lgb,2026-08-11,0.52796448,0.17197743
loto,bayes_lgb,2026-08-12,0.52788171,0.17194733
loto,bayes_lgb,2026-08-13,0.52797687,0.17198198
loto,bayes_lgb,2026-08-14,0.56258479,0.18759218
loto,bayes_lgb,2026-08-15,0.52768649,0.17187661
loto,bayes_lgb,2026-08-16,0.53946163,0.17716673
loto,bayes_lgb,2026-08-17,0.56263499,0.18761032
loto,bayes_lgb,2026-08-18,0.57441034,0.19290064
loto,bayes_lgb,2026-08-19,0.55095105,0.18235330
loto,bayes_lgb,2026-08-20,0.53950768,0.17718348
loto,bayes_lgb,2026-08-21,0.57428240,0.19285420
loto,bayes_lgb,2026-08-22,0.55093441,0.18234716
loto,bayes_lgb,2026-08-23,0.55132306,0.18248819
loto,bayes_lgb,2026-08-24,0.51631945,0.16673431
loto,bayes_lgb,2026-08-25,0.53951697,0.17718679
loto,bayes_lgb,2026-08-26,0.57441640,0.19290280
loto,bayes_lgb,2026-08-27,0.55099168,0.18236808
loto,bayes_lgb,2026-08-28,0.55101905,0.18237793
loto,bayes_lgb,2026-08-29,0.56275355,0.18765340
loto,bayes_lgb,2026-08-30,0.56281007,0.18767387
loto,bayes_lgb,2026-08-31,0.55103857,0.18238500
loto,bayes_lgb,2026-09-01,0.57421449,0.19282964
loto,bayes_lgb,2026-09-02,0.53935137,0.17712671
loto,bayes_lgb,2026-09-03,0.53937163,0.17713412
loto,bayes_lgb,2026-09-04,0.55120971,0.18244704
loto,bayes_lgb,2026-09-05,0.55122677,0.18245327
loto,bayes_lgb,2026-09-06,0.56278419,0.18766449
loto,bayes_lgb,2026-09-07,0.53931902,0.17711498
loto,bayes_lgb,2026-09-08,0.52781587,0.17192348
loto,bayes_lgb,2026-09-09,0.55094260,0.18235018
loto,bayes_lgb,2026-09-10,0.55107082,0.18239666
loto,bayes_lgb,2026-09-11,0.55120928,0.18244694
loto,bayes_lgb,2026-09-12,0.55119991,0.18244350
loto,bayes_lgb,2026-09-13,0.51617553,0.16668215
loto,bayes_lgb,2026-09-14,0.57460771,0.19297228
loto,bayes_lgb,2026-09-15,0.52769779,0.17188054
loto,bayes_lgb,2026-09-16,0.53955376,0.17720009
loto,bayes_lgb,2026-09-17,0.56271984,0.18764117
loto,bayes_lgb,2026-09-18,0.51629196,0.16672440
loto,bayes_lgb,2026-09-19,0.52781043,0.17192142
loto,bayes_lgb,2026-09-20,0.55107330,0.18239757
loto,bayes_lgb,2026-09-21,0.55109097,0.18240401
loto,bayes_lgb,2026-09-22,0.51602278,0.16662680
loto,bayes_lgb,2026-09-23,0.56275754,0.18765490
loto,bayes_lgb,2026-09-24,0.56268415,0.18762826
loto,bayes_lgb,2026-09-25,0.53938976,0.17714062
loto,bayes_lgb,2026-09-26,0.55112558,0.18241661
loto,bayes_lgb,2026-09-27,0.52782221,0.17192578
loto,bayes_lgb,2026-09-28,0.51615982,0.16667648
loto,bayes_lgb,2026-09-29,0.57455349,0.19295249
loto,bayes_lgb,2026-09-30,0.53964358,0.17723267
loto,bayes_lgb,2026-10-01,0.51609438,0.16665271
loto,bayes_lgb,2026-10-02,0.55100763,0.18237386
loto,bayes_lgb_focal_iso,2023-12-26,0.55230891,0.18284144
loto,bayes_lgb_focal_iso,2023-12-27,0.51550292,0.16644248
loto,bayes_lgb_focal_iso,2023-12-28,0.54099541,0.17770175
loto,bayes_lgb_focal_iso,2023-12-29,0.55231765,0.18283834
loto,bayes_lgb_focal_iso,2023-12-30,0.56202725,0.18739834
loto,bayes_lgb_focal_iso,2023-12-31,0.52948036,0.17250168
loto,bayes_lgb_focal_iso,2024-01-01,0.55236002,0.18284944
loto,bayes_lgb_focal_iso,2024-01-02,0.55104368,0.18238684
loto,bayes_lgb_focal_iso,2024-01-03,0.56153350,0.18721915
loto,bayes_lgb_focal_iso,2024-01-04,0.57621699,0.19352601
loto,bayes_lgb_focal_iso,2024-01-05,0.52760783,0.17184802
loto,bayes_lgb_focal_iso,2024-01-06,0.51615649,0.16667964
loto,bayes_lgb_focal_iso,2024-01-07,0.55045676,0.18217814
loto,bayes_lgb_focal_iso,2024-01-08,0.56259430,0.18759982
loto,bayes_lgb_focal_iso,2024-01-09,0.53921467,0.17708142
loto,bayes_lgb_focal_iso,2024-01-10,0.56358545,0.18794443
loto,bayes_lgb_focal_iso,2024-01-11,0.55191902,0.18269370
loto,bayes_lgb_focal_iso,2024-01-12,0.56252490,0.18757463
loto,bayes_lgb_focal_iso,2024-01-13,0.52713983,0.17168249
loto,bayes_lgb_focal_iso,2024-01-14,0.55185227,0.18266949
loto,bayes_lgb_focal_iso,2024-01-15,0.54972981,0.18189639
loto,bayes_lgb_focal_iso,2024-01-16,0.53948246,0.17718482
loto,bayes_lgb_focal_iso,2024-01-17,0.58828641,0.19893780
loto,bayes_lgb_focal_iso,2024-01-18,0.55051374,0.18220309
loto,bayes_lgb_focal_iso,2024-01-19,0.57369852,0.19265081
loto,bayes_lgb_focal_iso,2024-01-20,0.52727192,0.17174093
loto,bayes_lgb_focal_iso,2024-01-21,0.56200036,0.18738860
loto,bayes_lgb_focal_iso,2024-01-22,0.57312070,0.19244114
loto,bayes_lgb_focal_iso,2024-01-23,0.52861230,0.17220175
loto,bayes_lgb_focal_iso,2024-01-24,0.58698869,0.19847141
loto,bayes_lgb_focal_iso,2024-01-25,0.57399669,0.19275472
loto,bayes_lgb_focal_iso,2024-01-26,0.55103878,0.18239559
loto,bayes_lgb_focal_iso,2024-01-27,0.54028935,0.17745202
loto,bayes_lgb_focal_iso,2024-01-28,0.56401507,0.18810228
loto,bayes_lgb_focal_iso,2024-01-29,0.52902119,0.17235211
loto,bayes_lgb_focal_iso,2024-01-30,0.53890659,0.17696960
loto,bayes_lgb_focal_iso,2024-01-31,0.52754229,0.17183282
loto,bayes_lgb_focal_iso,2024-02-01,0.52894086,0.17231018
loto,bayes_lgb_focal_iso,2024-02-02,0.55247853,0.18289676
loto,bayes_lgb_focal_iso,2024-02-03,0.54050146,0.17752899
loto,bayes_lgb_focal_iso,2024-02-04,0.55089757,0.18233384
loto,bayes_lgb_focal_iso,2024-02-05,0.55053691,0.18220723
loto,bayes_lgb_focal_iso,2024-02-06,0.57609469,0.19348163
loto,bayes_lgb_focal_iso,2024-02-07,0.52800253,0.17199125
loto,bayes_lgb_focal_iso,2024-02-08,0.51595876,0.16660787
loto,bayes_lgb_focal_iso,2024-02-14,0.51622920,0.16670605
loto,bayes_lgb_focal_iso,2024-02-15,0.56121910,0.18710935
loto,bayes_lgb_focal_iso,2024-02-16,0.51601982,0.16662356
loto,bayes_lgb_focal_iso,2024-02-17,0.55189566,0.18268953
loto,bayes_lgb_focal_iso,2024-02-18,0.57436335,0.19288333
loto,bayes_lgb_focal_iso,2024-02-19,0.52812554,0.17203613
loto,bayes_lgb_focal_iso,2024-02-20,0.57576294,0.19335622
loto,bayes_lgb_focal_iso,2024-02-21,0.53953682,0.17719409
loto,bayes_lgb_focal_iso,2024-02-22,0.56378899,0.18802874
loto,bayes_lgb_focal_iso,2024-02-23,0.56370862,0.18799915
loto,bayes_lgb_focal_iso,2024-02-24,0.56194839,0.18736120
loto,bayes_lgb_focal_iso,2024-02-25,0.50427757,0.16134804
loto,bayes_lgb_focal_iso,2024-02-26,0.56331725,0.18785723
loto,bayes_lgb_focal_iso,2024-02-27,0.55210650,0.18277222
loto,bayes_lgb_focal_iso,2024-02-28,0.55071747,0.18226853
loto,bayes_lgb_focal_iso,2024-02-29,0.55224550,0.18282262
loto,bayes_lgb_focal_iso,2024-03-01,0.56302196,0.18775049
loto,bayes_lgb_focal_iso,2024-03-02,0.52822999,0.17207389
loto,bayes_lgb_focal_iso,2024-03-03,0.55169941,0.18262470
loto,bayes_lgb_focal_iso,2024-03-04,0.53888628,0.17695840
loto,bayes_lgb_focal_iso,2024-03-05,0.51639880,0.16676377
loto,bayes_lgb_focal_iso,2024-03-06,0.53980513,0.17729170
loto,bayes_lgb_focal_iso,2024-03-07,0.52717236,0.17169069
loto,bayes_lgb_focal_iso,2024-03-08,0.52711759,0.17173497
loto,bayes_lgb_focal_iso,2024-03-09,0.51388685,0.16598128
loto,bayes_lgb_focal_iso,2024-03-10,0.57151100,0.19027248
loto,bayes_lgb_focal_iso,2024-03-11,0.55033754,0.18219522
loto,bayes_lgb_focal_iso,2024-03-12,0.55673339,0.18413995
loto,bayes_lgb_focal_iso,2024-03-13,0.53977660,0.17728145
loto,bayes_lgb_focal_iso,2024-03-14,0.52857709,0.17219615
loto,bayes_lgb_focal_iso,2024-03-15,0.57474120,0.19303383
loto,bayes_lgb_focal_iso,2024-03-16,0.56159699,0.18729813
loto,bayes_lgb_focal_iso,2024-03-17,0.55565090,0.18374731
loto,bayes_lgb_focal_iso,2024-03-18,0.52614846,0.17138345
loto,bayes_lgb_focal_iso,2024-03-19,0.56867504,0.18949024
loto,bayes_lgb_focal_iso,2024-03-20,0.55162060,0.18259622
loto,bayes_lgb_focal_iso,2024-03-21,0.55054257,0.18220486
loto,bayes_lgb_focal_iso,2024-03-22,0.51545532,0.16642153
loto,bayes_lgb_focal_iso,2024-03-23,0.55144258,0.18253112
loto,bayes_lgb_focal_iso,2024-03-24,0.57429134,0.19285710
loto,bayes_lgb_focal_iso,2024-03-25,0.55080620,0.18230070
loto,bayes_lgb_focal_iso,2024-03-26,0.55115332,0.18242678
loto,bayes_lgb_focal_iso,2024-03-27,0.52746162,0.17179503
loto,bayes_lgb_focal_iso,2024-03-28,0.56284706,0.18768683
loto,bayes_lgb_focal_iso,2024-03-29,0.55063866,0.18224005
loto,bayes_lgb_focal_iso,2024-03-30,0.53925146,0.17709026
loto,bayes_lgb_focal_iso,2024-03-31,0.55129522,0.18247813
loto,bayes_lgb_focal_iso,2024-04-01,0.53763465,0.17648738
loto,bayes_lgb_focal_iso,2024-04-02,0.55153630,0.18257127
loto,bayes_lgb_focal_iso,2024-04-03,0.52703465,0.17162350
loto,bayes_lgb_focal_iso,2024-04-04,0.50393354,0.16122855
loto,bayes_lgb_focal_iso,2024-04-05,0.55101718,0.18238326
loto,bayes_lgb_focal_iso,2024-04-06,0.53907107,0.17703090
loto,bayes_lgb_focal_iso,2024-04-07,0.56300936,0.18774634
loto,bayes_lgb_focal_iso,2024-04-08,0.53852872,0.17682719
loto,bayes_lgb_focal_iso,2024-04-09,0.51713193,0.16702947
loto,bayes_lgb_focal_iso,2024-04-10,0.55135038,0.18249967
loto,bayes_lgb_focal_iso,2024-04-11,0.54002911,0.17738008
loto,bayes_lgb_focal_iso,2024-04-12,0.52800071,0.17199145
loto,bayes_lgb_focal_iso,2024-04-13,0.55068758,0.18225583
loto,bayes_lgb_focal_iso,2024-04-14,0.53821972,0.17671531
loto,bayes_lgb_focal_iso,2024-04-15,0.56240367,0.18752437
loto,bayes_lgb_focal_iso,2024-04-16,0.56186761,0.18733117
loto,bayes_lgb_focal_iso,2024-04-17,0.53855693,0.17683826
loto,bayes_lgb_focal_iso,2024-04-18,0.57431312,0.19286577
loto,bayes_lgb_focal_iso,2024-04-19,0.54018819,0.17743144
loto,bayes_lgb_focal_iso,2024-04-20,0.50276470,0.16079981
loto,bayes_lgb_focal_iso,2024-04-21,0.54061090,0.17758654
loto,bayes_lgb_focal_iso,2024-04-22,0.55079859,0.18229900
loto,bayes_lgb_focal_iso,2024-04-23,0.56263651,0.18760969
loto,bayes_lgb_focal_iso,2024-04-24,0.53859999,0.17685139
loto,bayes_lgb_focal_iso,2024-04-25,0.55105445,0.18238802
loto,bayes_lgb_focal_iso,2024-04-26,0.55067973,0.18225695
loto,bayes_lgb_focal_iso,2024-04-27,0.58599795,0.19812449
loto,bayes_lgb_focal_iso,2024-04-28,0.55049818,0.18218494
loto,bayes_lgb_focal_iso,2024-04-29,0.57510239,0.19315196
loto,bayes_lgb_focal_iso,2024-04-30,0.56351508,0.18793241
loto,bayes_lgb_focal_iso,2024-05-01,0.56297402,0.18773157
loto,bayes_lgb_focal_iso,2024-05-02,0.55163624,0.18260353
loto,bayes_lgb_focal_iso,2024-05-03,0.52687690,0.17158454
loto,bayes_lgb_focal_iso,2024-05-04,0.57440753,0.19289840
loto,bayes_lgb_focal_iso,2024-05-05,0.51578801,0.16654290
loto,bayes_lgb_focal_iso,2024-05-06,0.56291079,0.18771011
loto,bayes_lgb_focal_iso,2024-05-07,0.55033895,0.18212967
loto,bayes_lgb_focal_iso,2024-05-08,0.55027280,0.18210688
loto,bayes_lgb_focal_iso,2024-05-09,0.58679407,0.19840637
loto,bayes_lgb_focal_iso,2024-05-10,0.54965521,0.18188091
loto,bayes_lgb_focal_iso,2024-05-11,0.53876130,0.17691142
loto,bayes_lgb_focal_iso,2024-05-12,0.58650213,0.19830191
loto,bayes_lgb_focal_iso,2024-05-13,0.55153678,0.18256850
loto,bayes_lgb_focal_iso,2024-05-14,0.56392066,0.18807632
loto,bayes_lgb_focal_iso,2024-05-15,0.55030529,0.18211786
loto,bayes_lgb_focal_iso,2024-05-16,0.52713594,0.17167567
loto,bayes_lgb_focal_iso,2024-05-17,0.50434606,0.16137934
loto,bayes_lgb_focal_iso,2024-05-18,0.53876834,0.17691460
loto,bayes_lgb_focal_iso,2024-05-19,0.52729091,0.17173222
loto,bayes_lgb_focal_iso,2024-05-20,0.54779277,0.18120384
loto,bayes_lgb_focal_iso,2024-05-21,0.56376059,0.18801867
loto,bayes_lgb_focal_iso,2024-05-22,0.55041029,0.18215540
loto,bayes_lgb_focal_iso,2024-05-23,0.57523140,0.19320376
loto,bayes_lgb_focal_iso,2024-05-24,0.56313152,0.18779628
loto,bayes_lgb_focal_iso,2024-05-25,0.54059911,0.17757893
loto,bayes_lgb_focal_iso,2024-05-26,0.52761697,0.17185158
loto,bayes_lgb_focal_iso,2024-05-27,0.55098320,0.18236485
loto,bayes_lgb_focal_iso,2024-05-28,0.53870767,0.17689273
loto,bayes_lgb_focal_iso,2024-05-29,0.57282268,0.19231523
loto,bayes_lgb_focal_iso,2024-05-30,0.53711128,0.17630235
loto,bayes_lgb_focal_iso,2024-05-31,0.56399359,0.18810762
loto,bayes_lgb_focal_iso,2024-06-01,0.52756909,0.17183433
loto,bayes_lgb_focal_iso,2024-06-02,0.58772045,0.19875259
loto,bayes_lgb_focal_iso,2024-06-03,0.54954391,0.18183418
loto,bayes_lgb_focal_iso,2024-06-04,0.55226068,0.18283496
loto,bayes_lgb_focal_iso,2024-06-05,0.56287384,0.18769550
loto,bayes_lgb_focal_iso,2024-06-06,0.52755968,0.17182993
loto,bayes_lgb_focal_iso,2024-06-07,0.57290271,0.19234446
loto,bayes_lgb_focal_iso,2024-06-08,0.56244521,0.18753865
loto,bayes_lgb_focal_iso,2024-06-09,0.51704771,0.16701015
loto,bayes_lgb_focal_iso,2024-06-10,0.58616202,0.19818094
loto,bayes_lgb_focal_iso,2024-06-11,0.57686427,0.19380071
loto,bayes_lgb_focal_iso,2024-06-12,0.57511821,0.19315799
loto,bayes_lgb_focal_iso,2024-06-13,0.55172459,0.18263616
loto,bayes_lgb_focal_iso,2024-06-14,0.56316564,0.18780642
loto,bayes_lgb_focal_iso,2024-06-15,0.55070837,0.18226561
loto,bayes_lgb_focal_iso,2024-06-16,0.55046942,0.18217455
loto,bayes_lgb_focal_iso,2024-06-17,0.56005617,0.18666198
loto,bayes_lgb_focal_iso,2024-06-18,0.54867394,0.18151397
loto,bayes_lgb_focal_iso,2024-06-19,0.56211211,0.18741541
loto,bayes_lgb_focal_iso,2024-06-20,0.52709700,0.17165970
loto,bayes_lgb_focal_iso,2024-06-21,0.56191772,0.18734376
loto,bayes_lgb_focal_iso,2024-06-22,0.54847955,0.18144232
loto,bayes_lgb_focal_iso,2024-06-23,0.53799521,0.17662237
loto,bayes_lgb_focal_iso,2024-06-24,0.55178497,0.18266298
loto,bayes_lgb_focal_iso,2024-06-25,0.56467165,0.18835932
loto,bayes_lgb_focal_iso,2024-06-26,0.52559676,0.17110381
loto,bayes_lgb_focal_iso,2024-06-27,0.55128289,0.18247575
loto,bayes_lgb_focal_iso,2024-06-28,0.56319402,0.18781509
loto,bayes_lgb_focal_iso,2024-06-29,0.56143040,0.18716455
loto,bayes_lgb_focal_iso,2024-06-30,0.52888323,0.17231809
loto,bayes_lgb_focal_iso,2024-07-01,0.55020098,0.18207606
loto,bayes_lgb_focal_iso,2024-07-02,0.54013665,0.17741728
loto,bayes_lgb_focal_iso,2024-07-03,0.53945558,0.17716469
loto,bayes_lgb_focal_iso,2024-07-04,0.56342610,0.18789927
loto,bayes_lgb_focal_iso,2024-07-05,0.57533723,0.19323861
loto,bayes_lgb_focal_iso,2024-07-06,0.56331125,0.18785848
loto,bayes_lgb_focal_iso,2024-07-07,0.57605894,0.19350294
loto,bayes_lgb_focal_iso,2024-07-08,0.57602834,0.19349387
loto,bayes_lgb_focal_iso,2024-07-09,0.52729583,0.17173274
loto,bayes_lgb_focal_iso,2024-07-10,0.55224609,0.18282865
loto,bayes_lgb_focal_iso,2024-07-11,0.55158573,0.18258466
loto,bayes_lgb_focal_iso,2024-07-12,0.53935078,0.17712658
loto,bayes_lgb_focal_iso,2024-07-13,0.52823071,0.17207985
loto,bayes_lgb_focal_iso,2024-07-14,0.55267473,0.18298550
loto,bayes_lgb_focal_iso,2024-07-15,0.53846871,0.17680168
loto,bayes_lgb_focal_iso,2024-07-16,0.54832390,0.18138759
loto,bayes_lgb_focal_iso,2024-07-17,0.57493566,0.19308086
loto,bayes_lgb_focal_iso,2024-07-18,0.56157667,0.18721574
loto,bayes_lgb_focal_iso,2024-07-19,0.54552227,0.18034294
loto,bayes_lgb_focal_iso,2024-07-20,0.57431570,0.19286797
loto,bayes_lgb_focal_iso,2024-07-21,0.52381660,0.17044044
loto,bayes_lgb_focal_iso,2024-07-22,0.54113924,0.17779222
loto,bayes_lgb_focal_iso,2024-07-23,0.57481833,0.19305121
loto,bayes_lgb_focal_iso,2024-07-24,0.55736166,0.18566096
loto,bayes_lgb_focal_iso,2024-07-25,0.55625627,0.18524358
loto,bayes_lgb_focal_iso,2024-07-26,0.55632066,0.18526704
loto,bayes_lgb_focal_iso,2024-07-27,0.54966882,0.18188263
loto,bayes_lgb_focal_iso,2024-07-28,0.52676788,0.17153905
loto,bayes_lgb_focal_iso,2024-07-29,0.52728424,0.17172802
loto,bayes_lgb_focal_iso,2024-07-30,0.54879306,0.18156087
loto,bayes_lgb_focal_iso,2024-07-31,0.55337406,0.18325517
loto,bayes_lgb_focal_iso,2024-08-01,0.52412580,0.17055531
loto,bayes_lgb_focal_iso,2024-08-02,0.55196639,0.18272578
loto,bayes_lgb_focal_iso,2024-08-03,0.55350786,0.18330240
loto,bayes_lgb_focal_iso,2024-08-04,0.56311101,0.18778609
loto,bayes_lgb_focal_iso,2024-08-05,0.54904141,0.18165398
loto,bayes_lgb_focal_iso,2024-08-06,0.55051377,0.18219038
loto,bayes_lgb_focal_iso,2024-08-07,0.51650214,0.16680603
loto,bayes_lgb_focal_iso,2024-08-08,0.53908845,0.17703283
loto,bayes_lgb_focal_iso,2024-08-09,0.58380532,0.19730585
loto,bayes_lgb_focal_iso,2024-08-10,0.53577593,0.17579380
loto,bayes_lgb_focal_iso,2024-08-11,0.52692736,0.17159617
loto,bayes_lgb_focal_iso,2024-08-12,0.56291831,0.18771717
loto,bayes_lgb_focal_iso,2024-08-13,0.56262798,0.18761343
loto,bayes_lgb_focal_iso,2024-08-14,0.53948090,0.17717320
loto,bayes_lgb_focal_iso,2024-08-15,0.54535250,0.18028297
loto,bayes_lgb_focal_iso,2024-08-16,0.56392807,0.18809553
loto,bayes_lgb_focal_iso,2024-08-17,0.52004917,0.16812216
loto,bayes_lgb_focal_iso,2024-08-18,0.52791410,0.17196380
loto,bayes_lgb_focal_iso,2024-08-19,0.55079040,0.18230096
loto,bayes_lgb_focal_iso,2024-08-20,0.55443808,0.18365294
loto,bayes_lgb_focal_iso,2024-08-21,0.57052839,0.19146154
loto,bayes_lgb_focal_iso,2024-08-22,0.57374210,0.19264541
loto,bayes_lgb_focal_iso,2024-08-23,0.51712956,0.16704344
loto,bayes_lgb_focal_iso,2024-08-24,0.54089680,0.17770118
loto,bayes_lgb_focal_iso,2024-08-25,0.58606877,0.19813566
loto,bayes_lgb_focal_iso,2024-08-26,0.55463295,0.18370967
loto,bayes_lgb_focal_iso,2024-08-27,0.56459427,0.18833311
loto,bayes_lgb_focal_iso,2024-08-28,0.58589720,0.19807554
loto,bayes_lgb_focal_iso,2024-08-29,0.52748680,0.17181274
loto,bayes_lgb_focal_iso,2024-08-30,0.58884248,0.19916342
loto,bayes_lgb_focal_iso,2024-08-31,0.57237335,0.19213858
loto,bayes_lgb_focal_iso,2024-09-01,0.54029740,0.17746877
loto,bayes_lgb_focal_iso,2024-09-02,0.50458446,0.16146685
loto,bayes_lgb_focal_iso,2024-09-03,0.57228643,0.19211977
loto,bayes_lgb_focal_iso,2024-09-04,0.56413785,0.18816625
loto,bayes_lgb_focal_iso,2024-09-05,0.52705119,0.17163508
loto,bayes_lgb_focal_iso,2024-09-06,0.53814491,0.17668215
loto,bayes_lgb_focal_iso,2024-09-07,0.56054241,0.18682941
loto,bayes_lgb_focal_iso,2024-09-08,0.50326749,0.16097729
loto,bayes_lgb_focal_iso,2024-09-09,0.53507277,0.17552751
loto,bayes_lgb_focal_iso,2024-09-10,0.53885652,0.17693806
loto,bayes_lgb_focal_iso,2024-09-11,0.54908664,0.18165328
loto,bayes_lgb_focal_iso,2024-09-12,0.54191056,0.17809485
loto,bayes_lgb_focal_iso,2024-09-13,0.55897020,0.18621325
loto,bayes_lgb_focal_iso,2024-09-14,0.52227714,0.16985583
loto,bayes_lgb_focal_iso,2024-09-15,0.53042444,0.17289788
loto,bayes_lgb_focal_iso,2024-09-16,0.56463856,0.18837377
loto,bayes_lgb_focal_iso,2024-09-17,0.56246916,0.18753947
loto,bayes_lgb_focal_iso,2024-09-18,0.55095898,0.18237021
loto,bayes_lgb_focal_iso,2024-09-19,0.57618429,0.19357308
loto,bayes_lgb_focal_iso,2024-09-20,0.55149799,0.18257087
loto,bayes_lgb_focal_iso,2024-09-21,0.54032796,0.17751565
loto,bayes_lgb_focal_iso,2024-09-22,0.58978257,0.19953065
loto,bayes_lgb_focal_iso,2024-09-23,0.51460257,0.16611497
loto,bayes_lgb_focal_iso,2024-09-24,0.57317419,0.19242379
loto,bayes_lgb_focal_iso,2024-09-25,0.51339831,0.16563204
loto,bayes_lgb_focal_iso,2024-09-26,0.55350103,0.18330272
loto,bayes_lgb_focal_iso,2024-09-27,0.56293694,0.18770455
loto,bayes_lgb_focal_iso,2024-09-28,0.53931423,0.17710727
loto,bayes_lgb_focal_iso,2024-09-29,0.55041303,0.18213905
loto,bayes_lgb_focal_iso,2024-09-30,0.54261759,0.17835523
loto,bayes_lgb_focal_iso,2024-10-01,0.53573530,0.17575613
loto,bayes_lgb_focal_iso,2024-10-02,0.55321902,0.18320071
loto,bayes_lgb_focal_iso,2024-10-03,0.55357595,0.18333861
loto,bayes_lgb_focal_iso,2024-10-04,0.52735485,0.17177355
loto,bayes_lgb_focal_iso,2024-10-05,0.54155217,0.17794036
loto,bayes_lgb_focal_iso,2024-10-06,0.57554137,0.19331644
loto,bayes_lgb_focal_iso,2024-10-07,0.56149629,0.18717768
loto,bayes_lgb_focal_iso,2024-10-08,0.54414378,0.17891867
loto,bayes_lgb_focal_iso,2024-10-09,0.55272928,0.18300762
loto,bayes_lgb_focal_iso,2024-10-10,0.52705566,0.17163573
loto,bayes_lgb_focal_iso,2024-10-11,0.55300416,0.18310561
loto,bayes_lgb_focal_iso,2024-10-12,0.53938817,0.17714222
loto,bayes_lgb_focal_iso,2024-10-13,0.54515613,0.17930183
loto,bayes_lgb_focal_iso,2024-10-14,0.54149836,0.17794836
loto,bayes_lgb_focal_iso,2024-10-15,0.56421529,0.18819843
loto,bayes_lgb_focal_iso,2024-10-16,0.51759916,0.16723308
loto,bayes_lgb_focal_iso,2024-10-17,0.55133699,0.18251132
loto,bayes_lgb_focal_iso,2024-10-18,0.52450914,0.17067475
loto,bayes_lgb_focal_iso,2024-10-19,0.52909480,0.17241657
loto,bayes_lgb_focal_iso,2024-10-20,0.52632209,0.17135083
loto,bayes_lgb_focal_iso,2024-10-21,0.57244825,0.19215264
loto,bayes_lgb_focal_iso,2024-10-22,0.55172397,0.18265890
loto,bayes_lgb_focal_iso,2024-10-23,0.59218130,0.20041975
loto,bayes_lgb_focal_iso,2024-10-24,0.52605754,0.17127323
loto,bayes_lgb_focal_iso,2024-10-25,0.56091134,0.18695159
loto,bayes_lgb_focal_iso,2024-10-26,0.52975301,0.17265968
loto,bayes_lgb_focal_iso,2024-10-27,0.54177250,0.17801862
loto,bayes_lgb_focal_iso,2024-10-28,0.56380745,0.18803235
loto,bayes_lgb_focal_iso,2024-10-29,0.53839209,0.17676770
loto,bayes_lgb_focal_iso,2024-10-30,0.55425341,0.18357152
loto,bayes_lgb_focal_iso,2024-10-31,0.53801757,0.17665437
loto,bayes_lgb_focal_iso,2024-11-01,0.53632966,0.17599891
loto,bayes_lgb_focal_iso,2024-11-02,0.53935362,0.17712148
loto,bayes_lgb_focal_iso,2024-11-03,0.53562772,0.17573240
loto,bayes_lgb_focal_iso,2024-11-04,0.55334950,0.18324091
loto,bayes_lgb_focal_iso,2024-11-05,0.52965434,0.17261894
loto,bayes_lgb_focal_iso,2024-11-06,0.53685521,0.17619557
loto,bayes_lgb_focal_iso,2024-11-07,0.55413196,0.18353760
loto,bayes_lgb_focal_iso,2024-11-08,0.57527308,0.19322712
loto,bayes_lgb_focal_iso,2024-11-09,0.53989141,0.17733747
loto,bayes_lgb_focal_iso,2024-11-10,0.54760311,0.18108674
loto,bayes_lgb_focal_iso,2024-11-11,0.58764359,0.19874172
loto,bayes_lgb_focal_iso,2024-11-12,0.54075684,0.17764517
loto,bayes_lgb_focal_iso,2024-11-13,0.52586452,0.17120134
loto,bayes_lgb_focal_iso,2024-11-14,0.52699844,0.17162004
loto,bayes_lgb_focal_iso,2024-11-15,0.56413369,0.18816357
loto,bayes_lgb_focal_iso,2024-11-16,0.55093059,0.18234374
loto,bayes_lgb_focal_iso,2024-11-17,0.55388366,0.18344667
loto,bayes_lgb_focal_iso,2024-11-18,0.54751889,0.18106080
loto,bayes_lgb_focal_iso,2024-11-19,0.52965421,0.17262723
loto,bayes_lgb_focal_iso,2024-11-20,0.54588012,0.17956033
loto,bayes_lgb_focal_iso,2024-11-21,0.52545879,0.17104110
loto,bayes_lgb_focal_iso,2024-11-22,0.54125494,0.17785322
loto,bayes_lgb_focal_iso,2024-11-23,0.56640269,0.18901686
loto,bayes_lgb_focal_iso,2024-11-24,0.50785169,0.16269187
loto,bayes_lgb_focal_iso,2024-11-25,0.57438770,0.19287788
loto,bayes_lgb_focal_iso,2024-11-26,0.54956506,0.18182911
loto,bayes_lgb_focal_iso,2024-11-27,0.56408462,0.18815542
loto,bayes_lgb_focal_iso,2024-11-28,0.54102392,0.17775393
loto,bayes_lgb_focal_iso,2024-11-29,0.56609621,0.18889455
loto,bayes_lgb_focal_iso,2024-11-30,0.56182676,0.18730844
loto,bayes_lgb_focal_iso,2024-12-01,0.55986401,0.18657716
loto,bayes_lgb_focal_iso,2024-12-02,0.52973506,0.17265497
loto,bayes_lgb_focal_iso,2024-12-03,0.55396225,0.18347215
loto,bayes_lgb_focal_iso,2024-12-04,0.53800626,0.17662624
loto,bayes_lgb_focal_iso,2024-12-05,0.53280039,0.17378985
loto,bayes_lgb_focal_iso,2024-12-06,0.56417108,0.18817955
loto,bayes_lgb_focal_iso,2024-12-07,0.54200483,0.17811508
loto,bayes_lgb_focal_iso,2024-12-08,0.55221150,0.18282943
loto,bayes_lgb_focal_iso,2024-12-09,0.55308369,0.18314033
loto,bayes_lgb_focal_iso,2024-12-10,0.55354565,0.18332959
loto,bayes_lgb_focal_iso,2024-12-11,0.51617166,0.16671487
loto,bayes_lgb_focal_iso,2024-12-12,0.54064704,0.17761188
loto,bayes_lgb_focal_iso,2024-12-13,0.51976094,0.16800681
loto,bayes_lgb_focal_iso,2024-12-14,0.55290151,0.18307161
loto,bayes_lgb_focal_iso,2024-12-15,0.55145473,0.18253290
loto,bayes_lgb_focal_iso,2024-12-16,0.53612968,0.17593370
loto,bayes_lgb_focal_iso,2024-12-17,0.54078996,0.17766242
loto,bayes_lgb_focal_iso,2024-12-18,0.55041673,0.18214539
loto,bayes_lgb_focal_iso,2024-12-19,0.57599257,0.19346839
loto,bayes_lgb_focal_iso,2024-12-20,0.54190748,0.17807438
loto,bayes_lgb_focal_iso,2024-12-21,0.56323417,0.18783891
loto,bayes_lgb_focal_iso,2024-12-22,0.56337200,0.18788151
loto,bayes_lgb_focal_iso,2024-12-23,0.56149123,0.18718054
loto,bayes_lgb_focal_iso,2024-12-24,0.54057774,0.17757673
loto,bayes_lgb_focal_iso,2024-12-25,0.56242716,0.18753656
loto,bayes_lgb_focal_iso,2024-12-26,0.55063661,0.18224035
loto,bayes_lgb_focal_iso,2024-12-27,0.52869127,0.17226011
loto,bayes_lgb_focal_iso,2024-12-28,0.55168265,0.18262181
loto,bayes_lgb_focal_iso,2024-12-29,0.58875457,0.19913639
loto,bayes_lgb_focal_iso,2024-12-30,0.50417367,0.16131501
loto,bayes_lgb_focal_iso,2024-12-31,0.56395788,0.18809255
loto,bayes_lgb_focal_iso,2025-01-01,0.50373749,0.16116544
loto,bayes_lgb_focal_iso,2025-01-02,0.57211863,0.19203545
loto,bayes_lgb_focal_iso,2025-01-03,0.56355667,0.18795508
loto,bayes_lgb_focal_iso,2025-01-04,0.53995798,0.17734438
loto,bayes_lgb_focal_iso,2025-01-05,0.56429516,0.18823315
loto,bayes_lgb_focal_iso,2025-01-06,0.54880274,0.18155258
loto,bayes_lgb_focal_iso,2025-01-07,0.57521180,0.19320745
loto,bayes_lgb_focal_iso,2025-01-08,0.57542872,0.19327529
loto,bayes_lgb_focal_iso,2025-01-09,0.55016437,0.18204253
loto,bayes_lgb_focal_iso,2025-01-10,0.55251848,0.18293398
loto,bayes_lgb_focal_iso,2025-01-11,0.55317115,0.18318088
loto,bayes_lgb_focal_iso,2025-01-12,0.56410952,0.18814541
loto,bayes_lgb_focal_iso,2025-01-13,0.53779857,0.17655667
loto,bayes_lgb_focal_iso,2025-01-14,0.54003482,0.17737998
loto,bayes_lgb_focal_iso,2025-01-15,0.52928999,0.17248128
loto,bayes_lgb_focal_iso,2025-01-16,0.56285930,0.18769373
loto,bayes_lgb_focal_iso,2025-01-17,0.56449366,0.18829511
loto,bayes_lgb_focal_iso,2025-01-18,0.51520868,0.16633288
loto,bayes_lgb_focal_iso,2025-01-19,0.57693091,0.19381750
loto,bayes_lgb_focal_iso,2025-01-20,0.57366089,0.19262436
loto,bayes_lgb_focal_iso,2025-01-21,0.57804086,0.19424824
loto,bayes_lgb_focal_iso,2025-01-22,0.54015039,0.17741433
loto,bayes_lgb_focal_iso,2025-01-23,0.55295275,0.18310148
loto,bayes_lgb_focal_iso,2025-01-24,0.56336585,0.18788888
loto,bayes_lgb_focal_iso,2025-01-25,0.55297236,0.18310567
loto,bayes_lgb_focal_iso,2025-01-26,0.56408252,0.18813650
loto,bayes_lgb_focal_iso,2025-01-27,0.57548238,0.19329721
loto,bayes_lgb_focal_iso,2025-02-02,0.54139340,0.17788330
loto,bayes_lgb_focal_iso,2025-02-03,0.52964101,0.17260165
loto,bayes_lgb_focal_iso,2025-02-04,0.55252354,0.18292677
loto,bayes_lgb_focal_iso,2025-02-05,0.57633542,0.19362102
loto,bayes_lgb_focal_iso,2025-02-06,0.57506699,0.19313548
loto,bayes_lgb_focal_iso,2025-02-07,0.57310628,0.19242101
loto,bayes_lgb_focal_iso,2025-02-08,0.53962651,0.17722729
loto,bayes_lgb_focal_iso,2025-02-09,0.57356091,0.19258727
loto,bayes_lgb_focal_iso,2025-02-10,0.56539102,0.18862830
loto,bayes_lgb_focal_iso,2025-02-11,0.54019569,0.17744256
loto,bayes_lgb_focal_iso,2025-02-12,0.57111051,0.19167478
loto,bayes_lgb_focal_iso,2025-02-13,0.52755762,0.17183033
loto,bayes_lgb_focal_iso,2025-02-14,0.52590278,0.17121711
loto,bayes_lgb_focal_iso,2025-02-15,0.55160070,0.18259288
loto,bayes_lgb_focal_iso,2025-02-16,0.55310334,0.18314760
loto,bayes_lgb_focal_iso,2025-02-17,0.53919453,0.17707071
loto,bayes_lgb_focal_iso,2025-02-18,0.52727107,0.17173538
loto,bayes_lgb_focal_iso,2025-02-19,0.53893091,0.17697359
loto,bayes_lgb_focal_iso,2025-02-20,0.56527617,0.18857384
loto,bayes_lgb_focal_iso,2025-02-21,0.54064227,0.17760868
loto,bayes_lgb_focal_iso,2025-02-22,0.52946678,0.17253351
loto,bayes_lgb_focal_iso,2025-02-23,0.51472339,0.16614836
loto,bayes_lgb_focal_iso,2025-02-24,0.55141483,0.18252899
loto,bayes_lgb_focal_iso,2025-02-25,0.53893209,0.17696794
loto,bayes_lgb_focal_iso,2025-02-26,0.54920620,0.18170761
loto,bayes_lgb_focal_iso,2025-02-27,0.55192789,0.18271523
loto,bayes_lgb_focal_iso,2025-02-28,0.56247859,0.18753612
loto,bayes_lgb_focal_iso,2025-03-01,0.55112479,0.18241809
loto,bayes_lgb_focal_iso,2025-03-02,0.52763954,0.17186936
loto,bayes_lgb_focal_iso,2025-03-03,0.54864618,0.18150451
loto,bayes_lgb_focal_iso,2025-03-04,0.54860665,0.18148734
loto,bayes_lgb_focal_iso,2025-03-05,0.53729079,0.17637018
loto,bayes_lgb_focal_iso,2025-03-06,0.54271225,0.17837894
loto,bayes_lgb_focal_iso,2025-03-07,0.55150473,0.18256166
loto,bayes_lgb_focal_iso,2025-03-08,0.55004602,0.18203012
loto,bayes_lgb_focal_iso,2025-03-09,0.55324495,0.18311766
loto,bayes_lgb_focal_iso,2025-03-10,0.56362528,0.18797102
loto,bayes_lgb_focal_iso,2025-03-11,0.56234548,0.18750750
loto,bayes_lgb_focal_iso,2025-03-12,0.55242200,0.18289554
loto,bayes_lgb_focal_iso,2025-03-13,0.55961700,0.18649462
loto,bayes_lgb_focal_iso,2025-03-14,0.57747078,0.19402573
loto,bayes_lgb_focal_iso,2025-03-15,0.52885164,0.17231025
loto,bayes_lgb_focal_iso,2025-03-16,0.58614968,0.19817470
loto,bayes_lgb_focal_iso,2025-03-17,0.53982985,0.17730466
loto,bayes_lgb_focal_iso,2025-03-18,0.53119121,0.17317113
loto,bayes_lgb_focal_iso,2025-03-19,0.52872166,0.17225585
loto,bayes_lgb_focal_iso,2025-03-20,0.53994490,0.17734944
loto,bayes_lgb_focal_iso,2025-03-21,0.54132920,0.17785945
loto,bayes_lgb_focal_iso,2025-03-22,0.55156457,0.18257432
loto,bayes_lgb_focal_iso,2025-03-23,0.56266355,0.18762488
loto,bayes_lgb_focal_iso,2025-03-24,0.53667812,0.17613474
loto,bayes_lgb_focal_iso,2025-03-25,0.53885779,0.17693388
loto,bayes_lgb_focal_iso,2025-03-26,0.56174725,0.18727761
loto,bayes_lgb_focal_iso,2025-03-27,0.53870901,0.17688387
loto,bayes_lgb_focal_iso,2025-03-28,0.54069522,0.17763026
loto,bayes_lgb_focal_iso,2025-03-29,0.54974458,0.18188205
loto,bayes_lgb_focal_iso,2025-03-30,0.51692702,0.16696911
loto,bayes_lgb_focal_iso,2025-03-31,0.53931279,0.17711471
loto,bayes_lgb_focal_iso,2025-04-01,0.57482004,0.19306187
loto,bayes_lgb_focal_iso,2025-04-02,0.57504132,0.19311929
loto,bayes_lgb_focal_iso,2025-04-03,0.54094792,0.17771820
loto,bayes_lgb_focal_iso,2025-04-04,0.51663671,0.16686383
loto,bayes_lgb_focal_iso,2025-04-05,0.56297779,0.18774707
loto,bayes_lgb_focal_iso,2025-04-06,0.55231248,0.18285655
loto,bayes_lgb_focal_iso,2025-04-07,0.57362097,0.19260709
loto,bayes_lgb_focal_iso,2025-04-08,0.57204063,0.19201158
loto,bayes_lgb_focal_iso,2025-04-09,0.55278431,0.18303832
loto,bayes_lgb_focal_iso,2025-04-10,0.53775650,0.17655162
loto,bayes_lgb_focal_iso,2025-04-11,0.53733112,0.17638893
loto,bayes_lgb_focal_iso,2025-04-12,0.57258170,0.19223581
loto,bayes_lgb_focal_iso,2025-04-13,0.55335666,0.18322877
loto,bayes_lgb_focal_iso,2025-04-14,0.54021938,0.17743836
loto,bayes_lgb_focal_iso,2025-04-15,0.52813368,0.17203842
loto,bayes_lgb_focal_iso,2025-04-16,0.55103708,0.18238223
loto,bayes_lgb_focal_iso,2025-04-17,0.55106501,0.18239855
loto,bayes_lgb_focal_iso,2025-04-18,0.55039122,0.18214184
loto,bayes_lgb_focal_iso,2025-04-19,0.56387686,0.18807476
loto,bayes_lgb_focal_iso,2025-04-20,0.50566302,0.16184504
loto,bayes_lgb_focal_iso,2025-04-21,0.53913256,0.17705494
loto,bayes_lgb_focal_iso,2025-04-22,0.53736307,0.17640529
loto,bayes_lgb_focal_iso,2025-04-23,0.53916079,0.17705854
loto,bayes_lgb_focal_iso,2025-04-24,0.55281385,0.18303379
loto,bayes_lgb_focal_iso,2025-04-25,0.55130439,0.18248011
loto,bayes_lgb_focal_iso,2025-04-26,0.57871182,0.19445576
loto,bayes_lgb_focal_iso,2025-04-27,0.54040139,0.17751461
loto,bayes_lgb_focal_iso,2025-04-28,0.54000891,0.17737088
loto,bayes_lgb_focal_iso,2025-04-29,0.54061703,0.17759253
loto,bayes_lgb_focal_iso,2025-04-30,0.56431341,0.18822046
loto,bayes_lgb_focal_iso,2025-05-01,0.52572407,0.17116234
loto,bayes_lgb_focal_iso,2025-05-02,0.53970945,0.17724984
loto,bayes_lgb_focal_iso,2025-05-03,0.55190228,0.18270201
loto,bayes_lgb_focal_iso,2025-05-04,0.54891990,0.18160747
loto,bayes_lgb_focal_iso,2025-05-05,0.52882696,0.17230195
loto,bayes_lgb_focal_iso,2025-05-06,0.54021847,0.17744340
loto,bayes_lgb_focal_iso,2025-05-07,0.55178592,0.18266349
loto,bayes_lgb_focal_iso,2025-05-08,0.56259533,0.18760511
loto,bayes_lgb_focal_iso,2025-05-09,0.54954763,0.18184673
loto,bayes_lgb_focal_iso,2025-05-10,0.55222803,0.18281765
loto,bayes_lgb_focal_iso,2025-05-11,0.54875828,0.18156122
loto,bayes_lgb_focal_iso,2025-05-12,0.56144769,0.18719468
loto,bayes_lgb_focal_iso,2025-05-13,0.55010739,0.18205766
loto,bayes_lgb_focal_iso,2025-05-14,0.54962931,0.18188817
loto,bayes_lgb_focal_iso,2025-05-15,0.50245614,0.16070220
loto,bayes_lgb_focal_iso,2025-05-16,0.54244205,0.17820439
loto,bayes_lgb_focal_iso,2025-05-17,0.57535347,0.19322247
loto,bayes_lgb_focal_iso,2025-05-18,0.52647779,0.17143992
loto,bayes_lgb_focal_iso,2025-05-19,0.52654767,0.17147263
loto,bayes_lgb_focal_iso,2025-05-20,0.55062749,0.18224268
loto,bayes_lgb_focal_iso,2025-05-21,0.56316220,0.18779778
loto,bayes_lgb_focal_iso,2025-05-22,0.52807294,0.17202019
loto,bayes_lgb_focal_iso,2025-05-23,0.56234016,0.18750434
loto,bayes_lgb_focal_iso,2025-05-24,0.55074319,0.18228195
loto,bayes_lgb_focal_iso,2025-05-25,0.53859863,0.17686080
loto,bayes_lgb_focal_iso,2025-05-26,0.56359552,0.18794904
loto,bayes_lgb_focal_iso,2025-05-27,0.56347484,0.18790587
loto,bayes_lgb_focal_iso,2025-05-28,0.53959178,0.17721946
loto,bayes_lgb_focal_iso,2025-05-29,0.57640820,0.19361944
loto,bayes_lgb_focal_iso,2025-05-30,0.56478064,0.18839376
loto,bayes_lgb_focal_iso,2025-05-31,0.53999473,0.17735741
loto,bayes_lgb_focal_iso,2025-06-01,0.52710863,0.17166687
loto,bayes_lgb_focal_iso,2025-06-02,0.51624643,0.16672408
loto,bayes_lgb_focal_iso,2025-06-03,0.55014989,0.18206612
loto,bayes_lgb_focal_iso,2025-06-04,0.51525412,0.16635920
loto,bayes_lgb_focal_iso,2025-06-05,0.56270061,0.18763037
loto,bayes_lgb_focal_iso,2025-06-06,0.53922045,0.17708070
loto,bayes_lgb_focal_iso,2025-06-07,0.51584094,0.16655882
loto,bayes_lgb_focal_iso,2025-06-08,0.58830343,0.19895198
loto,bayes_lgb_focal_iso,2025-06-09,0.54050692,0.17754579
loto,bayes_lgb_focal_iso,2025-06-10,0.49187998,0.15583231
loto,bayes_lgb_focal_iso,2025-06-11,0.56265854,0.18762254
loto,bayes_lgb_focal_iso,2025-06-12,0.57529194,0.19322326
loto,bayes_lgb_focal_iso,2025-06-13,0.52789048,0.17195407
loto,bayes_lgb_focal_iso,2025-06-14,0.51835951,0.16746737
loto,bayes_lgb_focal_iso,2025-06-15,0.55034201,0.18214252
loto,bayes_lgb_focal_iso,2025-06-16,0.56183681,0.18732510
loto,bayes_lgb_focal_iso,2025-06-17,0.56342761,0.18789481
loto,bayes_lgb_focal_iso,2025-06-18,0.57363398,0.19261333
loto,bayes_lgb_focal_iso,2025-06-19,0.53937840,0.17714039
loto,bayes_lgb_focal_iso,2025-06-20,0.55193473,0.18270411
loto,bayes_lgb_focal_iso,2025-06-21,0.56170346,0.18727563
loto,bayes_lgb_focal_iso,2025-06-22,0.56298014,0.18774508
loto,bayes_lgb_focal_iso,2025-06-23,0.57632765,0.19353981
loto,bayes_lgb_focal_iso,2025-06-24,0.55191567,0.18271332
loto,bayes_lgb_focal_iso,2025-06-25,0.55195946,0.18272725
loto,bayes_lgb_focal_iso,2025-06-26,0.56236465,0.18751977
loto,bayes_lgb_focal_iso,2025-06-27,0.57516050,0.19317163
loto,bayes_lgb_focal_iso,2025-06-28,0.56280356,0.18766830
loto,bayes_lgb_focal_iso,2025-06-29,0.57589680,0.19342672
loto,bayes_lgb_focal_iso,2025-06-30,0.56202141,0.18739008
loto,bayes_lgb_focal_iso,2025-07-01,0.57365221,0.19262354
loto,bayes_lgb_focal_iso,2025-07-02,0.54009908,0.17740125
loto,bayes_lgb_focal_iso,2025-07-03,0.55179076,0.18265265
loto,bayes_lgb_focal_iso,2025-07-04,0.53811293,0.17667940
loto,bayes_lgb_focal_iso,2025-07-05,0.53969491,0.17724869
loto,bayes_lgb_focal_iso,2025-07-06,0.56274050,0.18764875
loto,bayes_lgb_focal_iso,2025-07-07,0.52778525,0.17191244
loto,bayes_lgb_focal_iso,2025-07-08,0.53950464,0.17718195
loto,bayes_lgb_focal_iso,2025-07-09,0.53997696,0.17735397
loto,bayes_lgb_focal_iso,2025-07-10,0.56292553,0.18771654
loto,bayes_lgb_focal_iso,2025-07-11,0.52782777,0.17192774
loto,bayes_lgb_focal_iso,2025-07-12,0.56250319,0.18756355
loto,bayes_lgb_focal_iso,2025-07-13,0.53956202,0.17720292
loto,bayes_lgb_focal_iso,2025-07-14,0.56263631,0.18761124
loto,bayes_lgb_focal_iso,2025-07-15,0.53920887,0.17707539
loto,bayes_lgb_focal_iso,2025-07-16,0.56246609,0.18754994
loto,bayes_lgb_focal_iso,2025-07-17,0.55162646,0.18259682
loto,bayes_lgb_focal_iso,2025-07-18,0.51631845,0.16673379
loto,bayes_lgb_focal_iso,2025-07-19,0.53920258,0.17707327
loto,bayes_lgb_focal_iso,2025-07-20,0.57451974,0.19294025
loto,bayes_lgb_focal_iso,2025-07-21,0.56246829,0.18755011
loto,bayes_lgb_focal_iso,2025-07-22,0.56266843,0.18762261
loto,bayes_lgb_focal_iso,2025-07-23,0.58637730,0.19825958
loto,bayes_lgb_focal_iso,2025-07-24,0.56243149,0.18753691
loto,bayes_lgb_focal_iso,2025-07-25,0.53950335,0.17718164
loto,bayes_lgb_focal_iso,2025-07-26,0.56265499,0.18761736
loto,bayes_lgb_focal_iso,2025-07-27,0.56259702,0.18759781
loto,bayes_lgb_focal_iso,2025-07-28,0.55164180,0.18260239
loto,bayes_lgb_focal_iso,2025-07-29,0.55031997,0.18212175
loto,bayes_lgb_focal_iso,2025-07-30,0.56283544,0.18768401
loto,bayes_lgb_focal_iso,2025-07-31,0.52793554,0.17196782
loto,bayes_lgb_focal_iso,2025-08-01,0.57479705,0.19304138
loto,bayes_lgb_focal_iso,2025-08-02,0.55112411,0.18241600
loto,bayes_lgb_focal_iso,2025-08-03,0.56206053,0.18739953
loto,bayes_lgb_focal_iso,2025-08-04,0.55086181,0.18231884
loto,bayes_lgb_focal_iso,2025-08-05,0.55120463,0.18244680
loto,bayes_lgb_focal_iso,2025-08-06,0.52764332,0.17185672
loto,bayes_lgb_focal_iso,2025-08-07,0.52806059,0.17201290
loto,bayes_lgb_focal_iso,2025-08-08,0.52784287,0.17193454
loto,bayes_lgb_focal_iso,2025-08-09,0.55129479,0.18247873
loto,bayes_lgb_focal_iso,2025-08-10,0.55150023,0.18255313
loto,bayes_lgb_focal_iso,2025-08-11,0.51613632,0.16666933
loto,bayes_lgb_focal_iso,2025-08-12,0.52818176,0.17205554
loto,bayes_lgb_focal_iso,2025-08-13,0.52785082,0.17193591
loto,bayes_lgb_focal_iso,2025-08-14,0.56267896,0.18762662
loto,bayes_lgb_focal_iso,2025-08-15,0.51618619,0.16668584
loto,bayes_lgb_focal_iso,2025-08-16,0.57464859,0.19298629
loto,bayes_lgb_focal_iso,2025-08-17,0.55122439,0.18245211
loto,bayes_lgb_focal_iso,2025-08-18,0.55105106,0.18238968
loto,bayes_lgb_focal_iso,2025-08-19,0.52792951,0.17196421
loto,bayes_lgb_focal_iso,2025-08-20,0.52766593,0.17186920
loto,bayes_lgb_focal_iso,2025-08-21,0.53946008,0.17716609
loto,bayes_lgb_focal_iso,2025-08-22,0.55084278,0.18231472
loto,bayes_lgb_focal_iso,2025-08-23,0.56275863,0.18765548
loto,bayes_lgb_focal_iso,2025-08-24,0.55105444,0.18239117
loto,bayes_lgb_focal_iso,2025-08-25,0.55073349,0.18227635
loto,bayes_lgb_focal_iso,2025-08-26,0.55021312,0.18209036
loto,bayes_lgb_focal_iso,2025-08-27,0.56325528,0.18783312
loto,bayes_lgb_focal_iso,2025-08-28,0.53873032,0.17690548
loto,bayes_lgb_focal_iso,2025-08-29,0.52734457,0.17175402
loto,bayes_lgb_focal_iso,2025-08-30,0.56291618,0.18771099
loto,bayes_lgb_focal_iso,2025-08-31,0.56220184,0.18745611
loto,bayes_lgb_focal_iso,2025-09-01,0.56395745,0.18808506
loto,bayes_lgb_focal_iso,2025-09-02,0.56222373,0.18746564
loto,bayes_lgb_focal_iso,2025-09-03,0.52837997,0.17212591
loto,bayes_lgb_focal_iso,2025-09-04,0.52797991,0.17198102
loto,bayes_lgb_focal_iso,2025-09-05,0.54079461,0.17764490
loto,bayes_lgb_focal_iso,2025-09-06,0.51606581,0.16664600
loto,bayes_lgb_focal_iso,2025-09-07,0.56197831,0.18737606
loto,bayes_lgb_focal_iso,2025-09-08,0.55173828,0.18263659
loto,bayes_lgb_focal_iso,2025-09-09,0.57394640,0.19273297
loto,bayes_lgb_focal_iso,2025-09-10,0.52777561,0.17190946
loto,bayes_lgb_focal_iso,2025-09-11,0.53888375,0.17695861
loto,bayes_lgb_focal_iso,2025-09-12,0.55229956,0.18283742
loto,bayes_lgb_focal_iso,2025-09-13,0.57446751,0.19292174
loto,bayes_lgb_focal_iso,2025-09-14,0.56228865,0.18748469
loto,bayes_lgb_focal_iso,2025-09-15,0.57430439,0.19286191
loto,bayes_lgb_focal_iso,2025-09-16,0.58590567,0.19808903
loto,bayes_lgb_focal_iso,2025-09-17,0.52829740,0.17209392
loto,bayes_lgb_focal_iso,2025-09-18,0.56230950,0.18749645
loto,bayes_lgb_focal_iso,2025-09-19,0.55112365,0.18241739
loto,bayes_lgb_focal_iso,2025-09-20,0.57480400,0.19303970
loto,bayes_lgb_focal_iso,2025-09-21,0.55076818,0.18228763
loto,bayes_lgb_focal_iso,2025-09-22,0.55099430,0.18237019
loto,bayes_lgb_focal_iso,2025-09-23,0.56230748,0.18749297
loto,bayes_lgb_focal_iso,2025-09-24,0.55025406,0.18210516
loto,bayes_lgb_focal_iso,2025-09-25,0.53872304,0.17690112
loto,bayes_lgb_focal_iso,2025-09-26,0.55184076,0.18267368
loto,bayes_lgb_focal_iso,2025-09-27,0.52760569,0.17184861
loto,bayes_lgb_focal_iso,2025-09-28,0.56303711,0.18775248
loto,bayes_lgb_focal_iso,2025-09-29,0.56294104,0.18771945
loto,bayes_lgb_focal_iso,2025-09-30,0.54023751,0.17744353
loto,bayes_lgb_focal_iso,2025-10-01,0.56230748,0.18749297
loto,bayes_lgb_focal_iso,2025-10-02,0.57486650,0.19306381
loto,bayes_lgb_focal_iso,2025-10-03,0.53862063,0.17686577
loto,bayes_lgb_focal_iso,2025-10-04,0.55044102,0.18217054
loto,bayes_lgb_focal_iso,2025-10-05,0.54018735,0.17742604
loto,bayes_lgb_focal_iso,2025-10-06,0.53893900,0.17698100
loto,bayes_lgb_focal_iso,2025-10-07,0.57622406,0.19354861
loto,bayes_lgb_focal_iso,2025-10-08,0.56269952,0.18763418
loto,bayes_lgb_focal_iso,2025-10-09,0.56260119,0.18759866
loto,bayes_lgb_focal_iso,2025-10-10,0.53991390,0.17732732
loto,bayes_lgb_focal_iso,2025-10-11,0.52805850,0.17201191
loto,bayes_lgb_focal_iso,2025-10-12,0.51645957,0.16678490
loto,bayes_lgb_focal_iso,2025-10-13,0.55054422,0.18220877
loto,bayes_lgb_focal_iso,2025-10-14,0.57592418,0.19344364
loto,bayes_lgb_focal_iso,2025-10-15,0.53905724,0.17702361
loto,bayes_lgb_focal_iso,2025-10-16,0.51698743,0.16697322
loto,bayes_lgb_focal_iso,2025-10-17,0.56276983,0.18765798
loto,bayes_lgb_focal_iso,2025-10-18,0.55118141,0.18243521
loto,bayes_lgb_focal_iso,2025-10-19,0.57464883,0.19298588
loto,bayes_lgb_focal_iso,2025-10-20,0.54053740,0.17755706
loto,bayes_lgb_focal_iso,2025-10-21,0.53964780,0.17723336
loto,bayes_lgb_focal_iso,2025-10-22,0.53949056,0.17717925
loto,bayes_lgb_focal_iso,2025-10-23,0.55077030,0.18228885
loto,bayes_lgb_focal_iso,2025-10-24,0.53874453,0.17692390
loto,bayes_lgb_focal_iso,2025-10-25,0.55042212,0.18217847
loto,bayes_lgb_focal_iso,2025-10-26,0.52783004,0.17194179
loto,bayes_lgb_focal_iso,2025-10-27,0.57331265,0.19251842
loto,bayes_lgb_focal_iso,2025-10-28,0.57514445,0.19310816
loto,bayes_lgb_focal_iso,2025-10-29,0.56334082,0.18786662
loto,bayes_lgb_focal_iso,2025-10-30,0.56236520,0.18751413
loto,bayes_lgb_focal_iso,2025-10-31,0.56302132,0.18774648
loto,bayes_lgb_focal_iso,2025-11-01,0.55065437,0.18224875
loto,bayes_lgb_focal_iso,2025-11-02,0.52697742,0.17162334
loto,bayes_lgb_focal_iso,2025-11-03,0.56169003,0.18727184
loto,bayes_lgb_focal_iso,2025-11-04,0.53877835,0.17692382
loto,bayes_lgb_focal_iso,2025-11-05,0.55149822,0.18255075
loto,bayes_lgb_focal_iso,2025-11-06,0.53847864,0.17681249
loto,bayes_lgb_focal_iso,2025-11-07,0.56273678,0.18764584
loto,bayes_lgb_focal_iso,2025-11-08,0.57425084,0.19284478
loto,bayes_lgb_focal_iso,2025-11-09,0.55007235,0.18203901
loto,bayes_lgb_focal_iso,2025-11-10,0.55155210,0.18256838
loto,bayes_lgb_focal_iso,2025-11-11,0.52678016,0.17155369
loto,bayes_lgb_focal_iso,2025-11-12,0.53849290,0.17681809
loto,bayes_lgb_focal_iso,2025-11-13,0.51661654,0.16684107
loto,bayes_lgb_focal_iso,2025-11-14,0.55158583,0.18258007
loto,bayes_lgb_focal_iso,2025-11-15,0.52867168,0.17223092
loto,bayes_lgb_focal_iso,2025-11-16,0.57498229,0.19310284
loto,bayes_lgb_focal_iso,2025-11-17,0.51621661,0.16669822
loto,bayes_lgb_focal_iso,2025-11-18,0.53986221,0.17731187
loto,bayes_lgb_focal_iso,2025-11-19,0.55035440,0.18214180
loto,bayes_lgb_focal_iso,2025-11-20,0.54080114,0.17764833
loto,bayes_lgb_focal_iso,2025-11-21,0.51705085,0.16699919
loto,bayes_lgb_focal_iso,2025-11-22,0.54015408,0.17741748
loto,bayes_lgb_focal_iso,2025-11-23,0.56193370,0.18735837
loto,bayes_lgb_focal_iso,2025-11-24,0.52879533,0.17227710
loto,bayes_lgb_focal_iso,2025-11-25,0.57321527,0.19246786
loto,bayes_lgb_focal_iso,2025-11-26,0.55179510,0.18265740
loto,bayes_lgb_focal_iso,2025-11-27,0.56169722,0.18727434
loto,bayes_lgb_focal_iso,2025-11-28,0.55216005,0.18278635
loto,bayes_lgb_focal_iso,2025-11-29,0.52745135,0.17179291
loto,bayes_lgb_focal_iso,2025-11-30,0.58492286,0.19773286
loto,bayes_lgb_focal_iso,2025-12-01,0.52962376,0.17257042
loto,bayes_lgb_focal_iso,2025-12-02,0.56205106,0.18740071
loto,bayes_lgb_focal_iso,2025-12-03,0.53838653,0.17678141
loto,bayes_lgb_focal_iso,2025-12-04,0.55171052,0.18262957
loto,bayes_lgb_focal_iso,2025-12-05,0.53980923,0.17729300
loto,bayes_lgb_focal_iso,2025-12-06,0.56149975,0.18719769
loto,bayes_lgb_focal_iso,2025-12-07,0.53914685,0.17705381
loto,bayes_lgb_focal_iso,2025-12-08,0.53866821,0.17688107
loto,bayes_lgb_focal_iso,2025-12-09,0.55190368,0.18269821
loto,bayes_lgb_focal_iso,2025-12-10,0.55211469,0.18277134
loto,bayes_lgb_focal_iso,2025-12-11,0.53914234,0.17705414
loto,bayes_lgb_focal_iso,2025-12-12,0.55143446,0.18252775
loto,bayes_lgb_focal_iso,2025-12-13,0.55032159,0.18212574
loto,bayes_lgb_focal_iso,2025-12-14,0.56431755,0.18821464
loto,bayes_lgb_focal_iso,2025-12-15,0.57356974,0.19259833
loto,bayes_lgb_focal_iso,2025-12-16,0.55013530,0.18206282
loto,bayes_lgb_focal_iso,2025-12-17,0.52823892,0.17207483
loto,bayes_lgb_focal_iso,2025-12-18,0.56338249,0.18787897
loto,bayes_lgb_focal_iso,2025-12-19,0.55049219,0.18218662
loto,bayes_lgb_focal_iso,2025-12-20,0.53937211,0.17713567
loto,bayes_lgb_focal_iso,2025-12-21,0.56223112,0.18746424
loto,bayes_lgb_focal_iso,2025-12-22,0.57563892,0.19333348
loto,bayes_lgb_focal_iso,2025-12-23,0.56253720,0.18757181
loto,bayes_lgb_focal_iso,2025-12-24,0.57533284,0.19322755
loto,bayes_lgb_focal_iso,2025-12-25,0.52957425,0.17256097
loto,bayes_lgb_focal_iso,2025-12-26,0.57346125,0.19255790
loto,bayes_lgb_focal_iso,2025-12-27,0.53018651,0.17277628
loto,bayes_lgb_focal_iso,2025-12-28,0.58619597,0.19819671
loto,bayes_lgb_focal_iso,2025-12-29,0.56310658,0.18778128
loto,bayes_lgb_focal_iso,2025-12-30,0.55157299,0.18257700
loto,bayes_lgb_focal_iso,2025-12-31,0.56281140,0.18767419
loto,bayes_lgb_focal_iso,2026-01-01,0.51485815,0.16621231
loto,bayes_lgb_focal_iso,2026-01-02,0.55111339,0.18240784
loto,bayes_lgb_focal_iso,2026-01-03,0.56261961,0.18760474
loto,bayes_lgb_focal_iso,2026-01-04,0.55197166,0.18272362
loto,bayes_lgb_focal_iso,2026-01-05,0.55142230,0.18252359
loto,bayes_lgb_focal_iso,2026-01-06,0.56263693,0.18761200
loto,bayes_lgb_focal_iso,2026-01-07,0.56285309,0.18769022
loto,bayes_lgb_focal_iso,2026-01-08,0.53875394,0.17691472
loto,bayes_lgb_focal_iso,2026-01-09,0.53961926,0.17722957
loto,bayes_lgb_focal_iso,2026-01-10,0.52608233,0.17130477
loto,bayes_lgb_focal_iso,2026-01-11,0.53850684,0.17682884
loto,bayes_lgb_focal_iso,2026-01-12,0.56208373,0.18741222
loto,bayes_lgb_focal_iso,2026-01-13,0.56118876,0.18708866
loto,bayes_lgb_focal_iso,2026-01-14,0.52900077,0.17234796
loto,bayes_lgb_focal_iso,2026-01-15,0.52654167,0.17146483
loto,bayes_lgb_focal_iso,2026-01-16,0.56344595,0.18790642
loto,bayes_lgb_focal_iso,2026-01-17,0.55014410,0.18206455
loto,bayes_lgb_focal_iso,2026-01-18,0.54021475,0.17744172
loto,bayes_lgb_focal_iso,2026-01-19,0.55476036,0.18372421
loto,bayes_lgb_focal_iso,2026-01-20,0.53902271,0.17701176
loto,bayes_lgb_focal_iso,2026-01-21,0.52693969,0.17161141
loto,bayes_lgb_focal_iso,2026-01-22,0.56113417,0.18707206
loto,bayes_lgb_focal_iso,2026-01-23,0.54925792,0.18175370
loto,bayes_lgb_focal_iso,2026-01-24,0.54837517,0.18144893
loto,bayes_lgb_focal_iso,2026-01-25,0.53815109,0.17671655
loto,bayes_lgb_focal_iso,2026-01-26,0.56364136,0.18795296
loto,bayes_lgb_focal_iso,2026-01-27,0.51726233,0.16707691
loto,bayes_lgb_focal_iso,2026-01-28,0.57454527,0.19295176
loto,bayes_lgb_focal_iso,2026-01-29,0.55207094,0.18275926
loto,bayes_lgb_focal_iso,2026-01-30,0.58742043,0.19860910
loto,bayes_lgb_focal_iso,2026-01-31,0.55105633,0.18239379
loto,bayes_lgb_focal_iso,2026-02-01,0.51625128,0.16671182
loto,bayes_lgb_focal_iso,2026-02-02,0.56479511,0.18835922
loto,bayes_lgb_focal_iso,2026-02-03,0.52793558,0.17196654
loto,bayes_lgb_focal_iso,2026-02-04,0.57487464,0.19306522
loto,bayes_lgb_focal_iso,2026-02-05,0.56127988,0.18713470
loto,bayes_lgb_focal_iso,2026-02-06,0.58757253,0.19865948
loto,bayes_lgb_focal_iso,2026-02-07,0.56135777,0.18715142
loto,bayes_lgb_focal_iso,2026-02-08,0.53960494,0.17721764
loto,bayes_lgb_focal_iso,2026-02-09,0.57396975,0.19273988
loto,bayes_lgb_focal_iso,2026-02-10,0.54053966,0.17755204
loto,bayes_lgb_focal_iso,2026-02-11,0.52770054,0.17188384
loto,bayes_lgb_focal_iso,2026-02-12,0.51652396,0.16681285
loto,bayes_lgb_focal_iso,2026-02-13,0.55136476,0.18250230
loto,bayes_lgb_focal_iso,2026-02-14,0.55296823,0.18307408
loto,bayes_lgb_focal_iso,2026-02-15,0.55105468,0.18239349
loto,bayes_lgb_focal_iso,2026-02-21,0.55029284,0.18212587
loto,bayes_lgb_focal_iso,2026-02-22,0.53984507,0.17731041
loto,bayes_lgb_focal_iso,2026-02-23,0.57264221,0.19227385
loto,bayes_lgb_focal_iso,2026-02-24,0.56240852,0.18754325
loto,bayes_lgb_focal_iso,2026-02-25,0.56347805,0.18791685
loto,bayes_lgb_focal_iso,2026-02-26,0.51480918,0.16620433
loto,bayes_lgb_focal_iso,2026-02-27,0.53797790,0.17664566
loto,bayes_lgb_focal_iso,2026-02-28,0.57302768,0.19241547
loto,bayes_lgb_focal_iso,2026-03-01,0.53993299,0.17730781
loto,bayes_lgb_focal_iso,2026-03-02,0.55126282,0.18247366
loto,bayes_lgb_focal_iso,2026-03-03,0.54249237,0.17825716
loto,bayes_lgb_focal_iso,2026-03-04,0.56070988,0.18692779
loto,bayes_lgb_focal_iso,2026-03-05,0.55086786,0.18233227
loto,bayes_lgb_focal_iso,2026-03-06,0.55003302,0.18203075
loto,bayes_lgb_focal_iso,2026-03-07,0.55032779,0.18213776
loto,bayes_lgb_focal_iso,2026-03-08,0.53904672,0.17702504
loto,bayes_lgb_focal_iso,2026-03-09,0.54224601,0.17813231
loto,bayes_lgb_focal_iso,2026-03-10,0.53934611,0.17713403
loto,bayes_lgb_focal_iso,2026-03-11,0.55088345,0.18233410
loto,bayes_lgb_focal_iso,2026-03-12,0.56511890,0.18846739
loto,bayes_lgb_focal_iso,2026-03-13,0.54986544,0.18196640
loto,bayes_lgb_focal_iso,2026-03-14,0.57327712,0.19249196
loto,bayes_lgb_focal_iso,2026-03-15,0.57466769,0.19298959
loto,bayes_lgb_focal_iso,2026-03-16,0.55083664,0.18231142
loto,bayes_lgb_focal_iso,2026-03-17,0.52812143,0.17203597
loto,bayes_lgb_focal_iso,2026-03-18,0.55115106,0.18243210
loto,bayes_lgb_focal_iso,2026-03-19,0.54162790,0.17792270
loto,bayes_lgb_focal_iso,2026-03-20,0.56082655,0.18695641
loto,bayes_lgb_focal_iso,2026-03-21,0.56385702,0.18805034
loto,bayes_lgb_focal_iso,2026-03-22,0.56386435,0.18805159
loto,bayes_lgb_focal_iso,2026-03-23,0.51612944,0.16666777
loto,bayes_lgb_focal_iso,2026-03-24,0.57302960,0.19240085
loto,bayes_lgb_focal_iso,2026-03-25,0.56231620,0.18749496
loto,bayes_lgb_focal_iso,2026-03-26,0.53937792,0.17713882
loto,bayes_lgb_focal_iso,2026-03-27,0.55156705,0.18257697
loto,bayes_lgb_focal_iso,2026-03-28,0.55140094,0.18251461
loto,bayes_lgb_focal_iso,2026-03-29,0.54241926,0.17840656
loto,bayes_lgb_focal_iso,2026-03-30,0.55133586,0.18249148
loto,bayes_lgb_focal_iso,2026-03-31,0.57456479,0.19295743
loto,bayes_lgb_focal_iso,2026-04-01,0.50773859,0.16276849
loto,bayes_lgb_focal_iso,2026-04-02,0.56333690,0.18786351
loto,bayes_lgb_focal_iso,2026-04-03,0.53937303,0.17713622
loto,bayes_lgb_focal_iso,2026-04-04,0.55130821,0.18248288
loto,bayes_lgb_focal_iso,2026-04-05,0.53872008,0.17690034
loto,bayes_lgb_focal_iso,2026-04-06,0.53930529,0.17711031
loto,bayes_lgb_focal_iso,2026-04-07,0.55075376,0.18229015
loto,bayes_lgb_focal_iso,2026-04-08,0.54046149,0.17770597
loto,bayes_lgb_focal_iso,2026-04-09,0.54201551,0.17807118
loto,bayes_lgb_focal_iso,2026-04-10,0.51554752,0.16646453
loto,bayes_lgb_focal_iso,2026-04-11,0.56286754,0.18766858
loto,bayes_lgb_focal_iso,2026-04-12,0.57442802,0.19290611
loto,bayes_lgb_focal_iso,2026-04-13,0.53968397,0.17724735
loto,bayes_lgb_focal_iso,2026-04-14,0.51610647,0.16665764
loto,bayes_lgb_focal_iso,2026-04-15,0.55096952,0.18236500
loto,bayes_lgb_focal_iso,2026-04-16,0.57346105,0.19256492
loto,bayes_lgb_focal_iso,2026-04-17,0.55109330,0.18241022
loto,bayes_lgb_focal_iso,2026-04-18,0.57810268,0.19435050
loto,bayes_lgb_focal_iso,2026-04-19,0.55227056,0.18300101
loto,bayes_lgb_focal_iso,2026-04-20,0.51861607,0.16756263
loto,bayes_lgb_focal_iso,2026-04-21,0.53890087,0.17696534
loto,bayes_lgb_focal_iso,2026-04-22,0.52747941,0.17180446
loto,bayes_lgb_focal_iso,2026-04-23,0.53966684,0.17724016
loto,bayes_lgb_focal_iso,2026-04-24,0.57675625,0.19391758
loto,bayes_lgb_focal_iso,2026-04-25,0.55209528,0.18276729
loto,bayes_lgb_focal_iso,2026-04-26,0.55260881,0.18294908
loto,bayes_lgb_focal_iso,2026-04-27,0.55109810,0.18240698
loto,bayes_lgb_focal_iso,2026-04-28,0.55024425,0.18209699
loto,bayes_lgb_focal_iso,2026-04-29,0.56487975,0.18859300
loto,bayes_lgb_focal_iso,2026-04-30,0.52776101,0.17190455
loto,bayes_lgb_focal_iso,2026-05-01,0.56228855,0.18748636
loto,bayes_lgb_focal_iso,2026-05-02,0.54912770,0.18167491
loto,bayes_lgb_focal_iso,2026-05-03,0.54622636,0.18031612
loto,bayes_lgb_focal_iso,2026-05-04,0.53108961,0.17327722
loto,bayes_lgb_focal_iso,2026-05-05,0.52338082,0.16999172
loto,bayes_lgb_focal_iso,2026-05-06,0.55283309,0.18321242
loto,bayes_lgb_focal_iso,2026-05-07,0.54722958,0.18064555
loto,bayes_lgb_focal_iso,2026-05-08,0.56398855,0.18827649
loto,bayes_lgb_focal_iso,2026-05-09,0.55462800,0.18384234
loto,bayes_lgb_focal_iso,2026-05-10,0.53372344,0.17476638
loto,bayes_lgb_focal_iso,2026-05-11,0.53350078,0.17468657
loto,bayes_lgb_focal_iso,2026-05-12,0.51102233,0.16448759
loto,bayes_lgb_focal_iso,2026-05-13,0.56873842,0.19051990
loto,bayes_lgb_focal_iso,2026-05-14,0.56448066,0.18846143
loto,bayes_lgb_focal_iso,2026-05-15,0.54598840,0.18023532
loto,bayes_lgb_focal_iso,2026-05-16,0.53407560,0.17490327
loto,bayes_lgb_focal_iso,2026-05-17,0.56513234,0.18870051
loto,bayes_lgb_focal_iso,2026-05-18,0.55251129,0.18310552
loto,bayes_lgb_focal_iso,2026-05-19,0.56387824,0.18824889
loto,bayes_lgb_focal_iso,2026-05-20,0.54237113,0.17847585
loto,bayes_lgb_focal_iso,2026-05-21,0.53173079,0.17344423
loto,bayes_lgb_focal_iso,2026-05-22,0.55653846,0.18449904
loto,bayes_lgb_focal_iso,2026-05-23,0.55443106,0.18384541
loto,bayes_lgb_focal_iso,2026-05-24,0.53024411,0.17286679
loto,bayes_lgb_focal_iso,2026-05-25,0.57238801,0.19207983
loto,bayes_lgb_focal_iso,2026-05-26,0.55545472,0.18471430
loto,bayes_lgb_focal_iso,2026-05-27,0.55379012,0.18351059
loto,bayes_lgb_focal_iso,2026-05-28,0.51517096,0.16622963
loto,bayes_lgb_focal_iso,2026-05-29,0.54227232,0.17831123
loto,bayes_lgb_focal_iso,2026-05-30,0.53486724,0.17518771
loto,bayes_lgb_focal_iso,2026-05-31,0.55412329,0.18368684
loto,bayes_lgb_focal_iso,2026-06-01,0.55538338,0.18468581
loto,bayes_lgb_focal_iso,2026-06-02,0.54372564,0.17893716
loto,bayes_lgb_focal_iso,2026-06-03,0.56537404,0.18873161
loto,bayes_lgb_focal_iso,2026-06-04,0.56518696,0.18866667
loto,bayes_lgb_focal_iso,2026-06-05,0.54182865,0.17815656
loto,bayes_lgb_focal_iso,2026-06-06,0.56299114,0.18780898
loto,bayes_lgb_focal_iso,2026-06-07,0.54114846,0.17783755
loto,bayes_lgb_focal_iso,2026-06-08,0.54019937,0.17742874
loto,bayes_lgb_focal_iso,2026-06-09,0.56192201,0.18735851
loto,bayes_lgb_focal_iso,2026-06-10,0.55009532,0.18205020
loto,bayes_lgb_focal_iso,2026-06-11,0.57317045,0.19245901
loto,bayes_lgb_focal_iso,2026-06-12,0.54077524,0.17763269
loto,bayes_lgb_focal_iso,2026-06-13,0.56407081,0.18811840
loto,bayes_lgb_focal_iso,2026-06-14,0.51783523,0.16734891
loto,bayes_lgb_focal_iso,2026-06-15,0.56261779,0.18760592
loto,bayes_lgb_focal_iso,2026-06-16,0.54243492,0.17827176
loto,bayes_lgb_focal_iso,2026-06-17,0.56259553,0.18759816
loto,bayes_lgb_focal_iso,2026-06-18,0.55028298,0.18211803
loto,bayes_lgb_focal_iso,2026-06-19,0.52326107,0.17013244
loto,bayes_lgb_focal_iso,2026-06-20,0.56021178,0.18665412
loto,bayes_lgb_focal_iso,2026-06-21,0.53835841,0.17667389
loto,bayes_lgb_focal_iso,2026-06-22,0.55388993,0.18354489
loto,bayes_lgb_focal_iso,2026-06-23,0.57223524,0.19202467
loto,bayes_lgb_focal_iso,2026-06-24,0.57910111,0.19478960
loto,bayes_lgb_focal_iso,2026-06-25,0.57613819,0.19357141
loto,bayes_lgb_focal_iso,2026-06-26,0.50166657,0.16027829
loto,bayes_lgb_focal_iso,2026-06-27,0.51309878,0.16544397
loto,bayes_lgb_focal_iso,2026-06-28,0.56432191,0.18826986
loto,bayes_lgb_focal_iso,2026-06-29,0.55316461,0.18319953
loto,bayes_lgb_focal_iso,2026-06-30,0.56322953,0.18788747
loto,bayes_lgb_focal_iso,2026-07-01,0.54773528,0.18106805
loto,bayes_lgb_focal_iso,2026-07-02,0.54062687,0.17765083
loto,bayes_lgb_focal_iso,2026-07-03,0.56341175,0.18795320
loto,bayes_lgb_focal_iso,2026-07-04,0.52564880,0.17100115
loto,bayes_lgb_focal_iso,2026-07-05,0.54032610,0.17754168
loto,bayes_lgb_focal_iso,2026-07-06,0.54145108,0.17793195
loto,bayes_lgb_focal_iso,2026-07-07,0.52712037,0.17168338
loto,bayes_lgb_focal_iso,2026-07-08,0.52704344,0.17165547
loto,bayes_lgb_focal_iso,2026-07-09,0.54982817,0.18195695
loto,bayes_lgb_focal_iso,2026-07-10,0.57612846,0.19349990
loto,bayes_lgb_focal_iso,2026-07-11,0.56313874,0.18785432
loto,bayes_lgb_focal_iso,2026-07-12,0.55031762,0.18213580
loto,bayes_lgb_focal_iso,2026-07-13,0.56085436,0.18698342
loto,bayes_lgb_focal_iso,2026-07-14,0.56656248,0.18905510
loto,bayes_lgb_focal_iso,2026-07-15,0.55042604,0.18217410
loto,bayes_lgb_focal_iso,2026-07-16,0.52942661,0.17246350
loto,bayes_lgb_focal_iso,2026-07-17,0.53027019,0.17278674
loto,bayes_lgb_focal_iso,2026-07-18,0.55011490,0.18206204
loto,bayes_lgb_focal_iso,2026-07-19,0.55414230,0.18347418
loto,bayes_lgb_focal_iso,2026-07-20,0.52773852,0.17189941
loto,bayes_lgb_focal_iso,2026-07-21,0.52709006,0.17166741
loto,bayes_lgb_focal_iso,2026-07-22,0.53560860,0.17565011
loto,bayes_lgb_focal_iso,2026-07-23,0.54027725,0.17752375
loto,bayes_lgb_focal_iso,2026-07-24,0.56351085,0.18798816
loto,bayes_lgb_focal_iso,2026-07-25,0.54184422,0.17800413
loto,bayes_lgb_focal_iso,2026-07-26,0.51598466,0.16662112
loto,bayes_lgb_focal_iso,2026-07-27,0.55293831,0.18305089
loto,bayes_lgb_focal_iso,2026-07-28,0.56413162,0.18813960
loto,bayes_lgb_focal_iso,2026-07-29,0.51654669,0.16681698
loto,bayes_lgb_focal_iso,2026-07-30,0.56237707,0.18752085
loto,bayes_lgb_focal_iso,2026-07-31,0.52762660,0.17185880
loto,bayes_lgb_focal_iso,2026-08-01,0.56263590,0.18761478
loto,bayes_lgb_focal_iso,2026-08-02,0.57375516,0.19266630
loto,bayes_lgb_focal_iso,2026-08-03,0.53941993,0.17715972
loto,bayes_lgb_focal_iso,2026-08-04,0.53937799,0.17714450
loto,bayes_lgb_focal_iso,2026-08-05,0.56198791,0.18738338
loto,bayes_lgb_focal_iso,2026-08-06,0.51569084,0.16651449
loto,bayes_lgb_focal_iso,2026-08-07,0.54114787,0.17773392
loto,bayes_lgb_focal_iso,2026-08-08,0.56330836,0.18784498
loto,bayes_lgb_focal_iso,2026-08-09,0.56385861,0.18804072
loto,bayes_lgb_focal_iso,2026-08-10,0.53878779,0.17692553
loto,bayes_lgb_focal_iso,2026-08-11,0.52775933,0.17190716
loto,bayes_lgb_focal_iso,2026-08-12,0.52761918,0.17185568
loto,bayes_lgb_focal_iso,2026-08-13,0.52873548,0.17231452
loto,bayes_lgb_focal_iso,2026-08-14,0.56170195,0.18728095
loto,bayes_lgb_focal_iso,2026-08-15,0.52740849,0.17177681
loto,bayes_lgb_focal_iso,2026-08-16,0.53854988,0.17684505
loto,bayes_lgb_focal_iso,2026-08-17,0.56316785,0.18781242
loto,bayes_lgb_focal_iso,2026-08-18,0.57685637,0.19370129
loto,bayes_lgb_focal_iso,2026-08-19,0.55277210,0.18305926
loto,bayes_lgb_focal_iso,2026-08-20,0.53946715,0.17717119
loto,bayes_lgb_focal_iso,2026-08-21,0.57390250,0.19271754
loto,bayes_lgb_focal_iso,2026-08-22,0.55187916,0.18267870
loto,bayes_lgb_focal_iso,2026-08-23,0.55300020,0.18314443
loto,bayes_lgb_focal_iso,2026-08-24,0.51996423,0.16808412
loto,bayes_lgb_focal_iso,2026-08-25,0.53965364,0.17723648
loto,bayes_lgb_focal_iso,2026-08-26,0.57425778,0.19284520
loto,bayes_lgb_focal_iso,2026-08-27,0.55042329,0.18216624
loto,bayes_lgb_focal_iso,2026-08-28,0.55133371,0.18248878
loto,bayes_lgb_focal_iso,2026-08-29,0.56219690,0.18745604
loto,bayes_lgb_focal_iso,2026-08-30,0.56412095,0.18813601
loto,bayes_lgb_focal_iso,2026-08-31,0.55248231,0.18289310
loto,bayes_lgb_focal_iso,2026-09-01,0.57389684,0.19271652
loto,bayes_lgb_focal_iso,2026-09-02,0.53875208,0.17691365
loto,bayes_lgb_focal_iso,2026-09-03,0.53864641,0.17688016
loto,bayes_lgb_focal_iso,2026-09-04,0.55118836,0.18243818
loto,bayes_lgb_focal_iso,2026-09-05,0.55364151,0.18330608
loto,bayes_lgb_focal_iso,2026-09-06,0.56312002,0.18778638
loto,bayes_lgb_focal_iso,2026-09-07,0.53918588,0.17706645
loto,bayes_lgb_focal_iso,2026-09-08,0.52772715,0.17189125
loto,bayes_lgb_focal_iso,2026-09-09,0.55131935,0.18248341
loto,bayes_lgb_focal_iso,2026-09-10,0.55044382,0.18217599
loto,bayes_lgb_focal_iso,2026-09-11,0.55052076,0.18220412
loto,bayes_lgb_focal_iso,2026-09-12,0.55150317,0.18255028
loto,bayes_lgb_focal_iso,2026-09-13,0.51584111,0.16656536
loto,bayes_lgb_focal_iso,2026-09-14,0.57407802,0.19278707
loto,bayes_lgb_focal_iso,2026-09-15,0.52814603,0.17204233
loto,bayes_lgb_focal_iso,2026-09-16,0.53931663,0.17713076
loto,bayes_lgb_focal_iso,2026-09-17,0.56154825,0.18724288
loto,bayes_lgb_focal_iso,2026-09-18,0.51618427,0.16670220
loto,bayes_lgb_focal_iso,2026-09-19,0.52761120,0.17186585
loto,bayes_lgb_focal_iso,2026-09-20,0.54979841,0.18196180
loto,bayes_lgb_focal_iso,2026-09-21,0.55146385,0.18255036
loto,bayes_lgb_focal_iso,2026-09-22,0.51506042,0.16630437
loto,bayes_lgb_focal_iso,2026-09-23,0.56177886,0.18732669
loto,bayes_lgb_focal_iso,2026-09-24,0.56143048,0.18720014
loto,bayes_lgb_focal_iso,2026-09-25,0.53823687,0.17674901
loto,bayes_lgb_focal_iso,2026-09-26,0.54949772,0.18187271
loto,bayes_lgb_focal_iso,2026-09-27,0.52548057,0.17114520
loto,bayes_lgb_focal_iso,2026-09-28,0.51438866,0.16609729
loto,bayes_lgb_focal_iso,2026-09-29,0.57628630,0.19353093
loto,bayes_lgb_focal_iso,2026-09-30,0.54407057,0.17868516
loto,bayes_lgb_focal_iso,2026-10-01,0.51476335,0.16619889
loto,bayes_lgb_focal_iso,2026-10-02,0.54969654,0.18192726
loto,ml_production,2023-12-26,0.55113355,0.18241951
loto,ml_production,2023-12-27,0.51651269,0.16680478
loto,ml_production,2023-12-28,0.53947687,0.17717213
loto,ml_production,2023-12-29,0.55105400,0.18239061
loto,ml_production,2023-12-30,0.56276475,0.18765729
loto,ml_production,2023-12-31,0.52797822,0.17198256
loto,ml_production,2024-01-01,0.55113194,0.18241895
loto,ml_production,2024-01-02,0.55101530,0.18237656
loto,ml_production,2024-01-03,0.56322461,0.18782445
loto,ml_production,2024-01-04,0.57403082,0.19276280
loto,ml_production,2024-01-05,0.52797158,0.17197979
loto,ml_production,2024-01-06,0.51630098,0.16672786
loto,ml_production,2024-01-07,0.55120326,0.18244502
loto,ml_production,2024-01-08,0.56258366,0.18759166
loto,ml_production,2024-01-09,0.53946836,0.17716918
loto,ml_production,2024-01-10,0.56258424,0.18759185
loto,ml_production,2024-01-11,0.55119499,0.18244183
loto,ml_production,2024-01-12,0.56276664,0.18765821
loto,ml_production,2024-01-13,0.52809958,0.17202657
loto,ml_production,2024-01-14,0.55135519,0.18250005
loto,ml_production,2024-01-15,0.55122481,0.18245271
loto,ml_production,2024-01-16,0.53948329,0.17717452
loto,ml_production,2024-01-17,0.58588535,0.19808199
loto,ml_production,2024-01-18,0.55106710,0.18239540
loto,ml_production,2024-01-19,0.57447033,0.19292256
loto,ml_production,2024-01-20,0.52793154,0.17196551
loto,ml_production,2024-01-21,0.56291545,0.18771235
loto,ml_production,2024-01-22,0.57440032,0.19289721
loto,ml_production,2024-01-23,0.52774980,0.17189931
loto,ml_production,2024-01-24,0.58562820,0.19798836
loto,ml_production,2024-01-25,0.57405653,0.19277211
loto,ml_production,2024-01-26,0.55093179,0.18234603
loto,ml_production,2024-01-27,0.53966298,0.17723986
loto,ml_production,2024-01-28,0.56277540,0.18766135
loto,ml_production,2024-01-29,0.52796183,0.17197651
loto,ml_production,2024-01-30,0.53944838,0.17716191
loto,ml_production,2024-01-31,0.52786938,0.17194289
loto,ml_production,2024-02-01,0.52828088,0.17209255
loto,ml_production,2024-02-02,0.55100587,0.18237305
loto,ml_production,2024-02-03,0.53965923,0.17723859
loto,ml_production,2024-02-04,0.55088886,0.18233048
loto,ml_production,2024-02-05,0.55091447,0.18233974
loto,ml_production,2024-02-06,0.57427449,0.19285139
loto,ml_production,2024-02-07,0.52802979,0.17200125
loto,ml_production,2024-02-08,0.51640103,0.16676403
loto,ml_production,2024-02-14,0.51621768,0.16669742
loto,ml_production,2024-02-15,0.56280492,0.18767202
loto,ml_production,2024-02-16,0.51627014,0.16671654
loto,ml_production,2024-02-17,0.55110020,0.18240742
loto,ml_production,2024-02-18,0.57430893,0.19286383
loto,ml_production,2024-02-19,0.52784950,0.17193564
loto,ml_production,2024-02-20,0.57429827,0.19285996
loto,ml_production,2024-02-21,0.53952705,0.17719045
loto,ml_production,2024-02-22,0.56265605,0.18761799
loto,ml_production,2024-02-23,0.56267953,0.18762651
loto,ml_production,2024-02-24,0.56270750,0.18763667
loto,ml_production,2024-02-25,0.50465878,0.16148570
loto,ml_production,2024-02-26,0.56269268,0.18763130
loto,ml_production,2024-02-27,0.55113000,0.18241819
loto,ml_production,2024-02-28,0.55110559,0.18240933
loto,ml_production,2024-02-29,0.55110057,0.18240752
loto,ml_production,2024-03-01,0.56262218,0.18760569
loto,ml_production,2024-03-02,0.52786459,0.17194112
loto,ml_production,2024-03-03,0.55108089,0.18240036
loto,ml_production,2024-03-04,0.53947251,0.17717066
loto,ml_production,2024-03-05,0.51622523,0.16670017
loto,ml_production,2024-03-06,0.53943763,0.17715798
loto,ml_production,2024-03-07,0.52788903,0.17195000
loto,ml_production,2024-03-08,0.52782841,0.17192799
loto,ml_production,2024-03-09,0.51630488,0.16672909
loto,ml_production,2024-03-10,0.56267010,0.18762309
loto,ml_production,2024-03-11,0.55109258,0.18240461
loto,ml_production,2024-03-12,0.55108965,0.18240353
loto,ml_production,2024-03-13,0.53947181,0.17717041
loto,ml_production,2024-03-14,0.52791195,0.17195832
loto,ml_production,2024-03-15,0.57426761,0.19284883
loto,ml_production,2024-03-16,0.56267180,0.18762371
loto,ml_production,2024-03-17,0.55117811,0.18243566
loto,ml_production,2024-03-18,0.52788595,0.17194889
loto,ml_production,2024-03-19,0.56263061,0.18760875
loto,ml_production,2024-03-20,0.55107434,0.18239798
loto,ml_production,2024-03-21,0.55106492,0.18239455
loto,ml_production,2024-03-22,0.51627165,0.16671704
loto,ml_production,2024-03-23,0.55110239,0.18240815
loto,ml_production,2024-03-24,0.57425442,0.19284406
loto,ml_production,2024-03-25,0.55102393,0.18237967
loto,ml_production,2024-03-26,0.55106324,0.18239394
loto,ml_production,2024-03-27,0.52779815,0.17191702
loto,ml_production,2024-03-28,0.56265613,0.18761805
loto,ml_production,2024-03-29,0.55099695,0.18236986
loto,ml_production,2024-03-30,0.53946716,0.17716871
loto,ml_production,2024-03-31,0.55101856,0.18237767
loto,ml_production,2024-04-01,0.53948775,0.17717617
loto,ml_production,2024-04-02,0.55114248,0.18242273
loto,ml_production,2024-04-03,0.52781183,0.17192197
loto,ml_production,2024-04-04,0.50474273,0.16151618
loto,ml_production,2024-04-05,0.55107767,0.18239917
loto,ml_production,2024-04-06,0.53949056,0.17717722
loto,ml_production,2024-04-07,0.56270117,0.18763439
loto,ml_production,2024-04-08,0.53940487,0.17714614
loto,ml_production,2024-04-09,0.51589667,0.16658127
loto,ml_production,2024-04-10,0.55109562,0.18240571
loto,ml_production,2024-04-11,0.53944249,0.17715971
loto,ml_production,2024-04-12,0.52768545,0.17187623
loto,ml_production,2024-04-13,0.55115181,0.18242600
loto,ml_production,2024-04-14,0.53938006,0.17713719
loto,ml_production,2024-04-15,0.56279730,0.18766921
loto,ml_production,2024-04-16,0.56282106,0.18767780
loto,ml_production,2024-04-17,0.53938290,0.17713821
loto,ml_production,2024-04-18,0.57451841,0.19293974
loto,ml_production,2024-04-19,0.53937982,0.17713711
loto,ml_production,2024-04-20,0.50422005,0.16132681
loto,ml_production,2024-04-21,0.53945570,0.17716449
loto,ml_production,2024-04-22,0.55107521,0.18239834
loto,ml_production,2024-04-23,0.56283822,0.18768399
loto,ml_production,2024-04-24,0.53934133,0.17712320
loto,ml_production,2024-04-25,0.55119432,0.18244133
loto,ml_production,2024-04-26,0.55115128,0.18242581
loto,ml_production,2024-04-27,0.58622884,0.19820643
loto,ml_production,2024-04-28,0.55115499,0.18242713
loto,ml_production,2024-04-29,0.57451653,0.19293906
loto,ml_production,2024-04-30,0.56288219,0.18769987
loto,ml_production,2024-05-01,0.56279550,0.18766858
loto,ml_production,2024-05-02,0.55113149,0.18241867
loto,ml_production,2024-05-03,0.52779700,0.17191649
loto,ml_production,2024-05-04,0.57453314,0.19294506
loto,ml_production,2024-05-05,0.51593673,0.16659573
loto,ml_production,2024-05-06,0.56282296,0.18767848
loto,ml_production,2024-05-07,0.55106043,0.18239300
loto,ml_production,2024-05-08,0.55107084,0.18239676
loto,ml_production,2024-05-09,0.58630457,0.19823376
loto,ml_production,2024-05-10,0.55109005,0.18240370
loto,ml_production,2024-05-11,0.53931451,0.17711353
loto,ml_production,2024-05-12,0.58623072,0.19820710
loto,ml_production,2024-05-13,0.55119579,0.18244189
loto,ml_production,2024-05-14,0.56292251,0.18771444
loto,ml_production,2024-05-15,0.55116418,0.18243047
loto,ml_production,2024-05-16,0.52770532,0.17188340
loto,ml_production,2024-05-17,0.50428425,0.16134997
loto,ml_production,2024-05-18,0.53933909,0.17712239
loto,ml_production,2024-05-19,0.52764459,0.17186148
loto,ml_production,2024-05-20,0.55112155,0.18241507
loto,ml_production,2024-05-21,0.56286967,0.18769535
loto,ml_production,2024-05-22,0.55106209,0.18239361
loto,ml_production,2024-05-23,0.57453075,0.19294419
loto,ml_production,2024-05-24,0.56274819,0.18765149
loto,ml_production,2024-05-25,0.53948453,0.17717492
loto,ml_production,2024-05-26,0.52772147,0.17188924
loto,ml_production,2024-05-27,0.55111254,0.18241181
loto,ml_production,2024-05-28,0.53960678,0.17721958
loto,ml_production,2024-05-29,0.57451678,0.19293933
loto,ml_production,2024-05-30,0.53952488,0.17718974
loto,ml_production,2024-05-31,0.56275174,0.18765278
loto,ml_production,2024-06-01,0.52792295,0.17196253
loto,ml_production,2024-06-02,0.58601156,0.19812771
loto,ml_production,2024-06-03,0.55126982,0.18246907
loto,ml_production,2024-06-04,0.55105174,0.18238971
loto,ml_production,2024-06-05,0.56280488,0.18767210
loto,ml_production,2024-06-06,0.52788901,0.17195005
loto,ml_production,2024-06-07,0.57433292,0.19287258
loto,ml_production,2024-06-08,0.56278130,0.18766349
loto,ml_production,2024-06-09,0.51614902,0.16667258
loto,ml_production,2024-06-10,0.58592136,0.19809493
loto,ml_production,2024-06-11,0.57437741,0.19288863
loto,ml_production,2024-06-12,0.57443751,0.19291057
loto,ml_production,2024-06-13,0.55109125,0.18240420
loto,ml_production,2024-06-14,0.56260891,0.18760077
loto,ml_production,2024-06-15,0.55103604,0.18238402
loto,ml_production,2024-06-16,0.55117382,0.18243420
loto,ml_production,2024-06-17,0.56276245,0.18765672
loto,ml_production,2024-06-18,0.55110460,0.18240905
loto,ml_production,2024-06-19,0.56272240,0.18764206
loto,ml_production,2024-06-20,0.52780031,0.17191781
loto,ml_production,2024-06-21,0.56268716,0.18762932
loto,ml_production,2024-06-22,0.55096263,0.18235732
loto,ml_production,2024-06-23,0.53944378,0.17716024
loto,ml_production,2024-06-24,0.55106270,0.18239377
loto,ml_production,2024-06-25,0.56282297,0.18767867
loto,ml_production,2024-06-26,0.52774298,0.17189699
loto,ml_production,2024-06-27,0.55113194,0.18241886
loto,ml_production,2024-06-28,0.56284807,0.18768789
loto,ml_production,2024-06-29,0.56277229,0.18766025
loto,ml_production,2024-06-30,0.52785463,0.17193756
loto,ml_production,2024-07-01,0.55094889,0.18235231
loto,ml_production,2024-07-02,0.53946625,0.17716835
loto,ml_production,2024-07-03,0.53937476,0.17713512
loto,ml_production,2024-07-04,0.56279659,0.18766898
loto,ml_production,2024-07-05,0.57426003,0.19284603
loto,ml_production,2024-07-06,0.56284778,0.18768764
loto,ml_production,2024-07-07,0.57434820,0.19287819
loto,ml_production,2024-07-08,0.57445665,0.19291753
loto,ml_production,2024-07-09,0.52782263,0.17192590
loto,ml_production,2024-07-10,0.55121367,0.18244863
loto,ml_production,2024-07-11,0.55124518,0.18246009
loto,ml_production,2024-07-12,0.53955073,0.17719913
loto,ml_production,2024-07-13,0.52783985,0.17193222
loto,ml_production,2024-07-14,0.55111063,0.18241100
loto,ml_production,2024-07-15,0.53953637,0.17719388
loto,ml_production,2024-07-16,0.55100670,0.18237340
loto,ml_production,2024-07-17,0.57468774,0.19300080
loto,ml_production,2024-07-18,0.56313286,0.18779061
loto,ml_production,2024-07-19,0.55125384,0.18246301
loto,ml_production,2024-07-20,0.57438515,0.19289162
loto,ml_production,2024-07-21,0.52779107,0.17191386
loto,ml_production,2024-07-22,0.53968402,0.17724715
loto,ml_production,2024-07-23,0.57470394,0.19300705
loto,ml_production,2024-07-24,0.56280803,0.18767300
loto,ml_production,2024-07-25,0.56227825,0.18748046
loto,ml_production,2024-07-26,0.56251947,0.18756856
loto,ml_production,2024-07-27,0.55102964,0.18238216
loto,ml_production,2024-07-28,0.52777210,0.17190766
loto,ml_production,2024-07-29,0.52747047,0.17179839
loto,ml_production,2024-07-30,0.55141669,0.18252171
loto,ml_production,2024-07-31,0.55109629,0.18240621
loto,ml_production,2024-08-01,0.52746055,0.17179502
loto,ml_production,2024-08-02,0.55130945,0.18248246
loto,ml_production,2024-08-03,0.55098744,0.18236665
loto,ml_production,2024-08-04,0.56271220,0.18763821
loto,ml_production,2024-08-05,0.55109639,0.18240631
loto,ml_production,2024-08-06,0.55132330,0.18248741
loto,ml_production,2024-08-07,0.51571589,0.16651646
loto,ml_production,2024-08-08,0.53936737,0.17713275
loto,ml_production,2024-08-09,0.58606396,0.19814696
loto,ml_production,2024-08-10,0.53913434,0.17704858
loto,ml_production,2024-08-11,0.52760584,0.17184799
loto,ml_production,2024-08-12,0.56269122,0.18763151
loto,ml_production,2024-08-13,0.56265260,0.18761694
loto,ml_production,2024-08-14,0.53935214,0.17712681
loto,ml_production,2024-08-15,0.55131011,0.18248378
loto,ml_production,2024-08-16,0.56277458,0.18766117
loto,ml_production,2024-08-17,0.51596910,0.16660764
loto,ml_production,2024-08-18,0.52763643,0.17185876
loto,ml_production,2024-08-19,0.55147562,0.18254314
loto,ml_production,2024-08-20,0.55116049,0.18242925
loto,ml_production,2024-08-21,0.57427787,0.19285323
loto,ml_production,2024-08-22,0.57470910,0.19300892
loto,ml_production,2024-08-23,0.51629811,0.16672616
loto,ml_production,2024-08-24,0.53969565,0.17725146
loto,ml_production,2024-08-25,0.58593332,0.19809946
loto,ml_production,2024-08-26,0.55119110,0.18244031
loto,ml_production,2024-08-27,0.56279472,0.18766837
loto,ml_production,2024-08-28,0.58606002,0.19814534
loto,ml_production,2024-08-29,0.52775518,0.17190173
loto,ml_production,2024-08-30,0.58644643,0.19828508
loto,ml_production,2024-08-31,0.57434644,0.19287755
loto,ml_production,2024-09-01,0.53932939,0.17711879
loto,ml_production,2024-09-02,0.50452483,0.16143664
loto,ml_production,2024-09-03,0.57435016,0.19287899
loto,ml_production,2024-09-04,0.56272301,0.18764247
loto,ml_production,2024-09-05,0.52791911,0.17196089
loto,ml_production,2024-09-06,0.53969718,0.17725248
loto,ml_production,2024-09-07,0.56272032,0.18764134
loto,ml_production,2024-09-08,0.50460602,0.16146650
loto,ml_production,2024-09-09,0.53948117,0.17717378
loto,ml_production,2024-09-10,0.53941231,0.17714874
loto,ml_production,2024-09-11,0.55095962,0.18235613
loto,ml_production,2024-09-12,0.53948952,0.17717693
loto,ml_production,2024-09-13,0.56255365,0.18758065
loto,ml_production,2024-09-14,0.52769089,0.17187787
loto,ml_production,2024-09-15,0.52783229,0.17192938
loto,ml_production,2024-09-16,0.56268378,0.18762807
loto,ml_production,2024-09-17,0.56266050,0.18761952
loto,ml_production,2024-09-18,0.55101030,0.18237461
loto,ml_production,2024-09-19,0.57416392,0.19281109
loto,ml_production,2024-09-20,0.55113467,0.18241997
loto,ml_production,2024-09-21,0.53966702,0.17724234
loto,ml_production,2024-09-22,0.58568923,0.19801049
loto,ml_production,2024-09-23,0.51642012,0.16677103
loto,ml_production,2024-09-24,0.57414703,0.19280508
loto,ml_production,2024-09-25,0.51633233,0.16673920
loto,ml_production,2024-09-26,0.55134745,0.18249711
loto,ml_production,2024-09-27,0.56256383,0.18758441
loto,ml_production,2024-09-28,0.53951217,0.17718584
loto,ml_production,2024-09-29,0.55074887,0.18227744
loto,ml_production,2024-09-30,0.53978663,0.17728677
loto,ml_production,2024-10-01,0.53907737,0.17702466
loto,ml_production,2024-10-02,0.55124541,0.18246105
loto,ml_production,2024-10-03,0.55109748,0.18240732
loto,ml_production,2024-10-04,0.52795532,0.17197419
loto,ml_production,2024-10-05,0.53944269,0.17715984
loto,ml_production,2024-10-06,0.57417374,0.19281478
loto,ml_production,2024-10-07,0.56261560,0.18760318
loto,ml_production,2024-10-08,0.53951110,0.17718467
loto,ml_production,2024-10-09,0.55120642,0.18244602
loto,ml_production,2024-10-10,0.52792882,0.17196447
loto,ml_production,2024-10-11,0.55120496,0.18244551
loto,ml_production,2024-10-12,0.53953002,0.17719158
loto,ml_production,2024-10-13,0.53936058,0.17712976
loto,ml_production,2024-10-14,0.53956464,0.17720419
loto,ml_production,2024-10-15,0.56255777,0.18758223
loto,ml_production,2024-10-16,0.51618238,0.16668451
loto,ml_production,2024-10-17,0.55116473,0.18243087
loto,ml_production,2024-10-18,0.52785864,0.17193893
loto,ml_production,2024-10-19,0.52791433,0.17195921
loto,ml_production,2024-10-20,0.52774862,0.17189888
loto,ml_production,2024-10-21,0.57417417,0.19281482
loto,ml_production,2024-10-22,0.55094836,0.18235214
loto,ml_production,2024-10-23,0.58585075,0.19806939
loto,ml_production,2024-10-24,0.52795951,0.17197562
loto,ml_production,2024-10-25,0.56226667,0.18747619
loto,ml_production,2024-10-26,0.52793233,0.17196601
loto,ml_production,2024-10-27,0.53950187,0.17718157
loto,ml_production,2024-10-28,0.56269174,0.18763094
loto,ml_production,2024-10-29,0.53943003,0.17715509
loto,ml_production,2024-10-30,0.55141570,0.18252260
loto,ml_production,2024-10-31,0.53941021,0.17714817
loto,ml_production,2024-11-01,0.53908614,0.17702990
loto,ml_production,2024-11-02,0.53942178,0.17715227
loto,ml_production,2024-11-03,0.53948044,0.17717333
loto,ml_production,2024-11-04,0.55144169,0.18253144
loto,ml_production,2024-11-05,0.52805755,0.17201160
loto,ml_production,2024-11-06,0.53961800,0.17722420
loto,ml_production,2024-11-07,0.55105286,0.18239007
loto,ml_production,2024-11-08,0.57418732,0.19281981
loto,ml_production,2024-11-09,0.53942766,0.17715381
loto,ml_production,2024-11-10,0.55062540,0.18223431
loto,ml_production,2024-11-11,0.58605469,0.19814341
loto,ml_production,2024-11-12,0.53918373,0.17706559
loto,ml_production,2024-11-13,0.52843824,0.17215071
loto,ml_production,2024-11-14,0.52787114,0.17194315
loto,ml_production,2024-11-15,0.56267722,0.18762554
loto,ml_production,2024-11-16,0.55130577,0.18248162
loto,ml_production,2024-11-17,0.55150638,0.18255555
loto,ml_production,2024-11-18,0.55109006,0.18240388
loto,ml_production,2024-11-19,0.52812666,0.17203679
loto,ml_production,2024-11-20,0.53909159,0.17702928
loto,ml_production,2024-11-21,0.52746628,0.17179492
loto,ml_production,2024-11-22,0.53937404,0.17713493
loto,ml_production,2024-11-23,0.56283450,0.18768336
loto,ml_production,2024-11-24,0.50497221,0.16159996
loto,ml_production,2024-11-25,0.57403096,0.19276282
loto,ml_production,2024-11-26,0.55075486,0.18228171
loto,ml_production,2024-11-27,0.56268897,0.18763016
loto,ml_production,2024-11-28,0.53946388,0.17716759
loto,ml_production,2024-11-29,0.56310692,0.18778200
loto,ml_production,2024-11-30,0.56255780,0.18758204
loto,ml_production,2024-12-01,0.56267435,0.18762468
loto,ml_production,2024-12-02,0.52823089,0.17207470
loto,ml_production,2024-12-03,0.55103731,0.18238445
loto,ml_production,2024-12-04,0.53882836,0.17693362
loto,ml_production,2024-12-05,0.52805585,0.17201083
loto,ml_production,2024-12-06,0.56285004,0.18768862
loto,ml_production,2024-12-07,0.53963107,0.17722859
loto,ml_production,2024-12-08,0.55109238,0.18240480
loto,ml_production,2024-12-09,0.55130104,0.18248053
loto,ml_production,2024-12-10,0.55142215,0.18252444
loto,ml_production,2024-12-11,0.51628101,0.16672082
loto,ml_production,2024-12-12,0.53982240,0.17729809
loto,ml_production,2024-12-13,0.51614465,0.16667073
loto,ml_production,2024-12-14,0.55113456,0.18241991
loto,ml_production,2024-12-15,0.55097730,0.18236299
loto,ml_production,2024-12-16,0.53919666,0.17707066
loto,ml_production,2024-12-17,0.53974475,0.17726915
loto,ml_production,2024-12-18,0.55117065,0.18243291
loto,ml_production,2024-12-19,0.57418297,0.19281823
loto,ml_production,2024-12-20,0.53965054,0.17723490
loto,ml_production,2024-12-21,0.56247422,0.18755242
loto,ml_production,2024-12-22,0.56321009,0.18781797
loto,ml_production,2024-12-23,0.56242629,0.18753483
loto,ml_production,2024-12-24,0.53951271,0.17718509
loto,ml_production,2024-12-25,0.56241931,0.18753221
loto,ml_production,2024-12-26,0.55100799,0.18237436
loto,ml_production,2024-12-27,0.52764309,0.17186103
loto,ml_production,2024-12-28,0.55094542,0.18235117
loto,ml_production,2024-12-29,0.58603053,0.19813488
loto,ml_production,2024-12-30,0.50436801,0.16138016
loto,ml_production,2024-12-31,0.56276215,0.18765625
loto,ml_production,2025-01-01,0.50465586,0.16148437
loto,ml_production,2025-01-02,0.57410861,0.19279092
loto,ml_production,2025-01-03,0.56280416,0.18767201
loto,ml_production,2025-01-04,0.53918572,0.17706656
loto,ml_production,2025-01-05,0.56283118,0.18768149
loto,ml_production,2025-01-06,0.55121642,0.18244910
loto,ml_production,2025-01-07,0.57419931,0.19282434
loto,ml_production,2025-01-08,0.57435745,0.19288124
loto,ml_production,2025-01-09,0.55104966,0.18238865
loto,ml_production,2025-01-10,0.55167855,0.18261649
loto,ml_production,2025-01-11,0.55087461,0.18232586
loto,ml_production,2025-01-12,0.56287821,0.18769882
loto,ml_production,2025-01-13,0.53951694,0.17718678
loto,ml_production,2025-01-14,0.53929894,0.17710795
loto,ml_production,2025-01-15,0.52771836,0.17188824
loto,ml_production,2025-01-16,0.56283696,0.18768323
loto,ml_production,2025-01-17,0.56254771,0.18757898
loto,ml_production,2025-01-18,0.51590513,0.16658403
loto,ml_production,2025-01-19,0.57440149,0.19289748
loto,ml_production,2025-01-20,0.57450062,0.19293369
loto,ml_production,2025-01-21,0.57428081,0.19285336
loto,ml_production,2025-01-22,0.53941255,0.17714893
loto,ml_production,2025-01-23,0.55102905,0.18238160
loto,ml_production,2025-01-24,0.56285864,0.18769170
loto,ml_production,2025-01-25,0.55099521,0.18236943
loto,ml_production,2025-01-26,0.56273764,0.18764766
loto,ml_production,2025-01-27,0.57456503,0.19295687
loto,ml_production,2025-02-02,0.53960467,0.17721869
loto,ml_production,2025-02-03,0.52763498,0.17185799
loto,ml_production,2025-02-04,0.55088457,0.18232930
loto,ml_production,2025-02-05,0.57442666,0.19290670
loto,ml_production,2025-02-06,0.57446881,0.19292179
loto,ml_production,2025-02-07,0.57452163,0.19294090
loto,ml_production,2025-02-08,0.53940667,0.17714682
loto,ml_production,2025-02-09,0.57441296,0.19290164
loto,ml_production,2025-02-10,0.56271068,0.18763790
loto,ml_production,2025-02-11,0.53932465,0.17711714
loto,ml_production,2025-02-12,0.57468489,0.19299992
loto,ml_production,2025-02-13,0.52782474,0.17192660
loto,ml_production,2025-02-14,0.52774159,0.17189653
loto,ml_production,2025-02-15,0.55105099,0.18238960
loto,ml_production,2025-02-16,0.55097486,0.18236203
loto,ml_production,2025-02-17,0.53945595,0.17716461
loto,ml_production,2025-02-18,0.52774331,0.17189717
loto,ml_production,2025-02-19,0.53937986,0.17713707
loto,ml_production,2025-02-20,0.56277996,0.18766294
loto,ml_production,2025-02-21,0.53940101,0.17714476
loto,ml_production,2025-02-22,0.52768960,0.17187775
loto,ml_production,2025-02-23,0.51610114,0.16665517
loto,ml_production,2025-02-24,0.55106058,0.18239305
loto,ml_production,2025-02-25,0.53939214,0.17714153
loto,ml_production,2025-02-26,0.55113448,0.18241966
loto,ml_production,2025-02-27,0.55106233,0.18239370
loto,ml_production,2025-02-28,0.56273117,0.18764526
loto,ml_production,2025-03-01,0.55105816,0.18239212
loto,ml_production,2025-03-02,0.52777971,0.17191034
loto,ml_production,2025-03-03,0.55115817,0.18242831
loto,ml_production,2025-03-04,0.55116237,0.18242987
loto,ml_production,2025-03-05,0.53948767,0.17717607
loto,ml_production,2025-03-06,0.53944729,0.17716154
loto,ml_production,2025-03-07,0.55110963,0.18241072
loto,ml_production,2025-03-08,0.55116800,0.18243190
loto,ml_production,2025-03-09,0.55105391,0.18239061
loto,ml_production,2025-03-10,0.56272136,0.18764174
loto,ml_production,2025-03-11,0.56281967,0.18767728
loto,ml_production,2025-03-12,0.55102493,0.18238012
loto,ml_production,2025-03-13,0.56289871,0.18770584
loto,ml_production,2025-03-14,0.57441803,0.19290345
loto,ml_production,2025-03-15,0.52785813,0.17193867
loto,ml_production,2025-03-16,0.58618929,0.19819209
loto,ml_production,2025-03-17,0.53946613,0.17716828
loto,ml_production,2025-03-18,0.52763814,0.17185914
loto,ml_production,2025-03-19,0.52783162,0.17192908
loto,ml_production,2025-03-20,0.53947908,0.17717298
loto,ml_production,2025-03-21,0.53930239,0.17710910
loto,ml_production,2025-03-22,0.55107127,0.18239692
loto,ml_production,2025-03-23,0.56281599,0.18767596
loto,ml_production,2025-03-24,0.53950062,0.17718076
loto,ml_production,2025-03-25,0.53938769,0.17713994
loto,ml_production,2025-03-26,0.56279546,0.18766854
loto,ml_production,2025-03-27,0.53945971,0.17716598
loto,ml_production,2025-03-28,0.53942003,0.17715163
loto,ml_production,2025-03-29,0.55110507,0.18240912
loto,ml_production,2025-03-30,0.51609555,0.16665316
loto,ml_production,2025-03-31,0.53943370,0.17715658
loto,ml_production,2025-04-01,0.57443689,0.19291025
loto,ml_production,2025-04-02,0.57443573,0.19290983
loto,ml_production,2025-04-03,0.53942528,0.17715353
loto,ml_production,2025-04-04,0.51608556,0.16664954
loto,ml_production,2025-04-05,0.56276345,0.18765696
loto,ml_production,2025-04-06,0.55109430,0.18240522
loto,ml_production,2025-04-07,0.57443790,0.19291062
loto,ml_production,2025-04-08,0.57442693,0.19290664
loto,ml_production,2025-04-09,0.55109434,0.18240524
loto,ml_production,2025-04-10,0.53944111,0.17715926
loto,ml_production,2025-04-11,0.53942544,0.17715359
loto,ml_production,2025-04-12,0.57444026,0.19291147
loto,ml_production,2025-04-13,0.55109316,0.18240481
loto,ml_production,2025-04-14,0.53942918,0.17715494
loto,ml_production,2025-04-15,0.52775903,0.17190284
loto,ml_production,2025-04-16,0.55109888,0.18240688
loto,ml_production,2025-04-17,0.55109415,0.18240517
loto,ml_production,2025-04-18,0.55110155,0.18240785
loto,ml_production,2025-04-19,0.56275773,0.18765489
loto,ml_production,2025-04-20,0.50442362,0.16140041
loto,ml_production,2025-04-21,0.53942817,0.17715458
loto,ml_production,2025-04-22,0.53943206,0.17715598
loto,ml_production,2025-04-23,0.53943182,0.17715590
loto,ml_production,2025-04-24,0.55109631,0.18240595
loto,ml_production,2025-04-25,0.55109693,0.18240617
loto,ml_production,2025-04-26,0.57443132,0.19290824
loto,ml_production,2025-04-27,0.53942602,0.17715380
loto,ml_production,2025-04-28,0.53942876,0.17715479
loto,ml_production,2025-04-29,0.53942042,0.17715177
loto,ml_production,2025-04-30,0.56276560,0.18765774
loto,ml_production,2025-05-01,0.52776076,0.17190347
loto,ml_production,2025-05-02,0.53943361,0.17715655
loto,ml_production,2025-05-03,0.55110352,0.18240856
loto,ml_production,2025-05-04,0.55110909,0.18241058
loto,ml_production,2025-05-05,0.52776055,0.17190339
loto,ml_production,2025-05-06,0.53943283,0.17715626
loto,ml_production,2025-05-07,0.55109428,0.18240521
loto,ml_production,2025-05-08,0.56276054,0.18765591
loto,ml_production,2025-05-09,0.55109809,0.18240659
loto,ml_production,2025-05-10,0.55109146,0.18240419
loto,ml_production,2025-05-11,0.55110112,0.18240769
loto,ml_production,2025-05-12,0.56276757,0.18765845
loto,ml_production,2025-05-13,0.55110297,0.18240836
loto,ml_production,2025-05-14,0.55109872,0.18240682
loto,ml_production,2025-05-15,0.50442137,0.16139959
loto,ml_production,2025-05-16,0.53943266,0.17715620
loto,ml_production,2025-05-17,0.57431828,0.19286715
loto,ml_production,2025-05-18,0.52793954,0.17196840
loto,ml_production,2025-05-19,0.52801469,0.17199574
loto,ml_production,2025-05-20,0.55108834,0.18240305
loto,ml_production,2025-05-21,0.56270663,0.18763639
loto,ml_production,2025-05-22,0.52801454,0.17199568
loto,ml_production,2025-05-23,0.56263962,0.18761198
loto,ml_production,2025-05-24,0.55105902,0.18239240
loto,ml_production,2025-05-25,0.53953922,0.17719492
loto,ml_production,2025-05-26,0.56260824,0.18760056
loto,ml_production,2025-05-27,0.56256501,0.18758483
loto,ml_production,2025-05-28,0.53942275,0.17715253
loto,ml_production,2025-05-29,0.57405838,0.19277267
loto,ml_production,2025-05-30,0.56254992,0.18757932
loto,ml_production,2025-05-31,0.53952289,0.17718898
loto,ml_production,2025-06-01,0.52789707,0.17195292
loto,ml_production,2025-06-02,0.51641131,0.16676784
loto,ml_production,2025-06-03,0.55108229,0.18240084
loto,ml_production,2025-06-04,0.51632402,0.16673607
loto,ml_production,2025-06-05,0.56270046,0.18763413
loto,ml_production,2025-06-06,0.53947883,0.17717294
loto,ml_production,2025-06-07,0.51645613,0.16678415
loto,ml_production,2025-06-08,0.58570440,0.19801610
loto,ml_production,2025-06-09,0.53945696,0.17716498
loto,ml_production,2025-06-10,0.49323743,0.15632403
loto,ml_production,2025-06-11,0.56270541,0.18763593
loto,ml_production,2025-06-12,0.57419197,0.19282132
loto,ml_production,2025-06-13,0.52789537,0.17195229
loto,ml_production,2025-06-14,0.51636455,0.16675081
loto,ml_production,2025-06-15,0.55101390,0.18237597
loto,ml_production,2025-06-16,0.56270646,0.18763632
loto,ml_production,2025-06-17,0.56271942,0.18764104
loto,ml_production,2025-06-18,0.57428606,0.19285555
loto,ml_production,2025-06-19,0.53946358,0.17716740
loto,ml_production,2025-06-20,0.55097253,0.18236091
loto,ml_production,2025-06-21,0.56262025,0.18760495
loto,ml_production,2025-06-22,0.56257068,0.18758690
loto,ml_production,2025-06-23,0.57426106,0.19284645
loto,ml_production,2025-06-24,0.55107969,0.18239992
loto,ml_production,2025-06-25,0.55099354,0.18236855
loto,ml_production,2025-06-26,0.56270367,0.18763530
loto,ml_production,2025-06-27,0.57434198,0.19287592
loto,ml_production,2025-06-28,0.56259454,0.18759560
loto,ml_production,2025-06-29,0.57421231,0.19282870
loto,ml_production,2025-06-30,0.56272153,0.18764177
loto,ml_production,2025-07-01,0.57423376,0.19283652
loto,ml_production,2025-07-02,0.53949103,0.17717740
loto,ml_production,2025-07-03,0.55111924,0.18241432
loto,ml_production,2025-07-04,0.53960622,0.17721928
loto,ml_production,2025-07-05,0.53953702,0.17719410
loto,ml_production,2025-07-06,0.56312588,0.18778890
loto,ml_production,2025-07-07,0.52779147,0.17191476
loto,ml_production,2025-07-08,0.54005246,0.17738064
loto,ml_production,2025-07-09,0.53929430,0.17710567
loto,ml_production,2025-07-10,0.56271883,0.18764073
loto,ml_production,2025-07-11,0.52781857,0.17192450
loto,ml_production,2025-07-12,0.56277546,0.18766148
loto,ml_production,2025-07-13,0.53982747,0.17729932
loto,ml_production,2025-07-14,0.56248216,0.18755493
loto,ml_production,2025-07-15,0.53912348,0.17704446
loto,ml_production,2025-07-16,0.56292247,0.18771484
loto,ml_production,2025-07-17,0.55115055,0.18242595
loto,ml_production,2025-07-18,0.51613474,0.16666744
loto,ml_production,2025-07-19,0.53942596,0.17715404
loto,ml_production,2025-07-20,0.57439251,0.19289420
loto,ml_production,2025-07-21,0.56253562,0.18757414
loto,ml_production,2025-07-22,0.56271442,0.18763913
loto,ml_production,2025-07-23,0.58641940,0.19827546
loto,ml_production,2025-07-24,0.56291558,0.18771194
loto,ml_production,2025-07-25,0.53945333,0.17716348
loto,ml_production,2025-07-26,0.56243123,0.18753678
loto,ml_production,2025-07-27,0.56269268,0.18763128
loto,ml_production,2025-07-28,0.55141414,0.18252143
loto,ml_production,2025-07-29,0.55123636,0.18245695
loto,ml_production,2025-07-30,0.56262395,0.18760630
loto,ml_production,2025-07-31,0.52757584,0.17183668
loto,ml_production,2025-08-01,0.57441318,0.19290167
loto,ml_production,2025-08-02,0.55096229,0.18235749
loto,ml_production,2025-08-03,0.56293974,0.18772085
loto,ml_production,2025-08-04,0.55086301,0.18232180
loto,ml_production,2025-08-05,0.55082737,0.18230772
loto,ml_production,2025-08-06,0.52776891,0.17190574
loto,ml_production,2025-08-07,0.52761119,0.17184938
loto,ml_production,2025-08-08,0.52756231,0.17183189
loto,ml_production,2025-08-09,0.55158328,0.18258254
loto,ml_production,2025-08-10,0.55115602,0.18242802
loto,ml_production,2025-08-11,0.51640411,0.16676534
loto,ml_production,2025-08-12,0.52804116,0.17200551
loto,ml_production,2025-08-13,0.52762405,0.17185349
loto,ml_production,2025-08-14,0.56289405,0.18770457
loto,ml_production,2025-08-15,0.51628213,0.16672123
loto,ml_production,2025-08-16,0.57456653,0.19295741
loto,ml_production,2025-08-17,0.55123189,0.18245516
loto,ml_production,2025-08-18,0.55104164,0.18238568
loto,ml_production,2025-08-19,0.52783892,0.17193194
loto,ml_production,2025-08-20,0.52785976,0.17193938
loto,ml_production,2025-08-21,0.53951115,0.17718460
loto,ml_production,2025-08-22,0.55093201,0.18234645
loto,ml_production,2025-08-23,0.56304212,0.18775769
loto,ml_production,2025-08-24,0.55129818,0.18247898
loto,ml_production,2025-08-25,0.55107025,0.18239652
loto,ml_production,2025-08-26,0.55106418,0.18239433
loto,ml_production,2025-08-27,0.56278234,0.18766381
loto,ml_production,2025-08-28,0.53934960,0.17712611
loto,ml_production,2025-08-29,0.52773945,0.17189579
loto,ml_production,2025-08-30,0.56288973,0.18770268
loto,ml_production,2025-08-31,0.56284103,0.18768504
loto,ml_production,2025-09-01,0.56271333,0.18763879
loto,ml_production,2025-09-02,0.56275226,0.18765292
loto,ml_production,2025-09-03,0.52767198,0.17187133
loto,ml_production,2025-09-04,0.52771410,0.17188658
loto,ml_production,2025-09-05,0.53940938,0.17714779
loto,ml_production,2025-09-06,0.51608392,0.16664895
loto,ml_production,2025-09-07,0.56274773,0.18765128
loto,ml_production,2025-09-08,0.55110284,0.18240833
loto,ml_production,2025-09-09,0.57446223,0.19291942
loto,ml_production,2025-09-10,0.52771164,0.17188565
loto,ml_production,2025-09-11,0.53942356,0.17715293
loto,ml_production,2025-09-12,0.55104656,0.18238791
loto,ml_production,2025-09-13,0.57447120,0.19292262
loto,ml_production,2025-09-14,0.56278706,0.18766548
loto,ml_production,2025-09-15,0.57447442,0.19292383
loto,ml_production,2025-09-16,0.58617200,0.19818588
loto,ml_production,2025-09-17,0.52778757,0.17191315
loto,ml_production,2025-09-18,0.56282754,0.18768015
loto,ml_production,2025-09-19,0.55109986,0.18240734
loto,ml_production,2025-09-20,0.57445753,0.19291773
loto,ml_production,2025-09-21,0.55114528,0.18242368
loto,ml_production,2025-09-22,0.55110800,0.18241019
loto,ml_production,2025-09-23,0.56294041,0.18772101
loto,ml_production,2025-09-24,0.55104468,0.18238729
loto,ml_production,2025-09-25,0.53946071,0.17716635
loto,ml_production,2025-09-26,0.55109448,0.18240529
loto,ml_production,2025-09-27,0.52781798,0.17192419
loto,ml_production,2025-09-28,0.56272207,0.18764197
loto,ml_production,2025-09-29,0.56271169,0.18763817
loto,ml_production,2025-09-30,0.53932820,0.17711843
loto,ml_production,2025-10-01,0.56281365,0.18767510
loto,ml_production,2025-10-02,0.57449749,0.19293223
loto,ml_production,2025-10-03,0.53937703,0.17713608
loto,ml_production,2025-10-04,0.55123346,0.18245564
loto,ml_production,2025-10-05,0.53930404,0.17710957
loto,ml_production,2025-10-06,0.53922894,0.17708217
loto,ml_production,2025-10-07,0.57448266,0.19292694
loto,ml_production,2025-10-08,0.56291731,0.18771275
loto,ml_production,2025-10-09,0.56291447,0.18771169
loto,ml_production,2025-10-10,0.53940566,0.17714643
loto,ml_production,2025-10-11,0.52770028,0.17188159
loto,ml_production,2025-10-12,0.51601126,0.16662266
loto,ml_production,2025-10-13,0.55109214,0.18240444
loto,ml_production,2025-10-14,0.57423353,0.19283655
loto,ml_production,2025-10-15,0.53931506,0.17711359
loto,ml_production,2025-10-16,0.51628134,0.16672060
loto,ml_production,2025-10-17,0.56265633,0.18761815
loto,ml_production,2025-10-18,0.55119715,0.18244259
loto,ml_production,2025-10-19,0.57435832,0.19288179
loto,ml_production,2025-10-20,0.53924765,0.17708914
loto,ml_production,2025-10-21,0.53932293,0.17711649
loto,ml_production,2025-10-22,0.53950632,0.17718306
loto,ml_production,2025-10-23,0.55116425,0.18243065
loto,ml_production,2025-10-24,0.53946408,0.17716774
loto,ml_production,2025-10-25,0.55095732,0.18235562
loto,ml_production,2025-10-26,0.52786093,0.17193978
loto,ml_production,2025-10-27,0.57443693,0.19291037
loto,ml_production,2025-10-28,0.57426151,0.19284664
loto,ml_production,2025-10-29,0.56261061,0.18760156
loto,ml_production,2025-10-30,0.56274631,0.18765083
loto,ml_production,2025-10-31,0.56256617,0.18758496
loto,ml_production,2025-11-01,0.55105523,0.18239102
loto,ml_production,2025-11-02,0.52779408,0.17191562
loto,ml_production,2025-11-03,0.56293943,0.18772015
loto,ml_production,2025-11-04,0.53959169,0.17721355
loto,ml_production,2025-11-05,0.55130425,0.18248120
loto,ml_production,2025-11-06,0.53937473,0.17713531
loto,ml_production,2025-11-07,0.56297331,0.18773293
loto,ml_production,2025-11-08,0.57438713,0.19289219
loto,ml_production,2025-11-09,0.55113742,0.18242089
loto,ml_production,2025-11-10,0.55110116,0.18240766
loto,ml_production,2025-11-11,0.52780253,0.17191866
loto,ml_production,2025-11-12,0.53942139,0.17715216
loto,ml_production,2025-11-13,0.51634651,0.16674413
loto,ml_production,2025-11-14,0.55097669,0.18236249
loto,ml_production,2025-11-15,0.52780975,0.17192124
loto,ml_production,2025-11-16,0.57432401,0.19286933
loto,ml_production,2025-11-17,0.51612426,0.16666360
loto,ml_production,2025-11-18,0.53947388,0.17717123
loto,ml_production,2025-11-19,0.55120205,0.18244432
loto,ml_production,2025-11-20,0.53959323,0.17721439
loto,ml_production,2025-11-21,0.51632289,0.16673576
loto,ml_production,2025-11-22,0.53943003,0.17715529
loto,ml_production,2025-11-23,0.56260689,0.18760035
loto,ml_production,2025-11-24,0.52790602,0.17195613
loto,ml_production,2025-11-25,0.57434700,0.19287770
loto,ml_production,2025-11-26,0.55109600,0.18240584
loto,ml_production,2025-11-27,0.56267587,0.18762525
loto,ml_production,2025-11-28,0.55126303,0.18246636
loto,ml_production,2025-11-29,0.52777040,0.17190702
loto,ml_production,2025-11-30,0.58599655,0.19812224
loto,ml_production,2025-12-01,0.52792438,0.17196280
loto,ml_production,2025-12-02,0.56267261,0.18762413
loto,ml_production,2025-12-03,0.53941975,0.17715152
loto,ml_production,2025-12-04,0.55106717,0.18239538
loto,ml_production,2025-12-05,0.53939209,0.17714149
loto,ml_production,2025-12-06,0.56276351,0.18765699
loto,ml_production,2025-12-07,0.53939431,0.17714229
loto,ml_production,2025-12-08,0.53943626,0.17715751
loto,ml_production,2025-12-09,0.55103014,0.18238196
loto,ml_production,2025-12-10,0.55105695,0.18239168
loto,ml_production,2025-12-11,0.53945024,0.17716257
loto,ml_production,2025-12-12,0.55106137,0.18239328
loto,ml_production,2025-12-13,0.55110377,0.18240865
loto,ml_production,2025-12-14,0.56274950,0.18765191
loto,ml_production,2025-12-15,0.57439112,0.19289367
loto,ml_production,2025-12-16,0.55105602,0.18239134
loto,ml_production,2025-12-17,0.52780409,0.17191917
loto,ml_production,2025-12-18,0.56262233,0.18760580
loto,ml_production,2025-12-19,0.55097946,0.18236358
loto,ml_production,2025-12-20,0.53946278,0.17716712
loto,ml_production,2025-12-21,0.56275237,0.18765295
loto,ml_production,2025-12-22,0.57435556,0.19288077
loto,ml_production,2025-12-23,0.56266678,0.18762191
loto,ml_production,2025-12-24,0.57430953,0.19286408
loto,ml_production,2025-12-25,0.52780365,0.17191901
loto,ml_production,2025-12-26,0.57434953,0.19287858
loto,ml_production,2025-12-27,0.52777272,0.17190780
loto,ml_production,2025-12-28,0.58604419,0.19813959
loto,ml_production,2025-12-29,0.56278447,0.18766459
loto,ml_production,2025-12-30,0.55116689,0.18243154
loto,ml_production,2025-12-31,0.56270242,0.18763483
loto,ml_production,2026-01-01,0.51621434,0.16669622
loto,ml_production,2026-01-02,0.55117488,0.18243444
loto,ml_production,2026-01-03,0.56276211,0.18765648
loto,ml_production,2026-01-04,0.55103812,0.18238485
loto,ml_production,2026-01-05,0.55105258,0.18239009
loto,ml_production,2026-01-06,0.56273812,0.18764778
loto,ml_production,2026-01-07,0.56271493,0.18763937
loto,ml_production,2026-01-08,0.53945491,0.17716427
loto,ml_production,2026-01-09,0.53947618,0.17717198
loto,ml_production,2026-01-10,0.52787912,0.17194637
loto,ml_production,2026-01-11,0.53942548,0.17715359
loto,ml_production,2026-01-12,0.56270085,0.18763426
loto,ml_production,2026-01-13,0.56278388,0.18766437
loto,ml_production,2026-01-14,0.52789050,0.17195052
loto,ml_production,2026-01-15,0.52772871,0.17189189
loto,ml_production,2026-01-16,0.56275769,0.18765486
loto,ml_production,2026-01-17,0.55125981,0.18246515
loto,ml_production,2026-01-18,0.53934594,0.17712484
loto,ml_production,2026-01-19,0.55099237,0.18236835
loto,ml_production,2026-01-20,0.53943740,0.17715798
loto,ml_production,2026-01-21,0.52771429,0.17188667
loto,ml_production,2026-01-22,0.56256494,0.18758479
loto,ml_production,2026-01-23,0.55095559,0.18235472
loto,ml_production,2026-01-24,0.55096724,0.18235892
loto,ml_production,2026-01-25,0.53943937,0.17715857
loto,ml_production,2026-01-26,0.56267201,0.18762379
loto,ml_production,2026-01-27,0.51642039,0.16677105
loto,ml_production,2026-01-28,0.57444965,0.19291511
loto,ml_production,2026-01-29,0.55090100,0.18233471
loto,ml_production,2026-01-30,0.58588165,0.19808069
loto,ml_production,2026-01-31,0.55109930,0.18240706
loto,ml_production,2026-02-01,0.51640097,0.16676419
loto,ml_production,2026-02-02,0.56260052,0.18759780
loto,ml_production,2026-02-03,0.52789355,0.17195166
loto,ml_production,2026-02-04,0.57430103,0.19286109
loto,ml_production,2026-02-05,0.56283813,0.18768444
loto,ml_production,2026-02-06,0.58563483,0.19799054
loto,ml_production,2026-02-07,0.56268685,0.18762920
loto,ml_production,2026-02-08,0.53944450,0.17716049
loto,ml_production,2026-02-09,0.57427985,0.19285329
loto,ml_production,2026-02-10,0.53942160,0.17715197
loto,ml_production,2026-02-11,0.52805590,0.17201091
loto,ml_production,2026-02-12,0.51641213,0.16676821
loto,ml_production,2026-02-13,0.55088555,0.18232906
loto,ml_production,2026-02-14,0.55111335,0.18241220
loto,ml_production,2026-02-15,0.55088058,0.18232692
loto,ml_production,2026-02-21,0.55113499,0.18242007
loto,ml_production,2026-02-22,0.53964226,0.17723235
loto,ml_production,2026-02-23,0.57434280,0.19287622
loto,ml_production,2026-02-24,0.56286602,0.18769436
loto,ml_production,2026-02-25,0.56258491,0.18759212
loto,ml_production,2026-02-26,0.51638767,0.16675926
loto,ml_production,2026-02-27,0.53946860,0.17716927
loto,ml_production,2026-02-28,0.57435263,0.19287981
loto,ml_production,2026-03-01,0.53946962,0.17716955
loto,ml_production,2026-03-02,0.55118008,0.18243639
loto,ml_production,2026-03-03,0.53952737,0.17719056
loto,ml_production,2026-03-04,0.56282041,0.18767804
loto,ml_production,2026-03-05,0.55117773,0.18243582
loto,ml_production,2026-03-06,0.55104909,0.18238890
loto,ml_production,2026-03-07,0.55106902,0.18239608
loto,ml_production,2026-03-08,0.53956756,0.17720525
loto,ml_production,2026-03-09,0.53949164,0.17717754
loto,ml_production,2026-03-10,0.53949792,0.17717987
loto,ml_production,2026-03-11,0.55099586,0.18236943
loto,ml_production,2026-03-12,0.56281780,0.18767675
loto,ml_production,2026-03-13,0.55123669,0.18245717
loto,ml_production,2026-03-14,0.57434447,0.19287693
loto,ml_production,2026-03-15,0.57419842,0.19282363
loto,ml_production,2026-03-16,0.55103932,0.18238526
loto,ml_production,2026-03-17,0.52781972,0.17192485
loto,ml_production,2026-03-18,0.55120697,0.18244621
loto,ml_production,2026-03-19,0.53935410,0.17712760
loto,ml_production,2026-03-20,0.56275876,0.18765527
loto,ml_production,2026-03-21,0.56277866,0.18766248
loto,ml_production,2026-03-22,0.56276384,0.18765712
loto,ml_production,2026-03-23,0.51611323,0.16665957
loto,ml_production,2026-03-24,0.57440367,0.19289826
loto,ml_production,2026-03-25,0.56287948,0.18769909
loto,ml_production,2026-03-26,0.53952286,0.17718893
loto,ml_production,2026-03-27,0.55111305,0.18241201
loto,ml_production,2026-03-28,0.55111371,0.18241228
loto,ml_production,2026-03-29,0.53944980,0.17716241
loto,ml_production,2026-03-30,0.55114313,0.18242293
loto,ml_production,2026-03-31,0.57449820,0.19293255
loto,ml_production,2026-04-01,0.50447193,0.16141795
loto,ml_production,2026-04-02,0.56262100,0.18760525
loto,ml_production,2026-04-03,0.53942584,0.17715372
loto,ml_production,2026-04-04,0.55122102,0.18245122
loto,ml_production,2026-04-05,0.53950376,0.17718228
loto,ml_production,2026-04-06,0.53927189,0.17709725
loto,ml_production,2026-04-07,0.55114547,0.18242390
loto,ml_production,2026-04-08,0.53943600,0.17715746
loto,ml_production,2026-04-09,0.53946587,0.17716841
loto,ml_production,2026-04-10,0.51612635,0.16666435
loto,ml_production,2026-04-11,0.56261953,0.18760458
loto,ml_production,2026-04-12,0.57437392,0.19288746
loto,ml_production,2026-04-13,0.53919397,0.17706944
loto,ml_production,2026-04-14,0.51613412,0.16666715
loto,ml_production,2026-04-15,0.55105979,0.18239266
loto,ml_production,2026-04-16,0.57428254,0.19285414
loto,ml_production,2026-04-17,0.55113942,0.18242141
loto,ml_production,2026-04-18,0.57429518,0.19285889
loto,ml_production,2026-04-19,0.55098933,0.18236714
loto,ml_production,2026-04-20,0.51605901,0.16663995
loto,ml_production,2026-04-21,0.53943955,0.17715879
loto,ml_production,2026-04-22,0.52758063,0.17183777
loto,ml_production,2026-04-23,0.53954945,0.17719864
loto,ml_production,2026-04-24,0.57436576,0.19288433
loto,ml_production,2026-04-25,0.55098333,0.18236487
loto,ml_production,2026-04-26,0.55104870,0.18238857
loto,ml_production,2026-04-27,0.55130442,0.18248155
loto,ml_production,2026-04-28,0.55115836,0.18242846
loto,ml_production,2026-04-29,0.56255117,0.18757982
loto,ml_production,2026-04-30,0.52786135,0.17194003
loto,ml_production,2026-05-01,0.56281182,0.18767457
loto,ml_production,2026-05-02,0.55111902,0.18241422
loto,ml_production,2026-05-03,0.55118878,0.18243967
loto,ml_production,2026-05-04,0.52790137,0.17195446
loto,ml_production,2026-05-05,0.52768930,0.17187746
loto,ml_production,2026-05-06,0.55110180,0.18240796
loto,ml_production,2026-05-07,0.55113863,0.18242135
loto,ml_production,2026-05-08,0.56262040,0.18760499
loto,ml_production,2026-05-09,0.55111220,0.18241174
loto,ml_production,2026-05-10,0.53948058,0.17717360
loto,ml_production,2026-05-11,0.53948887,0.17717656
loto,ml_production,2026-05-12,0.51626644,0.16671513
loto,ml_production,2026-05-13,0.57427065,0.19284995
loto,ml_production,2026-05-14,0.56266814,0.18762237
loto,ml_production,2026-05-15,0.55116824,0.18243212
loto,ml_production,2026-05-16,0.53950572,0.17718275
loto,ml_production,2026-05-17,0.56264360,0.18761346
loto,ml_production,2026-05-18,0.55109142,0.18240420
loto,ml_production,2026-05-19,0.56263687,0.18761099
loto,ml_production,2026-05-20,0.53947790,0.17717260
loto,ml_production,2026-05-21,0.52789926,0.17195374
loto,ml_production,2026-05-22,0.55109192,0.18240434
loto,ml_production,2026-05-23,0.55111166,0.18241156
loto,ml_production,2026-05-24,0.52790405,0.17195549
loto,ml_production,2026-05-25,0.57419877,0.19282381
loto,ml_production,2026-05-26,0.56267904,0.18762624
loto,ml_production,2026-05-27,0.55107458,0.18239808
loto,ml_production,2026-05-28,0.51631499,0.16673279
loto,ml_production,2026-05-29,0.53947559,0.17717173
loto,ml_production,2026-05-30,0.53940934,0.17714765
loto,ml_production,2026-05-31,0.55114017,0.18242192
loto,ml_production,2026-06-01,0.56272658,0.18764365
loto,ml_production,2026-06-02,0.53948041,0.17717352
loto,ml_production,2026-06-03,0.56269560,0.18763238
loto,ml_production,2026-06-04,0.56259441,0.18759555
loto,ml_production,2026-06-05,0.53941402,0.17714936
loto,ml_production,2026-06-06,0.56270501,0.18763577
loto,ml_production,2026-06-07,0.53948456,0.17717506
loto,ml_production,2026-06-08,0.53954233,0.17719602
loto,ml_production,2026-06-09,0.56268671,0.18762914
loto,ml_production,2026-06-10,0.55112662,0.18241699
loto,ml_production,2026-06-11,0.57424519,0.19284068
loto,ml_production,2026-06-12,0.53946386,0.17716752
loto,ml_production,2026-06-13,0.56268223,0.18762749
loto,ml_production,2026-06-14,0.51620817,0.16669393
loto,ml_production,2026-06-15,0.56278716,0.18766560
loto,ml_production,2026-06-16,0.53943998,0.17715884
loto,ml_production,2026-06-17,0.56269469,0.18763205
loto,ml_production,2026-06-18,0.55104063,0.18238571
loto,ml_production,2026-06-19,0.52778713,0.17191292
loto,ml_production,2026-06-20,0.56268599,0.18762888
loto,ml_production,2026-06-21,0.53940706,0.17714682
loto,ml_production,2026-06-22,0.55109670,0.18240609
loto,ml_production,2026-06-23,0.57427226,0.19285054
loto,ml_production,2026-06-24,0.57432825,0.19287089
loto,ml_production,2026-06-25,0.57422446,0.19283315
loto,ml_production,2026-06-26,0.50471698,0.16150685
loto,ml_production,2026-06-27,0.51631717,0.16673358
loto,ml_production,2026-06-28,0.56264710,0.18761472
loto,ml_production,2026-06-29,0.55108991,0.18240370
loto,ml_production,2026-06-30,0.56266162,0.18762004
loto,ml_production,2026-07-01,0.55107411,0.18239789
loto,ml_production,2026-07-02,0.53946410,0.17716759
loto,ml_production,2026-07-03,0.56266648,0.18762172
loto,ml_production,2026-07-04,0.52794642,0.17197088
loto,ml_production,2026-07-05,0.53947369,0.17717108
loto,ml_production,2026-07-06,0.53952867,0.17719111
loto,ml_production,2026-07-07,0.52791175,0.17195826
loto,ml_production,2026-07-08,0.52790394,0.17195542
loto,ml_production,2026-07-09,0.55118622,0.18243863
loto,ml_production,2026-07-10,0.57425954,0.19284590
loto,ml_production,2026-07-11,0.56262344,0.18760613
loto,ml_production,2026-07-12,0.55111001,0.18241093
loto,ml_production,2026-07-13,0.56268376,0.18762812
loto,ml_production,2026-07-14,0.56277358,0.18766069
loto,ml_production,2026-07-15,0.55106951,0.18239621
loto,ml_production,2026-07-16,0.52785293,0.17193688
loto,ml_production,2026-07-17,0.52786834,0.17194250
loto,ml_production,2026-07-18,0.55104857,0.18238860
loto,ml_production,2026-07-19,0.55111966,0.18241444
loto,ml_production,2026-07-20,0.52793885,0.17196816
loto,ml_production,2026-07-21,0.52784577,0.17193428
loto,ml_production,2026-07-22,0.53947116,0.17717016
loto,ml_production,2026-07-23,0.53947459,0.17717141
loto,ml_production,2026-07-24,0.56267002,0.18762305
loto,ml_production,2026-07-25,0.53949753,0.17717974
loto,ml_production,2026-07-26,0.51630258,0.16672828
loto,ml_production,2026-07-27,0.55110710,0.18240993
loto,ml_production,2026-07-28,0.56261474,0.18760292
loto,ml_production,2026-07-29,0.51628427,0.16672162
loto,ml_production,2026-07-30,0.56270461,0.18763563
loto,ml_production,2026-07-31,0.52788062,0.17194695
loto,ml_production,2026-08-01,0.56269462,0.18763200
loto,ml_production,2026-08-02,0.57463740,0.19298648
loto,ml_production,2026-08-03,0.53969665,0.17725324
loto,ml_production,2026-08-04,0.53971870,0.17726137
loto,ml_production,2026-08-05,0.56234620,0.18750336
loto,ml_production,2026-08-06,0.51639677,0.16676296
loto,ml_production,2026-08-07,0.53961399,0.17722253
loto,ml_production,2026-08-08,0.56231259,0.18749179
loto,ml_production,2026-08-09,0.56266982,0.18762298
loto,ml_production,2026-08-10,0.53953043,0.17719176
loto,ml_production,2026-08-11,0.52790557,0.17195601
loto,ml_production,2026-08-12,0.52778667,0.17191248
loto,ml_production,2026-08-13,0.52791763,0.17196051
loto,ml_production,2026-08-14,0.56275621,0.18765432
loto,ml_production,2026-08-15,0.52778312,0.17191158
loto,ml_production,2026-08-16,0.53951213,0.17718506
loto,ml_production,2026-08-17,0.56295935,0.18772900
loto,ml_production,2026-08-18,0.57428242,0.19285568
loto,ml_production,2026-08-19,0.55109056,0.18240400
loto,ml_production,2026-08-20,0.53942220,0.17715227
loto,ml_production,2026-08-21,0.57442376,0.19290555
loto,ml_production,2026-08-22,0.55098892,0.18236730
loto,ml_production,2026-08-23,0.55109771,0.18240665
loto,ml_production,2026-08-24,0.51600629,0.16662092
loto,ml_production,2026-08-25,0.53934064,0.17712287
loto,ml_production,2026-08-26,0.57430569,0.19286291
loto,ml_production,2026-08-27,0.55109102,0.18240399
loto,ml_production,2026-08-28,0.55124587,0.18246005
loto,ml_production,2026-08-29,0.56288179,0.18769998
loto,ml_production,2026-08-30,0.56270824,0.18763705
loto,ml_production,2026-08-31,0.55104665,0.18238808
loto,ml_production,2026-09-01,0.57448720,0.19292835
loto,ml_production,2026-09-02,0.53943320,0.17715627
loto,ml_production,2026-09-03,0.53922993,0.17708251
loto,ml_production,2026-09-04,0.55117806,0.18243540
loto,ml_production,2026-09-05,0.55125228,0.18246251
loto,ml_production,2026-09-06,0.56286460,0.18769368
loto,ml_production,2026-09-07,0.53913541,0.17704846
loto,ml_production,2026-09-08,0.52780317,0.17191885
loto,ml_production,2026-09-09,0.55101660,0.18237712
loto,ml_production,2026-09-10,0.55128479,0.18247417
loto,ml_production,2026-09-11,0.55117090,0.18243296
loto,ml_production,2026-09-12,0.55112265,0.18241554
loto,ml_production,2026-09-13,0.51597006,0.16660776
loto,ml_production,2026-09-14,0.57454821,0.19295061
loto,ml_production,2026-09-15,0.52779311,0.17191516
loto,ml_production,2026-09-16,0.53936549,0.17713181
loto,ml_production,2026-09-17,0.56274146,0.18764898
loto,ml_production,2026-09-18,0.51608387,0.16664884
loto,ml_production,2026-09-19,0.52758923,0.17184134
loto,ml_production,2026-09-20,0.55101389,0.18237615
loto,ml_production,2026-09-21,0.55105483,0.18239088
loto,ml_production,2026-09-22,0.51587440,0.16657315
loto,ml_production,2026-09-23,0.56288936,0.18770292
loto,ml_production,2026-09-24,0.56282799,0.18768053
loto,ml_production,2026-09-25,0.53951279,0.17718533
loto,ml_production,2026-09-26,0.55078675,0.18229472
loto,ml_production,2026-09-27,0.52783884,0.17193321
loto,ml_production,2026-09-28,0.51564528,0.16649099
loto,ml_production,2026-09-29,0.57492706,0.19308550
loto,ml_production,2026-09-30,0.53948397,0.17717478
loto,ml_production,2026-10-01,0.51610411,0.16665621
loto,ml_production,2026-10-02,0.55114639,0.18242404
de,hang_so,2023-12-26,4.60517019,0.99000000
de,hang_so,2023-12-27,4.60517019,0.99000000
de,hang_so,2023-12-28,4.60517019,0.99000000
de,hang_so,2023-12-29,4.60517019,0.99000000
de,hang_so,2023-12-30,4.60517019,0.99000000
de,hang_so,2023-12-31,4.60517019,0.99000000
de,hang_so,2024-01-01,4.60517019,0.99000000
de,hang_so,2024-01-02,4.60517019,0.99000000
de,hang_so,2024-01-03,4.60517019,0.99000000
de,hang_so,2024-01-04,4.60517019,0.99000000
de,hang_so,2024-01-05,4.60517019,0.99000000
de,hang_so,2024-01-06,4.60517019,0.99000000
de,hang_so,2024-01-07,4.60517019,0.99000000
de,hang_so,2024-01-08,4.60517019,0.99000000
de,hang_so,2024-01-09,4.60517019,0.99000000
de,hang_so,2024-01-10,4.60517019,0.99000000
de,hang_so,2024-01-11,4.60517019,0.99000000
de,hang_so,2024-01-12,4.60517019,0.99000000
de,hang_so,2024-01-13,4.60517019,0.99000000
de,hang_so,2024-01-14,4.60517019,0.99000000
de,hang_so,2024-01-15,4.60517019,0.99000000
de,hang_so,2024-01-16,4.60517019,0.99000000
de,hang_so,2024-01-17,4.60517019,0.99000000
de,hang_so,2024-01-18,4.60517019,0.99000000
de,hang_so,2024-01-19,4.60517019,0.99000000
de,hang_so,2024-01-20,4.60517019,0.99000000
de,hang_so,2024-01-21,4.60517019,0.99000000
de,hang_so,2024-01-22,4.60517019,0.99000000
de,hang_so,2024-01-23,4.60517019,0.99000000
de,hang_so,2024-01-24,4.60517019,0.99000000
de,hang_so,2024-01-25,4.60517019,0.99000000
de,hang_so,2024-01-26,4.60517019,0.99000000
de,hang_so,2024-01-27,4.60517019,0.99000000
de,hang_so,2024-01-28,4.60517019,0.99000000
de,hang_so,2024-01-29,4.60517019,0.99000000
de,hang_so,2024-01-30,4.60517019,0.99000000
de,hang_so,2024-01-31,4.60517019,0.99000000
de,hang_so,2024-02-01,4.60517019,0.99000000
de,hang_so,2024-02-02,4.60517019,0.99000000
de,hang_so,2024-02-03,4.60517019,0.99000000
de,hang_so,2024-02-04,4.60517019,0.99000000
de,hang_so,2024-02-05,4.60517019,0.99000000
de,hang_so,2024-02-06,4.60517019,0.99000000
de,hang_so,2024-02-07,4.60517019,0.99000000
de,hang_so,2024-02-08,4.60517019,0.99000000
de,hang_so,2024-02-14,4.60517019,0.99000000
de,hang_so,2024-02-15,4.60517019,0.99000000
de,hang_so,2024-02-16,4.60517019,0.99000000
de,hang_so,2024-02-17,4.60517019,0.99000000
de,hang_so,2024-02-18,4.60517019,0.99000000
de,hang_so,2024-02-19,4.60517019,0.99000000
de,hang_so,2024-02-20,4.60517019,0.99000000
de,hang_so,2024-02-21,4.60517019,0.99000000
de,hang_so,2024-02-22,4.60517019,0.99000000
de,hang_so,2024-02-23,4.60517019,0.99000000
de,hang_so,2024-02-24,4.60517019,0.99000000
de,hang_so,2024-02-25,4.60517019,0.99000000
de,hang_so,2024-02-26,4.60517019,0.99000000
de,hang_so,2024-02-27,4.60517019,0.99000000
de,hang_so,2024-02-28,4.60517019,0.99000000
de,hang_so,2024-02-29,4.60517019,0.99000000
de,hang_so,2024-03-01,4.60517019,0.99000000
de,hang_so,2024-03-02,4.60517019,0.99000000
de,hang_so,2024-03-03,4.60517019,0.99000000
de,hang_so,2024-03-04,4.60517019,0.99000000
de,hang_so,2024-03-05,4.60517019,0.99000000
de,hang_so,2024-03-06,4.60517019,0.99000000
de,hang_so,2024-03-07,4.60517019,0.99000000
de,hang_so,2024-03-08,4.60517019,0.99000000
de,hang_so,2024-03-09,4.60517019,0.99000000
de,hang_so,2024-03-10,4.60517019,0.99000000
de,hang_so,2024-03-11,4.60517019,0.99000000
de,hang_so,2024-03-12,4.60517019,0.99000000
de,hang_so,2024-03-13,4.60517019,0.99000000
de,hang_so,2024-03-14,4.60517019,0.99000000
de,hang_so,2024-03-15,4.60517019,0.99000000
de,hang_so,2024-03-16,4.60517019,0.99000000
de,hang_so,2024-03-17,4.60517019,0.99000000
de,hang_so,2024-03-18,4.60517019,0.99000000
de,hang_so,2024-03-19,4.60517019,0.99000000
de,hang_so,2024-03-20,4.60517019,0.99000000
de,hang_so,2024-03-21,4.60517019,0.99000000
de,hang_so,2024-03-22,4.60517019,0.99000000
de,hang_so,2024-03-23,4.60517019,0.99000000
de,hang_so,2024-03-24,4.60517019,0.99000000
de,hang_so,2024-03-25,4.60517019,0.99000000
de,hang_so,2024-03-26,4.60517019,0.99000000
de,hang_so,2024-03-27,4.60517019,0.99000000
de,hang_so,2024-03-28,4.60517019,0.99000000
de,hang_so,2024-03-29,4.60517019,0.99000000
de,hang_so,2024-03-30,4.60517019,0.99000000
de,hang_so,2024-03-31,4.60517019,0.99000000
de,hang_so,2024-04-01,4.60517019,0.99000000
de,hang_so,2024-04-02,4.60517019,0.99000000
de,hang_so,2024-04-03,4.60517019,0.99000000
de,hang_so,2024-04-04,4.60517019,0.99000000
de,hang_so,2024-04-05,4.60517019,0.99000000
de,hang_so,2024-04-06,4.60517019,0.99000000
de,hang_so,2024-04-07,4.60517019,0.99000000
de,hang_so,2024-04-08,4.60517019,0.99000000
de,hang_so,2024-04-09,4.60517019,0.99000000
de,hang_so,2024-04-10,4.60517019,0.99000000
de,hang_so,2024-04-11,4.60517019,0.99000000
de,hang_so,2024-04-12,4.60517019,0.99000000
de,hang_so,2024-04-13,4.60517019,0.99000000
de,hang_so,2024-04-14,4.60517019,0.99000000
de,hang_so,2024-04-15,4.60517019,0.99000000
de,hang_so,2024-04-16,4.60517019,0.99000000
de,hang_so,2024-04-17,4.60517019,0.99000000
de,hang_so,2024-04-18,4.60517019,0.99000000
de,hang_so,2024-04-19,4.60517019,0.99000000
de,hang_so,2024-04-20,4.60517019,0.99000000
de,hang_so,2024-04-21,4.60517019,0.99000000
de,hang_so,2024-04-22,4.60517019,0.99000000
de,hang_so,2024-04-23,4.60517019,0.99000000
de,hang_so,2024-04-24,4.60517019,0.99000000
de,hang_so,2024-04-25,4.60517019,0.99000000
de,hang_so,2024-04-26,4.60517019,0.99000000
de,hang_so,2024-04-27,4.60517019,0.99000000
de,hang_so,2024-04-28,4.60517019,0.99000000
de,hang_so,2024-04-29,4.60517019,0.99000000
de,hang_so,2024-04-30,4.60517019,0.99000000
de,hang_so,2024-05-01,4.60517019,0.99000000
de,hang_so,2024-05-02,4.60517019,0.99000000
de,hang_so,2024-05-03,4.60517019,0.99000000
de,hang_so,2024-05-04,4.60517019,0.99000000
de,hang_so,2024-05-05,4.60517019,0.99000000
de,hang_so,2024-05-06,4.60517019,0.99000000
de,hang_so,2024-05-07,4.60517019,0.99000000
de,hang_so,2024-05-08,4.60517019,0.99000000
de,hang_so,2024-05-09,4.60517019,0.99000000
de,hang_so,2024-05-10,4.60517019,0.99000000
de,hang_so,2024-05-11,4.60517019,0.99000000
de,hang_so,2024-05-12,4.60517019,0.99000000
de,hang_so,2024-05-13,4.60517019,0.99000000
de,hang_so,2024-05-14,4.60517019,0.99000000
de,hang_so,2024-05-15,4.60517019,0.99000000
de,hang_so,2024-05-16,4.60517019,0.99000000
de,hang_so,2024-05-17,4.60517019,0.99000000
de,hang_so,2024-05-18,4.60517019,0.99000000
de,hang_so,2024-05-19,4.60517019,0.99000000
de,hang_so,2024-05-20,4.60517019,0.99000000
de,hang_so,2024-05-21,4.60517019,0.99000000
de,hang_so,2024-05-22,4.60517019,0.99000000
de,hang_so,2024-05-23,4.60517019,0.99000000
de,hang_so,2024-05-24,4.60517019,0.99000000
de,hang_so,2024-05-25,4.60517019,0.99000000
de,hang_so,2024-05-26,4.60517019,0.99000000
de,hang_so,2024-05-27,4.60517019,0.99000000
de,hang_so,2024-05-28,4.60517019,0.99000000
de,hang_so,2024-05-29,4.60517019,0.99000000
de,hang_so,2024-05-30,4.60517019,0.99000000
de,hang_so,2024-05-31,4.60517019,0.99000000
de,hang_so,2024-06-01,4.60517019,0.99000000
de,hang_so,2024-06-02,4.60517019,0.99000000
de,hang_so,2024-06-03,4.60517019,0.99000000
de,hang_so,2024-06-04,4.60517019,0.99000000
de,hang_so,2024-06-05,4.60517019,0.99000000
de,hang_so,2024-06-06,4.60517019,0.99000000
de,hang_so,2024-06-07,4.60517019,0.99000000
de,hang_so,2024-06-08,4.60517019,0.99000000
de,hang_so,2024-06-09,4.60517019,0.99000000
de,hang_so,2024-06-10,4.60517019,0.99000000
de,hang_so,2024-06-11,4.60517019,0.99000000
de,hang_so,2024-06-12,4.60517019,0.99000000
de,hang_so,2024-06-13,4.60517019,0.99000000
de,hang_so,2024-06-14,4.60517019,0.99000000
de,hang_so,2024-06-15,4.60517019,0.99000000
de,hang_so,2024-06-16,4.60517019,0.99000000
de,hang_so,2024-06-17,4.60517019,0.99000000
de,hang_so,2024-06-18,4.60517019,0.99000000
de,hang_so,2024-06-19,4.60517019,0.99000000
de,hang_so,2024-06-20,4.60517019,0.99000000
de,hang_so,2024-06-21,4.60517019,0.99000000
de,hang_so,2024-06-22,4.60517019,0.99000000
de,hang_so,2024-06-23,4.60517019,0.99000000
de,hang_so,2024-06-24,4.60517019,0.99000000
de,hang_so,2024-06-25,4.60517019,0.99000000
de,hang_so,2024-06-26,4.60517019,0.99000000
de,hang_so,2024-06-27,4.60517019,0.99000000
de,hang_so,2024-06-28,4.60517019,0.99000000
de,hang_so,2024-06-29,4.60517019,0.99000000
de,hang_so,2024-06-30,4.60517019,0.99000000
de,hang_so,2024-07-01,4.60517019,0.99000000
de,hang_so,2024-07-02,4.60517019,0.99000000
de,hang_so,2024-07-03,4.60517019,0.99000000
de,hang_so,2024-07-04,4.60517019,0.99000000
de,hang_so,2024-07-05,4.60517019,0.99000000
de,hang_so,2024-07-06,4.60517019,0.99000000
de,hang_so,2024-07-07,4.60517019,0.99000000
de,hang_so,2024-07-08,4.60517019,0.99000000
de,hang_so,2024-07-09,4.60517019,0.99000000
de,hang_so,2024-07-10,4.60517019,0.99000000
de,hang_so,2024-07-11,4.60517019,0.99000000
de,hang_so,2024-07-12,4.60517019,0.99000000
de,hang_so,2024-07-13,4.60517019,0.99000000
de,hang_so,2024-07-14,4.60517019,0.99000000
de,hang_so,2024-07-15,4.60517019,0.99000000
de,hang_so,2024-07-16,4.60517019,0.99000000
de,hang_so,2024-07-17,4.60517019,0.99000000
de,hang_so,2024-07-18,4.60517019,0.99000000
de,hang_so,2024-07-19,4.60517019,0.99000000
de,hang_so,2024-07-20,4.60517019,0.99000000
de,hang_so,2024-07-21,4.60517019,0.99000000
de,hang_so,2024-07-22,4.60517019,0.99000000
de,hang_so,2024-07-23,4.60517019,0.99000000
de,hang_so,2024-07-24,4.60517019,0.99000000
de,hang_so,2024-07-25,4.60517019,0.99000000
de,hang_so,2024-07-26,4.60517019,0.99000000
de,hang_so,2024-07-27,4.60517019,0.99000000
de,hang_so,2024-07-28,4.60517019,0.99000000
de,hang_so,2024-07-29,4.60517019,0.99000000
de,hang_so,2024-07-30,4.60517019,0.99000000
de,hang_so,2024-07-31,4.60517019,0.99000000
de,hang_so,2024-08-01,4.60517019,0.99000000
de,hang_so,2024-08-02,4.60517019,0.99000000
de,hang_so,2024-08-03,4.60517019,0.99000000
de,hang_so,2024-08-04,4.60517019,0.99000000
de,hang_so,2024-08-05,4.60517019,0.99000000
de,hang_so,2024-08-06,4.60517019,0.99000000
de,hang_so,2024-08-07,4.60517019,0.99000000
de,hang_so,2024-08-08,4.60517019,0.99000000
de,hang_so,2024-08-09,4.60517019,0.99000000
de,hang_so,2024-08-10,4.60517019,0.99000000
de,hang_so,2024-08-11,4.60517019,0.99000000
de,hang_so,2024-08-12,4.60517019,0.99000000
de,hang_so,2024-08-13,4.60517019,0.99000000
de,hang_so,2024-08-14,4.60517019,0.99000000
de,hang_so,2024-08-15,4.60517019,0.99000000
de,hang_so,2024-08-16,4.60517019,0.99000000
de,hang_so,2024-08-17,4.60517019,0.99000000
de,hang_so,2024-08-18,4.60517019,0.99000000
de,hang_so,2024-08-19,4.60517019,0.99000000
de,hang_so,2024-08-20,4.60517019,0.99000000
de,hang_so,2024-08-21,4.60517019,0.99000000
de,hang_so,2024-08-22,4.60517019,0.99000000
de,hang_so,2024-08-23,4.60517019,0.99000000
de,hang_so,2024-08-24,4.60517019,0.99000000
de,hang_so,2024-08-25,4.60517019,0.99000000
de,hang_so,2024-08-26,4.60517019,0.99000000
de,hang_so,2024-08-27,4.60517019,0.99000000
de,hang_so,2024-08-28,4.60517019,0.99000000
de,hang_so,2024-08-29,4.60517019,0.99000000
de,hang_so,2024-08-30,4.60517019,0.99000000
de,hang_so,2024-08-31,4.60517019,0.99000000
de,hang_so,2024-09-01,4.60517019,0.99000000
de,hang_so,2024-09-02,4.60517019,0.99000000
de,hang_so,2024-09-03,4.60517019,0.99000000
de,hang_so,2024-09-04,4.60517019,0.99000000
de,hang_so,2024-09-05,4.60517019,0.99000000
de,hang_so,2024-09-06,4.60517019,0.99000000
de,hang_so,2024-09-07,4.60517019,0.99000000
de,hang_so,2024-09-08,4.60517019,0.99000000
de,hang_so,2024-09-09,4.60517019,0.99000000
de,hang_so,2024-09-10,4.60517019,0.99000000
de,hang_so,2024-09-11,4.60517019,0.99000000
de,hang_so,2024-09-12,4.60517019,0.99000000
de,hang_so,2024-09-13,4.60517019,0.99000000
de,hang_so,2024-09-14,4.60517019,0.99000000
de,hang_so,2024-09-15,4.60517019,0.99000000
de,hang_so,2024-09-16,4.60517019,0.99000000
de,hang_so,2024-09-17,4.60517019,0.99000000
de,hang_so,2024-09-18,4.60517019,0.99000000
de,hang_so,2024-09-19,4.60517019,0.99000000
de,hang_so,2024-09-20,4.60517019,0.99000000
de,hang_so,2024-09-21,4.60517019,0.99000000
de,hang_so,2024-09-22,4.60517019,0.99000000
de,hang_so,2024-09-23,4.60517019,0.99000000
de,hang_so,2024-09-24,4.60517019,0.99000000
de,hang_so,2024-09-25,4.60517019,0.99000000
de,hang_so,2024-09-26,4.60517019,0.99000000
de,hang_so,2024-09-27,4.60517019,0.99000000
de,hang_so,2024-09-28,4.60517019,0.99000000
de,hang_so,2024-09-29,4.60517019,0.99000000
de,hang_so,2024-09-30,4.60517019,0.99000000
de,hang_so,2024-10-01,4.60517019,0.99000000
de,hang_so,2024-10-02,4.60517019,0.99000000
de,hang_so,2024-10-03,4.60517019,0.99000000
de,hang_so,2024-10-04,4.60517019,0.99000000
de,hang_so,2024-10-05,4.60517019,0.99000000
de,hang_so,2024-10-06,4.60517019,0.99000000
de,hang_so,2024-10-07,4.60517019,0.99000000
de,hang_so,2024-10-08,4.60517019,0.99000000
de,hang_so,2024-10-09,4.60517019,0.99000000
de,hang_so,2024-10-10,4.60517019,0.99000000
de,hang_so,2024-10-11,4.60517019,0.99000000
de,hang_so,2024-10-12,4.60517019,0.99000000
de,hang_so,2024-10-13,4.60517019,0.99000000
de,hang_so,2024-10-14,4.60517019,0.99000000
de,hang_so,2024-10-15,4.60517019,0.99000000
de,hang_so,2024-10-16,4.60517019,0.99000000
de,hang_so,2024-10-17,4.60517019,0.99000000
de,hang_so,2024-10-18,4.60517019,0.99000000
de,hang_so,2024-10-19,4.60517019,0.99000000
de,hang_so,2024-10-20,4.60517019,0.99000000
de,hang_so,2024-10-21,4.60517019,0.99000000
de,hang_so,2024-10-22,4.60517019,0.99000000
de,hang_so,2024-10-23,4.60517019,0.99000000
de,hang_so,2024-10-24,4.60517019,0.99000000
de,hang_so,2024-10-25,4.60517019,0.99000000
de,hang_so,2024-10-26,4.60517019,0.99000000
de,hang_so,2024-10-27,4.60517019,0.99000000
de,hang_so,2024-10-28,4.60517019,0.99000000
de,hang_so,2024-10-29,4.60517019,0.99000000
de,hang_so,2024-10-30,4.60517019,0.99000000
de,hang_so,2024-10-31,4.60517019,0.99000000
de,hang_so,2024-11-01,4.60517019,0.99000000
de,hang_so,2024-11-02,4.60517019,0.99000000
de,hang_so,2024-11-03,4.60517019,0.99000000
de,hang_so,2024-11-04,4.60517019,0.99000000
de,hang_so,2024-11-05,4.60517019,0.99000000
de,hang_so,2024-11-06,4.60517019,0.99000000
de,hang_so,2024-11-07,4.60517019,0.99000000
de,hang_so,2024-11-08,4.60517019,0.99000000
de,hang_so,2024-11-09,4.60517019,0.99000000
de,hang_so,2024-11-10,4.60517019,0.99000000
de,hang_so,2024-11-11,4.60517019,0.99000000
de,hang_so,2024-11-12,4.60517019,0.99000000
de,hang_so,2024-11-13,4.60517019,0.99000000
de,hang_so,2024-11-14,4.60517019,0.99000000
de,hang_so,2024-11-15,4.60517019,0.99000000
de,hang_so,2024-11-16,4.60517019,0.99000000
de,hang_so,2024-11-17,4.60517019,0.99000000
de,hang_so,2024-11-18,4.60517019,0.99000000
de,hang_so,2024-11-19,4.60517019,0.99000000
de,hang_so,2024-11-20,4.60517019,0.99000000
de,hang_so,2024-11-21,4.60517019,0.99000000
de,hang_so,2024-11-22,4.60517019,0.99000000
de,hang_so,2024-11-23,4.60517019,0.99000000
de,hang_so,2024-11-24,4.60517019,0.99000000
de,hang_so,2024-11-25,4.60517019,0.99000000
de,hang_so,2024-11-26,4.60517019,0.99000000
de,hang_so,2024-11-27,4.60517019,0.99000000
de,hang_so,2024-11-28,4.60517019,0.99000000
de,hang_so,2024-11-29,4.60517019,0.99000000
de,hang_so,2024-11-30,4.60517019,0.99000000
de,hang_so,2024-12-01,4.60517019,0.99000000
de,hang_so,2024-12-02,4.60517019,0.99000000
de,hang_so,2024-12-03,4.60517019,0.99000000
de,hang_so,2024-12-04,4.60517019,0.99000000
de,hang_so,2024-12-05,4.60517019,0.99000000
de,hang_so,2024-12-06,4.60517019,0.99000000
de,hang_so,2024-12-07,4.60517019,0.99000000
de,hang_so,2024-12-08,4.60517019,0.99000000
de,hang_so,2024-12-09,4.60517019,0.99000000
de,hang_so,2024-12-10,4.60517019,0.99000000
de,hang_so,2024-12-11,4.60517019,0.99000000
de,hang_so,2024-12-12,4.60517019,0.99000000
de,hang_so,2024-12-13,4.60517019,0.99000000
de,hang_so,2024-12-14,4.60517019,0.99000000
de,hang_so,2024-12-15,4.60517019,0.99000000
de,hang_so,2024-12-16,4.60517019,0.99000000
de,hang_so,2024-12-17,4.60517019,0.99000000
de,hang_so,2024-12-18,4.60517019,0.99000000
de,hang_so,2024-12-19,4.60517019,0.99000000
de,hang_so,2024-12-20,4.60517019,0.99000000
de,hang_so,2024-12-21,4.60517019,0.99000000
de,hang_so,2024-12-22,4.60517019,0.99000000
de,hang_so,2024-12-23,4.60517019,0.99000000
de,hang_so,2024-12-24,4.60517019,0.99000000
de,hang_so,2024-12-25,4.60517019,0.99000000
de,hang_so,2024-12-26,4.60517019,0.99000000
de,hang_so,2024-12-27,4.60517019,0.99000000
de,hang_so,2024-12-28,4.60517019,0.99000000
de,hang_so,2024-12-29,4.60517019,0.99000000
de,hang_so,2024-12-30,4.60517019,0.99000000
de,hang_so,2024-12-31,4.60517019,0.99000000
de,hang_so,2025-01-01,4.60517019,0.99000000
de,hang_so,2025-01-02,4.60517019,0.99000000
de,hang_so,2025-01-03,4.60517019,0.99000000
de,hang_so,2025-01-04,4.60517019,0.99000000
de,hang_so,2025-01-05,4.60517019,0.99000000
de,hang_so,2025-01-06,4.60517019,0.99000000
de,hang_so,2025-01-07,4.60517019,0.99000000
de,hang_so,2025-01-08,4.60517019,0.99000000
de,hang_so,2025-01-09,4.60517019,0.99000000
de,hang_so,2025-01-10,4.60517019,0.99000000
de,hang_so,2025-01-11,4.60517019,0.99000000
de,hang_so,2025-01-12,4.60517019,0.99000000
de,hang_so,2025-01-13,4.60517019,0.99000000
de,hang_so,2025-01-14,4.60517019,0.99000000
de,hang_so,2025-01-15,4.60517019,0.99000000
de,hang_so,2025-01-16,4.60517019,0.99000000
de,hang_so,2025-01-17,4.60517019,0.99000000
de,hang_so,2025-01-18,4.60517019,0.99000000
de,hang_so,2025-01-19,4.60517019,0.99000000
de,hang_so,2025-01-20,4.60517019,0.99000000
de,hang_so,2025-01-21,4.60517019,0.99000000
de,hang_so,2025-01-22,4.60517019,0.99000000
de,hang_so,2025-01-23,4.60517019,0.99000000
de,hang_so,2025-01-24,4.60517019,0.99000000
de,hang_so,2025-01-25,4.60517019,0.99000000
de,hang_so,2025-01-26,4.60517019,0.99000000
de,hang_so,2025-01-27,4.60517019,0.99000000
de,hang_so,2025-02-02,4.60517019,0.99000000
de,hang_so,2025-02-03,4.60517019,0.99000000
de,hang_so,2025-02-04,4.60517019,0.99000000
de,hang_so,2025-02-05,4.60517019,0.99000000
de,hang_so,2025-02-06,4.60517019,0.99000000
de,hang_so,2025-02-07,4.60517019,0.99000000
de,hang_so,2025-02-08,4.60517019,0.99000000
de,hang_so,2025-02-09,4.60517019,0.99000000
de,hang_so,2025-02-10,4.60517019,0.99000000
de,hang_so,2025-02-11,4.60517019,0.99000000
de,hang_so,2025-02-12,4.60517019,0.99000000
de,hang_so,2025-02-13,4.60517019,0.99000000
de,hang_so,2025-02-14,4.60517019,0.99000000
de,hang_so,2025-02-15,4.60517019,0.99000000
de,hang_so,2025-02-16,4.60517019,0.99000000
de,hang_so,2025-02-17,4.60517019,0.99000000
de,hang_so,2025-02-18,4.60517019,0.99000000
de,hang_so,2025-02-19,4.60517019,0.99000000
de,hang_so,2025-02-20,4.60517019,0.99000000
de,hang_so,2025-02-21,4.60517019,0.99000000
de,hang_so,2025-02-22,4.60517019,0.99000000
de,hang_so,2025-02-23,4.60517019,0.99000000
de,hang_so,2025-02-24,4.60517019,0.99000000
de,hang_so,2025-02-25,4.60517019,0.99000000
de,hang_so,2025-02-26,4.60517019,0.99000000
de,hang_so,2025-02-27,4.60517019,0.99000000
de,hang_so,2025-02-28,4.60517019,0.99000000
de,hang_so,2025-03-01,4.60517019,0.99000000
de,hang_so,2025-03-02,4.60517019,0.99000000
de,hang_so,2025-03-03,4.60517019,0.99000000
de,hang_so,2025-03-04,4.60517019,0.99000000
de,hang_so,2025-03-05,4.60517019,0.99000000
de,hang_so,2025-03-06,4.60517019,0.99000000
de,hang_so,2025-03-07,4.60517019,0.99000000
de,hang_so,2025-03-08,4.60517019,0.99000000
de,hang_so,2025-03-09,4.60517019,0.99000000
de,hang_so,2025-03-10,4.60517019,0.99000000
de,hang_so,2025-03-11,4.60517019,0.99000000
de,hang_so,2025-03-12,4.60517019,0.99000000
de,hang_so,2025-03-13,4.60517019,0.99000000
de,hang_so,2025-03-14,4.60517019,0.99000000
de,hang_so,2025-03-15,4.60517019,0.99000000
de,hang_so,2025-03-16,4.60517019,0.99000000
de,hang_so,2025-03-17,4.60517019,0.99000000
de,hang_so,2025-03-18,4.60517019,0.99000000
de,hang_so,2025-03-19,4.60517019,0.99000000
de,hang_so,2025-03-20,4.60517019,0.99000000
de,hang_so,2025-03-21,4.60517019,0.99000000
de,hang_so,2025-03-22,4.60517019,0.99000000
de,hang_so,2025-03-23,4.60517019,0.99000000
de,hang_so,2025-03-24,4.60517019,0.99000000
de,hang_so,2025-03-25,4.60517019,0.99000000
de,hang_so,2025-03-26,4.60517019,0.99000000
de,hang_so,2025-03-27,4.60517019,0.99000000
de,hang_so,2025-03-28,4.60517019,0.99000000
de,hang_so,2025-03-29,4.60517019,0.99000000
de,hang_so,2025-03-30,4.60517019,0.99000000
de,hang_so,2025-03-31,4.60517019,0.99000000
de,hang_so,2025-04-01,4.60517019,0.99000000
de,hang_so,2025-04-02,4.60517019,0.99000000
de,hang_so,2025-04-03,4.60517019,0.99000000
de,hang_so,2025-04-04,4.60517019,0.99000000
de,hang_so,2025-04-05,4.60517019,0.99000000
de,hang_so,2025-04-06,4.60517019,0.99000000
de,hang_so,2025-04-07,4.60517019,0.99000000
de,hang_so,2025-04-08,4.60517019,0.99000000
de,hang_so,2025-04-09,4.60517019,0.99000000
de,hang_so,2025-04-10,4.60517019,0.99000000
de,hang_so,2025-04-11,4.60517019,0.99000000
de,hang_so,2025-04-12,4.60517019,0.99000000
de,hang_so,2025-04-13,4.60517019,0.99000000
de,hang_so,2025-04-14,4.60517019,0.99000000
de,hang_so,2025-04-15,4.60517019,0.99000000
de,hang_so,2025-04-16,4.60517019,0.99000000
de,hang_so,2025-04-17,4.60517019,0.99000000
de,hang_so,2025-04-18,4.60517019,0.99000000
de,hang_so,2025-04-19,4.60517019,0.99000000
de,hang_so,2025-04-20,4.60517019,0.99000000
de,hang_so,2025-04-21,4.60517019,0.99000000
de,hang_so,2025-04-22,4.60517019,0.99000000
de,hang_so,2025-04-23,4.60517019,0.99000000
de,hang_so,2025-04-24,4.60517019,0.99000000
de,hang_so,2025-04-25,4.60517019,0.99000000
de,hang_so,2025-04-26,4.60517019,0.99000000
de,hang_so,2025-04-27,4.60517019,0.99000000
de,hang_so,2025-04-28,4.60517019,0.99000000
de,hang_so,2025-04-29,4.60517019,0.99000000
de,hang_so,2025-04-30,4.60517019,0.99000000
de,hang_so,2025-05-01,4.60517019,0.99000000
de,hang_so,2025-05-02,4.60517019,0.99000000
de,hang_so,2025-05-03,4.60517019,0.99000000
de,hang_so,2025-05-04,4.60517019,0.99000000
de,hang_so,2025-05-05,4.60517019,0.99000000
de,hang_so,2025-05-06,4.60517019,0.99000000
de,hang_so,2025-05-07,4.60517019,0.99000000
de,hang_so,2025-05-08,4.60517019,0.99000000
de,hang_so,2025-05-09,4.60517019,0.99000000
de,hang_so,2025-05-10,4.60517019,0.99000000
de,hang_so,2025-05-11,4.60517019,0.99000000
de,hang_so,2025-05-12,4.60517019,0.99000000
de,hang_so,2025-05-13,4.60517019,0.99000000
de,hang_so,2025-05-14,4.60517019,0.99000000
de,hang_so,2025-05-15,4.60517019,0.99000000
de,hang_so,2025-05-16,4.60517019,0.99000000
de,hang_so,2025-05-17,4.60517019,0.99000000
de,hang_so,2025-05-18,4.60517019,0.99000000
de,hang_so,2025-05-19,4.60517019,0.99000000
de,hang_so,2025-05-20,4.60517019,0.99000000
de,hang_so,2025-05-21,4.60517019,0.99000000
de,hang_so,2025-05-22,4.60517019,0.99000000
de,hang_so,2025-05-23,4.60517019,0.99000000
de,hang_so,2025-05-24,4.60517019,0.99000000
de,hang_so,2025-05-25,4.60517019,0.99000000
de,hang_so,2025-05-26,4.60517019,0.99000000
de,hang_so,2025-05-27,4.60517019,0.99000000
de,hang_so,2025-05-28,4.60517019,0.99000000
de,hang_so,2025-05-29,4.60517019,0.99000000
de,hang_so,2025-05-30,4.60517019,0.99000000
de,hang_so,2025-05-31,4.60517019,0.99000000
de,hang_so,2025-06-01,4.60517019,0.99000000
de,hang_so,2025-06-02,4.60517019,0.99000000
de,hang_so,2025-06-03,4.60517019,0.99000000
de,hang_so,2025-06-04,4.60517019,0.99000000
de,hang_so,2025-06-05,4.60517019,0.99000000
de,hang_so,2025-06-06,4.60517019,0.99000000
de,hang_so,2025-06-07,4.60517019,0.99000000
de,hang_so,2025-06-08,4.60517019,0.99000000
de,hang_so,2025-06-09,4.60517019,0.99000000
de,hang_so,2025-06-10,4.60517019,0.99000000
de,hang_so,2025-06-11,4.60517019,0.99000000
de,hang_so,2025-06-12,4.60517019,0.99000000
de,hang_so,2025-06-13,4.60517019,0.99000000
de,hang_so,2025-06-14,4.60517019,0.99000000
de,hang_so,2025-06-15,4.60517019,0.99000000
de,hang_so,2025-06-16,4.60517019,0.99000000
de,hang_so,2025-06-17,4.60517019,0.99000000
de,hang_so,2025-06-18,4.60517019,0.99000000
de,hang_so,2025-06-19,4.60517019,0.99000000
de,hang_so,2025-06-20,4.60517019,0.99000000
de,hang_so,2025-06-21,4.60517019,0.99000000
de,hang_so,2025-06-22,4.60517019,0.99000000
de,hang_so,2025-06-23,4.60517019,0.99000000
de,hang_so,2025-06-24,4.60517019,0.99000000
de,hang_so,2025-06-25,4.60517019,0.99000000
de,hang_so,2025-06-26,4.60517019,0.99000000
de,hang_so,2025-06-27,4.60517019,0.99000000
de,hang_so,2025-06-28,4.60517019,0.99000000
de,hang_so,2025-06-29,4.60517019,0.99000000
de,hang_so,2025-06-30,4.60517019,0.99000000
de,hang_so,2025-07-01,4.60517019,0.99000000
de,hang_so,2025-07-02,4.60517019,0.99000000
de,hang_so,2025-07-03,4.60517019,0.99000000
de,hang_so,2025-07-04,4.60517019,0.99000000
de,hang_so,2025-07-05,4.60517019,0.99000000
de,hang_so,2025-07-06,4.60517019,0.99000000
de,hang_so,2025-07-07,4.60517019,0.99000000
de,hang_so,2025-07-08,4.60517019,0.99000000
de,hang_so,2025-07-09,4.60517019,0.99000000
de,hang_so,2025-07-10,4.60517019,0.99000000
de,hang_so,2025-07-11,4.60517019,0.99000000
de,hang_so,2025-07-12,4.60517019,0.99000000
de,hang_so,2025-07-13,4.60517019,0.99000000
de,hang_so,2025-07-14,4.60517019,0.99000000
de,hang_so,2025-07-15,4.60517019,0.99000000
de,hang_so,2025-07-16,4.60517019,0.99000000
de,hang_so,2025-07-17,4.60517019,0.99000000
de,hang_so,2025-07-18,4.60517019,0.99000000
de,hang_so,2025-07-19,4.60517019,0.99000000
de,hang_so,2025-07-20,4.60517019,0.99000000
de,hang_so,2025-07-21,4.60517019,0.99000000
de,hang_so,2025-07-22,4.60517019,0.99000000
de,hang_so,2025-07-23,4.60517019,0.99000000
de,hang_so,2025-07-24,4.60517019,0.99000000
de,hang_so,2025-07-25,4.60517019,0.99000000
de,hang_so,2025-07-26,4.60517019,0.99000000
de,hang_so,2025-07-27,4.60517019,0.99000000
de,hang_so,2025-07-28,4.60517019,0.99000000
de,hang_so,2025-07-29,4.60517019,0.99000000
de,hang_so,2025-07-30,4.60517019,0.99000000
de,hang_so,2025-07-31,4.60517019,0.99000000
de,hang_so,2025-08-01,4.60517019,0.99000000
de,hang_so,2025-08-02,4.60517019,0.99000000
de,hang_so,2025-08-03,4.60517019,0.99000000
de,hang_so,2025-08-04,4.60517019,0.99000000
de,hang_so,2025-08-05,4.60517019,0.99000000
de,hang_so,2025-08-06,4.60517019,0.99000000
de,hang_so,2025-08-07,4.60517019,0.99000000
de,hang_so,2025-08-08,4.60517019,0.99000000
de,hang_so,2025-08-09,4.60517019,0.99000000
de,hang_so,2025-08-10,4.60517019,0.99000000
de,hang_so,2025-08-11,4.60517019,0.99000000
de,hang_so,2025-08-12,4.60517019,0.99000000
de,hang_so,2025-08-13,4.60517019,0.99000000
de,hang_so,2025-08-14,4.60517019,0.99000000
de,hang_so,2025-08-15,4.60517019,0.99000000
de,hang_so,2025-08-16,4.60517019,0.99000000
de,hang_so,2025-08-17,4.60517019,0.99000000
de,hang_so,2025-08-18,4.60517019,0.99000000
de,hang_so,2025-08-19,4.60517019,0.99000000
de,hang_so,2025-08-20,4.60517019,0.99000000
de,hang_so,2025-08-21,4.60517019,0.99000000
de,hang_so,2025-08-22,4.60517019,0.99000000
de,hang_so,2025-08-23,4.60517019,0.99000000
de,hang_so,2025-08-24,4.60517019,0.99000000
de,hang_so,2025-08-25,4.60517019,0.99000000
de,hang_so,2025-08-26,4.60517019,0.99000000
de,hang_so,2025-08-27,4.60517019,0.99000000
de,hang_so,2025-08-28,4.60517019,0.99000000
de,hang_so,2025-08-29,4.60517019,0.99000000
de,hang_so,2025-08-30,4.60517019,0.99000000
de,hang_so,2025-08-31,4.60517019,0.99000000
de,hang_so,2025-09-01,4.60517019,0.99000000
de,hang_so,2025-09-02,4.60517019,0.99000000
de,hang_so,2025-09-03,4.60517019,0.99000000
de,hang_so,2025-09-04,4.60517019,0.99000000
de,hang_so,2025-09-05,4.60517019,0.99000000
de,hang_so,2025-09-06,4.60517019,0.99000000
de,hang_so,2025-09-07,4.60517019,0.99000000
de,hang_so,2025-09-08,4.60517019,0.99000000
de,hang_so,2025-09-09,4.60517019,0.99000000
de,hang_so,2025-09-10,4.60517019,0.99000000
de,hang_so,2025-09-11,4.60517019,0.99000000
de,hang_so,2025-09-12,4.60517019,0.99000000
de,hang_so,2025-09-13,4.60517019,0.99000000
de,hang_so,2025-09-14,4.60517019,0.99000000
de,hang_so,2025-09-15,4.60517019,0.99000000
de,hang_so,2025-09-16,4.60517019,0.99000000
de,hang_so,2025-09-17,4.60517019,0.99000000
de,hang_so,2025-09-18,4.60517019,0.99000000
de,hang_so,2025-09-19,4.60517019,0.99000000
de,hang_so,2025-09-20,4.60517019,0.99000000
de,hang_so,2025-09-21,4.60517019,0.99000000
de,hang_so,2025-09-22,4.60517019,0.99000000
de,hang_so,2025-09-23,4.60517019,0.99000000
de,hang_so,2025-09-24,4.60517019,0.99000000
de,hang_so,2025-09-25,4.60517019,0.99000000
de,hang_so,2025-09-26,4.60517019,0.99000000
de,hang_so,2025-09-27,4.60517019,0.99000000
de,hang_so,2025-09-28,4.60517019,0.99000000
de,hang_so,2025-09-29,4.60517019,0.99000000
de,hang_so,2025-09-30,4.60517019,0.99000000
de,hang_so,2025-10-01,4.60517019,0.99000000
de,hang_so,2025-10-02,4.60517019,0.99000000
de,hang_so,2025-10-03,4.60517019,0.99000000
de,hang_so,2025-10-04,4.60517019,0.99000000
de,hang_so,2025-10-05,4.60517019,0.99000000
de,hang_so,2025-10-06,4.60517019,0.99000000
de,hang_so,2025-10-07,4.60517019,0.99000000
de,hang_so,2025-10-08,4.60517019,0.99000000
de,hang_so,2025-10-09,4.60517019,0.99000000
de,hang_so,2025-10-10,4.60517019,0.99000000
de,hang_so,2025-10-11,4.60517019,0.99000000
de,hang_so,2025-10-12,4.60517019,0.99000000
de,hang_so,2025-10-13,4.60517019,0.99000000
de,hang_so,2025-10-14,4.60517019,0.99000000
de,hang_so,2025-10-15,4.60517019,0.99000000
de,hang_so,2025-10-16,4.60517019,0.99000000
de,hang_so,2025-10-17,4.60517019,0.99000000
de,hang_so,2025-10-18,4.60517019,0.99000000
de,hang_so,2025-10-19,4.60517019,0.99000000
de,hang_so,2025-10-20,4.60517019,0.99000000
de,hang_so,2025-10-21,4.60517019,0.99000000
de,hang_so,2025-10-22,4.60517019,0.99000000
de,hang_so,2025-10-23,4.60517019,0.99000000
de,hang_so,2025-10-24,4.60517019,0.99000000
de,hang_so,2025-10-25,4.60517019,0.99000000
de,hang_so,2025-10-26,4.60517019,0.99000000
de,hang_so,2025-10-27,4.60517019,0.99000000
de,hang_so,2025-10-28,4.60517019,0.99000000
de,hang_so,2025-10-29,4.60517019,0.99000000
de,hang_so,2025-10-30,4.60517019,0.99000000
de,hang_so,2025-10-31,4.60517019,0.99000000
de,hang_so,2025-11-01,4.60517019,0.99000000
de,hang_so,2025-11-02,4.60517019,0.99000000
de,hang_so,2025-11-03,4.60517019,0.99000000
de,hang_so,2025-11-04,4.60517019,0.99000000
de,hang_so,2025-11-05,4.60517019,0.99000000
de,hang_so,2025-11-06,4.60517019,0.99000000
de,hang_so,2025-11-07,4.60517019,0.99000000
de,hang_so,2025-11-08,4.60517019,0.99000000
de,hang_so,2025-11-09,4.60517019,0.99000000
de,hang_so,2025-11-10,4.60517019,0.99000000
de,hang_so,2025-11-11,4.60517019,0.99000000
de,hang_so,2025-11-12,4.60517019,0.99000000
de,hang_so,2025-11-13,4.60517019,0.99000000
de,hang_so,2025-11-14,4.60517019,0.99000000
de,hang_so,2025-11-15,4.60517019,0.99000000
de,hang_so,2025-11-16,4.60517019,0.99000000
de,hang_so,2025-11-17,4.60517019,0.99000000
de,hang_so,2025-11-18,4.60517019,0.99000000
de,hang_so,2025-11-19,4.60517019,0.99000000
de,hang_so,2025-11-20,4.60517019,0.99000000
de,hang_so,2025-11-21,4.60517019,0.99000000
de,hang_so,2025-11-22,4.60517019,0.99000000
de,hang_so,2025-11-23,4.60517019,0.99000000
de,hang_so,2025-11-24,4.60517019,0.99000000
de,hang_so,2025-11-25,4.60517019,0.99000000
de,hang_so,2025-11-26,4.60517019,0.99000000
de,hang_so,2025-11-27,4.60517019,0.99000000
de,hang_so,2025-11-28,4.60517019,0.99000000
de,hang_so,2025-11-29,4.60517019,0.99000000
de,hang_so,2025-11-30,4.60517019,0.99000000
de,hang_so,2025-12-01,4.60517019,0.99000000
de,hang_so,2025-12-02,4.60517019,0.99000000
de,hang_so,2025-12-03,4.60517019,0.99000000
de,hang_so,2025-12-04,4.60517019,0.99000000
de,hang_so,2025-12-05,4.60517019,0.99000000
de,hang_so,2025-12-06,4.60517019,0.99000000
de,hang_so,2025-12-07,4.60517019,0.99000000
de,hang_so,2025-12-08,4.60517019,0.99000000
de,hang_so,2025-12-09,4.60517019,0.99000000
de,hang_so,2025-12-10,4.60517019,0.99000000
de,hang_so,2025-12-11,4.60517019,0.99000000
de,hang_so,2025-12-12,4.60517019,0.99000000
de,hang_so,2025-12-13,4.60517019,0.99000000
de,hang_so,2025-12-14,4.60517019,0.99000000
de,hang_so,2025-12-15,4.60517019,0.99000000
de,hang_so,2025-12-16,4.60517019,0.99000000
de,hang_so,2025-12-17,4.60517019,0.99000000
de,hang_so,2025-12-18,4.60517019,0.99000000
de,hang_so,2025-12-19,4.60517019,0.99000000
de,hang_so,2025-12-20,4.60517019,0.99000000
de,hang_so,2025-12-21,4.60517019,0.99000000
de,hang_so,2025-12-22,4.60517019,0.99000000
de,hang_so,2025-12-23,4.60517019,0.99000000
de,hang_so,2025-12-24,4.60517019,0.99000000
de,hang_so,2025-12-25,4.60517019,0.99000000
de,hang_so,2025-12-26,4.60517019,0.99000000
de,hang_so,2025-12-27,4.60517019,0.99000000
de,hang_so,2025-12-28,4.60517019,0.99000000
de,hang_so,2025-12-29,4.60517019,0.99000000
de,hang_so,2025-12-30,4.60517019,0.99000000
de,hang_so,2025-12-31,4.60517019,0.99000000
de,hang_so,2026-01-01,4.60517019,0.99000000
de,hang_so,2026-01-02,4.60517019,0.99000000
de,hang_so,2026-01-03,4.60517019,0.99000000
de,hang_so,2026-01-04,4.60517019,0.99000000
de,hang_so,2026-01-05,4.60517019,0.99000000
de,hang_so,2026-01-06,4.60517019,0.99000000
de,hang_so,2026-01-07,4.60517019,0.99000000
de,hang_so,2026-01-08,4.60517019,0.99000000
de,hang_so,2026-01-09,4.60517019,0.99000000
de,hang_so,2026-01-10,4.60517019,0.99000000
de,hang_so,2026-01-11,4.60517019,0.99000000
de,hang_so,2026-01-12,4.60517019,0.99000000
de,hang_so,2026-01-13,4.60517019,0.99000000
de,hang_so,2026-01-14,4.60517019,0.99000000
de,hang_so,2026-01-15,4.60517019,0.99000000
de,hang_so,2026-01-16,4.60517019,0.99000000
de,hang_so,2026-01-17,4.60517019,0.99000000
de,hang_so,2026-01-18,4.60517019,0.99000000
de,hang_so,2026-01-19,4.60517019,0.99000000
de,hang_so,2026-01-20,4.60517019,0.99000000
de,hang_so,2026-01-21,4.60517019,0.99000000
de,hang_so,2026-01-22,4.60517019,0.99000000
de,hang_so,2026-01-23,4.60517019,0.99000000
de,hang_so,2026-01-24,4.60517019,0.99000000
de,hang_so,2026-01-25,4.60517019,0.99000000
de,hang_so,2026-01-26,4.60517019,0.99000000
de,hang_so,2026-01-27,4.60517019,0.99000000
de,hang_so,2026-01-28,4.60517019,0.99000000
de,hang_so,2026-01-29,4.60517019,0.99000000
de,hang_so,2026-01-30,4.60517019,0.99000000
de,hang_so,2026-01-31,4.60517019,0.99000000
de,hang_so,2026-02-01,4.60517019,0.99000000
de,hang_so,2026-02-02,4.60517019,0.99000000
de,hang_so,2026-02-03,4.60517019,0.99000000
de,hang_so,2026-02-04,4.60517019,0.99000000
de,hang_so,2026-02-05,4.60517019,0.99000000
de,hang_so,2026-02-06,4.60517019,0.99000000
de,hang_so,2026-02-07,4.60517019,0.99000000
de,hang_so,2026-02-08,4.60517019,0.99000000
de,hang_so,2026-02-09,4.60517019,0.99000000
de,hang_so,2026-02-10,4.60517019,0.99000000
de,hang_so,2026-02-11,4.60517019,0.99000000
de,hang_so,2026-02-12,4.60517019,0.99000000
de,hang_so,2026-02-13,4.60517019,0.99000000
de,hang_so,2026-02-14,4.60517019,0.99000000
de,hang_so,2026-02-15,4.60517019,0.99000000
de,hang_so,2026-02-21,4.60517019,0.99000000
de,hang_so,2026-02-22,4.60517019,0.99000000
de,hang_so,2026-02-23,4.60517019,0.99000000
de,hang_so,2026-02-24,4.60517019,0.99000000
de,hang_so,2026-02-25,4.60517019,0.99000000
de,hang_so,2026-02-26,4.60517019,0.99000000
de,hang_so,2026-02-27,4.60517019,0.99000000
de,hang_so,2026-02-28,4.60517019,0.99000000
de,hang_so,2026-03-01,4.60517019,0.99000000
de,hang_so,2026-03-02,4.60517019,0.99000000
de,hang_so,2026-03-03,4.60517019,0.99000000
de,hang_so,2026-03-04,4.60517019,0.99000000
de,hang_so,2026-03-05,4.60517019,0.99000000
de,hang_so,2026-03-06,4.60517019,0.99000000
de,hang_so,2026-03-07,4.60517019,0.99000000
de,hang_so,2026-03-08,4.60517019,0.99000000
de,hang_so,2026-03-09,4.60517019,0.99000000
de,hang_so,2026-03-10,4.60517019,0.99000000
de,hang_so,2026-03-11,4.60517019,0.99000000
de,hang_so,2026-03-12,4.60517019,0.99000000
de,hang_so,2026-03-13,4.60517019,0.99000000
de,hang_so,2026-03-14,4.60517019,0.99000000
de,hang_so,2026-03-15,4.60517019,0.99000000
de,hang_so,2026-03-16,4.60517019,0.99000000
de,hang_so,2026-03-17,4.60517019,0.99000000
de,hang_so,2026-03-18,4.60517019,0.99000000
de,hang_so,2026-03-19,4.60517019,0.99000000
de,hang_so,2026-03-20,4.60517019,0.99000000
de,hang_so,2026-03-21,4.60517019,0.99000000
de,hang_so,2026-03-22,4.60517019,0.99000000
de,hang_so,2026-03-23,4.60517019,0.99000000
de,hang_so,2026-03-24,4.60517019,0.99000000
de,hang_so,2026-03-25,4.60517019,0.99000000
de,hang_so,2026-03-26,4.60517019,0.99000000
de,hang_so,2026-03-27,4.60517019,0.99000000
de,hang_so,2026-03-28,4.60517019,0.99000000
de,hang_so,2026-03-29,4.60517019,0.99000000
de,hang_so,2026-03-30,4.60517019,0.99000000
de,hang_so,2026-03-31,4.60517019,0.99000000
de,hang_so,2026-04-01,4.60517019,0.99000000
de,hang_so,2026-04-02,4.60517019,0.99000000
de,hang_so,2026-04-03,4.60517019,0.99000000
de,hang_so,2026-04-04,4.60517019,0.99000000
de,hang_so,2026-04-05,4.60517019,0.99000000
de,hang_so,2026-04-06,4.60517019,0.99000000
de,hang_so,2026-04-07,4.60517019,0.99000000
de,hang_so,2026-04-08,4.60517019,0.99000000
de,hang_so,2026-04-09,4.60517019,0.99000000
de,hang_so,2026-04-10,4.60517019,0.99000000
de,hang_so,2026-04-11,4.60517019,0.99000000
de,hang_so,2026-04-12,4.60517019,0.99000000
de,hang_so,2026-04-13,4.60517019,0.99000000
de,hang_so,2026-04-14,4.60517019,0.99000000
de,hang_so,2026-04-15,4.60517019,0.99000000
de,hang_so,2026-04-16,4.60517019,0.99000000
de,hang_so,2026-04-17,4.60517019,0.99000000
de,hang_so,2026-04-18,4.60517019,0.99000000
de,hang_so,2026-04-19,4.60517019,0.99000000
de,hang_so,2026-04-20,4.60517019,0.99000000
de,hang_so,2026-04-21,4.60517019,0.99000000
de,hang_so,2026-04-22,4.60517019,0.99000000
de,hang_so,2026-04-23,4.60517019,0.99000000
de,hang_so,2026-04-24,4.60517019,0.99000000
de,hang_so,2026-04-25,4.60517019,0.99000000
de,hang_so,2026-04-26,4.60517019,0.99000000
de,hang_so,2026-04-27,4.60517019,0.99000000
de,hang_so,2026-04-28,4.60517019,0.99000000
de,hang_so,2026-04-29,4.60517019,0.99000000
de,hang_so,2026-04-30,4.60517019,0.99000000
de,hang_so,2026-05-01,4.60517019,0.99000000
de,hang_so,2026-05-02,4.60517019,0.99000000
de,hang_so,2026-05-03,4.60517019,0.99000000
de,hang_so,2026-05-04,4.60517019,0.99000000
de,hang_so,2026-05-05,4.60517019,0.99000000
de,hang_so,2026-05-06,4.60517019,0.99000000
de,hang_so,2026-05-07,4.60517019,0.99000000
de,hang_so,2026-05-08,4.60517019,0.99000000
de,hang_so,2026-05-09,4.60517019,0.99000000
de,hang_so,2026-05-10,4.60517019,0.99000000
de,hang_so,2026-05-11,4.60517019,0.99000000
de,hang_so,2026-05-12,4.60517019,0.99000000
de,hang_so,2026-05-13,4.60517019,0.99000000
de,hang_so,2026-05-14,4.60517019,0.99000000
de,hang_so,2026-05-15,4.60517019,0.99000000
de,hang_so,2026-05-16,4.60517019,0.99000000
de,hang_so,2026-05-17,4.60517019,0.99000000
de,hang_so,2026-05-18,4.60517019,0.99000000
de,hang_so,2026-05-19,4.60517019,0.99000000
de,hang_so,2026-05-20,4.60517019,0.99000000
de,hang_so,2026-05-21,4.60517019,0.99000000
de,hang_so,2026-05-22,4.60517019,0.99000000
de,hang_so,2026-05-23,4.60517019,0.99000000
de,hang_so,2026-05-24,4.60517019,0.99000000
de,hang_so,2026-05-25,4.60517019,0.99000000
de,hang_so,2026-05-26,4.60517019,0.99000000
de,hang_so,2026-05-27,4.60517019,0.99000000
de,hang_so,2026-05-28,4.60517019,0.99000000
de,hang_so,2026-05-29,4.60517019,0.99000000
de,hang_so,2026-05-30,4.60517019,0.99000000
de,hang_so,2026-05-31,4.60517019,0.99000000
de,hang_so,2026-06-01,4.60517019,0.99000000
de,hang_so,2026-06-02,4.60517019,0.99000000
de,hang_so,2026-06-03,4.60517019,0.99000000
de,hang_so,2026-06-04,4.60517019,0.99000000
de,hang_so,2026-06-05,4.60517019,0.99000000
de,hang_so,2026-06-06,4.60517019,0.99000000
de,hang_so,2026-06-07,4.60517019,0.99000000
de,hang_so,2026-06-08,4.60517019,0.99000000
de,hang_so,2026-06-09,4.60517019,0.99000000
de,hang_so,2026-06-10,4.60517019,0.99000000
de,hang_so,2026-06-11,4.60517019,0.99000000
de,hang_so,2026-06-12,4.60517019,0.99000000
de,hang_so,2026-06-13,4.60517019,0.99000000
de,hang_so,2026-06-14,4.60517019,0.99000000
de,hang_so,2026-06-15,4.60517019,0.99000000
de,hang_so,2026-06-16,4.60517019,0.99000000
de,hang_so,2026-06-17,4.60517019,0.99000000
de,hang_so,2026-06-18,4.60517019,0.99000000
de,hang_so,2026-06-19,4.60517019,0.99000000
de,hang_so,2026-06-20,4.60517019,0.99000000
de,hang_so,2026-06-21,4.60517019,0.99000000
de,hang_so,2026-06-22,4.60517019,0.99000000
de,hang_so,2026-06-23,4.60517019,0.99000000
de,hang_so,2026-06-24,4.60517019,0.99000000
de,hang_so,2026-06-25,4.60517019,0.99000000
de,hang_so,2026-06-26,4.60517019,0.99000000
de,hang_so,2026-06-27,4.60517019,0.99000000
de,hang_so,2026-06-28,4.60517019,0.99000000
de,hang_so,2026-06-29,4.60517019,0.99000000
de,hang_so,2026-06-30,4.60517019,0.99000000
de,hang_so,2026-07-01,4.60517019,0.99000000
de,hang_so,2026-07-02,4.60517019,0.99000000
de,hang_so,2026-07-03,4.60517019,0.99000000
de,hang_so,2026-07-04,4.60517019,0.99000000
de,hang_so,2026-07-05,4.60517019,0.99000000
de,hang_so,2026-07-06,4.60517019,0.99000000
de,hang_so,2026-07-07,4.60517019,0.99000000
de,hang_so,2026-07-08,4.60517019,0.99000000
de,hang_so,2026-07-09,4.60517019,0.99000000
de,hang_so,2026-07-10,4.60517019,0.99000000
de,hang_so,2026-07-11,4.60517019,0.99000000
de,hang_so,2026-07-12,4.60517019,0.99000000
de,hang_so,2026-07-13,4.60517019,0.99000000
de,hang_so,2026-07-14,4.60517019,0.99000000
de,hang_so,2026-07-15,4.60517019,0.99000000
de,hang_so,2026-07-16,4.60517019,0.99000000
de,hang_so,2026-07-17,4.60517019,0.99000000
de,hang_so,2026-07-18,4.60517019,0.99000000
de,hang_so,2026-07-19,4.60517019,0.99000000
de,hang_so,2026-07-20,4.60517019,0.99000000
de,hang_so,2026-07-21,4.60517019,0.99000000
de,hang_so,2026-07-22,4.60517019,0.99000000
de,hang_so,2026-07-23,4.60517019,0.99000000
de,hang_so,2026-07-24,4.60517019,0.99000000
de,hang_so,2026-07-25,4.60517019,0.99000000
de,hang_so,2026-07-26,4.60517019,0.99000000
de,hang_so,2026-07-27,4.60517019,0.99000000
de,hang_so,2026-07-28,4.60517019,0.99000000
de,hang_so,2026-07-29,4.60517019,0.99000000
de,hang_so,2026-07-30,4.60517019,0.99000000
de,hang_so,2026-07-31,4.60517019,0.99000000
de,hang_so,2026-08-01,4.60517019,0.99000000
de,hang_so,2026-08-02,4.60517019,0.99000000
de,hang_so,2026-08-03,4.60517019,0.99000000
de,hang_so,2026-08-04,4.60517019,0.99000000
de,hang_so,2026-08-05,4.60517019,0.99000000
de,hang_so,2026-08-06,4.60517019,0.99000000
de,hang_so,2026-08-07,4.60517019,0.99000000
de,hang_so,2026-08-08,4.60517019,0.99000000
de,hang_so,2026-08-09,4.60517019,0.99000000
de,hang_so,2026-08-10,4.60517019,0.99000000
de,hang_so,2026-08-11,4.60517019,0.99000000
de,hang_so,2026-08-12,4.60517019,0.99000000
de,hang_so,2026-08-13,4.60517019,0.99000000
de,hang_so,2026-08-14,4.60517019,0.99000000
de,hang_so,2026-08-15,4.60517019,0.99000000
de,hang_so,2026-08-16,4.60517019,0.99000000
de,hang_so,2026-08-17,4.60517019,0.99000000
de,hang_so,2026-08-18,4.60517019,0.99000000
de,hang_so,2026-08-19,4.60517019,0.99000000
de,hang_so,2026-08-20,4.60517019,0.99000000
de,hang_so,2026-08-21,4.60517019,0.99000000
de,hang_so,2026-08-22,4.60517019,0.99000000
de,hang_so,2026-08-23,4.60517019,0.99000000
de,hang_so,2026-08-24,4.60517019,0.99000000
de,hang_so,2026-08-25,4.60517019,0.99000000
de,hang_so,2026-08-26,4.60517019,0.99000000
de,hang_so,2026-08-27,4.60517019,0.99000000
de,hang_so,2026-08-28,4.60517019,0.99000000
de,hang_so,2026-08-29,4.60517019,0.99000000
de,hang_so,2026-08-30,4.60517019,0.99000000
de,hang_so,2026-08-31,4.60517019,0.99000000
de,hang_so,2026-09-01,4.60517019,0.99000000
de,hang_so,2026-09-02,4.60517019,0.99000000
de,hang_so,2026-09-03,4.60517019,0.99000000
de,hang_so,2026-09-04,4.60517019,0.99000000
de,hang_so,2026-09-05,4.60517019,0.99000000
de,hang_so,2026-09-06,4.60517019,0.99000000
de,hang_so,2026-09-07,4.60517019,0.99000000
de,hang_so,2026-09-08,4.60517019,0.99000000
de,hang_so,2026-09-09,4.60517019,0.99000000
de,hang_so,2026-09-10,4.60517019,0.99000000
de,hang_so,2026-09-11,4.60517019,0.99000000
de,hang_so,2026-09-12,4.60517019,0.99000000
de,hang_so,2026-09-13,4.60517019,0.99000000
de,hang_so,2026-09-14,4.60517019,0.99000000
de,hang_so,2026-09-15,4.60517019,0.99000000
de,hang_so,2026-09-16,4.60517019,0.99000000
de,hang_so,2026-09-17,4.60517019,0.99000000
de,hang_so,2026-09-18,4.60517019,0.99000000
de,hang_so,2026-09-19,4.60517019,0.99000000
de,hang_so,2026-09-20,4.60517019,0.99000000
de,hang_so,2026-09-21,4.60517019,0.99000000
de,hang_so,2026-09-22,4.60517019,0.99000000
de,hang_so,2026-09-23,4.60517019,0.99000000
de,hang_so,2026-09-24,4.60517019,0.99000000
de,hang_so,2026-09-25,4.60517019,0.99000000
de,hang_so,2026-09-26,4.60517019,0.99000000
de,hang_so,2026-09-27,4.60517019,0.99000000
de,hang_so,2026-09-28,4.60517019,0.99000000
de,hang_so,2026-09-29,4.60517019,0.99000000
de,hang_so,2026-09-30,4.60517019,0.99000000
de,hang_so,2026-10-01,4.60517019,0.99000000
de,hang_so,2026-10-02,4.60517019,0.99000000
de,tien_nghiem,2023-12-26,4.58313851,0.98957360
de,tien_nghiem,2023-12-27,4.64545072,0.99080908
de,tien_nghiem,2023-12-28,4.64358591,0.99077247
de,tien_nghiem,2023-12-29,4.61933172,0.99029927
de,tien_nghiem,2023-12-30,4.61679169,0.99024888
de,tien_nghiem,2023-12-31,4.61240228,0.99016174
de,tien_nghiem,2024-01-01,4.56940067,0.98928918
de,tien_nghiem,2024-01-02,4.62720081,0.99045400
de,tien_nghiem,2024-01-03,4.64327497,0.99076558
de,tien_nghiem,2024-01-04,4.61218116,0.99015691
de,tien_nghiem,2024-01-05,4.61759809,0.99026413
de,tien_nghiem,2024-01-06,4.60023582,0.98991801
de,tien_nghiem,2024-01-07,4.62929458,0.99049380
de,tien_nghiem,2024-01-08,4.63606886,0.99062524
de,tien_nghiem,2024-01-09,4.58518981,0.98961263
de,tien_nghiem,2024-01-10,4.51177115,0.98805871
de,tien_nghiem,2024-01-11,4.54791838,0.98884006
de,tien_nghiem,2024-01-12,4.60007485,0.98991738
de,tien_nghiem,2024-01-13,4.63667709,0.99063989
de,tien_nghiem,2024-01-14,4.60245856,0.98996466
de,tien_nghiem,2024-01-15,4.62085452,0.99033023
de,tien_nghiem,2024-01-16,4.63537963,0.99061384
de,tien_nghiem,2024-01-17,4.64571078,0.99081273
de,tien_nghiem,2024-01-18,4.63754452,0.99065456
de,tien_nghiem,2024-01-19,4.64312241,0.99076173
de,tien_nghiem,2024-01-20,4.64580673,0.99081275
de,tien_nghiem,2024-01-21,4.64282959,0.99075487
de,tien_nghiem,2024-01-22,4.62312945,0.99037113
de,tien_nghiem,2024-01-23,4.61735490,0.99025719
de,tien_nghiem,2024-01-24,4.55087226,0.98889893
de,tien_nghiem,2024-01-25,4.61981881,0.99030689
de,tien_nghiem,2024-01-26,4.63244410,0.99055401
de,tien_nghiem,2024-01-27,4.63406888,0.99058523
de,tien_nghiem,2024-01-28,4.64603907,0.99081605
de,tien_nghiem,2024-01-29,4.64509347,0.99079731
de,tien_nghiem,2024-01-30,4.64176687,0.99073275
de,tien_nghiem,2024-01-31,4.63945409,0.99068766
de,tien_nghiem,2024-02-01,4.63002241,0.99050413
de,tien_nghiem,2024-02-02,4.56275151,0.98914638
de,tien_nghiem,2024-02-03,4.58872800,0.98968245
de,tien_nghiem,2024-02-04,4.62373102,0.99038229
de,tien_nghiem,2024-02-05,4.63450398,0.99059250
de,tien_nghiem,2024-02-06,4.58745698,0.98965659
de,tien_nghiem,2024-02-07,4.61435493,0.99019738
de,tien_nghiem,2024-02-08,4.62611504,0.99042907
de,tien_nghiem,2024-02-14,4.59512652,0.98981373
de,tien_nghiem,2024-02-15,4.61127461,0.99013764
de,tien_nghiem,2024-02-16,4.59015061,0.98971326
de,tien_nghiem,2024-02-17,4.58775200,0.98966488
de,tien_nghiem,2024-02-18,4.61789323,0.99025482
de,tien_nghiem,2024-02-19,4.61338949,0.99016561
de,tien_nghiem,2024-02-20,4.61154135,0.99012888
de,tien_nghiem,2024-02-21,4.61722216,0.99024143
de,tien_nghiem,2024-02-22,4.61065092,0.99011109
de,tien_nghiem,2024-02-23,4.60387539,0.98997585
de,tien_nghiem,2024-02-24,4.61740150,0.99024492
de,tien_nghiem,2024-02-25,4.61095915,0.99011717
de,tien_nghiem,2024-02-26,4.61822277,0.99026107
de,tien_nghiem,2024-02-27,4.60417388,0.98998172
de,tien_nghiem,2024-02-28,4.58181160,0.98952901
de,tien_nghiem,2024-02-29,4.61460678,0.99018969
de,tien_nghiem,2024-03-01,4.58872580,0.98967020
de,tien_nghiem,2024-03-02,4.59036683,0.98970365
de,tien_nghiem,2024-03-03,4.59335530,0.98976432
de,tien_nghiem,2024-03-04,4.61899292,0.99027665
de,tien_nghiem,2024-03-05,4.61739216,0.99024497
de,tien_nghiem,2024-03-06,4.60659398,0.99003041
de,tien_nghiem,2024-03-07,4.60333375,0.98996519
de,tien_nghiem,2024-03-08,4.61899577,0.99027658
de,tien_nghiem,2024-03-09,4.60311158,0.98996068
de,tien_nghiem,2024-03-10,4.59817669,0.98986156
de,tien_nghiem,2024-03-11,4.57020391,0.98929028
de,tien_nghiem,2024-03-12,4.61676568,0.99023277
de,tien_nghiem,2024-03-13,4.58866094,0.98966920
de,tien_nghiem,2024-03-14,4.61627127,0.99022302
de,tien_nghiem,2024-03-15,4.59724788,0.98984308
de,tien_nghiem,2024-03-16,4.59580149,0.98981395
de,tien_nghiem,2024-03-17,4.61626898,0.99022301
de,tien_nghiem,2024-03-18,4.61524016,0.99020258
de,tien_nghiem,2024-03-19,4.61049372,0.99010832
de,tien_nghiem,2024-03-20,4.60536321,0.99000596
de,tien_nghiem,2024-03-21,4.60705987,0.99003986
de,tien_nghiem,2024-03-22,4.61478562,0.99019348
de,tien_nghiem,2024-03-23,4.61899665,0.99027666
de,tien_nghiem,2024-03-24,4.59843152,0.98986673
de,tien_nghiem,2024-03-25,4.61882575,0.99027326
de,tien_nghiem,2024-03-26,4.61081589,0.99011453
de,tien_nghiem,2024-03-27,4.58278235,0.98954910
de,tien_nghiem,2024-03-28,4.60924583,0.99008340
de,tien_nghiem,2024-03-29,4.59435856,0.98978463
de,tien_nghiem,2024-03-30,4.60129925,0.98992454
de,tien_nghiem,2024-03-31,4.59708739,0.98983982
de,tien_nghiem,2024-04-01,4.58727796,0.98964112
de,tien_nghiem,2024-04-02,4.56811617,0.98924731
de,tien_nghiem,2024-04-03,4.60168277,0.98993265
de,tien_nghiem,2024-04-04,4.60509587,0.99000104
de,tien_nghiem,2024-04-05,4.58798208,0.98965577
de,tien_nghiem,2024-04-06,4.59966128,0.98989211
de,tien_nghiem,2024-04-07,4.58114478,0.98951628
de,tien_nghiem,2024-04-08,4.59618190,0.98982216
de,tien_nghiem,2024-04-09,4.61173424,0.99013362
de,tien_nghiem,2024-04-10,4.61205272,0.99013988
de,tien_nghiem,2024-04-11,4.61477272,0.99019376
de,tien_nghiem,2024-04-12,4.61694071,0.99023658
de,tien_nghiem,2024-04-13,4.61741140,0.99024580
de,tien_nghiem,2024-04-14,4.61897317,0.99027654
de,tien_nghiem,2024-04-15,4.58092397,0.98951143
de,tien_nghiem,2024-04-16,4.61805223,0.99025841
de,tien_nghiem,2024-04-17,4.58511655,0.98959721
de,tien_nghiem,2024-04-18,4.61670552,0.99023183
de,tien_nghiem,2024-04-19,4.61899271,0.99027692
de,tien_nghiem,2024-04-20,4.59441205,0.98978595
de,tien_nghiem,2024-04-21,4.61558193,0.99020949
de,tien_nghiem,2024-04-22,4.61462473,0.99019046
de,tien_nghiem,2024-04-23,4.61895784,0.99027606
de,tien_nghiem,2024-04-24,4.58163758,0.98952588
de,tien_nghiem,2024-04-25,4.60812825,0.99006134
de,tien_nghiem,2024-04-26,4.61608471,0.99021934
de,tien_nghiem,2024-04-27,4.60384454,0.98997564
de,tien_nghiem,2024-04-28,4.59569851,0.98981184
de,tien_nghiem,2024-04-29,4.61449255,0.99018782
de,tien_nghiem,2024-04-30,4.61445463,0.99018700
de,tien_nghiem,2024-05-01,4.61136433,0.99012562
de,tien_nghiem,2024-05-02,4.60026176,0.98990367
de,tien_nghiem,2024-05-03,4.61489514,0.99019567
de,tien_nghiem,2024-05-04,4.57403503,0.98936956
de,tien_nghiem,2024-05-05,4.61895922,0.99027614
de,tien_nghiem,2024-05-06,4.60531448,0.99000505
de,tien_nghiem,2024-05-07,4.61729807,0.99024326
de,tien_nghiem,2024-05-08,4.61700227,0.99023734
de,tien_nghiem,2024-05-09,4.59436927,0.98978483
de,tien_nghiem,2024-05-10,4.60671334,0.99003293
de,tien_nghiem,2024-05-11,4.61465943,0.99019097
de,tien_nghiem,2024-05-12,4.61868537,0.99027052
de,tien_nghiem,2024-05-13,4.58009382,0.98949409
de,tien_nghiem,2024-05-14,4.59807441,0.98985970
de,tien_nghiem,2024-05-15,4.61778603,0.99025290
de,tien_nghiem,2024-05-16,4.60606041,0.99001988
de,tien_nghiem,2024-05-17,4.61885649,0.99027395
de,tien_nghiem,2024-05-18,4.61283596,0.99015474
de,tien_nghiem,2024-05-19,4.61689462,0.99023509
de,tien_nghiem,2024-05-20,4.59660292,0.98982982
de,tien_nghiem,2024-05-21,4.61192962,0.99013670
de,tien_nghiem,2024-05-22,4.61894372,0.99027552
de,tien_nghiem,2024-05-23,4.61107542,0.99011962
de,tien_nghiem,2024-05-24,4.61693656,0.99023579
de,tien_nghiem,2024-05-25,4.61789293,0.99025462
de,tien_nghiem,2024-05-26,4.58648859,0.98962458
de,tien_nghiem,2024-05-27,4.59060132,0.98970835
de,tien_nghiem,2024-05-28,4.61899856,0.99027662
de,tien_nghiem,2024-05-29,4.59815981,0.98986118
de,tien_nghiem,2024-05-30,4.61136325,0.99012542
de,tien_nghiem,2024-05-31,4.61885312,0.99027371
de,tien_nghiem,2024-06-01,4.60481821,0.98999480
de,tien_nghiem,2024-06-02,4.61497785,0.99019705
de,tien_nghiem,2024-06-03,4.60222416,0.98994280
de,tien_nghiem,2024-06-04,4.61819143,0.99026058
de,tien_nghiem,2024-06-05,4.60872713,0.99007279
de,tien_nghiem,2024-06-06,4.61538611,0.99020505
de,tien_nghiem,2024-06-07,4.61890483,0.99027454
de,tien_nghiem,2024-06-08,4.60848715,0.99006789
de,tien_nghiem,2024-06-09,4.60022563,0.98990253
de,tien_nghiem,2024-06-10,4.61891181,0.99027467
de,tien_nghiem,2024-06-11,4.60231369,0.98994444
de,tien_nghiem,2024-06-12,4.61899621,0.99027631
de,tien_nghiem,2024-06-13,4.57313910,0.98935064
de,tien_nghiem,2024-06-14,4.61896391,0.99027583
de,tien_nghiem,2024-06-15,4.58966808,0.98968933
de,tien_nghiem,2024-06-16,4.60086251,0.98991556
de,tien_nghiem,2024-06-17,4.59716250,0.98984114
de,tien_nghiem,2024-06-18,4.59915781,0.98988138
de,tien_nghiem,2024-06-19,4.60216241,0.98994179
de,tien_nghiem,2024-06-20,4.61511501,0.99019997
de,tien_nghiem,2024-06-21,4.59008758,0.98969807
de,tien_nghiem,2024-06-22,4.61878962,0.99027265
de,tien_nghiem,2024-06-23,4.61687414,0.99023474
de,tien_nghiem,2024-06-24,4.61221716,0.99014240
de,tien_nghiem,2024-06-25,4.60027778,0.98990384
de,tien_nghiem,2024-06-26,4.59767726,0.98985154
de,tien_nghiem,2024-06-27,4.61566015,0.99021072
de,tien_nghiem,2024-06-28,4.60668328,0.99003220
de,tien_nghiem,2024-06-29,4.61325059,0.99016292
de,tien_nghiem,2024-06-30,4.61878288,0.99027233
de,tien_nghiem,2024-07-01,4.61828111,0.99026236
de,tien_nghiem,2024-07-02,4.61148188,0.99012762
de,tien_nghiem,2024-07-03,4.60774684,0.99005323
de,tien_nghiem,2024-07-04,4.61804941,0.99025770
de,tien_nghiem,2024-07-05,4.61365157,0.99017061
de,tien_nghiem,2024-07-06,4.61764341,0.99024959
de,tien_nghiem,2024-07-07,4.61426362,0.99018266
de,tien_nghiem,2024-07-08,4.61104956,0.99011883
de,tien_nghiem,2024-07-09,4.60176013,0.98993326
de,tien_nghiem,2024-07-10,4.61151461,0.99012811
de,tien_nghiem,2024-07-11,4.61645387,0.99022601
de,tien_nghiem,2024-07-12,4.61564182,0.99020990
de,tien_nghiem,2024-07-13,4.61874623,0.99027121
de,tien_nghiem,2024-07-14,4.61730909,0.99024278
de,tien_nghiem,2024-07-15,4.61896699,0.99027547
de,tien_nghiem,2024-07-16,4.58486507,0.98959113
de,tien_nghiem,2024-07-17,4.61886327,0.99027353
de,tien_nghiem,2024-07-18,4.58756558,0.98964627
de,tien_nghiem,2024-07-19,4.61330912,0.99016374
de,tien_nghiem,2024-07-20,4.59053922,0.98970683
de,tien_nghiem,2024-07-21,4.59476299,0.98979248
de,tien_nghiem,2024-07-22,4.56212153,0.98912202
de,tien_nghiem,2024-07-23,4.61515543,0.99020079
de,tien_nghiem,2024-07-24,4.60673526,0.99003330
de,tien_nghiem,2024-07-25,4.59855609,0.98986930
de,tien_nghiem,2024-07-26,4.59904653,0.98987922
de,tien_nghiem,2024-07-27,4.61708691,0.99023903
de,tien_nghiem,2024-07-28,4.59468004,0.98979113
de,tien_nghiem,2024-07-29,4.61713216,0.99023992
de,tien_nghiem,2024-07-30,4.59407621,0.98977892
de,tien_nghiem,2024-07-31,4.58919569,0.98968006
de,tien_nghiem,2024-08-01,4.61656201,0.99022876
de,tien_nghiem,2024-08-02,4.60787839,0.99005623
de,tien_nghiem,2024-08-03,4.61863756,0.99026967
de,tien_nghiem,2024-08-04,4.61864680,0.99026977
de,tien_nghiem,2024-08-05,4.60648488,0.99002824
de,tien_nghiem,2024-08-06,4.57838081,0.98945894
de,tien_nghiem,2024-08-07,4.61106603,0.99011971
de,tien_nghiem,2024-08-08,4.55077661,0.98888410
de,tien_nghiem,2024-08-09,4.61467950,0.99019173
de,tien_nghiem,2024-08-10,4.61899215,0.99027692
de,tien_nghiem,2024-08-11,4.61215003,0.99014140
de,tien_nghiem,2024-08-12,4.61261395,0.99015056
de,tien_nghiem,2024-08-13,4.61382043,0.99017445
de,tien_nghiem,2024-08-14,4.60780412,0.99005474
de,tien_nghiem,2024-08-15,4.61863473,0.99026960
de,tien_nghiem,2024-08-16,4.61283902,0.99015483
de,tien_nghiem,2024-08-17,4.61835800,0.99026402
de,tien_nghiem,2024-08-18,4.61048754,0.99010799
de,tien_nghiem,2024-08-19,4.58640792,0.98962311
de,tien_nghiem,2024-08-20,4.61449732,0.99018770
de,tien_nghiem,2024-08-21,4.61833498,0.99026355
de,tien_nghiem,2024-08-22,4.61611058,0.99021952
de,tien_nghiem,2024-08-23,4.61310920,0.99016000
de,tien_nghiem,2024-08-24,4.60404523,0.98997930
de,tien_nghiem,2024-08-25,4.61620023,0.99022123
de,tien_nghiem,2024-08-26,4.57456113,0.98938014
de,tien_nghiem,2024-08-27,4.59212853,0.98973945
de,tien_nghiem,2024-08-28,4.60748358,0.99004829
de,tien_nghiem,2024-08-29,4.59603384,0.98981850
de,tien_nghiem,2024-08-30,4.58267010,0.98954703
de,tien_nghiem,2024-08-31,4.61898430,0.99027665
de,tien_nghiem,2024-09-01,4.57152785,0.98931789
de,tien_nghiem,2024-09-02,4.61235633,0.99014560
de,tien_nghiem,2024-09-03,4.61889306,0.99027492
de,tien_nghiem,2024-09-04,4.60977637,0.99009415
de,tien_nghiem,2024-09-05,4.61189844,0.99013632
de,tien_nghiem,2024-09-06,4.57369750,0.98936270
de,tien_nghiem,2024-09-07,4.59323062,0.98976214
de,tien_nghiem,2024-09-08,4.59471130,0.98979215
de,tien_nghiem,2024-09-09,4.61528209,0.99020370
de,tien_nghiem,2024-09-10,4.59733597,0.98984510
de,tien_nghiem,2024-09-11,4.60159726,0.98993085
de,tien_nghiem,2024-09-12,4.60146603,0.98992823
de,tien_nghiem,2024-09-13,4.61899339,0.99027702
de,tien_nghiem,2024-09-14,4.61051057,0.99010888
de,tien_nghiem,2024-09-15,4.61797110,0.99025670
de,tien_nghiem,2024-09-16,4.58869811,0.98967006
de,tien_nghiem,2024-09-17,4.58850929,0.98966632
de,tien_nghiem,2024-09-18,4.57728002,0.98943677
de,tien_nghiem,2024-09-19,4.59286907,0.98975504
de,tien_nghiem,2024-09-20,4.61168886,0.99013259
de,tien_nghiem,2024-09-21,4.60142944,0.98992763
de,tien_nghiem,2024-09-22,4.60344019,0.98996796
de,tien_nghiem,2024-09-23,4.61422946,0.99018294
de,tien_nghiem,2024-09-24,4.61793693,0.99025621
de,tien_nghiem,2024-09-25,4.60914764,0.99008180
de,tien_nghiem,2024-09-26,4.60408886,0.98998073
de,tien_nghiem,2024-09-27,4.58553993,0.98960589
de,tien_nghiem,2024-09-28,4.61308903,0.99016023
de,tien_nghiem,2024-09-29,4.58104198,0.98951399
de,tien_nghiem,2024-09-30,4.61041428,0.99010716
de,tien_nghiem,2024-10-01,4.61769838,0.99025151
de,tien_nghiem,2024-10-02,4.61899675,0.99027704
de,tien_nghiem,2024-10-03,4.58750253,0.98964583
de,tien_nghiem,2024-10-04,4.61829524,0.99026321
de,tien_nghiem,2024-10-05,4.61804729,0.99025822
de,tien_nghiem,2024-10-06,4.61892298,0.99027542
de,tien_nghiem,2024-10-07,4.61520238,0.99020180
de,tien_nghiem,2024-10-08,4.59659561,0.98982986
de,tien_nghiem,2024-10-09,4.58959988,0.98968831
de,tien_nghiem,2024-10-10,4.60142961,0.98992729
de,tien_nghiem,2024-10-11,4.61771838,0.99025166
de,tien_nghiem,2024-10-12,4.59349185,0.98976725
de,tien_nghiem,2024-10-13,4.59378900,0.98977333
de,tien_nghiem,2024-10-14,4.61563773,0.99021058
de,tien_nghiem,2024-10-15,4.59479915,0.98979375
de,tien_nghiem,2024-10-16,4.61257077,0.99014977
de,tien_nghiem,2024-10-17,4.59605904,0.98981920
de,tien_nghiem,2024-10-18,4.61899591,0.99027692
de,tien_nghiem,2024-10-19,4.61545681,0.99020689
de,tien_nghiem,2024-10-20,4.57988769,0.98949005
de,tien_nghiem,2024-10-21,4.58890895,0.98967442
de,tien_nghiem,2024-10-22,4.61157705,0.99013013
de,tien_nghiem,2024-10-23,4.61449418,0.99018796
de,tien_nghiem,2024-10-24,4.61899377,0.99027685
de,tien_nghiem,2024-10-25,4.61273632,0.99015295
de,tien_nghiem,2024-10-26,4.58823961,0.98966065
de,tien_nghiem,2024-10-27,4.57867636,0.98946529
de,tien_nghiem,2024-10-28,4.59654112,0.98982908
de,tien_nghiem,2024-10-29,4.60000079,0.98989880
de,tien_nghiem,2024-10-30,4.56250796,0.98913076
de,tien_nghiem,2024-10-31,4.61121562,0.99012327
de,tien_nghiem,2024-11-01,4.61899551,0.99027727
de,tien_nghiem,2024-11-02,4.61569722,0.99021199
de,tien_nghiem,2024-11-03,4.61893184,0.99027582
de,tien_nghiem,2024-11-04,4.61216405,0.99014176
de,tien_nghiem,2024-11-05,4.60398174,0.98997854
de,tien_nghiem,2024-11-06,4.61417098,0.99018153
de,tien_nghiem,2024-11-07,4.61424020,0.99018284
de,tien_nghiem,2024-11-08,4.61317619,0.99016168
de,tien_nghiem,2024-11-09,4.58399530,0.98957414
de,tien_nghiem,2024-11-10,4.61722082,0.99024185
de,tien_nghiem,2024-11-11,4.61520665,0.99020193
de,tien_nghiem,2024-11-12,4.60648984,0.99002851
de,tien_nghiem,2024-11-13,4.61849631,0.99026689
de,tien_nghiem,2024-11-14,4.59578887,0.98981354
de,tien_nghiem,2024-11-15,4.61794306,0.99025595
de,tien_nghiem,2024-11-16,4.61874992,0.99027180
de,tien_nghiem,2024-11-17,4.61858151,0.99026840
de,tien_nghiem,2024-11-18,4.59725758,0.98984301
de,tien_nghiem,2024-11-19,4.56633085,0.98920988
de,tien_nghiem,2024-11-20,4.61840619,0.99026518
de,tien_nghiem,2024-11-21,4.60951987,0.99008892
de,tien_nghiem,2024-11-22,4.61876077,0.99027207
de,tien_nghiem,2024-11-23,4.61755969,0.99024827
de,tien_nghiem,2024-11-24,4.60340620,0.98996663
de,tien_nghiem,2024-11-25,4.57647871,0.98941982
de,tien_nghiem,2024-11-26,4.59819989,0.98986226
de,tien_nghiem,2024-11-27,4.59759962,0.98985021
de,tien_nghiem,2024-11-28,4.57595622,0.98940934
de,tien_nghiem,2024-11-29,4.59641622,0.98982657
de,tien_nghiem,2024-11-30,4.56632360,0.98921024
de,tien_nghiem,2024-12-01,4.60782856,0.99005578
de,tien_nghiem,2024-12-02,4.61823893,0.99026232
de,tien_nghiem,2024-12-03,4.59915851,0.98988195
de,tien_nghiem,2024-12-04,4.60360681,0.98997127
de,tien_nghiem,2024-12-05,4.61858858,0.99026913
de,tien_nghiem,2024-12-06,4.59483357,0.98979465
de,tien_nghiem,2024-12-07,4.60077903,0.98991449
de,tien_nghiem,2024-12-08,4.61841415,0.99026565
de,tien_nghiem,2024-12-09,4.61638439,0.99022545
de,tien_nghiem,2024-12-10,4.61797273,0.99025676
de,tien_nghiem,2024-12-11,4.61128857,0.99012425
de,tien_nghiem,2024-12-12,4.61375581,0.99017319
de,tien_nghiem,2024-12-13,4.61807170,0.99025853
de,tien_nghiem,2024-12-14,4.61840856,0.99026510
de,tien_nghiem,2024-12-15,4.61829259,0.99026274
de,tien_nghiem,2024-12-16,4.61833895,0.99026358
de,tien_nghiem,2024-12-17,4.61813618,0.99025950
de,tien_nghiem,2024-12-18,4.61712525,0.99023947
de,tien_nghiem,2024-12-19,4.58735196,0.98964218
de,tien_nghiem,2024-12-20,4.60455463,0.98998955
de,tien_nghiem,2024-12-21,4.61050867,0.99010837
de,tien_nghiem,2024-12-22,4.60990871,0.99009641
de,tien_nghiem,2024-12-23,4.59114181,0.98971930
de,tien_nghiem,2024-12-24,4.61892573,0.99027517
de,tien_nghiem,2024-12-25,4.59960807,0.98989032
de,tien_nghiem,2024-12-26,4.59606388,0.98981896
de,tien_nghiem,2024-12-27,4.58901749,0.98967631
de,tien_nghiem,2024-12-28,4.59287330,0.98975464
de,tien_nghiem,2024-12-29,4.60626278,0.99002401
de,tien_nghiem,2024-12-30,4.61801802,0.99025748
de,tien_nghiem,2024-12-31,4.60647832,0.99002823
de,tien_nghiem,2025-01-01,4.57562850,0.98940243
de,tien_nghiem,2025-01-02,4.61484847,0.99019490
de,tien_nghiem,2025-01-03,4.61766140,0.99025047
de,tien_nghiem,2025-01-04,4.61861551,0.99026923
de,tien_nghiem,2025-01-05,4.59089515,0.98971450
de,tien_nghiem,2025-01-06,4.60907789,0.99008014
de,tien_nghiem,2025-01-07,4.61872583,0.99027140
de,tien_nghiem,2025-01-08,4.59226202,0.98974220
de,tien_nghiem,2025-01-09,4.57878150,0.98946732
de,tien_nghiem,2025-01-10,4.60604830,0.99001984
de,tien_nghiem,2025-01-11,4.61888620,0.99027472
de,tien_nghiem,2025-01-12,4.61883639,0.99027365
de,tien_nghiem,2025-01-13,4.61269193,0.99015197
de,tien_nghiem,2025-01-14,4.60079743,0.98991441
de,tien_nghiem,2025-01-15,4.61644036,0.99022623
de,tien_nghiem,2025-01-16,4.61874362,0.99027166
de,tien_nghiem,2025-01-17,4.60593214,0.99001718
de,tien_nghiem,2025-01-18,4.61106713,0.99011954
de,tien_nghiem,2025-01-19,4.61154807,0.99012908
de,tien_nghiem,2025-01-20,4.60462364,0.98999096
de,tien_nghiem,2025-01-21,4.61861269,0.99026896
de,tien_nghiem,2025-01-22,4.61774318,0.99025173
de,tien_nghiem,2025-01-23,4.61755558,0.99024796
de,tien_nghiem,2025-01-24,4.57703494,0.98943102
de,tien_nghiem,2025-01-25,4.61862080,0.99026913
de,tien_nghiem,2025-01-26,4.60400755,0.98997858
de,tien_nghiem,2025-01-27,4.61372910,0.99017231
de,tien_nghiem,2025-02-02,4.58363810,0.98956652
de,tien_nghiem,2025-02-03,4.60620110,0.99002259
de,tien_nghiem,2025-02-04,4.60150129,0.98992847
de,tien_nghiem,2025-02-05,4.61894342,0.99027559
de,tien_nghiem,2025-02-06,4.55842435,0.98904482
de,tien_nghiem,2025-02-07,4.60897682,0.99007822
de,tien_nghiem,2025-02-08,4.61782961,0.99025380
de,tien_nghiem,2025-02-09,4.58824621,0.98966077
de,tien_nghiem,2025-02-10,4.58109535,0.98951490
de,tien_nghiem,2025-02-11,4.60973783,0.99009353
de,tien_nghiem,2025-02-12,4.59927514,0.98988409
de,tien_nghiem,2025-02-13,4.59492239,0.98979636
de,tien_nghiem,2025-02-14,4.61848521,0.99026696
de,tien_nghiem,2025-02-15,4.61644736,0.99022661
de,tien_nghiem,2025-02-16,4.61794874,0.99025620
de,tien_nghiem,2025-02-17,4.61702225,0.99023781
de,tien_nghiem,2025-02-18,4.60736608,0.99004597
de,tien_nghiem,2025-02-19,4.61899607,0.99027670
de,tien_nghiem,2025-02-20,4.61188032,0.99013576
de,tien_nghiem,2025-02-21,4.61769395,0.99025089
de,tien_nghiem,2025-02-22,4.60667988,0.99003208
de,tien_nghiem,2025-02-23,4.60347275,0.98996793
de,tien_nghiem,2025-02-24,4.61872910,0.99027128
de,tien_nghiem,2025-02-25,4.61135791,0.99012523
de,tien_nghiem,2025-02-26,4.60513890,0.99000121
de,tien_nghiem,2025-02-27,4.59749262,0.98984771
de,tien_nghiem,2025-02-28,4.59290276,0.98975505
de,tien_nghiem,2025-03-01,4.61776805,0.99025237
de,tien_nghiem,2025-03-02,4.60434826,0.98998548
de,tien_nghiem,2025-03-03,4.60534493,0.99000544
de,tien_nghiem,2025-03-04,4.61873151,0.99027135
de,tien_nghiem,2025-03-05,4.61359775,0.99016972
de,tien_nghiem,2025-03-06,4.61675946,0.99023229
de,tien_nghiem,2025-03-07,4.61759361,0.99024871
de,tien_nghiem,2025-03-08,4.61788322,0.99025437
de,tien_nghiem,2025-03-09,4.61130976,0.99012408
de,tien_nghiem,2025-03-10,4.61895815,0.99027552
de,tien_nghiem,2025-03-11,4.61424487,0.99018226
de,tien_nghiem,2025-03-12,4.59988347,0.98989554
de,tien_nghiem,2025-03-13,4.61623475,0.99022169
de,tien_nghiem,2025-03-14,4.60818982,0.99006188
de,tien_nghiem,2025-03-15,4.59171245,0.98973061
de,tien_nghiem,2025-03-16,4.59385631,0.98977413
de,tien_nghiem,2025-03-17,4.61442642,0.99018605
de,tien_nghiem,2025-03-18,4.61240655,0.99014595
de,tien_nghiem,2025-03-19,4.61733629,0.99024357
de,tien_nghiem,2025-03-20,4.61812272,0.99025904
de,tien_nghiem,2025-03-21,4.61810013,0.99025854
de,tien_nghiem,2025-03-22,4.60955451,0.99008905
de,tien_nghiem,2025-03-23,4.61359525,0.99016935
de,tien_nghiem,2025-03-24,4.61895198,0.99027527
de,tien_nghiem,2025-03-25,4.60793953,0.99005678
de,tien_nghiem,2025-03-26,4.59217765,0.98973994
de,tien_nghiem,2025-03-27,4.59625064,0.98982241
de,tien_nghiem,2025-03-28,4.61778598,0.99025241
de,tien_nghiem,2025-03-29,4.59820445,0.98986182
de,tien_nghiem,2025-03-30,4.61899736,0.99027633
de,tien_nghiem,2025-03-31,4.59910574,0.98987997
de,tien_nghiem,2025-04-01,4.61461731,0.99018974
de,tien_nghiem,2025-04-02,4.59849449,0.98986769
de,tien_nghiem,2025-04-03,4.61713890,0.99023966
de,tien_nghiem,2025-04-04,4.58493491,0.98959283
de,tien_nghiem,2025-04-05,4.61429498,0.99018347
de,tien_nghiem,2025-04-06,4.61784989,0.99025376
de,tien_nghiem,2025-04-07,4.59861590,0.98987019
de,tien_nghiem,2025-04-08,4.61899631,0.99027639
de,tien_nghiem,2025-04-09,4.60763170,0.99005087
de,tien_nghiem,2025-04-10,4.61159200,0.99012973
de,tien_nghiem,2025-04-11,4.58768551,0.98964892
de,tien_nghiem,2025-04-12,4.55805499,0.98903696
de,tien_nghiem,2025-04-13,4.58218375,0.98953707
de,tien_nghiem,2025-04-14,4.60212823,0.98994134
de,tien_nghiem,2025-04-15,4.61427219,0.99018350
de,tien_nghiem,2025-04-16,4.56934702,0.98927277
de,tien_nghiem,2025-04-17,4.61365572,0.99017144
de,tien_nghiem,2025-04-18,4.61339504,0.99016620
de,tien_nghiem,2025-04-19,4.58557681,0.98960659
de,tien_nghiem,2025-04-20,4.58321326,0.98955844
de,tien_nghiem,2025-04-21,4.61593520,0.99021670
de,tien_nghiem,2025-04-22,4.54891331,0.98884508
de,tien_nghiem,2025-04-23,4.61171821,0.99013334
de,tien_nghiem,2025-04-24,4.61884376,0.99027435
de,tien_nghiem,2025-04-25,4.60809492,0.99006104
de,tien_nghiem,2025-04-26,4.60764080,0.99005194
de,tien_nghiem,2025-04-27,4.61214915,0.99014165
de,tien_nghiem,2025-04-28,4.61864452,0.99027018
de,tien_nghiem,2025-04-29,4.60898295,0.99007851
de,tien_nghiem,2025-04-30,4.61211604,0.99014080
de,tien_nghiem,2025-05-01,4.61822001,0.99026161
de,tien_nghiem,2025-05-02,4.61887909,0.99027453
de,tien_nghiem,2025-05-03,4.61864831,0.99026989
de,tien_nghiem,2025-05-04,4.61235337,0.99014521
de,tien_nghiem,2025-05-05,4.60503504,0.98999932
de,tien_nghiem,2025-05-06,4.58965214,0.98968925
de,tien_nghiem,2025-05-07,4.61851656,0.99026728
de,tien_nghiem,2025-05-08,4.61896558,0.99027606
de,tien_nghiem,2025-05-09,4.55043190,0.98887669
de,tien_nghiem,2025-05-10,4.61891694,0.99027538
de,tien_nghiem,2025-05-11,4.58938248,0.98968397
de,tien_nghiem,2025-05-12,4.59546700,0.98980732
de,tien_nghiem,2025-05-13,4.52888004,0.98841686
de,tien_nghiem,2025-05-14,4.60855486,0.99007043
de,tien_nghiem,2025-05-15,4.59332343,0.98976445
de,tien_nghiem,2025-05-16,4.60464674,0.98999237
de,tien_nghiem,2025-05-17,4.61007132,0.99010060
de,tien_nghiem,2025-05-18,4.61047714,0.99010861
de,tien_nghiem,2025-05-19,4.61330203,0.99016467
de,tien_nghiem,2025-05-20,4.61827698,0.99026305
de,tien_nghiem,2025-05-21,4.60274675,0.98995399
de,tien_nghiem,2025-05-22,4.61850636,0.99026747
de,tien_nghiem,2025-05-23,4.59481763,0.98979430
de,tien_nghiem,2025-05-24,4.61561548,0.99021029
de,tien_nghiem,2025-05-25,4.59995874,0.98989790
de,tien_nghiem,2025-05-26,4.57460242,0.98938162
de,tien_nghiem,2025-05-27,4.57077373,0.98930270
de,tien_nghiem,2025-05-28,4.61853625,0.99026833
de,tien_nghiem,2025-05-29,4.61539858,0.99020620
de,tien_nghiem,2025-05-30,4.61754694,0.99024860
de,tien_nghiem,2025-05-31,4.61899776,0.99027715
de,tien_nghiem,2025-06-01,4.61873880,0.99027194
de,tien_nghiem,2025-06-02,4.55483796,0.98896990
de,tien_nghiem,2025-06-03,4.60144790,0.98992803
de,tien_nghiem,2025-06-04,4.61259627,0.99015059
de,tien_nghiem,2025-06-05,4.61665167,0.99023087
de,tien_nghiem,2025-06-06,4.59597241,0.98981766
de,tien_nghiem,2025-06-07,4.61884420,0.99027412
de,tien_nghiem,2025-06-08,4.61662642,0.99023022
de,tien_nghiem,2025-06-09,4.61350883,0.99016841
de,tien_nghiem,2025-06-10,4.59269756,0.98975125
de,tien_nghiem,2025-06-11,4.59918010,0.98988218
de,tien_nghiem,2025-06-12,4.61886920,0.99027448
de,tien_nghiem,2025-06-13,4.60491175,0.98999711
de,tien_nghiem,2025-06-14,4.61760721,0.99024947
de,tien_nghiem,2025-06-15,4.60688651,0.99003649
de,tien_nghiem,2025-06-16,4.61743308,0.99024594
de,tien_nghiem,2025-06-17,4.59565137,0.98981082
de,tien_nghiem,2025-06-18,4.61790193,0.99025518
de,tien_nghiem,2025-06-19,4.58924614,0.98968106
de,tien_nghiem,2025-06-20,4.61013092,0.99010116
de,tien_nghiem,2025-06-21,4.61810602,0.99025921
de,tien_nghiem,2025-06-22,4.59844389,0.98986710
de,tien_nghiem,2025-06-23,4.57994778,0.98949126
de,tien_nghiem,2025-06-24,4.60145929,0.98992792
de,tien_nghiem,2025-06-25,4.60227602,0.98994433
de,tien_nghiem,2025-06-26,4.58964122,0.98968930
de,tien_nghiem,2025-06-27,4.59822123,0.98986293
de,tien_nghiem,2025-06-28,4.59118685,0.98972080
de,tien_nghiem,2025-06-29,4.56739921,0.98923264
de,tien_nghiem,2025-06-30,4.61801525,0.99025798
de,tien_nghiem,2025-07-01,4.60019778,0.98990292
de,tien_nghiem,2025-07-02,4.59684929,0.98983552
de,tien_nghiem,2025-07-03,4.61566112,0.99021138
de,tien_nghiem,2025-07-04,4.61315023,0.99016154
de,tien_nghiem,2025-07-05,4.61557431,0.99020951
de,tien_nghiem,2025-07-06,4.60737999,0.99004657
de,tien_nghiem,2025-07-07,4.59821197,0.98986275
de,tien_nghiem,2025-07-08,4.61507377,0.99019953
de,tien_nghiem,2025-07-09,4.61363851,0.99017101
de,tien_nghiem,2025-07-10,4.60467831,0.98999246
de,tien_nghiem,2025-07-11,4.61576767,0.99021312
de,tien_nghiem,2025-07-12,4.58184723,0.98953028
de,tien_nghiem,2025-07-13,4.57345337,0.98935786
de,tien_nghiem,2025-07-14,4.61748188,0.99024728
de,tien_nghiem,2025-07-15,4.61790142,0.99025547
de,tien_nghiem,2025-07-16,4.60433579,0.98998567
de,tien_nghiem,2025-07-17,4.61879418,0.99027300
de,tien_nghiem,2025-07-18,4.58749747,0.98964568
de,tien_nghiem,2025-07-19,4.59800616,0.98985858
de,tien_nghiem,2025-07-20,4.61896169,0.99027635
de,tien_nghiem,2025-07-21,4.61724732,0.99024240
de,tien_nghiem,2025-07-22,4.61297299,0.99015768
de,tien_nghiem,2025-07-23,4.57954879,0.98948313
de,tien_nghiem,2025-07-24,4.61844617,0.99026610
de,tien_nghiem,2025-07-25,4.60971485,0.99009294
de,tien_nghiem,2025-07-26,4.61777092,0.99025265
de,tien_nghiem,2025-07-27,4.57520056,0.98939367
de,tien_nghiem,2025-07-28,4.61728062,0.99024307
de,tien_nghiem,2025-07-29,4.61737899,0.99024494
de,tien_nghiem,2025-07-30,4.59059021,0.98970843
de,tien_nghiem,2025-07-31,4.61899890,0.99027693
de,tien_nghiem,2025-08-01,4.60404337,0.98997962
de,tien_nghiem,2025-08-02,4.61143162,0.99012701
de,tien_nghiem,2025-08-03,4.58169788,0.98952714
de,tien_nghiem,2025-08-04,4.61464388,0.99019086
de,tien_nghiem,2025-08-05,4.61044758,0.99010749
de,tien_nghiem,2025-08-06,4.59313834,0.98976009
de,tien_nghiem,2025-08-07,4.61297483,0.99015774
de,tien_nghiem,2025-08-08,4.61027717,0.99010408
de,tien_nghiem,2025-08-09,4.60634731,0.99002570
de,tien_nghiem,2025-08-10,4.60460659,0.98999089
de,tien_nghiem,2025-08-11,4.61724992,0.99024231
de,tien_nghiem,2025-08-12,4.61790284,0.99025513
de,tien_nghiem,2025-08-13,4.57517764,0.98939308
de,tien_nghiem,2025-08-14,4.61762550,0.99024977
de,tien_nghiem,2025-08-15,4.58687633,0.98963289
de,tien_nghiem,2025-08-16,4.59960167,0.98989056
de,tien_nghiem,2025-08-17,4.61899885,0.99027695
de,tien_nghiem,2025-08-18,4.60245827,0.98994787
de,tien_nghiem,2025-08-19,4.61416291,0.99018125
de,tien_nghiem,2025-08-20,4.60562314,0.99001120
de,tien_nghiem,2025-08-21,4.61877168,0.99027233
de,tien_nghiem,2025-08-22,4.57601929,0.98941046
de,tien_nghiem,2025-08-23,4.60073866,0.98991342
de,tien_nghiem,2025-08-24,4.60186342,0.98993602
de,tien_nghiem,2025-08-25,4.61890592,0.99027512
de,tien_nghiem,2025-08-26,4.60369460,0.98997266
de,tien_nghiem,2025-08-27,4.61880952,0.99027314
de,tien_nghiem,2025-08-28,4.59022856,0.98970104
de,tien_nghiem,2025-08-29,4.60894961,0.99007766
de,tien_nghiem,2025-08-30,4.59656843,0.98982941
de,tien_nghiem,2025-08-31,4.61013217,0.99010123
de,tien_nghiem,2025-09-01,4.59109622,0.98971873
de,tien_nghiem,2025-09-02,4.60904139,0.99007956
de,tien_nghiem,2025-09-03,4.61748142,0.99024697
de,tien_nghiem,2025-09-04,4.61886573,0.99027422
de,tien_nghiem,2025-09-05,4.61695038,0.99023632
de,tien_nghiem,2025-09-06,4.59456061,0.98978870
de,tien_nghiem,2025-09-07,4.61899903,0.99027677
de,tien_nghiem,2025-09-08,4.56577445,0.98919837
de,tien_nghiem,2025-09-09,4.61675935,0.99023271
de,tien_nghiem,2025-09-10,4.61742062,0.99024571
de,tien_nghiem,2025-09-11,4.61836720,0.99026432
de,tien_nghiem,2025-09-12,4.61849199,0.99026671
de,tien_nghiem,2025-09-13,4.61119225,0.99012204
de,tien_nghiem,2025-09-14,4.61322102,0.99016230
de,tien_nghiem,2025-09-15,4.61875386,0.99027173
de,tien_nghiem,2025-09-16,4.61065071,0.99011113
de,tien_nghiem,2025-09-17,4.57979495,0.98948781
de,tien_nghiem,2025-09-18,4.60047095,0.98990777
de,tien_nghiem,2025-09-19,4.58953917,0.98968694
de,tien_nghiem,2025-09-20,4.61584333,0.99021445
de,tien_nghiem,2025-09-21,4.60578185,0.99001428
de,tien_nghiem,2025-09-22,4.61810212,0.99025903
de,tien_nghiem,2025-09-23,4.61219084,0.99014190
de,tien_nghiem,2025-09-24,4.61261589,0.99015031
de,tien_nghiem,2025-09-25,4.61696147,0.99023635
de,tien_nghiem,2025-09-26,4.61810188,0.99025882
de,tien_nghiem,2025-09-27,4.60341743,0.98996670
de,tien_nghiem,2025-09-28,4.59983195,0.98989476
de,tien_nghiem,2025-09-29,4.58003426,0.98949277
de,tien_nghiem,2025-09-30,4.61375656,0.99017302
de,tien_nghiem,2025-10-01,4.61875865,0.99027191
de,tien_nghiem,2025-10-02,4.61829816,0.99026275
de,tien_nghiem,2025-10-03,4.61434265,0.99018445
de,tien_nghiem,2025-10-04,4.57120426,0.98931081
de,tien_nghiem,2025-10-05,4.60288786,0.98995633
de,tien_nghiem,2025-10-06,4.59702314,0.98983844
de,tien_nghiem,2025-10-07,4.61223863,0.99014297
de,tien_nghiem,2025-10-08,4.60393380,0.98997732
de,tien_nghiem,2025-10-09,4.61825927,0.99026215
de,tien_nghiem,2025-10-10,4.61340625,0.99016604
de,tien_nghiem,2025-10-11,4.60518986,0.99000235
de,tien_nghiem,2025-10-12,4.60774820,0.99005346
de,tien_nghiem,2025-10-13,4.61788504,0.99025464
de,tien_nghiem,2025-10-14,4.61541112,0.99020566
de,tien_nghiem,2025-10-15,4.61873205,0.99027124
de,tien_nghiem,2025-10-16,4.61136365,0.99012525
de,tien_nghiem,2025-10-17,4.60406316,0.98997960
de,tien_nghiem,2025-10-18,4.57356202,0.98935951
de,tien_nghiem,2025-10-19,4.61819037,0.99026070
de,tien_nghiem,2025-10-20,4.61881998,0.99027306
de,tien_nghiem,2025-10-21,4.61491154,0.99019572
de,tien_nghiem,2025-10-22,4.61896426,0.99027579
de,tien_nghiem,2025-10-23,4.59946498,0.98988730
de,tien_nghiem,2025-10-24,4.61795161,0.99025579
de,tien_nghiem,2025-10-25,4.58686457,0.98963224
de,tien_nghiem,2025-10-26,4.61899922,0.99027653
de,tien_nghiem,2025-10-27,4.57246386,0.98933684
de,tien_nghiem,2025-10-28,4.59547258,0.98980711
de,tien_nghiem,2025-10-29,4.61500807,0.99019786
de,tien_nghiem,2025-10-30,4.60238523,0.98994624
de,tien_nghiem,2025-10-31,4.60576124,0.99001386
de,tien_nghiem,2025-11-01,4.60533782,0.99000539
de,tien_nghiem,2025-11-02,4.61898902,0.99027652
de,tien_nghiem,2025-11-03,4.61896066,0.99027588
de,tien_nghiem,2025-11-04,4.60932751,0.99008486
de,tien_nghiem,2025-11-05,4.59326365,0.98976232
de,tien_nghiem,2025-11-06,4.61394648,0.99017672
de,tien_nghiem,2025-11-07,4.61865402,0.99026978
de,tien_nghiem,2025-11-08,4.58736608,0.98964258
de,tien_nghiem,2025-11-09,4.57256363,0.98933909
de,tien_nghiem,2025-11-10,4.58209032,0.98953522
de,tien_nghiem,2025-11-11,4.61562778,0.99021039
de,tien_nghiem,2025-11-12,4.61605689,0.99021881
de,tien_nghiem,2025-11-13,4.59375912,0.98977265
de,tien_nghiem,2025-11-14,4.61898842,0.99027671
de,tien_nghiem,2025-11-15,4.55165301,0.98890266
de,tien_nghiem,2025-11-16,4.59798022,0.98985818
de,tien_nghiem,2025-11-17,4.61712500,0.99024020
de,tien_nghiem,2025-11-18,4.61891530,0.99027546
de,tien_nghiem,2025-11-19,4.61381660,0.99017452
de,tien_nghiem,2025-11-20,4.60147797,0.98992830
de,tien_nghiem,2025-11-21,4.57930654,0.98947828
de,tien_nghiem,2025-11-22,4.61700504,0.99023775
de,tien_nghiem,2025-11-23,4.61882387,0.99027358
de,tien_nghiem,2025-11-24,4.61319645,0.99016216
de,tien_nghiem,2025-11-25,4.61886479,0.99027424
de,tien_nghiem,2025-11-26,4.61635071,0.99022450
de,tien_nghiem,2025-11-27,4.61559714,0.99020952
de,tien_nghiem,2025-11-28,4.61108011,0.99011986
de,tien_nghiem,2025-11-29,4.61193542,0.99013683
de,tien_nghiem,2025-11-30,4.59519723,0.98980149
de,tien_nghiem,2025-12-01,4.61414822,0.99018077
de,tien_nghiem,2025-12-02,4.59710668,0.98984004
de,tien_nghiem,2025-12-03,4.59219431,0.98974082
de,tien_nghiem,2025-12-04,4.61877863,0.99027244
de,tien_nghiem,2025-12-05,4.61224289,0.99014298
de,tien_nghiem,2025-12-06,4.61899361,0.99027656
de,tien_nghiem,2025-12-07,4.58768684,0.98964917
de,tien_nghiem,2025-12-08,4.58292830,0.98955221
de,tien_nghiem,2025-12-09,4.59786692,0.98985558
de,tien_nghiem,2025-12-10,4.60783581,0.99005546
de,tien_nghiem,2025-12-11,4.61573865,0.99021246
de,tien_nghiem,2025-12-12,4.61202122,0.99013869
de,tien_nghiem,2025-12-13,4.60084689,0.98991544
de,tien_nghiem,2025-12-14,4.58613508,0.98961778
de,tien_nghiem,2025-12-15,4.60997002,0.99009801
de,tien_nghiem,2025-12-16,4.56304022,0.98914161
de,tien_nghiem,2025-12-17,4.61890385,0.99027527
de,tien_nghiem,2025-12-18,4.57765347,0.98944440
de,tien_nghiem,2025-12-19,4.61084555,0.99011572
de,tien_nghiem,2025-12-20,4.61723618,0.99024235
de,tien_nghiem,2025-12-21,4.58738396,0.98964349
de,tien_nghiem,2025-12-22,4.61891897,0.99027559
de,tien_nghiem,2025-12-23,4.61413879,0.99018096
de,tien_nghiem,2025-12-24,4.59856209,0.98986973
de,tien_nghiem,2025-12-25,4.61848055,0.99026680
de,tien_nghiem,2025-12-26,4.56301854,0.98914122
de,tien_nghiem,2025-12-27,4.61859935,0.99026932
de,tien_nghiem,2025-12-28,4.60761981,0.99005136
de,tien_nghiem,2025-12-29,4.61660825,0.99022986
de,tien_nghiem,2025-12-30,4.61756010,0.99024859
de,tien_nghiem,2025-12-31,4.61644434,0.99022646
de,tien_nghiem,2026-01-01,4.57641485,0.98941871
de,tien_nghiem,2026-01-02,4.61897156,0.99027648
de,tien_nghiem,2026-01-03,4.61764684,0.99025024
de,tien_nghiem,2026-01-04,4.60480043,0.98999478
de,tien_nghiem,2026-01-05,4.58309412,0.98955574
de,tien_nghiem,2026-01-06,4.61538472,0.99020556
de,tien_nghiem,2026-01-07,4.61896929,0.99027633
de,tien_nghiem,2026-01-08,4.60753287,0.99004935
de,tien_nghiem,2026-01-09,4.61604522,0.99021846
de,tien_nghiem,2026-01-10,4.59643113,0.98982653
de,tien_nghiem,2026-01-11,4.57696325,0.98942996
de,tien_nghiem,2026-01-12,4.61733165,0.99024406
de,tien_nghiem,2026-01-13,4.60692960,0.99003738
de,tien_nghiem,2026-01-14,4.61715173,0.99024041
de,tien_nghiem,2026-01-15,4.61721140,0.99024152
de,tien_nghiem,2026-01-16,4.61517689,0.99020120
de,tien_nghiem,2026-01-17,4.61498021,0.99019725
de,tien_nghiem,2026-01-18,4.61898846,0.99027642
de,tien_nghiem,2026-01-19,4.60111852,0.98992068
de,tien_nghiem,2026-01-20,4.61753952,0.99024778
de,tien_nghiem,2026-01-21,4.57184928,0.98932421
de,tien_nghiem,2026-01-22,4.61678823,0.99023309
de,tien_nghiem,2026-01-23,4.59085688,0.98971368
de,tien_nghiem,2026-01-24,4.58899989,0.98967607
de,tien_nghiem,2026-01-25,4.61719206,0.99024120
de,tien_nghiem,2026-01-26,4.61545772,0.99020682
de,tien_nghiem,2026-01-27,4.61863989,0.99026965
de,tien_nghiem,2026-01-28,4.60908671,0.99008017
de,tien_nghiem,2026-01-29,4.60931417,0.99008468
de,tien_nghiem,2026-01-30,4.61573508,0.99021214
de,tien_nghiem,2026-01-31,4.61342255,0.99016627
de,tien_nghiem,2026-02-01,4.61771644,0.99025122
de,tien_nghiem,2026-02-02,4.61745225,0.99024594
de,tien_nghiem,2026-02-03,4.60356280,0.98996957
de,tien_nghiem,2026-02-04,4.59804390,0.98985873
de,tien_nghiem,2026-02-05,4.58568045,0.98960821
de,tien_nghiem,2026-02-06,4.61074666,0.99011318
de,tien_nghiem,2026-02-07,4.61849007,0.99026657
de,tien_nghiem,2026-02-08,4.59062598,0.98970886
de,tien_nghiem,2026-02-09,4.61456003,0.99018889
de,tien_nghiem,2026-02-10,4.61168513,0.99013180
de,tien_nghiem,2026-02-11,4.59513132,0.98980010
de,tien_nghiem,2026-02-12,4.61852017,0.99026719
de,tien_nghiem,2026-02-13,4.56583246,0.98919946
de,tien_nghiem,2026-02-14,4.59758330,0.98984984
de,tien_nghiem,2026-02-15,4.58730237,0.98964163
de,tien_nghiem,2026-02-21,4.61893898,0.99027572
de,tien_nghiem,2026-02-22,4.61298493,0.99015783
de,tien_nghiem,2026-02-23,4.61508182,0.99019935
de,tien_nghiem,2026-02-24,4.60877894,0.99007408
de,tien_nghiem,2026-02-25,4.60895330,0.99007754
de,tien_nghiem,2026-02-26,4.60951173,0.99008865
de,tien_nghiem,2026-02-27,4.61387982,0.99017542
de,tien_nghiem,2026-02-28,4.60971912,0.99009271
de,tien_nghiem,2026-03-01,4.59047687,0.98970589
de,tien_nghiem,2026-03-02,4.61832155,0.99026333
de,tien_nghiem,2026-03-03,4.60495912,0.98999773
de,tien_nghiem,2026-03-04,4.61762508,0.99024951
de,tien_nghiem,2026-03-05,4.61125038,0.99012313
de,tien_nghiem,2026-03-06,4.61015894,0.99010139
de,tien_nghiem,2026-03-07,4.60728347,0.99004407
de,tien_nghiem,2026-03-08,4.60043185,0.98990686
de,tien_nghiem,2026-03-09,4.60509508,0.99000039
de,tien_nghiem,2026-03-10,4.61893878,0.99027539
de,tien_nghiem,2026-03-11,4.58632604,0.98962138
de,tien_nghiem,2026-03-12,4.60754091,0.99004932
de,tien_nghiem,2026-03-13,4.58603315,0.98961553
de,tien_nghiem,2026-03-14,4.57449114,0.98937900
de,tien_nghiem,2026-03-15,4.61616352,0.99022094
de,tien_nghiem,2026-03-16,4.61378567,0.99017378
de,tien_nghiem,2026-03-17,4.61889475,0.99027477
de,tien_nghiem,2026-03-18,4.61895497,0.99027587
de,tien_nghiem,2026-03-19,4.61745574,0.99024620
de,tien_nghiem,2026-03-20,4.58303012,0.98955418
de,tien_nghiem,2026-03-21,4.61122671,0.99012283
de,tien_nghiem,2026-03-22,4.61802302,0.99025745
de,tien_nghiem,2026-03-23,4.60545918,0.99000774
de,tien_nghiem,2026-03-24,4.61172937,0.99013272
de,tien_nghiem,2026-03-25,4.61464845,0.99019061
de,tien_nghiem,2026-03-26,4.60831641,0.99006472
de,tien_nghiem,2026-03-27,4.61896817,0.99027595
de,tien_nghiem,2026-03-28,4.60383799,0.98997515
de,tien_nghiem,2026-03-29,4.58590926,0.98961288
de,tien_nghiem,2026-03-30,4.61801934,0.99025731
de,tien_nghiem,2026-03-31,4.59874645,0.98987301
de,tien_nghiem,2026-04-01,4.61817156,0.99026029
de,tien_nghiem,2026-04-02,4.61790870,0.99025503
de,tien_nghiem,2026-04-03,4.61867302,0.99027006
de,tien_nghiem,2026-04-04,4.60175590,0.98993335
de,tien_nghiem,2026-04-05,4.60495108,0.98999741
de,tien_nghiem,2026-04-06,4.61829331,0.99026255
de,tien_nghiem,2026-04-07,4.61550038,0.99020728
de,tien_nghiem,2026-04-08,4.61681623,0.99023327
de,tien_nghiem,2026-04-09,4.61838508,0.99026421
de,tien_nghiem,2026-04-10,4.61780384,0.99025267
de,tien_nghiem,2026-04-11,4.61755405,0.99024769
de,tien_nghiem,2026-04-12,4.61885524,0.99027333
de,tien_nghiem,2026-04-13,4.60916164,0.99008111
de,tien_nghiem,2026-04-14,4.61328035,0.99016299
de,tien_nghiem,2026-04-15,4.59222069,0.98974075
de,tien_nghiem,2026-04-16,4.61695792,0.99023591
de,tien_nghiem,2026-04-17,4.58423226,0.98957832
de,tien_nghiem,2026-04-18,4.61637941,0.99022459
de,tien_nghiem,2026-04-19,4.59301804,0.98975708
de,tien_nghiem,2026-04-20,4.61456949,0.99018882
de,tien_nghiem,2026-04-21,4.61804465,0.99025751
de,tien_nghiem,2026-04-22,4.58778532,0.98965088
de,tien_nghiem,2026-04-23,4.61768466,0.99025048
de,tien_nghiem,2026-04-24,4.58822102,0.98965982
de,tien_nghiem,2026-04-25,4.60975844,0.99009337
de,tien_nghiem,2026-04-26,4.61504671,0.99019836
de,tien_nghiem,2026-04-27,4.59590753,0.98981565
de,tien_nghiem,2026-04-28,4.61340799,0.99016591
de,tien_nghiem,2026-04-29,4.60697733,0.99003791
de,tien_nghiem,2026-04-30,4.61290034,0.99015581
de,tien_nghiem,2026-05-01,4.59258990,0.98974858
de,tien_nghiem,2026-05-02,4.60491346,0.98999673
de,tien_nghiem,2026-05-03,4.60382642,0.98997499
de,tien_nghiem,2026-05-04,4.60745540,0.99004755
de,tien_nghiem,2026-05-05,4.61171326,0.99013233
de,tien_nghiem,2026-05-06,4.61899858,0.99027654
de,tien_nghiem,2026-05-07,4.61866413,0.99026987
de,tien_nghiem,2026-05-08,4.61663319,0.99022968
de,tien_nghiem,2026-05-09,4.61069843,0.99011194
de,tien_nghiem,2026-05-10,4.61662237,0.99022941
de,tien_nghiem,2026-05-11,4.59050946,0.98970625
de,tien_nghiem,2026-05-12,4.61402162,0.99017798
de,tien_nghiem,2026-05-13,4.59800298,0.98985784
de,tien_nghiem,2026-05-14,4.58792648,0.98965390
de,tien_nghiem,2026-05-15,4.60773642,0.99005315
de,tien_nghiem,2026-05-16,4.60396558,0.98997778
de,tien_nghiem,2026-05-17,4.61790528,0.99025499
de,tien_nghiem,2026-05-18,4.61569695,0.99021127
de,tien_nghiem,2026-05-19,4.59578346,0.98981317
de,tien_nghiem,2026-05-20,4.60602991,0.99001905
de,tien_nghiem,2026-05-21,4.61564613,0.99021030
de,tien_nghiem,2026-05-22,4.60181637,0.98993463
de,tien_nghiem,2026-05-23,4.61573165,0.99021197
de,tien_nghiem,2026-05-24,4.58013364,0.98949475
de,tien_nghiem,2026-05-25,4.61502160,0.99019804
de,tien_nghiem,2026-05-26,4.61897384,0.99027610
de,tien_nghiem,2026-05-27,4.61537208,0.99020485
de,tien_nghiem,2026-05-28,4.60811430,0.99006060
de,tien_nghiem,2026-05-29,4.57550326,0.98939957
de,tien_nghiem,2026-05-30,4.60575538,0.99001370
de,tien_nghiem,2026-05-31,4.61410424,0.99017989
de,tien_nghiem,2026-06-01,4.61436683,0.99018505
de,tien_nghiem,2026-06-02,4.59867495,0.98987158
de,tien_nghiem,2026-06-03,4.61214819,0.99014104
de,tien_nghiem,2026-06-04,4.61499806,0.99019752
de,tien_nghiem,2026-06-05,4.61369001,0.99017155
de,tien_nghiem,2026-06-06,4.61885607,0.99027369
de,tien_nghiem,2026-06-07,4.61101403,0.99011831
de,tien_nghiem,2026-06-08,4.61684034,0.99023380
de,tien_nghiem,2026-06-09,4.59995904,0.98989720
de,tien_nghiem,2026-06-10,4.61519820,0.99020131
de,tien_nghiem,2026-06-11,4.58838029,0.98966308
de,tien_nghiem,2026-06-12,4.61802661,0.99025731
de,tien_nghiem,2026-06-13,4.60383950,0.98997514
de,tien_nghiem,2026-06-14,4.61139861,0.99012598
de,tien_nghiem,2026-06-15,4.61417195,0.99018100
de,tien_nghiem,2026-06-16,4.60231456,0.98994454
de,tien_nghiem,2026-06-17,4.61868155,0.99027018
de,tien_nghiem,2026-06-18,4.60334327,0.98996513
de,tien_nghiem,2026-06-19,4.60327344,0.98996377
de,tien_nghiem,2026-06-20,4.61825809,0.99026182
de,tien_nghiem,2026-06-21,4.56974590,0.98928052
de,tien_nghiem,2026-06-22,4.59390280,0.98977532
de,tien_nghiem,2026-06-23,4.60171492,0.98993280
de,tien_nghiem,2026-06-24,4.58305556,0.98955483
de,tien_nghiem,2026-06-25,4.61849737,0.99026697
de,tien_nghiem,2026-06-26,4.58588054,0.98961257
de,tien_nghiem,2026-06-27,4.59880593,0.98987454
de,tien_nghiem,2026-06-28,4.61558497,0.99020948
de,tien_nghiem,2026-06-29,4.60001260,0.98989878
de,tien_nghiem,2026-06-30,4.60146693,0.98992803
de,tien_nghiem,2026-07-01,4.58370426,0.98956829
de,tien_nghiem,2026-07-02,4.59983820,0.98989545
de,tien_nghiem,2026-07-03,4.60162716,0.98993141
de,tien_nghiem,2026-07-04,4.61631157,0.99022400
de,tien_nghiem,2026-07-05,4.61893106,0.99027566
de,tien_nghiem,2026-07-06,4.61277128,0.99015369
de,tien_nghiem,2026-07-07,4.61849420,0.99026690
de,tien_nghiem,2026-07-08,4.60077892,0.98991409
de,tien_nghiem,2026-07-09,4.60748703,0.99004842
de,tien_nghiem,2026-07-10,4.61558657,0.99020937
de,tien_nghiem,2026-07-11,4.61656528,0.99022867
de,tien_nghiem,2026-07-12,4.60757370,0.99005001
de,tien_nghiem,2026-07-13,4.61864107,0.99026960
de,tien_nghiem,2026-07-14,4.61159733,0.99013004
de,tien_nghiem,2026-07-15,4.61742870,0.99024556
de,tien_nghiem,2026-07-16,4.61454160,0.99018838
de,tien_nghiem,2026-07-17,4.58297360,0.98955289
de,tien_nghiem,2026-07-18,4.61786193,0.99025417
de,tien_nghiem,2026-07-19,4.60762587,0.99005092
de,tien_nghiem,2026-07-20,4.61388699,0.99017544
de,tien_nghiem,2026-07-21,4.61716087,0.99024021
de,tien_nghiem,2026-07-22,4.57772383,0.98944524
de,tien_nghiem,2026-07-23,4.54861622,0.98883828
de,tien_nghiem,2026-07-24,4.58057396,0.98950430
de,tien_nghiem,2026-07-25,4.58599351,0.98961523
de,tien_nghiem,2026-07-26,4.60297561,0.98995863
de,tien_nghiem,2026-07-27,4.61875895,0.99027250
de,tien_nghiem,2026-07-28,4.60456241,0.98999030
de,tien_nghiem,2026-07-29,4.58506420,0.98959626
de,tien_nghiem,2026-07-30,4.61883863,0.99027407
de,tien_nghiem,2026-07-31,4.61893913,0.99027595
de,tien_nghiem,2026-08-01,4.60581161,0.99001519
de,tien_nghiem,2026-08-02,4.61896016,0.99027626
de,tien_nghiem,2026-08-03,4.59412745,0.98978018
de,tien_nghiem,2026-08-04,4.61403898,0.99017891
de,tien_nghiem,2026-08-05,4.60755893,0.99004998
de,tien_nghiem,2026-08-06,4.59990583,0.98989668
de,tien_nghiem,2026-08-07,4.60297476,0.98995831
de,tien_nghiem,2026-08-08,4.61678544,0.99023324
de,tien_nghiem,2026-08-09,4.61310450,0.99016026
de,tien_nghiem,2026-08-10,4.61819240,0.99026091
de,tien_nghiem,2026-08-11,4.61654645,0.99022831
de,tien_nghiem,2026-08-12,4.61876885,0.99027214
de,tien_nghiem,2026-08-13,4.61744155,0.99024586
de,tien_nghiem,2026-08-14,4.61899421,0.99027644
de,tien_nghiem,2026-08-15,4.61168005,0.99013157
de,tien_nghiem,2026-08-16,4.59855283,0.98986899
de,tien_nghiem,2026-08-17,4.58573517,0.98960933
de,tien_nghiem,2026-08-18,4.57762988,0.98944350
de,tien_nghiem,2026-08-19,4.61195984,0.99013748
de,tien_nghiem,2026-08-20,4.58989038,0.98969416
de,tien_nghiem,2026-08-21,4.61536367,0.99020503
de,tien_nghiem,2026-08-22,4.61416034,0.99018113
de,tien_nghiem,2026-08-23,4.58376829,0.98956943
de,tien_nghiem,2026-08-24,4.61357854,0.99016968
de,tien_nghiem,2026-08-25,4.61177239,0.99013377
de,tien_nghiem,2026-08-26,4.61544539,0.99020657
de,tien_nghiem,2026-08-27,4.61868399,0.99027052
de,tien_nghiem,2026-08-28,4.60622528,0.99002307
de,tien_nghiem,2026-08-29,4.60842198,0.99006692
de,tien_nghiem,2026-08-30,4.61887207,0.99027414
de,tien_nghiem,2026-08-31,4.59674505,0.98983268
de,tien_nghiem,2026-09-01,4.59664483,0.98983073
de,tien_nghiem,2026-09-02,4.60754277,0.99004942
de,tien_nghiem,2026-09-03,4.61577017,0.99021289
de,tien_nghiem,2026-09-04,4.61809036,0.99025870
de,tien_nghiem,2026-09-05,4.58293651,0.98955223
de,tien_nghiem,2026-09-06,4.61772761,0.99025161
de,tien_nghiem,2026-09-07,4.60868041,0.99007205
de,tien_nghiem,2026-09-08,4.61135577,0.99012528
de,tien_nghiem,2026-09-09,4.60735539,0.99004558
de,tien_nghiem,2026-09-10,4.61598877,0.99021713
de,tien_nghiem,2026-09-11,4.61265814,0.99015107
de,tien_nghiem,2026-09-12,4.60816284,0.99006160
de,tien_nghiem,2026-09-13,4.61117132,0.99012149
de,tien_nghiem,2026-09-14,4.60431796,0.98998476
de,tien_nghiem,2026-09-15,4.61829983,0.99026270
de,tien_nghiem,2026-09-16,4.58167781,0.98952635
de,tien_nghiem,2026-09-17,4.60281633,0.98995479
de,tien_nghiem,2026-09-18,4.59998938,0.98989807
de,tien_nghiem,2026-09-19,4.61731691,0.99024346
de,tien_nghiem,2026-09-20,4.58380822,0.98957009
de,tien_nghiem,2026-09-21,4.61362864,0.99017052
de,tien_nghiem,2026-09-22,4.58041876,0.98950081
de,tien_nghiem,2026-09-23,4.61834312,0.99026391
de,tien_nghiem,2026-09-24,4.59761928,0.98985051
de,tien_nghiem,2026-09-25,4.61183164,0.99013493
de,tien_nghiem,2026-09-26,4.58577084,0.98961033
de,tien_nghiem,2026-09-27,4.61897955,0.99027652
de,tien_nghiem,2026-09-28,4.61899677,0.99027677
de,tien_nghiem,2026-09-29,4.59009316,0.98969823
de,tien_nghiem,2026-09-30,4.59618374,0.98982162
de,tien_nghiem,2026-10-01,4.61632897,0.99022415
de,tien_nghiem,2026-10-02,4.59289608,0.98975515
de,bayes_lgb,2023-12-26,4.57254673,0.98947204
de,bayes_lgb,2023-12-27,4.59166609,0.98984814
de,bayes_lgb,2023-12-28,4.72120579,0.99230403
de,bayes_lgb,2023-12-29,4.63647259,0.99072050
de,bayes_lgb,2023-12-30,4.57906536,0.98960215
de,bayes_lgb,2023-12-31,4.60603052,0.99011526
de,bayes_lgb,2024-01-01,4.59219477,0.98984167
de,bayes_lgb,2024-01-02,4.65403211,0.99110454
de,bayes_lgb,2024-01-03,4.77275407,0.99324145
de,bayes_lgb,2024-01-04,4.72487485,0.99241713
de,bayes_lgb,2024-01-05,4.75494544,0.99291334
de,bayes_lgb,2024-01-06,4.49015459,0.98765091
de,bayes_lgb,2024-01-07,4.73572541,0.99256098
de,bayes_lgb,2024-01-08,4.61966846,0.99043689
de,bayes_lgb,2024-01-09,4.59470245,0.98990396
de,bayes_lgb,2024-01-10,4.42184367,0.98607190
de,bayes_lgb,2024-01-11,4.43392018,0.98641107
de,bayes_lgb,2024-01-12,4.59954909,0.99001134
de,bayes_lgb,2024-01-13,4.61695511,0.99036088
de,bayes_lgb,2024-01-14,4.45289957,0.98683724
de,bayes_lgb,2024-01-15,4.75163713,0.99285629
de,bayes_lgb,2024-01-16,4.66153488,0.99124033
de,bayes_lgb,2024-01-17,4.58182095,0.98962588
de,bayes_lgb,2024-01-18,4.69127305,0.99179037
de,bayes_lgb,2024-01-19,4.67107193,0.99146451
de,bayes_lgb,2024-01-20,4.31661916,0.98346932
de,bayes_lgb,2024-01-21,4.59544476,0.98993178
de,bayes_lgb,2024-01-22,4.73292824,0.99257089
de,bayes_lgb,2024-01-23,4.52054239,0.98837378
de,bayes_lgb,2024-01-24,4.47484861,0.98734167
de,bayes_lgb,2024-01-25,4.62791750,0.99062512
de,bayes_lgb,2024-01-26,4.59677386,0.99001283
de,bayes_lgb,2024-01-27,4.73143591,0.99254034
de,bayes_lgb,2024-01-28,4.75145065,0.99285144
de,bayes_lgb,2024-01-29,4.69711413,0.99190461
de,bayes_lgb,2024-01-30,4.72564468,0.99243052
de,bayes_lgb,2024-01-31,4.78653600,0.99342280
de,bayes_lgb,2024-02-01,4.59900933,0.99000006
de,bayes_lgb,2024-02-02,4.38774246,0.98524263
de,bayes_lgb,2024-02-03,4.51915959,0.98831850
de,bayes_lgb,2024-02-04,4.77392124,0.99321239
de,bayes_lgb,2024-02-05,4.65235642,0.99103941
de,bayes_lgb,2024-02-06,4.59804998,0.98996382
de,bayes_lgb,2024-02-07,4.60013109,0.98997630
de,bayes_lgb,2024-02-08,4.68858563,0.99168538
de,bayes_lgb,2024-02-14,4.60894131,0.99016861
de,bayes_lgb,2024-02-15,4.70376211,0.99198790
de,bayes_lgb,2024-02-16,4.57475923,0.98951241
de,bayes_lgb,2024-02-17,4.55563387,0.98909134
de,bayes_lgb,2024-02-18,4.69306618,0.99172662
de,bayes_lgb,2024-02-19,4.59154097,0.98976618
de,bayes_lgb,2024-02-20,4.67574468,0.99140927
de,bayes_lgb,2024-02-21,4.68870520,0.99164685
de,bayes_lgb,2024-02-22,4.58731052,0.98969788
de,bayes_lgb,2024-02-23,4.47816633,0.98734047
de,bayes_lgb,2024-02-24,4.69792461,0.99181996
de,bayes_lgb,2024-02-25,4.57950814,0.98953302
de,bayes_lgb,2024-02-26,4.62203625,0.99038383
de,bayes_lgb,2024-02-27,4.62416772,0.99043096
de,bayes_lgb,2024-02-28,4.43577844,0.98634994
de,bayes_lgb,2024-02-29,4.58063293,0.98955266
de,bayes_lgb,2024-03-01,4.58588159,0.98965548
de,bayes_lgb,2024-03-02,4.51993226,0.98826236
de,bayes_lgb,2024-03-03,4.61496018,0.99025327
de,bayes_lgb,2024-03-04,4.63020131,0.99053976
de,bayes_lgb,2024-03-05,4.64080027,0.99074710
de,bayes_lgb,2024-03-06,4.61837584,0.99030896
de,bayes_lgb,2024-03-07,4.61499579,0.99024528
de,bayes_lgb,2024-03-08,4.61981049,0.99033400
de,bayes_lgb,2024-03-09,4.43689213,0.98637030
de,bayes_lgb,2024-03-10,4.55511760,0.98901148
de,bayes_lgb,2024-03-11,4.52802406,0.98843776
de,bayes_lgb,2024-03-12,4.60858010,0.99012117
de,bayes_lgb,2024-03-13,4.55708611,0.98906186
de,bayes_lgb,2024-03-14,4.67681905,0.99142725
de,bayes_lgb,2024-03-15,4.66880591,0.99127907
de,bayes_lgb,2024-03-16,4.59015825,0.98974910
de,bayes_lgb,2024-03-17,4.60592864,0.99005752
de,bayes_lgb,2024-03-18,4.60971980,0.99012490
de,bayes_lgb,2024-03-19,4.50313149,0.98790700
de,bayes_lgb,2024-03-20,4.53495698,0.98859538
de,bayes_lgb,2024-03-21,4.55234513,0.98895769
de,bayes_lgb,2024-03-22,4.63096290,0.99054947
de,bayes_lgb,2024-03-23,4.71239529,0.99208047
de,bayes_lgb,2024-03-24,4.64798232,0.99089186
de,bayes_lgb,2024-03-25,4.65326724,0.99099425
de,bayes_lgb,2024-03-26,4.60444083,0.99002964
de,bayes_lgb,2024-03-27,4.46102254,0.98694768
de,bayes_lgb,2024-03-28,4.58560483,0.98965670
de,bayes_lgb,2024-03-29,4.56821976,0.98929237
de,bayes_lgb,2024-03-30,4.61818064,0.99029804
de,bayes_lgb,2024-03-31,4.66451121,0.99119222
de,bayes_lgb,2024-04-01,4.63886054,0.99070661
de,bayes_lgb,2024-04-02,4.69264592,0.99171651
de,bayes_lgb,2024-04-03,4.65578886,0.99102814
de,bayes_lgb,2024-04-04,4.60619466,0.99006673
de,bayes_lgb,2024-04-05,4.59660347,0.98986382
de,bayes_lgb,2024-04-06,4.56263786,0.98918624
de,bayes_lgb,2024-04-07,4.57737480,0.98947967
de,bayes_lgb,2024-04-08,4.54062790,0.98871999
de,bayes_lgb,2024-04-09,4.68694498,0.99162241
de,bayes_lgb,2024-04-10,4.53761230,0.98865597
de,bayes_lgb,2024-04-11,4.61916802,0.99033935
de,bayes_lgb,2024-04-12,4.57917080,0.98952165
de,bayes_lgb,2024-04-13,4.59470249,0.98984907
de,bayes_lgb,2024-04-14,4.63726663,0.99068429
de,bayes_lgb,2024-04-15,4.61035312,0.99018156
de,bayes_lgb,2024-04-16,4.66209140,0.99116491
de,bayes_lgb,2024-04-17,4.57855163,0.98952941
de,bayes_lgb,2024-04-18,4.65252152,0.99099142
de,bayes_lgb,2024-04-19,4.61468063,0.99023965
de,bayes_lgb,2024-04-20,4.62050698,0.99035373
de,bayes_lgb,2024-04-21,4.60102437,0.98996765
de,bayes_lgb,2024-04-22,4.62148431,0.99037976
de,bayes_lgb,2024-04-23,4.54771064,0.98886318
de,bayes_lgb,2024-04-24,4.38751611,0.98520467
de,bayes_lgb,2024-04-25,4.71714065,0.99218060
de,bayes_lgb,2024-04-26,4.68231535,0.99155118
de,bayes_lgb,2024-04-27,4.64253186,0.99079379
de,bayes_lgb,2024-04-28,4.45165096,0.98673363
de,bayes_lgb,2024-04-29,4.68077487,0.99150109
de,bayes_lgb,2024-04-30,4.61493807,0.99023251
de,bayes_lgb,2024-05-01,4.56837742,0.98929986
de,bayes_lgb,2024-05-02,4.58932799,0.98972577
de,bayes_lgb,2024-05-03,4.68260383,0.99154255
de,bayes_lgb,2024-05-04,4.59786206,0.98989947
de,bayes_lgb,2024-05-05,4.52576832,0.98839625
de,bayes_lgb,2024-05-06,4.65672678,0.99109615
de,bayes_lgb,2024-05-07,4.73801341,0.99255747
de,bayes_lgb,2024-05-08,4.56180912,0.98916889
de,bayes_lgb,2024-05-09,4.60562694,0.99007755
de,bayes_lgb,2024-05-10,4.67259107,0.99137117
de,bayes_lgb,2024-05-11,4.61884137,0.99035694
de,bayes_lgb,2024-05-12,4.66309131,0.99119409
de,bayes_lgb,2024-05-13,4.44631952,0.98661836
de,bayes_lgb,2024-05-14,4.58770919,0.98970619
de,bayes_lgb,2024-05-15,4.68052722,0.99150748
de,bayes_lgb,2024-05-16,4.67682885,0.99145167
de,bayes_lgb,2024-05-17,4.58995315,0.98975001
de,bayes_lgb,2024-05-18,4.58465754,0.98965243
de,bayes_lgb,2024-05-19,4.53929129,0.98868263
de,bayes_lgb,2024-05-20,4.65668374,0.99106902
de,bayes_lgb,2024-05-21,4.63899322,0.99071501
de,bayes_lgb,2024-05-22,4.72135460,0.99225023
de,bayes_lgb,2024-05-23,4.44738920,0.98664325
de,bayes_lgb,2024-05-24,4.47990799,0.98740358
de,bayes_lgb,2024-05-25,4.66158296,0.99116204
de,bayes_lgb,2024-05-26,4.49689024,0.98776993
de,bayes_lgb,2024-05-27,4.45366488,0.98678632
de,bayes_lgb,2024-05-28,4.58757816,0.98966390
de,bayes_lgb,2024-05-29,4.55266224,0.98894950
de,bayes_lgb,2024-05-30,4.61858860,0.99028835
de,bayes_lgb,2024-05-31,4.60199637,0.98995605
de,bayes_lgb,2024-06-01,4.64912056,0.99088410
de,bayes_lgb,2024-06-02,4.63378255,0.99058874
de,bayes_lgb,2024-06-03,4.61498408,0.99021207
de,bayes_lgb,2024-06-04,4.67330353,0.99133676
de,bayes_lgb,2024-06-05,4.57129806,0.98933243
de,bayes_lgb,2024-06-06,4.59317879,0.98977927
de,bayes_lgb,2024-06-07,4.59367175,0.98978759
de,bayes_lgb,2024-06-08,4.65654323,0.99102213
de,bayes_lgb,2024-06-09,4.59437036,0.98980403
de,bayes_lgb,2024-06-10,4.63570560,0.99062007
de,bayes_lgb,2024-06-11,4.68032564,0.99146963
de,bayes_lgb,2024-06-12,4.62406439,0.99039776
de,bayes_lgb,2024-06-13,4.56615709,0.98922378
de,bayes_lgb,2024-06-14,4.57601172,0.98943221
de,bayes_lgb,2024-06-15,4.57573662,0.98942611
de,bayes_lgb,2024-06-16,4.45828836,0.98686514
de,bayes_lgb,2024-06-17,4.64684207,0.99083926
de,bayes_lgb,2024-06-18,4.48512793,0.98746897
de,bayes_lgb,2024-06-19,4.63602873,0.99062747
de,bayes_lgb,2024-06-20,4.65482060,0.99099187
de,bayes_lgb,2024-06-21,4.54217337,0.98872408
de,bayes_lgb,2024-06-22,4.60294976,0.98997670
de,bayes_lgb,2024-06-23,4.61235002,0.99016380
de,bayes_lgb,2024-06-24,4.58297216,0.98956897
de,bayes_lgb,2024-06-25,4.55401061,0.98897089
de,bayes_lgb,2024-06-26,4.62117119,0.99033814
de,bayes_lgb,2024-06-27,4.67991280,0.99146959
de,bayes_lgb,2024-06-28,4.53022487,0.98846209
de,bayes_lgb,2024-06-29,4.57945010,0.98950059
de,bayes_lgb,2024-06-30,4.57404182,0.98939727
de,bayes_lgb,2024-07-01,4.65077666,0.99091563
de,bayes_lgb,2024-07-02,4.63442066,0.99060032
de,bayes_lgb,2024-07-03,4.61613753,0.99024614
de,bayes_lgb,2024-07-04,4.65575710,0.99101021
de,bayes_lgb,2024-07-05,4.69361975,0.99171470
de,bayes_lgb,2024-07-06,4.58995103,0.98971671
de,bayes_lgb,2024-07-07,4.57777976,0.98947203
de,bayes_lgb,2024-07-08,4.64893456,0.99088021
de,bayes_lgb,2024-07-09,4.61211208,0.99016585
de,bayes_lgb,2024-07-10,4.62432193,0.99040911
de,bayes_lgb,2024-07-11,4.68597827,0.99157623
de,bayes_lgb,2024-07-12,4.64408272,0.99079253
de,bayes_lgb,2024-07-13,4.61546051,0.99022702
de,bayes_lgb,2024-07-14,4.64665764,0.99083366
de,bayes_lgb,2024-07-15,4.58488919,0.98960954
de,bayes_lgb,2024-07-16,4.58607477,0.98963390
de,bayes_lgb,2024-07-17,4.49524391,0.98775200
de,bayes_lgb,2024-07-18,4.42840273,0.98620041
de,bayes_lgb,2024-07-19,4.67372848,0.99139318
de,bayes_lgb,2024-07-20,4.61656305,0.99029560
de,bayes_lgb,2024-07-21,4.44316067,0.98656800
de,bayes_lgb,2024-07-22,4.73766623,0.99254612
de,bayes_lgb,2024-07-23,4.52526040,0.98842196
de,bayes_lgb,2024-07-24,4.45553957,0.98686013
de,bayes_lgb,2024-07-25,4.64449040,0.99084971
de,bayes_lgb,2024-07-26,4.50999944,0.98808790
de,bayes_lgb,2024-07-27,4.70121835,0.99192868
de,bayes_lgb,2024-07-28,4.66404670,0.99122340
de,bayes_lgb,2024-07-29,4.61603548,0.99028949
de,bayes_lgb,2024-07-30,4.48204026,0.98745743
de,bayes_lgb,2024-07-31,4.58211869,0.98960304
de,bayes_lgb,2024-08-01,4.58032450,0.98959231
de,bayes_lgb,2024-08-02,4.60185982,0.99003688
de,bayes_lgb,2024-08-03,4.76244932,0.99301962
de,bayes_lgb,2024-08-04,4.58183769,0.98963279
de,bayes_lgb,2024-08-05,4.68294152,0.99158974
de,bayes_lgb,2024-08-06,4.72044324,0.99224733
de,bayes_lgb,2024-08-07,4.62735994,0.99053186
de,bayes_lgb,2024-08-08,4.87872591,0.99485591
de,bayes_lgb,2024-08-09,4.73742077,0.99256704
de,bayes_lgb,2024-08-10,4.49758434,0.98781585
de,bayes_lgb,2024-08-11,4.61045563,0.99017267
de,bayes_lgb,2024-08-12,4.59813532,0.98993972
de,bayes_lgb,2024-08-13,4.58159422,0.98959828
de,bayes_lgb,2024-08-14,4.72135555,0.99225932
de,bayes_lgb,2024-08-15,4.68008238,0.99152013
de,bayes_lgb,2024-08-16,4.58935265,0.98976339
de,bayes_lgb,2024-08-17,4.79412390,0.99352613
de,bayes_lgb,2024-08-18,4.63293970,0.99061610
de,bayes_lgb,2024-08-19,4.59234608,0.98982413
de,bayes_lgb,2024-08-20,4.66534468,0.99124290
de,bayes_lgb,2024-08-21,4.65367976,0.99101901
de,bayes_lgb,2024-08-22,4.71544349,0.99217701
de,bayes_lgb,2024-08-23,4.57070033,0.98939355
de,bayes_lgb,2024-08-24,4.73887189,0.99258995
de,bayes_lgb,2024-08-25,4.61289327,0.99023961
de,bayes_lgb,2024-08-26,4.47135984,0.98722332
de,bayes_lgb,2024-08-27,4.54019871,0.98874041
de,bayes_lgb,2024-08-28,4.59979314,0.98996791
de,bayes_lgb,2024-08-29,4.61370758,0.99024603
de,bayes_lgb,2024-08-30,4.49104941,0.98768012
de,bayes_lgb,2024-08-31,4.54536560,0.98882760
de,bayes_lgb,2024-09-01,4.66012651,0.99114976
de,bayes_lgb,2024-09-02,4.59399755,0.98986323
de,bayes_lgb,2024-09-03,4.55034481,0.98896725
de,bayes_lgb,2024-09-04,4.65110655,0.99099791
de,bayes_lgb,2024-09-05,4.67620237,0.99145317
de,bayes_lgb,2024-09-06,4.48222709,0.98746969
de,bayes_lgb,2024-09-07,4.58104129,0.98957904
de,bayes_lgb,2024-09-08,4.63209728,0.99060523
de,bayes_lgb,2024-09-09,4.51175708,0.98810334
de,bayes_lgb,2024-09-10,4.58483012,0.98968788
de,bayes_lgb,2024-09-11,4.39316301,0.98536446
de,bayes_lgb,2024-09-12,4.56628291,0.98931075
de,bayes_lgb,2024-09-13,4.50403521,0.98794654
de,bayes_lgb,2024-09-14,4.65367134,0.99104144
de,bayes_lgb,2024-09-15,4.54934002,0.98893603
de,bayes_lgb,2024-09-16,4.59474572,0.98988085
de,bayes_lgb,2024-09-17,4.58326128,0.98962784
de,bayes_lgb,2024-09-18,4.32596379,0.98362825
de,bayes_lgb,2024-09-19,4.53968273,0.98875152
de,bayes_lgb,2024-09-20,4.63243455,0.99061699
de,bayes_lgb,2024-09-21,4.52782951,0.98848023
de,bayes_lgb,2024-09-22,4.55977094,0.98914319
de,bayes_lgb,2024-09-23,4.60342351,0.99004659
de,bayes_lgb,2024-09-24,4.74358816,0.99265654
de,bayes_lgb,2024-09-25,4.56701736,0.98930841
de,bayes_lgb,2024-09-26,4.71340424,0.99214310
de,bayes_lgb,2024-09-27,4.42430736,0.98613928
de,bayes_lgb,2024-09-28,4.70351743,0.99196531
de,bayes_lgb,2024-09-29,4.47770748,0.98735673
de,bayes_lgb,2024-09-30,4.69618688,0.99181643
de,bayes_lgb,2024-10-01,4.67471522,0.99141806
de,bayes_lgb,2024-10-02,4.64955513,0.99094573
de,bayes_lgb,2024-10-03,4.55958183,0.98916099
de,bayes_lgb,2024-10-04,4.72753364,0.99240132
de,bayes_lgb,2024-10-05,4.60375983,0.99004024
de,bayes_lgb,2024-10-06,4.69554359,0.99179598
de,bayes_lgb,2024-10-07,4.53992790,0.98872477
de,bayes_lgb,2024-10-08,4.56311039,0.98922194
de,bayes_lgb,2024-10-09,4.67895230,0.99146925
de,bayes_lgb,2024-10-10,4.68010413,0.99152697
de,bayes_lgb,2024-10-11,4.70330060,0.99192714
de,bayes_lgb,2024-10-12,4.61368625,0.99025557
de,bayes_lgb,2024-10-13,4.63565642,0.99068121
de,bayes_lgb,2024-10-14,4.71003825,0.99205620
de,bayes_lgb,2024-10-15,4.64881358,0.99095628
de,bayes_lgb,2024-10-16,4.49190605,0.98767126
de,bayes_lgb,2024-10-17,4.67908405,0.99148827
de,bayes_lgb,2024-10-18,4.60792972,0.99012120
de,bayes_lgb,2024-10-19,4.64153364,0.99078785
de,bayes_lgb,2024-10-20,4.36589490,0.98465877
de,bayes_lgb,2024-10-21,4.47607057,0.98731384
de,bayes_lgb,2024-10-22,4.59327935,0.98982058
de,bayes_lgb,2024-10-23,4.62204014,0.99041282
de,bayes_lgb,2024-10-24,4.54534840,0.98882418
de,bayes_lgb,2024-10-25,4.62493703,0.99041572
de,bayes_lgb,2024-10-26,4.54445102,0.98877482
de,bayes_lgb,2024-10-27,4.51753893,0.98819573
de,bayes_lgb,2024-10-28,4.56325900,0.98916646
de,bayes_lgb,2024-10-29,4.56300982,0.98915934
de,bayes_lgb,2024-10-30,4.60287666,0.98998393
de,bayes_lgb,2024-10-31,4.57251165,0.98935777
de,bayes_lgb,2024-11-01,4.65574823,0.99101545
de,bayes_lgb,2024-11-02,4.66401142,0.99116780
de,bayes_lgb,2024-11-03,4.61887882,0.99029689
de,bayes_lgb,2024-11-04,4.65533335,0.99100343
de,bayes_lgb,2024-11-05,4.62850596,0.99048567
de,bayes_lgb,2024-11-06,4.67883618,0.99144846
de,bayes_lgb,2024-11-07,4.64484005,0.99080556
de,bayes_lgb,2024-11-08,4.64971261,0.99089780
de,bayes_lgb,2024-11-09,4.52793529,0.98841896
de,bayes_lgb,2024-11-10,4.68174817,0.99149976
de,bayes_lgb,2024-11-11,4.60625283,0.99005032
de,bayes_lgb,2024-11-12,4.62643245,0.99044556
de,bayes_lgb,2024-11-13,4.58875502,0.98969139
de,bayes_lgb,2024-11-14,4.62387715,0.99039654
de,bayes_lgb,2024-11-15,4.60722955,0.99007172
de,bayes_lgb,2024-11-16,4.60941606,0.99011511
de,bayes_lgb,2024-11-17,4.67853382,0.99144845
de,bayes_lgb,2024-11-18,4.60384503,0.99000588
de,bayes_lgb,2024-11-19,4.53879642,0.98865321
de,bayes_lgb,2024-11-20,4.64662809,0.99083811
de,bayes_lgb,2024-11-21,4.62190377,0.99035407
de,bayes_lgb,2024-11-22,4.60091716,0.98993986
de,bayes_lgb,2024-11-23,4.69261823,0.99170355
de,bayes_lgb,2024-11-24,4.61315652,0.99018682
de,bayes_lgb,2024-11-25,4.53704915,0.98862152
de,bayes_lgb,2024-11-26,4.61904046,0.99030267
de,bayes_lgb,2024-11-27,4.61591039,0.99024223
de,bayes_lgb,2024-11-28,4.52631415,0.98838706
de,bayes_lgb,2024-11-29,4.56765181,0.98926195
de,bayes_lgb,2024-11-30,4.53868536,0.98865193
de,bayes_lgb,2024-12-01,4.58033608,0.98952031
de,bayes_lgb,2024-12-02,4.67468752,0.99136877
de,bayes_lgb,2024-12-03,4.59523318,0.98982363
de,bayes_lgb,2024-12-04,4.63898689,0.99069028
de,bayes_lgb,2024-12-05,4.66548174,0.99119830
de,bayes_lgb,2024-12-06,4.59369125,0.98980013
de,bayes_lgb,2024-12-07,4.61822862,0.99028924
de,bayes_lgb,2024-12-08,4.64886627,0.99088289
de,bayes_lgb,2024-12-09,4.65123254,0.99093192
de,bayes_lgb,2024-12-10,4.62331671,0.99038664
de,bayes_lgb,2024-12-11,4.61923041,0.99030337
de,bayes_lgb,2024-12-12,4.57788044,0.98947210
de,bayes_lgb,2024-12-13,4.60819605,0.99008307
de,bayes_lgb,2024-12-14,4.59484569,0.98980677
de,bayes_lgb,2024-12-15,4.62739637,0.99045442
de,bayes_lgb,2024-12-16,4.62549530,0.99041528
de,bayes_lgb,2024-12-17,4.60045801,0.98992437
de,bayes_lgb,2024-12-18,4.59552704,0.98982574
de,bayes_lgb,2024-12-19,4.53253963,0.98850903
de,bayes_lgb,2024-12-20,4.60370979,0.98998599
de,bayes_lgb,2024-12-21,4.59566331,0.98982614
de,bayes_lgb,2024-12-22,4.65565207,0.99100331
de,bayes_lgb,2024-12-23,4.45189198,0.98670773
de,bayes_lgb,2024-12-24,4.59910249,0.98989926
de,bayes_lgb,2024-12-25,4.59914420,0.98989669
de,bayes_lgb,2024-12-26,4.52177779,0.98827539
de,bayes_lgb,2024-12-27,4.48257103,0.98740842
de,bayes_lgb,2024-12-28,4.58399426,0.98958542
de,bayes_lgb,2024-12-29,4.64584483,0.99081551
de,bayes_lgb,2024-12-30,4.60083167,0.98993040
de,bayes_lgb,2024-12-31,4.63393514,0.99058508
de,bayes_lgb,2025-01-01,4.46720392,0.98706209
de,bayes_lgb,2025-01-02,4.68665131,0.99158760
de,bayes_lgb,2025-01-03,4.67504002,0.99136857
de,bayes_lgb,2025-01-04,4.69671848,0.99176742
de,bayes_lgb,2025-01-05,4.63131970,0.99053463
de,bayes_lgb,2025-01-06,4.59885996,0.98989478
de,bayes_lgb,2025-01-07,4.62707099,0.99045228
de,bayes_lgb,2025-01-08,4.60832814,0.99008181
de,bayes_lgb,2025-01-09,4.43061000,0.98620964
de,bayes_lgb,2025-01-10,4.61793078,0.99027430
de,bayes_lgb,2025-01-11,4.66229287,0.99113321
de,bayes_lgb,2025-01-12,4.58145520,0.98953954
de,bayes_lgb,2025-01-13,4.61851323,0.99028414
de,bayes_lgb,2025-01-14,4.58985920,0.98971672
de,bayes_lgb,2025-01-15,4.65115198,0.99091773
de,bayes_lgb,2025-01-16,4.62468257,0.99041398
de,bayes_lgb,2025-01-17,4.65708569,0.99103911
de,bayes_lgb,2025-01-18,4.66313533,0.99114974
de,bayes_lgb,2025-01-19,4.62070525,0.99033317
de,bayes_lgb,2025-01-20,4.59294256,0.98977915
de,bayes_lgb,2025-01-21,4.63860864,0.99068289
de,bayes_lgb,2025-01-22,4.67808883,0.99142592
de,bayes_lgb,2025-01-23,4.67589951,0.99140103
de,bayes_lgb,2025-01-24,4.47327951,0.98721128
de,bayes_lgb,2025-01-25,4.66446141,0.99117393
de,bayes_lgb,2025-01-26,4.51551832,0.98814775
de,bayes_lgb,2025-01-27,4.64959628,0.99089532
de,bayes_lgb,2025-02-02,4.53377472,0.98854480
de,bayes_lgb,2025-02-03,4.62208332,0.99034982
de,bayes_lgb,2025-02-04,4.59878695,0.98989302
de,bayes_lgb,2025-02-05,4.65562944,0.99100951
de,bayes_lgb,2025-02-06,4.77342995,0.99319419
de,bayes_lgb,2025-02-07,4.47283910,0.98726084
de,bayes_lgb,2025-02-08,4.62144206,0.99042459
de,bayes_lgb,2025-02-09,4.58155461,0.98960757
de,bayes_lgb,2025-02-10,4.31734151,0.98343168
de,bayes_lgb,2025-02-11,4.66094387,0.99115740
de,bayes_lgb,2025-02-12,4.67817458,0.99149404
de,bayes_lgb,2025-02-13,4.51422445,0.98819155
de,bayes_lgb,2025-02-14,4.63768234,0.99071678
de,bayes_lgb,2025-02-15,4.64203851,0.99080797
de,bayes_lgb,2025-02-16,4.71272337,0.99214179
de,bayes_lgb,2025-02-17,4.74821475,0.99276048
de,bayes_lgb,2025-02-18,4.73953650,0.99261547
de,bayes_lgb,2025-02-19,4.69597206,0.99181507
de,bayes_lgb,2025-02-20,4.62263325,0.99044753
de,bayes_lgb,2025-02-21,4.42240138,0.98607227
de,bayes_lgb,2025-02-22,4.42470621,0.98612191
de,bayes_lgb,2025-02-23,4.65707945,0.99108226
de,bayes_lgb,2025-02-24,4.62348683,0.99045756
de,bayes_lgb,2025-02-25,4.60229100,0.99003437
de,bayes_lgb,2025-02-26,4.54288191,0.98878619
de,bayes_lgb,2025-02-27,4.62308733,0.99044967
de,bayes_lgb,2025-02-28,4.47967943,0.98740760
de,bayes_lgb,2025-03-01,4.71694155,0.99221449
de,bayes_lgb,2025-03-02,4.55108285,0.98896289
de,bayes_lgb,2025-03-03,4.59032590,0.98978061
de,bayes_lgb,2025-03-04,4.62501418,0.99048248
de,bayes_lgb,2025-03-05,4.67754206,0.99147907
de,bayes_lgb,2025-03-06,4.74775476,0.99275024
de,bayes_lgb,2025-03-07,4.65373153,0.99103503
de,bayes_lgb,2025-03-08,4.65989429,0.99115850
de,bayes_lgb,2025-03-09,4.69119390,0.99175956
de,bayes_lgb,2025-03-10,4.67085022,0.99136393
de,bayes_lgb,2025-03-11,4.71973846,0.99225653
de,bayes_lgb,2025-03-12,4.59580600,0.98988854
de,bayes_lgb,2025-03-13,4.70666953,0.99202076
de,bayes_lgb,2025-03-14,4.60620659,0.99011156
de,bayes_lgb,2025-03-15,4.33928288,0.98399101
de,bayes_lgb,2025-03-16,4.56686258,0.98930255
de,bayes_lgb,2025-03-17,4.56896111,0.98934005
de,bayes_lgb,2025-03-18,4.65098572,0.99097177
de,bayes_lgb,2025-03-19,4.53739882,0.98867126
de,bayes_lgb,2025-03-20,4.69873238,0.99187301
de,bayes_lgb,2025-03-21,4.63361408,0.99063040
de,bayes_lgb,2025-03-22,4.75152631,0.99281052
de,bayes_lgb,2025-03-23,4.71709655,0.99219894
de,bayes_lgb,2025-03-24,4.71063972,0.99206156
de,bayes_lgb,2025-03-25,4.66098714,0.99114332
de,bayes_lgb,2025-03-26,4.63058927,0.99058699
de,bayes_lgb,2025-03-27,4.54772396,0.98888609
de,bayes_lgb,2025-03-28,4.62458889,0.99038809
de,bayes_lgb,2025-03-29,4.55861991,0.98905003
de,bayes_lgb,2025-03-30,4.62936078,0.99048161
de,bayes_lgb,2025-03-31,4.59965541,0.98989236
de,bayes_lgb,2025-04-01,4.61804721,0.99025935
de,bayes_lgb,2025-04-02,4.60010528,0.98990233
de,bayes_lgb,2025-04-03,4.60030854,0.98990631
de,bayes_lgb,2025-04-04,4.58155201,0.98952581
de,bayes_lgb,2025-04-05,4.61878944,0.99027379
de,bayes_lgb,2025-04-06,4.57206809,0.98933108
de,bayes_lgb,2025-04-07,4.60261099,0.98995311
de,bayes_lgb,2025-04-08,4.62933799,0.99048154
de,bayes_lgb,2025-04-09,4.60259664,0.98995349
de,bayes_lgb,2025-04-10,4.60605839,0.99002126
de,bayes_lgb,2025-04-11,4.58882354,0.98967427
de,bayes_lgb,2025-04-12,4.58322545,0.98955977
de,bayes_lgb,2025-04-13,4.55489900,0.98897259
de,bayes_lgb,2025-04-14,4.60247772,0.98994943
de,bayes_lgb,2025-04-15,4.61853929,0.99026914
de,bayes_lgb,2025-04-16,4.55665550,0.98900900
de,bayes_lgb,2025-04-17,4.61092360,0.99011818
de,bayes_lgb,2025-04-18,4.60425959,0.98998485
de,bayes_lgb,2025-04-19,4.57750838,0.98944201
de,bayes_lgb,2025-04-20,4.57164491,0.98932130
de,bayes_lgb,2025-04-21,4.62480272,0.99039203
de,bayes_lgb,2025-04-22,4.56777257,0.98924115
de,bayes_lgb,2025-04-23,4.61432513,0.99018538
de,bayes_lgb,2025-04-24,4.62608790,0.99041734
de,bayes_lgb,2025-04-25,4.59505803,0.98979993
de,bayes_lgb,2025-04-26,4.60544239,0.99000852
de,bayes_lgb,2025-04-27,4.61629962,0.99022501
de,bayes_lgb,2025-04-28,4.62277601,0.99035267
de,bayes_lgb,2025-04-29,4.61167302,0.99013308
de,bayes_lgb,2025-04-30,4.61741345,0.99024775
de,bayes_lgb,2025-05-01,4.61890574,0.99027781
de,bayes_lgb,2025-05-02,4.61795836,0.99025771
de,bayes_lgb,2025-05-03,4.62224562,0.99034222
de,bayes_lgb,2025-05-04,4.59250781,0.98974873
de,bayes_lgb,2025-05-05,4.60241849,0.98994892
de,bayes_lgb,2025-05-06,4.59338062,0.98976680
de,bayes_lgb,2025-05-07,4.62529852,0.99040293
de,bayes_lgb,2025-05-08,4.60540592,0.99000794
de,bayes_lgb,2025-05-09,4.57824659,0.98945762
de,bayes_lgb,2025-05-10,4.62299020,0.99035767
de,bayes_lgb,2025-05-11,4.58778602,0.98965336
de,bayes_lgb,2025-05-12,4.60518512,0.99000436
de,bayes_lgb,2025-05-13,4.54589590,0.98878306
de,bayes_lgb,2025-05-14,4.61462509,0.99019282
de,bayes_lgb,2025-05-15,4.60252218,0.98995030
de,bayes_lgb,2025-05-16,4.59971911,0.98989449
de,bayes_lgb,2025-05-17,4.60584888,0.99002122
de,bayes_lgb,2025-05-18,4.64838763,0.99085298
de,bayes_lgb,2025-05-19,4.62377421,0.99037805
de,bayes_lgb,2025-05-20,4.57114406,0.98931902
de,bayes_lgb,2025-05-21,4.64390327,0.99077170
de,bayes_lgb,2025-05-22,4.63079818,0.99051886
de,bayes_lgb,2025-05-23,4.55426815,0.98897066
de,bayes_lgb,2025-05-24,4.60434832,0.98999539
de,bayes_lgb,2025-05-25,4.62180694,0.99034125
de,bayes_lgb,2025-05-26,4.57571317,0.98941180
de,bayes_lgb,2025-05-27,4.59647992,0.98983519
de,bayes_lgb,2025-05-28,4.63160648,0.99053072
de,bayes_lgb,2025-05-29,4.64219730,0.99073594
de,bayes_lgb,2025-05-30,4.61447835,0.99019512
de,bayes_lgb,2025-05-31,4.65452936,0.99097129
de,bayes_lgb,2025-06-01,4.61150008,0.99013654
de,bayes_lgb,2025-06-02,4.56626804,0.98921620
de,bayes_lgb,2025-06-03,4.59860424,0.98987665
de,bayes_lgb,2025-06-04,4.59256535,0.98975319
de,bayes_lgb,2025-06-05,4.62162426,0.99033523
de,bayes_lgb,2025-06-06,4.61198720,0.99014353
de,bayes_lgb,2025-06-07,4.64383054,0.99076703
de,bayes_lgb,2025-06-08,4.64721553,0.99083272
de,bayes_lgb,2025-06-09,4.63828321,0.99066128
de,bayes_lgb,2025-06-10,4.53700947,0.98859768
de,bayes_lgb,2025-06-11,4.54375477,0.98874172
de,bayes_lgb,2025-06-12,4.63523581,0.99060212
de,bayes_lgb,2025-06-13,4.60754325,0.99005503
de,bayes_lgb,2025-06-14,4.62082756,0.99031902
de,bayes_lgb,2025-06-15,4.61811759,0.99026407
de,bayes_lgb,2025-06-16,4.60251775,0.98995255
de,bayes_lgb,2025-06-17,4.62067592,0.99031576
de,bayes_lgb,2025-06-18,4.60247452,0.98995295
de,bayes_lgb,2025-06-19,4.59015656,0.98970607
de,bayes_lgb,2025-06-20,4.59630695,0.98982952
de,bayes_lgb,2025-06-21,4.58259709,0.98955017
de,bayes_lgb,2025-06-22,4.61246405,0.99015500
de,bayes_lgb,2025-06-23,4.55247022,0.98892479
de,bayes_lgb,2025-06-24,4.51272030,0.98807274
de,bayes_lgb,2025-06-25,4.60238791,0.98995345
de,bayes_lgb,2025-06-26,4.55559494,0.98899105
de,bayes_lgb,2025-06-27,4.60721500,0.99005066
de,bayes_lgb,2025-06-28,4.58135258,0.98952502
de,bayes_lgb,2025-06-29,4.57370188,0.98937025
de,bayes_lgb,2025-06-30,4.61450578,0.99019170
de,bayes_lgb,2025-07-01,4.61231023,0.99015195
de,bayes_lgb,2025-07-02,4.60406853,0.98998798
de,bayes_lgb,2025-07-03,4.65337811,0.99095074
de,bayes_lgb,2025-07-04,4.62077698,0.99031685
de,bayes_lgb,2025-07-05,4.62352889,0.99037474
de,bayes_lgb,2025-07-06,4.61053760,0.99012016
de,bayes_lgb,2025-07-07,4.59319126,0.98977054
de,bayes_lgb,2025-07-08,4.65503848,0.99098265
de,bayes_lgb,2025-07-09,4.63099933,0.99052250
de,bayes_lgb,2025-07-10,4.60825229,0.99007173
de,bayes_lgb,2025-07-11,4.61039377,0.99011715
de,bayes_lgb,2025-07-12,4.53355204,0.98853304
de,bayes_lgb,2025-07-13,4.53250525,0.98850473
de,bayes_lgb,2025-07-14,4.60664218,0.99003967
de,bayes_lgb,2025-07-15,4.60254575,0.98995692
de,bayes_lgb,2025-07-16,4.59550520,0.98981823
de,bayes_lgb,2025-07-17,4.60727376,0.99005480
de,bayes_lgb,2025-07-18,4.57940390,0.98949334
de,bayes_lgb,2025-07-19,4.60849858,0.99007991
de,bayes_lgb,2025-07-20,4.64872620,0.99086466
de,bayes_lgb,2025-07-21,4.65489411,0.99098225
de,bayes_lgb,2025-07-22,4.61194099,0.99014802
de,bayes_lgb,2025-07-23,4.50720934,0.98795357
de,bayes_lgb,2025-07-24,4.60837189,0.99007641
de,bayes_lgb,2025-07-25,4.65791762,0.99104104
de,bayes_lgb,2025-07-26,4.60203218,0.98994837
de,bayes_lgb,2025-07-27,4.54136759,0.98869474
de,bayes_lgb,2025-07-28,4.61927860,0.99029158
de,bayes_lgb,2025-07-29,4.64001658,0.99069586
de,bayes_lgb,2025-07-30,4.54215553,0.98871153
de,bayes_lgb,2025-07-31,4.59415585,0.98979004
de,bayes_lgb,2025-08-01,4.59322570,0.98977367
de,bayes_lgb,2025-08-02,4.59507688,0.98981096
de,bayes_lgb,2025-08-03,4.48141773,0.98738021
de,bayes_lgb,2025-08-04,4.60573296,0.99002311
de,bayes_lgb,2025-08-05,4.60267773,0.98996196
de,bayes_lgb,2025-08-06,4.54904441,0.98886105
de,bayes_lgb,2025-08-07,4.64879723,0.99086368
de,bayes_lgb,2025-08-08,4.63334081,0.99056756
de,bayes_lgb,2025-08-09,4.65819986,0.99104477
de,bayes_lgb,2025-08-10,4.61275484,0.99016341
de,bayes_lgb,2025-08-11,4.65011595,0.99089661
de,bayes_lgb,2025-08-12,4.67316425,0.99132888
de,bayes_lgb,2025-08-13,4.50113896,0.98781899
de,bayes_lgb,2025-08-14,4.63749357,0.99064862
de,bayes_lgb,2025-08-15,4.53871367,0.98864127
de,bayes_lgb,2025-08-16,4.64930647,0.99087686
de,bayes_lgb,2025-08-17,4.63267214,0.99055402
de,bayes_lgb,2025-08-18,4.59678486,0.98984594
de,bayes_lgb,2025-08-19,4.59346550,0.98977764
de,bayes_lgb,2025-08-20,4.63744656,0.99064957
de,bayes_lgb,2025-08-21,4.65536791,0.99099093
de,bayes_lgb,2025-08-22,4.57244627,0.98934636
de,bayes_lgb,2025-08-23,4.60704898,0.99004773
de,bayes_lgb,2025-08-24,4.65532950,0.99099025
de,bayes_lgb,2025-08-25,4.54788744,0.98885318
de,bayes_lgb,2025-08-26,4.64984135,0.99090579
de,bayes_lgb,2025-08-27,4.61655755,0.99025486
de,bayes_lgb,2025-08-28,4.57167864,0.98934342
de,bayes_lgb,2025-08-29,4.67052461,0.99129611
de,bayes_lgb,2025-08-30,4.51930474,0.98823286
de,bayes_lgb,2025-08-31,4.64426263,0.99079255
de,bayes_lgb,2025-09-01,4.60800800,0.99008171
de,bayes_lgb,2025-09-02,4.64190265,0.99074718
de,bayes_lgb,2025-09-03,4.62729029,0.99046565
de,bayes_lgb,2025-09-04,4.64247892,0.99076006
de,bayes_lgb,2025-09-05,4.61173578,0.99015689
de,bayes_lgb,2025-09-06,4.57241930,0.98935622
de,bayes_lgb,2025-09-07,4.46396979,0.98699660
de,bayes_lgb,2025-09-08,4.56982231,0.98930399
de,bayes_lgb,2025-09-09,4.66516232,0.99118882
de,bayes_lgb,2025-09-10,4.61292158,0.99017340
de,bayes_lgb,2025-09-11,4.61119908,0.99014232
de,bayes_lgb,2025-09-12,4.64017360,0.99070993
de,bayes_lgb,2025-09-13,4.63424217,0.99059423
de,bayes_lgb,2025-09-14,4.55731916,0.98904207
de,bayes_lgb,2025-09-15,4.64818949,0.99086627
de,bayes_lgb,2025-09-16,4.60611718,0.99004204
de,bayes_lgb,2025-09-17,4.55602456,0.98901537
de,bayes_lgb,2025-09-18,4.56866635,0.98927991
de,bayes_lgb,2025-09-19,4.49362889,0.98766305
de,bayes_lgb,2025-09-20,4.63599263,0.99063121
de,bayes_lgb,2025-09-21,4.57895196,0.98949848
de,bayes_lgb,2025-09-22,4.65088915,0.99092121
de,bayes_lgb,2025-09-23,4.61793273,0.99028361
de,bayes_lgb,2025-09-24,4.62600580,0.99044025
de,bayes_lgb,2025-09-25,4.66263466,0.99114879
de,bayes_lgb,2025-09-26,4.65052274,0.99091735
de,bayes_lgb,2025-09-27,4.66227769,0.99114058
de,bayes_lgb,2025-09-28,4.63767771,0.99067090
de,bayes_lgb,2025-09-29,4.55707500,0.98905179
de,bayes_lgb,2025-09-30,4.68121211,0.99150252
de,bayes_lgb,2025-10-01,4.56941561,0.98930200
de,bayes_lgb,2025-10-02,4.55721780,0.98905128
de,bayes_lgb,2025-10-03,4.60736598,0.99007846
de,bayes_lgb,2025-10-04,4.61884796,0.99030474
de,bayes_lgb,2025-10-05,4.60204109,0.98996997
de,bayes_lgb,2025-10-06,4.60656227,0.99005637
de,bayes_lgb,2025-10-07,4.63123118,0.99054288
de,bayes_lgb,2025-10-08,4.61340561,0.99018498
de,bayes_lgb,2025-10-09,4.66479328,0.99118114
de,bayes_lgb,2025-10-10,4.63437312,0.99060307
de,bayes_lgb,2025-10-11,4.59835076,0.98988428
de,bayes_lgb,2025-10-12,4.53872036,0.98865200
de,bayes_lgb,2025-10-13,4.61379454,0.99019458
de,bayes_lgb,2025-10-14,4.60876238,0.99009514
de,bayes_lgb,2025-10-15,4.55046544,0.98889946
de,bayes_lgb,2025-10-16,4.58193462,0.98956305
de,bayes_lgb,2025-10-17,4.61888665,0.99030987
de,bayes_lgb,2025-10-18,4.56570273,0.98923295
de,bayes_lgb,2025-10-19,4.64019622,0.99073233
de,bayes_lgb,2025-10-20,4.51536414,0.98817031
de,bayes_lgb,2025-10-21,4.68914820,0.99164923
de,bayes_lgb,2025-10-22,4.67729454,0.99142931
de,bayes_lgb,2025-10-23,4.60401135,0.99001258
de,bayes_lgb,2025-10-24,4.61635061,0.99025486
de,bayes_lgb,2025-10-25,4.34473926,0.98409404
de,bayes_lgb,2025-10-26,4.63960063,0.99071327
de,bayes_lgb,2025-10-27,4.55226772,0.98895218
de,bayes_lgb,2025-10-28,4.56257189,0.98916829
de,bayes_lgb,2025-10-29,4.59560262,0.98984884
de,bayes_lgb,2025-10-30,4.66284996,0.99115312
de,bayes_lgb,2025-10-31,4.54650112,0.98883373
de,bayes_lgb,2025-11-01,4.65744418,0.99106147
de,bayes_lgb,2025-11-02,4.71505850,0.99211878
de,bayes_lgb,2025-11-03,4.58827413,0.98969590
de,bayes_lgb,2025-11-04,4.55974491,0.98910656
de,bayes_lgb,2025-11-05,4.53811640,0.98864835
de,bayes_lgb,2025-11-06,4.66186690,0.99114306
de,bayes_lgb,2025-11-07,4.62342448,0.99039941
de,bayes_lgb,2025-11-08,4.60620711,0.99005691
de,bayes_lgb,2025-11-09,4.51663012,0.98818054
de,bayes_lgb,2025-11-10,4.60493197,0.99002784
de,bayes_lgb,2025-11-11,4.69717298,0.99178817
de,bayes_lgb,2025-11-12,4.65587368,0.99101713
de,bayes_lgb,2025-11-13,4.60933139,0.99011720
de,bayes_lgb,2025-11-14,4.69403724,0.99174226
de,bayes_lgb,2025-11-15,4.60593451,0.99004464
de,bayes_lgb,2025-11-16,4.57981275,0.98952288
de,bayes_lgb,2025-11-17,4.67258084,0.99133402
de,bayes_lgb,2025-11-18,4.58399515,0.98961479
de,bayes_lgb,2025-11-19,4.64098558,0.99073745
de,bayes_lgb,2025-11-20,4.62388900,0.99040446
de,bayes_lgb,2025-11-21,4.53060458,0.98848463
de,bayes_lgb,2025-11-22,4.64928291,0.99088584
de,bayes_lgb,2025-11-23,4.71597470,0.99211971
de,bayes_lgb,2025-11-24,4.65116508,0.99092204
de,bayes_lgb,2025-11-25,4.61695509,0.99025839
de,bayes_lgb,2025-11-26,4.65642446,0.99102060
de,bayes_lgb,2025-11-27,4.66007806,0.99109431
de,bayes_lgb,2025-11-28,4.58551645,0.98962614
de,bayes_lgb,2025-11-29,4.66948316,0.99126916
de,bayes_lgb,2025-11-30,4.54251931,0.98872639
de,bayes_lgb,2025-12-01,4.65703744,0.99103322
de,bayes_lgb,2025-12-02,4.59928056,0.98990937
de,bayes_lgb,2025-12-03,4.55186354,0.98892327
de,bayes_lgb,2025-12-04,4.65643185,0.99102381
de,bayes_lgb,2025-12-05,4.61753194,0.99026838
de,bayes_lgb,2025-12-06,4.62424867,0.99040203
de,bayes_lgb,2025-12-07,4.60009911,0.98991743
de,bayes_lgb,2025-12-08,4.48192559,0.98740032
de,bayes_lgb,2025-12-09,4.61086690,0.99013603
de,bayes_lgb,2025-12-10,4.64409615,0.99078185
de,bayes_lgb,2025-12-11,4.64202998,0.99074358
de,bayes_lgb,2025-12-12,4.65665553,0.99102627
de,bayes_lgb,2025-12-13,4.53210772,0.98850309
de,bayes_lgb,2025-12-14,4.55565542,0.98900361
de,bayes_lgb,2025-12-15,4.64727188,0.99084392
de,bayes_lgb,2025-12-16,4.59678181,0.98984517
de,bayes_lgb,2025-12-17,4.60126039,0.98993946
de,bayes_lgb,2025-12-18,4.53747885,0.98861457
de,bayes_lgb,2025-12-19,4.61760969,0.99026469
de,bayes_lgb,2025-12-20,4.62096572,0.99032687
de,bayes_lgb,2025-12-21,4.60477939,0.99000575
de,bayes_lgb,2025-12-22,4.54607366,0.98879416
de,bayes_lgb,2025-12-23,4.63789456,0.99065868
de,bayes_lgb,2025-12-24,4.57056814,0.98931039
de,bayes_lgb,2025-12-25,4.65116243,0.99091525
de,bayes_lgb,2025-12-26,4.61925023,0.99029218
de,bayes_lgb,2025-12-27,4.53134063,0.98848169
de,bayes_lgb,2025-12-28,4.60689084,0.99004752
de,bayes_lgb,2025-12-29,4.58623421,0.98962953
de,bayes_lgb,2025-12-30,4.56753647,0.98924912
de,bayes_lgb,2025-12-31,4.62633694,0.99043386
de,bayes_lgb,2026-01-01,4.60509889,0.99001811
de,bayes_lgb,2026-01-02,4.67689997,0.99140200
de,bayes_lgb,2026-01-03,4.63568881,0.99062393
de,bayes_lgb,2026-01-04,4.61631759,0.99024077
de,bayes_lgb,2026-01-05,4.49184569,0.98761769
de,bayes_lgb,2026-01-06,4.62319846,0.99037381
de,bayes_lgb,2026-01-07,4.65464082,0.99098190
de,bayes_lgb,2026-01-08,4.62604037,0.99042910
de,bayes_lgb,2026-01-09,4.62474347,0.99040509
de,bayes_lgb,2026-01-10,4.62883308,0.99048555
de,bayes_lgb,2026-01-11,4.58956506,0.98970821
de,bayes_lgb,2026-01-12,4.64209378,0.99073991
de,bayes_lgb,2026-01-13,4.55167003,0.98891579
de,bayes_lgb,2026-01-14,4.68033710,0.99147107
de,bayes_lgb,2026-01-15,4.66970868,0.99127129
de,bayes_lgb,2026-01-16,4.62992656,0.99051121
de,bayes_lgb,2026-01-17,4.63431388,0.99059634
de,bayes_lgb,2026-01-18,4.60272817,0.98997387
de,bayes_lgb,2026-01-19,4.63203693,0.99055873
de,bayes_lgb,2026-01-20,4.65202285,0.99094003
de,bayes_lgb,2026-01-21,4.53608839,0.98859009
de,bayes_lgb,2026-01-22,4.67223937,0.99131940
de,bayes_lgb,2026-01-23,4.52553317,0.98836599
de,bayes_lgb,2026-01-24,4.59708521,0.98985630
de,bayes_lgb,2026-01-25,4.60480121,0.99001471
de,bayes_lgb,2026-01-26,4.56393141,0.98917914
de,bayes_lgb,2026-01-27,4.52387106,0.98832387
de,bayes_lgb,2026-01-28,4.61651018,0.99024414
de,bayes_lgb,2026-01-29,4.59346230,0.98979238
de,bayes_lgb,2026-01-30,4.66127677,0.99111109
de,bayes_lgb,2026-01-31,4.65399199,0.99097934
de,bayes_lgb,2026-02-01,4.59981179,0.98992021
de,bayes_lgb,2026-02-02,4.63179326,0.99055308
de,bayes_lgb,2026-02-03,4.64615496,0.99083112
de,bayes_lgb,2026-02-04,4.57064369,0.98932575
de,bayes_lgb,2026-02-05,4.55685497,0.98903157
de,bayes_lgb,2026-02-06,4.63785088,0.99066692
de,bayes_lgb,2026-02-07,4.61711176,0.99026642
de,bayes_lgb,2026-02-08,4.61077196,0.99013587
de,bayes_lgb,2026-02-09,4.56352357,0.98917338
de,bayes_lgb,2026-02-10,4.60034599,0.98992470
de,bayes_lgb,2026-02-11,4.66431736,0.99117347
de,bayes_lgb,2026-02-12,4.61868202,0.99030065
de,bayes_lgb,2026-02-13,4.65990723,0.99109749
de,bayes_lgb,2026-02-14,4.44610199,0.98657719
de,bayes_lgb,2026-02-15,4.49918857,0.98779347
de,bayes_lgb,2026-02-21,4.59932543,0.98990546
de,bayes_lgb,2026-02-22,4.66679659,0.99121546
de,bayes_lgb,2026-02-23,4.52362782,0.98832581
de,bayes_lgb,2026-02-24,4.60440249,0.99000652
de,bayes_lgb,2026-02-25,4.64550572,0.99081197
de,bayes_lgb,2026-02-26,4.68665805,0.99158712
de,bayes_lgb,2026-02-27,4.68732697,0.99160582
de,bayes_lgb,2026-02-28,4.59618526,0.98984420
de,bayes_lgb,2026-03-01,4.58795670,0.98968075
de,bayes_lgb,2026-03-02,4.59657914,0.98985411
de,bayes_lgb,2026-03-03,4.65863291,0.99106682
de,bayes_lgb,2026-03-04,4.65550088,0.99101378
de,bayes_lgb,2026-03-05,4.54652015,0.98881418
de,bayes_lgb,2026-03-06,4.60420064,0.99000179
de,bayes_lgb,2026-03-07,4.60785851,0.99007864
de,bayes_lgb,2026-03-08,4.62342729,0.99038965
de,bayes_lgb,2026-03-09,4.63287469,0.99057065
de,bayes_lgb,2026-03-10,4.64038347,0.99071555
de,bayes_lgb,2026-03-11,4.56091487,0.98912680
de,bayes_lgb,2026-03-12,4.65611941,0.99102228
de,bayes_lgb,2026-03-13,4.47811661,0.98732152
de,bayes_lgb,2026-03-14,4.61907734,0.99030703
de,bayes_lgb,2026-03-15,4.53620006,0.98860384
de,bayes_lgb,2026-03-16,4.66001274,0.99109595
de,bayes_lgb,2026-03-17,4.64328708,0.99075340
de,bayes_lgb,2026-03-18,4.63604942,0.99061360
de,bayes_lgb,2026-03-19,4.59457262,0.98979171
de,bayes_lgb,2026-03-20,4.58985925,0.98969855
de,bayes_lgb,2026-03-21,4.62021049,0.99030480
de,bayes_lgb,2026-03-22,4.61003843,0.99010254
de,bayes_lgb,2026-03-23,4.61746134,0.99025194
de,bayes_lgb,2026-03-24,4.64448996,0.99077920
de,bayes_lgb,2026-03-25,4.63368837,0.99056905
de,bayes_lgb,2026-03-26,4.58870024,0.98967390
de,bayes_lgb,2026-03-27,4.64256744,0.99074084
de,bayes_lgb,2026-03-28,4.62359601,0.99037071
de,bayes_lgb,2026-03-29,4.59397262,0.98978079
de,bayes_lgb,2026-03-30,4.64299246,0.99074902
de,bayes_lgb,2026-03-31,4.53192670,0.98848754
de,bayes_lgb,2026-04-01,4.61158146,0.99013474
de,bayes_lgb,2026-04-02,4.63543814,0.99060333
de,bayes_lgb,2026-04-03,4.63959803,0.99068388
de,bayes_lgb,2026-04-04,4.60302468,0.98996335
de,bayes_lgb,2026-04-05,4.59491205,0.98979930
de,bayes_lgb,2026-04-06,4.61683854,0.99023750
de,bayes_lgb,2026-04-07,4.63417798,0.99057792
de,bayes_lgb,2026-04-08,4.61254438,0.99015255
de,bayes_lgb,2026-04-09,4.55530150,0.98898413
de,bayes_lgb,2026-04-10,4.59480389,0.98979743
de,bayes_lgb,2026-04-11,4.62818210,0.99046154
de,bayes_lgb,2026-04-12,4.64839456,0.99085179
de,bayes_lgb,2026-04-13,4.62881100,0.99047271
de,bayes_lgb,2026-04-14,4.60241036,0.98995069
de,bayes_lgb,2026-04-15,4.60820617,0.99006520
de,bayes_lgb,2026-04-16,4.63287886,0.99055222
de,bayes_lgb,2026-04-17,4.59910552,0.98988319
de,bayes_lgb,2026-04-18,4.62005141,0.99029981
de,bayes_lgb,2026-04-19,4.59523769,0.98980602
de,bayes_lgb,2026-04-20,4.62258074,0.99035066
de,bayes_lgb,2026-04-21,4.60290081,0.98995926
de,bayes_lgb,2026-04-22,4.58390159,0.98957516
de,bayes_lgb,2026-04-23,4.58884544,0.98967637
de,bayes_lgb,2026-04-24,4.59130074,0.98972537
de,bayes_lgb,2026-04-25,4.61829660,0.99026661
de,bayes_lgb,2026-04-26,4.62712672,0.99044033
de,bayes_lgb,2026-04-27,4.59746607,0.98985300
de,bayes_lgb,2026-04-28,4.62777750,0.99045563
de,bayes_lgb,2026-04-29,4.60822812,0.99006816
de,bayes_lgb,2026-04-30,4.62417820,0.99038248
de,bayes_lgb,2026-05-01,4.59423594,0.98978566
de,bayes_lgb,2026-05-02,4.59308546,0.98976243
de,bayes_lgb,2026-05-03,4.60995927,0.99010171
de,bayes_lgb,2026-05-04,4.62048316,0.99030982
de,bayes_lgb,2026-05-05,4.62636731,0.99042621
de,bayes_lgb,2026-05-06,4.62481067,0.99039422
de,bayes_lgb,2026-05-07,4.61633112,0.99022655
de,bayes_lgb,2026-05-08,4.63134452,0.99052195
de,bayes_lgb,2026-05-09,4.62931715,0.99048103
de,bayes_lgb,2026-05-10,4.62009657,0.99030146
de,bayes_lgb,2026-05-11,4.57297375,0.98934959
de,bayes_lgb,2026-05-12,4.60813682,0.99006201
de,bayes_lgb,2026-05-13,4.60963912,0.99009311
de,bayes_lgb,2026-05-14,4.58480307,0.98959154
de,bayes_lgb,2026-05-15,4.63228170,0.99053796
de,bayes_lgb,2026-05-16,4.60768789,0.99005364
de,bayes_lgb,2026-05-17,4.62447439,0.99038546
de,bayes_lgb,2026-05-18,4.59659480,0.98983094
de,bayes_lgb,2026-05-19,4.60357556,0.98997117
de,bayes_lgb,2026-05-20,4.61760768,0.99025066
de,bayes_lgb,2026-05-21,4.59933862,0.98988621
de,bayes_lgb,2026-05-22,4.60035689,0.98990716
de,bayes_lgb,2026-05-23,4.62331290,0.99036355
de,bayes_lgb,2026-05-24,4.58788037,0.98965502
de,bayes_lgb,2026-05-25,4.62575627,0.99041123
de,bayes_lgb,2026-05-26,4.60370945,0.98997503
de,bayes_lgb,2026-05-27,4.60342010,0.98996922
de,bayes_lgb,2026-05-28,4.61618110,0.99022291
de,bayes_lgb,2026-05-29,4.56024152,0.98908571
de,bayes_lgb,2026-05-30,4.59301550,0.98976033
de,bayes_lgb,2026-05-31,4.60992220,0.99009950
de,bayes_lgb,2026-06-01,4.62228092,0.99034330
de,bayes_lgb,2026-06-02,4.59333037,0.98976680
de,bayes_lgb,2026-06-03,4.61506333,0.99020035
de,bayes_lgb,2026-06-04,4.62392870,0.99037456
de,bayes_lgb,2026-06-05,4.62386315,0.99037341
de,bayes_lgb,2026-06-06,4.61344708,0.99016837
de,bayes_lgb,2026-06-07,4.62925599,0.99048032
de,bayes_lgb,2026-06-08,4.61920857,0.99028262
de,bayes_lgb,2026-06-09,4.58436718,0.98958296
de,bayes_lgb,2026-06-10,4.62624961,0.99042047
de,bayes_lgb,2026-06-11,4.58873402,0.98967172
de,bayes_lgb,2026-06-12,4.60468380,0.98999364
de,bayes_lgb,2026-06-13,4.59573137,0.98981398
de,bayes_lgb,2026-06-14,4.61465294,0.99019254
de,bayes_lgb,2026-06-15,4.62012427,0.99030029
de,bayes_lgb,2026-06-16,4.55828604,0.98904329
de,bayes_lgb,2026-06-17,4.63241874,0.99054156
de,bayes_lgb,2026-06-18,4.61491890,0.99019844
de,bayes_lgb,2026-06-19,4.62655425,0.99042724
de,bayes_lgb,2026-06-20,4.63959088,0.99068073
de,bayes_lgb,2026-06-21,4.57064866,0.98930213
de,bayes_lgb,2026-06-22,4.59435663,0.98978562
de,bayes_lgb,2026-06-23,4.59935006,0.98988713
de,bayes_lgb,2026-06-24,4.59848654,0.98987074
de,bayes_lgb,2026-06-25,4.47868563,0.98732001
de,bayes_lgb,2026-06-26,4.62743253,0.99045786
de,bayes_lgb,2026-06-27,4.62480639,0.99040545
de,bayes_lgb,2026-06-28,4.59766258,0.98986638
de,bayes_lgb,2026-06-29,4.59194802,0.98975038
de,bayes_lgb,2026-06-30,4.55426645,0.98897188
de,bayes_lgb,2026-07-01,4.61784138,0.99026881
de,bayes_lgb,2026-07-02,4.59439719,0.98980344
de,bayes_lgb,2026-07-03,4.54867101,0.98885947
de,bayes_lgb,2026-07-04,4.59362576,0.98978819
de,bayes_lgb,2026-07-05,4.54285016,0.98873995
de,bayes_lgb,2026-07-06,4.60377050,0.98999256
de,bayes_lgb,2026-07-07,4.62325496,0.99038078
de,bayes_lgb,2026-07-08,4.60451252,0.99001048
de,bayes_lgb,2026-07-09,4.61746756,0.99026804
de,bayes_lgb,2026-07-10,4.61111896,0.99014468
de,bayes_lgb,2026-07-11,4.67488243,0.99136854
de,bayes_lgb,2026-07-12,4.67598582,0.99139109
de,bayes_lgb,2026-07-13,4.61615718,0.99024016
de,bayes_lgb,2026-07-14,4.64419169,0.99078412
de,bayes_lgb,2026-07-15,4.56361924,0.98916737
de,bayes_lgb,2026-07-16,4.62107662,0.99033048
de,bayes_lgb,2026-07-17,4.51357193,0.98810137
de,bayes_lgb,2026-07-18,4.63731629,0.99065567
de,bayes_lgb,2026-07-19,4.63037743,0.99051451
de,bayes_lgb,2026-07-20,4.62925075,0.99049361
de,bayes_lgb,2026-07-21,4.55547464,0.98899891
de,bayes_lgb,2026-07-22,4.63135507,0.99053376
de,bayes_lgb,2026-07-23,4.64083746,0.99071971
de,bayes_lgb,2026-07-24,4.53576286,0.98857976
de,bayes_lgb,2026-07-25,4.54700949,0.98882655
de,bayes_lgb,2026-07-26,4.54595499,0.98879791
de,bayes_lgb,2026-07-27,4.53279380,0.98852195
de,bayes_lgb,2026-07-28,4.61114081,0.99013951
de,bayes_lgb,2026-07-29,4.48171055,0.98738942
de,bayes_lgb,2026-07-30,4.65681121,0.99102360
de,bayes_lgb,2026-07-31,4.50340859,0.98787771
de,bayes_lgb,2026-08-01,4.64349253,0.99077388
de,bayes_lgb,2026-08-02,4.67762303,0.99141670
de,bayes_lgb,2026-08-03,4.53030911,0.98846593
de,bayes_lgb,2026-08-04,4.60452526,0.99000656
de,bayes_lgb,2026-08-05,4.62721574,0.99045905
de,bayes_lgb,2026-08-06,4.62263388,0.99036573
de,bayes_lgb,2026-08-07,4.64803987,0.99086309
de,bayes_lgb,2026-08-08,4.65478028,0.99099471
de,bayes_lgb,2026-08-09,4.62731183,0.99046221
de,bayes_lgb,2026-08-10,4.63619419,0.99062872
de,bayes_lgb,2026-08-11,4.49244205,0.98763145
de,bayes_lgb,2026-08-12,4.60147584,0.98994082
de,bayes_lgb,2026-08-13,4.64053897,0.99071309
de,bayes_lgb,2026-08-14,4.62937833,0.99049636
de,bayes_lgb,2026-08-15,4.65703633,0.99103619
de,bayes_lgb,2026-08-16,4.48808159,0.98753294
de,bayes_lgb,2026-08-17,4.52510490,0.98834653
de,bayes_lgb,2026-08-18,4.52964623,0.98844575
de,bayes_lgb,2026-08-19,4.63929725,0.99068375
de,bayes_lgb,2026-08-20,4.63053402,0.99051724
de,bayes_lgb,2026-08-21,4.67426045,0.99135117
de,bayes_lgb,2026-08-22,4.56662064,0.98923838
de,bayes_lgb,2026-08-23,4.58887094,0.98969014
de,bayes_lgb,2026-08-24,4.66588042,0.99119716
de,bayes_lgb,2026-08-25,4.64099946,0.99072026
de,bayes_lgb,2026-08-26,4.50926001,0.98800413
de,bayes_lgb,2026-08-27,4.60908077,0.99009168
de,bayes_lgb,2026-08-28,4.61751915,0.99026520
de,bayes_lgb,2026-08-29,4.66230812,0.99113240
de,bayes_lgb,2026-08-30,4.61101241,0.99013587
de,bayes_lgb,2026-08-31,4.59775811,0.98987313
de,bayes_lgb,2026-09-01,4.57828773,0.98947518
de,bayes_lgb,2026-09-02,4.60212312,0.98995711
de,bayes_lgb,2026-09-03,4.63820790,0.99066956
de,bayes_lgb,2026-09-04,4.56969845,0.98929830
de,bayes_lgb,2026-09-05,4.59524860,0.98982497
de,bayes_lgb,2026-09-06,4.60011140,0.98991921
de,bayes_lgb,2026-09-07,4.57842966,0.98947917
de,bayes_lgb,2026-09-08,4.66967851,0.99126653
de,bayes_lgb,2026-09-09,4.65007767,0.99089534
de,bayes_lgb,2026-09-10,4.65692217,0.99102947
de,bayes_lgb,2026-09-11,4.58391767,0.98959029
de,bayes_lgb,2026-09-12,4.62571440,0.99043253
de,bayes_lgb,2026-09-13,4.59927392,0.98990231
de,bayes_lgb,2026-09-14,4.59507743,0.98982053
de,bayes_lgb,2026-09-15,4.65823317,0.99105708
de,bayes_lgb,2026-09-16,4.55346368,0.98896427
de,bayes_lgb,2026-09-17,4.55685873,0.98903222
de,bayes_lgb,2026-09-18,4.63551770,0.99061768
de,bayes_lgb,2026-09-19,4.66554701,0.99119011
de,bayes_lgb,2026-09-20,4.59552247,0.98982377
de,bayes_lgb,2026-09-21,4.63144662,0.99053676
de,bayes_lgb,2026-09-22,4.57926246,0.98949627
de,bayes_lgb,2026-09-23,4.62461936,0.99040596
de,bayes_lgb,2026-09-24,4.55907549,0.98907080
de,bayes_lgb,2026-09-25,4.59541722,0.98982215
de,bayes_lgb,2026-09-26,4.53380855,0.98853911
de,bayes_lgb,2026-09-27,4.64506256,0.99080019
de,bayes_lgb,2026-09-28,4.62290195,0.99036958
de,bayes_lgb,2026-09-29,4.61341771,0.99018175
de,bayes_lgb,2026-09-30,4.62069582,0.99032982
de,bayes_lgb,2026-10-01,4.66055921,0.99109206
de,bayes_lgb,2026-10-02,4.61733177,0.99025648
de,bayes_lgb_focal_iso,2023-12-26,4.62259275,0.99043621
de,bayes_lgb_focal_iso,2023-12-27,4.64367572,0.99086663
de,bayes_lgb_focal_iso,2023-12-28,4.61790722,0.99032256
de,bayes_lgb_focal_iso,2023-12-29,4.61790722,0.99032256
de,bayes_lgb_focal_iso,2023-12-30,4.61774795,0.99031951
de,bayes_lgb_focal_iso,2023-12-31,4.61774795,0.99031951
de,bayes_lgb_focal_iso,2024-01-01,4.61774795,0.99031951
de,bayes_lgb_focal_iso,2024-01-02,4.61758865,0.99031645
de,bayes_lgb_focal_iso,2024-01-03,4.61758865,0.99031645
de,bayes_lgb_focal_iso,2024-01-04,4.61758865,0.99031645
de,bayes_lgb_focal_iso,2024-01-05,4.61271948,0.99019786
de,bayes_lgb_focal_iso,2024-01-06,4.61271948,0.99019786
de,bayes_lgb_focal_iso,2024-01-07,4.60782649,0.99007741
de,bayes_lgb_focal_iso,2024-01-08,4.60782649,0.99007741
de,bayes_lgb_focal_iso,2024-01-09,4.60782649,0.99007741
de,bayes_lgb_focal_iso,2024-01-10,4.60290943,0.98995505
de,bayes_lgb_focal_iso,2024-01-11,4.60782649,0.99007741
de,bayes_lgb_focal_iso,2024-01-12,4.61255938,0.99019475
de,bayes_lgb_focal_iso,2024-01-13,4.61255938,0.99019475
de,bayes_lgb_focal_iso,2024-01-14,4.61255938,0.99019475
de,bayes_lgb_focal_iso,2024-01-15,4.61255938,0.99019475
de,bayes_lgb_focal_iso,2024-01-16,4.61255938,0.99019475
de,bayes_lgb_focal_iso,2024-01-17,4.62882090,0.99051497
de,bayes_lgb_focal_iso,2024-01-18,4.61271948,0.99019786
de,bayes_lgb_focal_iso,2024-01-19,4.61271948,0.99019786
de,bayes_lgb_focal_iso,2024-01-20,4.62898100,0.99051803
de,bayes_lgb_focal_iso,2024-01-21,4.61287955,0.99020097
de,bayes_lgb_focal_iso,2024-01-22,4.60798734,0.99008057
de,bayes_lgb_focal_iso,2024-01-23,4.60798734,0.99008057
de,bayes_lgb_focal_iso,2024-01-24,4.60798734,0.99008057
de,bayes_lgb_focal_iso,2024-01-25,4.61271948,0.99019786
de,bayes_lgb_focal_iso,2024-01-26,4.61271948,0.99019786
de,bayes_lgb_focal_iso,2024-01-27,4.61271948,0.99019786
de,bayes_lgb_focal_iso,2024-01-28,4.62898100,0.99051803
de,bayes_lgb_focal_iso,2024-01-29,4.62424886,0.99040226
de,bayes_lgb_focal_iso,2024-01-30,4.60814818,0.99008374
de,bayes_lgb_focal_iso,2024-01-31,4.60814818,0.99008374
de,bayes_lgb_focal_iso,2024-02-01,4.60798734,0.99008057
de,bayes_lgb_focal_iso,2024-02-02,4.60782649,0.99007741
de,bayes_lgb_focal_iso,2024-02-03,4.60766560,0.99007424
de,bayes_lgb_focal_iso,2024-02-04,4.60766560,0.99007424
de,bayes_lgb_focal_iso,2024-02-05,4.60766560,0.99007424
de,bayes_lgb_focal_iso,2024-02-06,4.60750469,0.99007107
de,bayes_lgb_focal_iso,2024-02-07,4.60750469,0.99007107
de,bayes_lgb_focal_iso,2024-02-08,4.60750469,0.99007107
de,bayes_lgb_focal_iso,2024-02-14,4.60750469,0.99007107
de,bayes_lgb_focal_iso,2024-02-15,4.60750469,0.99007107
de,bayes_lgb_focal_iso,2024-02-16,4.60750469,0.99007107
de,bayes_lgb_focal_iso,2024-02-17,4.60734375,0.99006790
de,bayes_lgb_focal_iso,2024-02-18,4.58503821,0.98969321
de,bayes_lgb_focal_iso,2024-02-19,4.58503821,0.98969321
de,bayes_lgb_focal_iso,2024-02-20,4.57958790,0.98955038
de,bayes_lgb_focal_iso,2024-02-21,4.57958790,0.98955038
de,bayes_lgb_focal_iso,2024-02-22,4.57958790,0.98955038
de,bayes_lgb_focal_iso,2024-02-23,4.57958790,0.98955038
de,bayes_lgb_focal_iso,2024-02-24,4.57958790,0.98955038
de,bayes_lgb_focal_iso,2024-02-25,4.57958790,0.98955038
de,bayes_lgb_focal_iso,2024-02-26,4.63368000,0.99063086
de,bayes_lgb_focal_iso,2024-02-27,4.57958790,0.98955038
de,bayes_lgb_focal_iso,2024-02-28,4.57958790,0.98955038
de,bayes_lgb_focal_iso,2024-02-29,4.58449553,0.98968231
de,bayes_lgb_focal_iso,2024-03-01,4.58449553,0.98968231
de,bayes_lgb_focal_iso,2024-03-02,4.58991922,0.98982289
de,bayes_lgb_focal_iso,2024-03-03,4.59531366,0.98996104
de,bayes_lgb_focal_iso,2024-03-04,5.05339375,0.99738426
de,bayes_lgb_focal_iso,2024-03-05,4.58770282,0.98973457
de,bayes_lgb_focal_iso,2024-03-06,4.58770282,0.98973457
de,bayes_lgb_focal_iso,2024-03-07,4.58704862,0.98972143
de,bayes_lgb_focal_iso,2024-03-08,5.03870576,0.99709211
de,bayes_lgb_focal_iso,2024-03-09,4.58381200,0.98961186
de,bayes_lgb_focal_iso,2024-03-10,4.58381200,0.98961186
de,bayes_lgb_focal_iso,2024-03-11,4.58381200,0.98961186
de,bayes_lgb_focal_iso,2024-03-12,4.58923940,0.98975331
de,bayes_lgb_focal_iso,2024-03-13,4.58607824,0.98970204
de,bayes_lgb_focal_iso,2024-03-14,4.59145240,0.98984135
de,bayes_lgb_focal_iso,2024-03-15,4.59145240,0.98984135
de,bayes_lgb_focal_iso,2024-03-16,4.59141142,0.98984056
de,bayes_lgb_focal_iso,2024-03-17,4.58591342,0.98969883
de,bayes_lgb_focal_iso,2024-03-18,4.58587221,0.98969803
de,bayes_lgb_focal_iso,2024-03-19,4.58532998,0.98968714
de,bayes_lgb_focal_iso,2024-03-20,4.58532998,0.98968714
de,bayes_lgb_focal_iso,2024-03-21,4.58532998,0.98968714
de,bayes_lgb_focal_iso,2024-03-22,4.58532998,0.98968714
de,bayes_lgb_focal_iso,2024-03-23,5.04394721,0.99719142
de,bayes_lgb_focal_iso,2024-03-24,4.58907510,0.98975013
de,bayes_lgb_focal_iso,2024-03-25,4.64799116,0.99091298
de,bayes_lgb_focal_iso,2024-03-26,4.58965635,0.98976170
de,bayes_lgb_focal_iso,2024-03-27,4.58423123,0.98962041
de,bayes_lgb_focal_iso,2024-03-28,4.58965635,0.98976170
de,bayes_lgb_focal_iso,2024-03-29,4.58961530,0.98976090
de,bayes_lgb_focal_iso,2024-03-30,4.58961530,0.98976090
de,bayes_lgb_focal_iso,2024-03-31,4.58907510,0.98975013
de,bayes_lgb_focal_iso,2024-04-01,4.58907510,0.98975013
de,bayes_lgb_focal_iso,2024-04-02,4.59443034,0.98988832
de,bayes_lgb_focal_iso,2024-04-03,4.59930937,0.99001551
de,bayes_lgb_focal_iso,2024-04-04,4.59393650,0.98987861
de,bayes_lgb_focal_iso,2024-04-05,4.59393650,0.98987861
de,bayes_lgb_focal_iso,2024-04-06,4.59393650,0.98987861
de,bayes_lgb_focal_iso,2024-04-07,4.59393650,0.98987861
de,bayes_lgb_focal_iso,2024-04-08,4.56925148,0.98953108
de,bayes_lgb_focal_iso,2024-04-09,4.56973516,0.98954496
de,bayes_lgb_focal_iso,2024-04-10,4.56573764,0.98944228
de,bayes_lgb_focal_iso,2024-04-11,4.56486961,0.98942203
de,bayes_lgb_focal_iso,2024-04-12,4.56399108,0.98940266
de,bayes_lgb_focal_iso,2024-04-13,4.56399108,0.98940266
de,bayes_lgb_focal_iso,2024-04-14,5.05471780,0.99748288
de,bayes_lgb_focal_iso,2024-04-15,4.56584654,0.98942308
de,bayes_lgb_focal_iso,2024-04-16,4.56715675,0.98945248
de,bayes_lgb_focal_iso,2024-04-17,4.56715675,0.98945248
de,bayes_lgb_focal_iso,2024-04-18,4.57070736,0.98954586
de,bayes_lgb_focal_iso,2024-04-19,5.05963096,0.99753266
de,bayes_lgb_focal_iso,2024-04-20,4.57161680,0.98953093
de,bayes_lgb_focal_iso,2024-04-21,4.57248866,0.98954993
de,bayes_lgb_focal_iso,2024-04-22,4.57248866,0.98954993
de,bayes_lgb_focal_iso,2024-04-23,4.74000068,0.99273604
de,bayes_lgb_focal_iso,2024-04-24,4.56681215,0.98939048
de,bayes_lgb_focal_iso,2024-04-25,4.57054611,0.98948793
de,bayes_lgb_focal_iso,2024-04-26,4.57054611,0.98948793
de,bayes_lgb_focal_iso,2024-04-27,4.56967255,0.98946879
de,bayes_lgb_focal_iso,2024-04-28,4.56515261,0.98937661
de,bayes_lgb_focal_iso,2024-04-29,4.56603011,0.98939601
de,bayes_lgb_focal_iso,2024-04-30,4.56603011,0.98939601
de,bayes_lgb_focal_iso,2024-05-01,4.56603011,0.98939601
de,bayes_lgb_focal_iso,2024-05-02,4.56471843,0.98936643
de,bayes_lgb_focal_iso,2024-05-03,4.56158218,0.98928138
de,bayes_lgb_focal_iso,2024-05-04,4.56158218,0.98928138
de,bayes_lgb_focal_iso,2024-05-05,4.73060554,0.99255163
de,bayes_lgb_focal_iso,2024-05-06,4.56427433,0.98935716
de,bayes_lgb_focal_iso,2024-05-07,4.56427433,0.98935716
de,bayes_lgb_focal_iso,2024-05-08,4.56222726,0.98931515
de,bayes_lgb_focal_iso,2024-05-09,4.56222726,0.98931515
de,bayes_lgb_focal_iso,2024-05-10,4.56354221,0.98934494
de,bayes_lgb_focal_iso,2024-05-11,4.56266252,0.98932540
de,bayes_lgb_focal_iso,2024-05-12,4.73060554,0.99255163
de,bayes_lgb_focal_iso,2024-05-13,4.56427433,0.98935716
de,bayes_lgb_focal_iso,2024-05-14,4.56827769,0.98946070
de,bayes_lgb_focal_iso,2024-05-15,4.56958472,0.98948992
de,bayes_lgb_focal_iso,2024-05-16,4.56915246,0.98947989
de,bayes_lgb_focal_iso,2024-05-17,4.73309563,0.99259481
de,bayes_lgb_focal_iso,2024-05-18,4.56676041,0.98940814
de,bayes_lgb_focal_iso,2024-05-19,4.56344656,0.98935075
de,bayes_lgb_focal_iso,2024-05-20,4.56344656,0.98935075
de,bayes_lgb_focal_iso,2024-05-21,4.56475992,0.98938041
de,bayes_lgb_focal_iso,2024-05-22,4.73226860,0.99259109
de,bayes_lgb_focal_iso,2024-05-23,4.56236708,0.98930684
de,bayes_lgb_focal_iso,2024-05-24,4.56236708,0.98930684
de,bayes_lgb_focal_iso,2024-05-25,4.56236708,0.98930684
de,bayes_lgb_focal_iso,2024-05-26,4.56148635,0.98928721
de,bayes_lgb_focal_iso,2024-05-27,4.56505711,0.98938241
de,bayes_lgb_focal_iso,2024-05-28,13.79495765,1.01026739
de,bayes_lgb_focal_iso,2024-05-29,4.54476841,0.98892001
de,bayes_lgb_focal_iso,2024-05-30,4.54476841,0.98892001
de,bayes_lgb_focal_iso,2024-05-31,4.91365116,0.99547403
de,bayes_lgb_focal_iso,2024-06-01,4.54804007,0.98898160
de,bayes_lgb_focal_iso,2024-06-02,4.54804007,0.98898160
de,bayes_lgb_focal_iso,2024-06-03,4.54804007,0.98898160
de,bayes_lgb_focal_iso,2024-06-04,4.54804007,0.98898160
de,bayes_lgb_focal_iso,2024-06-05,4.54804007,0.98898160
de,bayes_lgb_focal_iso,2024-06-06,4.54804007,0.98898160
de,bayes_lgb_focal_iso,2024-06-07,4.91692282,0.99551422
de,bayes_lgb_focal_iso,2024-06-08,4.55130105,0.98904263
de,bayes_lgb_focal_iso,2024-06-09,4.55130105,0.98904263
de,bayes_lgb_focal_iso,2024-06-10,4.91692282,0.99551422
de,bayes_lgb_focal_iso,2024-06-11,4.54804007,0.98898160
de,bayes_lgb_focal_iso,2024-06-12,4.91692282,0.99551422
de,bayes_lgb_focal_iso,2024-06-13,4.55130105,0.98904263
de,bayes_lgb_focal_iso,2024-06-14,4.92018380,0.99555398
de,bayes_lgb_focal_iso,2024-06-15,4.55455144,0.98910310
de,bayes_lgb_focal_iso,2024-06-16,4.55455144,0.98910310
de,bayes_lgb_focal_iso,2024-06-17,4.55455144,0.98910310
de,bayes_lgb_focal_iso,2024-06-18,4.55455144,0.98910310
de,bayes_lgb_focal_iso,2024-06-19,4.55455144,0.98910310
de,bayes_lgb_focal_iso,2024-06-20,4.55455144,0.98910310
de,bayes_lgb_focal_iso,2024-06-21,4.55455144,0.98910310
de,bayes_lgb_focal_iso,2024-06-22,4.92343419,0.99559332
de,bayes_lgb_focal_iso,2024-06-23,4.55779130,0.98916302
de,bayes_lgb_focal_iso,2024-06-24,4.55779130,0.98916302
de,bayes_lgb_focal_iso,2024-06-25,4.55779130,0.98916302
de,bayes_lgb_focal_iso,2024-06-26,4.55779130,0.98916302
de,bayes_lgb_focal_iso,2024-06-27,4.55779130,0.98916302
de,bayes_lgb_focal_iso,2024-06-28,4.55779130,0.98916302
de,bayes_lgb_focal_iso,2024-06-29,4.55455144,0.98910310
de,bayes_lgb_focal_iso,2024-06-30,4.92018380,0.99555398
de,bayes_lgb_focal_iso,2024-07-01,4.92343419,0.99559332
de,bayes_lgb_focal_iso,2024-07-02,4.55779130,0.98916302
de,bayes_lgb_focal_iso,2024-07-03,4.55130105,0.98904263
de,bayes_lgb_focal_iso,2024-07-04,4.55130105,0.98904263
de,bayes_lgb_focal_iso,2024-07-05,4.55130105,0.98904263
de,bayes_lgb_focal_iso,2024-07-06,4.55130105,0.98904263
de,bayes_lgb_focal_iso,2024-07-07,4.55130105,0.98904263
de,bayes_lgb_focal_iso,2024-07-08,4.55130105,0.98904263
de,bayes_lgb_focal_iso,2024-07-09,4.55130105,0.98904263
de,bayes_lgb_focal_iso,2024-07-10,4.55130105,0.98904263
de,bayes_lgb_focal_iso,2024-07-11,4.54804007,0.98898160
de,bayes_lgb_focal_iso,2024-07-12,4.54804007,0.98898160
de,bayes_lgb_focal_iso,2024-07-13,4.91692282,0.99551422
de,bayes_lgb_focal_iso,2024-07-14,4.55130105,0.98904263
de,bayes_lgb_focal_iso,2024-07-15,4.91692282,0.99551422
de,bayes_lgb_focal_iso,2024-07-16,4.55130105,0.98904263
de,bayes_lgb_focal_iso,2024-07-17,4.85046320,0.99444741
de,bayes_lgb_focal_iso,2024-07-18,4.56419824,0.98925537
de,bayes_lgb_focal_iso,2024-07-19,4.56419824,0.98925537
de,bayes_lgb_focal_iso,2024-07-20,4.56419824,0.98925537
de,bayes_lgb_focal_iso,2024-07-21,4.56419824,0.98925537
de,bayes_lgb_focal_iso,2024-07-22,4.56419824,0.98925537
de,bayes_lgb_focal_iso,2024-07-23,4.60589305,0.99200007
de,bayes_lgb_focal_iso,2024-07-24,4.60589305,0.99200007
de,bayes_lgb_focal_iso,2024-07-25,4.56158089,0.98920585
de,bayes_lgb_focal_iso,2024-07-26,4.56158089,0.98920585
de,bayes_lgb_focal_iso,2024-07-27,4.56158089,0.98920585
de,bayes_lgb_focal_iso,2024-07-28,4.56158089,0.98920585
de,bayes_lgb_focal_iso,2024-07-29,4.56158089,0.98920585
de,bayes_lgb_focal_iso,2024-07-30,4.55895667,0.98915595
de,bayes_lgb_focal_iso,2024-07-31,4.55895667,0.98915595
de,bayes_lgb_focal_iso,2024-08-01,4.55895667,0.98915595
de,bayes_lgb_focal_iso,2024-08-02,4.55895667,0.98915595
de,bayes_lgb_focal_iso,2024-08-03,4.84783898,0.99441129
de,bayes_lgb_focal_iso,2024-08-04,4.85046320,0.99444741
de,bayes_lgb_focal_iso,2024-08-05,4.56419824,0.98925537
de,bayes_lgb_focal_iso,2024-08-06,4.56419824,0.98925537
de,bayes_lgb_focal_iso,2024-08-07,4.55895667,0.98915595
de,bayes_lgb_focal_iso,2024-08-08,4.55895667,0.98915595
de,bayes_lgb_focal_iso,2024-08-09,4.60338272,0.99196613
de,bayes_lgb_focal_iso,2024-08-10,4.89226504,0.99699310
de,bayes_lgb_focal_iso,2024-08-11,4.60589305,0.99200007
de,bayes_lgb_focal_iso,2024-08-12,4.60589305,0.99200007
de,bayes_lgb_focal_iso,2024-08-13,4.60338272,0.99196613
de,bayes_lgb_focal_iso,2024-08-14,4.60338272,0.99196613
de,bayes_lgb_focal_iso,2024-08-15,4.89226504,0.99699310
de,bayes_lgb_focal_iso,2024-08-16,4.56158089,0.98920585
de,bayes_lgb_focal_iso,2024-08-17,4.85046320,0.99444741
de,bayes_lgb_focal_iso,2024-08-18,4.56158089,0.98920585
de,bayes_lgb_focal_iso,2024-08-19,4.56158089,0.98920585
de,bayes_lgb_focal_iso,2024-08-20,4.56158089,0.98920585
de,bayes_lgb_focal_iso,2024-08-21,4.85046320,0.99444741
de,bayes_lgb_focal_iso,2024-08-22,4.56419824,0.98925537
de,bayes_lgb_focal_iso,2024-08-23,4.56419824,0.98925537
de,bayes_lgb_focal_iso,2024-08-24,4.56419824,0.98925537
de,bayes_lgb_focal_iso,2024-08-25,4.56419824,0.98925537
de,bayes_lgb_focal_iso,2024-08-26,4.56419824,0.98925537
de,bayes_lgb_focal_iso,2024-08-27,4.56419824,0.98925537
de,bayes_lgb_focal_iso,2024-08-28,4.56419824,0.98925537
de,bayes_lgb_focal_iso,2024-08-29,4.56419824,0.98925537
de,bayes_lgb_focal_iso,2024-08-30,4.56419824,0.98925537
de,bayes_lgb_focal_iso,2024-08-31,4.85308055,0.99448323
de,bayes_lgb_focal_iso,2024-09-01,4.56680876,0.98930453
de,bayes_lgb_focal_iso,2024-09-02,4.56680876,0.98930453
de,bayes_lgb_focal_iso,2024-09-03,4.85569107,0.99451876
de,bayes_lgb_focal_iso,2024-09-04,4.56941248,0.98935332
de,bayes_lgb_focal_iso,2024-09-05,4.57208362,0.98941417
de,bayes_lgb_focal_iso,2024-09-06,4.57208362,0.98941417
de,bayes_lgb_focal_iso,2024-09-07,4.57208362,0.98941417
de,bayes_lgb_focal_iso,2024-09-08,4.57111135,0.98939262
de,bayes_lgb_focal_iso,2024-09-09,4.57111135,0.98939262
de,bayes_lgb_focal_iso,2024-09-10,4.57111135,0.98939262
de,bayes_lgb_focal_iso,2024-09-11,4.57111135,0.98939262
de,bayes_lgb_focal_iso,2024-09-12,4.57111135,0.98939262
de,bayes_lgb_focal_iso,2024-09-13,4.86228240,0.99461990
de,bayes_lgb_focal_iso,2024-09-14,4.57372158,0.98944105
de,bayes_lgb_focal_iso,2024-09-15,4.57372158,0.98944105
de,bayes_lgb_focal_iso,2024-09-16,4.57275090,0.98941959
de,bayes_lgb_focal_iso,2024-09-17,4.57372158,0.98944105
de,bayes_lgb_focal_iso,2024-09-18,4.57469132,0.98946245
de,bayes_lgb_focal_iso,2024-09-19,4.57566012,0.98948378
de,bayes_lgb_focal_iso,2024-09-20,4.57372158,0.98944105
de,bayes_lgb_focal_iso,2024-09-21,4.57275090,0.98941959
de,bayes_lgb_focal_iso,2024-09-22,4.57013813,0.98937100
de,bayes_lgb_focal_iso,2024-09-23,4.57013813,0.98937100
de,bayes_lgb_focal_iso,2024-09-24,4.57013813,0.98937100
de,bayes_lgb_focal_iso,2024-09-25,4.57013813,0.98937100
de,bayes_lgb_focal_iso,2024-09-26,4.57013813,0.98937100
de,bayes_lgb_focal_iso,2024-09-27,4.57013813,0.98937100
de,bayes_lgb_focal_iso,2024-09-28,4.57111135,0.98939262
de,bayes_lgb_focal_iso,2024-09-29,4.57013813,0.98937100
de,bayes_lgb_focal_iso,2024-09-30,4.57111135,0.98939262
de,bayes_lgb_focal_iso,2024-10-01,4.57111135,0.98939262
de,bayes_lgb_focal_iso,2024-10-02,4.86228240,0.99461990
de,bayes_lgb_focal_iso,2024-10-03,4.57275090,0.98941959
de,bayes_lgb_focal_iso,2024-10-04,4.57372158,0.98944105
de,bayes_lgb_focal_iso,2024-10-05,4.57111135,0.98939262
de,bayes_lgb_focal_iso,2024-10-06,4.86228240,0.99461990
de,bayes_lgb_focal_iso,2024-10-07,4.57111135,0.98939262
de,bayes_lgb_focal_iso,2024-10-08,4.56916397,0.98934932
de,bayes_lgb_focal_iso,2024-10-09,4.56916397,0.98934932
de,bayes_lgb_focal_iso,2024-10-10,4.57013813,0.98937100
de,bayes_lgb_focal_iso,2024-10-11,4.56751852,0.98932205
de,bayes_lgb_focal_iso,2024-10-12,4.56654180,0.98930021
de,bayes_lgb_focal_iso,2024-10-13,4.56654180,0.98930021
de,bayes_lgb_focal_iso,2024-10-14,4.56654180,0.98930021
de,bayes_lgb_focal_iso,2024-10-15,4.56654180,0.98930021
de,bayes_lgb_focal_iso,2024-10-16,4.56654180,0.98930021
de,bayes_lgb_focal_iso,2024-10-17,4.56654180,0.98930021
de,bayes_lgb_focal_iso,2024-10-18,4.85771284,0.99455143
de,bayes_lgb_focal_iso,2024-10-19,4.56654180,0.98930021
de,bayes_lgb_focal_iso,2024-10-20,4.56654180,0.98930021
de,bayes_lgb_focal_iso,2024-10-21,4.56751852,0.98932205
de,bayes_lgb_focal_iso,2024-10-22,4.56849429,0.98934382
de,bayes_lgb_focal_iso,2024-10-23,4.56849429,0.98934382
de,bayes_lgb_focal_iso,2024-10-24,4.85966533,0.99458480
de,bayes_lgb_focal_iso,2024-10-25,4.55863295,0.98913652
de,bayes_lgb_focal_iso,2024-10-26,4.55863295,0.98913652
de,bayes_lgb_focal_iso,2024-10-27,4.55863295,0.98913652
de,bayes_lgb_focal_iso,2024-10-28,4.55930413,0.98916764
de,bayes_lgb_focal_iso,2024-10-29,4.55616128,0.98909040
de,bayes_lgb_focal_iso,2024-10-30,4.55382405,0.98904693
de,bayes_lgb_focal_iso,2024-10-31,4.55669399,0.98911876
de,bayes_lgb_focal_iso,2024-11-01,4.86617036,0.99470656
de,bayes_lgb_focal_iso,2024-11-02,4.59013916,0.98980345
de,bayes_lgb_focal_iso,2024-11-03,4.86663204,0.99471381
de,bayes_lgb_focal_iso,2024-11-04,4.55948507,0.98917157
de,bayes_lgb_focal_iso,2024-11-05,4.55948507,0.98917157
de,bayes_lgb_focal_iso,2024-11-06,4.55948507,0.98917157
de,bayes_lgb_focal_iso,2024-11-07,4.55916434,0.98916472
de,bayes_lgb_focal_iso,2024-11-08,4.55683413,0.98912170
de,bayes_lgb_focal_iso,2024-11-09,4.55683413,0.98912170
de,bayes_lgb_focal_iso,2024-11-10,4.58493868,0.98969192
de,bayes_lgb_focal_iso,2024-11-11,4.55382405,0.98904693
de,bayes_lgb_focal_iso,2024-11-12,4.55368350,0.98904396
de,bayes_lgb_focal_iso,2024-11-13,4.86330002,0.99465077
de,bayes_lgb_focal_iso,2024-11-14,4.55414650,0.98905389
de,bayes_lgb_focal_iso,2024-11-15,4.58526113,0.98969867
de,bayes_lgb_focal_iso,2024-11-16,4.86160337,0.99463051
de,bayes_lgb_focal_iso,2024-11-17,4.86206716,0.99463787
de,bayes_lgb_focal_iso,2024-11-18,4.55525357,0.98907768
de,bayes_lgb_focal_iso,2024-11-19,4.55511321,0.98907472
de,bayes_lgb_focal_iso,2024-11-20,4.86773593,0.99473121
de,bayes_lgb_focal_iso,2024-11-21,4.56058625,0.98919497
de,bayes_lgb_focal_iso,2024-11-22,4.87006316,0.99476108
de,bayes_lgb_focal_iso,2024-11-23,4.59434190,0.98988325
de,bayes_lgb_focal_iso,2024-11-24,4.56308803,0.98924141
de,bayes_lgb_focal_iso,2024-11-25,4.56262915,0.98923174
de,bayes_lgb_focal_iso,2024-11-26,4.56529411,0.98929796
de,bayes_lgb_focal_iso,2024-11-27,4.56529411,0.98929796
de,bayes_lgb_focal_iso,2024-11-28,4.55984685,0.98917941
de,bayes_lgb_focal_iso,2024-11-29,4.55952624,0.98917257
de,bayes_lgb_focal_iso,2024-11-30,4.55952624,0.98917257
de,bayes_lgb_focal_iso,2024-12-01,4.56251922,0.98924612
de,bayes_lgb_focal_iso,2024-12-02,4.60204046,0.99004977
de,bayes_lgb_focal_iso,2024-12-03,4.55751823,0.98913649
de,bayes_lgb_focal_iso,2024-12-04,4.55504380,0.98909033
de,bayes_lgb_focal_iso,2024-12-05,4.86433817,0.99468439
de,bayes_lgb_focal_iso,2024-12-06,4.55751823,0.98913649
de,bayes_lgb_focal_iso,2024-12-07,4.55751823,0.98913649
de,bayes_lgb_focal_iso,2024-12-08,4.86447858,0.99468655
de,bayes_lgb_focal_iso,2024-12-09,4.58576528,0.98970928
de,bayes_lgb_focal_iso,2024-12-10,4.58608746,0.98971601
de,bayes_lgb_focal_iso,2024-12-11,4.55249209,0.98902518
de,bayes_lgb_focal_iso,2024-12-12,4.55249209,0.98902518
de,bayes_lgb_focal_iso,2024-12-13,4.58126089,0.98962864
de,bayes_lgb_focal_iso,2024-12-14,4.67285186,0.99137512
de,bayes_lgb_focal_iso,2024-12-15,4.67360132,0.99138937
de,bayes_lgb_focal_iso,2024-12-16,4.67486250,0.99141265
de,bayes_lgb_focal_iso,2024-12-17,4.67482773,0.99141415
de,bayes_lgb_focal_iso,2024-12-18,4.62211945,0.99040475
de,bayes_lgb_focal_iso,2024-12-19,4.54882354,0.98890934
de,bayes_lgb_focal_iso,2024-12-20,4.57282384,0.98941093
de,bayes_lgb_focal_iso,2024-12-21,4.57257023,0.98940549
de,bayes_lgb_focal_iso,2024-12-22,4.57182187,0.98938980
de,bayes_lgb_focal_iso,2024-12-23,4.54756802,0.98888214
de,bayes_lgb_focal_iso,2024-12-24,4.79247095,0.99348392
de,bayes_lgb_focal_iso,2024-12-25,4.54886780,0.98890634
de,bayes_lgb_focal_iso,2024-12-26,4.54861427,0.98890078
de,bayes_lgb_focal_iso,2024-12-27,4.54836067,0.98889521
de,bayes_lgb_focal_iso,2024-12-28,4.54836067,0.98889521
de,bayes_lgb_focal_iso,2024-12-29,4.57184858,0.98938693
de,bayes_lgb_focal_iso,2024-12-30,4.62089064,0.99037654
de,bayes_lgb_focal_iso,2024-12-31,4.57155516,0.98938370
de,bayes_lgb_focal_iso,2025-01-01,4.54755518,0.98888149
de,bayes_lgb_focal_iso,2025-01-02,4.57180903,0.98938915
de,bayes_lgb_focal_iso,2025-01-03,4.62061007,0.99037424
de,bayes_lgb_focal_iso,2025-01-04,4.79168224,0.99347366
de,bayes_lgb_focal_iso,2025-01-05,4.54832115,0.98889742
de,bayes_lgb_focal_iso,2025-01-06,4.57206283,0.98939460
de,bayes_lgb_focal_iso,2025-01-07,4.79217745,0.99348190
de,bayes_lgb_focal_iso,2025-01-08,4.54882830,0.98890854
de,bayes_lgb_focal_iso,2025-01-09,4.54857476,0.98890298
de,bayes_lgb_focal_iso,2025-01-10,4.57282860,0.98941013
de,bayes_lgb_focal_iso,2025-01-11,4.79398508,0.99350894
de,bayes_lgb_focal_iso,2025-01-12,4.79602968,0.99353960
de,bayes_lgb_focal_iso,2025-01-13,4.57741960,0.98949874
de,bayes_lgb_focal_iso,2025-01-14,4.55267358,0.98898357
de,bayes_lgb_focal_iso,2025-01-15,4.62596949,0.99047324
de,bayes_lgb_focal_iso,2025-01-16,4.79781285,0.99356653
de,bayes_lgb_focal_iso,2025-01-17,4.57795085,0.98950662
de,bayes_lgb_focal_iso,2025-01-18,4.57592956,0.98946776
de,bayes_lgb_focal_iso,2025-01-19,4.57543664,0.98945761
de,bayes_lgb_focal_iso,2025-01-20,4.57519650,0.98945286
de,bayes_lgb_focal_iso,2025-01-21,4.79533548,0.99352528
de,bayes_lgb_focal_iso,2025-01-22,4.62429077,0.99043753
de,bayes_lgb_focal_iso,2025-01-23,4.62503658,0.99045234
de,bayes_lgb_focal_iso,2025-01-24,4.55198063,0.98896615
de,bayes_lgb_focal_iso,2025-01-25,4.79713742,0.99355206
de,bayes_lgb_focal_iso,2025-01-26,4.55274322,0.98898188
de,bayes_lgb_focal_iso,2025-01-27,4.57699706,0.98948692
de,bayes_lgb_focal_iso,2025-02-02,4.55324813,0.98899288
de,bayes_lgb_focal_iso,2025-02-03,4.57673977,0.98948234
de,bayes_lgb_focal_iso,2025-02-04,4.55224609,0.98897231
de,bayes_lgb_focal_iso,2025-02-05,4.79740288,0.99355700
de,bayes_lgb_focal_iso,2025-02-06,4.57484698,0.98943840
de,bayes_lgb_focal_iso,2025-02-07,4.58515785,0.98965008
de,bayes_lgb_focal_iso,2025-02-08,4.58515785,0.98965008
de,bayes_lgb_focal_iso,2025-02-09,4.58505488,0.98964794
de,bayes_lgb_focal_iso,2025-02-10,4.58495189,0.98964579
de,bayes_lgb_focal_iso,2025-02-11,4.58505488,0.98964794
de,bayes_lgb_focal_iso,2025-02-12,4.58505488,0.98964794
de,bayes_lgb_focal_iso,2025-02-13,4.58515785,0.98965008
de,bayes_lgb_focal_iso,2025-02-14,4.58526081,0.98965222
de,bayes_lgb_focal_iso,2025-02-15,4.58263957,0.98960600
de,bayes_lgb_focal_iso,2025-02-16,4.58253633,0.98960384
de,bayes_lgb_focal_iso,2025-02-17,4.58217557,0.98959647
de,bayes_lgb_focal_iso,2025-02-18,4.58217557,0.98959647
de,bayes_lgb_focal_iso,2025-02-19,4.91300333,0.99536075
de,bayes_lgb_focal_iso,2025-02-20,4.58488921,0.98964439
de,bayes_lgb_focal_iso,2025-02-21,4.58499220,0.98964653
de,bayes_lgb_focal_iso,2025-02-22,4.58488921,0.98964439
de,bayes_lgb_focal_iso,2025-02-23,4.58499220,0.98964653
de,bayes_lgb_focal_iso,2025-02-24,4.58499220,0.98964653
de,bayes_lgb_focal_iso,2025-02-25,4.58499220,0.98964653
de,bayes_lgb_focal_iso,2025-02-26,4.58488921,0.98964439
de,bayes_lgb_focal_iso,2025-02-27,4.58488921,0.98964439
de,bayes_lgb_focal_iso,2025-02-28,4.58499220,0.98964653
de,bayes_lgb_focal_iso,2025-03-01,4.58499220,0.98964653
de,bayes_lgb_focal_iso,2025-03-02,4.58488921,0.98964439
de,bayes_lgb_focal_iso,2025-03-03,4.58488921,0.98964439
de,bayes_lgb_focal_iso,2025-03-04,4.58499220,0.98964653
de,bayes_lgb_focal_iso,2025-03-05,4.58488921,0.98964439
de,bayes_lgb_focal_iso,2025-03-06,4.58478621,0.98964225
de,bayes_lgb_focal_iso,2025-03-07,4.58478621,0.98964225
de,bayes_lgb_focal_iso,2025-03-08,4.58478621,0.98964225
de,bayes_lgb_focal_iso,2025-03-09,4.58468320,0.98964010
de,bayes_lgb_focal_iso,2025-03-10,4.62068518,0.99036201
de,bayes_lgb_focal_iso,2025-03-11,4.58483707,0.98964314
de,bayes_lgb_focal_iso,2025-03-12,4.58483707,0.98964314
de,bayes_lgb_focal_iso,2025-03-13,4.58494007,0.98964528
de,bayes_lgb_focal_iso,2025-03-14,4.58483707,0.98964314
de,bayes_lgb_focal_iso,2025-03-15,4.58494007,0.98964528
de,bayes_lgb_focal_iso,2025-03-16,4.58504305,0.98964742
de,bayes_lgb_focal_iso,2025-03-17,4.58504305,0.98964742
de,bayes_lgb_focal_iso,2025-03-18,4.58504305,0.98964742
de,bayes_lgb_focal_iso,2025-03-19,4.58483707,0.98964314
de,bayes_lgb_focal_iso,2025-03-20,4.58483707,0.98964314
de,bayes_lgb_focal_iso,2025-03-21,4.58483707,0.98964314
de,bayes_lgb_focal_iso,2025-03-22,4.58483707,0.98964314
de,bayes_lgb_focal_iso,2025-03-23,4.58494007,0.98964528
de,bayes_lgb_focal_iso,2025-03-24,4.62083904,0.99036494
de,bayes_lgb_focal_iso,2025-03-25,4.58519687,0.98965046
de,bayes_lgb_focal_iso,2025-03-26,4.58519687,0.98965046
de,bayes_lgb_focal_iso,2025-03-27,4.58529983,0.98965260
de,bayes_lgb_focal_iso,2025-03-28,4.57699412,0.98955442
de,bayes_lgb_focal_iso,2025-03-29,4.57606620,0.98953415
de,bayes_lgb_focal_iso,2025-03-30,5.12565525,0.99824014
de,bayes_lgb_focal_iso,2025-03-31,4.57948497,0.98958579
de,bayes_lgb_focal_iso,2025-04-01,4.57948497,0.98958579
de,bayes_lgb_focal_iso,2025-04-02,4.57948497,0.98958579
de,bayes_lgb_focal_iso,2025-04-03,4.57948767,0.98958584
de,bayes_lgb_focal_iso,2025-04-04,4.57948767,0.98958584
de,bayes_lgb_focal_iso,2025-04-05,4.58041512,0.98960600
de,bayes_lgb_focal_iso,2025-04-06,4.58041512,0.98960600
de,bayes_lgb_focal_iso,2025-04-07,4.58041512,0.98960600
de,bayes_lgb_focal_iso,2025-04-08,5.13000416,0.99827421
de,bayes_lgb_focal_iso,2025-04-09,4.58474253,0.98967695
de,bayes_lgb_focal_iso,2025-04-10,4.58473985,0.98967690
de,bayes_lgb_focal_iso,2025-04-11,4.58473716,0.98967684
de,bayes_lgb_focal_iso,2025-04-12,4.49907704,0.98785225
de,bayes_lgb_focal_iso,2025-04-13,4.58565439,0.98969661
de,bayes_lgb_focal_iso,2025-04-14,4.58565439,0.98969661
de,bayes_lgb_focal_iso,2025-04-15,4.58565708,0.98969667
de,bayes_lgb_focal_iso,2025-04-16,4.58539383,0.98969130
de,bayes_lgb_focal_iso,2025-04-17,4.58657615,0.98971644
de,bayes_lgb_focal_iso,2025-04-18,4.58657615,0.98971644
de,bayes_lgb_focal_iso,2025-04-19,4.58657346,0.98971638
de,bayes_lgb_focal_iso,2025-04-20,4.58749437,0.98973615
de,bayes_lgb_focal_iso,2025-04-21,4.58841443,0.98975587
de,bayes_lgb_focal_iso,2025-04-22,4.50183708,0.98791659
de,bayes_lgb_focal_iso,2025-04-23,4.58841176,0.98975581
de,bayes_lgb_focal_iso,2025-04-24,4.58841176,0.98975581
de,bayes_lgb_focal_iso,2025-04-25,4.58749437,0.98973615
de,bayes_lgb_focal_iso,2025-04-26,4.58749705,0.98973621
de,bayes_lgb_focal_iso,2025-04-27,4.58749973,0.98973626
de,bayes_lgb_focal_iso,2025-04-28,4.58657883,0.98971649
de,bayes_lgb_focal_iso,2025-04-29,4.58657615,0.98971644
de,bayes_lgb_focal_iso,2025-04-30,4.58657883,0.98971649
de,bayes_lgb_focal_iso,2025-05-01,4.58565708,0.98969667
de,bayes_lgb_focal_iso,2025-05-02,4.58565708,0.98969667
de,bayes_lgb_focal_iso,2025-05-03,4.58565708,0.98969667
de,bayes_lgb_focal_iso,2025-05-04,4.58565708,0.98969667
de,bayes_lgb_focal_iso,2025-05-05,4.58565708,0.98969667
de,bayes_lgb_focal_iso,2025-05-06,4.58565976,0.98969672
de,bayes_lgb_focal_iso,2025-05-07,4.58565976,0.98969672
de,bayes_lgb_focal_iso,2025-05-08,4.70193505,0.99193640
de,bayes_lgb_focal_iso,2025-05-09,4.49908241,0.98785237
de,bayes_lgb_focal_iso,2025-05-10,4.58565708,0.98969667
de,bayes_lgb_focal_iso,2025-05-11,4.58565439,0.98969661
de,bayes_lgb_focal_iso,2025-05-12,4.58657615,0.98971644
de,bayes_lgb_focal_iso,2025-05-13,4.49999880,0.98787378
de,bayes_lgb_focal_iso,2025-05-14,4.58565708,0.98969667
de,bayes_lgb_focal_iso,2025-05-15,4.58565976,0.98969672
de,bayes_lgb_focal_iso,2025-05-16,4.58658151,0.98971655
de,bayes_lgb_focal_iso,2025-05-17,4.64296144,0.99443507
de,bayes_lgb_focal_iso,2025-05-18,4.64314839,0.99443711
de,bayes_lgb_focal_iso,2025-05-19,4.64313530,0.99443675
de,bayes_lgb_focal_iso,2025-05-20,4.64313530,0.99443675
de,bayes_lgb_focal_iso,2025-05-21,4.64344871,0.99444033
de,bayes_lgb_focal_iso,2025-05-22,4.64376203,0.99444391
de,bayes_lgb_focal_iso,2025-05-23,4.61203468,0.99382115
de,bayes_lgb_focal_iso,2025-05-24,4.64346180,0.99444069
de,bayes_lgb_focal_iso,2025-05-25,4.64326183,0.99443830
de,bayes_lgb_focal_iso,2025-05-26,4.54490106,0.98920780
de,bayes_lgb_focal_iso,2025-05-27,4.55832081,0.98967130
de,bayes_lgb_focal_iso,2025-05-28,4.62352440,0.99116161
de,bayes_lgb_focal_iso,2025-05-29,4.62332040,0.99115783
de,bayes_lgb_focal_iso,2025-05-30,4.62279650,0.99114828
de,bayes_lgb_focal_iso,2025-05-31,5.12875400,0.99879458
de,bayes_lgb_focal_iso,2025-06-01,4.61707296,0.99085736
de,bayes_lgb_focal_iso,2025-06-02,4.27422369,0.98277464
de,bayes_lgb_focal_iso,2025-06-03,4.66274795,0.99482337
de,bayes_lgb_focal_iso,2025-06-04,4.65730015,0.99410877
de,bayes_lgb_focal_iso,2025-06-05,4.61792138,0.99087324
de,bayes_lgb_focal_iso,2025-06-06,4.58620223,0.99023648
de,bayes_lgb_focal_iso,2025-06-07,4.61805114,0.99087577
de,bayes_lgb_focal_iso,2025-06-08,4.60848544,0.99052331
de,bayes_lgb_focal_iso,2025-06-09,4.60880990,0.99052957
de,bayes_lgb_focal_iso,2025-06-10,4.57709369,0.98988720
de,bayes_lgb_focal_iso,2025-06-11,4.57336022,0.98979765
de,bayes_lgb_focal_iso,2025-06-12,4.60540079,0.99044869
de,bayes_lgb_focal_iso,2025-06-13,4.60201888,0.99042273
de,bayes_lgb_focal_iso,2025-06-14,4.59970932,0.99042401
de,bayes_lgb_focal_iso,2025-06-15,4.60001363,0.99042992
de,bayes_lgb_focal_iso,2025-06-16,4.59709845,0.99035766
de,bayes_lgb_focal_iso,2025-06-17,13.70155706,1.01140243
de,bayes_lgb_focal_iso,2025-06-18,4.48800400,0.98891853
de,bayes_lgb_focal_iso,2025-06-19,4.45448278,0.98815162
de,bayes_lgb_focal_iso,2025-06-20,4.49052463,0.98899416
de,bayes_lgb_focal_iso,2025-06-21,4.49088971,0.98900232
de,bayes_lgb_focal_iso,2025-06-22,4.45884914,0.98827230
de,bayes_lgb_focal_iso,2025-06-23,4.55288788,0.98927008
de,bayes_lgb_focal_iso,2025-06-24,4.48653866,0.98888547
de,bayes_lgb_focal_iso,2025-06-25,4.48284797,0.98878633
de,bayes_lgb_focal_iso,2025-06-26,4.45079204,0.98804976
de,bayes_lgb_focal_iso,2025-06-27,4.45504191,0.98816889
de,bayes_lgb_focal_iso,2025-06-28,4.45527568,0.98817448
de,bayes_lgb_focal_iso,2025-06-29,4.44998871,0.98794141
de,bayes_lgb_focal_iso,2025-06-30,4.51258561,0.98956647
de,bayes_lgb_focal_iso,2025-07-01,13.72567402,1.01150420
de,bayes_lgb_focal_iso,2025-07-02,4.48044639,0.98884968
de,bayes_lgb_focal_iso,2025-07-03,4.50821409,0.98945441
de,bayes_lgb_focal_iso,2025-07-04,4.50762626,0.98944166
de,bayes_lgb_focal_iso,2025-07-05,4.50798515,0.98944936
de,bayes_lgb_focal_iso,2025-07-06,4.55752493,0.98960278
de,bayes_lgb_focal_iso,2025-07-07,4.52004709,0.98880182
de,bayes_lgb_focal_iso,2025-07-08,4.55752493,0.98960278
de,bayes_lgb_focal_iso,2025-07-09,4.61188491,0.99024356
de,bayes_lgb_focal_iso,2025-07-10,4.61226835,0.99025119
de,bayes_lgb_focal_iso,2025-07-11,4.55434436,0.98954658
de,bayes_lgb_focal_iso,2025-07-12,4.51686780,0.98874311
de,bayes_lgb_focal_iso,2025-07-13,4.51199292,0.98854765
de,bayes_lgb_focal_iso,2025-07-14,4.48723649,0.98850738
de,bayes_lgb_focal_iso,2025-07-15,13.69575567,1.01100891
de,bayes_lgb_focal_iso,2025-07-16,4.49548065,0.98858242
de,bayes_lgb_focal_iso,2025-07-17,4.49548065,0.98858242
de,bayes_lgb_focal_iso,2025-07-18,4.45802871,0.98773110
de,bayes_lgb_focal_iso,2025-07-19,4.53645630,0.98912945
de,bayes_lgb_focal_iso,2025-07-20,4.56601500,0.98968011
de,bayes_lgb_focal_iso,2025-07-21,4.56641644,0.98968856
de,bayes_lgb_focal_iso,2025-07-22,4.56681770,0.98969699
de,bayes_lgb_focal_iso,2025-07-23,4.51594378,0.98855574
de,bayes_lgb_focal_iso,2025-07-24,4.56068157,0.98960765
de,bayes_lgb_focal_iso,2025-07-25,4.61533056,0.99031188
de,bayes_lgb_focal_iso,2025-07-26,4.61494829,0.99030433
de,bayes_lgb_focal_iso,2025-07-27,4.53615268,0.98895139
de,bayes_lgb_focal_iso,2025-07-28,4.58229315,0.98999005
de,bayes_lgb_focal_iso,2025-07-29,4.58229315,0.98999005
de,bayes_lgb_focal_iso,2025-07-30,4.57744786,0.98954750
de,bayes_lgb_focal_iso,2025-07-31,4.97598053,0.99630621
de,bayes_lgb_focal_iso,2025-08-01,4.61870421,0.99036825
de,bayes_lgb_focal_iso,2025-08-02,4.61832324,0.99036077
de,bayes_lgb_focal_iso,2025-08-03,4.58044054,0.98959867
de,bayes_lgb_focal_iso,2025-08-04,4.62622468,0.99057979
de,bayes_lgb_focal_iso,2025-08-05,4.62660266,0.99058705
de,bayes_lgb_focal_iso,2025-08-06,4.58082152,0.98960644
de,bayes_lgb_focal_iso,2025-08-07,4.61756085,0.99034577
de,bayes_lgb_focal_iso,2025-08-08,4.61794212,0.99035327
de,bayes_lgb_focal_iso,2025-08-09,4.60920592,0.99011270
de,bayes_lgb_focal_iso,2025-08-10,4.60920592,0.99011270
de,bayes_lgb_focal_iso,2025-08-11,4.60920592,0.99011270
de,bayes_lgb_focal_iso,2025-08-12,4.60882130,0.99010494
de,bayes_lgb_focal_iso,2025-08-13,4.57093861,0.98933557
de,bayes_lgb_focal_iso,2025-08-14,4.61641618,0.99032320
de,bayes_lgb_focal_iso,2025-08-15,4.57891518,0.98956747
de,bayes_lgb_focal_iso,2025-08-16,4.58607110,0.98977823
de,bayes_lgb_focal_iso,2025-08-17,4.97630231,0.99630051
de,bayes_lgb_focal_iso,2025-08-18,4.61902490,0.99036450
de,bayes_lgb_focal_iso,2025-08-19,4.61940561,0.99037197
de,bayes_lgb_focal_iso,2025-08-20,4.61902490,0.99036450
de,bayes_lgb_focal_iso,2025-08-21,4.61902490,0.99036450
de,bayes_lgb_focal_iso,2025-08-22,4.58114221,0.98960293
de,bayes_lgb_focal_iso,2025-08-23,4.58114221,0.98960293
de,bayes_lgb_focal_iso,2025-08-24,4.61864405,0.99035701
de,bayes_lgb_focal_iso,2025-08-25,4.61807764,0.99040301
de,bayes_lgb_focal_iso,2025-08-26,4.61725229,0.99038648
de,bayes_lgb_focal_iso,2025-08-27,4.62010560,0.99044930
de,bayes_lgb_focal_iso,2025-08-28,4.61409206,0.99036013
de,bayes_lgb_focal_iso,2025-08-29,4.61695439,0.99042333
de,bayes_lgb_focal_iso,2025-08-30,4.61695439,0.99042333
de,bayes_lgb_focal_iso,2025-08-31,4.60722161,0.99016773
de,bayes_lgb_focal_iso,2025-09-01,4.60805528,0.99018480
de,bayes_lgb_focal_iso,2025-09-02,4.61093491,0.99024943
de,bayes_lgb_focal_iso,2025-09-03,4.60972053,0.99021882
de,bayes_lgb_focal_iso,2025-09-04,4.60888825,0.99020183
de,bayes_lgb_focal_iso,2025-09-05,4.60805528,0.99018480
de,bayes_lgb_focal_iso,2025-09-06,4.60555219,0.99013345
de,bayes_lgb_focal_iso,2025-09-07,5.35287608,1.00066426
de,bayes_lgb_focal_iso,2025-09-08,4.35592420,0.98443533
de,bayes_lgb_focal_iso,2025-09-09,4.61477215,0.99033662
de,bayes_lgb_focal_iso,2025-09-10,4.61273333,0.99028958
de,bayes_lgb_focal_iso,2025-09-11,4.60750929,0.99021503
de,bayes_lgb_focal_iso,2025-09-12,4.60750929,0.99021503
de,bayes_lgb_focal_iso,2025-09-13,4.60545559,0.99016709
de,bayes_lgb_focal_iso,2025-09-14,4.60545559,0.99016709
de,bayes_lgb_focal_iso,2025-09-15,4.60545559,0.99016709
de,bayes_lgb_focal_iso,2025-09-16,4.60461976,0.99014994
de,bayes_lgb_focal_iso,2025-09-17,4.52023264,0.98837362
de,bayes_lgb_focal_iso,2025-09-18,4.60741287,0.99024856
de,bayes_lgb_focal_iso,2025-09-19,4.60946255,0.99029605
de,bayes_lgb_focal_iso,2025-09-20,4.61233814,0.99035995
de,bayes_lgb_focal_iso,2025-09-21,4.60711202,0.99028611
de,bayes_lgb_focal_iso,2025-09-22,4.60832958,0.99031666
de,bayes_lgb_focal_iso,2025-09-23,4.60348128,0.99017053
de,bayes_lgb_focal_iso,2025-09-24,4.59207481,0.98991188
de,bayes_lgb_focal_iso,2025-09-25,4.59292120,0.98992966
de,bayes_lgb_focal_iso,2025-09-26,4.58914027,0.98984386
de,bayes_lgb_focal_iso,2025-09-27,4.58914027,0.98984386
de,bayes_lgb_focal_iso,2025-09-28,4.59207481,0.98991188
de,bayes_lgb_focal_iso,2025-09-29,4.51473718,0.98829074
de,bayes_lgb_focal_iso,2025-09-30,4.60111663,0.99016015
de,bayes_lgb_focal_iso,2025-10-01,4.60111663,0.99016015
de,bayes_lgb_focal_iso,2025-10-02,4.60111663,0.99016015
de,bayes_lgb_focal_iso,2025-10-03,4.59904975,0.99011163
de,bayes_lgb_focal_iso,2025-10-04,4.34501889,0.98429189
de,bayes_lgb_focal_iso,2025-10-05,4.60391953,0.99025921
de,bayes_lgb_focal_iso,2025-10-06,4.59989026,0.99012895
de,bayes_lgb_focal_iso,2025-10-07,4.60073006,0.99014622
de,bayes_lgb_focal_iso,2025-10-08,4.60073006,0.99014622
de,bayes_lgb_focal_iso,2025-10-09,4.60156915,0.99016344
de,bayes_lgb_focal_iso,2025-10-10,4.60073006,0.99014622
de,bayes_lgb_focal_iso,2025-10-11,4.59866238,0.99009762
de,bayes_lgb_focal_iso,2025-10-12,4.60073006,0.99014622
de,bayes_lgb_focal_iso,2025-10-13,4.59866238,0.99009762
de,bayes_lgb_focal_iso,2025-10-14,4.59524760,0.99004615
de,bayes_lgb_focal_iso,2025-10-15,4.59426163,0.99002553
de,bayes_lgb_focal_iso,2025-10-16,4.58534980,0.98974820
de,bayes_lgb_focal_iso,2025-10-17,4.58534980,0.98974820
de,bayes_lgb_focal_iso,2025-10-18,4.49324128,0.98778098
de,bayes_lgb_focal_iso,2025-10-19,4.59327469,0.99000485
de,bayes_lgb_focal_iso,2025-10-20,4.59228678,0.98998410
de,bayes_lgb_focal_iso,2025-10-21,4.59129788,0.98996329
de,bayes_lgb_focal_iso,2025-10-22,4.59129788,0.98996329
de,bayes_lgb_focal_iso,2025-10-23,4.59030801,0.98994242
de,bayes_lgb_focal_iso,2025-10-24,4.59129788,0.98996329
de,bayes_lgb_focal_iso,2025-10-25,4.59129788,0.98996329
de,bayes_lgb_focal_iso,2025-10-26,5.35426857,1.00087971
de,bayes_lgb_focal_iso,2025-10-27,4.50452887,0.98809592
de,bayes_lgb_focal_iso,2025-10-28,4.60546070,0.99030971
de,bayes_lgb_focal_iso,2025-10-29,4.59763218,0.99006219
de,bayes_lgb_focal_iso,2025-10-30,4.59763218,0.99006219
de,bayes_lgb_focal_iso,2025-10-31,4.59861483,0.99008267
de,bayes_lgb_focal_iso,2025-11-01,4.59959651,0.99010308
de,bayes_lgb_focal_iso,2025-11-02,5.35370853,1.00075435
de,bayes_lgb_focal_iso,2025-11-03,4.60587862,0.99019964
de,bayes_lgb_focal_iso,2025-11-04,4.60587862,0.99019964
de,bayes_lgb_focal_iso,2025-11-05,4.60685320,0.99021968
de,bayes_lgb_focal_iso,2025-11-06,4.60782684,0.99023965
de,bayes_lgb_focal_iso,2025-11-07,4.59805337,0.98995053
de,bayes_lgb_focal_iso,2025-11-08,4.59805337,0.98995053
de,bayes_lgb_focal_iso,2025-11-09,4.51374990,0.98827146
de,bayes_lgb_focal_iso,2025-11-10,4.51277532,0.98824952
de,bayes_lgb_focal_iso,2025-11-11,4.61364311,0.99044228
de,bayes_lgb_focal_iso,2025-11-12,4.61364311,0.99044228
de,bayes_lgb_focal_iso,2025-11-13,4.61364311,0.99044228
de,bayes_lgb_focal_iso,2025-11-14,5.36774145,1.00094447
de,bayes_lgb_focal_iso,2025-11-15,3.93821965,0.97127657
de,bayes_lgb_focal_iso,2025-11-16,4.63677750,0.99194454
de,bayes_lgb_focal_iso,2025-11-17,4.63772244,0.99196064
de,bayes_lgb_focal_iso,2025-11-18,4.63677750,0.99194454
de,bayes_lgb_focal_iso,2025-11-19,4.61018164,0.99025497
de,bayes_lgb_focal_iso,2025-11-20,4.61018164,0.99025497
de,bayes_lgb_focal_iso,2025-11-21,4.51804874,0.98833494
de,bayes_lgb_focal_iso,2025-11-22,4.61983786,0.99053371
de,bayes_lgb_focal_iso,2025-11-23,4.61983786,0.99053371
de,bayes_lgb_focal_iso,2025-11-24,4.61983786,0.99053371
de,bayes_lgb_focal_iso,2025-11-25,4.61983786,0.99053371
de,bayes_lgb_focal_iso,2025-11-26,4.61983786,0.99053371
de,bayes_lgb_focal_iso,2025-11-27,4.61983786,0.99053371
de,bayes_lgb_focal_iso,2025-11-28,4.61115205,0.99027480
de,bayes_lgb_focal_iso,2025-11-29,4.61115205,0.99027480
de,bayes_lgb_focal_iso,2025-11-30,4.61212151,0.99029458
de,bayes_lgb_focal_iso,2025-12-01,4.60782684,0.99023965
de,bayes_lgb_focal_iso,2025-12-02,4.60294915,0.99013919
de,bayes_lgb_focal_iso,2025-12-03,4.62183903,0.99052373
de,bayes_lgb_focal_iso,2025-12-04,4.62507225,0.99059523
de,bayes_lgb_focal_iso,2025-12-05,4.62507225,0.99059523
de,bayes_lgb_focal_iso,2025-12-06,4.91589191,0.99554631
de,bayes_lgb_focal_iso,2025-12-07,4.62127106,0.99039260
de,bayes_lgb_focal_iso,2025-12-08,4.62840898,0.99065669
de,bayes_lgb_focal_iso,2025-12-09,4.63162105,0.99072680
de,bayes_lgb_focal_iso,2025-12-10,4.63482285,0.99079621
de,bayes_lgb_focal_iso,2025-12-11,4.63552159,0.99080541
de,bayes_lgb_focal_iso,2025-12-12,4.63538804,0.99080232
de,bayes_lgb_focal_iso,2025-12-13,4.62843444,0.99054626
de,bayes_lgb_focal_iso,2025-12-14,4.63151237,0.99061392
de,bayes_lgb_focal_iso,2025-12-15,4.64088602,0.99091831
de,bayes_lgb_focal_iso,2025-12-16,4.35539062,0.98454974
de,bayes_lgb_focal_iso,2025-12-17,4.63759073,0.99085934
de,bayes_lgb_focal_iso,2025-12-18,4.42014354,0.98614945
de,bayes_lgb_focal_iso,2025-12-19,4.64070412,0.99102662
de,bayes_lgb_focal_iso,2025-12-20,4.63826233,0.99097672
de,bayes_lgb_focal_iso,2025-12-21,4.63752114,0.99095915
de,bayes_lgb_focal_iso,2025-12-22,4.64899638,0.99129687
de,bayes_lgb_focal_iso,2025-12-23,4.63752114,0.99095915
de,bayes_lgb_focal_iso,2025-12-24,4.63738785,0.99095611
de,bayes_lgb_focal_iso,2025-12-25,4.63583497,0.99093871
de,bayes_lgb_focal_iso,2025-12-26,4.34265421,0.98421229
de,bayes_lgb_focal_iso,2025-12-27,4.63351507,0.99089118
de,bayes_lgb_focal_iso,2025-12-28,4.63351507,0.99089118
de,bayes_lgb_focal_iso,2025-12-29,4.63347228,0.99089061
de,bayes_lgb_focal_iso,2025-12-30,4.63347228,0.99089061
de,bayes_lgb_focal_iso,2025-12-31,4.63040039,0.99082480
de,bayes_lgb_focal_iso,2026-01-01,4.40667320,0.98580991
de,bayes_lgb_focal_iso,2026-01-02,4.91874625,0.99570945
de,bayes_lgb_focal_iso,2026-01-03,4.63026615,0.99082169
de,bayes_lgb_focal_iso,2026-01-04,4.62793327,0.99077332
de,bayes_lgb_focal_iso,2026-01-05,4.63114687,0.99084272
de,bayes_lgb_focal_iso,2026-01-06,4.64208985,0.99117188
de,bayes_lgb_focal_iso,2026-01-07,4.93043727,0.99599985
de,bayes_lgb_focal_iso,2026-01-08,4.64436972,0.99120561
de,bayes_lgb_focal_iso,2026-01-09,4.64436972,0.99120561
de,bayes_lgb_focal_iso,2026-01-10,4.62661944,0.99062570
de,bayes_lgb_focal_iso,2026-01-11,4.40685872,0.98569822
de,bayes_lgb_focal_iso,2026-01-12,4.63058417,0.99071428
de,bayes_lgb_focal_iso,2026-01-13,4.63058417,0.99071428
de,bayes_lgb_focal_iso,2026-01-14,4.63058417,0.99071428
de,bayes_lgb_focal_iso,2026-01-15,4.62825203,0.99066541
de,bayes_lgb_focal_iso,2026-01-16,4.62750338,0.99064716
de,bayes_lgb_focal_iso,2026-01-17,4.62736875,0.99064400
de,bayes_lgb_focal_iso,2026-01-18,4.91584886,0.99554593
de,bayes_lgb_focal_iso,2026-01-19,4.62981672,0.99068371
de,bayes_lgb_focal_iso,2026-01-20,4.62371144,0.99044575
de,bayes_lgb_focal_iso,2026-01-21,4.33658420,0.98391113
de,bayes_lgb_focal_iso,2026-01-22,4.64760084,0.99108378
de,bayes_lgb_focal_iso,2026-01-23,4.64760084,0.99108378
de,bayes_lgb_focal_iso,2026-01-24,4.65361345,0.99122629
de,bayes_lgb_focal_iso,2026-01-25,4.65361345,0.99122629
de,bayes_lgb_focal_iso,2026-01-26,4.65361345,0.99122629
de,bayes_lgb_focal_iso,2026-01-27,4.65361345,0.99122629
de,bayes_lgb_focal_iso,2026-01-28,4.65210432,0.99117784
de,bayes_lgb_focal_iso,2026-01-29,4.65210432,0.99117784
de,bayes_lgb_focal_iso,2026-01-30,4.65623655,0.99126560
de,bayes_lgb_focal_iso,2026-01-31,4.65352133,0.99118914
de,bayes_lgb_focal_iso,2026-02-01,4.65679218,0.99125358
de,bayes_lgb_focal_iso,2026-02-02,4.64283363,0.99094010
de,bayes_lgb_focal_iso,2026-02-03,4.64283363,0.99094010
de,bayes_lgb_focal_iso,2026-02-04,4.63951673,0.99087256
de,bayes_lgb_focal_iso,2026-02-05,4.64089441,0.99091250
de,bayes_lgb_focal_iso,2026-02-06,4.64694736,0.99105827
de,bayes_lgb_focal_iso,2026-02-07,4.65296388,0.99120120
de,bayes_lgb_focal_iso,2026-02-08,4.65023974,0.99112404
de,bayes_lgb_focal_iso,2026-02-09,4.65623655,0.99126560
de,bayes_lgb_focal_iso,2026-02-10,4.65623655,0.99126560
de,bayes_lgb_focal_iso,2026-02-11,4.65487986,0.99122746
de,bayes_lgb_focal_iso,2026-02-12,4.65487986,0.99122746
de,bayes_lgb_focal_iso,2026-02-13,4.16542522,0.97919890
de,bayes_lgb_focal_iso,2026-02-14,4.65089108,0.99114933
de,bayes_lgb_focal_iso,2026-02-15,4.65225319,0.99118790
de,bayes_lgb_focal_iso,2026-02-21,4.64896744,0.99112270
de,bayes_lgb_focal_iso,2026-02-22,4.64760084,0.99108378
de,bayes_lgb_focal_iso,2026-02-23,4.65225319,0.99118790
de,bayes_lgb_focal_iso,2026-02-24,4.65225319,0.99118790
de,bayes_lgb_focal_iso,2026-02-25,4.64760084,0.99108378
de,bayes_lgb_focal_iso,2026-02-26,4.65361345,0.99122629
de,bayes_lgb_focal_iso,2026-02-27,4.65808999,0.99131844
de,bayes_lgb_focal_iso,2026-02-28,4.66134596,0.99138172
de,bayes_lgb_focal_iso,2026-03-01,4.65487986,0.99122746
de,bayes_lgb_focal_iso,2026-03-02,4.66084899,0.99136698
de,bayes_lgb_focal_iso,2026-03-03,4.65352133,0.99118914
de,bayes_lgb_focal_iso,2026-03-04,4.65216094,0.99115064
de,bayes_lgb_focal_iso,2026-03-05,4.64750816,0.99104616
de,bayes_lgb_focal_iso,2026-03-06,4.65216094,0.99115064
de,bayes_lgb_focal_iso,2026-03-07,4.64420676,0.99097967
de,bayes_lgb_focal_iso,2026-03-08,4.64420676,0.99097967
de,bayes_lgb_focal_iso,2026-03-09,4.65023974,0.99112404
de,bayes_lgb_focal_iso,2026-03-10,4.65023974,0.99112404
de,bayes_lgb_focal_iso,2026-03-11,4.65023974,0.99112404
de,bayes_lgb_focal_iso,2026-03-12,4.65023974,0.99112404
de,bayes_lgb_focal_iso,2026-03-13,4.65487986,0.99122746
de,bayes_lgb_focal_iso,2026-03-14,4.16814044,0.97930787
de,bayes_lgb_focal_iso,2026-03-15,4.65823798,0.99132835
de,bayes_lgb_focal_iso,2026-03-16,4.64760084,0.99108378
de,bayes_lgb_focal_iso,2026-03-17,4.62746329,0.99054854
de,bayes_lgb_focal_iso,2026-03-18,4.62699428,0.99053945
de,bayes_lgb_focal_iso,2026-03-19,4.62699428,0.99053945
de,bayes_lgb_focal_iso,2026-03-20,4.57549273,0.98948618
de,bayes_lgb_focal_iso,2026-03-21,4.62652504,0.99053034
de,bayes_lgb_focal_iso,2026-03-22,4.62699428,0.99053945
de,bayes_lgb_focal_iso,2026-03-23,4.62652504,0.99053034
de,bayes_lgb_focal_iso,2026-03-24,4.62699428,0.99053945
de,bayes_lgb_focal_iso,2026-03-25,4.62746329,0.99054854
de,bayes_lgb_focal_iso,2026-03-26,4.62699428,0.99053945
de,bayes_lgb_focal_iso,2026-03-27,4.63117342,0.99063948
de,bayes_lgb_focal_iso,2026-03-28,4.63070614,0.99063051
de,bayes_lgb_focal_iso,2026-03-29,4.63533517,0.99073818
de,bayes_lgb_focal_iso,2026-03-30,4.63164048,0.99064844
de,bayes_lgb_focal_iso,2026-03-31,4.63164048,0.99064844
de,bayes_lgb_focal_iso,2026-04-01,4.63626519,0.99075582
de,bayes_lgb_focal_iso,2026-04-02,4.63210732,0.99065738
de,bayes_lgb_focal_iso,2026-04-03,4.63117342,0.99063948
de,bayes_lgb_focal_iso,2026-04-04,4.62699428,0.99053945
de,bayes_lgb_focal_iso,2026-04-05,4.63164048,0.99064844
de,bayes_lgb_focal_iso,2026-04-06,4.63164048,0.99064844
de,bayes_lgb_focal_iso,2026-04-07,4.63164048,0.99064844
de,bayes_lgb_focal_iso,2026-04-08,4.63117342,0.99063948
de,bayes_lgb_focal_iso,2026-04-09,4.63070614,0.99063051
de,bayes_lgb_focal_iso,2026-04-10,4.63070614,0.99063051
de,bayes_lgb_focal_iso,2026-04-11,4.63070614,0.99063051
de,bayes_lgb_focal_iso,2026-04-12,4.62652504,0.99053034
de,bayes_lgb_focal_iso,2026-04-13,4.61387582,0.99022160
de,bayes_lgb_focal_iso,2026-04-14,4.61435103,0.99023112
de,bayes_lgb_focal_iso,2026-04-15,4.61482601,0.99024062
de,bayes_lgb_focal_iso,2026-04-16,4.61387582,0.99022160
de,bayes_lgb_focal_iso,2026-04-17,4.61292473,0.99020253
de,bayes_lgb_focal_iso,2026-04-18,4.61716296,0.99030712
de,bayes_lgb_focal_iso,2026-04-19,4.61716296,0.99030712
de,bayes_lgb_focal_iso,2026-04-20,4.62138330,0.99041030
de,bayes_lgb_focal_iso,2026-04-21,4.61716296,0.99030712
de,bayes_lgb_focal_iso,2026-04-22,4.61716296,0.99030712
de,bayes_lgb_focal_iso,2026-04-23,4.62185496,0.99041957
de,bayes_lgb_focal_iso,2026-04-24,4.62138330,0.99041030
de,bayes_lgb_focal_iso,2026-04-25,4.62605559,0.99052123
de,bayes_lgb_focal_iso,2026-04-26,4.63070614,0.99063051
de,bayes_lgb_focal_iso,2026-04-27,4.63070614,0.99063051
de,bayes_lgb_focal_iso,2026-04-28,4.63117342,0.99063948
de,bayes_lgb_focal_iso,2026-04-29,4.63164048,0.99064844
de,bayes_lgb_focal_iso,2026-04-30,4.63580029,0.99074701
de,bayes_lgb_focal_iso,2026-05-01,4.63580029,0.99074701
de,bayes_lgb_focal_iso,2026-05-02,4.64040585,0.99085296
de,bayes_lgb_focal_iso,2026-05-03,4.64040585,0.99085296
de,bayes_lgb_focal_iso,2026-05-04,4.64499029,0.99095737
de,bayes_lgb_focal_iso,2026-05-05,4.64545095,0.99096591
de,bayes_lgb_focal_iso,2026-05-06,4.78793992,0.99341002
de,bayes_lgb_focal_iso,2026-05-07,4.63517718,0.99065376
de,bayes_lgb_focal_iso,2026-05-08,4.63449876,0.99063833
de,bayes_lgb_focal_iso,2026-05-09,4.63213993,0.99058849
de,bayes_lgb_focal_iso,2026-05-10,4.63381988,0.99062287
de,bayes_lgb_focal_iso,2026-05-11,4.63549702,0.99065708
de,bayes_lgb_focal_iso,2026-05-12,4.63784796,0.99070642
de,bayes_lgb_focal_iso,2026-05-13,4.63549702,0.99065708
de,bayes_lgb_focal_iso,2026-05-14,4.62804144,0.99052989
de,bayes_lgb_focal_iso,2026-05-15,4.63246075,0.99059185
de,bayes_lgb_focal_iso,2026-05-16,4.63246075,0.99059185
de,bayes_lgb_focal_iso,2026-05-17,4.63414016,0.99062622
de,bayes_lgb_focal_iso,2026-05-18,4.63581676,0.99066040
de,bayes_lgb_focal_iso,2026-05-19,4.63346104,0.99061073
de,bayes_lgb_focal_iso,2026-05-20,4.61059051,0.99022343
de,bayes_lgb_focal_iso,2026-05-21,4.62977552,0.99053827
de,bayes_lgb_focal_iso,2026-05-22,4.61679627,0.99032488
de,bayes_lgb_focal_iso,2026-05-23,4.62909343,0.99052259
de,bayes_lgb_focal_iso,2026-05-24,4.41187333,0.98578494
de,bayes_lgb_focal_iso,2026-05-25,4.62740550,0.99048769
de,bayes_lgb_focal_iso,2026-05-26,4.62909343,0.99052259
de,bayes_lgb_focal_iso,2026-05-27,4.62909343,0.99052259
de,bayes_lgb_focal_iso,2026-05-28,4.62909343,0.99052259
de,bayes_lgb_focal_iso,2026-05-29,4.41086866,0.98576104
de,bayes_lgb_focal_iso,2026-05-30,4.62502986,0.99043673
de,bayes_lgb_focal_iso,2026-05-31,4.62740550,0.99048769
de,bayes_lgb_focal_iso,2026-06-01,4.62808875,0.99050345
de,bayes_lgb_focal_iso,2026-06-02,4.62740550,0.99048769
de,bayes_lgb_focal_iso,2026-06-03,4.62909343,0.99052259
de,bayes_lgb_focal_iso,2026-06-04,4.61300066,0.99027623
de,bayes_lgb_focal_iso,2026-06-05,4.62841087,0.99050687
de,bayes_lgb_focal_iso,2026-06-06,4.63077850,0.99055731
de,bayes_lgb_focal_iso,2026-06-07,4.63109976,0.99056070
de,bayes_lgb_focal_iso,2026-06-08,4.62772784,0.99049112
de,bayes_lgb_focal_iso,2026-06-09,4.62704435,0.99047534
de,bayes_lgb_focal_iso,2026-06-10,4.62941522,0.99052600
de,bayes_lgb_focal_iso,2026-06-11,4.62603761,0.99045606
de,bayes_lgb_focal_iso,2026-06-12,4.62603761,0.99045606
de,bayes_lgb_focal_iso,2026-06-13,4.62434452,0.99042082
de,bayes_lgb_focal_iso,2026-06-14,4.62502986,0.99043673
de,bayes_lgb_focal_iso,2026-06-15,4.62402109,0.99041734
de,bayes_lgb_focal_iso,2026-06-16,4.61786015,0.99031762
de,bayes_lgb_focal_iso,2026-06-17,4.62639913,0.99046844
de,bayes_lgb_focal_iso,2026-06-18,4.62639913,0.99046844
de,bayes_lgb_focal_iso,2026-06-19,4.62571473,0.99045260
de,bayes_lgb_focal_iso,2026-06-20,4.62808875,0.99050345
de,bayes_lgb_focal_iso,2026-06-21,4.41255542,0.98580386
de,bayes_lgb_focal_iso,2026-06-22,4.62977552,0.99053827
de,bayes_lgb_focal_iso,2026-06-23,4.62808875,0.99050345
de,bayes_lgb_focal_iso,2026-06-24,4.41323705,0.98582273
de,bayes_lgb_focal_iso,2026-06-25,4.57196262,0.98975798
de,bayes_lgb_focal_iso,2026-06-26,4.59584951,0.98982679
de,bayes_lgb_focal_iso,2026-06-27,4.61013689,0.99011178
de,bayes_lgb_focal_iso,2026-06-28,4.61013689,0.99011178
de,bayes_lgb_focal_iso,2026-06-29,4.61029111,0.99011485
de,bayes_lgb_focal_iso,2026-06-30,4.61153876,0.99014104
de,bayes_lgb_focal_iso,2026-07-01,4.59712801,0.98985437
de,bayes_lgb_focal_iso,2026-07-02,4.61216122,0.99015881
de,bayes_lgb_focal_iso,2026-07-03,4.61340654,0.99018484
de,bayes_lgb_focal_iso,2026-07-04,4.61356026,0.99018788
de,bayes_lgb_focal_iso,2026-07-05,4.59229097,0.98996441
de,bayes_lgb_focal_iso,2026-07-06,4.61371395,0.99019092
de,bayes_lgb_focal_iso,2026-07-07,4.57309047,0.98978708
de,bayes_lgb_focal_iso,2026-07-08,4.57179388,0.98975888
de,bayes_lgb_focal_iso,2026-07-09,4.61356026,0.99018788
de,bayes_lgb_focal_iso,2026-07-10,4.61340654,0.99018484
de,bayes_lgb_focal_iso,2026-07-11,4.61137657,0.99014187
de,bayes_lgb_focal_iso,2026-07-12,4.59130216,0.98994361
de,bayes_lgb_focal_iso,2026-07-13,4.61277671,0.99017101
de,bayes_lgb_focal_iso,2026-07-14,4.60949682,0.99010171
de,bayes_lgb_focal_iso,2026-07-15,4.60965114,0.99010479
de,bayes_lgb_focal_iso,2026-07-16,4.60949682,0.99010171
de,bayes_lgb_focal_iso,2026-07-17,4.59286544,0.98976631
de,bayes_lgb_focal_iso,2026-07-18,4.56853734,0.98968698
de,bayes_lgb_focal_iso,2026-07-19,4.60605128,0.99002860
de,bayes_lgb_focal_iso,2026-07-20,4.60714955,0.99005202
de,bayes_lgb_focal_iso,2026-07-21,4.60699485,0.99004892
de,bayes_lgb_focal_iso,2026-07-22,4.46846026,0.98728708
de,bayes_lgb_focal_iso,2026-07-23,4.48862687,0.98754032
de,bayes_lgb_focal_iso,2026-07-24,4.58881683,0.98967963
de,bayes_lgb_focal_iso,2026-07-25,4.58915631,0.98968836
de,bayes_lgb_focal_iso,2026-07-26,4.60509444,0.99001182
de,bayes_lgb_focal_iso,2026-07-27,4.60574812,0.99002797
de,bayes_lgb_focal_iso,2026-07-28,4.60574812,0.99002797
de,bayes_lgb_focal_iso,2026-07-29,4.59131080,0.98973877
de,bayes_lgb_focal_iso,2026-07-30,4.60748030,0.99006547
de,bayes_lgb_focal_iso,2026-07-31,4.60763493,0.99006857
de,bayes_lgb_focal_iso,2026-08-01,4.58823638,0.98988221
de,bayes_lgb_focal_iso,2026-08-02,4.60885462,0.99009433
de,bayes_lgb_focal_iso,2026-08-03,4.60830392,0.99008375
de,bayes_lgb_focal_iso,2026-08-04,4.60845842,0.99008684
de,bayes_lgb_focal_iso,2026-08-05,4.60665742,0.99005084
de,bayes_lgb_focal_iso,2026-08-06,4.60762674,0.99007249
de,bayes_lgb_focal_iso,2026-08-07,4.60887772,0.99009886
de,bayes_lgb_focal_iso,2026-08-08,4.60903213,0.99010194
de,bayes_lgb_focal_iso,2026-08-09,4.60918652,0.99010502
de,bayes_lgb_focal_iso,2026-08-10,4.58794933,0.98988104
de,bayes_lgb_focal_iso,2026-08-11,4.60730264,0.99006462
de,bayes_lgb_focal_iso,2026-08-12,4.60745730,0.99006772
de,bayes_lgb_focal_iso,2026-08-13,4.60730264,0.99006462
de,bayes_lgb_focal_iso,2026-08-14,5.32738922,1.00044719
de,bayes_lgb_focal_iso,2026-08-15,4.60527511,0.99013129
de,bayes_lgb_focal_iso,2026-08-16,4.60517334,0.99012897
de,bayes_lgb_focal_iso,2026-08-17,4.45903024,0.98697998
de,bayes_lgb_focal_iso,2026-08-18,4.43710357,0.98667363
de,bayes_lgb_focal_iso,2026-08-19,4.60642722,0.99019866
de,bayes_lgb_focal_iso,2026-08-20,4.60787933,0.99022919
de,bayes_lgb_focal_iso,2026-08-21,4.60798083,0.99023148
de,bayes_lgb_focal_iso,2026-08-22,4.56130261,0.98965352
de,bayes_lgb_focal_iso,2026-08-23,4.46058806,0.98701806
de,bayes_lgb_focal_iso,2026-08-24,4.60527511,0.99013129
de,bayes_lgb_focal_iso,2026-08-25,4.60683052,0.99016436
de,bayes_lgb_focal_iso,2026-08-26,4.60667976,0.99016093
de,bayes_lgb_focal_iso,2026-08-27,4.60517334,0.99012897
de,bayes_lgb_focal_iso,2026-08-28,4.60517334,0.99012897
de,bayes_lgb_focal_iso,2026-08-29,4.60507156,0.99012666
de,bayes_lgb_focal_iso,2026-08-30,4.60059433,0.99003113
de,bayes_lgb_focal_iso,2026-08-31,4.60215703,0.99006468
de,bayes_lgb_focal_iso,2026-09-01,4.60351341,0.99009341
de,bayes_lgb_focal_iso,2026-09-02,4.59858037,0.99000068
de,bayes_lgb_focal_iso,2026-09-03,4.60014621,0.99003439
de,bayes_lgb_focal_iso,2026-09-04,4.60136048,0.99006352
de,bayes_lgb_focal_iso,2026-09-05,4.45527284,0.98691838
de,bayes_lgb_focal_iso,2026-09-06,4.59995989,0.99004820
de,bayes_lgb_focal_iso,2026-09-07,4.60142142,0.99007938
de,bayes_lgb_focal_iso,2026-09-08,4.60142142,0.99007938
de,bayes_lgb_focal_iso,2026-09-09,4.60131925,0.99007705
de,bayes_lgb_focal_iso,2026-09-10,4.59995989,0.99004820
de,bayes_lgb_focal_iso,2026-09-11,4.59951148,0.99005149
de,bayes_lgb_focal_iso,2026-09-12,4.57759600,0.98981448
de,bayes_lgb_focal_iso,2026-09-13,4.60253577,0.99011605
de,bayes_lgb_focal_iso,2026-09-14,4.55861233,0.98964730
de,bayes_lgb_focal_iso,2026-09-15,4.60122449,0.99009240
de,bayes_lgb_focal_iso,2026-09-16,4.45653744,0.98696654
de,bayes_lgb_focal_iso,2026-09-17,4.60112231,0.99009007
de,bayes_lgb_focal_iso,2026-09-18,4.59966034,0.99005891
de,bayes_lgb_focal_iso,2026-09-19,4.59799123,0.99002290
de,bayes_lgb_focal_iso,2026-09-20,4.45340668,0.98688959
de,bayes_lgb_focal_iso,2026-09-21,4.59495314,0.98995746
de,bayes_lgb_focal_iso,2026-09-22,4.43145977,0.98658177
de,bayes_lgb_focal_iso,2026-09-23,4.60227920,0.99015800
de,bayes_lgb_focal_iso,2026-09-24,4.59489704,0.98996020
de,bayes_lgb_focal_iso,2026-09-25,4.59195266,0.98989656
de,bayes_lgb_focal_iso,2026-09-26,4.44558357,0.98669941
de,bayes_lgb_focal_iso,2026-09-27,4.73886105,0.99267595
de,bayes_lgb_focal_iso,2026-09-28,5.31439554,1.00033307
de,bayes_lgb_focal_iso,2026-09-29,4.57627241,0.98977157
de,bayes_lgb_focal_iso,2026-09-30,4.59525410,0.98994668
de,bayes_lgb_focal_iso,2026-10-01,4.59682516,0.98998069
de,bayes_lgb_focal_iso,2026-10-02,4.59839375,0.99001453
de,ml_production,2023-12-26,4.56726044,0.98923841
de,ml_production,2023-12-27,4.56138749,0.98911686
de,ml_production,2023-12-28,4.59822645,0.98987426
de,ml_production,2023-12-29,4.65375677,0.99096198
de,ml_production,2023-12-30,4.61024816,0.99011540
de,ml_production,2023-12-31,4.60275816,0.98996634
de,ml_production,2024-01-01,4.59057366,0.98971813
de,ml_production,2024-01-02,4.60264643,0.98996334
de,ml_production,2024-01-03,4.60419336,0.98999203
de,ml_production,2024-01-04,4.55676637,0.98902077
de,ml_production,2024-01-05,4.63404144,0.99058286
de,ml_production,2024-01-06,4.69575367,0.99174524
de,ml_production,2024-01-07,4.62557081,0.99041660
de,ml_production,2024-01-08,4.62636377,0.99043308
de,ml_production,2024-01-09,4.60744888,0.99005997
de,ml_production,2024-01-10,4.60997216,0.99010892
de,ml_production,2024-01-11,4.64570104,0.99080748
de,ml_production,2024-01-12,4.51328826,0.98808693
de,ml_production,2024-01-13,4.62462780,0.99039536
de,ml_production,2024-01-14,4.64292297,0.99075268
de,ml_production,2024-01-15,4.55471102,0.98897879
de,ml_production,2024-01-16,4.62737824,0.99044903
de,ml_production,2024-01-17,4.60545419,0.99001536
de,ml_production,2024-01-18,4.61621731,0.99022975
de,ml_production,2024-01-19,4.63955792,0.99068464
de,ml_production,2024-01-20,4.63677343,0.99063055
de,ml_production,2024-01-21,4.61618575,0.99022853
de,ml_production,2024-01-22,4.59903606,0.98988706
de,ml_production,2024-01-23,4.61583288,0.99022198
de,ml_production,2024-01-24,4.65406261,0.99096735
de,ml_production,2024-01-25,4.59834417,0.98987381
de,ml_production,2024-01-26,4.61884134,0.99028059
de,ml_production,2024-01-27,4.62652738,0.99043231
de,ml_production,2024-01-28,4.60675513,0.99004132
de,ml_production,2024-01-29,4.59238952,0.98975272
de,ml_production,2024-01-30,4.63966237,0.99068807
de,ml_production,2024-01-31,4.63911134,0.99068082
de,ml_production,2024-02-01,4.63093024,0.99052408
de,ml_production,2024-02-02,4.60399174,0.98998874
de,ml_production,2024-02-03,4.56265236,0.98914155
de,ml_production,2024-02-04,4.57930964,0.98948645
de,ml_production,2024-02-05,4.63459341,0.99058887
de,ml_production,2024-02-06,4.58156608,0.98953367
de,ml_production,2024-02-07,4.60385965,0.98998520
de,ml_production,2024-02-08,4.59694017,0.98984896
de,ml_production,2024-02-14,4.60036610,0.98991685
de,ml_production,2024-02-15,4.55393128,0.98896372
de,ml_production,2024-02-16,4.60153252,0.98994519
de,ml_production,2024-02-17,4.61165825,0.99014792
de,ml_production,2024-02-18,4.61058182,0.99010855
de,ml_production,2024-02-19,4.60784033,0.99005362
de,ml_production,2024-02-20,4.60810124,0.99005881
de,ml_production,2024-02-21,4.61111931,0.99011898
de,ml_production,2024-02-22,4.61388660,0.99017395
de,ml_production,2024-02-23,4.60691627,0.99003516
de,ml_production,2024-02-24,4.60643865,0.99002597
de,ml_production,2024-02-25,4.60366976,0.98997051
de,ml_production,2024-02-26,4.60606509,0.99001817
de,ml_production,2024-02-27,4.60601706,0.99001725
de,ml_production,2024-02-28,4.60202123,0.98993722
de,ml_production,2024-02-29,4.60718809,0.99004056
de,ml_production,2024-03-01,4.59798572,0.98985609
de,ml_production,2024-03-02,4.60425043,0.98998200
de,ml_production,2024-03-03,4.59608515,0.98981802
de,ml_production,2024-03-04,4.60369729,0.98997077
de,ml_production,2024-03-05,4.61076589,0.99011189
de,ml_production,2024-03-06,4.60830881,0.99006291
de,ml_production,2024-03-07,4.60507754,0.98999841
de,ml_production,2024-03-08,4.61032545,0.99010317
de,ml_production,2024-03-09,4.57557065,0.98939981
de,ml_production,2024-03-10,4.60268159,0.98995107
de,ml_production,2024-03-11,4.60935691,0.99008382
de,ml_production,2024-03-12,4.60661723,0.99002931
de,ml_production,2024-03-13,4.60459948,0.98998944
de,ml_production,2024-03-14,4.60364073,0.98996969
de,ml_production,2024-03-15,4.61238421,0.99014425
de,ml_production,2024-03-16,4.59494291,0.98979558
de,ml_production,2024-03-17,4.60079200,0.98991347
de,ml_production,2024-03-18,4.60636982,0.99002489
de,ml_production,2024-03-19,4.60794449,0.99005772
de,ml_production,2024-03-20,4.60724730,0.99004326
de,ml_production,2024-03-21,4.60607653,0.99001941
de,ml_production,2024-03-22,4.59685894,0.98983465
de,ml_production,2024-03-23,4.61946467,0.99028500
de,ml_production,2024-03-24,4.59018403,0.98969910
de,ml_production,2024-03-25,4.60113563,0.98991995
de,ml_production,2024-03-26,4.60213689,0.98994069
de,ml_production,2024-03-27,4.59528387,0.98980244
de,ml_production,2024-03-28,4.60991670,0.99009559
de,ml_production,2024-03-29,4.60277640,0.98995331
de,ml_production,2024-03-30,4.60201990,0.98993795
de,ml_production,2024-03-31,4.58821749,0.98965916
de,ml_production,2024-04-01,4.61046645,0.99010652
de,ml_production,2024-04-02,4.60232207,0.98994403
de,ml_production,2024-04-03,4.59966019,0.98989024
de,ml_production,2024-04-04,4.59347698,0.98976548
de,ml_production,2024-04-05,4.59839427,0.98986491
de,ml_production,2024-04-06,4.60306211,0.98995892
de,ml_production,2024-04-07,4.61185205,0.99013410
de,ml_production,2024-04-08,4.71738963,0.99213674
de,ml_production,2024-04-09,4.61280516,0.99016775
de,ml_production,2024-04-10,4.68403394,0.99153579
de,ml_production,2024-04-11,4.56833387,0.98926639
de,ml_production,2024-04-12,4.58721886,0.98965476
de,ml_production,2024-04-13,4.67881454,0.99148783
de,ml_production,2024-04-14,4.61854380,0.99028017
de,ml_production,2024-04-15,4.60497239,0.99003996
de,ml_production,2024-04-16,4.56715719,0.98926870
de,ml_production,2024-04-17,4.65776119,0.99103865
de,ml_production,2024-04-18,4.49598187,0.98770954
de,ml_production,2024-04-19,4.58260243,0.98955764
de,ml_production,2024-04-20,4.60421475,0.99000063
de,ml_production,2024-04-21,4.63608644,0.99062170
de,ml_production,2024-04-22,4.57927515,0.98948792
de,ml_production,2024-04-23,4.57387789,0.98937639
de,ml_production,2024-04-24,4.57564224,0.98941205
de,ml_production,2024-04-25,4.60465415,0.99000808
de,ml_production,2024-04-26,4.52561777,0.98837091
de,ml_production,2024-04-27,4.60106784,0.98993938
de,ml_production,2024-04-28,4.61470196,0.99025172
de,ml_production,2024-04-29,4.60925900,0.99013207
de,ml_production,2024-04-30,4.65822010,0.99107223
de,ml_production,2024-05-01,4.62511389,0.99043149
de,ml_production,2024-05-02,4.68354534,0.99154809
de,ml_production,2024-05-03,4.60703460,0.99010557
de,ml_production,2024-05-04,4.57393425,0.98938778
de,ml_production,2024-05-05,4.62081525,0.99033080
de,ml_production,2024-05-06,4.65149274,0.99095349
de,ml_production,2024-05-07,4.62422255,0.99040868
de,ml_production,2024-05-08,4.53470245,0.98855263
de,ml_production,2024-05-09,4.60148393,0.98994353
de,ml_production,2024-05-10,4.58207486,0.98961497
de,ml_production,2024-05-11,4.62903619,0.99055104
de,ml_production,2024-05-12,4.67032486,0.99130511
de,ml_production,2024-05-13,4.64864946,0.99092926
de,ml_production,2024-05-14,4.60269928,0.98996948
de,ml_production,2024-05-15,4.55867491,0.98906169
de,ml_production,2024-05-16,4.70485483,0.99191234
de,ml_production,2024-05-17,4.64200192,0.99078381
de,ml_production,2024-05-18,4.60525622,0.99007571
de,ml_production,2024-05-19,4.53669928,0.98863755
de,ml_production,2024-05-20,4.21651850,0.98056582
de,ml_production,2024-05-21,4.67864062,0.99146191
de,ml_production,2024-05-22,4.61704436,0.99024385
de,ml_production,2024-05-23,4.55872855,0.98906894
de,ml_production,2024-05-24,4.62530446,0.99043584
de,ml_production,2024-05-25,4.62821115,0.99047491
de,ml_production,2024-05-26,4.59830010,0.98990493
de,ml_production,2024-05-27,4.59905648,0.98989277
de,ml_production,2024-05-28,4.50455204,0.98788795
de,ml_production,2024-05-29,4.59936452,0.98988759
de,ml_production,2024-05-30,4.59922222,0.98988470
de,ml_production,2024-05-31,4.59950679,0.98989049
de,ml_production,2024-06-01,4.70622315,0.99192565
de,ml_production,2024-06-02,4.60057558,0.98991085
de,ml_production,2024-06-03,4.60137013,0.98992610
de,ml_production,2024-06-04,4.60050226,0.98990911
de,ml_production,2024-06-05,4.60017894,0.98990341
de,ml_production,2024-06-06,4.60113858,0.98992154
de,ml_production,2024-06-07,4.60142260,0.98992730
de,ml_production,2024-06-08,4.60064362,0.98991225
de,ml_production,2024-06-09,4.60054526,0.98991053
de,ml_production,2024-06-10,4.60010630,0.98990167
de,ml_production,2024-06-11,4.64553397,0.99079438
de,ml_production,2024-06-12,4.60065223,0.98991242
de,ml_production,2024-06-13,4.59964150,0.98989249
de,ml_production,2024-06-14,4.60044697,0.98990942
de,ml_production,2024-06-15,4.67544009,0.99136017
de,ml_production,2024-06-16,4.60135326,0.98992612
de,ml_production,2024-06-17,4.60068115,0.98991333
de,ml_production,2024-06-18,4.60027569,0.98990577
de,ml_production,2024-06-19,4.60041783,0.98990866
de,ml_production,2024-06-20,4.59940686,0.98988872
de,ml_production,2024-06-21,4.67485327,0.99135064
de,ml_production,2024-06-22,4.60041783,0.98990866
de,ml_production,2024-06-23,4.60172606,0.98993386
de,ml_production,2024-06-24,4.60196622,0.98993845
de,ml_production,2024-06-25,4.60182430,0.98993557
de,ml_production,2024-06-26,4.60161743,0.98993155
de,ml_production,2024-06-27,4.60178999,0.98993456
de,ml_production,2024-06-28,4.60207382,0.98994032
de,ml_production,2024-06-29,4.60160991,0.98993128
de,ml_production,2024-06-30,4.60160991,0.98993128
de,ml_production,2024-07-01,4.60175193,0.98993398
de,ml_production,2024-07-02,4.60108094,0.98992072
de,ml_production,2024-07-03,4.69975322,0.99180766
de,ml_production,2024-07-04,4.60106548,0.98992034
de,ml_production,2024-07-05,4.60134989,0.98992635
de,ml_production,2024-07-06,4.60107626,0.98992109
de,ml_production,2024-07-07,4.60121829,0.98992397
de,ml_production,2024-07-08,4.60101135,0.98991976
de,ml_production,2024-07-09,4.60086929,0.98991687
de,ml_production,2024-07-10,4.60101135,0.98991976
de,ml_production,2024-07-11,4.60180171,0.98993517
de,ml_production,2024-07-12,4.60187878,0.98993672
de,ml_production,2024-07-13,4.60180171,0.98993517
de,ml_production,2024-07-14,4.60149662,0.98992925
de,ml_production,2024-07-15,4.60128974,0.98992504
de,ml_production,2024-07-16,4.60056392,0.98991093
de,ml_production,2024-07-17,4.60630299,0.99002266
de,ml_production,2024-07-18,4.60582318,0.99001307
de,ml_production,2024-07-19,4.60755688,0.99004770
de,ml_production,2024-07-20,4.60458360,0.98998829
de,ml_production,2024-07-21,4.60189844,0.98993448
de,ml_production,2024-07-22,4.60329677,0.98996253
de,ml_production,2024-07-23,4.60599153,0.99001644
de,ml_production,2024-07-24,4.60584529,0.99001352
de,ml_production,2024-07-25,4.60486861,0.98999400
de,ml_production,2024-07-26,4.60520303,0.99000068
de,ml_production,2024-07-27,4.60377500,0.98997211
de,ml_production,2024-07-28,4.60502978,0.98999722
de,ml_production,2024-07-29,4.60492532,0.98999513
de,ml_production,2024-07-30,4.60526895,0.99000200
de,ml_production,2024-07-31,4.60322464,0.98996107
de,ml_production,2024-08-01,4.60459819,0.98998858
de,ml_production,2024-08-02,4.60573657,0.99001134
de,ml_production,2024-08-03,4.60406372,0.98997788
de,ml_production,2024-08-04,4.60460393,0.98998870
de,ml_production,2024-08-05,4.60730110,0.99004259
de,ml_production,2024-08-06,4.60364929,0.98996958
de,ml_production,2024-08-07,4.60756524,0.99004787
de,ml_production,2024-08-08,4.60235610,0.98994366
de,ml_production,2024-08-09,4.60389019,0.98997440
de,ml_production,2024-08-10,4.60282137,0.98995299
de,ml_production,2024-08-11,4.60659301,0.99002846
de,ml_production,2024-08-12,4.60660156,0.99002863
de,ml_production,2024-08-13,4.60934007,0.99008325
de,ml_production,2024-08-14,4.60424078,0.98998143
de,ml_production,2024-08-15,4.60641537,0.99002491
de,ml_production,2024-08-16,4.60584877,0.99001359
de,ml_production,2024-08-17,4.60648724,0.99002635
de,ml_production,2024-08-18,4.60445446,0.98998570
de,ml_production,2024-08-19,4.60560810,0.99000877
de,ml_production,2024-08-20,4.60642861,0.99002518
de,ml_production,2024-08-21,4.60470088,0.98999063
de,ml_production,2024-08-22,4.60399261,0.98997646
de,ml_production,2024-08-23,4.60194610,0.98993544
de,ml_production,2024-08-24,4.60651806,0.99002697
de,ml_production,2024-08-25,4.60643009,0.99002520
de,ml_production,2024-08-26,4.60368173,0.98997023
de,ml_production,2024-08-27,4.60449049,0.98998643
de,ml_production,2024-08-28,4.60456381,0.98998789
de,ml_production,2024-08-29,4.60395891,0.98997579
de,ml_production,2024-08-30,4.60592649,0.99001514
de,ml_production,2024-08-31,4.60354030,0.98996740
de,ml_production,2024-09-01,4.60529993,0.99000262
de,ml_production,2024-09-02,4.60431927,0.98998301
de,ml_production,2024-09-03,4.60385348,0.98997368
de,ml_production,2024-09-04,4.60453992,0.98998741
de,ml_production,2024-09-05,4.59378609,0.98977208
de,ml_production,2024-09-06,4.60515578,0.99000048
de,ml_production,2024-09-07,4.60502161,0.98999840
de,ml_production,2024-09-08,4.61472087,0.99019126
de,ml_production,2024-09-09,4.58870527,0.98966885
de,ml_production,2024-09-10,4.60482353,0.98999403
de,ml_production,2024-09-11,4.60380440,0.98997376
de,ml_production,2024-09-12,4.59339519,0.98976389
de,ml_production,2024-09-13,4.58738751,0.98964183
de,ml_production,2024-09-14,4.60593862,0.99001649
de,ml_production,2024-09-15,4.59413457,0.98977943
de,ml_production,2024-09-16,4.60363319,0.98997041
de,ml_production,2024-09-17,4.60501300,0.98999769
de,ml_production,2024-09-18,4.60393465,0.98997705
de,ml_production,2024-09-19,4.61272198,0.99015211
de,ml_production,2024-09-20,4.60361303,0.98997065
de,ml_production,2024-09-21,4.61407318,0.99017857
de,ml_production,2024-09-22,4.61015323,0.99010095
de,ml_production,2024-09-23,4.58877828,0.98967070
de,ml_production,2024-09-24,4.60455126,0.98998904
de,ml_production,2024-09-25,4.60367786,0.98997172
de,ml_production,2024-09-26,4.59975031,0.98989344
de,ml_production,2024-09-27,4.59306938,0.98975796
de,ml_production,2024-09-28,4.60429164,0.98998409
de,ml_production,2024-09-29,4.59261099,0.98974966
de,ml_production,2024-09-30,4.60255962,0.98994937
de,ml_production,2024-10-01,4.60213325,0.98994082
de,ml_production,2024-10-02,4.61457002,0.99018949
de,ml_production,2024-10-03,4.60378928,0.98997344
de,ml_production,2024-10-04,4.59266284,0.98975034
de,ml_production,2024-10-05,4.62183215,0.99033158
de,ml_production,2024-10-06,4.60379576,0.98997334
de,ml_production,2024-10-07,4.61477120,0.99019195
de,ml_production,2024-10-08,4.59417504,0.98977973
de,ml_production,2024-10-09,4.61315783,0.99016010
de,ml_production,2024-10-10,4.59943780,0.98988599
de,ml_production,2024-10-11,4.59335402,0.98976408
de,ml_production,2024-10-12,4.61456282,0.99018800
de,ml_production,2024-10-13,4.60387263,0.98997496
de,ml_production,2024-10-14,4.60382738,0.98997382
de,ml_production,2024-10-15,4.61353675,0.99016771
de,ml_production,2024-10-16,4.61310566,0.99015884
de,ml_production,2024-10-17,4.59067253,0.98970880
de,ml_production,2024-10-18,4.63229611,0.99053601
de,ml_production,2024-10-19,4.62992431,0.99048989
de,ml_production,2024-10-20,4.61302895,0.99015726
de,ml_production,2024-10-21,4.60381739,0.98997365
de,ml_production,2024-10-22,4.60147514,0.98992671
de,ml_production,2024-10-23,4.60682916,0.99003393
de,ml_production,2024-10-24,4.63484312,0.99058560
de,ml_production,2024-10-25,4.58610733,0.98961856
de,ml_production,2024-10-26,4.59182638,0.98973446
de,ml_production,2024-10-27,4.57664629,0.98942412
de,ml_production,2024-10-28,4.60379356,0.98997782
de,ml_production,2024-10-29,4.57794960,0.98945352
de,ml_production,2024-10-30,4.59021991,0.98970245
de,ml_production,2024-10-31,4.59315799,0.98976530
de,ml_production,2024-11-01,4.60037137,0.98991014
de,ml_production,2024-11-02,4.60061711,0.98991475
de,ml_production,2024-11-03,4.60260256,0.98995612
de,ml_production,2024-11-04,4.60767477,0.99006798
de,ml_production,2024-11-05,4.59032668,0.98970581
de,ml_production,2024-11-06,4.59538039,0.98980849
de,ml_production,2024-11-07,4.59279906,0.98975533
de,ml_production,2024-11-08,4.60238139,0.98994942
de,ml_production,2024-11-09,4.60071764,0.98991757
de,ml_production,2024-11-10,4.58662291,0.98963117
de,ml_production,2024-11-11,4.61288738,0.99015954
de,ml_production,2024-11-12,4.58838641,0.98966757
de,ml_production,2024-11-13,4.59435696,0.98979087
de,ml_production,2024-11-14,4.60967726,0.99009569
de,ml_production,2024-11-15,4.61902125,0.99027942
de,ml_production,2024-11-16,4.59792937,0.98985853
de,ml_production,2024-11-17,4.59722645,0.98984365
de,ml_production,2024-11-18,4.59662325,0.98983186
de,ml_production,2024-11-19,4.62061937,0.99031015
de,ml_production,2024-11-20,4.60333212,0.98996706
de,ml_production,2024-11-21,4.60165489,0.98994362
de,ml_production,2024-11-22,4.60274382,0.98995760
de,ml_production,2024-11-23,4.60277001,0.98995747
de,ml_production,2024-11-24,4.60460159,0.98999284
de,ml_production,2024-11-25,4.60419999,0.98998596
de,ml_production,2024-11-26,4.56049752,0.98909084
de,ml_production,2024-11-27,4.60873790,0.99007599
de,ml_production,2024-11-28,4.63172465,0.99052887
de,ml_production,2024-11-29,4.60536786,0.99000796
de,ml_production,2024-11-30,4.61737844,0.99024684
de,ml_production,2024-12-01,4.61369888,0.99017280
de,ml_production,2024-12-02,4.60745808,0.99004893
de,ml_production,2024-12-03,4.61008301,0.99012013
de,ml_production,2024-12-04,4.60041991,0.98990931
de,ml_production,2024-12-05,4.59630992,0.98982718
de,ml_production,2024-12-06,4.60628208,0.99002686
de,ml_production,2024-12-07,4.61935760,0.99028615
de,ml_production,2024-12-08,4.60106054,0.98992201
de,ml_production,2024-12-09,4.57788896,0.98945067
de,ml_production,2024-12-10,4.60388126,0.98998691
de,ml_production,2024-12-11,4.60536873,0.99000629
de,ml_production,2024-12-12,4.59841150,0.98986747
de,ml_production,2024-12-13,4.59749564,0.98984946
de,ml_production,2024-12-14,4.61426707,0.99018203
de,ml_production,2024-12-15,4.60092770,0.98991710
de,ml_production,2024-12-16,4.60391618,0.98997578
de,ml_production,2024-12-17,4.64507594,0.99078358
de,ml_production,2024-12-18,4.61719031,0.99023976
de,ml_production,2024-12-19,4.60510962,0.98999957
de,ml_production,2024-12-20,4.60409759,0.98997978
de,ml_production,2024-12-21,4.60784298,0.99005425
de,ml_production,2024-12-22,4.60694006,0.99003657
de,ml_production,2024-12-23,4.60060358,0.98990943
de,ml_production,2024-12-24,4.60886071,0.99007498
de,ml_production,2024-12-25,4.60585692,0.99001499
de,ml_production,2024-12-26,4.61979293,0.99029124
de,ml_production,2024-12-27,4.61712977,0.99023884
de,ml_production,2024-12-28,4.60234787,0.98994459
de,ml_production,2024-12-29,4.59620517,0.98982111
de,ml_production,2024-12-30,4.60022282,0.98990234
de,ml_production,2024-12-31,4.57704153,0.98943192
de,ml_production,2025-01-01,4.60623308,0.99002307
de,ml_production,2025-01-02,4.60204570,0.98993865
de,ml_production,2025-01-03,4.60938275,0.99008665
de,ml_production,2025-01-04,4.60630254,0.99002497
de,ml_production,2025-01-05,4.60831236,0.99006408
de,ml_production,2025-01-06,4.59690304,0.98983549
de,ml_production,2025-01-07,4.57297285,0.98934730
de,ml_production,2025-01-08,4.61637308,0.99022464
de,ml_production,2025-01-09,4.60067754,0.98991142
de,ml_production,2025-01-10,4.60263286,0.98995164
de,ml_production,2025-01-11,4.61564515,0.99020992
de,ml_production,2025-01-12,4.60502348,0.98999871
de,ml_production,2025-01-13,4.60011781,0.98990020
de,ml_production,2025-01-14,4.62349816,0.99036627
de,ml_production,2025-01-15,4.58373966,0.98956852
de,ml_production,2025-01-16,4.61419671,0.99018087
de,ml_production,2025-01-17,4.59923847,0.98988226
de,ml_production,2025-01-18,4.61054968,0.99010884
de,ml_production,2025-01-19,4.60720416,0.99004197
de,ml_production,2025-01-20,4.61906760,0.99027761
de,ml_production,2025-01-21,4.60336845,0.98996554
de,ml_production,2025-01-22,4.61737358,0.99024457
de,ml_production,2025-01-23,4.60616075,0.99002114
de,ml_production,2025-01-24,4.60732356,0.99004480
de,ml_production,2025-01-25,4.57188707,0.98932476
de,ml_production,2025-01-26,4.59504508,0.98979784
de,ml_production,2025-01-27,4.60250598,0.98994835
de,ml_production,2025-02-02,4.60708428,0.99003947
de,ml_production,2025-02-03,4.60123126,0.98992246
de,ml_production,2025-02-04,4.61509292,0.99019892
de,ml_production,2025-02-05,4.57982745,0.98948855
de,ml_production,2025-02-06,4.60852147,0.99009911
de,ml_production,2025-02-07,4.63335432,0.99058866
de,ml_production,2025-02-08,4.62403454,0.99040705
de,ml_production,2025-02-09,4.53812547,0.98864629
de,ml_production,2025-02-10,4.62223052,0.99037043
de,ml_production,2025-02-11,4.62272729,0.99037960
de,ml_production,2025-02-12,4.62859938,0.99049503
de,ml_production,2025-02-13,4.59156359,0.98974512
de,ml_production,2025-02-14,4.61152331,0.99013071
de,ml_production,2025-02-15,4.58756264,0.98964688
de,ml_production,2025-02-16,4.61764905,0.99025161
de,ml_production,2025-02-17,4.60802591,0.99006222
de,ml_production,2025-02-18,4.61828485,0.99026417
de,ml_production,2025-02-19,4.58571776,0.98961000
de,ml_production,2025-02-20,4.58680271,0.98963182
de,ml_production,2025-02-21,4.60413560,0.98998263
de,ml_production,2025-02-22,4.61230100,0.99014601
de,ml_production,2025-02-23,4.59897069,0.98987890
de,ml_production,2025-02-24,4.58635723,0.98962334
de,ml_production,2025-02-25,4.61310934,0.99016139
de,ml_production,2025-02-26,4.61918354,0.99028140
de,ml_production,2025-02-27,4.62233812,0.99036334
de,ml_production,2025-02-28,4.59063138,0.98972980
de,ml_production,2025-03-01,4.62123671,0.99033677
de,ml_production,2025-03-02,4.60297684,0.98995950
de,ml_production,2025-03-03,4.61444939,0.99018768
de,ml_production,2025-03-04,4.62173636,0.99033153
de,ml_production,2025-03-05,4.58416673,0.98957880
de,ml_production,2025-03-06,4.58977339,0.98969287
de,ml_production,2025-03-07,4.60219086,0.98994314
de,ml_production,2025-03-08,4.60205859,0.98994054
de,ml_production,2025-03-09,4.61579741,0.99021483
de,ml_production,2025-03-10,4.55926757,0.98906308
de,ml_production,2025-03-11,4.61972714,0.99029105
de,ml_production,2025-03-12,4.62060056,0.99030883
de,ml_production,2025-03-13,4.59980040,0.98989432
de,ml_production,2025-03-14,4.65118369,0.99090184
de,ml_production,2025-03-15,4.58985692,0.98969514
de,ml_production,2025-03-16,4.62101810,0.99031859
de,ml_production,2025-03-17,4.56572252,0.98919716
de,ml_production,2025-03-18,4.62081258,0.99031218
de,ml_production,2025-03-19,4.61083009,0.99011520
de,ml_production,2025-03-20,4.59804820,0.98985901
de,ml_production,2025-03-21,4.62708488,0.99043518
de,ml_production,2025-03-22,4.60474429,0.98999312
de,ml_production,2025-03-23,4.61374751,0.99017243
de,ml_production,2025-03-24,4.61294776,0.99015668
de,ml_production,2025-03-25,4.61279600,0.99015383
de,ml_production,2025-03-26,4.59843059,0.98986651
de,ml_production,2025-03-27,4.61253975,0.99014852
de,ml_production,2025-03-28,4.60574912,0.99001368
de,ml_production,2025-03-29,4.65474473,0.99096917
de,ml_production,2025-03-30,4.62522784,0.99039813
de,ml_production,2025-03-31,4.60210351,0.98993959
de,ml_production,2025-04-01,4.60772150,0.99005186
de,ml_production,2025-04-02,4.60038585,0.98990508
de,ml_production,2025-04-03,4.60386935,0.98997517
de,ml_production,2025-04-04,4.59970001,0.98989155
de,ml_production,2025-04-05,4.60580197,0.99001367
de,ml_production,2025-04-06,4.60410223,0.98997988
de,ml_production,2025-04-07,4.59563384,0.98980974
de,ml_production,2025-04-08,4.61723464,0.99024074
de,ml_production,2025-04-09,4.60008603,0.98989931
de,ml_production,2025-04-10,4.59699577,0.98983720
de,ml_production,2025-04-11,4.60063157,0.98991016
de,ml_production,2025-04-12,4.60129910,0.98992340
de,ml_production,2025-04-13,4.60493248,0.98999627
de,ml_production,2025-04-14,4.60299795,0.98995752
de,ml_production,2025-04-15,4.60666030,0.99003059
de,ml_production,2025-04-16,4.60303115,0.98995814
de,ml_production,2025-04-17,4.60449198,0.98998752
de,ml_production,2025-04-18,4.60176758,0.98993310
de,ml_production,2025-04-19,4.60339699,0.98996578
de,ml_production,2025-04-20,4.59851343,0.98986803
de,ml_production,2025-04-21,4.60458494,0.98999024
de,ml_production,2025-04-22,4.60497781,0.98999754
de,ml_production,2025-04-23,4.60129295,0.98992432
de,ml_production,2025-04-24,4.60347672,0.98996835
de,ml_production,2025-04-25,4.60201197,0.98993855
de,ml_production,2025-04-26,4.59906337,0.98987915
de,ml_production,2025-04-27,4.60859896,0.99006993
de,ml_production,2025-04-28,4.60615478,0.99002114
de,ml_production,2025-04-29,4.63616569,0.99061182
de,ml_production,2025-04-30,4.60810557,0.99006006
de,ml_production,2025-05-01,4.60644470,0.99002714
de,ml_production,2025-05-02,4.60482166,0.98999472
de,ml_production,2025-05-03,4.63678307,0.99062381
de,ml_production,2025-05-04,4.59661590,0.98982978
de,ml_production,2025-05-05,4.60034190,0.98990466
de,ml_production,2025-05-06,4.60177168,0.98993348
de,ml_production,2025-05-07,4.60263235,0.98995028
de,ml_production,2025-05-08,4.60188392,0.98993553
de,ml_production,2025-05-09,4.60169717,0.98993175
de,ml_production,2025-05-10,4.60607875,0.99001934
de,ml_production,2025-05-11,4.60078728,0.98991315
de,ml_production,2025-05-12,4.60253519,0.98994816
de,ml_production,2025-05-13,4.60260532,0.98994947
de,ml_production,2025-05-14,4.60115424,0.98992045
de,ml_production,2025-05-15,4.60357853,0.98996926
de,ml_production,2025-05-16,4.59970320,0.98989169
de,ml_production,2025-05-17,4.60562315,0.99000908
de,ml_production,2025-05-18,4.60489513,0.98999451
de,ml_production,2025-05-19,4.60556838,0.99000797
de,ml_production,2025-05-20,4.60556977,0.99000800
de,ml_production,2025-05-21,4.60556838,0.99000797
de,ml_production,2025-05-22,4.60553731,0.99000735
de,ml_production,2025-05-23,4.60437014,0.98998400
de,ml_production,2025-05-24,4.60555497,0.99000771
de,ml_production,2025-05-25,4.60556156,0.99000784
de,ml_production,2025-05-26,4.60559900,0.99000860
de,ml_production,2025-05-27,4.60549007,0.99000641
de,ml_production,2025-05-28,4.60553709,0.99000735
de,ml_production,2025-05-29,4.60206996,0.98993791
de,ml_production,2025-05-30,4.60552041,0.99000702
de,ml_production,2025-05-31,4.59998364,0.98989601
de,ml_production,2025-06-01,4.60544384,0.99000548
de,ml_production,2025-06-02,4.60543706,0.99000535
de,ml_production,2025-06-03,4.60544397,0.99000549
de,ml_production,2025-06-04,4.60545300,0.99000567
de,ml_production,2025-06-05,4.60548002,0.99000621
de,ml_production,2025-06-06,4.60545747,0.99000576
de,ml_production,2025-06-07,4.60541162,0.99000484
de,ml_production,2025-06-08,4.60539182,0.99000444
de,ml_production,2025-06-09,4.60545763,0.99000577
de,ml_production,2025-06-10,4.60544745,0.99000555
de,ml_production,2025-06-11,4.60542268,0.99000506
de,ml_production,2025-06-12,4.60590753,0.99001475
de,ml_production,2025-06-13,4.60545503,0.99000571
de,ml_production,2025-06-14,4.60632661,0.99002313
de,ml_production,2025-06-15,4.60546557,0.99000593
de,ml_production,2025-06-16,4.60637004,0.99002401
de,ml_production,2025-06-17,4.60473307,0.98999127
de,ml_production,2025-06-18,4.60539951,0.99000460
de,ml_production,2025-06-19,4.60473976,0.98999140
de,ml_production,2025-06-20,4.60537756,0.99000416
de,ml_production,2025-06-21,4.60540182,0.99000464
de,ml_production,2025-06-22,4.60190281,0.98993456
de,ml_production,2025-06-23,4.60536548,0.99000392
de,ml_production,2025-06-24,4.60675133,0.99003161
de,ml_production,2025-06-25,4.60596871,0.99001598
de,ml_production,2025-06-26,4.60540378,0.99000468
de,ml_production,2025-06-27,4.60539474,0.99000450
de,ml_production,2025-06-28,4.60534719,0.99000355
de,ml_production,2025-06-29,4.60672238,0.99003103
de,ml_production,2025-06-30,4.60537405,0.99000409
de,ml_production,2025-07-01,4.60539216,0.99000445
de,ml_production,2025-07-02,4.60538632,0.99000434
de,ml_production,2025-07-03,4.60538537,0.99000432
de,ml_production,2025-07-04,4.60535508,0.99000371
de,ml_production,2025-07-05,4.60533619,0.99000333
de,ml_production,2025-07-06,4.58957852,0.98969015
de,ml_production,2025-07-07,4.60442355,0.98998964
de,ml_production,2025-07-08,4.60290677,0.98995787
de,ml_production,2025-07-09,4.60196189,0.98993999
de,ml_production,2025-07-10,4.59769977,0.98985301
de,ml_production,2025-07-11,4.60560835,0.99001221
de,ml_production,2025-07-12,4.54124216,0.98868453
de,ml_production,2025-07-13,4.60165084,0.98993320
de,ml_production,2025-07-14,4.61727821,0.99024540
de,ml_production,2025-07-15,4.59014630,0.98970176
de,ml_production,2025-07-16,4.58416172,0.98958046
de,ml_production,2025-07-17,4.60137497,0.98992815
de,ml_production,2025-07-18,4.60274758,0.98995523
de,ml_production,2025-07-19,4.59856653,0.98986995
de,ml_production,2025-07-20,4.60499826,0.98999915
de,ml_production,2025-07-21,4.61371789,0.99017185
de,ml_production,2025-07-22,4.59691678,0.98983602
de,ml_production,2025-07-23,4.59958388,0.98988969
de,ml_production,2025-07-24,4.61014931,0.99010111
de,ml_production,2025-07-25,4.59881255,0.98987396
de,ml_production,2025-07-26,4.60375998,0.98997335
de,ml_production,2025-07-27,4.59685004,0.98983507
de,ml_production,2025-07-28,4.66771046,0.99121397
de,ml_production,2025-07-29,4.59167882,0.98972950
de,ml_production,2025-07-30,4.59503580,0.98979918
de,ml_production,2025-07-31,4.62406555,0.99037704
de,ml_production,2025-08-01,4.60135386,0.98992609
de,ml_production,2025-08-02,4.60334293,0.98996608
de,ml_production,2025-08-03,4.61631038,0.99022364
de,ml_production,2025-08-04,4.60497607,0.98999761
de,ml_production,2025-08-05,4.60509153,0.99000022
de,ml_production,2025-08-06,4.60409057,0.98998162
de,ml_production,2025-08-07,4.61771039,0.99025203
de,ml_production,2025-08-08,4.62002648,0.99029938
de,ml_production,2025-08-09,4.60599018,0.99002089
de,ml_production,2025-08-10,4.60065337,0.98991346
de,ml_production,2025-08-11,4.60326802,0.98996473
de,ml_production,2025-08-12,4.60547187,0.99000892
de,ml_production,2025-08-13,4.60327870,0.98996511
de,ml_production,2025-08-14,4.61662725,0.99023068
de,ml_production,2025-08-15,4.60249453,0.98994777
de,ml_production,2025-08-16,4.60292992,0.98995758
de,ml_production,2025-08-17,4.65199316,0.99091851
de,ml_production,2025-08-18,4.59764679,0.98985226
de,ml_production,2025-08-19,4.61579580,0.99021381
de,ml_production,2025-08-20,4.60059494,0.98991133
de,ml_production,2025-08-21,4.59787767,0.98985661
de,ml_production,2025-08-22,4.61711810,0.99024074
de,ml_production,2025-08-23,4.53472724,0.98854298
de,ml_production,2025-08-24,4.60494148,0.98999875
de,ml_production,2025-08-25,4.60358479,0.98996865
de,ml_production,2025-08-26,4.60772416,0.99005138
de,ml_production,2025-08-27,4.60974373,0.99009164
de,ml_production,2025-08-28,4.58884580,0.98967124
de,ml_production,2025-08-29,4.60929362,0.99008266
de,ml_production,2025-08-30,4.60187600,0.98993432
de,ml_production,2025-08-31,4.60825637,0.99006201
de,ml_production,2025-09-01,4.59012444,0.98969715
de,ml_production,2025-09-02,4.61320926,0.99016040
de,ml_production,2025-09-03,4.60443613,0.98998562
de,ml_production,2025-09-04,4.61040960,0.99010480
de,ml_production,2025-09-05,4.60357635,0.98996834
de,ml_production,2025-09-06,4.60381289,0.98997308
de,ml_production,2025-09-07,4.61820179,0.99025922
de,ml_production,2025-09-08,4.60428035,0.98998243
de,ml_production,2025-09-09,4.61108696,0.99011819
de,ml_production,2025-09-10,4.60409010,0.98997858
de,ml_production,2025-09-11,4.61103567,0.99011718
de,ml_production,2025-09-12,4.60516036,0.99000004
de,ml_production,2025-09-13,4.62862302,0.99046394
de,ml_production,2025-09-14,4.60632392,0.99002339
de,ml_production,2025-09-15,4.60355173,0.98996795
de,ml_production,2025-09-16,4.61093405,0.99011529
de,ml_production,2025-09-17,4.60668835,0.99003068
de,ml_production,2025-09-18,4.60675580,0.99003207
de,ml_production,2025-09-19,4.60120052,0.98992080
de,ml_production,2025-09-20,4.60442500,0.98998548
de,ml_production,2025-09-21,4.60647755,0.99002655
de,ml_production,2025-09-22,4.60890426,0.99007496
de,ml_production,2025-09-23,4.60444131,0.98998579
de,ml_production,2025-09-24,4.60406640,0.98997829
de,ml_production,2025-09-25,4.60425488,0.98998211
de,ml_production,2025-09-26,4.60503872,0.98999779
de,ml_production,2025-09-27,4.59711684,0.98983872
de,ml_production,2025-09-28,4.61327971,0.99016196
de,ml_production,2025-09-29,4.60594234,0.99001582
de,ml_production,2025-09-30,4.61028423,0.99010241
de,ml_production,2025-10-01,4.60298460,0.98995663
de,ml_production,2025-10-02,4.62721526,0.99043650
de,ml_production,2025-10-03,4.61046857,0.99010604
de,ml_production,2025-10-04,4.60637339,0.99002442
de,ml_production,2025-10-05,4.60235228,0.98994387
de,ml_production,2025-10-06,4.59445479,0.98978488
de,ml_production,2025-10-07,4.60414628,0.98997983
de,ml_production,2025-10-08,4.60572573,0.99001149
de,ml_production,2025-10-09,4.60295150,0.98995598
de,ml_production,2025-10-10,4.60415580,0.98998011
de,ml_production,2025-10-11,4.60190550,0.98993498
de,ml_production,2025-10-12,4.60570358,0.99001103
de,ml_production,2025-10-13,4.60446425,0.98998624
de,ml_production,2025-10-14,4.60343971,0.98996619
de,ml_production,2025-10-15,4.59927590,0.98988207
de,ml_production,2025-10-16,4.61132391,0.99012296
de,ml_production,2025-10-17,4.60693765,0.99003552
de,ml_production,2025-10-18,4.60691442,0.99003519
de,ml_production,2025-10-19,4.60920516,0.99008083
de,ml_production,2025-10-20,4.60713823,0.99003961
de,ml_production,2025-10-21,4.60434963,0.98998391
de,ml_production,2025-10-22,4.59707312,0.98983784
de,ml_production,2025-10-23,4.59958176,0.98988819
de,ml_production,2025-10-24,4.59988124,0.98989433
de,ml_production,2025-10-25,4.60888444,0.99007464
de,ml_production,2025-10-26,4.60015915,0.98990004
de,ml_production,2025-10-27,4.62788713,0.99044966
de,ml_production,2025-10-28,4.60778433,0.99005259
de,ml_production,2025-10-29,4.59633808,0.98982312
de,ml_production,2025-10-30,4.60396992,0.98997630
de,ml_production,2025-10-31,4.59963196,0.98988913
de,ml_production,2025-11-01,4.60599348,0.99001672
de,ml_production,2025-11-02,4.60471292,0.98999119
de,ml_production,2025-11-03,4.60652652,0.99002732
de,ml_production,2025-11-04,4.61009488,0.99009859
de,ml_production,2025-11-05,4.60573499,0.99001187
de,ml_production,2025-11-06,4.61080735,0.99011301
de,ml_production,2025-11-07,4.61197697,0.99013589
de,ml_production,2025-11-08,4.60544065,0.99000562
de,ml_production,2025-11-09,4.60491363,0.98999505
de,ml_production,2025-11-10,4.60924979,0.99008188
de,ml_production,2025-11-11,4.60408596,0.98997866
de,ml_production,2025-11-12,4.60664890,0.99002983
de,ml_production,2025-11-13,4.59823642,0.98986107
de,ml_production,2025-11-14,4.59658728,0.98982784
de,ml_production,2025-11-15,4.63408128,0.99057015
de,ml_production,2025-11-16,4.60700866,0.99003694
de,ml_production,2025-11-17,4.59743188,0.98984485
de,ml_production,2025-11-18,4.60440551,0.98998487
de,ml_production,2025-11-19,4.60432884,0.98998336
de,ml_production,2025-11-20,4.60362483,0.98996938
de,ml_production,2025-11-21,4.60688415,0.99003440
de,ml_production,2025-11-22,4.60722692,0.99004124
de,ml_production,2025-11-23,4.60684550,0.99003369
de,ml_production,2025-11-24,4.60254276,0.98994766
de,ml_production,2025-11-25,4.60316435,0.98996007
de,ml_production,2025-11-26,4.60382902,0.98997338
de,ml_production,2025-11-27,4.60405670,0.98997794
de,ml_production,2025-11-28,4.61075791,0.99011171
de,ml_production,2025-11-29,4.60462931,0.98998953
de,ml_production,2025-11-30,4.60710447,0.99003889
de,ml_production,2025-12-01,4.60369542,0.98997077
de,ml_production,2025-12-02,4.60423975,0.98998162
de,ml_production,2025-12-03,4.60709127,0.99003849
de,ml_production,2025-12-04,4.59843295,0.98986488
de,ml_production,2025-12-05,4.60483482,0.98999337
de,ml_production,2025-12-06,4.60218500,0.98994030
de,ml_production,2025-12-07,4.60486294,0.98999393
de,ml_production,2025-12-08,4.60285375,0.98995368
de,ml_production,2025-12-09,4.60619471,0.99002056
de,ml_production,2025-12-10,4.60434230,0.98998353
de,ml_production,2025-12-11,4.60460225,0.98998872
de,ml_production,2025-12-12,4.59840614,0.98986434
de,ml_production,2025-12-13,4.60474845,0.98999166
de,ml_production,2025-12-14,4.59995227,0.98989546
de,ml_production,2025-12-15,4.60386674,0.98997401
de,ml_production,2025-12-16,4.60507840,0.98999826
de,ml_production,2025-12-17,4.61219217,0.99014004
de,ml_production,2025-12-18,4.60449939,0.98998666
de,ml_production,2025-12-19,4.60488960,0.98999447
de,ml_production,2025-12-20,4.60810702,0.99005873
de,ml_production,2025-12-21,4.60647590,0.99002617
de,ml_production,2025-12-22,4.60895416,0.99007562
de,ml_production,2025-12-23,4.60073373,0.98991115
de,ml_production,2025-12-24,4.60313510,0.98995934
de,ml_production,2025-12-25,4.60676555,0.99003199
de,ml_production,2025-12-26,4.59887846,0.98987388
de,ml_production,2025-12-27,4.59879665,0.98987222
de,ml_production,2025-12-28,4.60624429,0.99002156
de,ml_production,2025-12-29,4.60222655,0.98994112
de,ml_production,2025-12-30,4.60419920,0.98998065
de,ml_production,2025-12-31,4.60383100,0.98997329
de,ml_production,2026-01-01,4.61163573,0.99012899
de,ml_production,2026-01-02,4.58997927,0.98969395
de,ml_production,2026-01-03,4.61044644,0.99010534
de,ml_production,2026-01-04,4.60493173,0.98999532
de,ml_production,2026-01-05,4.60494694,0.98999563
de,ml_production,2026-01-06,4.60343515,0.98996537
de,ml_production,2026-01-07,4.60767317,0.99005008
de,ml_production,2026-01-08,4.60891373,0.99007481
de,ml_production,2026-01-09,4.60648806,0.99002641
de,ml_production,2026-01-10,4.60339504,0.98996456
de,ml_production,2026-01-11,4.60441734,0.98998503
de,ml_production,2026-01-12,4.60827355,0.99006210
de,ml_production,2026-01-13,4.60506602,0.98999802
de,ml_production,2026-01-14,4.60508578,0.98999841
de,ml_production,2026-01-15,4.60536417,0.99000397
de,ml_production,2026-01-16,4.60339669,0.98996458
de,ml_production,2026-01-17,4.59662994,0.98982859
de,ml_production,2026-01-18,4.60135604,0.98992367
de,ml_production,2026-01-19,4.60717389,0.99004013
de,ml_production,2026-01-20,4.60528386,0.99000238
de,ml_production,2026-01-21,4.60723100,0.99004127
de,ml_production,2026-01-22,4.60466581,0.99000747
de,ml_production,2026-01-23,4.61265352,0.99016700
de,ml_production,2026-01-24,4.62765123,0.99044951
de,ml_production,2026-01-25,4.60448928,0.98999001
de,ml_production,2026-01-26,4.63629383,0.99061756
de,ml_production,2026-01-27,4.60749655,0.99005120
de,ml_production,2026-01-28,4.60038890,0.98990888
de,ml_production,2026-01-29,4.49874245,0.98775923
de,ml_production,2026-01-30,4.60125050,0.98992687
de,ml_production,2026-01-31,4.57847307,0.98946279
de,ml_production,2026-02-01,4.58843877,0.98966553
de,ml_production,2026-02-02,4.59947341,0.98988996
de,ml_production,2026-02-03,4.61875303,0.99027436
de,ml_production,2026-02-04,4.59393196,0.98977785
de,ml_production,2026-02-05,4.57912154,0.98947640
de,ml_production,2026-02-06,4.60162466,0.98993462
de,ml_production,2026-02-07,4.58255237,0.98954679
de,ml_production,2026-02-08,4.59108643,0.98971894
de,ml_production,2026-02-09,4.65298864,0.99093799
de,ml_production,2026-02-10,4.58517194,0.98960016
de,ml_production,2026-02-11,4.62776615,0.99045078
de,ml_production,2026-02-12,4.61594110,0.99021842
de,ml_production,2026-02-13,4.58055915,0.98950684
de,ml_production,2026-02-14,4.59933211,0.98988695
de,ml_production,2026-02-15,4.58137352,0.98952109
de,ml_production,2026-02-21,4.58875185,0.98967863
de,ml_production,2026-02-22,4.62205075,0.99034440
de,ml_production,2026-02-23,4.64840921,0.99085127
de,ml_production,2026-02-24,4.63475285,0.99058767
de,ml_production,2026-02-25,4.60103762,0.98992206
de,ml_production,2026-02-26,4.60261730,0.98995381
de,ml_production,2026-02-27,4.64244705,0.99073796
de,ml_production,2026-02-28,4.61948889,0.99028910
de,ml_production,2026-03-01,4.62395466,0.99037503
de,ml_production,2026-03-02,4.60246424,0.98994976
de,ml_production,2026-03-03,4.59227215,0.98974386
de,ml_production,2026-03-04,4.62584805,0.99042436
de,ml_production,2026-03-05,4.61568316,0.99022516
de,ml_production,2026-03-06,4.60763422,0.99006592
de,ml_production,2026-03-07,4.57185368,0.98933725
de,ml_production,2026-03-08,4.60641773,0.99003443
de,ml_production,2026-03-09,4.58308343,0.98956269
de,ml_production,2026-03-10,4.60339783,0.98998005
de,ml_production,2026-03-11,4.60537519,0.99001946
de,ml_production,2026-03-12,4.59832855,0.98987310
de,ml_production,2026-03-13,4.58953808,0.98970073
de,ml_production,2026-03-14,4.63927779,0.99068500
de,ml_production,2026-03-15,4.61898234,0.99029008
de,ml_production,2026-03-16,4.59179750,0.98974050
de,ml_production,2026-03-17,4.60494767,0.99000013
de,ml_production,2026-03-18,4.59767625,0.98985425
de,ml_production,2026-03-19,4.59877776,0.98987662
de,ml_production,2026-03-20,4.60525811,0.99000642
de,ml_production,2026-03-21,4.61872595,0.99027443
de,ml_production,2026-03-22,4.59783689,0.98985723
de,ml_production,2026-03-23,4.52559085,0.98834814
de,ml_production,2026-03-24,4.63581786,0.99060959
de,ml_production,2026-03-25,4.60022527,0.98990607
de,ml_production,2026-03-26,4.63606071,0.99061383
de,ml_production,2026-03-27,4.60314695,0.98996465
de,ml_production,2026-03-28,4.59970558,0.98989499
de,ml_production,2026-03-29,4.55508355,0.98897718
de,ml_production,2026-03-30,4.59733369,0.98984653
de,ml_production,2026-03-31,4.61436199,0.99018817
de,ml_production,2026-04-01,4.59682439,0.98983596
de,ml_production,2026-04-02,4.57330843,0.98935600
de,ml_production,2026-04-03,4.60119459,0.98992410
de,ml_production,2026-04-04,4.63548958,0.99060214
de,ml_production,2026-04-05,4.63466808,0.99058495
de,ml_production,2026-04-06,4.57834521,0.98945983
de,ml_production,2026-04-07,4.63520645,0.99059624
de,ml_production,2026-04-08,4.57553131,0.98940316
de,ml_production,2026-04-09,4.59426181,0.98978460
de,ml_production,2026-04-10,4.58761409,0.98964940
de,ml_production,2026-04-11,4.60792096,0.99005876
de,ml_production,2026-04-12,4.56253047,0.98913239
de,ml_production,2026-04-13,4.63280351,0.99054848
de,ml_production,2026-04-14,4.60360086,0.98997175
de,ml_production,2026-04-15,4.55005113,0.98887032
de,ml_production,2026-04-16,4.60392769,0.98997876
de,ml_production,2026-04-17,4.63180067,0.99052894
de,ml_production,2026-04-18,4.60201667,0.98994089
de,ml_production,2026-04-19,4.60452379,0.98999128
de,ml_production,2026-04-20,4.61322400,0.99016371
de,ml_production,2026-04-21,4.56152319,0.98911119
de,ml_production,2026-04-22,4.63524332,0.99059653
de,ml_production,2026-04-23,4.59368047,0.98977293
de,ml_production,2026-04-24,4.56320502,0.98914644
de,ml_production,2026-04-25,4.60823443,0.99006496
de,ml_production,2026-04-26,4.63322082,0.99055668
de,ml_production,2026-04-27,4.60467074,0.98999356
de,ml_production,2026-04-28,4.61226657,0.99014570
de,ml_production,2026-04-29,4.61469418,0.99019340
de,ml_production,2026-04-30,4.61643942,0.99022866
de,ml_production,2026-05-01,4.62917265,0.99047806
de,ml_production,2026-05-02,4.61365150,0.99017385
de,ml_production,2026-05-03,4.63362165,0.99056593
de,ml_production,2026-05-04,4.59019345,0.98970307
de,ml_production,2026-05-05,4.61766062,0.99026287
de,ml_production,2026-05-06,4.60629818,0.99002266
de,ml_production,2026-05-07,4.60610190,0.99001876
de,ml_production,2026-05-08,4.60316532,0.98996002
de,ml_production,2026-05-09,4.60330641,0.98996284
de,ml_production,2026-05-10,4.60705142,0.99003774
de,ml_production,2026-05-11,4.60327123,0.98996211
de,ml_production,2026-05-12,4.60336553,0.98996398
de,ml_production,2026-05-13,4.60336553,0.98996398
de,ml_production,2026-05-14,4.60324426,0.98996157
de,ml_production,2026-05-15,4.60322876,0.98996128
de,ml_production,2026-05-16,4.60690935,0.99003490
de,ml_production,2026-05-17,4.60619486,0.99002064
de,ml_production,2026-05-18,4.60313326,0.98995936
de,ml_production,2026-05-19,4.60322346,0.98996114
de,ml_production,2026-05-20,4.60321659,0.98996100
de,ml_production,2026-05-21,4.62659194,0.99042401
de,ml_production,2026-05-22,4.60321501,0.98996101
de,ml_production,2026-05-23,4.60699061,0.99003653
de,ml_production,2026-05-24,4.60690308,0.99003478
de,ml_production,2026-05-25,4.60324848,0.98996166
de,ml_production,2026-05-26,4.60328101,0.98996229
de,ml_production,2026-05-27,4.60322407,0.98996115
de,ml_production,2026-05-28,4.60324415,0.98996157
de,ml_production,2026-05-29,4.60319180,0.98996055
de,ml_production,2026-05-30,4.60322925,0.98996130
de,ml_production,2026-05-31,4.60320228,0.98996076
de,ml_production,2026-06-01,4.60325463,0.98996178
de,ml_production,2026-06-02,4.60628711,0.99002243
de,ml_production,2026-06-03,4.60326130,0.98996190
de,ml_production,2026-06-04,4.60631202,0.99002296
de,ml_production,2026-06-05,4.60311513,0.98995902
de,ml_production,2026-06-06,4.60310826,0.98995888
de,ml_production,2026-06-07,4.60687926,0.99003431
de,ml_production,2026-06-08,4.60675820,0.99003191
de,ml_production,2026-06-09,4.60298772,0.98995646
de,ml_production,2026-06-10,4.60318500,0.98996038
de,ml_production,2026-06-11,4.60604994,0.99001778
de,ml_production,2026-06-12,4.63157949,0.99052150
de,ml_production,2026-06-13,4.60603192,0.99001745
de,ml_production,2026-06-14,4.60291457,0.98995504
de,ml_production,2026-06-15,4.60671074,0.99003097
de,ml_production,2026-06-16,4.60304001,0.98995751
de,ml_production,2026-06-17,4.60318033,0.98996030
de,ml_production,2026-06-18,4.60665727,0.99002992
de,ml_production,2026-06-19,4.60280474,0.98995286
de,ml_production,2026-06-20,4.60257184,0.98994824
de,ml_production,2026-06-21,4.61124388,0.99012138
de,ml_production,2026-06-22,4.60266170,0.98995002
de,ml_production,2026-06-23,4.60300197,0.98995678
de,ml_production,2026-06-24,4.59848823,0.98986609
de,ml_production,2026-06-25,4.60707553,0.99003908
de,ml_production,2026-06-26,4.59446930,0.98978622
de,ml_production,2026-06-27,4.59862099,0.98986970
de,ml_production,2026-06-28,4.60012983,0.98990014
de,ml_production,2026-06-29,4.60219181,0.98994119
de,ml_production,2026-06-30,4.59443212,0.98978513
de,ml_production,2026-07-01,4.59462666,0.98978912
de,ml_production,2026-07-02,4.59240793,0.98974401
de,ml_production,2026-07-03,4.59931976,0.98988381
de,ml_production,2026-07-04,4.61448072,0.99018622
de,ml_production,2026-07-05,4.60849359,0.99006744
de,ml_production,2026-07-06,4.60281235,0.98995357
de,ml_production,2026-07-07,4.61829313,0.99026164
de,ml_production,2026-07-08,4.61505270,0.99019793
de,ml_production,2026-07-09,4.58442715,0.98958165
de,ml_production,2026-07-10,4.60147497,0.98992684
de,ml_production,2026-07-11,4.61022795,0.99010160
de,ml_production,2026-07-12,4.60266832,0.98995079
de,ml_production,2026-07-13,4.60725105,0.99004251
de,ml_production,2026-07-14,4.59479915,0.98979262
de,ml_production,2026-07-15,4.61563547,0.99020905
de,ml_production,2026-07-16,4.59396054,0.98977555
de,ml_production,2026-07-17,4.59965493,0.98989020
de,ml_production,2026-07-18,4.61016140,0.99010037
de,ml_production,2026-07-19,4.60640298,0.99002558
de,ml_production,2026-07-20,4.59180431,0.98973199
de,ml_production,2026-07-21,4.64034439,0.99069227
de,ml_production,2026-07-22,4.59592875,0.98981509
de,ml_production,2026-07-23,4.60602364,0.99001799
de,ml_production,2026-07-24,4.59954472,0.98988790
de,ml_production,2026-07-25,4.59870244,0.98987115
de,ml_production,2026-07-26,4.59530865,0.98980279
de,ml_production,2026-07-27,4.60621524,0.99002205
de,ml_production,2026-07-28,4.60134303,0.98992481
de,ml_production,2026-07-29,4.60862937,0.99007014
de,ml_production,2026-07-30,4.60784258,0.99005465
de,ml_production,2026-07-31,4.62782195,0.99044900
de,ml_production,2026-08-01,4.59501859,0.98979698
de,ml_production,2026-08-02,4.61710708,0.99023839
de,ml_production,2026-08-03,4.60475490,0.98999288
de,ml_production,2026-08-04,4.60115151,0.98992069
de,ml_production,2026-08-05,4.59363780,0.98976912
de,ml_production,2026-08-06,4.59803100,0.98985785
de,ml_production,2026-08-07,4.59460221,0.98978858
de,ml_production,2026-08-08,4.61392056,0.99017527
de,ml_production,2026-08-09,4.59400302,0.98977639
de,ml_production,2026-08-10,4.61321478,0.99016129
de,ml_production,2026-08-11,4.61427271,0.99018222
de,ml_production,2026-08-12,4.60606717,0.99001927
de,ml_production,2026-08-13,4.61432269,0.99018395
de,ml_production,2026-08-14,4.60174551,0.98993172
de,ml_production,2026-08-15,4.60319736,0.98996081
de,ml_production,2026-08-16,4.60189700,0.98993478
de,ml_production,2026-08-17,4.60499085,0.98999673
de,ml_production,2026-08-18,4.60363246,0.98996943
de,ml_production,2026-08-19,4.60774469,0.99005167
de,ml_production,2026-08-20,4.60283937,0.98995354
de,ml_production,2026-08-21,4.60315296,0.98995999
de,ml_production,2026-08-22,4.61041465,0.99010494
de,ml_production,2026-08-23,4.61523836,0.99020066
de,ml_production,2026-08-24,4.60295150,0.98995595
de,ml_production,2026-08-25,4.60700452,0.99003686
de,ml_production,2026-08-26,4.60406983,0.98997820
de,ml_production,2026-08-27,4.60395341,0.98997584
de,ml_production,2026-08-28,4.60545762,0.99000608
de,ml_production,2026-08-29,4.59933220,0.98988324
de,ml_production,2026-08-30,4.60255605,0.98994797
de,ml_production,2026-08-31,4.61250261,0.99014644
de,ml_production,2026-09-01,4.60297933,0.98995631
de,ml_production,2026-09-02,4.60392499,0.98997527
de,ml_production,2026-09-03,4.60413945,0.98997958
de,ml_production,2026-09-04,4.60302159,0.98995730
de,ml_production,2026-09-05,4.61176701,0.99013183
de,ml_production,2026-09-06,4.60270516,0.98995096
de,ml_production,2026-09-07,4.60167244,0.98993023
de,ml_production,2026-09-08,4.60379069,0.98997258
de,ml_production,2026-09-09,4.60357190,0.98996822
de,ml_production,2026-09-10,4.60361665,0.98996909
de,ml_production,2026-09-11,4.60250677,0.98994699
de,ml_production,2026-09-12,4.60963238,0.99008936
de,ml_production,2026-09-13,4.60250233,0.98994692
de,ml_production,2026-09-14,4.60144311,0.98992565
de,ml_production,2026-09-15,4.60381443,0.98997306
de,ml_production,2026-09-16,4.60694518,0.99003572
de,ml_production,2026-09-17,4.60261989,0.98994912
de,ml_production,2026-09-18,4.60157891,0.98992839
de,ml_production,2026-09-19,4.61490876,0.99019431
de,ml_production,2026-09-20,4.60403539,0.98997778
de,ml_production,2026-09-21,4.60519318,0.99000095
de,ml_production,2026-09-22,4.60992041,0.99009511
de,ml_production,2026-09-23,4.60687867,0.99003450
de,ml_production,2026-09-24,4.60525874,0.99000209
de,ml_production,2026-09-25,4.60984161,0.99009370
de,ml_production,2026-09-26,4.60112584,0.98991946
de,ml_production,2026-09-27,4.60552373,0.99000752
de,ml_production,2026-09-28,4.64278853,0.99073902
de,ml_production,2026-09-29,4.60714455,0.99003976
de,ml_production,2026-09-30,4.60272886,0.98995139
de,ml_production,2026-10-01,4.60372497,0.98997139
de,ml_production,2026-10-02,4.61275701,0.99015161
