source,00,01,02,03,04,05,06,07,08,09,10,11,12,13,14,15,16,17,18,19,20,21,22,23,24,25,26,27,28,29,30,31,32,33,34,35,36,37,38,39,40,41,42,43,44,45,46,47,48,49,50,51,52,53,54,55,56,57,58,59,60,61,62,63,64,65,66,67,68,69,70,71,72,73,74,75,76,77,78,79,80,81,82,83,84,85,86,87,88,89,90,91,92,93,94,95,96,97,98,99
00,1.0,-0.010488932499247918,-0.009167736096787688,-0.009545504203413139,-0.01014501479111827,-0.010375505378794163,-0.008362966957907215,-0.008774294710724105,-0.010375505378794163,-0.011146349682807647,-0.00890730989226758,-0.009545504203413139,-0.009545504203413139,-0.009545504203413139,-0.009038429900796575,-0.009909392794385382,-0.009909392794385382,-0.010375505378794163,-0.010601199569992913,-0.010712343101680052,-0.009545504203413139,-0.009789541942370281,-0.01014501479111827,-0.009909392794385382,-0.011039370473417374,-0.009545504203413139,-0.00822142209637897,-0.009038429900796575,-0.008362966957907215,-0.01014501479111827,-0.010375505378794163,-0.00942120491475338,-0.010488932499247918,-0.009909392794385382,-0.009909392794385382,-0.009545504203413139,-0.01135743593924421,-0.008639296772777074,-0.010822397747544373,-0.011039370473417374,-0.00942120491475338,-0.009038429900796575,-0.009545504203413139,-0.01014501479111827,-0.009545504203413139,-0.009909392794385382,-0.009668263892385261,-0.01014501479111827,-0.010712343101680052,-0.010822397747544373,-0.009789541942370281,-0.00942120491475338,-0.009545504203413139,-0.009295304219302069,-0.010488932499247918,-0.00942120491475338,-0.00942120491475338,-0.010601199569992913,-0.008774294710724105,-0.010260879698291583,-0.009909392794385382,-0.01002786766165702,-0.010822397747544373,-0.00942120491475338,-0.010488932499247918,-0.011564867233450219,-0.009789541942370281,-0.010488932499247918,-0.011252362471923228,-0.009789541942370281,-0.011146349682807647,-0.01014501479111827,-0.008077466553751751,-0.00942120491475338,-0.008774294710724105,-0.009668263892385261,-0.010601199569992913,-0.010260879698291583,-0.01014501479111827,-0.010712343101680052,-0.010375505378794163,-0.010601199569992913,-0.010375505378794163,-0.009909392794385382,-0.008774294710724105,-0.009167736096787688,-0.010488932499247918,-0.009789541942370281,-0.010488932499247918,-0.010488932499247918,-0.00942120491475338,-0.010488932499247918,-0.01002786766165702,-0.009668263892385261,-0.01002786766165702,-0.009295304219302069,-0.010488932499247918,-0.010260879698291583,-0.01002786766165702,-0.008639296772777074
01,-0.010488932499247918,1.0,-0.00970390084290617,-0.01010376229284366,-0.010738334583749967,-0.010982305154501206,-0.008852065685056955,-0.009287449479390772,-0.010982305154501206,-0.011798231421629125,-0.009428243904390777,-0.01010376229284366,-0.01010376229284366,-0.01010376229284366,-0.00956703231931169,-0.010488932499247918,-0.010488932499247918,-0.010982305154501206,-0.011221198816915853,-0.011338842453189406,-0.01010376229284366,-0.010362072304799273,-0.010738334583749967,-0.010488932499247918,-0.011684995653363561,-0.01010376229284366,-0.008702242731320945,-0.00956703231931169,-0.008852065685056955,-0.010738334583749967,-0.010982305154501206,-0.009972193499930792,-0.011102365932664887,-0.010488932499247918,-0.010488932499247918,-0.01010376229284366,-0.012021662820628318,-0.009144556338706476,-0.0114553335213761,-0.011684995653363561,-0.009972193499930792,-0.00956703231931169,-0.01010376229284366,-0.010738334583749967,-0.01010376229284366,-0.010488932499247918,-0.010233701444310824,-0.010738334583749967,-0.011338842453189406,-0.0114553335213761,-0.010362072304799273,-0.009972193499930792,-0.01010376229284366,-0.009838929643749274,-0.011102365932664887,-0.009972193499930792,-0.009972193499930792,-0.011221198816915853,-0.009287449479390772,-0.010860975719850762,-0.010488932499247918,-0.010614336236031231,-0.0114553335213761,-0.009972193499930792,-0.011102365932664887,-0.012241225501037073,-0.010362072304799273,-0.011102365932664887,-0.011910444249615957,-0.010362072304799273,-0.011798231421629125,-0.010738334583749967,-0.008549868110510167,-0.009972193499930792,-0.009287449479390772,-0.010233701444310824,-0.011221198816915853,-0.010860975719850762,-0.010738334583749967,-0.011338842453189406,-0.010982305154501206,-0.011221198816915853,-0.010982305154501206,-0.010488932499247918,-0.009287449479390772,-0.00970390084290617,-0.011102365932664887,-0.010362072304799273,-0.011102365932664887,-0.011102365932664887,-0.009972193499930792,-0.011102365932664887,-0.010614336236031231,-0.010233701444310824,-0.010614336236031231,-0.009838929643749274,-0.011102365932664887,-0.010860975719850762,-0.010614336236031231,-0.009144556338706476
02,-0.009167736096787688,-0.00970390084290617,1.0,-0.008831082313868149,-0.009385723245896278,-0.009598963040145162,-0.007737050659621572,-0.008117593076836738,-0.009598963040145162,-0.010312114420612356,-0.008240652895592518,-0.008831082313868149,-0.008831082313868149,-0.008831082313868149,-0.008361959383300166,-0.009167736096787688,-0.009167736096787688,-0.009598963040145162,-0.009807765418496782,-0.009910590544971735,-0.008831082313868149,-0.009056855339000776,-0.009385723245896278,-0.009167736096787688,-0.010213141942693354,-0.008831082313868149,-0.007606099554617184,-0.008361959383300166,-0.007737050659621572,-0.009385723245896278,-0.009598963040145162,-0.008716086057377361,-0.00970390084290617,-0.009167736096787688,-0.009167736096787688,-0.008831082313868149,-0.010507402177675103,-0.007992698898718165,-0.010012408281985973,-0.010213141942693354,-0.008716086057377361,-0.008361959383300166,-0.008831082313868149,-0.009385723245896278,-0.008831082313868149,-0.009167736096787688,-0.008944654200175636,-0.009385723245896278,-0.009910590544971735,-0.010012408281985973,-0.009056855339000776,-0.008716086057377361,-0.008831082313868149,-0.008599608249478414,-0.00970390084290617,-0.008716086057377361,-0.008716086057377361,-0.009807765418496782,-0.008117593076836738,-0.00949291638213421,-0.009167736096787688,-0.009277343853769904,-0.010012408281985973,-0.008716086057377361,-0.00970390084290617,-0.010699308523800898,-0.009056855339000776,-0.00970390084290617,-0.010410192808830727,-0.009056855339000776,-0.010312114420612356,-0.009385723245896278,-0.007472918193068575,-0.008716086057377361,-0.008117593076836738,-0.008944654200175636,-0.009807765418496782,-0.00949291638213421,-0.009385723245896278,-0.009910590544971735,-0.009598963040145162,-0.009807765418496782,-0.009598963040145162,-0.009167736096787688,-0.008117593076836738,-0.008481587811108346,-0.00970390084290617,-0.009056855339000776,-0.00970390084290617,-0.00970390084290617,-0.008716086057377361,-0.00970390084290617,-0.009277343853769904,-0.008944654200175636,-0.009277343853769904,-0.008599608249478414,-0.00970390084290617,-0.00949291638213421,-0.009277343853769904,-0.007992698898718165
03,-0.009545504203413139,-0.01010376229284366,-0.008831082313868149,1.0,-0.009772473787412748,-0.009994500395819473,-0.008055865571797608,-0.008452088718357988,-0.009994500395819473,-0.010737038076665754,-0.008580219371858813,-0.009194978177573523,-0.009194978177573523,-0.009194978177573523,-0.008706524446098504,-0.009545504203413139,-0.009545504203413139,-0.009994500395819473,-0.010211906739020869,-0.010318968904273102,-0.009194978177573523,-0.009430054464419947,-0.009772473787412748,-0.009545504203413139,-0.010633987313203107,-0.009194978177573523,-0.007919518461664388,-0.008706524446098504,-0.008055865571797608,-0.009772473787412748,-0.009994500395819473,-0.009075243355571588,-0.01010376229284366,-0.009545504203413139,-0.009545504203413139,-0.009194978177573523,-0.010940372911595256,-0.008322048118407643,-0.010424982169313745,-0.010633987313203107,-0.009075243355571588,-0.008706524446098504,-0.009194978177573523,-0.009772473787412748,-0.009194978177573523,-0.009545504203413139,-0.009313229936425691,-0.009772473787412748,-0.010318968904273102,-0.010424982169313745,-0.009430054464419947,-0.009075243355571588,-0.009194978177573523,-0.008953965932970674,-0.01010376229284366,-0.009075243355571588,-0.009075243355571588,-0.010211906739020869,-0.008452088718357988,-0.00988408395176889,-0.009545504203413139,-0.009659628486000969,-0.010424982169313745,-0.009075243355571588,-0.01010376229284366,-0.011140187000293482,-0.009430054464419947,-0.01010376229284366,-0.010839157908336136,-0.009430054464419947,-0.010737038076665754,-0.009772473787412748,-0.007780849194458501,-0.009075243355571588,-0.008452088718357988,-0.009313229936425691,-0.010211906739020869,-0.00988408395176889,-0.009772473787412748,-0.010318968904273102,-0.009994500395819473,-0.010211906739020869,-0.009994500395819473,-0.009545504203413139,-0.008452088718357988,-0.008831082313868149,-0.01010376229284366,-0.009430054464419947,-0.01010376229284366,-0.01010376229284366,-0.009075243355571588,-0.01010376229284366,-0.009659628486000969,-0.009313229936425691,-0.009659628486000969,-0.008953965932970674,-0.01010376229284366,-0.00988408395176889,-0.009659628486000969,-0.008322048118407643
04,-0.01014501479111827,-0.010738334583749967,-0.009385723245896278,-0.009772473787412748,1.0,-0.010622210433805148,-0.00856181859434146,-0.008982926751310388,-0.010622210433805148,-0.011411383597906277,-0.009119104720253792,-0.009772473787412748,-0.009772473787412748,-0.009772473787412748,-0.00925334245343679,-0.01014501479111827,-0.01014501479111827,-0.010622210433805148,-0.010853271100739062,-0.010967057363560535,-0.009772473787412748,-0.010022314168421162,-0.010386239323394593,-0.01014501479111827,-0.011301860675147442,-0.009772473787412748,-0.008416908129734139,-0.00925334245343679,-0.00856181859434146,-0.010386239323394593,-0.010622210433805148,-0.009645218954735893,-0.010738334583749967,-0.01014501479111827,-0.01014501479111827,-0.009772473787412748,-0.011627488987831286,-0.008844718880691,-0.011079728849421646,-0.011301860675147442,-0.009645218954735893,-0.00925334245343679,-0.009772473787412748,-0.010386239323394593,-0.009772473787412748,-0.01014501479111827,-0.009898152412351391,-0.010386239323394593,-0.010967057363560535,-0.011079728849421646,-0.010022314168421162,-0.009645218954735893,-0.009772473787412748,-0.00951632463758971,-0.010738334583749967,-0.009645218954735893,-0.009645218954735893,-0.010853271100739062,-0.008982926751310388,-0.010504859224879454,-0.01014501479111827,-0.01026630671139895,-0.011079728849421646,-0.009645218954735893,-0.010738334583749967,-0.011839852509141399,-0.010022314168421162,-0.010738334583749967,-0.011519917121194873,-0.010022314168421162,-0.011411383597906277,-0.010386239323394593,-0.008269529663715103,-0.009645218954735893,-0.008982926751310388,-0.009898152412351391,-0.010853271100739062,-0.010504859224879454,-0.010386239323394593,-0.010967057363560535,-0.010622210433805148,-0.010853271100739062,-0.010622210433805148,-0.01014501479111827,-0.008982926751310388,-0.009385723245896278,-0.010738334583749967,-0.010022314168421162,-0.010738334583749967,-0.010738334583749967,-0.009645218954735893,-0.010738334583749967,-0.01026630671139895,-0.009898152412351391,-0.01026630671139895,-0.00951632463758971,-0.010738334583749967,-0.010504859224879454,-0.01026630671139895,-0.008844718880691
05,-0.010375505378794163,-0.010982305154501206,-0.009598963040145162,-0.009994500395819473,-0.010622210433805148,1.0,-0.00875633961180827,-0.009187015173909012,-0.010863542711353745,-0.011670645567043985,-0.009326287050622543,-0.009994500395819473,-0.009994500395819473,-0.009994500395819473,-0.00946357461021257,-0.010375505378794163,-0.010375505378794163,-0.010863542711353745,-0.011099852982157828,-0.011216224422342484,-0.009994500395819473,-0.010250017048122652,-0.010622210433805148,-0.010375505378794163,-0.011558634328264874,-0.009994500395819473,-0.00860813684070013,-0.00946357461021257,-0.00875633961180827,-0.010622210433805148,-0.010863542711353745,-0.009864354385379725,-0.010982305154501206,-0.010375505378794163,-0.010375505378794163,-0.009994500395819473,-0.011891660783060856,-0.009045667276983468,-0.011331455758290084,-0.011558634328264874,-0.009864354385379725,-0.00946357461021257,-0.009994500395819473,-0.010622210433805148,-0.009994500395819473,-0.010375505378794163,-0.010123034387725719,-0.010622210433805148,-0.011216224422342484,-0.011331455758290084,-0.010250017048122652,-0.009864354385379725,-0.009994500395819473,-0.009732531642053907,-0.010982305154501206,-0.009864354385379725,-0.009864354385379725,-0.011099852982157828,-0.009187015173909012,-0.010743525330947112,-0.010375505378794163,-0.010499553001906378,-0.011331455758290084,-0.009864354385379725,-0.010982305154501206,-0.012108849116737978,-0.010250017048122652,-0.010982305154501206,-0.011781644927601469,-0.010250017048122652,-0.011670645567043985,-0.010622210433805148,-0.008457409996197384,-0.009864354385379725,-0.009187015173909012,-0.010123034387725719,-0.011099852982157828,-0.010743525330947112,-0.010622210433805148,-0.011216224422342484,-0.010863542711353745,-0.011099852982157828,-0.010863542711353745,-0.010375505378794163,-0.009187015173909012,-0.009598963040145162,-0.010982305154501206,-0.010250017048122652,-0.010982305154501206,-0.010982305154501206,-0.009864354385379725,-0.010982305154501206,-0.010499553001906378,-0.010123034387725719,-0.010499553001906378,-0.009732531642053907,-0.010982305154501206,-0.010743525330947112,-0.010499553001906378,-0.009045667276983468
06,-0.008362966957907215,-0.008852065685056955,-0.007737050659621572,-0.008055865571797608,-0.00856181859434146,-0.00875633961180827,1.0,-0.007405008386215352,-0.00875633961180827,-0.009406888598806578,-0.007517265674954413,-0.008055865571797608,-0.008055865571797608,-0.008055865571797608,-0.007627923544876555,-0.008362966957907215,-0.008362966957907215,-0.00875633961180827,-0.00894681274197384,-0.009040611595482941,-0.008055865571797608,-0.008261819618602307,-0.00856181859434146,-0.008362966957907215,-0.009316604197746124,-0.008055865571797608,-0.0069384151749421145,-0.007627923544876555,-0.007057871031076203,-0.00856181859434146,-0.00875633961180827,-0.007950964003606476,-0.008852065685056955,-0.008362966957907215,-0.008362966957907215,-0.008055865571797608,-0.009585033458383395,-0.007291077763233457,-0.009133491490954332,-0.009316604197746124,-0.007950964003606476,-0.007627923544876555,-0.008055865571797608,-0.00856181859434146,-0.008055865571797608,-0.008362966957907215,-0.008159467804945388,-0.00856181859434146,-0.009040611595482941,-0.009133491490954332,-0.008261819618602307,-0.007950964003606476,-0.008055865571797608,-0.007844710938672629,-0.008852065685056955,-0.007950964003606476,-0.007950964003606476,-0.00894681274197384,-0.007405008386215352,-0.00865960202167925,-0.008362966957907215,-0.008462953043926183,-0.009133491490954332,-0.007950964003606476,-0.008852065685056955,-0.009760093736593749,-0.008261819618602307,-0.008852065685056955,-0.009496357395824245,-0.008261819618602307,-0.009406888598806578,-0.00856181859434146,-0.006816924840329367,-0.007950964003606476,-0.007405008386215352,-0.008159467804945388,-0.00894681274197384,-0.00865960202167925,-0.00856181859434146,-0.009040611595482941,-0.00875633961180827,-0.00894681274197384,-0.00875633961180827,-0.008362966957907215,-0.007405008386215352,-0.007737050659621572,-0.008852065685056955,-0.008261819618602307,-0.008852065685056955,-0.008852065685056955,-0.007950964003606476,-0.008852065685056955,-0.008462953043926183,-0.008159467804945388,-0.008462953043926183,-0.007844710938672629,-0.008852065685056955,-0.00865960202167925,-0.008462953043926183,-0.007291077763233457
07,-0.008774294710724105,-0.009287449479390772,-0.008117593076836738,-0.008452088718357988,-0.008982926751310388,-0.009187015173909012,-0.007405008386215352,1.0,-0.009187015173909012,-0.009869561041232945,-0.007886998093242038,-0.008452088718357988,-0.008452088718357988,-0.008452088718357988,-0.008003098607287455,-0.008774294710724105,-0.008774294710724105,-0.009187015173909012,-0.00938685661618168,-0.009485268912721806,-0.008452088718357988,-0.008668172497311825,-0.008982926751310388,-0.008774294710724105,-0.009774836053477655,-0.008452088718357988,-0.007279677162031651,-0.008003098607287455,-0.007405008386215352,-0.008982926751310388,-0.009187015173909012,-0.008342027626456165,-0.009287449479390772,-0.008774294710724105,-0.008774294710724105,-0.008452088718357988,-0.01005646785396998,-0.007649685258283815,-0.009582717052798064,-0.009774836053477655,-0.008342027626456165,-0.008003098607287455,-0.008452088718357988,-0.008982926751310388,-0.008452088718357988,-0.008774294710724105,-0.008560786568164537,-0.008982926751310388,-0.009485268912721806,-0.009582717052798064,-0.008668172497311825,-0.008342027626456165,-0.008452088718357988,-0.008230548565216324,-0.009287449479390772,-0.008342027626456165,-0.008342027626456165,-0.00938685661618168,-0.007769219493878797,-0.009085519600666944,-0.008774294710724105,-0.008879198555270895,-0.009582717052798064,-0.008342027626456165,-0.009287449479390772,-0.01024013837196798,-0.008668172497311825,-0.009287449479390772,-0.00996343030992648,-0.008668172497311825,-0.009869561041232945,-0.008982926751310388,-0.007152211394707432,-0.008342027626456165,-0.007769219493878797,-0.008560786568164537,-0.00938685661618168,-0.009085519600666944,-0.008982926751310388,-0.009485268912721806,-0.009187015173909012,-0.00938685661618168,-0.009187015173909012,-0.008774294710724105,-0.007769219493878797,-0.008117593076836738,-0.009287449479390772,-0.008668172497311825,-0.009287449479390772,-0.009287449479390772,-0.008342027626456165,-0.009287449479390772,-0.008879198555270895,-0.008560786568164537,-0.008879198555270895,-0.008230548565216324,-0.009287449479390772,-0.009085519600666944,-0.008879198555270895,-0.007649685258283815
08,-0.010375505378794163,-0.010982305154501206,-0.009598963040145162,-0.009994500395819473,-0.010622210433805148,-0.010863542711353745,-0.00875633961180827,-0.009187015173909012,1.0,-0.011670645567043985,-0.009326287050622543,-0.009994500395819473,-0.009994500395819473,-0.009994500395819473,-0.00946357461021257,-0.010375505378794163,-0.010375505378794163,-0.010863542711353745,-0.011099852982157828,-0.011216224422342484,-0.009994500395819473,-0.010250017048122652,-0.010622210433805148,-0.010375505378794163,-0.011558634328264874,-0.009994500395819473,-0.00860813684070013,-0.00946357461021257,-0.00875633961180827,-0.010622210433805148,-0.010863542711353745,-0.009864354385379725,-0.010982305154501206,-0.010375505378794163,-0.010375505378794163,-0.009994500395819473,-0.011891660783060856,-0.009045667276983468,-0.011331455758290084,-0.011558634328264874,-0.009864354385379725,-0.00946357461021257,-0.009994500395819473,-0.010622210433805148,-0.009994500395819473,-0.010375505378794163,-0.010123034387725719,-0.010622210433805148,-0.011216224422342484,-0.011331455758290084,-0.010250017048122652,-0.009864354385379725,-0.009994500395819473,-0.009732531642053907,-0.010982305154501206,-0.009864354385379725,-0.009864354385379725,-0.011099852982157828,-0.009187015173909012,-0.010743525330947112,-0.010375505378794163,-0.010499553001906378,-0.011331455758290084,-0.009864354385379725,-0.010982305154501206,-0.012108849116737978,-0.010250017048122652,-0.010982305154501206,-0.011781644927601469,-0.010250017048122652,-0.011670645567043985,-0.010622210433805148,-0.008457409996197384,-0.009864354385379725,-0.009187015173909012,-0.010123034387725719,-0.011099852982157828,-0.010743525330947112,-0.010622210433805148,-0.011216224422342484,-0.010863542711353745,-0.011099852982157828,-0.010863542711353745,-0.010375505378794163,-0.009187015173909012,-0.009598963040145162,-0.010982305154501206,-0.010250017048122652,-0.010982305154501206,-0.010982305154501206,-0.009864354385379725,-0.010982305154501206,-0.010499553001906378,-0.010123034387725719,-0.010499553001906378,-0.009732531642053907,-0.010982305154501206,-0.010743525330947112,-0.010499553001906378,-0.009045667276983468
09,-0.011146349682807647,-0.011798231421629125,-0.010312114420612356,-0.010737038076665754,-0.011411383597906277,-0.011670645567043985,-0.009406888598806578,-0.009869561041232945,-0.011670645567043985,1.0,-0.0100191800701048,-0.010737038076665754,-0.010737038076665754,-0.010737038076665754,-0.010166667357752233,-0.011146349682807647,-0.011146349682807647,-0.011670645567043985,-0.011924512421318353,-0.01204952963426696,-0.010737038076665754,-0.011011538243392342,-0.011411383597906277,-0.011146349682807647,-0.012417378756495626,-0.010737038076665754,-0.0092476751580706,-0.010166667357752233,-0.009406888598806578,-0.011411383597906277,-0.011670645567043985,-0.010597222916900271,-0.011798231421629125,-0.011146349682807647,-0.011146349682807647,-0.010737038076665754,-0.012775147287594699,-0.009717711755001388,-0.012173322039359263,-0.012417378756495626,-0.010597222916900271,-0.010166667357752233,-0.010737038076665754,-0.011411383597906277,-0.010737038076665754,-0.011146349682807647,-0.01087512145358177,-0.011411383597906277,-0.01204952963426696,-0.012173322039359263,-0.011011538243392342,-0.010597222916900271,-0.010737038076665754,-0.010455606452004046,-0.011798231421629125,-0.010597222916900271,-0.010597222916900271,-0.011924512421318353,-0.009869561041232945,-0.01154171154010386,-0.011146349682807647,-0.011279613377832646,-0.012173322039359263,-0.010597222916900271,-0.011798231421629125,-0.013008471547552134,-0.011011538243392342,-0.011798231421629125,-0.012656957845169094,-0.011011538243392342,-0.012537711828500794,-0.011411383597906277,-0.009085750118848173,-0.010597222916900271,-0.009869561041232945,-0.01087512145358177,-0.011924512421318353,-0.01154171154010386,-0.011411383597906277,-0.01204952963426696,-0.011670645567043985,-0.011924512421318353,-0.011670645567043985,-0.011146349682807647,-0.009869561041232945,-0.010312114420612356,-0.011798231421629125,-0.011011538243392342,-0.011798231421629125,-0.011798231421629125,-0.010597222916900271,-0.011798231421629125,-0.011279613377832646,-0.01087512145358177,-0.011279613377832646,-0.010455606452004046,-0.011798231421629125,-0.01154171154010386,-0.011279613377832646,-0.009717711755001388
10,-0.00890730989226758,-0.009428243904390777,-0.008240652895592518,-0.008580219371858813,-0.009119104720253792,-0.009326287050622543,-0.007517265674954413,-0.007886998093242038,-0.009326287050622543,-0.0100191800701048,1.0,-0.008580219371858813,-0.008580219371858813,-0.008580219371858813,-0.008124422730679112,-0.00890730989226758,-0.00890730989226758,-0.009326287050622543,-0.009529158017956786,-0.009629062209848275,-0.008580219371858813,-0.00879957890391119,-0.009119104720253792,-0.00890730989226758,-0.009923019085285544,-0.008580219371858813,-0.007390034474067459,-0.008124422730679112,-0.007517265674954413,-0.009119104720253792,-0.009326287050622543,-0.008468489793018402,-0.009428243904390777,-0.00890730989226758,-0.00890730989226758,-0.008580219371858813,-0.010208920323528246,-0.007765651761225347,-0.00972798762900743,-0.009923019085285544,-0.008468489793018402,-0.008124422730679112,-0.008580219371858813,-0.009119104720253792,-0.008580219371858813,-0.00890730989226758,-0.008690565042339515,-0.009119104720253792,-0.009629062209848275,-0.00972798762900743,-0.00879957890391119,-0.008468489793018402,-0.008580219371858813,-0.008355320748930027,-0.009428243904390777,-0.008468489793018402,-0.008468489793018402,-0.009529158017956786,-0.007886998093242038,-0.00922325284065288,-0.00890730989226758,-0.009013804041720575,-0.00972798762900743,-0.008468489793018402,-0.009428243904390777,-0.0103953752211375,-0.00879957890391119,-0.009428243904390777,-0.01011447236346622,-0.00879957890391119,-0.0100191800701048,-0.009119104720253792,-0.0072606363711265115,-0.008468489793018402,-0.007886998093242038,-0.008690565042339515,-0.009529158017956786,-0.00922325284065288,-0.009119104720253792,-0.009629062209848275,-0.009326287050622543,-0.009529158017956786,-0.009326287050622543,-0.00890730989226758,-0.007886998093242038,-0.008240652895592518,-0.009428243904390777,-0.00879957890391119,-0.009428243904390777,-0.009428243904390777,-0.008468489793018402,-0.009428243904390777,-0.009013804041720575,-0.008690565042339515,-0.009013804041720575,-0.008355320748930027,-0.009428243904390777,-0.00922325284065288,-0.009013804041720575,-0.007765651761225347
11,-0.009545504203413139,-0.01010376229284366,-0.008831082313868149,-0.009194978177573523,-0.009772473787412748,-0.009994500395819473,-0.008055865571797608,-0.008452088718357988,-0.009994500395819473,-0.010737038076665754,-0.008580219371858813,1.0,-0.009194978177573523,-0.009194978177573523,-0.008706524446098504,-0.009545504203413139,-0.009545504203413139,-0.009994500395819473,-0.010211906739020869,-0.010318968904273102,-0.009194978177573523,-0.009430054464419947,-0.009772473787412748,-0.009545504203413139,-0.010633987313203107,-0.009194978177573523,-0.007919518461664388,-0.008706524446098504,-0.008055865571797608,-0.009772473787412748,-0.009994500395819473,-0.009075243355571588,-0.01010376229284366,-0.009545504203413139,-0.009545504203413139,-0.009194978177573523,-0.010940372911595256,-0.008322048118407643,-0.010424982169313745,-0.010633987313203107,-0.009075243355571588,-0.008706524446098504,-0.009194978177573523,-0.009772473787412748,-0.009194978177573523,-0.009545504203413139,-0.009313229936425691,-0.009772473787412748,-0.010318968904273102,-0.010424982169313745,-0.009430054464419947,-0.009075243355571588,-0.009194978177573523,-0.008953965932970674,-0.01010376229284366,-0.009075243355571588,-0.009075243355571588,-0.010211906739020869,-0.008452088718357988,-0.00988408395176889,-0.009545504203413139,-0.009659628486000969,-0.010424982169313745,-0.009075243355571588,-0.01010376229284366,-0.011140187000293482,-0.009430054464419947,-0.01010376229284366,-0.010839157908336136,-0.009430054464419947,-0.010737038076665754,-0.009772473787412748,-0.007780849194458501,-0.009075243355571588,-0.008452088718357988,-0.009313229936425691,-0.010211906739020869,-0.00988408395176889,-0.009772473787412748,-0.010318968904273102,-0.009994500395819473,-0.010211906739020869,-0.009994500395819473,-0.009545504203413139,-0.008452088718357988,-0.008831082313868149,-0.01010376229284366,-0.009430054464419947,-0.01010376229284366,-0.01010376229284366,-0.009075243355571588,-0.01010376229284366,-0.009659628486000969,-0.009313229936425691,-0.009659628486000969,-0.008953965932970674,-0.01010376229284366,-0.00988408395176889,-0.009659628486000969,-0.008322048118407643
12,-0.009545504203413139,-0.01010376229284366,-0.008831082313868149,-0.009194978177573523,-0.009772473787412748,-0.009994500395819473,-0.008055865571797608,-0.008452088718357988,-0.009994500395819473,-0.010737038076665754,-0.008580219371858813,-0.009194978177573523,1.0,-0.009194978177573523,-0.008706524446098504,-0.009545504203413139,-0.009545504203413139,-0.009994500395819473,-0.010211906739020869,-0.010318968904273102,-0.009194978177573523,-0.009430054464419947,-0.009772473787412748,-0.009545504203413139,-0.010633987313203107,-0.009194978177573523,-0.007919518461664388,-0.008706524446098504,-0.008055865571797608,-0.009772473787412748,-0.009994500395819473,-0.009075243355571588,-0.01010376229284366,-0.009545504203413139,-0.009545504203413139,-0.009194978177573523,-0.010940372911595256,-0.008322048118407643,-0.010424982169313745,-0.010633987313203107,-0.009075243355571588,-0.008706524446098504,-0.009194978177573523,-0.009772473787412748,-0.009194978177573523,-0.009545504203413139,-0.009313229936425691,-0.009772473787412748,-0.010318968904273102,-0.010424982169313745,-0.009430054464419947,-0.009075243355571588,-0.009194978177573523,-0.008953965932970674,-0.01010376229284366,-0.009075243355571588,-0.009075243355571588,-0.010211906739020869,-0.008452088718357988,-0.00988408395176889,-0.009545504203413139,-0.009659628486000969,-0.010424982169313745,-0.009075243355571588,-0.01010376229284366,-0.011140187000293482,-0.009430054464419947,-0.01010376229284366,-0.010839157908336136,-0.009430054464419947,-0.010737038076665754,-0.009772473787412748,-0.007780849194458501,-0.009075243355571588,-0.008452088718357988,-0.009313229936425691,-0.010211906739020869,-0.00988408395176889,-0.009772473787412748,-0.010318968904273102,-0.009994500395819473,-0.010211906739020869,-0.009994500395819473,-0.009545504203413139,-0.008452088718357988,-0.008831082313868149,-0.01010376229284366,-0.009430054464419947,-0.01010376229284366,-0.01010376229284366,-0.009075243355571588,-0.01010376229284366,-0.009659628486000969,-0.009313229936425691,-0.009659628486000969,-0.008953965932970674,-0.01010376229284366,-0.00988408395176889,-0.009659628486000969,-0.008322048118407643
13,-0.009545504203413139,-0.01010376229284366,-0.008831082313868149,-0.009194978177573523,-0.009772473787412748,-0.009994500395819473,-0.008055865571797608,-0.008452088718357988,-0.009994500395819473,-0.010737038076665754,-0.008580219371858813,-0.009194978177573523,-0.009194978177573523,1.0,-0.008706524446098504,-0.009545504203413139,-0.009545504203413139,-0.009994500395819473,-0.010211906739020869,-0.010318968904273102,-0.009194978177573523,-0.009430054464419947,-0.009772473787412748,-0.009545504203413139,-0.010633987313203107,-0.009194978177573523,-0.007919518461664388,-0.008706524446098504,-0.008055865571797608,-0.009772473787412748,-0.009994500395819473,-0.009075243355571588,-0.01010376229284366,-0.009545504203413139,-0.009545504203413139,-0.009194978177573523,-0.010940372911595256,-0.008322048118407643,-0.010424982169313745,-0.010633987313203107,-0.009075243355571588,-0.008706524446098504,-0.009194978177573523,-0.009772473787412748,-0.009194978177573523,-0.009545504203413139,-0.009313229936425691,-0.009772473787412748,-0.010318968904273102,-0.010424982169313745,-0.009430054464419947,-0.009075243355571588,-0.009194978177573523,-0.008953965932970674,-0.01010376229284366,-0.009075243355571588,-0.009075243355571588,-0.010211906739020869,-0.008452088718357988,-0.00988408395176889,-0.009545504203413139,-0.009659628486000969,-0.010424982169313745,-0.009075243355571588,-0.01010376229284366,-0.011140187000293482,-0.009430054464419947,-0.01010376229284366,-0.010839157908336136,-0.009430054464419947,-0.010737038076665754,-0.009772473787412748,-0.007780849194458501,-0.009075243355571588,-0.008452088718357988,-0.009313229936425691,-0.010211906739020869,-0.00988408395176889,-0.009772473787412748,-0.010318968904273102,-0.009994500395819473,-0.010211906739020869,-0.009994500395819473,-0.009545504203413139,-0.008452088718357988,-0.008831082313868149,-0.01010376229284366,-0.009430054464419947,-0.01010376229284366,-0.01010376229284366,-0.009075243355571588,-0.01010376229284366,-0.009659628486000969,-0.009313229936425691,-0.009659628486000969,-0.008953965932970674,-0.01010376229284366,-0.00988408395176889,-0.009659628486000969,-0.008322048118407643
14,-0.009038429900796575,-0.00956703231931169,-0.008361959383300166,-0.008706524446098504,-0.00925334245343679,-0.00946357461021257,-0.007627923544876555,-0.008003098607287455,-0.00946357461021257,-0.010166667357752233,-0.008124422730679112,-0.008706524446098504,-0.008706524446098504,-0.008706524446098504,1.0,-0.009038429900796575,-0.009038429900796575,-0.00946357461021257,-0.009669431938556912,-0.009770806769580904,-0.008706524446098504,-0.008929113058991394,-0.00925334245343679,-0.009038429900796575,-0.01006909083566054,-0.008706524446098504,-0.007498819437764577,-0.00824401825285406,-0.007627923544876555,-0.00925334245343679,-0.00946357461021257,-0.00859315015257906,-0.00956703231931169,-0.009038429900796575,-0.009038429900796575,-0.008706524446098504,-0.010359200681580555,-0.00787996599722706,-0.00987118841985369,-0.01006909083566054,-0.00859315015257906,-0.00824401825285406,-0.008706524446098504,-0.00925334245343679,-0.008706524446098504,-0.009038429900796575,-0.008818494459442489,-0.00925334245343679,-0.009770806769580904,-0.00987118841985369,-0.008929113058991394,-0.00859315015257906,-0.008706524446098504,-0.008478315204171024,-0.00956703231931169,-0.00859315015257906,-0.00859315015257906,-0.009669431938556912,-0.008003098607287455,-0.009359023685695708,-0.009038429900796575,-0.00914649169681778,-0.00987118841985369,-0.00859315015257906,-0.00956703231931169,-0.010548400287531668,-0.008929113058991394,-0.00956703231931169,-0.010263362400818042,-0.008929113058991394,-0.010166667357752233,-0.00925334245343679,-0.007367516530728289,-0.00859315015257906,-0.008003098607287455,-0.008818494459442489,-0.009669431938556912,-0.009359023685695708,-0.00925334245343679,-0.009770806769580904,-0.00946357461021257,-0.009669431938556912,-0.00946357461021257,-0.009038429900796575,-0.008003098607287455,-0.008361959383300166,-0.00956703231931169,-0.008929113058991394,-0.00956703231931169,-0.00956703231931169,-0.00859315015257906,-0.00956703231931169,-0.00914649169681778,-0.008818494459442489,-0.00914649169681778,-0.008478315204171024,-0.00956703231931169,-0.009359023685695708,-0.00914649169681778,-0.00787996599722706
15,-0.009909392794385382,-0.010488932499247918,-0.009167736096787688,-0.009545504203413139,-0.01014501479111827,-0.010375505378794163,-0.008362966957907215,-0.008774294710724105,-0.010375505378794163,-0.011146349682807647,-0.00890730989226758,-0.009545504203413139,-0.009545504203413139,-0.009545504203413139,-0.009038429900796575,1.0,-0.009909392794385382,-0.010375505378794163,-0.010601199569992913,-0.010712343101680052,-0.009545504203413139,-0.009789541942370281,-0.01014501479111827,-0.009909392794385382,-0.011039370473417374,-0.009545504203413139,-0.00822142209637897,-0.009038429900796575,-0.008362966957907215,-0.01014501479111827,-0.010375505378794163,-0.00942120491475338,-0.010488932499247918,-0.009909392794385382,-0.009909392794385382,-0.009545504203413139,-0.01135743593924421,-0.008639296772777074,-0.010822397747544373,-0.011039370473417374,-0.00942120491475338,-0.009038429900796575,-0.009545504203413139,-0.01014501479111827,-0.009545504203413139,-0.009909392794385382,-0.009668263892385261,-0.01014501479111827,-0.010712343101680052,-0.010822397747544373,-0.009789541942370281,-0.00942120491475338,-0.009545504203413139,-0.009295304219302069,-0.010488932499247918,-0.00942120491475338,-0.00942120491475338,-0.010601199569992913,-0.008774294710724105,-0.010260879698291583,-0.009909392794385382,-0.01002786766165702,-0.010822397747544373,-0.00942120491475338,-0.010488932499247918,-0.011564867233450219,-0.009789541942370281,-0.010488932499247918,-0.011252362471923228,-0.009789541942370281,-0.011146349682807647,-0.01014501479111827,-0.008077466553751751,-0.00942120491475338,-0.008774294710724105,-0.009668263892385261,-0.010601199569992913,-0.010260879698291583,-0.01014501479111827,-0.010712343101680052,-0.010375505378794163,-0.010601199569992913,-0.010375505378794163,-0.009909392794385382,-0.008774294710724105,-0.009167736096787688,-0.010488932499247918,-0.009789541942370281,-0.010488932499247918,-0.010488932499247918,-0.00942120491475338,-0.010488932499247918,-0.01002786766165702,-0.009668263892385261,-0.01002786766165702,-0.009295304219302069,-0.010488932499247918,-0.010260879698291583,-0.01002786766165702,-0.008639296772777074
16,-0.009909392794385382,-0.010488932499247918,-0.009167736096787688,-0.009545504203413139,-0.01014501479111827,-0.010375505378794163,-0.008362966957907215,-0.008774294710724105,-0.010375505378794163,-0.011146349682807647,-0.00890730989226758,-0.009545504203413139,-0.009545504203413139,-0.009545504203413139,-0.009038429900796575,-0.009909392794385382,1.0,-0.010375505378794163,-0.010601199569992913,-0.010712343101680052,-0.009545504203413139,-0.009789541942370281,-0.01014501479111827,-0.009909392794385382,-0.011039370473417374,-0.009545504203413139,-0.00822142209637897,-0.009038429900796575,-0.008362966957907215,-0.01014501479111827,-0.010375505378794163,-0.00942120491475338,-0.010488932499247918,-0.009909392794385382,-0.009909392794385382,-0.009545504203413139,-0.01135743593924421,-0.008639296772777074,-0.010822397747544373,-0.011039370473417374,-0.00942120491475338,-0.009038429900796575,-0.009545504203413139,-0.01014501479111827,-0.009545504203413139,-0.009909392794385382,-0.009668263892385261,-0.01014501479111827,-0.010712343101680052,-0.010822397747544373,-0.009789541942370281,-0.00942120491475338,-0.009545504203413139,-0.009295304219302069,-0.010488932499247918,-0.00942120491475338,-0.00942120491475338,-0.010601199569992913,-0.008774294710724105,-0.010260879698291583,-0.009909392794385382,-0.01002786766165702,-0.010822397747544373,-0.00942120491475338,-0.010488932499247918,-0.011564867233450219,-0.009789541942370281,-0.010488932499247918,-0.011252362471923228,-0.009789541942370281,-0.011146349682807647,-0.01014501479111827,-0.008077466553751751,-0.00942120491475338,-0.008774294710724105,-0.009668263892385261,-0.010601199569992913,-0.010260879698291583,-0.01014501479111827,-0.010712343101680052,-0.010375505378794163,-0.010601199569992913,-0.010375505378794163,-0.009909392794385382,-0.008774294710724105,-0.009167736096787688,-0.010488932499247918,-0.009789541942370281,-0.010488932499247918,-0.010488932499247918,-0.00942120491475338,-0.010488932499247918,-0.01002786766165702,-0.009668263892385261,-0.01002786766165702,-0.009295304219302069,-0.010488932499247918,-0.010260879698291583,-0.01002786766165702,-0.008639296772777074
17,-0.010375505378794163,-0.010982305154501206,-0.009598963040145162,-0.009994500395819473,-0.010622210433805148,-0.010863542711353745,-0.00875633961180827,-0.009187015173909012,-0.010863542711353745,-0.011670645567043985,-0.009326287050622543,-0.009994500395819473,-0.009994500395819473,-0.009994500395819473,-0.00946357461021257,-0.010375505378794163,-0.010375505378794163,1.0,-0.011099852982157828,-0.011216224422342484,-0.009994500395819473,-0.010250017048122652,-0.010622210433805148,-0.010375505378794163,-0.011558634328264874,-0.009994500395819473,-0.00860813684070013,-0.00946357461021257,-0.00875633961180827,-0.010622210433805148,-0.010863542711353745,-0.009864354385379725,-0.010982305154501206,-0.010375505378794163,-0.010375505378794163,-0.009994500395819473,-0.011891660783060856,-0.009045667276983468,-0.011331455758290084,-0.011558634328264874,-0.009864354385379725,-0.00946357461021257,-0.009994500395819473,-0.010622210433805148,-0.009994500395819473,-0.010375505378794163,-0.010123034387725719,-0.010622210433805148,-0.011216224422342484,-0.011331455758290084,-0.010250017048122652,-0.009864354385379725,-0.009994500395819473,-0.009732531642053907,-0.010982305154501206,-0.009864354385379725,-0.009864354385379725,-0.011099852982157828,-0.009187015173909012,-0.010743525330947112,-0.010375505378794163,-0.010499553001906378,-0.011331455758290084,-0.009864354385379725,-0.010982305154501206,-0.012108849116737978,-0.010250017048122652,-0.010982305154501206,-0.011781644927601469,-0.010250017048122652,-0.011670645567043985,-0.010622210433805148,-0.008457409996197384,-0.009864354385379725,-0.009187015173909012,-0.010123034387725719,-0.011099852982157828,-0.010743525330947112,-0.010622210433805148,-0.011216224422342484,-0.010863542711353745,-0.011099852982157828,-0.010863542711353745,-0.010375505378794163,-0.009187015173909012,-0.009598963040145162,-0.010982305154501206,-0.010250017048122652,-0.010982305154501206,-0.010982305154501206,-0.009864354385379725,-0.010982305154501206,-0.010499553001906378,-0.010123034387725719,-0.010499553001906378,-0.009732531642053907,-0.010982305154501206,-0.010743525330947112,-0.010499553001906378,-0.009045667276983468
18,-0.010601199569992913,-0.011221198816915853,-0.009807765418496782,-0.010211906739020869,-0.010853271100739062,-0.011099852982157828,-0.00894681274197384,-0.00938685661618168,-0.011099852982157828,-0.011924512421318353,-0.009529158017956786,-0.010211906739020869,-0.010211906739020869,-0.010211906739020869,-0.009669431938556912,-0.010601199569992913,-0.010601199569992913,-0.011099852982157828,1.0,-0.011460206436411706,-0.010211906739020869,-0.01047298154218745,-0.010853271100739062,-0.010601199569992913,-0.011810064647159184,-0.010211906739020869,-0.008795386175654044,-0.009669431938556912,-0.00894681274197384,-0.010853271100739062,-0.011099852982157828,-0.010078929714814413,-0.011221198816915853,-0.010601199569992913,-0.010601199569992913,-0.010211906739020869,-0.012150335292345792,-0.009242434035362714,-0.011577944353216619,-0.011810064647159184,-0.010078929714814413,-0.009669431938556912,-0.010211906739020869,-0.010853271100739062,-0.010211906739020869,-0.010601199569992913,-0.010343236679103683,-0.010853271100739062,-0.011460206436411706,-0.011577944353216619,-0.01047298154218745,-0.010078929714814413,-0.010211906739020869,-0.009944239484426484,-0.011221198816915853,-0.010078929714814413,-0.010078929714814413,-0.011341303615141284,-0.00938685661618168,-0.010977224911995683,-0.010601199569992913,-0.010727945551107588,-0.011577944353216619,-0.010078929714814413,-0.011221198816915853,-0.012372248036402696,-0.01047298154218745,-0.011221198816915853,-0.012037926306276332,-0.01047298154218745,-0.011924512421318353,-0.010853271100739062,-0.008641380630787312,-0.010078929714814413,-0.00938685661618168,-0.010343236679103683,-0.011341303615141284,-0.010977224911995683,-0.010853271100739062,-0.011460206436411706,-0.011099852982157828,-0.011341303615141284,-0.011099852982157828,-0.010601199569992913,-0.00938685661618168,-0.009807765418496782,-0.011221198816915853,-0.01047298154218745,-0.011221198816915853,-0.011221198816915853,-0.010078929714814413,-0.011221198816915853,-0.010727945551107588,-0.010343236679103683,-0.010727945551107588,-0.009944239484426484,-0.011221198816915853,-0.010977224911995683,-0.010727945551107588,-0.009242434035362714
19,-0.010712343101680052,-0.011338842453189406,-0.009910590544971735,-0.010318968904273102,-0.010967057363560535,-0.011216224422342484,-0.009040611595482941,-0.009485268912721806,-0.011216224422342484,-0.01204952963426696,-0.009629062209848275,-0.010318968904273102,-0.010318968904273102,-0.010318968904273102,-0.009770806769580904,-0.010712343101680052,-0.010712343101680052,-0.011216224422342484,-0.011460206436411706,1.0,-0.010318968904273102,-0.010582780829353752,-0.010967057363560535,-0.010712343101680052,-0.011933881983647603,-0.010318968904273102,-0.008887597465108628,-0.009770806769580904,-0.009040611595482941,-0.010967057363560535,-0.011216224422342484,-0.010184597741978217,-0.011338842453189406,-0.010712343101680052,-0.010712343101680052,-0.010318968904273102,-0.012277720044105078,-0.00933933219799926,-0.011699328128382596,-0.011933881983647603,-0.010184597741978217,-0.009770806769580904,-0.010318968904273102,-0.010967057363560535,-0.010318968904273102,-0.010712343101680052,-0.010451675714328104,-0.010967057363560535,-0.011580355841089627,-0.011699328128382596,-0.010582780829353752,-0.010184597741978217,-0.010318968904273102,-0.010048495412158501,-0.011338842453189406,-0.010184597741978217,-0.010184597741978217,-0.011460206436411706,-0.009485268912721806,-0.011092310713068295,-0.010712343101680052,-0.010840417894300935,-0.011699328128382596,-0.010184597741978217,-0.011338842453189406,-0.012501959332996655,-0.010582780829353752,-0.011338842453189406,-0.012164132556336575,-0.010582780829353752,-0.01204952963426696,-0.010967057363560535,-0.008731977318041186,-0.010184597741978217,-0.009485268912721806,-0.010451675714328104,-0.011460206436411706,-0.011092310713068295,-0.010967057363560535,-0.011580355841089627,-0.011216224422342484,-0.011460206436411706,-0.011216224422342484,-0.010712343101680052,-0.009485268912721806,-0.009910590544971735,-0.011338842453189406,-0.010582780829353752,-0.011338842453189406,-0.011338842453189406,-0.010184597741978217,-0.011338842453189406,-0.010840417894300935,-0.010451675714328104,-0.010840417894300935,-0.010048495412158501,-0.011338842453189406,-0.011092310713068295,-0.010840417894300935,-0.00933933219799926
20,-0.009545504203413139,-0.01010376229284366,-0.008831082313868149,-0.009194978177573523,-0.009772473787412748,-0.009994500395819473,-0.008055865571797608,-0.008452088718357988,-0.009994500395819473,-0.010737038076665754,-0.008580219371858813,-0.009194978177573523,-0.009194978177573523,-0.009194978177573523,-0.008706524446098504,-0.009545504203413139,-0.009545504203413139,-0.009994500395819473,-0.010211906739020869,-0.010318968904273102,1.0,-0.009430054464419947,-0.009772473787412748,-0.009545504203413139,-0.010633987313203107,-0.009194978177573523,-0.007919518461664388,-0.008706524446098504,-0.008055865571797608,-0.009772473787412748,-0.009994500395819473,-0.009075243355571588,-0.01010376229284366,-0.009545504203413139,-0.009545504203413139,-0.009194978177573523,-0.010940372911595256,-0.008322048118407643,-0.010424982169313745,-0.010633987313203107,-0.009075243355571588,-0.008706524446098504,-0.009194978177573523,-0.009772473787412748,-0.009194978177573523,-0.009545504203413139,-0.009313229936425691,-0.009772473787412748,-0.010318968904273102,-0.010424982169313745,-0.009430054464419947,-0.009075243355571588,-0.009194978177573523,-0.008953965932970674,-0.01010376229284366,-0.009075243355571588,-0.009075243355571588,-0.010211906739020869,-0.008452088718357988,-0.00988408395176889,-0.009545504203413139,-0.009659628486000969,-0.010424982169313745,-0.009075243355571588,-0.01010376229284366,-0.011140187000293482,-0.009430054464419947,-0.01010376229284366,-0.010839157908336136,-0.009430054464419947,-0.010737038076665754,-0.009772473787412748,-0.007780849194458501,-0.009075243355571588,-0.008452088718357988,-0.009313229936425691,-0.010211906739020869,-0.00988408395176889,-0.009772473787412748,-0.010318968904273102,-0.009994500395819473,-0.010211906739020869,-0.009994500395819473,-0.009545504203413139,-0.008452088718357988,-0.008831082313868149,-0.01010376229284366,-0.009430054464419947,-0.01010376229284366,-0.01010376229284366,-0.009075243355571588,-0.01010376229284366,-0.009659628486000969,-0.009313229936425691,-0.009659628486000969,-0.008953965932970674,-0.01010376229284366,-0.00988408395176889,-0.009659628486000969,-0.008322048118407643
21,-0.009789541942370281,-0.010362072304799273,-0.009056855339000776,-0.009430054464419947,-0.010022314168421162,-0.010250017048122652,-0.008261819618602307,-0.008668172497311825,-0.010250017048122652,-0.011011538243392342,-0.00879957890391119,-0.009430054464419947,-0.009430054464419947,-0.009430054464419947,-0.008929113058991394,-0.009789541942370281,-0.009789541942370281,-0.010250017048122652,-0.01047298154218745,-0.010582780829353752,-0.009430054464419947,1.0,-0.010022314168421162,-0.009789541942370281,-0.010905852912412115,-0.009430054464419947,-0.008121986695696793,-0.008929113058991394,-0.008261819618602307,-0.010022314168421162,-0.010250017048122652,-0.009307258534841805,-0.010362072304799273,-0.009789541942370281,-0.009789541942370281,-0.009430054464419947,-0.011220071480869264,-0.00853480731509655,-0.010691504400413719,-0.010905852912412115,-0.009307258534841805,-0.008929113058991394,-0.009430054464419947,-0.010022314168421162,-0.009430054464419947,-0.009789541942370281,-0.009551329415263135,-0.010022314168421162,-0.010582780829353752,-0.010691504400413719,-0.009671140647056261,-0.009307258534841805,-0.009430054464419947,-0.009182880566961421,-0.010362072304799273,-0.009307258534841805,-0.009307258534841805,-0.01047298154218745,-0.008668172497311825,-0.010136777727587436,-0.009789541942370281,-0.009906583895024494,-0.010691504400413719,-0.009307258534841805,-0.010362072304799273,-0.01142499396168367,-0.009671140647056261,-0.010362072304799273,-0.011116268842633767,-0.009671140647056261,-0.011011538243392342,-0.010022314168421162,-0.007979772248088629,-0.009307258534841805,-0.008668172497311825,-0.009551329415263135,-0.01047298154218745,-0.010136777727587436,-0.010022314168421162,-0.010582780829353752,-0.010250017048122652,-0.01047298154218745,-0.010250017048122652,-0.009789541942370281,-0.008668172497311825,-0.009056855339000776,-0.010362072304799273,-0.009671140647056261,-0.010362072304799273,-0.010362072304799273,-0.009307258534841805,-0.010362072304799273,-0.009906583895024494,-0.009551329415263135,-0.009906583895024494,-0.009182880566961421,-0.010362072304799273,-0.010136777727587436,-0.009906583895024494,-0.00853480731509655
22,-0.01014501479111827,-0.010738334583749967,-0.009385723245896278,-0.009772473787412748,-0.010386239323394593,-0.010622210433805148,-0.00856181859434146,-0.008982926751310388,-0.010622210433805148,-0.011411383597906277,-0.009119104720253792,-0.009772473787412748,-0.009772473787412748,-0.009772473787412748,-0.00925334245343679,-0.01014501479111827,-0.01014501479111827,-0.010622210433805148,-0.010853271100739062,-0.010967057363560535,-0.009772473787412748,-0.010022314168421162,1.0,-0.01014501479111827,-0.011301860675147442,-0.009772473787412748,-0.008416908129734139,-0.00925334245343679,-0.00856181859434146,-0.010386239323394593,-0.010622210433805148,-0.009645218954735893,-0.010738334583749967,-0.01014501479111827,-0.01014501479111827,-0.009772473787412748,-0.011627488987831286,-0.008844718880691,-0.011079728849421646,-0.011301860675147442,-0.009645218954735893,-0.00925334245343679,-0.009772473787412748,-0.010386239323394593,-0.009772473787412748,-0.01014501479111827,-0.009898152412351391,-0.010386239323394593,-0.010967057363560535,-0.011079728849421646,-0.010022314168421162,-0.009645218954735893,-0.009772473787412748,-0.00951632463758971,-0.010738334583749967,-0.009645218954735893,-0.009645218954735893,-0.010853271100739062,-0.008982926751310388,-0.010504859224879454,-0.01014501479111827,-0.01026630671139895,-0.011079728849421646,-0.009645218954735893,-0.010738334583749967,-0.011839852509141399,-0.010022314168421162,-0.010738334583749967,-0.011519917121194873,-0.010022314168421162,-0.011411383597906277,-0.010386239323394593,-0.008269529663715103,-0.009645218954735893,-0.008982926751310388,-0.009898152412351391,-0.010853271100739062,-0.010504859224879454,-0.010386239323394593,-0.010967057363560535,-0.010622210433805148,-0.010853271100739062,-0.010622210433805148,-0.01014501479111827,-0.008982926751310388,-0.009385723245896278,-0.010738334583749967,-0.010022314168421162,-0.010738334583749967,-0.010738334583749967,-0.009645218954735893,-0.010738334583749967,-0.01026630671139895,-0.009898152412351391,-0.01026630671139895,-0.00951632463758971,-0.010738334583749967,-0.010504859224879454,-0.01026630671139895,-0.008844718880691
23,-0.009909392794385382,-0.010488932499247918,-0.009167736096787688,-0.009545504203413139,-0.01014501479111827,-0.010375505378794163,-0.008362966957907215,-0.008774294710724105,-0.010375505378794163,-0.011146349682807647,-0.00890730989226758,-0.009545504203413139,-0.009545504203413139,-0.009545504203413139,-0.009038429900796575,-0.009909392794385382,-0.009909392794385382,-0.010375505378794163,-0.010601199569992913,-0.010712343101680052,-0.009545504203413139,-0.009789541942370281,-0.01014501479111827,1.0,-0.011039370473417374,-0.009545504203413139,-0.00822142209637897,-0.009038429900796575,-0.008362966957907215,-0.01014501479111827,-0.010375505378794163,-0.00942120491475338,-0.010488932499247918,-0.009909392794385382,-0.009909392794385382,-0.009545504203413139,-0.01135743593924421,-0.008639296772777074,-0.010822397747544373,-0.011039370473417374,-0.00942120491475338,-0.009038429900796575,-0.009545504203413139,-0.01014501479111827,-0.009545504203413139,-0.009909392794385382,-0.009668263892385261,-0.01014501479111827,-0.010712343101680052,-0.010822397747544373,-0.009789541942370281,-0.00942120491475338,-0.009545504203413139,-0.009295304219302069,-0.010488932499247918,-0.00942120491475338,-0.00942120491475338,-0.010601199569992913,-0.008774294710724105,-0.010260879698291583,-0.009909392794385382,-0.01002786766165702,-0.010822397747544373,-0.00942120491475338,-0.010488932499247918,-0.011564867233450219,-0.009789541942370281,-0.010488932499247918,-0.011252362471923228,-0.009789541942370281,-0.011146349682807647,-0.01014501479111827,-0.008077466553751751,-0.00942120491475338,-0.008774294710724105,-0.009668263892385261,-0.010601199569992913,-0.010260879698291583,-0.01014501479111827,-0.010712343101680052,-0.010375505378794163,-0.010601199569992913,-0.010375505378794163,-0.009909392794385382,-0.008774294710724105,-0.009167736096787688,-0.010488932499247918,-0.009789541942370281,-0.010488932499247918,-0.010488932499247918,-0.00942120491475338,-0.010488932499247918,-0.01002786766165702,-0.009668263892385261,-0.01002786766165702,-0.009295304219302069,-0.010488932499247918,-0.010260879698291583,-0.01002786766165702,-0.008639296772777074
24,-0.011039370473417374,-0.011684995653363561,-0.010213141942693354,-0.010633987313203107,-0.011301860675147442,-0.011558634328264874,-0.009316604197746124,-0.009774836053477655,-0.011558634328264874,-0.012417378756495626,-0.009923019085285544,-0.010633987313203107,-0.010633987313203107,-0.010633987313203107,-0.01006909083566054,-0.011039370473417374,-0.011039370473417374,-0.011558634328264874,-0.011810064647159184,-0.011933881983647603,-0.010633987313203107,-0.010905852912412115,-0.011301860675147442,-0.011039370473417374,1.0,-0.010633987313203107,-0.009158918838265348,-0.01006909083566054,-0.009316604197746124,-0.011301860675147442,-0.011558634328264874,-0.010495514056004664,-0.011684995653363561,-0.011039370473417374,-0.011039370473417374,-0.010633987313203107,-0.012652535383647426,-0.009624444169628925,-0.012056486267605884,-0.01229820060401774,-0.010495514056004664,-0.01006909083566054,-0.010633987313203107,-0.011301860675147442,-0.010633987313203107,-0.011039370473417374,-0.010770745408667102,-0.011301860675147442,-0.011933881983647603,-0.012056486267605884,-0.010905852912412115,-0.010495514056004664,-0.010633987313203107,-0.010355256782043803,-0.011684995653363561,-0.010495514056004664,-0.010495514056004664,-0.011810064647159184,-0.009774836053477655,-0.011430937770151589,-0.011039370473417374,-0.011171355144803255,-0.012056486267605884,-0.010495514056004664,-0.011684995653363561,-0.012883620269677779,-0.010905852912412115,-0.011684995653363561,-0.012535480286856828,-0.010905852912412115,-0.012417378756495626,-0.011301860675147442,-0.008998547905379925,-0.010495514056004664,-0.009774836053477655,-0.010770745408667102,-0.011810064647159184,-0.011430937770151589,-0.011301860675147442,-0.011933881983647603,-0.011558634328264874,-0.011810064647159184,-0.011558634328264874,-0.011039370473417374,-0.009774836053477655,-0.010213141942693354,-0.011684995653363561,-0.010905852912412115,-0.011684995653363561,-0.011684995653363561,-0.010495514056004664,-0.011684995653363561,-0.011171355144803255,-0.010770745408667102,-0.011171355144803255,-0.010355256782043803,-0.011684995653363561,-0.011430937770151589,-0.011171355144803255,-0.009624444169628925
25,-0.009545504203413139,-0.01010376229284366,-0.008831082313868149,-0.009194978177573523,-0.009772473787412748,-0.009994500395819473,-0.008055865571797608,-0.008452088718357988,-0.009994500395819473,-0.010737038076665754,-0.008580219371858813,-0.009194978177573523,-0.009194978177573523,-0.009194978177573523,-0.008706524446098504,-0.009545504203413139,-0.009545504203413139,-0.009994500395819473,-0.010211906739020869,-0.010318968904273102,-0.009194978177573523,-0.009430054464419947,-0.009772473787412748,-0.009545504203413139,-0.010633987313203107,1.0,-0.007919518461664388,-0.008706524446098504,-0.008055865571797608,-0.009772473787412748,-0.009994500395819473,-0.009075243355571588,-0.01010376229284366,-0.009545504203413139,-0.009545504203413139,-0.009194978177573523,-0.010940372911595256,-0.008322048118407643,-0.010424982169313745,-0.010633987313203107,-0.009075243355571588,-0.008706524446098504,-0.009194978177573523,-0.009772473787412748,-0.009194978177573523,-0.009545504203413139,-0.009313229936425691,-0.009772473787412748,-0.010318968904273102,-0.010424982169313745,-0.009430054464419947,-0.009075243355571588,-0.009194978177573523,-0.008953965932970674,-0.01010376229284366,-0.009075243355571588,-0.009075243355571588,-0.010211906739020869,-0.008452088718357988,-0.00988408395176889,-0.009545504203413139,-0.009659628486000969,-0.010424982169313745,-0.009075243355571588,-0.01010376229284366,-0.011140187000293482,-0.009430054464419947,-0.01010376229284366,-0.010839157908336136,-0.009430054464419947,-0.010737038076665754,-0.009772473787412748,-0.007780849194458501,-0.009075243355571588,-0.008452088718357988,-0.009313229936425691,-0.010211906739020869,-0.00988408395176889,-0.009772473787412748,-0.010318968904273102,-0.009994500395819473,-0.010211906739020869,-0.009994500395819473,-0.009545504203413139,-0.008452088718357988,-0.008831082313868149,-0.01010376229284366,-0.009430054464419947,-0.01010376229284366,-0.01010376229284366,-0.009075243355571588,-0.01010376229284366,-0.009659628486000969,-0.009313229936425691,-0.009659628486000969,-0.008953965932970674,-0.01010376229284366,-0.00988408395176889,-0.009659628486000969,-0.008322048118407643
26,-0.00822142209637897,-0.008702242731320945,-0.007606099554617184,-0.007919518461664388,-0.008416908129734139,-0.00860813684070013,-0.0069384151749421145,-0.007279677162031651,-0.00860813684070013,-0.0092476751580706,-0.007390034474067459,-0.007919518461664388,-0.007919518461664388,-0.007919518461664388,-0.007498819437764577,-0.00822142209637897,-0.00822142209637897,-0.00860813684070013,-0.008795386175654044,-0.008887597465108628,-0.007919518461664388,-0.008121986695696793,-0.008416908129734139,-0.00822142209637897,-0.009158918838265348,-0.007919518461664388,1.0,-0.007498819437764577,-0.0069384151749421145,-0.008416908129734139,-0.00860813684070013,-0.007816392373158692,-0.008702242731320945,-0.00822142209637897,-0.00822142209637897,-0.007919518461664388,-0.00942280488084158,-0.00716767483726437,-0.008978905350071138,-0.009158918838265348,-0.007816392373158692,-0.007498819437764577,-0.007919518461664388,-0.008416908129734139,-0.007919518461664388,-0.00822142209637897,-0.008021367206628043,-0.008416908129734139,-0.008887597465108628,-0.008978905350071138,-0.008121986695696793,-0.007816392373158692,-0.007919518461664388,-0.0077119376622586085,-0.008702242731320945,-0.007816392373158692,-0.007816392373158692,-0.008795386175654044,-0.007279677162031651,-0.008513036553321232,-0.00822142209637897,-0.008319715898215596,-0.008978905350071138,-0.007816392373158692,-0.008702242731320945,-0.009594902229392748,-0.008121986695696793,-0.008702242731320945,-0.009335629678091994,-0.008121986695696793,-0.0092476751580706,-0.008416908129734139,-0.006701547045889973,-0.007816392373158692,-0.007279677162031651,-0.008021367206628043,-0.008795386175654044,-0.008513036553321232,-0.008416908129734139,-0.008887597465108628,-0.00860813684070013,-0.008795386175654044,-0.00860813684070013,-0.00822142209637897,-0.007279677162031651,-0.007606099554617184,-0.008702242731320945,-0.008121986695696793,-0.008702242731320945,-0.008702242731320945,-0.007816392373158692,-0.008702242731320945,-0.008319715898215596,-0.008021367206628043,-0.008319715898215596,-0.0077119376622586085,-0.008702242731320945,-0.008513036553321232,-0.008319715898215596,-0.00716767483726437
27,-0.009038429900796575,-0.00956703231931169,-0.008361959383300166,-0.008706524446098504,-0.00925334245343679,-0.00946357461021257,-0.007627923544876555,-0.008003098607287455,-0.00946357461021257,-0.010166667357752233,-0.008124422730679112,-0.008706524446098504,-0.008706524446098504,-0.008706524446098504,-0.00824401825285406,-0.009038429900796575,-0.009038429900796575,-0.00946357461021257,-0.009669431938556912,-0.009770806769580904,-0.008706524446098504,-0.008929113058991394,-0.00925334245343679,-0.009038429900796575,-0.01006909083566054,-0.008706524446098504,-0.007498819437764577,1.0,-0.007627923544876555,-0.00925334245343679,-0.00946357461021257,-0.00859315015257906,-0.00956703231931169,-0.009038429900796575,-0.009038429900796575,-0.008706524446098504,-0.010359200681580555,-0.00787996599722706,-0.00987118841985369,-0.01006909083566054,-0.00859315015257906,-0.00824401825285406,-0.008706524446098504,-0.00925334245343679,-0.008706524446098504,-0.009038429900796575,-0.008818494459442489,-0.00925334245343679,-0.009770806769580904,-0.00987118841985369,-0.008929113058991394,-0.00859315015257906,-0.008706524446098504,-0.008478315204171024,-0.00956703231931169,-0.00859315015257906,-0.00859315015257906,-0.009669431938556912,-0.008003098607287455,-0.009359023685695708,-0.009038429900796575,-0.00914649169681778,-0.00987118841985369,-0.00859315015257906,-0.00956703231931169,-0.010548400287531668,-0.008929113058991394,-0.00956703231931169,-0.010263362400818042,-0.008929113058991394,-0.010166667357752233,-0.00925334245343679,-0.007367516530728289,-0.00859315015257906,-0.008003098607287455,-0.008818494459442489,-0.009669431938556912,-0.009359023685695708,-0.00925334245343679,-0.009770806769580904,-0.00946357461021257,-0.009669431938556912,-0.00946357461021257,-0.009038429900796575,-0.008003098607287455,-0.008361959383300166,-0.00956703231931169,-0.008929113058991394,-0.00956703231931169,-0.00956703231931169,-0.00859315015257906,-0.00956703231931169,-0.00914649169681778,-0.008818494459442489,-0.00914649169681778,-0.008478315204171024,-0.00956703231931169,-0.009359023685695708,-0.00914649169681778,-0.00787996599722706
28,-0.008362966957907215,-0.008852065685056955,-0.007737050659621572,-0.008055865571797608,-0.00856181859434146,-0.00875633961180827,-0.007057871031076203,-0.007405008386215352,-0.00875633961180827,-0.009406888598806578,-0.007517265674954413,-0.008055865571797608,-0.008055865571797608,-0.008055865571797608,-0.007627923544876555,-0.008362966957907215,-0.008362966957907215,-0.00875633961180827,-0.00894681274197384,-0.009040611595482941,-0.008055865571797608,-0.008261819618602307,-0.00856181859434146,-0.008362966957907215,-0.009316604197746124,-0.008055865571797608,-0.0069384151749421145,-0.007627923544876555,1.0,-0.00856181859434146,-0.00875633961180827,-0.007950964003606476,-0.008852065685056955,-0.008362966957907215,-0.008362966957907215,-0.008055865571797608,-0.009585033458383395,-0.007291077763233457,-0.009133491490954332,-0.009316604197746124,-0.007950964003606476,-0.007627923544876555,-0.008055865571797608,-0.00856181859434146,-0.008055865571797608,-0.008362966957907215,-0.008159467804945388,-0.00856181859434146,-0.009040611595482941,-0.009133491490954332,-0.008261819618602307,-0.007950964003606476,-0.008055865571797608,-0.007844710938672629,-0.008852065685056955,-0.007950964003606476,-0.007950964003606476,-0.00894681274197384,-0.007405008386215352,-0.00865960202167925,-0.008362966957907215,-0.008462953043926183,-0.009133491490954332,-0.007950964003606476,-0.008852065685056955,-0.009760093736593749,-0.008261819618602307,-0.008852065685056955,-0.009496357395824245,-0.008261819618602307,-0.009406888598806578,-0.00856181859434146,-0.006816924840329367,-0.007950964003606476,-0.007405008386215352,-0.008159467804945388,-0.00894681274197384,-0.00865960202167925,-0.00856181859434146,-0.009040611595482941,-0.00875633961180827,-0.00894681274197384,-0.00875633961180827,-0.008362966957907215,-0.007405008386215352,-0.007737050659621572,-0.008852065685056955,-0.008261819618602307,-0.008852065685056955,-0.008852065685056955,-0.007950964003606476,-0.008852065685056955,-0.008462953043926183,-0.008159467804945388,-0.008462953043926183,-0.007844710938672629,-0.008852065685056955,-0.00865960202167925,-0.008462953043926183,-0.007291077763233457
29,-0.01014501479111827,-0.010738334583749967,-0.009385723245896278,-0.009772473787412748,-0.010386239323394593,-0.010622210433805148,-0.00856181859434146,-0.008982926751310388,-0.010622210433805148,-0.011411383597906277,-0.009119104720253792,-0.009772473787412748,-0.009772473787412748,-0.009772473787412748,-0.00925334245343679,-0.01014501479111827,-0.01014501479111827,-0.010622210433805148,-0.010853271100739062,-0.010967057363560535,-0.009772473787412748,-0.010022314168421162,-0.010386239323394593,-0.01014501479111827,-0.011301860675147442,-0.009772473787412748,-0.008416908129734139,-0.00925334245343679,-0.00856181859434146,1.0,-0.010622210433805148,-0.009645218954735893,-0.010738334583749967,-0.01014501479111827,-0.01014501479111827,-0.009772473787412748,-0.011627488987831286,-0.008844718880691,-0.011079728849421646,-0.011301860675147442,-0.009645218954735893,-0.00925334245343679,-0.009772473787412748,-0.010386239323394593,-0.009772473787412748,-0.01014501479111827,-0.009898152412351391,-0.010386239323394593,-0.010967057363560535,-0.011079728849421646,-0.010022314168421162,-0.009645218954735893,-0.009772473787412748,-0.00951632463758971,-0.010738334583749967,-0.009645218954735893,-0.009645218954735893,-0.010853271100739062,-0.008982926751310388,-0.010504859224879454,-0.01014501479111827,-0.01026630671139895,-0.011079728849421646,-0.009645218954735893,-0.010738334583749967,-0.011839852509141399,-0.010022314168421162,-0.010738334583749967,-0.011519917121194873,-0.010022314168421162,-0.011411383597906277,-0.010386239323394593,-0.008269529663715103,-0.009645218954735893,-0.008982926751310388,-0.009898152412351391,-0.010853271100739062,-0.010504859224879454,-0.010386239323394593,-0.010967057363560535,-0.010622210433805148,-0.010853271100739062,-0.010622210433805148,-0.01014501479111827,-0.008982926751310388,-0.009385723245896278,-0.010738334583749967,-0.010022314168421162,-0.010738334583749967,-0.010738334583749967,-0.009645218954735893,-0.010738334583749967,-0.01026630671139895,-0.009898152412351391,-0.01026630671139895,-0.00951632463758971,-0.010738334583749967,-0.010504859224879454,-0.01026630671139895,-0.008844718880691
30,-0.010375505378794163,-0.010982305154501206,-0.009598963040145162,-0.009994500395819473,-0.010622210433805148,-0.010863542711353745,-0.00875633961180827,-0.009187015173909012,-0.010863542711353745,-0.011670645567043985,-0.009326287050622543,-0.009994500395819473,-0.009994500395819473,-0.009994500395819473,-0.00946357461021257,-0.010375505378794163,-0.010375505378794163,-0.010863542711353745,-0.011099852982157828,-0.011216224422342484,-0.009994500395819473,-0.010250017048122652,-0.010622210433805148,-0.010375505378794163,-0.011558634328264874,-0.009994500395819473,-0.00860813684070013,-0.00946357461021257,-0.00875633961180827,-0.010622210433805148,1.0,-0.009864354385379725,-0.010982305154501206,-0.010375505378794163,-0.010375505378794163,-0.009994500395819473,-0.011891660783060856,-0.009045667276983468,-0.011331455758290084,-0.011558634328264874,-0.009864354385379725,-0.00946357461021257,-0.009994500395819473,-0.010622210433805148,-0.009994500395819473,-0.010375505378794163,-0.010123034387725719,-0.010622210433805148,-0.011216224422342484,-0.011331455758290084,-0.010250017048122652,-0.009864354385379725,-0.009994500395819473,-0.009732531642053907,-0.010982305154501206,-0.009864354385379725,-0.009864354385379725,-0.011099852982157828,-0.009187015173909012,-0.010743525330947112,-0.010375505378794163,-0.010499553001906378,-0.011331455758290084,-0.009864354385379725,-0.010982305154501206,-0.012108849116737978,-0.010250017048122652,-0.010982305154501206,-0.011781644927601469,-0.010250017048122652,-0.011670645567043985,-0.010622210433805148,-0.008457409996197384,-0.009864354385379725,-0.009187015173909012,-0.010123034387725719,-0.011099852982157828,-0.010743525330947112,-0.010622210433805148,-0.011216224422342484,-0.010863542711353745,-0.011099852982157828,-0.010863542711353745,-0.010375505378794163,-0.009187015173909012,-0.009598963040145162,-0.010982305154501206,-0.010250017048122652,-0.010982305154501206,-0.010982305154501206,-0.009864354385379725,-0.010982305154501206,-0.010499553001906378,-0.010123034387725719,-0.010499553001906378,-0.009732531642053907,-0.010982305154501206,-0.010743525330947112,-0.010499553001906378,-0.009045667276983468
31,-0.00942120491475338,-0.009972193499930792,-0.008716086057377361,-0.009075243355571588,-0.009645218954735893,-0.009864354385379725,-0.007950964003606476,-0.008342027626456165,-0.009864354385379725,-0.010597222916900271,-0.008468489793018402,-0.009075243355571588,-0.009075243355571588,-0.009075243355571588,-0.00859315015257906,-0.00942120491475338,-0.00942120491475338,-0.009864354385379725,-0.010078929714814413,-0.010184597741978217,-0.009075243355571588,-0.009307258534841805,-0.009645218954735893,-0.00942120491475338,-0.010495514056004664,-0.009075243355571588,-0.007816392373158692,-0.00859315015257906,-0.007950964003606476,-0.009645218954735893,-0.009864354385379725,1.0,-0.009972193499930792,-0.00942120491475338,-0.00942120491475338,-0.009075243355571588,-0.010797909973901768,-0.008213680384313462,-0.01028923052745987,-0.010495514056004664,-0.008957067691984491,-0.00859315015257906,-0.009075243355571588,-0.009645218954735893,-0.009075243355571588,-0.00942120491475338,-0.009191955268105022,-0.009645218954735893,-0.010184597741978217,-0.01028923052745987,-0.009307258534841805,-0.008957067691984491,-0.009075243355571588,-0.00883736951517705,-0.009972193499930792,-0.008957067691984491,-0.008957067691984491,-0.010078929714814413,-0.008342027626456165,-0.009755375758039437,-0.00942120491475338,-0.009533843098038102,-0.01028923052745987,-0.008957067691984491,-0.009972193499930792,-0.010995122130993223,-0.009307258534841805,-0.009972193499930792,-0.010698012968376313,-0.009307258534841805,-0.010597222916900271,-0.009645218954735893,-0.007679528824216118,-0.008957067691984491,-0.008342027626456165,-0.009191955268105022,-0.010078929714814413,-0.009755375758039437,-0.009645218954735893,-0.010184597741978217,-0.009864354385379725,-0.010078929714814413,-0.009864354385379725,-0.00942120491475338,-0.008342027626456165,-0.008716086057377361,-0.009972193499930792,-0.009307258534841805,-0.009972193499930792,-0.009972193499930792,-0.008957067691984491,-0.009972193499930792,-0.009533843098038102,-0.009191955268105022,-0.009533843098038102,-0.00883736951517705,-0.009972193499930792,-0.009755375758039437,-0.009533843098038102,-0.008213680384313462
32,-0.010488932499247918,-0.011102365932664887,-0.00970390084290617,-0.01010376229284366,-0.010738334583749967,-0.010982305154501206,-0.008852065685056955,-0.009287449479390772,-0.010982305154501206,-0.011798231421629125,-0.009428243904390777,-0.01010376229284366,-0.01010376229284366,-0.01010376229284366,-0.00956703231931169,-0.010488932499247918,-0.010488932499247918,-0.010982305154501206,-0.011221198816915853,-0.011338842453189406,-0.01010376229284366,-0.010362072304799273,-0.010738334583749967,-0.010488932499247918,-0.011684995653363561,-0.01010376229284366,-0.008702242731320945,-0.00956703231931169,-0.008852065685056955,-0.010738334583749967,-0.010982305154501206,-0.009972193499930792,1.0,-0.010488932499247918,-0.010488932499247918,-0.01010376229284366,-0.012021662820628318,-0.009144556338706476,-0.0114553335213761,-0.011684995653363561,-0.009972193499930792,-0.00956703231931169,-0.01010376229284366,-0.010738334583749967,-0.01010376229284366,-0.010488932499247918,-0.010233701444310824,-0.010738334583749967,-0.011338842453189406,-0.0114553335213761,-0.010362072304799273,-0.009972193499930792,-0.01010376229284366,-0.009838929643749274,-0.011102365932664887,-0.009972193499930792,-0.009972193499930792,-0.011221198816915853,-0.009287449479390772,-0.010860975719850762,-0.010488932499247918,-0.010614336236031231,-0.0114553335213761,-0.009972193499930792,-0.011102365932664887,-0.012241225501037073,-0.010362072304799273,-0.011102365932664887,-0.011910444249615957,-0.010362072304799273,-0.011798231421629125,-0.010738334583749967,-0.008549868110510167,-0.009972193499930792,-0.009287449479390772,-0.010233701444310824,-0.011221198816915853,-0.010860975719850762,-0.010738334583749967,-0.011338842453189406,-0.010982305154501206,-0.011221198816915853,-0.010982305154501206,-0.010488932499247918,-0.009287449479390772,-0.00970390084290617,-0.011102365932664887,-0.010362072304799273,-0.011102365932664887,-0.011102365932664887,-0.009972193499930792,-0.011102365932664887,-0.010614336236031231,-0.010233701444310824,-0.010614336236031231,-0.009838929643749274,-0.011102365932664887,-0.010860975719850762,-0.010614336236031231,-0.009144556338706476
33,-0.009909392794385382,-0.010488932499247918,-0.009167736096787688,-0.009545504203413139,-0.01014501479111827,-0.010375505378794163,-0.008362966957907215,-0.008774294710724105,-0.010375505378794163,-0.011146349682807647,-0.00890730989226758,-0.009545504203413139,-0.009545504203413139,-0.009545504203413139,-0.009038429900796575,-0.009909392794385382,-0.009909392794385382,-0.010375505378794163,-0.010601199569992913,-0.010712343101680052,-0.009545504203413139,-0.009789541942370281,-0.01014501479111827,-0.009909392794385382,-0.011039370473417374,-0.009545504203413139,-0.00822142209637897,-0.009038429900796575,-0.008362966957907215,-0.01014501479111827,-0.010375505378794163,-0.00942120491475338,-0.010488932499247918,1.0,-0.009909392794385382,-0.009545504203413139,-0.01135743593924421,-0.008639296772777074,-0.010822397747544373,-0.011039370473417374,-0.00942120491475338,-0.009038429900796575,-0.009545504203413139,-0.01014501479111827,-0.009545504203413139,-0.009909392794385382,-0.009668263892385261,-0.01014501479111827,-0.010712343101680052,-0.010822397747544373,-0.009789541942370281,-0.00942120491475338,-0.009545504203413139,-0.009295304219302069,-0.010488932499247918,-0.00942120491475338,-0.00942120491475338,-0.010601199569992913,-0.008774294710724105,-0.010260879698291583,-0.009909392794385382,-0.01002786766165702,-0.010822397747544373,-0.00942120491475338,-0.010488932499247918,-0.011564867233450219,-0.009789541942370281,-0.010488932499247918,-0.011252362471923228,-0.009789541942370281,-0.011146349682807647,-0.01014501479111827,-0.008077466553751751,-0.00942120491475338,-0.008774294710724105,-0.009668263892385261,-0.010601199569992913,-0.010260879698291583,-0.01014501479111827,-0.010712343101680052,-0.010375505378794163,-0.010601199569992913,-0.010375505378794163,-0.009909392794385382,-0.008774294710724105,-0.009167736096787688,-0.010488932499247918,-0.009789541942370281,-0.010488932499247918,-0.010488932499247918,-0.00942120491475338,-0.010488932499247918,-0.01002786766165702,-0.009668263892385261,-0.01002786766165702,-0.009295304219302069,-0.010488932499247918,-0.010260879698291583,-0.01002786766165702,-0.008639296772777074
34,-0.009909392794385382,-0.010488932499247918,-0.009167736096787688,-0.009545504203413139,-0.01014501479111827,-0.010375505378794163,-0.008362966957907215,-0.008774294710724105,-0.010375505378794163,-0.011146349682807647,-0.00890730989226758,-0.009545504203413139,-0.009545504203413139,-0.009545504203413139,-0.009038429900796575,-0.009909392794385382,-0.009909392794385382,-0.010375505378794163,-0.010601199569992913,-0.010712343101680052,-0.009545504203413139,-0.009789541942370281,-0.01014501479111827,-0.009909392794385382,-0.011039370473417374,-0.009545504203413139,-0.00822142209637897,-0.009038429900796575,-0.008362966957907215,-0.01014501479111827,-0.010375505378794163,-0.00942120491475338,-0.010488932499247918,-0.009909392794385382,1.0,-0.009545504203413139,-0.01135743593924421,-0.008639296772777074,-0.010822397747544373,-0.011039370473417374,-0.00942120491475338,-0.009038429900796575,-0.009545504203413139,-0.01014501479111827,-0.009545504203413139,-0.009909392794385382,-0.009668263892385261,-0.01014501479111827,-0.010712343101680052,-0.010822397747544373,-0.009789541942370281,-0.00942120491475338,-0.009545504203413139,-0.009295304219302069,-0.010488932499247918,-0.00942120491475338,-0.00942120491475338,-0.010601199569992913,-0.008774294710724105,-0.010260879698291583,-0.009909392794385382,-0.01002786766165702,-0.010822397747544373,-0.00942120491475338,-0.010488932499247918,-0.011564867233450219,-0.009789541942370281,-0.010488932499247918,-0.011252362471923228,-0.009789541942370281,-0.011146349682807647,-0.01014501479111827,-0.008077466553751751,-0.00942120491475338,-0.008774294710724105,-0.009668263892385261,-0.010601199569992913,-0.010260879698291583,-0.01014501479111827,-0.010712343101680052,-0.010375505378794163,-0.010601199569992913,-0.010375505378794163,-0.009909392794385382,-0.008774294710724105,-0.009167736096787688,-0.010488932499247918,-0.009789541942370281,-0.010488932499247918,-0.010488932499247918,-0.00942120491475338,-0.010488932499247918,-0.01002786766165702,-0.009668263892385261,-0.01002786766165702,-0.009295304219302069,-0.010488932499247918,-0.010260879698291583,-0.01002786766165702,-0.008639296772777074
35,-0.009545504203413139,-0.01010376229284366,-0.008831082313868149,-0.009194978177573523,-0.009772473787412748,-0.009994500395819473,-0.008055865571797608,-0.008452088718357988,-0.009994500395819473,-0.010737038076665754,-0.008580219371858813,-0.009194978177573523,-0.009194978177573523,-0.009194978177573523,-0.008706524446098504,-0.009545504203413139,-0.009545504203413139,-0.009994500395819473,-0.010211906739020869,-0.010318968904273102,-0.009194978177573523,-0.009430054464419947,-0.009772473787412748,-0.009545504203413139,-0.010633987313203107,-0.009194978177573523,-0.007919518461664388,-0.008706524446098504,-0.008055865571797608,-0.009772473787412748,-0.009994500395819473,-0.009075243355571588,-0.01010376229284366,-0.009545504203413139,-0.009545504203413139,1.0,-0.010940372911595256,-0.008322048118407643,-0.010424982169313745,-0.010633987313203107,-0.009075243355571588,-0.008706524446098504,-0.009194978177573523,-0.009772473787412748,-0.009194978177573523,-0.009545504203413139,-0.009313229936425691,-0.009772473787412748,-0.010318968904273102,-0.010424982169313745,-0.009430054464419947,-0.009075243355571588,-0.009194978177573523,-0.008953965932970674,-0.01010376229284366,-0.009075243355571588,-0.009075243355571588,-0.010211906739020869,-0.008452088718357988,-0.00988408395176889,-0.009545504203413139,-0.009659628486000969,-0.010424982169313745,-0.009075243355571588,-0.01010376229284366,-0.011140187000293482,-0.009430054464419947,-0.01010376229284366,-0.010839157908336136,-0.009430054464419947,-0.010737038076665754,-0.009772473787412748,-0.007780849194458501,-0.009075243355571588,-0.008452088718357988,-0.009313229936425691,-0.010211906739020869,-0.00988408395176889,-0.009772473787412748,-0.010318968904273102,-0.009994500395819473,-0.010211906739020869,-0.009994500395819473,-0.009545504203413139,-0.008452088718357988,-0.008831082313868149,-0.01010376229284366,-0.009430054464419947,-0.01010376229284366,-0.01010376229284366,-0.009075243355571588,-0.01010376229284366,-0.009659628486000969,-0.009313229936425691,-0.009659628486000969,-0.008953965932970674,-0.01010376229284366,-0.00988408395176889,-0.009659628486000969,-0.008322048118407643
36,-0.01135743593924421,-0.012021662820628318,-0.010507402177675103,-0.010940372911595256,-0.011627488987831286,-0.011891660783060856,-0.009585033458383395,-0.01005646785396998,-0.011891660783060856,-0.012775147287594699,-0.010208920323528246,-0.010940372911595256,-0.010940372911595256,-0.010940372911595256,-0.010359200681580555,-0.01135743593924421,-0.01135743593924421,-0.011891660783060856,-0.012150335292345792,-0.012277720044105078,-0.010940372911595256,-0.011220071480869264,-0.011627488987831286,-0.01135743593924421,-0.012652535383647426,-0.010940372911595256,-0.00942280488084158,-0.010359200681580555,-0.009585033458383395,-0.011627488987831286,-0.011891660783060856,-0.010797909973901768,-0.012021662820628318,-0.01135743593924421,-0.01135743593924421,-0.010940372911595256,1.0,-0.009901742891101196,-0.012403856792961016,-0.012652535383647426,-0.010797909973901768,-0.010359200681580555,-0.010940372911595256,-0.011627488987831286,-0.010940372911595256,-0.01135743593924421,-0.011081071270450544,-0.011627488987831286,-0.012277720044105078,-0.012403856792961016,-0.011220071480869264,-0.010797909973901768,-0.010940372911595256,-0.010653611618496508,-0.012021662820628318,-0.010797909973901768,-0.010797909973901768,-0.012150335292345792,-0.01005646785396998,-0.011760285041851164,-0.01135743593924421,-0.011493223342505738,-0.012403856792961016,-0.010797909973901768,-0.012021662820628318,-0.0132548221142466,-0.011220071480869264,-0.012021662820628318,-0.012896651549874323,-0.011220071480869264,-0.012775147287594699,-0.011627488987831286,-0.009257813353367355,-0.010797909973901768,-0.01005646785396998,-0.011081071270450544,-0.012150335292345792,-0.011760285041851164,-0.011627488987831286,-0.012277720044105078,-0.011891660783060856,-0.012150335292345792,-0.011891660783060856,-0.01135743593924421,-0.01005646785396998,-0.010507402177675103,-0.012021662820628318,-0.011220071480869264,-0.012021662820628318,-0.012021662820628318,-0.010797909973901768,-0.012021662820628318,-0.011493223342505738,-0.011081071270450544,-0.011493223342505738,-0.010653611618496508,-0.012021662820628318,-0.011760285041851164,-0.011493223342505738,-0.009901742891101196
37,-0.008639296772777074,-0.009144556338706476,-0.007992698898718165,-0.008322048118407643,-0.008844718880691,-0.009045667276983468,-0.007291077763233457,-0.007649685258283815,-0.009045667276983468,-0.009717711755001388,-0.007765651761225347,-0.008322048118407643,-0.008322048118407643,-0.008322048118407643,-0.00787996599722706,-0.008639296772777074,-0.008639296772777074,-0.009045667276983468,-0.009242434035362714,-0.00933933219799926,-0.008322048118407643,-0.00853480731509655,-0.008844718880691,-0.008639296772777074,-0.009624444169628925,-0.008322048118407643,-0.00716767483726437,-0.00787996599722706,-0.007291077763233457,-0.008844718880691,-0.009045667276983468,-0.008213680384313462,-0.009144556338706476,-0.008639296772777074,-0.008639296772777074,-0.008322048118407643,-0.009901742891101196,1.0,-0.00943528103831402,-0.009624444169628925,-0.008213680384313462,-0.00787996599722706,-0.008322048118407643,-0.008844718880691,-0.008322048118407643,-0.008639296772777074,-0.008429073584727324,-0.008844718880691,-0.00933933219799926,-0.00943528103831402,-0.00853480731509655,-0.008213680384313462,-0.008322048118407643,-0.008103916497214429,-0.009144556338706476,-0.008213680384313462,-0.008213680384313462,-0.009242434035362714,-0.007649685258283815,-0.008945733275759453,-0.008639296772777074,-0.00874258660694885,-0.00943528103831402,-0.008213680384313462,-0.009144556338706476,-0.010082587524853357,-0.00853480731509655,-0.009144556338706476,-0.009810136787077851,-0.00853480731509655,-0.009717711755001388,-0.008844718880691,-0.007042170209418014,-0.008213680384313462,-0.007649685258283815,-0.008429073584727324,-0.009242434035362714,-0.008945733275759453,-0.008844718880691,-0.00933933219799926,-0.009045667276983468,-0.009242434035362714,-0.009045667276983468,-0.008639296772777074,-0.007649685258283815,-0.007992698898718165,-0.009144556338706476,-0.00853480731509655,-0.009144556338706476,-0.009144556338706476,-0.008213680384313462,-0.009144556338706476,-0.00874258660694885,-0.008429073584727324,-0.00874258660694885,-0.008103916497214429,-0.009144556338706476,-0.008945733275759453,-0.00874258660694885,-0.0075319901306572104
38,-0.010822397747544373,-0.0114553335213761,-0.010012408281985973,-0.010424982169313745,-0.011079728849421646,-0.011331455758290084,-0.009133491490954332,-0.009582717052798064,-0.011331455758290084,-0.012173322039359263,-0.00972798762900743,-0.010424982169313745,-0.010424982169313745,-0.010424982169313745,-0.00987118841985369,-0.010822397747544373,-0.010822397747544373,-0.011331455758290084,-0.011577944353216619,-0.011699328128382596,-0.010424982169313745,-0.010691504400413719,-0.011079728849421646,-0.010822397747544373,-0.012056486267605884,-0.010424982169313745,-0.008978905350071138,-0.00987118841985369,-0.009133491490954332,-0.011079728849421646,-0.011331455758290084,-0.01028923052745987,-0.0114553335213761,-0.010822397747544373,-0.010822397747544373,-0.010424982169313745,-0.012403856792961016,-0.00943528103831402,1.0,-0.012056486267605884,-0.01028923052745987,-0.00987118841985369,-0.010424982169313745,-0.011079728849421646,-0.010424982169313745,-0.010822397747544373,-0.01055905235998919,-0.011079728849421646,-0.011699328128382596,-0.011819522692895535,-0.010691504400413719,-0.01028923052745987,-0.010424982169313745,-0.010151729932707129,-0.0114553335213761,-0.01028923052745987,-0.01028923052745987,-0.011577944353216619,-0.009582717052798064,-0.011206269005456472,-0.010822397747544373,-0.010951788333153986,-0.011819522692895535,-0.01028923052745987,-0.0114553335213761,-0.012630399833262864,-0.010691504400413719,-0.0114553335213761,-0.012289102349408672,-0.010691504400413719,-0.012173322039359263,-0.011079728849421646,-0.008821686419244412,-0.01028923052745987,-0.009582717052798064,-0.01055905235998919,-0.011577944353216619,-0.011206269005456472,-0.011079728849421646,-0.011699328128382596,-0.011331455758290084,-0.011577944353216619,-0.011331455758290084,-0.010822397747544373,-0.009582717052798064,-0.010012408281985973,-0.0114553335213761,-0.010691504400413719,-0.0114553335213761,-0.0114553335213761,-0.01028923052745987,-0.0114553335213761,-0.010951788333153986,-0.01055905235998919,-0.010951788333153986,-0.010151729932707129,-0.0114553335213761,-0.011206269005456472,-0.010951788333153986,-0.00943528103831402
39,-0.011039370473417374,-0.011684995653363561,-0.010213141942693354,-0.010633987313203107,-0.011301860675147442,-0.011558634328264874,-0.009316604197746124,-0.009774836053477655,-0.011558634328264874,-0.012417378756495626,-0.009923019085285544,-0.010633987313203107,-0.010633987313203107,-0.010633987313203107,-0.01006909083566054,-0.011039370473417374,-0.011039370473417374,-0.011558634328264874,-0.011810064647159184,-0.011933881983647603,-0.010633987313203107,-0.010905852912412115,-0.011301860675147442,-0.011039370473417374,-0.01229820060401774,-0.010633987313203107,-0.009158918838265348,-0.01006909083566054,-0.009316604197746124,-0.011301860675147442,-0.011558634328264874,-0.010495514056004664,-0.011684995653363561,-0.011039370473417374,-0.011039370473417374,-0.010633987313203107,-0.012652535383647426,-0.009624444169628925,-0.012056486267605884,1.0,-0.010495514056004664,-0.01006909083566054,-0.010633987313203107,-0.011301860675147442,-0.010633987313203107,-0.011039370473417374,-0.010770745408667102,-0.011301860675147442,-0.011933881983647603,-0.012056486267605884,-0.010905852912412115,-0.010495514056004664,-0.010633987313203107,-0.010355256782043803,-0.011684995653363561,-0.010495514056004664,-0.010495514056004664,-0.011810064647159184,-0.009774836053477655,-0.011430937770151589,-0.011039370473417374,-0.011171355144803255,-0.012056486267605884,-0.010495514056004664,-0.011684995653363561,-0.012883620269677779,-0.010905852912412115,-0.011684995653363561,-0.012535480286856828,-0.010905852912412115,-0.012417378756495626,-0.011301860675147442,-0.008998547905379925,-0.010495514056004664,-0.009774836053477655,-0.010770745408667102,-0.011810064647159184,-0.011430937770151589,-0.011301860675147442,-0.011933881983647603,-0.011558634328264874,-0.011810064647159184,-0.011558634328264874,-0.011039370473417374,-0.009774836053477655,-0.010213141942693354,-0.011684995653363561,-0.010905852912412115,-0.011684995653363561,-0.011684995653363561,-0.010495514056004664,-0.011684995653363561,-0.011171355144803255,-0.010770745408667102,-0.011171355144803255,-0.010355256782043803,-0.011684995653363561,-0.011430937770151589,-0.011171355144803255,-0.009624444169628925
40,-0.00942120491475338,-0.009972193499930792,-0.008716086057377361,-0.009075243355571588,-0.009645218954735893,-0.009864354385379725,-0.007950964003606476,-0.008342027626456165,-0.009864354385379725,-0.010597222916900271,-0.008468489793018402,-0.009075243355571588,-0.009075243355571588,-0.009075243355571588,-0.00859315015257906,-0.00942120491475338,-0.00942120491475338,-0.009864354385379725,-0.010078929714814413,-0.010184597741978217,-0.009075243355571588,-0.009307258534841805,-0.009645218954735893,-0.00942120491475338,-0.010495514056004664,-0.009075243355571588,-0.007816392373158692,-0.00859315015257906,-0.007950964003606476,-0.009645218954735893,-0.009864354385379725,-0.008957067691984491,-0.009972193499930792,-0.00942120491475338,-0.00942120491475338,-0.009075243355571588,-0.010797909973901768,-0.008213680384313462,-0.01028923052745987,-0.010495514056004664,1.0,-0.00859315015257906,-0.009075243355571588,-0.009645218954735893,-0.009075243355571588,-0.00942120491475338,-0.009191955268105022,-0.009645218954735893,-0.010184597741978217,-0.01028923052745987,-0.009307258534841805,-0.008957067691984491,-0.009075243355571588,-0.00883736951517705,-0.009972193499930792,-0.008957067691984491,-0.008957067691984491,-0.010078929714814413,-0.008342027626456165,-0.009755375758039437,-0.00942120491475338,-0.009533843098038102,-0.01028923052745987,-0.008957067691984491,-0.009972193499930792,-0.010995122130993223,-0.009307258534841805,-0.009972193499930792,-0.010698012968376313,-0.009307258534841805,-0.010597222916900271,-0.009645218954735893,-0.007679528824216118,-0.008957067691984491,-0.008342027626456165,-0.009191955268105022,-0.010078929714814413,-0.009755375758039437,-0.009645218954735893,-0.010184597741978217,-0.009864354385379725,-0.010078929714814413,-0.009864354385379725,-0.00942120491475338,-0.008342027626456165,-0.008716086057377361,-0.009972193499930792,-0.009307258534841805,-0.009972193499930792,-0.009972193499930792,-0.008957067691984491,-0.009972193499930792,-0.009533843098038102,-0.009191955268105022,-0.009533843098038102,-0.00883736951517705,-0.009972193499930792,-0.009755375758039437,-0.009533843098038102,-0.008213680384313462
41,-0.009038429900796575,-0.00956703231931169,-0.008361959383300166,-0.008706524446098504,-0.00925334245343679,-0.00946357461021257,-0.007627923544876555,-0.008003098607287455,-0.00946357461021257,-0.010166667357752233,-0.008124422730679112,-0.008706524446098504,-0.008706524446098504,-0.008706524446098504,-0.00824401825285406,-0.009038429900796575,-0.009038429900796575,-0.00946357461021257,-0.009669431938556912,-0.009770806769580904,-0.008706524446098504,-0.008929113058991394,-0.00925334245343679,-0.009038429900796575,-0.01006909083566054,-0.008706524446098504,-0.007498819437764577,-0.00824401825285406,-0.007627923544876555,-0.00925334245343679,-0.00946357461021257,-0.00859315015257906,-0.00956703231931169,-0.009038429900796575,-0.009038429900796575,-0.008706524446098504,-0.010359200681580555,-0.00787996599722706,-0.00987118841985369,-0.01006909083566054,-0.00859315015257906,1.0,-0.008706524446098504,-0.00925334245343679,-0.008706524446098504,-0.009038429900796575,-0.008818494459442489,-0.00925334245343679,-0.009770806769580904,-0.00987118841985369,-0.008929113058991394,-0.00859315015257906,-0.008706524446098504,-0.008478315204171024,-0.00956703231931169,-0.00859315015257906,-0.00859315015257906,-0.009669431938556912,-0.008003098607287455,-0.009359023685695708,-0.009038429900796575,-0.00914649169681778,-0.00987118841985369,-0.00859315015257906,-0.00956703231931169,-0.010548400287531668,-0.008929113058991394,-0.00956703231931169,-0.010263362400818042,-0.008929113058991394,-0.010166667357752233,-0.00925334245343679,-0.007367516530728289,-0.00859315015257906,-0.008003098607287455,-0.008818494459442489,-0.009669431938556912,-0.009359023685695708,-0.00925334245343679,-0.009770806769580904,-0.00946357461021257,-0.009669431938556912,-0.00946357461021257,-0.009038429900796575,-0.008003098607287455,-0.008361959383300166,-0.00956703231931169,-0.008929113058991394,-0.00956703231931169,-0.00956703231931169,-0.00859315015257906,-0.00956703231931169,-0.00914649169681778,-0.008818494459442489,-0.00914649169681778,-0.008478315204171024,-0.00956703231931169,-0.009359023685695708,-0.00914649169681778,-0.00787996599722706
42,-0.009545504203413139,-0.01010376229284366,-0.008831082313868149,-0.009194978177573523,-0.009772473787412748,-0.009994500395819473,-0.008055865571797608,-0.008452088718357988,-0.009994500395819473,-0.010737038076665754,-0.008580219371858813,-0.009194978177573523,-0.009194978177573523,-0.009194978177573523,-0.008706524446098504,-0.009545504203413139,-0.009545504203413139,-0.009994500395819473,-0.010211906739020869,-0.010318968904273102,-0.009194978177573523,-0.009430054464419947,-0.009772473787412748,-0.009545504203413139,-0.010633987313203107,-0.009194978177573523,-0.007919518461664388,-0.008706524446098504,-0.008055865571797608,-0.009772473787412748,-0.009994500395819473,-0.009075243355571588,-0.01010376229284366,-0.009545504203413139,-0.009545504203413139,-0.009194978177573523,-0.010940372911595256,-0.008322048118407643,-0.010424982169313745,-0.010633987313203107,-0.009075243355571588,-0.008706524446098504,1.0,-0.009772473787412748,-0.009194978177573523,-0.009545504203413139,-0.009313229936425691,-0.009772473787412748,-0.010318968904273102,-0.010424982169313745,-0.009430054464419947,-0.009075243355571588,-0.009194978177573523,-0.008953965932970674,-0.01010376229284366,-0.009075243355571588,-0.009075243355571588,-0.010211906739020869,-0.008452088718357988,-0.00988408395176889,-0.009545504203413139,-0.009659628486000969,-0.010424982169313745,-0.009075243355571588,-0.01010376229284366,-0.011140187000293482,-0.009430054464419947,-0.01010376229284366,-0.010839157908336136,-0.009430054464419947,-0.010737038076665754,-0.009772473787412748,-0.007780849194458501,-0.009075243355571588,-0.008452088718357988,-0.009313229936425691,-0.010211906739020869,-0.00988408395176889,-0.009772473787412748,-0.010318968904273102,-0.009994500395819473,-0.010211906739020869,-0.009994500395819473,-0.009545504203413139,-0.008452088718357988,-0.008831082313868149,-0.01010376229284366,-0.009430054464419947,-0.01010376229284366,-0.01010376229284366,-0.009075243355571588,-0.01010376229284366,-0.009659628486000969,-0.009313229936425691,-0.009659628486000969,-0.008953965932970674,-0.01010376229284366,-0.00988408395176889,-0.009659628486000969,-0.008322048118407643
43,-0.01014501479111827,-0.010738334583749967,-0.009385723245896278,-0.009772473787412748,-0.010386239323394593,-0.010622210433805148,-0.00856181859434146,-0.008982926751310388,-0.010622210433805148,-0.011411383597906277,-0.009119104720253792,-0.009772473787412748,-0.009772473787412748,-0.009772473787412748,-0.00925334245343679,-0.01014501479111827,-0.01014501479111827,-0.010622210433805148,-0.010853271100739062,-0.010967057363560535,-0.009772473787412748,-0.010022314168421162,-0.010386239323394593,-0.01014501479111827,-0.011301860675147442,-0.009772473787412748,-0.008416908129734139,-0.00925334245343679,-0.00856181859434146,-0.010386239323394593,-0.010622210433805148,-0.009645218954735893,-0.010738334583749967,-0.01014501479111827,-0.01014501479111827,-0.009772473787412748,-0.011627488987831286,-0.008844718880691,-0.011079728849421646,-0.011301860675147442,-0.009645218954735893,-0.00925334245343679,-0.009772473787412748,1.0,-0.009772473787412748,-0.01014501479111827,-0.009898152412351391,-0.010386239323394593,-0.010967057363560535,-0.011079728849421646,-0.010022314168421162,-0.009645218954735893,-0.009772473787412748,-0.00951632463758971,-0.010738334583749967,-0.009645218954735893,-0.009645218954735893,-0.010853271100739062,-0.008982926751310388,-0.010504859224879454,-0.01014501479111827,-0.01026630671139895,-0.011079728849421646,-0.009645218954735893,-0.010738334583749967,-0.011839852509141399,-0.010022314168421162,-0.010738334583749967,-0.011519917121194873,-0.010022314168421162,-0.011411383597906277,-0.010386239323394593,-0.008269529663715103,-0.009645218954735893,-0.008982926751310388,-0.009898152412351391,-0.010853271100739062,-0.010504859224879454,-0.010386239323394593,-0.010967057363560535,-0.010622210433805148,-0.010853271100739062,-0.010622210433805148,-0.01014501479111827,-0.008982926751310388,-0.009385723245896278,-0.010738334583749967,-0.010022314168421162,-0.010738334583749967,-0.010738334583749967,-0.009645218954735893,-0.010738334583749967,-0.01026630671139895,-0.009898152412351391,-0.01026630671139895,-0.00951632463758971,-0.010738334583749967,-0.010504859224879454,-0.01026630671139895,-0.008844718880691
44,-0.009545504203413139,-0.01010376229284366,-0.008831082313868149,-0.009194978177573523,-0.009772473787412748,-0.009994500395819473,-0.008055865571797608,-0.008452088718357988,-0.009994500395819473,-0.010737038076665754,-0.008580219371858813,-0.009194978177573523,-0.009194978177573523,-0.009194978177573523,-0.008706524446098504,-0.009545504203413139,-0.009545504203413139,-0.009994500395819473,-0.010211906739020869,-0.010318968904273102,-0.009194978177573523,-0.009430054464419947,-0.009772473787412748,-0.009545504203413139,-0.010633987313203107,-0.009194978177573523,-0.007919518461664388,-0.008706524446098504,-0.008055865571797608,-0.009772473787412748,-0.009994500395819473,-0.009075243355571588,-0.01010376229284366,-0.009545504203413139,-0.009545504203413139,-0.009194978177573523,-0.010940372911595256,-0.008322048118407643,-0.010424982169313745,-0.010633987313203107,-0.009075243355571588,-0.008706524446098504,-0.009194978177573523,-0.009772473787412748,1.0,-0.009545504203413139,-0.009313229936425691,-0.009772473787412748,-0.010318968904273102,-0.010424982169313745,-0.009430054464419947,-0.009075243355571588,-0.009194978177573523,-0.008953965932970674,-0.01010376229284366,-0.009075243355571588,-0.009075243355571588,-0.010211906739020869,-0.008452088718357988,-0.00988408395176889,-0.009545504203413139,-0.009659628486000969,-0.010424982169313745,-0.009075243355571588,-0.01010376229284366,-0.011140187000293482,-0.009430054464419947,-0.01010376229284366,-0.010839157908336136,-0.009430054464419947,-0.010737038076665754,-0.009772473787412748,-0.007780849194458501,-0.009075243355571588,-0.008452088718357988,-0.009313229936425691,-0.010211906739020869,-0.00988408395176889,-0.009772473787412748,-0.010318968904273102,-0.009994500395819473,-0.010211906739020869,-0.009994500395819473,-0.009545504203413139,-0.008452088718357988,-0.008831082313868149,-0.01010376229284366,-0.009430054464419947,-0.01010376229284366,-0.01010376229284366,-0.009075243355571588,-0.01010376229284366,-0.009659628486000969,-0.009313229936425691,-0.009659628486000969,-0.008953965932970674,-0.01010376229284366,-0.00988408395176889,-0.009659628486000969,-0.008322048118407643
45,-0.009909392794385382,-0.010488932499247918,-0.009167736096787688,-0.009545504203413139,-0.01014501479111827,-0.010375505378794163,-0.008362966957907215,-0.008774294710724105,-0.010375505378794163,-0.011146349682807647,-0.00890730989226758,-0.009545504203413139,-0.009545504203413139,-0.009545504203413139,-0.009038429900796575,-0.009909392794385382,-0.009909392794385382,-0.010375505378794163,-0.010601199569992913,-0.010712343101680052,-0.009545504203413139,-0.009789541942370281,-0.01014501479111827,-0.009909392794385382,-0.011039370473417374,-0.009545504203413139,-0.00822142209637897,-0.009038429900796575,-0.008362966957907215,-0.01014501479111827,-0.010375505378794163,-0.00942120491475338,-0.010488932499247918,-0.009909392794385382,-0.009909392794385382,-0.009545504203413139,-0.01135743593924421,-0.008639296772777074,-0.010822397747544373,-0.011039370473417374,-0.00942120491475338,-0.009038429900796575,-0.009545504203413139,-0.01014501479111827,-0.009545504203413139,1.0,-0.009668263892385261,-0.01014501479111827,-0.010712343101680052,-0.010822397747544373,-0.009789541942370281,-0.00942120491475338,-0.009545504203413139,-0.009295304219302069,-0.010488932499247918,-0.00942120491475338,-0.00942120491475338,-0.010601199569992913,-0.008774294710724105,-0.010260879698291583,-0.009909392794385382,-0.01002786766165702,-0.010822397747544373,-0.00942120491475338,-0.010488932499247918,-0.011564867233450219,-0.009789541942370281,-0.010488932499247918,-0.011252362471923228,-0.009789541942370281,-0.011146349682807647,-0.01014501479111827,-0.008077466553751751,-0.00942120491475338,-0.008774294710724105,-0.009668263892385261,-0.010601199569992913,-0.010260879698291583,-0.01014501479111827,-0.010712343101680052,-0.010375505378794163,-0.010601199569992913,-0.010375505378794163,-0.009909392794385382,-0.008774294710724105,-0.009167736096787688,-0.010488932499247918,-0.009789541942370281,-0.010488932499247918,-0.010488932499247918,-0.00942120491475338,-0.010488932499247918,-0.01002786766165702,-0.009668263892385261,-0.01002786766165702,-0.009295304219302069,-0.010488932499247918,-0.010260879698291583,-0.01002786766165702,-0.008639296772777074
46,-0.009668263892385261,-0.010233701444310824,-0.008944654200175636,-0.009313229936425691,-0.009898152412351391,-0.010123034387725719,-0.008159467804945388,-0.008560786568164537,-0.010123034387725719,-0.01087512145358177,-0.008690565042339515,-0.009313229936425691,-0.009313229936425691,-0.009313229936425691,-0.008818494459442489,-0.009668263892385261,-0.009668263892385261,-0.010123034387725719,-0.010343236679103683,-0.010451675714328104,-0.009313229936425691,-0.009551329415263135,-0.009898152412351391,-0.009668263892385261,-0.010770745408667102,-0.009313229936425691,-0.008021367206628043,-0.008818494459442489,-0.008159467804945388,-0.009898152412351391,-0.010123034387725719,-0.009191955268105022,-0.010233701444310824,-0.009668263892385261,-0.009668263892385261,-0.009313229936425691,-0.011081071270450544,-0.008429073584727324,-0.01055905235998919,-0.010770745408667102,-0.009191955268105022,-0.008818494459442489,-0.009313229936425691,-0.009898152412351391,-0.009313229936425691,-0.009668263892385261,1.0,-0.009898152412351391,-0.010451675714328104,-0.01055905235998919,-0.009551329415263135,-0.009191955268105022,-0.009313229936425691,-0.009069118160613654,-0.010233701444310824,-0.009191955268105022,-0.009191955268105022,-0.010343236679103683,-0.008560786568164537,-0.010011197936094582,-0.009668263892385261,-0.009783855867107113,-0.01055905235998919,-0.009191955268105022,-0.010233701444310824,-0.011283455062629916,-0.009551329415263135,-0.010233701444310824,-0.010978554594481984,-0.009551329415263135,-0.01087512145358177,-0.009898152412351391,-0.007880914587202154,-0.009191955268105022,-0.008560786568164537,-0.009433002468704571,-0.010343236679103683,-0.010011197936094582,-0.009898152412351391,-0.010451675714328104,-0.010123034387725719,-0.010343236679103683,-0.010123034387725719,-0.009668263892385261,-0.008560786568164537,-0.008944654200175636,-0.010233701444310824,-0.009551329415263135,-0.010233701444310824,-0.010233701444310824,-0.009191955268105022,-0.010233701444310824,-0.009783855867107113,-0.009433002468704571,-0.009783855867107113,-0.009069118160613654,-0.010233701444310824,-0.010011197936094582,-0.009783855867107113,-0.008429073584727324
47,-0.01014501479111827,-0.010738334583749967,-0.009385723245896278,-0.009772473787412748,-0.010386239323394593,-0.010622210433805148,-0.00856181859434146,-0.008982926751310388,-0.010622210433805148,-0.011411383597906277,-0.009119104720253792,-0.009772473787412748,-0.009772473787412748,-0.009772473787412748,-0.00925334245343679,-0.01014501479111827,-0.01014501479111827,-0.010622210433805148,-0.010853271100739062,-0.010967057363560535,-0.009772473787412748,-0.010022314168421162,-0.010386239323394593,-0.01014501479111827,-0.011301860675147442,-0.009772473787412748,-0.008416908129734139,-0.00925334245343679,-0.00856181859434146,-0.010386239323394593,-0.010622210433805148,-0.009645218954735893,-0.010738334583749967,-0.01014501479111827,-0.01014501479111827,-0.009772473787412748,-0.011627488987831286,-0.008844718880691,-0.011079728849421646,-0.011301860675147442,-0.009645218954735893,-0.00925334245343679,-0.009772473787412748,-0.010386239323394593,-0.009772473787412748,-0.01014501479111827,-0.009898152412351391,1.0,-0.010967057363560535,-0.011079728849421646,-0.010022314168421162,-0.009645218954735893,-0.009772473787412748,-0.00951632463758971,-0.010738334583749967,-0.009645218954735893,-0.009645218954735893,-0.010853271100739062,-0.008982926751310388,-0.010504859224879454,-0.01014501479111827,-0.01026630671139895,-0.011079728849421646,-0.009645218954735893,-0.010738334583749967,-0.011839852509141399,-0.010022314168421162,-0.010738334583749967,-0.011519917121194873,-0.010022314168421162,-0.011411383597906277,-0.010386239323394593,-0.008269529663715103,-0.009645218954735893,-0.008982926751310388,-0.009898152412351391,-0.010853271100739062,-0.010504859224879454,-0.010386239323394593,-0.010967057363560535,-0.010622210433805148,-0.010853271100739062,-0.010622210433805148,-0.01014501479111827,-0.008982926751310388,-0.009385723245896278,-0.010738334583749967,-0.010022314168421162,-0.010738334583749967,-0.010738334583749967,-0.009645218954735893,-0.010738334583749967,-0.01026630671139895,-0.009898152412351391,-0.01026630671139895,-0.00951632463758971,-0.010738334583749967,-0.010504859224879454,-0.01026630671139895,-0.008844718880691
48,-0.010712343101680052,-0.011338842453189406,-0.009910590544971735,-0.010318968904273102,-0.010967057363560535,-0.011216224422342484,-0.009040611595482941,-0.009485268912721806,-0.011216224422342484,-0.01204952963426696,-0.009629062209848275,-0.010318968904273102,-0.010318968904273102,-0.010318968904273102,-0.009770806769580904,-0.010712343101680052,-0.010712343101680052,-0.011216224422342484,-0.011460206436411706,-0.011580355841089627,-0.010318968904273102,-0.010582780829353752,-0.010967057363560535,-0.010712343101680052,-0.011933881983647603,-0.010318968904273102,-0.008887597465108628,-0.009770806769580904,-0.009040611595482941,-0.010967057363560535,-0.011216224422342484,-0.010184597741978217,-0.011338842453189406,-0.010712343101680052,-0.010712343101680052,-0.010318968904273102,-0.012277720044105078,-0.00933933219799926,-0.011699328128382596,-0.011933881983647603,-0.010184597741978217,-0.009770806769580904,-0.010318968904273102,-0.010967057363560535,-0.010318968904273102,-0.010712343101680052,-0.010451675714328104,-0.010967057363560535,1.0,-0.011699328128382596,-0.010582780829353752,-0.010184597741978217,-0.010318968904273102,-0.010048495412158501,-0.011338842453189406,-0.010184597741978217,-0.010184597741978217,-0.011460206436411706,-0.009485268912721806,-0.011092310713068295,-0.010712343101680052,-0.010840417894300935,-0.011699328128382596,-0.010184597741978217,-0.011338842453189406,-0.012501959332996655,-0.010582780829353752,-0.011338842453189406,-0.012164132556336575,-0.010582780829353752,-0.01204952963426696,-0.010967057363560535,-0.008731977318041186,-0.010184597741978217,-0.009485268912721806,-0.010451675714328104,-0.011460206436411706,-0.011092310713068295,-0.010967057363560535,-0.011580355841089627,-0.011216224422342484,-0.011460206436411706,-0.011216224422342484,-0.010712343101680052,-0.009485268912721806,-0.009910590544971735,-0.011338842453189406,-0.010582780829353752,-0.011338842453189406,-0.011338842453189406,-0.010184597741978217,-0.011338842453189406,-0.010840417894300935,-0.010451675714328104,-0.010840417894300935,-0.010048495412158501,-0.011338842453189406,-0.011092310713068295,-0.010840417894300935,-0.00933933219799926
49,-0.010822397747544373,-0.0114553335213761,-0.010012408281985973,-0.010424982169313745,-0.011079728849421646,-0.011331455758290084,-0.009133491490954332,-0.009582717052798064,-0.011331455758290084,-0.012173322039359263,-0.00972798762900743,-0.010424982169313745,-0.010424982169313745,-0.010424982169313745,-0.00987118841985369,-0.010822397747544373,-0.010822397747544373,-0.011331455758290084,-0.011577944353216619,-0.011699328128382596,-0.010424982169313745,-0.010691504400413719,-0.011079728849421646,-0.010822397747544373,-0.012056486267605884,-0.010424982169313745,-0.008978905350071138,-0.00987118841985369,-0.009133491490954332,-0.011079728849421646,-0.011331455758290084,-0.01028923052745987,-0.0114553335213761,-0.010822397747544373,-0.010822397747544373,-0.010424982169313745,-0.012403856792961016,-0.00943528103831402,-0.011819522692895535,-0.012056486267605884,-0.01028923052745987,-0.00987118841985369,-0.010424982169313745,-0.011079728849421646,-0.010424982169313745,-0.010822397747544373,-0.01055905235998919,-0.011079728849421646,-0.011699328128382596,1.0,-0.010691504400413719,-0.01028923052745987,-0.010424982169313745,-0.010151729932707129,-0.0114553335213761,-0.01028923052745987,-0.01028923052745987,-0.011577944353216619,-0.009582717052798064,-0.011206269005456472,-0.010822397747544373,-0.010951788333153986,-0.011819522692895535,-0.01028923052745987,-0.0114553335213761,-0.012630399833262864,-0.010691504400413719,-0.0114553335213761,-0.012289102349408672,-0.010691504400413719,-0.012173322039359263,-0.011079728849421646,-0.008821686419244412,-0.01028923052745987,-0.009582717052798064,-0.01055905235998919,-0.011577944353216619,-0.011206269005456472,-0.011079728849421646,-0.011699328128382596,-0.011331455758290084,-0.011577944353216619,-0.011331455758290084,-0.010822397747544373,-0.009582717052798064,-0.010012408281985973,-0.0114553335213761,-0.010691504400413719,-0.0114553335213761,-0.0114553335213761,-0.01028923052745987,-0.0114553335213761,-0.010951788333153986,-0.01055905235998919,-0.010951788333153986,-0.010151729932707129,-0.0114553335213761,-0.011206269005456472,-0.010951788333153986,-0.00943528103831402
50,-0.009789541942370281,-0.010362072304799273,-0.009056855339000776,-0.009430054464419947,-0.010022314168421162,-0.010250017048122652,-0.008261819618602307,-0.008668172497311825,-0.010250017048122652,-0.011011538243392342,-0.00879957890391119,-0.009430054464419947,-0.009430054464419947,-0.009430054464419947,-0.008929113058991394,-0.009789541942370281,-0.009789541942370281,-0.010250017048122652,-0.01047298154218745,-0.010582780829353752,-0.009430054464419947,-0.009671140647056261,-0.010022314168421162,-0.009789541942370281,-0.010905852912412115,-0.009430054464419947,-0.008121986695696793,-0.008929113058991394,-0.008261819618602307,-0.010022314168421162,-0.010250017048122652,-0.009307258534841805,-0.010362072304799273,-0.009789541942370281,-0.009789541942370281,-0.009430054464419947,-0.011220071480869264,-0.00853480731509655,-0.010691504400413719,-0.010905852912412115,-0.009307258534841805,-0.008929113058991394,-0.009430054464419947,-0.010022314168421162,-0.009430054464419947,-0.009789541942370281,-0.009551329415263135,-0.010022314168421162,-0.010582780829353752,-0.010691504400413719,1.0,-0.009307258534841805,-0.009430054464419947,-0.009182880566961421,-0.010362072304799273,-0.009307258534841805,-0.009307258534841805,-0.01047298154218745,-0.008668172497311825,-0.010136777727587436,-0.009789541942370281,-0.009906583895024494,-0.010691504400413719,-0.009307258534841805,-0.010362072304799273,-0.01142499396168367,-0.009671140647056261,-0.010362072304799273,-0.011116268842633767,-0.009671140647056261,-0.011011538243392342,-0.010022314168421162,-0.007979772248088629,-0.009307258534841805,-0.008668172497311825,-0.009551329415263135,-0.01047298154218745,-0.010136777727587436,-0.010022314168421162,-0.010582780829353752,-0.010250017048122652,-0.01047298154218745,-0.010250017048122652,-0.009789541942370281,-0.008668172497311825,-0.009056855339000776,-0.010362072304799273,-0.009671140647056261,-0.010362072304799273,-0.010362072304799273,-0.009307258534841805,-0.010362072304799273,-0.009906583895024494,-0.009551329415263135,-0.009906583895024494,-0.009182880566961421,-0.010362072304799273,-0.010136777727587436,-0.009906583895024494,-0.00853480731509655
51,-0.00942120491475338,-0.009972193499930792,-0.008716086057377361,-0.009075243355571588,-0.009645218954735893,-0.009864354385379725,-0.007950964003606476,-0.008342027626456165,-0.009864354385379725,-0.010597222916900271,-0.008468489793018402,-0.009075243355571588,-0.009075243355571588,-0.009075243355571588,-0.00859315015257906,-0.00942120491475338,-0.00942120491475338,-0.009864354385379725,-0.010078929714814413,-0.010184597741978217,-0.009075243355571588,-0.009307258534841805,-0.009645218954735893,-0.00942120491475338,-0.010495514056004664,-0.009075243355571588,-0.007816392373158692,-0.00859315015257906,-0.007950964003606476,-0.009645218954735893,-0.009864354385379725,-0.008957067691984491,-0.009972193499930792,-0.00942120491475338,-0.00942120491475338,-0.009075243355571588,-0.010797909973901768,-0.008213680384313462,-0.01028923052745987,-0.010495514056004664,-0.008957067691984491,-0.00859315015257906,-0.009075243355571588,-0.009645218954735893,-0.009075243355571588,-0.00942120491475338,-0.009191955268105022,-0.009645218954735893,-0.010184597741978217,-0.01028923052745987,-0.009307258534841805,1.0,-0.009075243355571588,-0.00883736951517705,-0.009972193499930792,-0.008957067691984491,-0.008957067691984491,-0.010078929714814413,-0.008342027626456165,-0.009755375758039437,-0.00942120491475338,-0.009533843098038102,-0.01028923052745987,-0.008957067691984491,-0.009972193499930792,-0.010995122130993223,-0.009307258534841805,-0.009972193499930792,-0.010698012968376313,-0.009307258534841805,-0.010597222916900271,-0.009645218954735893,-0.007679528824216118,-0.008957067691984491,-0.008342027626456165,-0.009191955268105022,-0.010078929714814413,-0.009755375758039437,-0.009645218954735893,-0.010184597741978217,-0.009864354385379725,-0.010078929714814413,-0.009864354385379725,-0.00942120491475338,-0.008342027626456165,-0.008716086057377361,-0.009972193499930792,-0.009307258534841805,-0.009972193499930792,-0.009972193499930792,-0.008957067691984491,-0.009972193499930792,-0.009533843098038102,-0.009191955268105022,-0.009533843098038102,-0.00883736951517705,-0.009972193499930792,-0.009755375758039437,-0.009533843098038102,-0.008213680384313462
52,-0.009545504203413139,-0.01010376229284366,-0.008831082313868149,-0.009194978177573523,-0.009772473787412748,-0.009994500395819473,-0.008055865571797608,-0.008452088718357988,-0.009994500395819473,-0.010737038076665754,-0.008580219371858813,-0.009194978177573523,-0.009194978177573523,-0.009194978177573523,-0.008706524446098504,-0.009545504203413139,-0.009545504203413139,-0.009994500395819473,-0.010211906739020869,-0.010318968904273102,-0.009194978177573523,-0.009430054464419947,-0.009772473787412748,-0.009545504203413139,-0.010633987313203107,-0.009194978177573523,-0.007919518461664388,-0.008706524446098504,-0.008055865571797608,-0.009772473787412748,-0.009994500395819473,-0.009075243355571588,-0.01010376229284366,-0.009545504203413139,-0.009545504203413139,-0.009194978177573523,-0.010940372911595256,-0.008322048118407643,-0.010424982169313745,-0.010633987313203107,-0.009075243355571588,-0.008706524446098504,-0.009194978177573523,-0.009772473787412748,-0.009194978177573523,-0.009545504203413139,-0.009313229936425691,-0.009772473787412748,-0.010318968904273102,-0.010424982169313745,-0.009430054464419947,-0.009075243355571588,1.0,-0.008953965932970674,-0.01010376229284366,-0.009075243355571588,-0.009075243355571588,-0.010211906739020869,-0.008452088718357988,-0.00988408395176889,-0.009545504203413139,-0.009659628486000969,-0.010424982169313745,-0.009075243355571588,-0.01010376229284366,-0.011140187000293482,-0.009430054464419947,-0.01010376229284366,-0.010839157908336136,-0.009430054464419947,-0.010737038076665754,-0.009772473787412748,-0.007780849194458501,-0.009075243355571588,-0.008452088718357988,-0.009313229936425691,-0.010211906739020869,-0.00988408395176889,-0.009772473787412748,-0.010318968904273102,-0.009994500395819473,-0.010211906739020869,-0.009994500395819473,-0.009545504203413139,-0.008452088718357988,-0.008831082313868149,-0.01010376229284366,-0.009430054464419947,-0.01010376229284366,-0.01010376229284366,-0.009075243355571588,-0.01010376229284366,-0.009659628486000969,-0.009313229936425691,-0.009659628486000969,-0.008953965932970674,-0.01010376229284366,-0.00988408395176889,-0.009659628486000969,-0.008322048118407643
53,-0.009295304219302069,-0.009838929643749274,-0.008599608249478414,-0.008953965932970674,-0.00951632463758971,-0.009732531642053907,-0.007844710938672629,-0.008230548565216324,-0.009732531642053907,-0.010455606452004046,-0.008355320748930027,-0.008953965932970674,-0.008953965932970674,-0.008953965932970674,-0.008478315204171024,-0.009295304219302069,-0.009295304219302069,-0.009732531642053907,-0.009944239484426484,-0.010048495412158501,-0.008953965932970674,-0.009182880566961421,-0.00951632463758971,-0.009295304219302069,-0.010355256782043803,-0.008953965932970674,-0.0077119376622586085,-0.008478315204171024,-0.007844710938672629,-0.00951632463758971,-0.009732531642053907,-0.00883736951517705,-0.009838929643749274,-0.009295304219302069,-0.009295304219302069,-0.008953965932970674,-0.010653611618496508,-0.008103916497214429,-0.010151729932707129,-0.010355256782043803,-0.00883736951517705,-0.008478315204171024,-0.008953965932970674,-0.00951632463758971,-0.008953965932970674,-0.009295304219302069,-0.009069118160613654,-0.00951632463758971,-0.010048495412158501,-0.010151729932707129,-0.009182880566961421,-0.00883736951517705,-0.008953965932970674,1.0,-0.009838929643749274,-0.00883736951517705,-0.00883736951517705,-0.009944239484426484,-0.008230548565216324,-0.009625009355499706,-0.009295304219302069,-0.00940643715716031,-0.010151729932707129,-0.00883736951517705,-0.009838929643749274,-0.010848188322060104,-0.009182880566961421,-0.009838929643749274,-0.010555049591095713,-0.009182880566961421,-0.010455606452004046,-0.00951632463758971,-0.007576903095505652,-0.00883736951517705,-0.008230548565216324,-0.009069118160613654,-0.009944239484426484,-0.009625009355499706,-0.00951632463758971,-0.010048495412158501,-0.009732531642053907,-0.009944239484426484,-0.009732531642053907,-0.009295304219302069,-0.008230548565216324,-0.008599608249478414,-0.009838929643749274,-0.009182880566961421,-0.009838929643749274,-0.009838929643749274,-0.00883736951517705,-0.009838929643749274,-0.00940643715716031,-0.009069118160613654,-0.00940643715716031,-0.008719270930336946,-0.009838929643749274,-0.009625009355499706,-0.00940643715716031,-0.008103916497214429
54,-0.010488932499247918,-0.011102365932664887,-0.00970390084290617,-0.01010376229284366,-0.010738334583749967,-0.010982305154501206,-0.008852065685056955,-0.009287449479390772,-0.010982305154501206,-0.011798231421629125,-0.009428243904390777,-0.01010376229284366,-0.01010376229284366,-0.01010376229284366,-0.00956703231931169,-0.010488932499247918,-0.010488932499247918,-0.010982305154501206,-0.011221198816915853,-0.011338842453189406,-0.01010376229284366,-0.010362072304799273,-0.010738334583749967,-0.010488932499247918,-0.011684995653363561,-0.01010376229284366,-0.008702242731320945,-0.00956703231931169,-0.008852065685056955,-0.010738334583749967,-0.010982305154501206,-0.009972193499930792,-0.011102365932664887,-0.010488932499247918,-0.010488932499247918,-0.01010376229284366,-0.012021662820628318,-0.009144556338706476,-0.0114553335213761,-0.011684995653363561,-0.009972193499930792,-0.00956703231931169,-0.01010376229284366,-0.010738334583749967,-0.01010376229284366,-0.010488932499247918,-0.010233701444310824,-0.010738334583749967,-0.011338842453189406,-0.0114553335213761,-0.010362072304799273,-0.009972193499930792,-0.01010376229284366,-0.009838929643749274,1.0,-0.009972193499930792,-0.009972193499930792,-0.011221198816915853,-0.009287449479390772,-0.010860975719850762,-0.010488932499247918,-0.010614336236031231,-0.0114553335213761,-0.009972193499930792,-0.011102365932664887,-0.012241225501037073,-0.010362072304799273,-0.011102365932664887,-0.011910444249615957,-0.010362072304799273,-0.011798231421629125,-0.010738334583749967,-0.008549868110510167,-0.009972193499930792,-0.009287449479390772,-0.010233701444310824,-0.011221198816915853,-0.010860975719850762,-0.010738334583749967,-0.011338842453189406,-0.010982305154501206,-0.011221198816915853,-0.010982305154501206,-0.010488932499247918,-0.009287449479390772,-0.00970390084290617,-0.011102365932664887,-0.010362072304799273,-0.011102365932664887,-0.011102365932664887,-0.009972193499930792,-0.011102365932664887,-0.010614336236031231,-0.010233701444310824,-0.010614336236031231,-0.009838929643749274,-0.011102365932664887,-0.010860975719850762,-0.010614336236031231,-0.009144556338706476
55,-0.00942120491475338,-0.009972193499930792,-0.008716086057377361,-0.009075243355571588,-0.009645218954735893,-0.009864354385379725,-0.007950964003606476,-0.008342027626456165,-0.009864354385379725,-0.010597222916900271,-0.008468489793018402,-0.009075243355571588,-0.009075243355571588,-0.009075243355571588,-0.00859315015257906,-0.00942120491475338,-0.00942120491475338,-0.009864354385379725,-0.010078929714814413,-0.010184597741978217,-0.009075243355571588,-0.009307258534841805,-0.009645218954735893,-0.00942120491475338,-0.010495514056004664,-0.009075243355571588,-0.007816392373158692,-0.00859315015257906,-0.007950964003606476,-0.009645218954735893,-0.009864354385379725,-0.008957067691984491,-0.009972193499930792,-0.00942120491475338,-0.00942120491475338,-0.009075243355571588,-0.010797909973901768,-0.008213680384313462,-0.01028923052745987,-0.010495514056004664,-0.008957067691984491,-0.00859315015257906,-0.009075243355571588,-0.009645218954735893,-0.009075243355571588,-0.00942120491475338,-0.009191955268105022,-0.009645218954735893,-0.010184597741978217,-0.01028923052745987,-0.009307258534841805,-0.008957067691984491,-0.009075243355571588,-0.00883736951517705,-0.009972193499930792,1.0,-0.008957067691984491,-0.010078929714814413,-0.008342027626456165,-0.009755375758039437,-0.00942120491475338,-0.009533843098038102,-0.01028923052745987,-0.008957067691984491,-0.009972193499930792,-0.010995122130993223,-0.009307258534841805,-0.009972193499930792,-0.010698012968376313,-0.009307258534841805,-0.010597222916900271,-0.009645218954735893,-0.007679528824216118,-0.008957067691984491,-0.008342027626456165,-0.009191955268105022,-0.010078929714814413,-0.009755375758039437,-0.009645218954735893,-0.010184597741978217,-0.009864354385379725,-0.010078929714814413,-0.009864354385379725,-0.00942120491475338,-0.008342027626456165,-0.008716086057377361,-0.009972193499930792,-0.009307258534841805,-0.009972193499930792,-0.009972193499930792,-0.008957067691984491,-0.009972193499930792,-0.009533843098038102,-0.009191955268105022,-0.009533843098038102,-0.00883736951517705,-0.009972193499930792,-0.009755375758039437,-0.009533843098038102,-0.008213680384313462
56,-0.00942120491475338,-0.009972193499930792,-0.008716086057377361,-0.009075243355571588,-0.009645218954735893,-0.009864354385379725,-0.007950964003606476,-0.008342027626456165,-0.009864354385379725,-0.010597222916900271,-0.008468489793018402,-0.009075243355571588,-0.009075243355571588,-0.009075243355571588,-0.00859315015257906,-0.00942120491475338,-0.00942120491475338,-0.009864354385379725,-0.010078929714814413,-0.010184597741978217,-0.009075243355571588,-0.009307258534841805,-0.009645218954735893,-0.00942120491475338,-0.010495514056004664,-0.009075243355571588,-0.007816392373158692,-0.00859315015257906,-0.007950964003606476,-0.009645218954735893,-0.009864354385379725,-0.008957067691984491,-0.009972193499930792,-0.00942120491475338,-0.00942120491475338,-0.009075243355571588,-0.010797909973901768,-0.008213680384313462,-0.01028923052745987,-0.010495514056004664,-0.008957067691984491,-0.00859315015257906,-0.009075243355571588,-0.009645218954735893,-0.009075243355571588,-0.00942120491475338,-0.009191955268105022,-0.009645218954735893,-0.010184597741978217,-0.01028923052745987,-0.009307258534841805,-0.008957067691984491,-0.009075243355571588,-0.00883736951517705,-0.009972193499930792,-0.008957067691984491,1.0,-0.010078929714814413,-0.008342027626456165,-0.009755375758039437,-0.00942120491475338,-0.009533843098038102,-0.01028923052745987,-0.008957067691984491,-0.009972193499930792,-0.010995122130993223,-0.009307258534841805,-0.009972193499930792,-0.010698012968376313,-0.009307258534841805,-0.010597222916900271,-0.009645218954735893,-0.007679528824216118,-0.008957067691984491,-0.008342027626456165,-0.009191955268105022,-0.010078929714814413,-0.009755375758039437,-0.009645218954735893,-0.010184597741978217,-0.009864354385379725,-0.010078929714814413,-0.009864354385379725,-0.00942120491475338,-0.008342027626456165,-0.008716086057377361,-0.009972193499930792,-0.009307258534841805,-0.009972193499930792,-0.009972193499930792,-0.008957067691984491,-0.009972193499930792,-0.009533843098038102,-0.009191955268105022,-0.009533843098038102,-0.00883736951517705,-0.009972193499930792,-0.009755375758039437,-0.009533843098038102,-0.008213680384313462
57,-0.010601199569992913,-0.011221198816915853,-0.009807765418496782,-0.010211906739020869,-0.010853271100739062,-0.011099852982157828,-0.00894681274197384,-0.00938685661618168,-0.011099852982157828,-0.011924512421318353,-0.009529158017956786,-0.010211906739020869,-0.010211906739020869,-0.010211906739020869,-0.009669431938556912,-0.010601199569992913,-0.010601199569992913,-0.011099852982157828,-0.011341303615141284,-0.011460206436411706,-0.010211906739020869,-0.01047298154218745,-0.010853271100739062,-0.010601199569992913,-0.011810064647159184,-0.010211906739020869,-0.008795386175654044,-0.009669431938556912,-0.00894681274197384,-0.010853271100739062,-0.011099852982157828,-0.010078929714814413,-0.011221198816915853,-0.010601199569992913,-0.010601199569992913,-0.010211906739020869,-0.012150335292345792,-0.009242434035362714,-0.011577944353216619,-0.011810064647159184,-0.010078929714814413,-0.009669431938556912,-0.010211906739020869,-0.010853271100739062,-0.010211906739020869,-0.010601199569992913,-0.010343236679103683,-0.010853271100739062,-0.011460206436411706,-0.011577944353216619,-0.01047298154218745,-0.010078929714814413,-0.010211906739020869,-0.009944239484426484,-0.011221198816915853,-0.010078929714814413,-0.010078929714814413,1.0,-0.00938685661618168,-0.010977224911995683,-0.010601199569992913,-0.010727945551107588,-0.011577944353216619,-0.010078929714814413,-0.011221198816915853,-0.012372248036402696,-0.01047298154218745,-0.011221198816915853,-0.012037926306276332,-0.01047298154218745,-0.011924512421318353,-0.010853271100739062,-0.008641380630787312,-0.010078929714814413,-0.00938685661618168,-0.010343236679103683,-0.011341303615141284,-0.010977224911995683,-0.010853271100739062,-0.011460206436411706,-0.011099852982157828,-0.011341303615141284,-0.011099852982157828,-0.010601199569992913,-0.00938685661618168,-0.009807765418496782,-0.011221198816915853,-0.01047298154218745,-0.011221198816915853,-0.011221198816915853,-0.010078929714814413,-0.011221198816915853,-0.010727945551107588,-0.010343236679103683,-0.010727945551107588,-0.009944239484426484,-0.011221198816915853,-0.010977224911995683,-0.010727945551107588,-0.009242434035362714
58,-0.008774294710724105,-0.009287449479390772,-0.008117593076836738,-0.008452088718357988,-0.008982926751310388,-0.009187015173909012,-0.007405008386215352,-0.007769219493878797,-0.009187015173909012,-0.009869561041232945,-0.007886998093242038,-0.008452088718357988,-0.008452088718357988,-0.008452088718357988,-0.008003098607287455,-0.008774294710724105,-0.008774294710724105,-0.009187015173909012,-0.00938685661618168,-0.009485268912721806,-0.008452088718357988,-0.008668172497311825,-0.008982926751310388,-0.008774294710724105,-0.009774836053477655,-0.008452088718357988,-0.007279677162031651,-0.008003098607287455,-0.007405008386215352,-0.008982926751310388,-0.009187015173909012,-0.008342027626456165,-0.009287449479390772,-0.008774294710724105,-0.008774294710724105,-0.008452088718357988,-0.01005646785396998,-0.007649685258283815,-0.009582717052798064,-0.009774836053477655,-0.008342027626456165,-0.008003098607287455,-0.008452088718357988,-0.008982926751310388,-0.008452088718357988,-0.008774294710724105,-0.008560786568164537,-0.008982926751310388,-0.009485268912721806,-0.009582717052798064,-0.008668172497311825,-0.008342027626456165,-0.008452088718357988,-0.008230548565216324,-0.009287449479390772,-0.008342027626456165,-0.008342027626456165,-0.00938685661618168,1.0,-0.009085519600666944,-0.008774294710724105,-0.008879198555270895,-0.009582717052798064,-0.008342027626456165,-0.009287449479390772,-0.01024013837196798,-0.008668172497311825,-0.009287449479390772,-0.00996343030992648,-0.008668172497311825,-0.009869561041232945,-0.008982926751310388,-0.007152211394707432,-0.008342027626456165,-0.007769219493878797,-0.008560786568164537,-0.00938685661618168,-0.009085519600666944,-0.008982926751310388,-0.009485268912721806,-0.009187015173909012,-0.00938685661618168,-0.009187015173909012,-0.008774294710724105,-0.007769219493878797,-0.008117593076836738,-0.009287449479390772,-0.008668172497311825,-0.009287449479390772,-0.009287449479390772,-0.008342027626456165,-0.009287449479390772,-0.008879198555270895,-0.008560786568164537,-0.008879198555270895,-0.008230548565216324,-0.009287449479390772,-0.009085519600666944,-0.008879198555270895,-0.007649685258283815
59,-0.010260879698291583,-0.010860975719850762,-0.00949291638213421,-0.00988408395176889,-0.010504859224879454,-0.010743525330947112,-0.00865960202167925,-0.009085519600666944,-0.010743525330947112,-0.01154171154010386,-0.00922325284065288,-0.00988408395176889,-0.00988408395176889,-0.00988408395176889,-0.009359023685695708,-0.010260879698291583,-0.010260879698291583,-0.010743525330947112,-0.010977224911995683,-0.011092310713068295,-0.00988408395176889,-0.010136777727587436,-0.010504859224879454,-0.010260879698291583,-0.011430937770151589,-0.00988408395176889,-0.008513036553321232,-0.009359023685695708,-0.00865960202167925,-0.010504859224879454,-0.010743525330947112,-0.009755375758039437,-0.010860975719850762,-0.010260879698291583,-0.010260879698291583,-0.00988408395176889,-0.011760285041851164,-0.008945733275759453,-0.011206269005456472,-0.011430937770151589,-0.009755375758039437,-0.009359023685695708,-0.00988408395176889,-0.010504859224879454,-0.00988408395176889,-0.010260879698291583,-0.010011197936094582,-0.010504859224879454,-0.011092310713068295,-0.011206269005456472,-0.010136777727587436,-0.009755375758039437,-0.00988408395176889,-0.009625009355499706,-0.010860975719850762,-0.009755375758039437,-0.009755375758039437,-0.010977224911995683,-0.009085519600666944,1.0,-0.010260879698291583,-0.010383556877970455,-0.011206269005456472,-0.009755375758039437,-0.010860975719850762,-0.0119750739395841,-0.010136777727587436,-0.010860975719850762,-0.01165148461078198,-0.010136777727587436,-0.01154171154010386,-0.010504859224879454,-0.008363974896825275,-0.009755375758039437,-0.009085519600666944,-0.010011197936094582,-0.010977224911995683,-0.010624833868980017,-0.010504859224879454,-0.011092310713068295,-0.010743525330947112,-0.010977224911995683,-0.010743525330947112,-0.010260879698291583,-0.009085519600666944,-0.00949291638213421,-0.010860975719850762,-0.010136777727587436,-0.010860975719850762,-0.010860975719850762,-0.009755375758039437,-0.010860975719850762,-0.010383556877970455,-0.010011197936094582,-0.010383556877970455,-0.009625009355499706,-0.010860975719850762,-0.010624833868980017,-0.010383556877970455,-0.008945733275759453
60,-0.009909392794385382,-0.010488932499247918,-0.009167736096787688,-0.009545504203413139,-0.01014501479111827,-0.010375505378794163,-0.008362966957907215,-0.008774294710724105,-0.010375505378794163,-0.011146349682807647,-0.00890730989226758,-0.009545504203413139,-0.009545504203413139,-0.009545504203413139,-0.009038429900796575,-0.009909392794385382,-0.009909392794385382,-0.010375505378794163,-0.010601199569992913,-0.010712343101680052,-0.009545504203413139,-0.009789541942370281,-0.01014501479111827,-0.009909392794385382,-0.011039370473417374,-0.009545504203413139,-0.00822142209637897,-0.009038429900796575,-0.008362966957907215,-0.01014501479111827,-0.010375505378794163,-0.00942120491475338,-0.010488932499247918,-0.009909392794385382,-0.009909392794385382,-0.009545504203413139,-0.01135743593924421,-0.008639296772777074,-0.010822397747544373,-0.011039370473417374,-0.00942120491475338,-0.009038429900796575,-0.009545504203413139,-0.01014501479111827,-0.009545504203413139,-0.009909392794385382,-0.009668263892385261,-0.01014501479111827,-0.010712343101680052,-0.010822397747544373,-0.009789541942370281,-0.00942120491475338,-0.009545504203413139,-0.009295304219302069,-0.010488932499247918,-0.00942120491475338,-0.00942120491475338,-0.010601199569992913,-0.008774294710724105,-0.010260879698291583,1.0,-0.01002786766165702,-0.010822397747544373,-0.00942120491475338,-0.010488932499247918,-0.011564867233450219,-0.009789541942370281,-0.010488932499247918,-0.011252362471923228,-0.009789541942370281,-0.011146349682807647,-0.01014501479111827,-0.008077466553751751,-0.00942120491475338,-0.008774294710724105,-0.009668263892385261,-0.010601199569992913,-0.010260879698291583,-0.01014501479111827,-0.010712343101680052,-0.010375505378794163,-0.010601199569992913,-0.010375505378794163,-0.009909392794385382,-0.008774294710724105,-0.009167736096787688,-0.010488932499247918,-0.009789541942370281,-0.010488932499247918,-0.010488932499247918,-0.00942120491475338,-0.010488932499247918,-0.01002786766165702,-0.009668263892385261,-0.01002786766165702,-0.009295304219302069,-0.010488932499247918,-0.010260879698291583,-0.01002786766165702,-0.008639296772777074
61,-0.01002786766165702,-0.010614336236031231,-0.009277343853769904,-0.009659628486000969,-0.01026630671139895,-0.010499553001906378,-0.008462953043926183,-0.008879198555270895,-0.010499553001906378,-0.011279613377832646,-0.009013804041720575,-0.009659628486000969,-0.009659628486000969,-0.009659628486000969,-0.00914649169681778,-0.01002786766165702,-0.01002786766165702,-0.010499553001906378,-0.010727945551107588,-0.010840417894300935,-0.009659628486000969,-0.009906583895024494,-0.01026630671139895,-0.01002786766165702,-0.011171355144803255,-0.009659628486000969,-0.008319715898215596,-0.00914649169681778,-0.008462953043926183,-0.01026630671139895,-0.010499553001906378,-0.009533843098038102,-0.010614336236031231,-0.01002786766165702,-0.01002786766165702,-0.009659628486000969,-0.011493223342505738,-0.00874258660694885,-0.010951788333153986,-0.011171355144803255,-0.009533843098038102,-0.00914649169681778,-0.009659628486000969,-0.01026630671139895,-0.009659628486000969,-0.01002786766165702,-0.009783855867107113,-0.01026630671139895,-0.010840417894300935,-0.010951788333153986,-0.009906583895024494,-0.009533843098038102,-0.009659628486000969,-0.00940643715716031,-0.010614336236031231,-0.009533843098038102,-0.009533843098038102,-0.010727945551107588,-0.008879198555270895,-0.010383556877970455,-0.01002786766165702,1.0,-0.010951788333153986,-0.009533843098038102,-0.010614336236031231,-0.011703134646895916,-0.009906583895024494,-0.010614336236031231,-0.011386893636245303,-0.009906583895024494,-0.011279613377832646,-0.01026630671139895,-0.008174039249748731,-0.009533843098038102,-0.008879198555270895,-0.009783855867107113,-0.010727945551107588,-0.010383556877970455,-0.01026630671139895,-0.010840417894300935,-0.010499553001906378,-0.010727945551107588,-0.010499553001906378,-0.01002786766165702,-0.008879198555270895,-0.009277343853769904,-0.010614336236031231,-0.009906583895024494,-0.010614336236031231,-0.010614336236031231,-0.009533843098038102,-0.010614336236031231,-0.01014775899252701,-0.009783855867107113,-0.01014775899252701,-0.00940643715716031,-0.010614336236031231,-0.010383556877970455,-0.01014775899252701,-0.00874258660694885
62,-0.010822397747544373,-0.0114553335213761,-0.010012408281985973,-0.010424982169313745,-0.011079728849421646,-0.011331455758290084,-0.009133491490954332,-0.009582717052798064,-0.011331455758290084,-0.012173322039359263,-0.00972798762900743,-0.010424982169313745,-0.010424982169313745,-0.010424982169313745,-0.00987118841985369,-0.010822397747544373,-0.010822397747544373,-0.011331455758290084,-0.011577944353216619,-0.011699328128382596,-0.010424982169313745,-0.010691504400413719,-0.011079728849421646,-0.010822397747544373,-0.012056486267605884,-0.010424982169313745,-0.008978905350071138,-0.00987118841985369,-0.009133491490954332,-0.011079728849421646,-0.011331455758290084,-0.01028923052745987,-0.0114553335213761,-0.010822397747544373,-0.010822397747544373,-0.010424982169313745,-0.012403856792961016,-0.00943528103831402,-0.011819522692895535,-0.012056486267605884,-0.01028923052745987,-0.00987118841985369,-0.010424982169313745,-0.011079728849421646,-0.010424982169313745,-0.010822397747544373,-0.01055905235998919,-0.011079728849421646,-0.011699328128382596,-0.011819522692895535,-0.010691504400413719,-0.01028923052745987,-0.010424982169313745,-0.010151729932707129,-0.0114553335213761,-0.01028923052745987,-0.01028923052745987,-0.011577944353216619,-0.009582717052798064,-0.011206269005456472,-0.010822397747544373,-0.010951788333153986,1.0,-0.01028923052745987,-0.0114553335213761,-0.012630399833262864,-0.010691504400413719,-0.0114553335213761,-0.012289102349408672,-0.010691504400413719,-0.012173322039359263,-0.011079728849421646,-0.008821686419244412,-0.01028923052745987,-0.009582717052798064,-0.01055905235998919,-0.011577944353216619,-0.011206269005456472,-0.011079728849421646,-0.011699328128382596,-0.011331455758290084,-0.011577944353216619,-0.011331455758290084,-0.010822397747544373,-0.009582717052798064,-0.010012408281985973,-0.0114553335213761,-0.010691504400413719,-0.0114553335213761,-0.0114553335213761,-0.01028923052745987,-0.0114553335213761,-0.010951788333153986,-0.01055905235998919,-0.010951788333153986,-0.010151729932707129,-0.0114553335213761,-0.011206269005456472,-0.010951788333153986,-0.00943528103831402
63,-0.00942120491475338,-0.009972193499930792,-0.008716086057377361,-0.009075243355571588,-0.009645218954735893,-0.009864354385379725,-0.007950964003606476,-0.008342027626456165,-0.009864354385379725,-0.010597222916900271,-0.008468489793018402,-0.009075243355571588,-0.009075243355571588,-0.009075243355571588,-0.00859315015257906,-0.00942120491475338,-0.00942120491475338,-0.009864354385379725,-0.010078929714814413,-0.010184597741978217,-0.009075243355571588,-0.009307258534841805,-0.009645218954735893,-0.00942120491475338,-0.010495514056004664,-0.009075243355571588,-0.007816392373158692,-0.00859315015257906,-0.007950964003606476,-0.009645218954735893,-0.009864354385379725,-0.008957067691984491,-0.009972193499930792,-0.00942120491475338,-0.00942120491475338,-0.009075243355571588,-0.010797909973901768,-0.008213680384313462,-0.01028923052745987,-0.010495514056004664,-0.008957067691984491,-0.00859315015257906,-0.009075243355571588,-0.009645218954735893,-0.009075243355571588,-0.00942120491475338,-0.009191955268105022,-0.009645218954735893,-0.010184597741978217,-0.01028923052745987,-0.009307258534841805,-0.008957067691984491,-0.009075243355571588,-0.00883736951517705,-0.009972193499930792,-0.008957067691984491,-0.008957067691984491,-0.010078929714814413,-0.008342027626456165,-0.009755375758039437,-0.00942120491475338,-0.009533843098038102,-0.01028923052745987,1.0,-0.009972193499930792,-0.010995122130993223,-0.009307258534841805,-0.009972193499930792,-0.010698012968376313,-0.009307258534841805,-0.010597222916900271,-0.009645218954735893,-0.007679528824216118,-0.008957067691984491,-0.008342027626456165,-0.009191955268105022,-0.010078929714814413,-0.009755375758039437,-0.009645218954735893,-0.010184597741978217,-0.009864354385379725,-0.010078929714814413,-0.009864354385379725,-0.00942120491475338,-0.008342027626456165,-0.008716086057377361,-0.009972193499930792,-0.009307258534841805,-0.009972193499930792,-0.009972193499930792,-0.008957067691984491,-0.009972193499930792,-0.009533843098038102,-0.009191955268105022,-0.009533843098038102,-0.00883736951517705,-0.009972193499930792,-0.009755375758039437,-0.009533843098038102,-0.008213680384313462
64,-0.010488932499247918,-0.011102365932664887,-0.00970390084290617,-0.01010376229284366,-0.010738334583749967,-0.010982305154501206,-0.008852065685056955,-0.009287449479390772,-0.010982305154501206,-0.011798231421629125,-0.009428243904390777,-0.01010376229284366,-0.01010376229284366,-0.01010376229284366,-0.00956703231931169,-0.010488932499247918,-0.010488932499247918,-0.010982305154501206,-0.011221198816915853,-0.011338842453189406,-0.01010376229284366,-0.010362072304799273,-0.010738334583749967,-0.010488932499247918,-0.011684995653363561,-0.01010376229284366,-0.008702242731320945,-0.00956703231931169,-0.008852065685056955,-0.010738334583749967,-0.010982305154501206,-0.009972193499930792,-0.011102365932664887,-0.010488932499247918,-0.010488932499247918,-0.01010376229284366,-0.012021662820628318,-0.009144556338706476,-0.0114553335213761,-0.011684995653363561,-0.009972193499930792,-0.00956703231931169,-0.01010376229284366,-0.010738334583749967,-0.01010376229284366,-0.010488932499247918,-0.010233701444310824,-0.010738334583749967,-0.011338842453189406,-0.0114553335213761,-0.010362072304799273,-0.009972193499930792,-0.01010376229284366,-0.009838929643749274,-0.011102365932664887,-0.009972193499930792,-0.009972193499930792,-0.011221198816915853,-0.009287449479390772,-0.010860975719850762,-0.010488932499247918,-0.010614336236031231,-0.0114553335213761,-0.009972193499930792,1.0,-0.012241225501037073,-0.010362072304799273,-0.011102365932664887,-0.011910444249615957,-0.010362072304799273,-0.011798231421629125,-0.010738334583749967,-0.008549868110510167,-0.009972193499930792,-0.009287449479390772,-0.010233701444310824,-0.011221198816915853,-0.010860975719850762,-0.010738334583749967,-0.011338842453189406,-0.010982305154501206,-0.011221198816915853,-0.010982305154501206,-0.010488932499247918,-0.009287449479390772,-0.00970390084290617,-0.011102365932664887,-0.010362072304799273,-0.011102365932664887,-0.011102365932664887,-0.009972193499930792,-0.011102365932664887,-0.010614336236031231,-0.010233701444310824,-0.010614336236031231,-0.009838929643749274,-0.011102365932664887,-0.010860975719850762,-0.010614336236031231,-0.009144556338706476
65,-0.011564867233450219,-0.012241225501037073,-0.010699308523800898,-0.011140187000293482,-0.011839852509141399,-0.012108849116737978,-0.009760093736593749,-0.01024013837196798,-0.012108849116737978,-0.013008471547552134,-0.0103953752211375,-0.011140187000293482,-0.011140187000293482,-0.011140187000293482,-0.010548400287531668,-0.011564867233450219,-0.011564867233450219,-0.012108849116737978,-0.012372248036402696,-0.012501959332996655,-0.011140187000293482,-0.01142499396168367,-0.011839852509141399,-0.011564867233450219,-0.012883620269677779,-0.011140187000293482,-0.009594902229392748,-0.010548400287531668,-0.009760093736593749,-0.011839852509141399,-0.012108849116737978,-0.010995122130993223,-0.012241225501037073,-0.011564867233450219,-0.011564867233450219,-0.011140187000293482,-0.0132548221142466,-0.010082587524853357,-0.012630399833262864,-0.012883620269677779,-0.010995122130993223,-0.010548400287531668,-0.011140187000293482,-0.011839852509141399,-0.011140187000293482,-0.011564867233450219,-0.011283455062629916,-0.011839852509141399,-0.012501959332996655,-0.012630399833262864,-0.01142499396168367,-0.010995122130993223,-0.011140187000293482,-0.010848188322060104,-0.012241225501037073,-0.010995122130993223,-0.010995122130993223,-0.012372248036402696,-0.01024013837196798,-0.0119750739395841,-0.011564867233450219,-0.011703134646895916,-0.012630399833262864,-0.010995122130993223,-0.012241225501037073,1.0,-0.01142499396168367,-0.012241225501037073,-0.013132194953880733,-0.01142499396168367,-0.013008471547552134,-0.011839852509141399,-0.009426897309964552,-0.010995122130993223,-0.01024013837196798,-0.011283455062629916,-0.012372248036402696,-0.0119750739395841,-0.011839852509141399,-0.012501959332996655,-0.012108849116737978,-0.012372248036402696,-0.012108849116737978,-0.011564867233450219,-0.01024013837196798,-0.010699308523800898,-0.012241225501037073,-0.01142499396168367,-0.012241225501037073,-0.012241225501037073,-0.010995122130993223,-0.012241225501037073,-0.011703134646895916,-0.011283455062629916,-0.011703134646895916,-0.010848188322060104,-0.012241225501037073,-0.0119750739395841,-0.011703134646895916,-0.010082587524853357
66,-0.009789541942370281,-0.010362072304799273,-0.009056855339000776,-0.009430054464419947,-0.010022314168421162,-0.010250017048122652,-0.008261819618602307,-0.008668172497311825,-0.010250017048122652,-0.011011538243392342,-0.00879957890391119,-0.009430054464419947,-0.009430054464419947,-0.009430054464419947,-0.008929113058991394,-0.009789541942370281,-0.009789541942370281,-0.010250017048122652,-0.01047298154218745,-0.010582780829353752,-0.009430054464419947,-0.009671140647056261,-0.010022314168421162,-0.009789541942370281,-0.010905852912412115,-0.009430054464419947,-0.008121986695696793,-0.008929113058991394,-0.008261819618602307,-0.010022314168421162,-0.010250017048122652,-0.009307258534841805,-0.010362072304799273,-0.009789541942370281,-0.009789541942370281,-0.009430054464419947,-0.011220071480869264,-0.00853480731509655,-0.010691504400413719,-0.010905852912412115,-0.009307258534841805,-0.008929113058991394,-0.009430054464419947,-0.010022314168421162,-0.009430054464419947,-0.009789541942370281,-0.009551329415263135,-0.010022314168421162,-0.010582780829353752,-0.010691504400413719,-0.009671140647056261,-0.009307258534841805,-0.009430054464419947,-0.009182880566961421,-0.010362072304799273,-0.009307258534841805,-0.009307258534841805,-0.01047298154218745,-0.008668172497311825,-0.010136777727587436,-0.009789541942370281,-0.009906583895024494,-0.010691504400413719,-0.009307258534841805,-0.010362072304799273,-0.01142499396168367,1.0,-0.010362072304799273,-0.011116268842633767,-0.009671140647056261,-0.011011538243392342,-0.010022314168421162,-0.007979772248088629,-0.009307258534841805,-0.008668172497311825,-0.009551329415263135,-0.01047298154218745,-0.010136777727587436,-0.010022314168421162,-0.010582780829353752,-0.010250017048122652,-0.01047298154218745,-0.010250017048122652,-0.009789541942370281,-0.008668172497311825,-0.009056855339000776,-0.010362072304799273,-0.009671140647056261,-0.010362072304799273,-0.010362072304799273,-0.009307258534841805,-0.010362072304799273,-0.009906583895024494,-0.009551329415263135,-0.009906583895024494,-0.009182880566961421,-0.010362072304799273,-0.010136777727587436,-0.009906583895024494,-0.00853480731509655
67,-0.010488932499247918,-0.011102365932664887,-0.00970390084290617,-0.01010376229284366,-0.010738334583749967,-0.010982305154501206,-0.008852065685056955,-0.009287449479390772,-0.010982305154501206,-0.011798231421629125,-0.009428243904390777,-0.01010376229284366,-0.01010376229284366,-0.01010376229284366,-0.00956703231931169,-0.010488932499247918,-0.010488932499247918,-0.010982305154501206,-0.011221198816915853,-0.011338842453189406,-0.01010376229284366,-0.010362072304799273,-0.010738334583749967,-0.010488932499247918,-0.011684995653363561,-0.01010376229284366,-0.008702242731320945,-0.00956703231931169,-0.008852065685056955,-0.010738334583749967,-0.010982305154501206,-0.009972193499930792,-0.011102365932664887,-0.010488932499247918,-0.010488932499247918,-0.01010376229284366,-0.012021662820628318,-0.009144556338706476,-0.0114553335213761,-0.011684995653363561,-0.009972193499930792,-0.00956703231931169,-0.01010376229284366,-0.010738334583749967,-0.01010376229284366,-0.010488932499247918,-0.010233701444310824,-0.010738334583749967,-0.011338842453189406,-0.0114553335213761,-0.010362072304799273,-0.009972193499930792,-0.01010376229284366,-0.009838929643749274,-0.011102365932664887,-0.009972193499930792,-0.009972193499930792,-0.011221198816915853,-0.009287449479390772,-0.010860975719850762,-0.010488932499247918,-0.010614336236031231,-0.0114553335213761,-0.009972193499930792,-0.011102365932664887,-0.012241225501037073,-0.010362072304799273,1.0,-0.011910444249615957,-0.010362072304799273,-0.011798231421629125,-0.010738334583749967,-0.008549868110510167,-0.009972193499930792,-0.009287449479390772,-0.010233701444310824,-0.011221198816915853,-0.010860975719850762,-0.010738334583749967,-0.011338842453189406,-0.010982305154501206,-0.011221198816915853,-0.010982305154501206,-0.010488932499247918,-0.009287449479390772,-0.00970390084290617,-0.011102365932664887,-0.010362072304799273,-0.011102365932664887,-0.011102365932664887,-0.009972193499930792,-0.011102365932664887,-0.010614336236031231,-0.010233701444310824,-0.010614336236031231,-0.009838929643749274,-0.011102365932664887,-0.010860975719850762,-0.010614336236031231,-0.009144556338706476
68,-0.011252362471923228,-0.011910444249615957,-0.010410192808830727,-0.010839157908336136,-0.011519917121194873,-0.011781644927601469,-0.009496357395824245,-0.00996343030992648,-0.011781644927601469,-0.012656957845169094,-0.01011447236346622,-0.010839157908336136,-0.010839157908336136,-0.010839157908336136,-0.010263362400818042,-0.011252362471923228,-0.011252362471923228,-0.011781644927601469,-0.012037926306276332,-0.012164132556336575,-0.010839157908336136,-0.011116268842633767,-0.011519917121194873,-0.011252362471923228,-0.012535480286856828,-0.010839157908336136,-0.009335629678091994,-0.010263362400818042,-0.009496357395824245,-0.011519917121194873,-0.011781644927601469,-0.010698012968376313,-0.011910444249615957,-0.011252362471923228,-0.011252362471923228,-0.010839157908336136,-0.012896651549874323,-0.009810136787077851,-0.012289102349408672,-0.012535480286856828,-0.010698012968376313,-0.010263362400818042,-0.010839157908336136,-0.011519917121194873,-0.010839157908336136,-0.011252362471923228,-0.010978554594481984,-0.011519917121194873,-0.012164132556336575,-0.012289102349408672,-0.011116268842633767,-0.010698012968376313,-0.010839157908336136,-0.010555049591095713,-0.011910444249615957,-0.010698012968376313,-0.010698012968376313,-0.012037926306276332,-0.00996343030992648,-0.01165148461078198,-0.011252362471923228,-0.011386893636245303,-0.012289102349408672,-0.010698012968376313,-0.011910444249615957,-0.013132194953880733,-0.011116268842633767,-0.011910444249615957,1.0,-0.011116268842633767,-0.012656957845169094,-0.011519917121194873,-0.009172164571894804,-0.010698012968376313,-0.00996343030992648,-0.010978554594481984,-0.012037926306276332,-0.01165148461078198,-0.011519917121194873,-0.012164132556336575,-0.011781644927601469,-0.012037926306276332,-0.011781644927601469,-0.011252362471923228,-0.00996343030992648,-0.010410192808830727,-0.011910444249615957,-0.011116268842633767,-0.011910444249615957,-0.011910444249615957,-0.010698012968376313,-0.011910444249615957,-0.011386893636245303,-0.010978554594481984,-0.011386893636245303,-0.010555049591095713,-0.011910444249615957,-0.01165148461078198,-0.011386893636245303,-0.009810136787077851
69,-0.009789541942370281,-0.010362072304799273,-0.009056855339000776,-0.009430054464419947,-0.010022314168421162,-0.010250017048122652,-0.008261819618602307,-0.008668172497311825,-0.010250017048122652,-0.011011538243392342,-0.00879957890391119,-0.009430054464419947,-0.009430054464419947,-0.009430054464419947,-0.008929113058991394,-0.009789541942370281,-0.009789541942370281,-0.010250017048122652,-0.01047298154218745,-0.010582780829353752,-0.009430054464419947,-0.009671140647056261,-0.010022314168421162,-0.009789541942370281,-0.010905852912412115,-0.009430054464419947,-0.008121986695696793,-0.008929113058991394,-0.008261819618602307,-0.010022314168421162,-0.010250017048122652,-0.009307258534841805,-0.010362072304799273,-0.009789541942370281,-0.009789541942370281,-0.009430054464419947,-0.011220071480869264,-0.00853480731509655,-0.010691504400413719,-0.010905852912412115,-0.009307258534841805,-0.008929113058991394,-0.009430054464419947,-0.010022314168421162,-0.009430054464419947,-0.009789541942370281,-0.009551329415263135,-0.010022314168421162,-0.010582780829353752,-0.010691504400413719,-0.009671140647056261,-0.009307258534841805,-0.009430054464419947,-0.009182880566961421,-0.010362072304799273,-0.009307258534841805,-0.009307258534841805,-0.01047298154218745,-0.008668172497311825,-0.010136777727587436,-0.009789541942370281,-0.009906583895024494,-0.010691504400413719,-0.009307258534841805,-0.010362072304799273,-0.01142499396168367,-0.009671140647056261,-0.010362072304799273,-0.011116268842633767,1.0,-0.011011538243392342,-0.010022314168421162,-0.007979772248088629,-0.009307258534841805,-0.008668172497311825,-0.009551329415263135,-0.01047298154218745,-0.010136777727587436,-0.010022314168421162,-0.010582780829353752,-0.010250017048122652,-0.01047298154218745,-0.010250017048122652,-0.009789541942370281,-0.008668172497311825,-0.009056855339000776,-0.010362072304799273,-0.009671140647056261,-0.010362072304799273,-0.010362072304799273,-0.009307258534841805,-0.010362072304799273,-0.009906583895024494,-0.009551329415263135,-0.009906583895024494,-0.009182880566961421,-0.010362072304799273,-0.010136777727587436,-0.009906583895024494,-0.00853480731509655
70,-0.011146349682807647,-0.011798231421629125,-0.010312114420612356,-0.010737038076665754,-0.011411383597906277,-0.011670645567043985,-0.009406888598806578,-0.009869561041232945,-0.011670645567043985,-0.012537711828500794,-0.0100191800701048,-0.010737038076665754,-0.010737038076665754,-0.010737038076665754,-0.010166667357752233,-0.011146349682807647,-0.011146349682807647,-0.011670645567043985,-0.011924512421318353,-0.01204952963426696,-0.010737038076665754,-0.011011538243392342,-0.011411383597906277,-0.011146349682807647,-0.012417378756495626,-0.010737038076665754,-0.0092476751580706,-0.010166667357752233,-0.009406888598806578,-0.011411383597906277,-0.011670645567043985,-0.010597222916900271,-0.011798231421629125,-0.011146349682807647,-0.011146349682807647,-0.010737038076665754,-0.012775147287594699,-0.009717711755001388,-0.012173322039359263,-0.012417378756495626,-0.010597222916900271,-0.010166667357752233,-0.010737038076665754,-0.011411383597906277,-0.010737038076665754,-0.011146349682807647,-0.01087512145358177,-0.011411383597906277,-0.01204952963426696,-0.012173322039359263,-0.011011538243392342,-0.010597222916900271,-0.010737038076665754,-0.010455606452004046,-0.011798231421629125,-0.010597222916900271,-0.010597222916900271,-0.011924512421318353,-0.009869561041232945,-0.01154171154010386,-0.011146349682807647,-0.011279613377832646,-0.012173322039359263,-0.010597222916900271,-0.011798231421629125,-0.013008471547552134,-0.011011538243392342,-0.011798231421629125,-0.012656957845169094,-0.011011538243392342,1.0,-0.011411383597906277,-0.009085750118848173,-0.010597222916900271,-0.009869561041232945,-0.01087512145358177,-0.011924512421318353,-0.01154171154010386,-0.011411383597906277,-0.01204952963426696,-0.011670645567043985,-0.011924512421318353,-0.011670645567043985,-0.011146349682807647,-0.009869561041232945,-0.010312114420612356,-0.011798231421629125,-0.011011538243392342,-0.011798231421629125,-0.011798231421629125,-0.010597222916900271,-0.011798231421629125,-0.011279613377832646,-0.01087512145358177,-0.011279613377832646,-0.010455606452004046,-0.011798231421629125,-0.01154171154010386,-0.011279613377832646,-0.009717711755001388
71,-0.01014501479111827,-0.010738334583749967,-0.009385723245896278,-0.009772473787412748,-0.010386239323394593,-0.010622210433805148,-0.00856181859434146,-0.008982926751310388,-0.010622210433805148,-0.011411383597906277,-0.009119104720253792,-0.009772473787412748,-0.009772473787412748,-0.009772473787412748,-0.00925334245343679,-0.01014501479111827,-0.01014501479111827,-0.010622210433805148,-0.010853271100739062,-0.010967057363560535,-0.009772473787412748,-0.010022314168421162,-0.010386239323394593,-0.01014501479111827,-0.011301860675147442,-0.009772473787412748,-0.008416908129734139,-0.00925334245343679,-0.00856181859434146,-0.010386239323394593,-0.010622210433805148,-0.009645218954735893,-0.010738334583749967,-0.01014501479111827,-0.01014501479111827,-0.009772473787412748,-0.011627488987831286,-0.008844718880691,-0.011079728849421646,-0.011301860675147442,-0.009645218954735893,-0.00925334245343679,-0.009772473787412748,-0.010386239323394593,-0.009772473787412748,-0.01014501479111827,-0.009898152412351391,-0.010386239323394593,-0.010967057363560535,-0.011079728849421646,-0.010022314168421162,-0.009645218954735893,-0.009772473787412748,-0.00951632463758971,-0.010738334583749967,-0.009645218954735893,-0.009645218954735893,-0.010853271100739062,-0.008982926751310388,-0.010504859224879454,-0.01014501479111827,-0.01026630671139895,-0.011079728849421646,-0.009645218954735893,-0.010738334583749967,-0.011839852509141399,-0.010022314168421162,-0.010738334583749967,-0.011519917121194873,-0.010022314168421162,-0.011411383597906277,1.0,-0.008269529663715103,-0.009645218954735893,-0.008982926751310388,-0.009898152412351391,-0.010853271100739062,-0.010504859224879454,-0.010386239323394593,-0.010967057363560535,-0.010622210433805148,-0.010853271100739062,-0.010622210433805148,-0.01014501479111827,-0.008982926751310388,-0.009385723245896278,-0.010738334583749967,-0.010022314168421162,-0.010738334583749967,-0.010738334583749967,-0.009645218954735893,-0.010738334583749967,-0.01026630671139895,-0.009898152412351391,-0.01026630671139895,-0.00951632463758971,-0.010738334583749967,-0.010504859224879454,-0.01026630671139895,-0.008844718880691
72,-0.008077466553751751,-0.008549868110510167,-0.007472918193068575,-0.007780849194458501,-0.008269529663715103,-0.008457409996197384,-0.006816924840329367,-0.007152211394707432,-0.008457409996197384,-0.009085750118848173,-0.0072606363711265115,-0.007780849194458501,-0.007780849194458501,-0.007780849194458501,-0.007367516530728289,-0.008077466553751751,-0.008077466553751751,-0.008457409996197384,-0.008641380630787312,-0.008731977318041186,-0.007780849194458501,-0.007979772248088629,-0.008269529663715103,-0.008077466553751751,-0.008998547905379925,-0.007780849194458501,-0.006701547045889973,-0.007367516530728289,-0.006816924840329367,-0.008269529663715103,-0.008457409996197384,-0.007679528824216118,-0.008549868110510167,-0.008077466553751751,-0.008077466553751751,-0.007780849194458501,-0.009257813353367355,-0.007042170209418014,-0.008821686419244412,-0.008998547905379925,-0.007679528824216118,-0.007367516530728289,-0.007780849194458501,-0.008269529663715103,-0.007780849194458501,-0.008077466553751751,-0.007880914587202154,-0.008269529663715103,-0.008731977318041186,-0.008821686419244412,-0.007979772248088629,-0.007679528824216118,-0.007780849194458501,-0.007576903095505652,-0.008549868110510167,-0.007679528824216118,-0.007679528824216118,-0.008641380630787312,-0.007152211394707432,-0.008363974896825275,-0.008077466553751751,-0.008174039249748731,-0.008821686419244412,-0.007679528824216118,-0.008549868110510167,-0.009426897309964552,-0.007979772248088629,-0.008549868110510167,-0.009172164571894804,-0.007979772248088629,-0.009085750118848173,-0.008269529663715103,1.0,-0.007679528824216118,-0.007152211394707432,-0.007880914587202154,-0.008641380630787312,-0.008363974896825275,-0.008269529663715103,-0.008731977318041186,-0.008457409996197384,-0.008641380630787312,-0.008457409996197384,-0.008077466553751751,-0.007152211394707432,-0.007472918193068575,-0.008549868110510167,-0.007979772248088629,-0.008549868110510167,-0.008549868110510167,-0.007679528824216118,-0.008549868110510167,-0.008174039249748731,-0.007880914587202154,-0.008174039249748731,-0.007576903095505652,-0.008549868110510167,-0.008363974896825275,-0.008174039249748731,-0.007042170209418014
73,-0.00942120491475338,-0.009972193499930792,-0.008716086057377361,-0.009075243355571588,-0.009645218954735893,-0.009864354385379725,-0.007950964003606476,-0.008342027626456165,-0.009864354385379725,-0.010597222916900271,-0.008468489793018402,-0.009075243355571588,-0.009075243355571588,-0.009075243355571588,-0.00859315015257906,-0.00942120491475338,-0.00942120491475338,-0.009864354385379725,-0.010078929714814413,-0.010184597741978217,-0.009075243355571588,-0.009307258534841805,-0.009645218954735893,-0.00942120491475338,-0.010495514056004664,-0.009075243355571588,-0.007816392373158692,-0.00859315015257906,-0.007950964003606476,-0.009645218954735893,-0.009864354385379725,-0.008957067691984491,-0.009972193499930792,-0.00942120491475338,-0.00942120491475338,-0.009075243355571588,-0.010797909973901768,-0.008213680384313462,-0.01028923052745987,-0.010495514056004664,-0.008957067691984491,-0.00859315015257906,-0.009075243355571588,-0.009645218954735893,-0.009075243355571588,-0.00942120491475338,-0.009191955268105022,-0.009645218954735893,-0.010184597741978217,-0.01028923052745987,-0.009307258534841805,-0.008957067691984491,-0.009075243355571588,-0.00883736951517705,-0.009972193499930792,-0.008957067691984491,-0.008957067691984491,-0.010078929714814413,-0.008342027626456165,-0.009755375758039437,-0.00942120491475338,-0.009533843098038102,-0.01028923052745987,-0.008957067691984491,-0.009972193499930792,-0.010995122130993223,-0.009307258534841805,-0.009972193499930792,-0.010698012968376313,-0.009307258534841805,-0.010597222916900271,-0.009645218954735893,-0.007679528824216118,1.0,-0.008342027626456165,-0.009191955268105022,-0.010078929714814413,-0.009755375758039437,-0.009645218954735893,-0.010184597741978217,-0.009864354385379725,-0.010078929714814413,-0.009864354385379725,-0.00942120491475338,-0.008342027626456165,-0.008716086057377361,-0.009972193499930792,-0.009307258534841805,-0.009972193499930792,-0.009972193499930792,-0.008957067691984491,-0.009972193499930792,-0.009533843098038102,-0.009191955268105022,-0.009533843098038102,-0.00883736951517705,-0.009972193499930792,-0.009755375758039437,-0.009533843098038102,-0.008213680384313462
74,-0.008774294710724105,-0.009287449479390772,-0.008117593076836738,-0.008452088718357988,-0.008982926751310388,-0.009187015173909012,-0.007405008386215352,-0.007769219493878797,-0.009187015173909012,-0.009869561041232945,-0.007886998093242038,-0.008452088718357988,-0.008452088718357988,-0.008452088718357988,-0.008003098607287455,-0.008774294710724105,-0.008774294710724105,-0.009187015173909012,-0.00938685661618168,-0.009485268912721806,-0.008452088718357988,-0.008668172497311825,-0.008982926751310388,-0.008774294710724105,-0.009774836053477655,-0.008452088718357988,-0.007279677162031651,-0.008003098607287455,-0.007405008386215352,-0.008982926751310388,-0.009187015173909012,-0.008342027626456165,-0.009287449479390772,-0.008774294710724105,-0.008774294710724105,-0.008452088718357988,-0.01005646785396998,-0.007649685258283815,-0.009582717052798064,-0.009774836053477655,-0.008342027626456165,-0.008003098607287455,-0.008452088718357988,-0.008982926751310388,-0.008452088718357988,-0.008774294710724105,-0.008560786568164537,-0.008982926751310388,-0.009485268912721806,-0.009582717052798064,-0.008668172497311825,-0.008342027626456165,-0.008452088718357988,-0.008230548565216324,-0.009287449479390772,-0.008342027626456165,-0.008342027626456165,-0.00938685661618168,-0.007769219493878797,-0.009085519600666944,-0.008774294710724105,-0.008879198555270895,-0.009582717052798064,-0.008342027626456165,-0.009287449479390772,-0.01024013837196798,-0.008668172497311825,-0.009287449479390772,-0.00996343030992648,-0.008668172497311825,-0.009869561041232945,-0.008982926751310388,-0.007152211394707432,-0.008342027626456165,1.0,-0.008560786568164537,-0.00938685661618168,-0.009085519600666944,-0.008982926751310388,-0.009485268912721806,-0.009187015173909012,-0.00938685661618168,-0.009187015173909012,-0.008774294710724105,-0.007769219493878797,-0.008117593076836738,-0.009287449479390772,-0.008668172497311825,-0.009287449479390772,-0.009287449479390772,-0.008342027626456165,-0.009287449479390772,-0.008879198555270895,-0.008560786568164537,-0.008879198555270895,-0.008230548565216324,-0.009287449479390772,-0.009085519600666944,-0.008879198555270895,-0.007649685258283815
75,-0.009668263892385261,-0.010233701444310824,-0.008944654200175636,-0.009313229936425691,-0.009898152412351391,-0.010123034387725719,-0.008159467804945388,-0.008560786568164537,-0.010123034387725719,-0.01087512145358177,-0.008690565042339515,-0.009313229936425691,-0.009313229936425691,-0.009313229936425691,-0.008818494459442489,-0.009668263892385261,-0.009668263892385261,-0.010123034387725719,-0.010343236679103683,-0.010451675714328104,-0.009313229936425691,-0.009551329415263135,-0.009898152412351391,-0.009668263892385261,-0.010770745408667102,-0.009313229936425691,-0.008021367206628043,-0.008818494459442489,-0.008159467804945388,-0.009898152412351391,-0.010123034387725719,-0.009191955268105022,-0.010233701444310824,-0.009668263892385261,-0.009668263892385261,-0.009313229936425691,-0.011081071270450544,-0.008429073584727324,-0.01055905235998919,-0.010770745408667102,-0.009191955268105022,-0.008818494459442489,-0.009313229936425691,-0.009898152412351391,-0.009313229936425691,-0.009668263892385261,-0.009433002468704571,-0.009898152412351391,-0.010451675714328104,-0.01055905235998919,-0.009551329415263135,-0.009191955268105022,-0.009313229936425691,-0.009069118160613654,-0.010233701444310824,-0.009191955268105022,-0.009191955268105022,-0.010343236679103683,-0.008560786568164537,-0.010011197936094582,-0.009668263892385261,-0.009783855867107113,-0.01055905235998919,-0.009191955268105022,-0.010233701444310824,-0.011283455062629916,-0.009551329415263135,-0.010233701444310824,-0.010978554594481984,-0.009551329415263135,-0.01087512145358177,-0.009898152412351391,-0.007880914587202154,-0.009191955268105022,-0.008560786568164537,1.0,-0.010343236679103683,-0.010011197936094582,-0.009898152412351391,-0.010451675714328104,-0.010123034387725719,-0.010343236679103683,-0.010123034387725719,-0.009668263892385261,-0.008560786568164537,-0.008944654200175636,-0.010233701444310824,-0.009551329415263135,-0.010233701444310824,-0.010233701444310824,-0.009191955268105022,-0.010233701444310824,-0.009783855867107113,-0.009433002468704571,-0.009783855867107113,-0.009069118160613654,-0.010233701444310824,-0.010011197936094582,-0.009783855867107113,-0.008429073584727324
76,-0.010601199569992913,-0.011221198816915853,-0.009807765418496782,-0.010211906739020869,-0.010853271100739062,-0.011099852982157828,-0.00894681274197384,-0.00938685661618168,-0.011099852982157828,-0.011924512421318353,-0.009529158017956786,-0.010211906739020869,-0.010211906739020869,-0.010211906739020869,-0.009669431938556912,-0.010601199569992913,-0.010601199569992913,-0.011099852982157828,-0.011341303615141284,-0.011460206436411706,-0.010211906739020869,-0.01047298154218745,-0.010853271100739062,-0.010601199569992913,-0.011810064647159184,-0.010211906739020869,-0.008795386175654044,-0.009669431938556912,-0.00894681274197384,-0.010853271100739062,-0.011099852982157828,-0.010078929714814413,-0.011221198816915853,-0.010601199569992913,-0.010601199569992913,-0.010211906739020869,-0.012150335292345792,-0.009242434035362714,-0.011577944353216619,-0.011810064647159184,-0.010078929714814413,-0.009669431938556912,-0.010211906739020869,-0.010853271100739062,-0.010211906739020869,-0.010601199569992913,-0.010343236679103683,-0.010853271100739062,-0.011460206436411706,-0.011577944353216619,-0.01047298154218745,-0.010078929714814413,-0.010211906739020869,-0.009944239484426484,-0.011221198816915853,-0.010078929714814413,-0.010078929714814413,-0.011341303615141284,-0.00938685661618168,-0.010977224911995683,-0.010601199569992913,-0.010727945551107588,-0.011577944353216619,-0.010078929714814413,-0.011221198816915853,-0.012372248036402696,-0.01047298154218745,-0.011221198816915853,-0.012037926306276332,-0.01047298154218745,-0.011924512421318353,-0.010853271100739062,-0.008641380630787312,-0.010078929714814413,-0.00938685661618168,-0.010343236679103683,1.0,-0.010977224911995683,-0.010853271100739062,-0.011460206436411706,-0.011099852982157828,-0.011341303615141284,-0.011099852982157828,-0.010601199569992913,-0.00938685661618168,-0.009807765418496782,-0.011221198816915853,-0.01047298154218745,-0.011221198816915853,-0.011221198816915853,-0.010078929714814413,-0.011221198816915853,-0.010727945551107588,-0.010343236679103683,-0.010727945551107588,-0.009944239484426484,-0.011221198816915853,-0.010977224911995683,-0.010727945551107588,-0.009242434035362714
77,-0.010260879698291583,-0.010860975719850762,-0.00949291638213421,-0.00988408395176889,-0.010504859224879454,-0.010743525330947112,-0.00865960202167925,-0.009085519600666944,-0.010743525330947112,-0.01154171154010386,-0.00922325284065288,-0.00988408395176889,-0.00988408395176889,-0.00988408395176889,-0.009359023685695708,-0.010260879698291583,-0.010260879698291583,-0.010743525330947112,-0.010977224911995683,-0.011092310713068295,-0.00988408395176889,-0.010136777727587436,-0.010504859224879454,-0.010260879698291583,-0.011430937770151589,-0.00988408395176889,-0.008513036553321232,-0.009359023685695708,-0.00865960202167925,-0.010504859224879454,-0.010743525330947112,-0.009755375758039437,-0.010860975719850762,-0.010260879698291583,-0.010260879698291583,-0.00988408395176889,-0.011760285041851164,-0.008945733275759453,-0.011206269005456472,-0.011430937770151589,-0.009755375758039437,-0.009359023685695708,-0.00988408395176889,-0.010504859224879454,-0.00988408395176889,-0.010260879698291583,-0.010011197936094582,-0.010504859224879454,-0.011092310713068295,-0.011206269005456472,-0.010136777727587436,-0.009755375758039437,-0.00988408395176889,-0.009625009355499706,-0.010860975719850762,-0.009755375758039437,-0.009755375758039437,-0.010977224911995683,-0.009085519600666944,-0.010624833868980017,-0.010260879698291583,-0.010383556877970455,-0.011206269005456472,-0.009755375758039437,-0.010860975719850762,-0.0119750739395841,-0.010136777727587436,-0.010860975719850762,-0.01165148461078198,-0.010136777727587436,-0.01154171154010386,-0.010504859224879454,-0.008363974896825275,-0.009755375758039437,-0.009085519600666944,-0.010011197936094582,-0.010977224911995683,1.0,-0.010504859224879454,-0.011092310713068295,-0.010743525330947112,-0.010977224911995683,-0.010743525330947112,-0.010260879698291583,-0.009085519600666944,-0.00949291638213421,-0.010860975719850762,-0.010136777727587436,-0.010860975719850762,-0.010860975719850762,-0.009755375758039437,-0.010860975719850762,-0.010383556877970455,-0.010011197936094582,-0.010383556877970455,-0.009625009355499706,-0.010860975719850762,-0.010624833868980017,-0.010383556877970455,-0.008945733275759453
78,-0.01014501479111827,-0.010738334583749967,-0.009385723245896278,-0.009772473787412748,-0.010386239323394593,-0.010622210433805148,-0.00856181859434146,-0.008982926751310388,-0.010622210433805148,-0.011411383597906277,-0.009119104720253792,-0.009772473787412748,-0.009772473787412748,-0.009772473787412748,-0.00925334245343679,-0.01014501479111827,-0.01014501479111827,-0.010622210433805148,-0.010853271100739062,-0.010967057363560535,-0.009772473787412748,-0.010022314168421162,-0.010386239323394593,-0.01014501479111827,-0.011301860675147442,-0.009772473787412748,-0.008416908129734139,-0.00925334245343679,-0.00856181859434146,-0.010386239323394593,-0.010622210433805148,-0.009645218954735893,-0.010738334583749967,-0.01014501479111827,-0.01014501479111827,-0.009772473787412748,-0.011627488987831286,-0.008844718880691,-0.011079728849421646,-0.011301860675147442,-0.009645218954735893,-0.00925334245343679,-0.009772473787412748,-0.010386239323394593,-0.009772473787412748,-0.01014501479111827,-0.009898152412351391,-0.010386239323394593,-0.010967057363560535,-0.011079728849421646,-0.010022314168421162,-0.009645218954735893,-0.009772473787412748,-0.00951632463758971,-0.010738334583749967,-0.009645218954735893,-0.009645218954735893,-0.010853271100739062,-0.008982926751310388,-0.010504859224879454,-0.01014501479111827,-0.01026630671139895,-0.011079728849421646,-0.009645218954735893,-0.010738334583749967,-0.011839852509141399,-0.010022314168421162,-0.010738334583749967,-0.011519917121194873,-0.010022314168421162,-0.011411383597906277,-0.010386239323394593,-0.008269529663715103,-0.009645218954735893,-0.008982926751310388,-0.009898152412351391,-0.010853271100739062,-0.010504859224879454,1.0,-0.010967057363560535,-0.010622210433805148,-0.010853271100739062,-0.010622210433805148,-0.01014501479111827,-0.008982926751310388,-0.009385723245896278,-0.010738334583749967,-0.010022314168421162,-0.010738334583749967,-0.010738334583749967,-0.009645218954735893,-0.010738334583749967,-0.01026630671139895,-0.009898152412351391,-0.01026630671139895,-0.00951632463758971,-0.010738334583749967,-0.010504859224879454,-0.01026630671139895,-0.008844718880691
79,-0.010712343101680052,-0.011338842453189406,-0.009910590544971735,-0.010318968904273102,-0.010967057363560535,-0.011216224422342484,-0.009040611595482941,-0.009485268912721806,-0.011216224422342484,-0.01204952963426696,-0.009629062209848275,-0.010318968904273102,-0.010318968904273102,-0.010318968904273102,-0.009770806769580904,-0.010712343101680052,-0.010712343101680052,-0.011216224422342484,-0.011460206436411706,-0.011580355841089627,-0.010318968904273102,-0.010582780829353752,-0.010967057363560535,-0.010712343101680052,-0.011933881983647603,-0.010318968904273102,-0.008887597465108628,-0.009770806769580904,-0.009040611595482941,-0.010967057363560535,-0.011216224422342484,-0.010184597741978217,-0.011338842453189406,-0.010712343101680052,-0.010712343101680052,-0.010318968904273102,-0.012277720044105078,-0.00933933219799926,-0.011699328128382596,-0.011933881983647603,-0.010184597741978217,-0.009770806769580904,-0.010318968904273102,-0.010967057363560535,-0.010318968904273102,-0.010712343101680052,-0.010451675714328104,-0.010967057363560535,-0.011580355841089627,-0.011699328128382596,-0.010582780829353752,-0.010184597741978217,-0.010318968904273102,-0.010048495412158501,-0.011338842453189406,-0.010184597741978217,-0.010184597741978217,-0.011460206436411706,-0.009485268912721806,-0.011092310713068295,-0.010712343101680052,-0.010840417894300935,-0.011699328128382596,-0.010184597741978217,-0.011338842453189406,-0.012501959332996655,-0.010582780829353752,-0.011338842453189406,-0.012164132556336575,-0.010582780829353752,-0.01204952963426696,-0.010967057363560535,-0.008731977318041186,-0.010184597741978217,-0.009485268912721806,-0.010451675714328104,-0.011460206436411706,-0.011092310713068295,-0.010967057363560535,1.0,-0.011216224422342484,-0.011460206436411706,-0.011216224422342484,-0.010712343101680052,-0.009485268912721806,-0.009910590544971735,-0.011338842453189406,-0.010582780829353752,-0.011338842453189406,-0.011338842453189406,-0.010184597741978217,-0.011338842453189406,-0.010840417894300935,-0.010451675714328104,-0.010840417894300935,-0.010048495412158501,-0.011338842453189406,-0.011092310713068295,-0.010840417894300935,-0.00933933219799926
80,-0.010375505378794163,-0.010982305154501206,-0.009598963040145162,-0.009994500395819473,-0.010622210433805148,-0.010863542711353745,-0.00875633961180827,-0.009187015173909012,-0.010863542711353745,-0.011670645567043985,-0.009326287050622543,-0.009994500395819473,-0.009994500395819473,-0.009994500395819473,-0.00946357461021257,-0.010375505378794163,-0.010375505378794163,-0.010863542711353745,-0.011099852982157828,-0.011216224422342484,-0.009994500395819473,-0.010250017048122652,-0.010622210433805148,-0.010375505378794163,-0.011558634328264874,-0.009994500395819473,-0.00860813684070013,-0.00946357461021257,-0.00875633961180827,-0.010622210433805148,-0.010863542711353745,-0.009864354385379725,-0.010982305154501206,-0.010375505378794163,-0.010375505378794163,-0.009994500395819473,-0.011891660783060856,-0.009045667276983468,-0.011331455758290084,-0.011558634328264874,-0.009864354385379725,-0.00946357461021257,-0.009994500395819473,-0.010622210433805148,-0.009994500395819473,-0.010375505378794163,-0.010123034387725719,-0.010622210433805148,-0.011216224422342484,-0.011331455758290084,-0.010250017048122652,-0.009864354385379725,-0.009994500395819473,-0.009732531642053907,-0.010982305154501206,-0.009864354385379725,-0.009864354385379725,-0.011099852982157828,-0.009187015173909012,-0.010743525330947112,-0.010375505378794163,-0.010499553001906378,-0.011331455758290084,-0.009864354385379725,-0.010982305154501206,-0.012108849116737978,-0.010250017048122652,-0.010982305154501206,-0.011781644927601469,-0.010250017048122652,-0.011670645567043985,-0.010622210433805148,-0.008457409996197384,-0.009864354385379725,-0.009187015173909012,-0.010123034387725719,-0.011099852982157828,-0.010743525330947112,-0.010622210433805148,-0.011216224422342484,1.0,-0.011099852982157828,-0.010863542711353745,-0.010375505378794163,-0.009187015173909012,-0.009598963040145162,-0.010982305154501206,-0.010250017048122652,-0.010982305154501206,-0.010982305154501206,-0.009864354385379725,-0.010982305154501206,-0.010499553001906378,-0.010123034387725719,-0.010499553001906378,-0.009732531642053907,-0.010982305154501206,-0.010743525330947112,-0.010499553001906378,-0.009045667276983468
81,-0.010601199569992913,-0.011221198816915853,-0.009807765418496782,-0.010211906739020869,-0.010853271100739062,-0.011099852982157828,-0.00894681274197384,-0.00938685661618168,-0.011099852982157828,-0.011924512421318353,-0.009529158017956786,-0.010211906739020869,-0.010211906739020869,-0.010211906739020869,-0.009669431938556912,-0.010601199569992913,-0.010601199569992913,-0.011099852982157828,-0.011341303615141284,-0.011460206436411706,-0.010211906739020869,-0.01047298154218745,-0.010853271100739062,-0.010601199569992913,-0.011810064647159184,-0.010211906739020869,-0.008795386175654044,-0.009669431938556912,-0.00894681274197384,-0.010853271100739062,-0.011099852982157828,-0.010078929714814413,-0.011221198816915853,-0.010601199569992913,-0.010601199569992913,-0.010211906739020869,-0.012150335292345792,-0.009242434035362714,-0.011577944353216619,-0.011810064647159184,-0.010078929714814413,-0.009669431938556912,-0.010211906739020869,-0.010853271100739062,-0.010211906739020869,-0.010601199569992913,-0.010343236679103683,-0.010853271100739062,-0.011460206436411706,-0.011577944353216619,-0.01047298154218745,-0.010078929714814413,-0.010211906739020869,-0.009944239484426484,-0.011221198816915853,-0.010078929714814413,-0.010078929714814413,-0.011341303615141284,-0.00938685661618168,-0.010977224911995683,-0.010601199569992913,-0.010727945551107588,-0.011577944353216619,-0.010078929714814413,-0.011221198816915853,-0.012372248036402696,-0.01047298154218745,-0.011221198816915853,-0.012037926306276332,-0.01047298154218745,-0.011924512421318353,-0.010853271100739062,-0.008641380630787312,-0.010078929714814413,-0.00938685661618168,-0.010343236679103683,-0.011341303615141284,-0.010977224911995683,-0.010853271100739062,-0.011460206436411706,-0.011099852982157828,1.0,-0.011099852982157828,-0.010601199569992913,-0.00938685661618168,-0.009807765418496782,-0.011221198816915853,-0.01047298154218745,-0.011221198816915853,-0.011221198816915853,-0.010078929714814413,-0.011221198816915853,-0.010727945551107588,-0.010343236679103683,-0.010727945551107588,-0.009944239484426484,-0.011221198816915853,-0.010977224911995683,-0.010727945551107588,-0.009242434035362714
82,-0.010375505378794163,-0.010982305154501206,-0.009598963040145162,-0.009994500395819473,-0.010622210433805148,-0.010863542711353745,-0.00875633961180827,-0.009187015173909012,-0.010863542711353745,-0.011670645567043985,-0.009326287050622543,-0.009994500395819473,-0.009994500395819473,-0.009994500395819473,-0.00946357461021257,-0.010375505378794163,-0.010375505378794163,-0.010863542711353745,-0.011099852982157828,-0.011216224422342484,-0.009994500395819473,-0.010250017048122652,-0.010622210433805148,-0.010375505378794163,-0.011558634328264874,-0.009994500395819473,-0.00860813684070013,-0.00946357461021257,-0.00875633961180827,-0.010622210433805148,-0.010863542711353745,-0.009864354385379725,-0.010982305154501206,-0.010375505378794163,-0.010375505378794163,-0.009994500395819473,-0.011891660783060856,-0.009045667276983468,-0.011331455758290084,-0.011558634328264874,-0.009864354385379725,-0.00946357461021257,-0.009994500395819473,-0.010622210433805148,-0.009994500395819473,-0.010375505378794163,-0.010123034387725719,-0.010622210433805148,-0.011216224422342484,-0.011331455758290084,-0.010250017048122652,-0.009864354385379725,-0.009994500395819473,-0.009732531642053907,-0.010982305154501206,-0.009864354385379725,-0.009864354385379725,-0.011099852982157828,-0.009187015173909012,-0.010743525330947112,-0.010375505378794163,-0.010499553001906378,-0.011331455758290084,-0.009864354385379725,-0.010982305154501206,-0.012108849116737978,-0.010250017048122652,-0.010982305154501206,-0.011781644927601469,-0.010250017048122652,-0.011670645567043985,-0.010622210433805148,-0.008457409996197384,-0.009864354385379725,-0.009187015173909012,-0.010123034387725719,-0.011099852982157828,-0.010743525330947112,-0.010622210433805148,-0.011216224422342484,-0.010863542711353745,-0.011099852982157828,1.0,-0.010375505378794163,-0.009187015173909012,-0.009598963040145162,-0.010982305154501206,-0.010250017048122652,-0.010982305154501206,-0.010982305154501206,-0.009864354385379725,-0.010982305154501206,-0.010499553001906378,-0.010123034387725719,-0.010499553001906378,-0.009732531642053907,-0.010982305154501206,-0.010743525330947112,-0.010499553001906378,-0.009045667276983468
83,-0.009909392794385382,-0.010488932499247918,-0.009167736096787688,-0.009545504203413139,-0.01014501479111827,-0.010375505378794163,-0.008362966957907215,-0.008774294710724105,-0.010375505378794163,-0.011146349682807647,-0.00890730989226758,-0.009545504203413139,-0.009545504203413139,-0.009545504203413139,-0.009038429900796575,-0.009909392794385382,-0.009909392794385382,-0.010375505378794163,-0.010601199569992913,-0.010712343101680052,-0.009545504203413139,-0.009789541942370281,-0.01014501479111827,-0.009909392794385382,-0.011039370473417374,-0.009545504203413139,-0.00822142209637897,-0.009038429900796575,-0.008362966957907215,-0.01014501479111827,-0.010375505378794163,-0.00942120491475338,-0.010488932499247918,-0.009909392794385382,-0.009909392794385382,-0.009545504203413139,-0.01135743593924421,-0.008639296772777074,-0.010822397747544373,-0.011039370473417374,-0.00942120491475338,-0.009038429900796575,-0.009545504203413139,-0.01014501479111827,-0.009545504203413139,-0.009909392794385382,-0.009668263892385261,-0.01014501479111827,-0.010712343101680052,-0.010822397747544373,-0.009789541942370281,-0.00942120491475338,-0.009545504203413139,-0.009295304219302069,-0.010488932499247918,-0.00942120491475338,-0.00942120491475338,-0.010601199569992913,-0.008774294710724105,-0.010260879698291583,-0.009909392794385382,-0.01002786766165702,-0.010822397747544373,-0.00942120491475338,-0.010488932499247918,-0.011564867233450219,-0.009789541942370281,-0.010488932499247918,-0.011252362471923228,-0.009789541942370281,-0.011146349682807647,-0.01014501479111827,-0.008077466553751751,-0.00942120491475338,-0.008774294710724105,-0.009668263892385261,-0.010601199569992913,-0.010260879698291583,-0.01014501479111827,-0.010712343101680052,-0.010375505378794163,-0.010601199569992913,-0.010375505378794163,1.0,-0.008774294710724105,-0.009167736096787688,-0.010488932499247918,-0.009789541942370281,-0.010488932499247918,-0.010488932499247918,-0.00942120491475338,-0.010488932499247918,-0.01002786766165702,-0.009668263892385261,-0.01002786766165702,-0.009295304219302069,-0.010488932499247918,-0.010260879698291583,-0.01002786766165702,-0.008639296772777074
84,-0.008774294710724105,-0.009287449479390772,-0.008117593076836738,-0.008452088718357988,-0.008982926751310388,-0.009187015173909012,-0.007405008386215352,-0.007769219493878797,-0.009187015173909012,-0.009869561041232945,-0.007886998093242038,-0.008452088718357988,-0.008452088718357988,-0.008452088718357988,-0.008003098607287455,-0.008774294710724105,-0.008774294710724105,-0.009187015173909012,-0.00938685661618168,-0.009485268912721806,-0.008452088718357988,-0.008668172497311825,-0.008982926751310388,-0.008774294710724105,-0.009774836053477655,-0.008452088718357988,-0.007279677162031651,-0.008003098607287455,-0.007405008386215352,-0.008982926751310388,-0.009187015173909012,-0.008342027626456165,-0.009287449479390772,-0.008774294710724105,-0.008774294710724105,-0.008452088718357988,-0.01005646785396998,-0.007649685258283815,-0.009582717052798064,-0.009774836053477655,-0.008342027626456165,-0.008003098607287455,-0.008452088718357988,-0.008982926751310388,-0.008452088718357988,-0.008774294710724105,-0.008560786568164537,-0.008982926751310388,-0.009485268912721806,-0.009582717052798064,-0.008668172497311825,-0.008342027626456165,-0.008452088718357988,-0.008230548565216324,-0.009287449479390772,-0.008342027626456165,-0.008342027626456165,-0.00938685661618168,-0.007769219493878797,-0.009085519600666944,-0.008774294710724105,-0.008879198555270895,-0.009582717052798064,-0.008342027626456165,-0.009287449479390772,-0.01024013837196798,-0.008668172497311825,-0.009287449479390772,-0.00996343030992648,-0.008668172497311825,-0.009869561041232945,-0.008982926751310388,-0.007152211394707432,-0.008342027626456165,-0.007769219493878797,-0.008560786568164537,-0.00938685661618168,-0.009085519600666944,-0.008982926751310388,-0.009485268912721806,-0.009187015173909012,-0.00938685661618168,-0.009187015173909012,-0.008774294710724105,1.0,-0.008117593076836738,-0.009287449479390772,-0.008668172497311825,-0.009287449479390772,-0.009287449479390772,-0.008342027626456165,-0.009287449479390772,-0.008879198555270895,-0.008560786568164537,-0.008879198555270895,-0.008230548565216324,-0.009287449479390772,-0.009085519600666944,-0.008879198555270895,-0.007649685258283815
85,-0.009167736096787688,-0.00970390084290617,-0.008481587811108346,-0.008831082313868149,-0.009385723245896278,-0.009598963040145162,-0.007737050659621572,-0.008117593076836738,-0.009598963040145162,-0.010312114420612356,-0.008240652895592518,-0.008831082313868149,-0.008831082313868149,-0.008831082313868149,-0.008361959383300166,-0.009167736096787688,-0.009167736096787688,-0.009598963040145162,-0.009807765418496782,-0.009910590544971735,-0.008831082313868149,-0.009056855339000776,-0.009385723245896278,-0.009167736096787688,-0.010213141942693354,-0.008831082313868149,-0.007606099554617184,-0.008361959383300166,-0.007737050659621572,-0.009385723245896278,-0.009598963040145162,-0.008716086057377361,-0.00970390084290617,-0.009167736096787688,-0.009167736096787688,-0.008831082313868149,-0.010507402177675103,-0.007992698898718165,-0.010012408281985973,-0.010213141942693354,-0.008716086057377361,-0.008361959383300166,-0.008831082313868149,-0.009385723245896278,-0.008831082313868149,-0.009167736096787688,-0.008944654200175636,-0.009385723245896278,-0.009910590544971735,-0.010012408281985973,-0.009056855339000776,-0.008716086057377361,-0.008831082313868149,-0.008599608249478414,-0.00970390084290617,-0.008716086057377361,-0.008716086057377361,-0.009807765418496782,-0.008117593076836738,-0.00949291638213421,-0.009167736096787688,-0.009277343853769904,-0.010012408281985973,-0.008716086057377361,-0.00970390084290617,-0.010699308523800898,-0.009056855339000776,-0.00970390084290617,-0.010410192808830727,-0.009056855339000776,-0.010312114420612356,-0.009385723245896278,-0.007472918193068575,-0.008716086057377361,-0.008117593076836738,-0.008944654200175636,-0.009807765418496782,-0.00949291638213421,-0.009385723245896278,-0.009910590544971735,-0.009598963040145162,-0.009807765418496782,-0.009598963040145162,-0.009167736096787688,-0.008117593076836738,1.0,-0.00970390084290617,-0.009056855339000776,-0.00970390084290617,-0.00970390084290617,-0.008716086057377361,-0.00970390084290617,-0.009277343853769904,-0.008944654200175636,-0.009277343853769904,-0.008599608249478414,-0.00970390084290617,-0.00949291638213421,-0.009277343853769904,-0.007992698898718165
86,-0.010488932499247918,-0.011102365932664887,-0.00970390084290617,-0.01010376229284366,-0.010738334583749967,-0.010982305154501206,-0.008852065685056955,-0.009287449479390772,-0.010982305154501206,-0.011798231421629125,-0.009428243904390777,-0.01010376229284366,-0.01010376229284366,-0.01010376229284366,-0.00956703231931169,-0.010488932499247918,-0.010488932499247918,-0.010982305154501206,-0.011221198816915853,-0.011338842453189406,-0.01010376229284366,-0.010362072304799273,-0.010738334583749967,-0.010488932499247918,-0.011684995653363561,-0.01010376229284366,-0.008702242731320945,-0.00956703231931169,-0.008852065685056955,-0.010738334583749967,-0.010982305154501206,-0.009972193499930792,-0.011102365932664887,-0.010488932499247918,-0.010488932499247918,-0.01010376229284366,-0.012021662820628318,-0.009144556338706476,-0.0114553335213761,-0.011684995653363561,-0.009972193499930792,-0.00956703231931169,-0.01010376229284366,-0.010738334583749967,-0.01010376229284366,-0.010488932499247918,-0.010233701444310824,-0.010738334583749967,-0.011338842453189406,-0.0114553335213761,-0.010362072304799273,-0.009972193499930792,-0.01010376229284366,-0.009838929643749274,-0.011102365932664887,-0.009972193499930792,-0.009972193499930792,-0.011221198816915853,-0.009287449479390772,-0.010860975719850762,-0.010488932499247918,-0.010614336236031231,-0.0114553335213761,-0.009972193499930792,-0.011102365932664887,-0.012241225501037073,-0.010362072304799273,-0.011102365932664887,-0.011910444249615957,-0.010362072304799273,-0.011798231421629125,-0.010738334583749967,-0.008549868110510167,-0.009972193499930792,-0.009287449479390772,-0.010233701444310824,-0.011221198816915853,-0.010860975719850762,-0.010738334583749967,-0.011338842453189406,-0.010982305154501206,-0.011221198816915853,-0.010982305154501206,-0.010488932499247918,-0.009287449479390772,-0.00970390084290617,1.0,-0.010362072304799273,-0.011102365932664887,-0.011102365932664887,-0.009972193499930792,-0.011102365932664887,-0.010614336236031231,-0.010233701444310824,-0.010614336236031231,-0.009838929643749274,-0.011102365932664887,-0.010860975719850762,-0.010614336236031231,-0.009144556338706476
87,-0.009789541942370281,-0.010362072304799273,-0.009056855339000776,-0.009430054464419947,-0.010022314168421162,-0.010250017048122652,-0.008261819618602307,-0.008668172497311825,-0.010250017048122652,-0.011011538243392342,-0.00879957890391119,-0.009430054464419947,-0.009430054464419947,-0.009430054464419947,-0.008929113058991394,-0.009789541942370281,-0.009789541942370281,-0.010250017048122652,-0.01047298154218745,-0.010582780829353752,-0.009430054464419947,-0.009671140647056261,-0.010022314168421162,-0.009789541942370281,-0.010905852912412115,-0.009430054464419947,-0.008121986695696793,-0.008929113058991394,-0.008261819618602307,-0.010022314168421162,-0.010250017048122652,-0.009307258534841805,-0.010362072304799273,-0.009789541942370281,-0.009789541942370281,-0.009430054464419947,-0.011220071480869264,-0.00853480731509655,-0.010691504400413719,-0.010905852912412115,-0.009307258534841805,-0.008929113058991394,-0.009430054464419947,-0.010022314168421162,-0.009430054464419947,-0.009789541942370281,-0.009551329415263135,-0.010022314168421162,-0.010582780829353752,-0.010691504400413719,-0.009671140647056261,-0.009307258534841805,-0.009430054464419947,-0.009182880566961421,-0.010362072304799273,-0.009307258534841805,-0.009307258534841805,-0.01047298154218745,-0.008668172497311825,-0.010136777727587436,-0.009789541942370281,-0.009906583895024494,-0.010691504400413719,-0.009307258534841805,-0.010362072304799273,-0.01142499396168367,-0.009671140647056261,-0.010362072304799273,-0.011116268842633767,-0.009671140647056261,-0.011011538243392342,-0.010022314168421162,-0.007979772248088629,-0.009307258534841805,-0.008668172497311825,-0.009551329415263135,-0.01047298154218745,-0.010136777727587436,-0.010022314168421162,-0.010582780829353752,-0.010250017048122652,-0.01047298154218745,-0.010250017048122652,-0.009789541942370281,-0.008668172497311825,-0.009056855339000776,-0.010362072304799273,1.0,-0.010362072304799273,-0.010362072304799273,-0.009307258534841805,-0.010362072304799273,-0.009906583895024494,-0.009551329415263135,-0.009906583895024494,-0.009182880566961421,-0.010362072304799273,-0.010136777727587436,-0.009906583895024494,-0.00853480731509655
88,-0.010488932499247918,-0.011102365932664887,-0.00970390084290617,-0.01010376229284366,-0.010738334583749967,-0.010982305154501206,-0.008852065685056955,-0.009287449479390772,-0.010982305154501206,-0.011798231421629125,-0.009428243904390777,-0.01010376229284366,-0.01010376229284366,-0.01010376229284366,-0.00956703231931169,-0.010488932499247918,-0.010488932499247918,-0.010982305154501206,-0.011221198816915853,-0.011338842453189406,-0.01010376229284366,-0.010362072304799273,-0.010738334583749967,-0.010488932499247918,-0.011684995653363561,-0.01010376229284366,-0.008702242731320945,-0.00956703231931169,-0.008852065685056955,-0.010738334583749967,-0.010982305154501206,-0.009972193499930792,-0.011102365932664887,-0.010488932499247918,-0.010488932499247918,-0.01010376229284366,-0.012021662820628318,-0.009144556338706476,-0.0114553335213761,-0.011684995653363561,-0.009972193499930792,-0.00956703231931169,-0.01010376229284366,-0.010738334583749967,-0.01010376229284366,-0.010488932499247918,-0.010233701444310824,-0.010738334583749967,-0.011338842453189406,-0.0114553335213761,-0.010362072304799273,-0.009972193499930792,-0.01010376229284366,-0.009838929643749274,-0.011102365932664887,-0.009972193499930792,-0.009972193499930792,-0.011221198816915853,-0.009287449479390772,-0.010860975719850762,-0.010488932499247918,-0.010614336236031231,-0.0114553335213761,-0.009972193499930792,-0.011102365932664887,-0.012241225501037073,-0.010362072304799273,-0.011102365932664887,-0.011910444249615957,-0.010362072304799273,-0.011798231421629125,-0.010738334583749967,-0.008549868110510167,-0.009972193499930792,-0.009287449479390772,-0.010233701444310824,-0.011221198816915853,-0.010860975719850762,-0.010738334583749967,-0.011338842453189406,-0.010982305154501206,-0.011221198816915853,-0.010982305154501206,-0.010488932499247918,-0.009287449479390772,-0.00970390084290617,-0.011102365932664887,-0.010362072304799273,1.0,-0.011102365932664887,-0.009972193499930792,-0.011102365932664887,-0.010614336236031231,-0.010233701444310824,-0.010614336236031231,-0.009838929643749274,-0.011102365932664887,-0.010860975719850762,-0.010614336236031231,-0.009144556338706476
89,-0.010488932499247918,-0.011102365932664887,-0.00970390084290617,-0.01010376229284366,-0.010738334583749967,-0.010982305154501206,-0.008852065685056955,-0.009287449479390772,-0.010982305154501206,-0.011798231421629125,-0.009428243904390777,-0.01010376229284366,-0.01010376229284366,-0.01010376229284366,-0.00956703231931169,-0.010488932499247918,-0.010488932499247918,-0.010982305154501206,-0.011221198816915853,-0.011338842453189406,-0.01010376229284366,-0.010362072304799273,-0.010738334583749967,-0.010488932499247918,-0.011684995653363561,-0.01010376229284366,-0.008702242731320945,-0.00956703231931169,-0.008852065685056955,-0.010738334583749967,-0.010982305154501206,-0.009972193499930792,-0.011102365932664887,-0.010488932499247918,-0.010488932499247918,-0.01010376229284366,-0.012021662820628318,-0.009144556338706476,-0.0114553335213761,-0.011684995653363561,-0.009972193499930792,-0.00956703231931169,-0.01010376229284366,-0.010738334583749967,-0.01010376229284366,-0.010488932499247918,-0.010233701444310824,-0.010738334583749967,-0.011338842453189406,-0.0114553335213761,-0.010362072304799273,-0.009972193499930792,-0.01010376229284366,-0.009838929643749274,-0.011102365932664887,-0.009972193499930792,-0.009972193499930792,-0.011221198816915853,-0.009287449479390772,-0.010860975719850762,-0.010488932499247918,-0.010614336236031231,-0.0114553335213761,-0.009972193499930792,-0.011102365932664887,-0.012241225501037073,-0.010362072304799273,-0.011102365932664887,-0.011910444249615957,-0.010362072304799273,-0.011798231421629125,-0.010738334583749967,-0.008549868110510167,-0.009972193499930792,-0.009287449479390772,-0.010233701444310824,-0.011221198816915853,-0.010860975719850762,-0.010738334583749967,-0.011338842453189406,-0.010982305154501206,-0.011221198816915853,-0.010982305154501206,-0.010488932499247918,-0.009287449479390772,-0.00970390084290617,-0.011102365932664887,-0.010362072304799273,-0.011102365932664887,1.0,-0.009972193499930792,-0.011102365932664887,-0.010614336236031231,-0.010233701444310824,-0.010614336236031231,-0.009838929643749274,-0.011102365932664887,-0.010860975719850762,-0.010614336236031231,-0.009144556338706476
90,-0.00942120491475338,-0.009972193499930792,-0.008716086057377361,-0.009075243355571588,-0.009645218954735893,-0.009864354385379725,-0.007950964003606476,-0.008342027626456165,-0.009864354385379725,-0.010597222916900271,-0.008468489793018402,-0.009075243355571588,-0.009075243355571588,-0.009075243355571588,-0.00859315015257906,-0.00942120491475338,-0.00942120491475338,-0.009864354385379725,-0.010078929714814413,-0.010184597741978217,-0.009075243355571588,-0.009307258534841805,-0.009645218954735893,-0.00942120491475338,-0.010495514056004664,-0.009075243355571588,-0.007816392373158692,-0.00859315015257906,-0.007950964003606476,-0.009645218954735893,-0.009864354385379725,-0.008957067691984491,-0.009972193499930792,-0.00942120491475338,-0.00942120491475338,-0.009075243355571588,-0.010797909973901768,-0.008213680384313462,-0.01028923052745987,-0.010495514056004664,-0.008957067691984491,-0.00859315015257906,-0.009075243355571588,-0.009645218954735893,-0.009075243355571588,-0.00942120491475338,-0.009191955268105022,-0.009645218954735893,-0.010184597741978217,-0.01028923052745987,-0.009307258534841805,-0.008957067691984491,-0.009075243355571588,-0.00883736951517705,-0.009972193499930792,-0.008957067691984491,-0.008957067691984491,-0.010078929714814413,-0.008342027626456165,-0.009755375758039437,-0.00942120491475338,-0.009533843098038102,-0.01028923052745987,-0.008957067691984491,-0.009972193499930792,-0.010995122130993223,-0.009307258534841805,-0.009972193499930792,-0.010698012968376313,-0.009307258534841805,-0.010597222916900271,-0.009645218954735893,-0.007679528824216118,-0.008957067691984491,-0.008342027626456165,-0.009191955268105022,-0.010078929714814413,-0.009755375758039437,-0.009645218954735893,-0.010184597741978217,-0.009864354385379725,-0.010078929714814413,-0.009864354385379725,-0.00942120491475338,-0.008342027626456165,-0.008716086057377361,-0.009972193499930792,-0.009307258534841805,-0.009972193499930792,-0.009972193499930792,1.0,-0.009972193499930792,-0.009533843098038102,-0.009191955268105022,-0.009533843098038102,-0.00883736951517705,-0.009972193499930792,-0.009755375758039437,-0.009533843098038102,-0.008213680384313462
91,-0.010488932499247918,-0.011102365932664887,-0.00970390084290617,-0.01010376229284366,-0.010738334583749967,-0.010982305154501206,-0.008852065685056955,-0.009287449479390772,-0.010982305154501206,-0.011798231421629125,-0.009428243904390777,-0.01010376229284366,-0.01010376229284366,-0.01010376229284366,-0.00956703231931169,-0.010488932499247918,-0.010488932499247918,-0.010982305154501206,-0.011221198816915853,-0.011338842453189406,-0.01010376229284366,-0.010362072304799273,-0.010738334583749967,-0.010488932499247918,-0.011684995653363561,-0.01010376229284366,-0.008702242731320945,-0.00956703231931169,-0.008852065685056955,-0.010738334583749967,-0.010982305154501206,-0.009972193499930792,-0.011102365932664887,-0.010488932499247918,-0.010488932499247918,-0.01010376229284366,-0.012021662820628318,-0.009144556338706476,-0.0114553335213761,-0.011684995653363561,-0.009972193499930792,-0.00956703231931169,-0.01010376229284366,-0.010738334583749967,-0.01010376229284366,-0.010488932499247918,-0.010233701444310824,-0.010738334583749967,-0.011338842453189406,-0.0114553335213761,-0.010362072304799273,-0.009972193499930792,-0.01010376229284366,-0.009838929643749274,-0.011102365932664887,-0.009972193499930792,-0.009972193499930792,-0.011221198816915853,-0.009287449479390772,-0.010860975719850762,-0.010488932499247918,-0.010614336236031231,-0.0114553335213761,-0.009972193499930792,-0.011102365932664887,-0.012241225501037073,-0.010362072304799273,-0.011102365932664887,-0.011910444249615957,-0.010362072304799273,-0.011798231421629125,-0.010738334583749967,-0.008549868110510167,-0.009972193499930792,-0.009287449479390772,-0.010233701444310824,-0.011221198816915853,-0.010860975719850762,-0.010738334583749967,-0.011338842453189406,-0.010982305154501206,-0.011221198816915853,-0.010982305154501206,-0.010488932499247918,-0.009287449479390772,-0.00970390084290617,-0.011102365932664887,-0.010362072304799273,-0.011102365932664887,-0.011102365932664887,-0.009972193499930792,1.0,-0.010614336236031231,-0.010233701444310824,-0.010614336236031231,-0.009838929643749274,-0.011102365932664887,-0.010860975719850762,-0.010614336236031231,-0.009144556338706476
92,-0.01002786766165702,-0.010614336236031231,-0.009277343853769904,-0.009659628486000969,-0.01026630671139895,-0.010499553001906378,-0.008462953043926183,-0.008879198555270895,-0.010499553001906378,-0.011279613377832646,-0.009013804041720575,-0.009659628486000969,-0.009659628486000969,-0.009659628486000969,-0.00914649169681778,-0.01002786766165702,-0.01002786766165702,-0.010499553001906378,-0.010727945551107588,-0.010840417894300935,-0.009659628486000969,-0.009906583895024494,-0.01026630671139895,-0.01002786766165702,-0.011171355144803255,-0.009659628486000969,-0.008319715898215596,-0.00914649169681778,-0.008462953043926183,-0.01026630671139895,-0.010499553001906378,-0.009533843098038102,-0.010614336236031231,-0.01002786766165702,-0.01002786766165702,-0.009659628486000969,-0.011493223342505738,-0.00874258660694885,-0.010951788333153986,-0.011171355144803255,-0.009533843098038102,-0.00914649169681778,-0.009659628486000969,-0.01026630671139895,-0.009659628486000969,-0.01002786766165702,-0.009783855867107113,-0.01026630671139895,-0.010840417894300935,-0.010951788333153986,-0.009906583895024494,-0.009533843098038102,-0.009659628486000969,-0.00940643715716031,-0.010614336236031231,-0.009533843098038102,-0.009533843098038102,-0.010727945551107588,-0.008879198555270895,-0.010383556877970455,-0.01002786766165702,-0.01014775899252701,-0.010951788333153986,-0.009533843098038102,-0.010614336236031231,-0.011703134646895916,-0.009906583895024494,-0.010614336236031231,-0.011386893636245303,-0.009906583895024494,-0.011279613377832646,-0.01026630671139895,-0.008174039249748731,-0.009533843098038102,-0.008879198555270895,-0.009783855867107113,-0.010727945551107588,-0.010383556877970455,-0.01026630671139895,-0.010840417894300935,-0.010499553001906378,-0.010727945551107588,-0.010499553001906378,-0.01002786766165702,-0.008879198555270895,-0.009277343853769904,-0.010614336236031231,-0.009906583895024494,-0.010614336236031231,-0.010614336236031231,-0.009533843098038102,-0.010614336236031231,1.0,-0.009783855867107113,-0.01014775899252701,-0.00940643715716031,-0.010614336236031231,-0.010383556877970455,-0.01014775899252701,-0.00874258660694885
93,-0.009668263892385261,-0.010233701444310824,-0.008944654200175636,-0.009313229936425691,-0.009898152412351391,-0.010123034387725719,-0.008159467804945388,-0.008560786568164537,-0.010123034387725719,-0.01087512145358177,-0.008690565042339515,-0.009313229936425691,-0.009313229936425691,-0.009313229936425691,-0.008818494459442489,-0.009668263892385261,-0.009668263892385261,-0.010123034387725719,-0.010343236679103683,-0.010451675714328104,-0.009313229936425691,-0.009551329415263135,-0.009898152412351391,-0.009668263892385261,-0.010770745408667102,-0.009313229936425691,-0.008021367206628043,-0.008818494459442489,-0.008159467804945388,-0.009898152412351391,-0.010123034387725719,-0.009191955268105022,-0.010233701444310824,-0.009668263892385261,-0.009668263892385261,-0.009313229936425691,-0.011081071270450544,-0.008429073584727324,-0.01055905235998919,-0.010770745408667102,-0.009191955268105022,-0.008818494459442489,-0.009313229936425691,-0.009898152412351391,-0.009313229936425691,-0.009668263892385261,-0.009433002468704571,-0.009898152412351391,-0.010451675714328104,-0.01055905235998919,-0.009551329415263135,-0.009191955268105022,-0.009313229936425691,-0.009069118160613654,-0.010233701444310824,-0.009191955268105022,-0.009191955268105022,-0.010343236679103683,-0.008560786568164537,-0.010011197936094582,-0.009668263892385261,-0.009783855867107113,-0.01055905235998919,-0.009191955268105022,-0.010233701444310824,-0.011283455062629916,-0.009551329415263135,-0.010233701444310824,-0.010978554594481984,-0.009551329415263135,-0.01087512145358177,-0.009898152412351391,-0.007880914587202154,-0.009191955268105022,-0.008560786568164537,-0.009433002468704571,-0.010343236679103683,-0.010011197936094582,-0.009898152412351391,-0.010451675714328104,-0.010123034387725719,-0.010343236679103683,-0.010123034387725719,-0.009668263892385261,-0.008560786568164537,-0.008944654200175636,-0.010233701444310824,-0.009551329415263135,-0.010233701444310824,-0.010233701444310824,-0.009191955268105022,-0.010233701444310824,-0.009783855867107113,1.0,-0.009783855867107113,-0.009069118160613654,-0.010233701444310824,-0.010011197936094582,-0.009783855867107113,-0.008429073584727324
94,-0.01002786766165702,-0.010614336236031231,-0.009277343853769904,-0.009659628486000969,-0.01026630671139895,-0.010499553001906378,-0.008462953043926183,-0.008879198555270895,-0.010499553001906378,-0.011279613377832646,-0.009013804041720575,-0.009659628486000969,-0.009659628486000969,-0.009659628486000969,-0.00914649169681778,-0.01002786766165702,-0.01002786766165702,-0.010499553001906378,-0.010727945551107588,-0.010840417894300935,-0.009659628486000969,-0.009906583895024494,-0.01026630671139895,-0.01002786766165702,-0.011171355144803255,-0.009659628486000969,-0.008319715898215596,-0.00914649169681778,-0.008462953043926183,-0.01026630671139895,-0.010499553001906378,-0.009533843098038102,-0.010614336236031231,-0.01002786766165702,-0.01002786766165702,-0.009659628486000969,-0.011493223342505738,-0.00874258660694885,-0.010951788333153986,-0.011171355144803255,-0.009533843098038102,-0.00914649169681778,-0.009659628486000969,-0.01026630671139895,-0.009659628486000969,-0.01002786766165702,-0.009783855867107113,-0.01026630671139895,-0.010840417894300935,-0.010951788333153986,-0.009906583895024494,-0.009533843098038102,-0.009659628486000969,-0.00940643715716031,-0.010614336236031231,-0.009533843098038102,-0.009533843098038102,-0.010727945551107588,-0.008879198555270895,-0.010383556877970455,-0.01002786766165702,-0.01014775899252701,-0.010951788333153986,-0.009533843098038102,-0.010614336236031231,-0.011703134646895916,-0.009906583895024494,-0.010614336236031231,-0.011386893636245303,-0.009906583895024494,-0.011279613377832646,-0.01026630671139895,-0.008174039249748731,-0.009533843098038102,-0.008879198555270895,-0.009783855867107113,-0.010727945551107588,-0.010383556877970455,-0.01026630671139895,-0.010840417894300935,-0.010499553001906378,-0.010727945551107588,-0.010499553001906378,-0.01002786766165702,-0.008879198555270895,-0.009277343853769904,-0.010614336236031231,-0.009906583895024494,-0.010614336236031231,-0.010614336236031231,-0.009533843098038102,-0.010614336236031231,-0.01014775899252701,-0.009783855867107113,1.0,-0.00940643715716031,-0.010614336236031231,-0.010383556877970455,-0.01014775899252701,-0.00874258660694885
95,-0.009295304219302069,-0.009838929643749274,-0.008599608249478414,-0.008953965932970674,-0.00951632463758971,-0.009732531642053907,-0.007844710938672629,-0.008230548565216324,-0.009732531642053907,-0.010455606452004046,-0.008355320748930027,-0.008953965932970674,-0.008953965932970674,-0.008953965932970674,-0.008478315204171024,-0.009295304219302069,-0.009295304219302069,-0.009732531642053907,-0.009944239484426484,-0.010048495412158501,-0.008953965932970674,-0.009182880566961421,-0.00951632463758971,-0.009295304219302069,-0.010355256782043803,-0.008953965932970674,-0.0077119376622586085,-0.008478315204171024,-0.007844710938672629,-0.00951632463758971,-0.009732531642053907,-0.00883736951517705,-0.009838929643749274,-0.009295304219302069,-0.009295304219302069,-0.008953965932970674,-0.010653611618496508,-0.008103916497214429,-0.010151729932707129,-0.010355256782043803,-0.00883736951517705,-0.008478315204171024,-0.008953965932970674,-0.00951632463758971,-0.008953965932970674,-0.009295304219302069,-0.009069118160613654,-0.00951632463758971,-0.010048495412158501,-0.010151729932707129,-0.009182880566961421,-0.00883736951517705,-0.008953965932970674,-0.008719270930336946,-0.009838929643749274,-0.00883736951517705,-0.00883736951517705,-0.009944239484426484,-0.008230548565216324,-0.009625009355499706,-0.009295304219302069,-0.00940643715716031,-0.010151729932707129,-0.00883736951517705,-0.009838929643749274,-0.010848188322060104,-0.009182880566961421,-0.009838929643749274,-0.010555049591095713,-0.009182880566961421,-0.010455606452004046,-0.00951632463758971,-0.007576903095505652,-0.00883736951517705,-0.008230548565216324,-0.009069118160613654,-0.009944239484426484,-0.009625009355499706,-0.00951632463758971,-0.010048495412158501,-0.009732531642053907,-0.009944239484426484,-0.009732531642053907,-0.009295304219302069,-0.008230548565216324,-0.008599608249478414,-0.009838929643749274,-0.009182880566961421,-0.009838929643749274,-0.009838929643749274,-0.00883736951517705,-0.009838929643749274,-0.00940643715716031,-0.009069118160613654,-0.00940643715716031,1.0,-0.009838929643749274,-0.009625009355499706,-0.00940643715716031,-0.008103916497214429
96,-0.010488932499247918,-0.011102365932664887,-0.00970390084290617,-0.01010376229284366,-0.010738334583749967,-0.010982305154501206,-0.008852065685056955,-0.009287449479390772,-0.010982305154501206,-0.011798231421629125,-0.009428243904390777,-0.01010376229284366,-0.01010376229284366,-0.01010376229284366,-0.00956703231931169,-0.010488932499247918,-0.010488932499247918,-0.010982305154501206,-0.011221198816915853,-0.011338842453189406,-0.01010376229284366,-0.010362072304799273,-0.010738334583749967,-0.010488932499247918,-0.011684995653363561,-0.01010376229284366,-0.008702242731320945,-0.00956703231931169,-0.008852065685056955,-0.010738334583749967,-0.010982305154501206,-0.009972193499930792,-0.011102365932664887,-0.010488932499247918,-0.010488932499247918,-0.01010376229284366,-0.012021662820628318,-0.009144556338706476,-0.0114553335213761,-0.011684995653363561,-0.009972193499930792,-0.00956703231931169,-0.01010376229284366,-0.010738334583749967,-0.01010376229284366,-0.010488932499247918,-0.010233701444310824,-0.010738334583749967,-0.011338842453189406,-0.0114553335213761,-0.010362072304799273,-0.009972193499930792,-0.01010376229284366,-0.009838929643749274,-0.011102365932664887,-0.009972193499930792,-0.009972193499930792,-0.011221198816915853,-0.009287449479390772,-0.010860975719850762,-0.010488932499247918,-0.010614336236031231,-0.0114553335213761,-0.009972193499930792,-0.011102365932664887,-0.012241225501037073,-0.010362072304799273,-0.011102365932664887,-0.011910444249615957,-0.010362072304799273,-0.011798231421629125,-0.010738334583749967,-0.008549868110510167,-0.009972193499930792,-0.009287449479390772,-0.010233701444310824,-0.011221198816915853,-0.010860975719850762,-0.010738334583749967,-0.011338842453189406,-0.010982305154501206,-0.011221198816915853,-0.010982305154501206,-0.010488932499247918,-0.009287449479390772,-0.00970390084290617,-0.011102365932664887,-0.010362072304799273,-0.011102365932664887,-0.011102365932664887,-0.009972193499930792,-0.011102365932664887,-0.010614336236031231,-0.010233701444310824,-0.010614336236031231,-0.009838929643749274,1.0,-0.010860975719850762,-0.010614336236031231,-0.009144556338706476
97,-0.010260879698291583,-0.010860975719850762,-0.00949291638213421,-0.00988408395176889,-0.010504859224879454,-0.010743525330947112,-0.00865960202167925,-0.009085519600666944,-0.010743525330947112,-0.01154171154010386,-0.00922325284065288,-0.00988408395176889,-0.00988408395176889,-0.00988408395176889,-0.009359023685695708,-0.010260879698291583,-0.010260879698291583,-0.010743525330947112,-0.010977224911995683,-0.011092310713068295,-0.00988408395176889,-0.010136777727587436,-0.010504859224879454,-0.010260879698291583,-0.011430937770151589,-0.00988408395176889,-0.008513036553321232,-0.009359023685695708,-0.00865960202167925,-0.010504859224879454,-0.010743525330947112,-0.009755375758039437,-0.010860975719850762,-0.010260879698291583,-0.010260879698291583,-0.00988408395176889,-0.011760285041851164,-0.008945733275759453,-0.011206269005456472,-0.011430937770151589,-0.009755375758039437,-0.009359023685695708,-0.00988408395176889,-0.010504859224879454,-0.00988408395176889,-0.010260879698291583,-0.010011197936094582,-0.010504859224879454,-0.011092310713068295,-0.011206269005456472,-0.010136777727587436,-0.009755375758039437,-0.00988408395176889,-0.009625009355499706,-0.010860975719850762,-0.009755375758039437,-0.009755375758039437,-0.010977224911995683,-0.009085519600666944,-0.010624833868980017,-0.010260879698291583,-0.010383556877970455,-0.011206269005456472,-0.009755375758039437,-0.010860975719850762,-0.0119750739395841,-0.010136777727587436,-0.010860975719850762,-0.01165148461078198,-0.010136777727587436,-0.01154171154010386,-0.010504859224879454,-0.008363974896825275,-0.009755375758039437,-0.009085519600666944,-0.010011197936094582,-0.010977224911995683,-0.010624833868980017,-0.010504859224879454,-0.011092310713068295,-0.010743525330947112,-0.010977224911995683,-0.010743525330947112,-0.010260879698291583,-0.009085519600666944,-0.00949291638213421,-0.010860975719850762,-0.010136777727587436,-0.010860975719850762,-0.010860975719850762,-0.009755375758039437,-0.010860975719850762,-0.010383556877970455,-0.010011197936094582,-0.010383556877970455,-0.009625009355499706,-0.010860975719850762,1.0,-0.010383556877970455,-0.008945733275759453
98,-0.01002786766165702,-0.010614336236031231,-0.009277343853769904,-0.009659628486000969,-0.01026630671139895,-0.010499553001906378,-0.008462953043926183,-0.008879198555270895,-0.010499553001906378,-0.011279613377832646,-0.009013804041720575,-0.009659628486000969,-0.009659628486000969,-0.009659628486000969,-0.00914649169681778,-0.01002786766165702,-0.01002786766165702,-0.010499553001906378,-0.010727945551107588,-0.010840417894300935,-0.009659628486000969,-0.009906583895024494,-0.01026630671139895,-0.01002786766165702,-0.011171355144803255,-0.009659628486000969,-0.008319715898215596,-0.00914649169681778,-0.008462953043926183,-0.01026630671139895,-0.010499553001906378,-0.009533843098038102,-0.010614336236031231,-0.01002786766165702,-0.01002786766165702,-0.009659628486000969,-0.011493223342505738,-0.00874258660694885,-0.010951788333153986,-0.011171355144803255,-0.009533843098038102,-0.00914649169681778,-0.009659628486000969,-0.01026630671139895,-0.009659628486000969,-0.01002786766165702,-0.009783855867107113,-0.01026630671139895,-0.010840417894300935,-0.010951788333153986,-0.009906583895024494,-0.009533843098038102,-0.009659628486000969,-0.00940643715716031,-0.010614336236031231,-0.009533843098038102,-0.009533843098038102,-0.010727945551107588,-0.008879198555270895,-0.010383556877970455,-0.01002786766165702,-0.01014775899252701,-0.010951788333153986,-0.009533843098038102,-0.010614336236031231,-0.011703134646895916,-0.009906583895024494,-0.010614336236031231,-0.011386893636245303,-0.009906583895024494,-0.011279613377832646,-0.01026630671139895,-0.008174039249748731,-0.009533843098038102,-0.008879198555270895,-0.009783855867107113,-0.010727945551107588,-0.010383556877970455,-0.01026630671139895,-0.010840417894300935,-0.010499553001906378,-0.010727945551107588,-0.010499553001906378,-0.01002786766165702,-0.008879198555270895,-0.009277343853769904,-0.010614336236031231,-0.009906583895024494,-0.010614336236031231,-0.010614336236031231,-0.009533843098038102,-0.010614336236031231,-0.01014775899252701,-0.009783855867107113,-0.01014775899252701,-0.00940643715716031,-0.010614336236031231,-0.010383556877970455,1.0,-0.00874258660694885
99,-0.008639296772777074,-0.009144556338706476,-0.007992698898718165,-0.008322048118407643,-0.008844718880691,-0.009045667276983468,-0.007291077763233457,-0.007649685258283815,-0.009045667276983468,-0.009717711755001388,-0.007765651761225347,-0.008322048118407643,-0.008322048118407643,-0.008322048118407643,-0.00787996599722706,-0.008639296772777074,-0.008639296772777074,-0.009045667276983468,-0.009242434035362714,-0.00933933219799926,-0.008322048118407643,-0.00853480731509655,-0.008844718880691,-0.008639296772777074,-0.009624444169628925,-0.008322048118407643,-0.00716767483726437,-0.00787996599722706,-0.007291077763233457,-0.008844718880691,-0.009045667276983468,-0.008213680384313462,-0.009144556338706476,-0.008639296772777074,-0.008639296772777074,-0.008322048118407643,-0.009901742891101196,-0.0075319901306572104,-0.00943528103831402,-0.009624444169628925,-0.008213680384313462,-0.00787996599722706,-0.008322048118407643,-0.008844718880691,-0.008322048118407643,-0.008639296772777074,-0.008429073584727324,-0.008844718880691,-0.00933933219799926,-0.00943528103831402,-0.00853480731509655,-0.008213680384313462,-0.008322048118407643,-0.008103916497214429,-0.009144556338706476,-0.008213680384313462,-0.008213680384313462,-0.009242434035362714,-0.007649685258283815,-0.008945733275759453,-0.008639296772777074,-0.00874258660694885,-0.00943528103831402,-0.008213680384313462,-0.009144556338706476,-0.010082587524853357,-0.00853480731509655,-0.009144556338706476,-0.009810136787077851,-0.00853480731509655,-0.009717711755001388,-0.008844718880691,-0.007042170209418014,-0.008213680384313462,-0.007649685258283815,-0.008429073584727324,-0.009242434035362714,-0.008945733275759453,-0.008844718880691,-0.00933933219799926,-0.009045667276983468,-0.009242434035362714,-0.009045667276983468,-0.008639296772777074,-0.007649685258283815,-0.007992698898718165,-0.009144556338706476,-0.00853480731509655,-0.009144556338706476,-0.009144556338706476,-0.008213680384313462,-0.009144556338706476,-0.00874258660694885,-0.008429073584727324,-0.00874258660694885,-0.008103916497214429,-0.009144556338706476,-0.008945733275759453,-0.00874258660694885,1.0
