source,00,01,02,03,04,05,06,07,08,09,10,11,12,13,14,15,16,17,18,19,20,21,22,23,24,25,26,27,28,29,30,31,32,33,34,35,36,37,38,39,40,41,42,43,44,45,46,47,48,49,50,51,52,53,54,55,56,57,58,59,60,61,62,63,64,65,66,67,68,69,70,71,72,73,74,75,76,77,78,79,80,81,82,83,84,85,86,87,88,89,90,91,92,93,94,95,96,97,98,99
00,0.01671428652036268,0.012468704119081788,0.00821003278550038,0.012462159652931527,0.00821657725165064,0.012467886060813007,0.012454797128512487,0.008207578610694034,0.008219031426456988,0.012473612468694483,0.008208396668962815,0.008212486960306728,0.008212486960306728,0.012462159652931527,0.008209214727231599,0.008214941135113075,0.008214941135113075,0.008218213368188206,0.008219849484725771,0.008220667542994551,0.012462159652931527,0.008214123076844293,0.00821657725165064,0.008214941135113075,0.0082231217178009,0.008212486960306728,0.012453979070243705,0.008209214727231599,0.008205124435887686,0.00821657725165064,0.008218213368188206,0.008211668902037946,0.008219031426456988,0.008214941135113075,0.008214941135113075,0.008212486960306728,0.008225575892607247,0.00820676055242525,0.012471158293888137,0.012472794410425701,0.008211668902037946,0.008209214727231599,0.01671183234555633,0.00821657725165064,0.008212486960306728,0.008214941135113075,0.008213305018575512,0.00821657725165064,0.008220667542994551,0.008221485601263337,0.008214123076844293,0.012461341594662749,0.008212486960306728,0.008210850843769164,0.008219031426456988,0.012461341594662749,0.012461341594662749,0.008219849484725771,0.008207578610694034,0.020966413387793825,0.012464613827737878,0.00821657725165064,0.008221485601263337,0.012461341594662749,0.008219031426456988,0.020976230087019217,0.008214123076844293,0.01671837681170659,0.008224757834338464,0.008214123076844293,0.012473612468694483,0.00821657725165064,0.008203488319350121,0.008211668902037946,0.008207578610694034,0.008213305018575512,0.012469522177350572,0.008217395309919422,0.012466249944275443,0.008220667542994551,0.012467886060813007,0.012469522177350572,0.008218213368188206,0.01671510457863146,0.012457251303318834,0.00821003278550038,0.012468704119081788,0.008214123076844293,0.008219031426456988,0.008219031426456988,0.008211668902037946,0.012468704119081788,0.01246543188600666,0.008213305018575512,0.008215759193381857,0.008210850843769164,0.008219031426456988,0.020966413387793825,0.01246543188600666,0.00820676055242525
01,0.008440733279042609,0.011762095548801726,0.008435690020759971,0.008438211649901288,0.008442414365136822,0.01176125500575462,0.015064965871524505,0.011750327946142237,0.00844493599427814,0.011767138807084366,0.008434008934665758,0.008438211649901288,0.011755371204424875,0.008438211649901288,0.008434849477712865,0.008440733279042609,0.008440733279042609,0.008444095451231034,0.008445776537325247,0.008446617080372353,0.008438211649901288,0.011757052290519088,0.018393893028707583,0.011757892833566196,0.008449138709513674,0.008438211649901288,0.008429806219430227,0.008434849477712865,0.008430646762477333,0.008442414365136822,0.008444095451231034,0.01175453066137777,0.00844493599427814,0.008440733279042609,0.008440733279042609,0.008438211649901288,0.008451660338654993,0.01174948740309513,0.011764617177943047,0.01176629826403726,0.008437371106854183,0.008434849477712865,0.008438211649901288,0.01175957391966041,0.008438211649901288,0.008440733279042609,0.015073371301995566,0.01175957391966041,0.008446617080372353,0.00844745762341946,0.011757052290519088,0.015071690215901355,0.008438211649901288,0.008436530563807079,0.011762095548801726,0.008437371106854183,0.008437371106854183,0.021714414755419593,0.015067487500665826,0.008443254908183928,0.008440733279042609,0.008442414365136822,0.00844745762341946,0.01175453066137777,0.00844493599427814,0.008453341424749206,0.008439892735995502,0.00844493599427814,0.01176797935013147,0.008439892735995502,0.011767138807084366,0.008442414365136822,0.00842896567638312,0.008437371106854183,0.008433168391618652,0.008439052192948396,0.011762936091848834,0.008443254908183928,0.008442414365136822,0.008446617080372353,0.01176125500575462,0.011762936091848834,0.01176125500575462,0.008441573822089715,0.011750327946142237,0.011752849575283556,0.00844493599427814,0.008439892735995502,0.011762095548801726,0.015079255103325313,0.01175453066137777,0.00844493599427814,0.015075892931136887,0.008439052192948396,0.011758733376613302,0.011753690118330664,0.00844493599427814,0.008443254908183928,0.008441573822089715,0.008432327848571545
02,0.010000400995060067,0.010005379784659279,0.009993426483539717,0.009996413757299243,0.010001392546898457,0.010004384026739439,0.009988451900021957,0.009991439173781485,0.010004379820657983,0.010011354332178335,0.009992434931701327,0.009997413721300539,0.009997413721300539,0.009996413757299243,0.009993430689621169,0.009999401031058772,0.009999401031058772,0.010003384062738142,0.010006375542579124,0.010007371300498965,0.009997413721300539,0.009998405273138928,0.010001392546898457,0.009999401031058772,0.010009358610257197,0.009996413757299243,0.009986456178100818,0.009992430725619873,0.009987451936020662,0.010002392510899752,0.010003384062738142,0.009995417999379402,0.010004379820657983,0.009999401031058772,0.009999401031058772,0.009996413757299243,0.010012345884016723,0.009989443451860345,0.010007367094417512,0.010010358574258494,0.009996417963380697,0.009992430725619873,0.009996413757299243,0.010002392510899752,0.009998413685301834,0.009999401031058772,0.009997409515219085,0.010001392546898457,0.010006371336497668,0.010008367058418807,0.009998405273138928,0.009995417999379402,0.009997413721300539,0.009994422241459558,0.010005379784659279,0.009995417999379402,0.009995417999379402,0.010005375578577828,0.009991439173781485,0.010002388304818298,0.009999401031058772,0.010001392546898457,0.010007367094417512,0.009995417999379402,0.010004379820657983,0.01001433739985641,0.01000040520114152,0.010005379784659279,0.010013350054099472,0.009998405273138928,0.01001035436817704,0.010001392546898457,0.009985460420180975,0.009995417999379402,0.00999043920978019,0.009997409515219085,0.010005375578577828,0.010004388232820889,0.010002392510899752,0.010006371336497668,0.010003384062738142,0.010005375578577828,0.010003384062738142,0.010000396788978613,0.00999043920978019,0.009994426447541012,0.010004379820657983,0.009998405273138928,0.010005379784659279,0.010004379820657983,0.009996417963380697,0.010004379820657983,0.010000396788978613,0.009997409515219085,0.010000396788978613,0.009994422241459558,0.010004379820657983,0.010002388304818298,0.01000139675297991,0.00999044341586164
03,0.009999371034025562,0.01000634973069203,0.009993396504429451,0.009997383730229027,0.010002362504892453,0.010003354053756304,0.009987421974833339,0.009990409239631397,0.010004349808688988,0.010011324299286622,0.00999140499456408,0.009997383730229027,0.009996383769227506,0.009996383769227506,0.009993400710498286,0.009999371034025562,0.009999371034025562,0.010003354053756304,0.010005345563621676,0.01000734127955588,0.009997383730229027,0.009998375279092876,0.010001362543890934,0.009999371034025562,0.010009328583352416,0.009997383730229027,0.009986426219900655,0.009993400710498286,0.009987421974833339,0.010001362543890934,0.010004354014757825,0.009995388014294821,0.01000534976969051,0.009999371034025562,0.009999371034025562,0.009996383769227506,0.01001231584815047,0.009989413484698709,0.010010336956491608,0.010010328544353936,0.009995388014294821,0.009992400749496765,0.009996383769227506,0.010001362543890934,0.009996383769227506,0.009999371034025562,0.009997379524160192,0.010001362543890934,0.010006341318554358,0.010007337073487044,0.009999375240094397,0.009995388014294821,0.009996383769227506,0.009994392259362135,0.01000634973069203,0.009995388014294821,0.009995388014294821,0.010005345563621676,0.009990409239631397,0.010002358298823616,0.009999371034025562,0.010002362504892453,0.010008337034488566,0.009995388014294821,0.010004349808688988,0.010015307319017362,0.009999375240094397,0.010004349808688988,0.010011320093217785,0.009998375279092876,0.010011324299286622,0.010002362504892453,0.009985430464967969,0.009996387975296343,0.009990409239631397,0.009997379524160192,0.010006345524623195,0.010004358220826659,0.010001362543890934,0.01000734127955588,0.010004354014757825,0.010005345563621676,0.010003354053756304,0.010000366788958248,0.009990409239631397,0.009994396465430972,0.01000534976969051,0.009999375240094397,0.010004349808688988,0.010004349808688988,0.009995388014294821,0.010004349808688988,0.010001366749959769,0.009997379524160192,0.010001366749959769,0.009994392259362135,0.01000534976969051,0.010003358259825137,0.010000366788958248,0.009989413484698709
04,0.013790828824062629,0.008934964817697103,0.008925182334070681,0.013788160873982696,0.00893229686761717,0.011364230795919833,0.011350001728826855,0.01135266967890679,0.008934964817697103,0.00894030071785697,0.008923403700684058,0.011358005579066655,0.008927850284150614,0.011358005579066655,0.00892429301737737,0.008930518234230547,0.011360673529146588,0.008934075501003792,0.008935854134390414,0.008936743451083725,0.011358005579066655,0.011359784212453277,0.00893229686761717,0.011360673529146588,0.00893941140116366,0.013788160873982696,0.008918957117217503,0.00892429301737737,0.011350001728826855,0.00893229686761717,0.011364230795919833,0.008926960967457303,0.008934964817697103,0.008930518234230547,0.008930518234230547,0.008927850284150614,0.008942079351243592,0.008921625067297436,0.008937632767777037,0.013799721990995741,0.008926960967457303,0.01378460360720945,0.011358005579066655,0.011362452162533211,0.008927850284150614,0.008930518234230547,0.008928739600843925,0.00893229686761717,0.011366898745999766,0.008937632767777037,0.011359784212453277,0.008926960967457303,0.008927850284150614,0.011356226945680033,0.011365120112613146,0.008926960967457303,0.008926960967457303,0.008935854134390414,0.008922514383990748,0.008933186184310481,0.013790828824062629,0.00893229686761717,0.008937632767777037,0.008926960967457303,0.008934964817697103,0.008943857984630215,0.008929628917537236,0.008934964817697103,0.00894119003455028,0.008929628917537236,0.011370456012773011,0.00893229686761717,0.011348223095440231,0.008926960967457303,0.01135266967890679,0.008928739600843925,0.008935854134390414,0.008933186184310481,0.00893229686761717,0.008936743451083725,0.008934075501003792,0.01865647531405458,0.011364230795919833,0.011361562845839899,0.01135266967890679,0.008925182334070681,0.008934964817697103,0.008929628917537236,0.008934964817697103,0.011365120112613146,0.008926960967457303,0.008934964817697103,0.011361562845839899,0.011358894895759964,0.008931407550923857,0.011356226945680033,0.011365120112613146,0.008933186184310481,0.008931407550923857,0.008921625067297436
05,0.010000300995650089,0.01000627968946581,0.009993326553871645,0.009996313797759808,0.010002292491575533,0.010004283987500976,0.009987352066095318,0.009990339309983482,0.010005279735463696,0.01001025426923791,0.009992335011948319,0.009997313751761924,0.009996313797759808,0.009996313797759808,0.00999333075991104,0.009999301041647974,0.010000300995650089,0.01000328403349886,0.010006275483426419,0.010006271277387022,0.009997313751761924,0.009998305293685252,0.010001292537573417,0.009999301041647974,0.010009258521275188,0.009996313797759808,0.009986356318132595,0.009992330805908924,0.009987352066095318,0.010001292537573417,0.010004283987500976,0.009995318049797088,0.010004279781461579,0.009999301041647974,0.010000300995650089,0.009997313751761924,0.01001224576516335,0.009990343516022874,0.010007267025349745,0.010009258521275188,0.009995318049797088,0.009992330805908924,0.009997313751761924,0.010001292537573417,0.009996313797759808,0.010001300949652205,0.00999730954572253,0.010002292491575533,0.010006271277387022,0.010007267025349745,0.010000305201689484,0.009996318003799205,0.009996313797759808,0.009995322255836483,0.010004279781461579,0.009995318049797088,0.009996318003799205,0.010005275529424302,0.009991339263985597,0.010002288285536136,0.009999301041647974,0.010001292537573417,0.01000826697935186,0.009995318049797088,0.010004279781461579,0.01001523721509091,0.009998305293685252,0.010004279781461579,0.010011250017200629,0.009998305293685252,0.01001025426923791,0.010002292491575533,0.00998636052417199,0.009996318003799205,0.009990339309983482,0.009998309499724646,0.010005275529424302,0.010002288285536136,0.010001292537573417,0.010006271277387022,0.01000328403349886,0.010005275529424302,0.01000328403349886,0.010003296651617043,0.009991339263985597,0.009993326553871645,0.010004279781461579,0.009998305293685252,0.010005279735463696,0.010007279643467927,0.009995318049797088,0.010005279735463696,0.01000129674361281,0.009998309499724646,0.010000296789610695,0.009995322255836483,0.010005279735463696,0.010002288285536136,0.010000296789610695,0.009990343516022874
06,0.009999461025665119,0.010005439815137072,0.009993486442299854,0.009997473703983385,0.010001452553453541,0.010003444081241963,0.00998751185893459,0.009990499150617223,0.010004439845136173,0.010011414398502338,0.009991494914511432,0.009996473733982486,0.009996473733982486,0.009997473703983385,0.009992490678405644,0.009999461025665119,0.009999461025665119,0.010003444081241963,0.010006435579031286,0.010006431372924595,0.009997473703983385,0.009999465231771807,0.010001452553453541,0.009999461025665119,0.010011418604609029,0.009997473703983385,0.00998651609504038,0.009992490678405644,0.00998751185893459,0.010001452553453541,0.010003444081241963,0.009995477970088276,0.010004439845136173,0.009999461025665119,0.009999461025665119,0.009996473733982486,0.01001240595628986,0.00999050335672391,0.010007427136818806,0.010010418634608128,0.009995477970088276,0.009993490648406543,0.009996473733982486,0.010001452553453541,0.009996473733982486,0.01000146096566692,0.009997469497876697,0.010001452553453541,0.010006431372924595,0.010007427136818806,0.009999465231771807,0.009996477940089177,0.009997473703983385,0.009994482206194066,0.010004439845136173,0.009995477970088276,0.009995477970088276,0.010005435609030385,0.009990499150617223,0.010002448317347751,0.009999461025665119,0.010001452553453541,0.010008427106819706,0.009995477970088276,0.010004439845136173,0.010014397484078282,0.009998465261770909,0.010004439845136173,0.010012410162396549,0.009998465261770909,0.01001041442850144,0.010001452553453541,0.009985520331146167,0.009995477970088276,0.009990499150617223,0.009998469467877597,0.010005435609030385,0.010002448317347751,0.010002452523454441,0.010006431372924595,0.010004444051242864,0.010005435609030385,0.010004444051242864,0.01000245672956113,0.009990499150617223,0.009994486412300755,0.010004439845136173,0.009998465261770909,0.010004439845136173,0.010004439845136173,0.009996477940089177,0.010004439845136173,0.01000045678955933,0.009997469497876697,0.01000045678955933,0.009994482206194066,0.010005439815137072,0.01000344828734865,0.01000045678955933,0.00998950338672301
07,0.009999431028271956,0.010005409799808133,0.009994456429830939,0.009996443745550903,0.010001422550085992,0.010003414071900028,0.009988481864388834,0.009990469180108798,0.010006409766809223,0.010010384398249151,0.009992464908016903,0.009996443745550903,0.009996443745550903,0.009996443745550903,0.009992460701922832,0.009999431028271956,0.009999431028271956,0.010004414038901116,0.010006405560715153,0.01000640135462108,0.009996443745550903,0.009998435267364937,0.010001422550085992,0.009999431028271956,0.010010388604343223,0.009997443712551991,0.009986486136480725,0.00999346066892392,0.009987481897387743,0.010002422517087082,0.010004414038901116,0.009995447984643887,0.010004409832807044,0.009999431028271956,0.009999431028271956,0.009996443745550903,0.010014375854065364,0.009989473419201778,0.010007397115528099,0.010009388637342133,0.009995447984643887,0.00999346066892392,0.009996443745550903,0.010001422550085992,0.009996443745550903,0.009999431028271956,0.009999439440460098,0.010002422517087082,0.010007401321622169,0.010007397115528099,0.009998435267364937,0.009995447984643887,0.009996443745550903,0.009995452190737957,0.010005409799808133,0.009996447951644975,0.009995447984643887,0.010005405593714064,0.009990469180108798,0.010003418277994097,0.009999431028271956,0.010001422550085992,0.010008397082529187,0.009995447984643887,0.010004409832807044,0.010014367441877222,0.009998435267364937,0.010004409832807044,0.010012380126157258,0.009998435267364937,0.010010384398249151,0.010001422550085992,0.009986490342574797,0.009995447984643887,0.009990469180108798,0.00999743950645792,0.010005405593714064,0.010002418310993008,0.010001422550085992,0.010008401288623257,0.010004414038901116,0.010005405593714064,0.010003414071900028,0.010000426789178974,0.009990469180108798,0.009994456429830939,0.010004409832807044,0.009998435267364937,0.010004409832807044,0.010004409832807044,0.009995447984643887,0.010004409832807044,0.010001426756180064,0.00999743950645792,0.010000426789178974,0.009994452223736868,0.010004409832807044,0.010002418310993008,0.010000426789178974,0.009990473386202866
08,0.006888619120293196,0.006892049024256696,0.0068845032355369954,0.006886561177915096,0.006889991081878596,0.020130581104385512,0.006880387350780796,0.0068824452931588965,0.006892049024256696,0.013515773939473653,0.013502740304412352,0.006886561177915096,0.006886561177915096,0.006886561177915096,0.006883817254744296,0.006888619120293196,0.006888619120293196,0.006891363043463997,0.013512344035510155,0.006893420985842096,0.006886561177915096,0.006887933139500496,0.020129209142800107,0.013508228150753953,0.02013469698914171,0.006886561177915096,0.006879701369988097,0.006883817254744296,0.013499996381241552,0.006889991081878596,0.013510972073924757,0.006885875197122395,0.006892049024256696,0.006888619120293196,0.006888619120293196,0.006886561177915096,0.006897536870598297,0.006881759312366196,0.02013332502755631,0.006895478928220197,0.006885875197122395,0.013503426285205055,0.006886561177915096,0.006889991081878596,0.006886561177915096,0.006888619120293196,0.013506856189168553,0.006889991081878596,0.006893420985842096,0.006894106966634797,0.006887933139500496,0.006885875197122395,0.013506170208375853,0.006885189216329696,0.013511658054717452,0.013505484227583152,0.006885875197122395,0.006892735005049397,0.013502054323619653,0.013510286093132054,0.013508228150753953,0.006889991081878596,0.02013332502755631,0.006885875197122395,0.006892049024256696,0.0068989088321836966,0.006887933139500496,0.006892049024256696,0.006896850889805596,0.013507542169961254,0.006896164909012896,0.026748818173260865,0.006879015389195396,0.013505484227583152,0.0068824452931588965,0.013506856189168553,0.006892735005049397,0.0068906770626712965,0.006889991081878596,0.006893420985842096,0.013510972073924757,0.033371171126892425,0.013510972073924757,0.033367741222928925,0.0068824452931588965,0.0068845032355369954,0.006892049024256696,0.013507542169961254,0.013511658054717452,0.013511658054717452,0.006885875197122395,0.006892049024256696,0.020128523162007413,0.006887247158707796,0.013508914131546654,0.006885189216329696,0.013511658054717452,0.0068906770626712965,0.006889305101085897,0.006881759312366196
09,0.009999231050250227,0.01000520970221731,0.009993256604293095,0.00999624382727166,0.010001222532235936,0.010004213961224456,0.009987282158335966,0.00999126932831734,0.0100042097552145,0.010010184201171632,0.009992265069310195,0.009997243774274469,0.009997243774274469,0.00999624382727166,0.009992260863300241,0.009999231050250227,0.010000230997253034,0.010004213961224456,0.010007205390212975,0.01000620123720021,0.00999624382727166,0.010000235203262988,0.010003222426241553,0.010000230997253034,0.010010188407181585,0.00999624382727166,0.00998628641734311,0.009992260863300241,0.009987282158335966,0.010002222479238746,0.010004213961224456,0.009995248086278807,0.010006209649220119,0.010001230944255843,0.009999231050250227,0.00999624382727166,0.010012175683157341,0.009989273640321674,0.010007196978193066,0.010009188460178777,0.009996248033281615,0.009992260863300241,0.00999624382727166,0.010001222532235936,0.00999624382727166,0.010000230997253034,0.009999239462270134,0.010003222426241553,0.010008201131205829,0.010007196978193066,0.00999823530925737,0.009996248033281615,0.009997243774274469,0.009994252345285951,0.0100042097552145,0.009997247980284424,0.009995248086278807,0.010005205496207358,0.009990269381314532,0.01000221827322879,0.009999231050250227,0.010001222532235936,0.010007196978193066,0.009995248086278807,0.010007209596222926,0.010014167165143051,0.00999823530925737,0.01000520970221731,0.010012179889167295,0.00999923525626018,0.010010184201171632,0.010003222426241553,0.009986290623353064,0.009995248086278807,0.00999126932831734,0.009997239568264515,0.010006205443210167,0.010003218220231598,0.010001222532235936,0.01000720118420302,0.010003214014221646,0.010006205443210167,0.010003214014221646,0.01000022679124308,0.009990269381314532,0.009993256604293095,0.01000520970221731,0.00999923525626018,0.0100042097552145,0.0100042097552145,0.009995248086278807,0.01000520970221731,0.01000022679124308,0.009997239568264515,0.01000022679124308,0.00999525229228876,0.0100042097552145,0.01000221827322879,0.01000122673824589,0.009989273640321674
10,0.010000420995182053,0.01000439982873735,0.009994446435714309,0.00999743371544818,0.010002412515004635,0.010004404034827217,0.00998747191024541,0.009990459189979282,0.01000439982873735,0.010010374388205096,0.009991454949890571,0.009996433749447024,0.00999743371544818,0.009996433749447024,0.009992450709801863,0.010001420961183208,0.010000420995182053,0.01000340406882606,0.010005395588648642,0.01000639134855993,0.009996433749447024,0.009998425269269607,0.01000141254900348,0.010001420961183208,0.01001037859429496,0.009996433749447024,0.009986476150334118,0.009992450709801863,0.00998747191024541,0.01000141254900348,0.01000340406882606,0.009995437989535736,0.01000439982873735,0.009999421029180897,0.009999421029180897,0.009996433749447024,0.010014365840029987,0.009989463430067989,0.010008387074472378,0.01001037859429496,0.009996437955536891,0.009993450675803019,0.009996433749447024,0.01000141254900348,0.00999743371544818,0.009999421029180897,0.009997429509358315,0.01000141254900348,0.01000639134855993,0.010007387108471223,0.009998425269269607,0.009995437989535736,0.009996433749447024,0.009994442229624444,0.010005399794738506,0.009996437955536891,0.009995437989535736,0.010005395588648642,0.009990459189979282,0.010003408274915923,0.009999421029180897,0.01000141254900348,0.010007387108471223,0.009995437989535736,0.01000439982873735,0.01001635735985257,0.009998425269269607,0.010005399794738506,0.010011370148116384,0.009998425269269607,0.010010374388205096,0.010002412515004635,0.009985480390422827,0.009995437989535736,0.009990459189979282,0.009997429509358315,0.010006395554649798,0.010002408308914768,0.010002412515004635,0.01000639134855993,0.01000340406882606,0.010005395588648642,0.010005404000828373,0.010001416755093345,0.009990459189979282,0.009993446469713153,0.01000439982873735,0.009998425269269607,0.01000439982873735,0.01000439982873735,0.009996437955536891,0.010005399794738506,0.010000416789092187,0.009997429509358315,0.010000416789092187,0.0099954421956256,0.01000439982873735,0.010002408308914768,0.010000416789092187,0.009989463430067989
11,0.008391411460592475,0.0083955896180614,0.008386397671629764,0.008388904566111119,0.008393082723580046,0.020766969277713893,0.00838138388266705,0.008383890777148408,0.0083955896180614,0.008400603407024114,0.008384726408642193,0.008388904566111119,0.012512976329826545,0.016637048093541967,0.012509633803851405,0.008391411460592475,0.012515483224307901,0.008394753986567617,0.008396425249555188,0.008397260881048974,0.012512976329826545,0.00839057582909869,0.008393082723580046,0.01663955498802333,0.008399767775530328,0.008388904566111119,0.008380548251173266,0.012509633803851405,0.00838138388266705,0.008393082723580046,0.020766969277713893,0.008388068934617333,0.012519661381776827,0.008391411460592475,0.012515483224307901,0.016637048093541967,0.016650418197442538,0.00838305514565462,0.008398096512542759,0.008399767775530328,0.008388068934617333,0.012509633803851405,0.008388904566111119,0.012517154487295472,0.008388904566111119,0.008391411460592475,0.008389740197604904,0.012517154487295472,0.0125213326447644,0.012522168276258185,0.00839057582909869,0.008388068934617333,0.008388904566111119,0.008387233303123548,0.012519661381776827,0.008388068934617333,0.008388068934617333,0.008396425249555188,0.012507962540863834,0.00839391835507383,0.008391411460592475,0.012517154487295472,0.012522168276258185,0.008388068934617333,0.0083955896180614,0.012528017696714683,0.012514647592814116,0.012519661381776827,0.008401439038517899,0.00839057582909869,0.008400603407024114,0.008393082723580046,0.012503784383394907,0.008388068934617333,0.008383890777148408,0.008389740197604904,0.008396425249555188,0.00839391835507383,0.008393082723580046,0.0125213326447644,0.008394753986567617,0.008396425249555188,0.01664289751399847,0.00839224709208626,0.008383890777148408,0.008386397671629764,0.0083955896180614,0.00839057582909869,0.0083955896180614,0.0083955896180614,0.008388068934617333,0.012519661381776827,0.00839224709208626,0.008389740197604904,0.00839224709208626,0.008387233303123548,0.012519661381776827,0.00839391835507383,0.00839224709208626,0.00838305514565462
12,0.010001370956028604,0.01000534976969051,0.009993396504429451,0.009996383769227506,0.010002362504892453,0.010005353975759346,0.009987421974833339,0.009991409200632916,0.010004349808688988,0.010011324299286622,0.00999140499456408,0.009997383730229027,0.009996383769227506,0.009996383769227506,0.009992400749496765,0.010000370995027083,0.009999371034025562,0.010003354053756304,0.010005345563621676,0.010006341318554358,0.009996383769227506,0.009998375279092876,0.010001362543890934,0.009999371034025562,0.010009328583352416,0.009997383730229027,0.009986426219900655,0.009992400749496765,0.009987421974833339,0.010001362543890934,0.010004354014757825,0.009996387975296343,0.010004349808688988,0.009999371034025562,0.009999371034025562,0.009996383769227506,0.01001231584815047,0.009989413484698709,0.010008337034488566,0.010009328583352416,0.009996387975296343,0.009993400710498286,0.009997383730229027,0.010001362543890934,0.009997383730229027,0.009999371034025562,0.009998379485161711,0.010001362543890934,0.010006341318554358,0.010007337073487044,0.009998375279092876,0.009995388014294821,0.009996383769227506,0.009995392220363657,0.01000534976969051,0.009996387975296343,0.009995388014294821,0.010006345524623195,0.009990409239631397,0.010002358298823616,0.009999371034025562,0.010002362504892453,0.010007337073487044,0.009995388014294821,0.01000534976969051,0.010014307358015841,0.009999375240094397,0.010004349808688988,0.010011320093217785,0.009998375279092876,0.010012324260288143,0.010001362543890934,0.009985430464967969,0.009996387975296343,0.009991409200632916,0.009997379524160192,0.010005345563621676,0.010002358298823616,0.010001362543890934,0.01000734127955588,0.010003354053756304,0.010005345563621676,0.010003354053756304,0.010000366788958248,0.009990409239631397,0.009993396504429451,0.01000534976969051,0.010000375201095918,0.010004349808688988,0.010004349808688988,0.009997387936297864,0.01000534976969051,0.010000366788958248,0.009997379524160192,0.010000366788958248,0.009994392259362135,0.01000534976969051,0.010003358259825137,0.010000366788958248,0.009989413484698709
13,0.00969553490769681,0.010480447970678642,0.00968974191731181,0.009692638412504308,0.009697465904491812,0.009699396901286813,0.009683948926926809,0.00968684542211931,0.010480447970678642,0.009706155390069313,0.01046789649151114,0.009692638412504308,0.01047272398349864,0.01047272398349864,0.00968877641891431,0.00969553490769681,0.011255706049685472,0.010479482472281143,0.010481413469076143,0.010482378967473643,0.009692638412504308,0.009694569409299312,0.009697465904491812,0.00969553490769681,0.010485275462666144,0.009692638412504308,0.00968298342852931,0.00968877641891431,0.009683948926926809,0.010477551475486143,0.009699396901286813,0.009691672914106811,0.010480447970678642,0.00969553490769681,0.01047562047869114,0.01047272398349864,0.009708086386864313,0.009685879923721809,0.010483344465871142,0.010485275462666144,0.01125184405609547,0.0120290331318973,0.009692638412504308,0.010477551475486143,0.009692638412504308,0.01047562047869114,0.01047368948189614,0.009697465904491812,0.009702293396479312,0.009703258894876813,0.010474654980293641,0.009691672914106811,0.009692638412504308,0.01125087855769797,0.010480447970678642,0.009691672914106811,0.009691672914106811,0.009701327898081813,0.00968684542211931,0.009698431402889311,0.00969553490769681,0.009697465904491812,0.009703258894876813,0.009691672914106811,0.010480447970678642,0.009710017383659314,0.009694569409299312,0.010480447970678642,0.009707120888466814,0.009694569409299312,0.009706155390069313,0.009697465904491812,0.009682017930131808,0.01125184405609547,0.00968684542211931,0.00969360391090181,0.009701327898081813,0.009698431402889311,0.009697465904491812,0.009702293396479312,0.009699396901286813,0.009701327898081813,0.009699396901286813,0.009696500406094311,0.00968684542211931,0.00968974191731181,0.010480447970678642,0.009694569409299312,0.011260533541672972,0.00970036239968431,0.009691672914106811,0.00970036239968431,0.009696500406094311,0.01047368948189614,0.009696500406094311,0.00969070741570931,0.00970036239968431,0.009698431402889311,0.010476585977088641,0.010465965494716139
14,0.01000041099511106,0.010004389824687663,0.009995436406618891,0.009996423753363138,0.010001402547940966,0.010003394065772098,0.009987461923123048,0.009990449199869746,0.010004389824687663,0.010010364378181058,0.009992444923786535,0.009996423753363138,0.009997423718364363,0.009996423753363138,0.0099934406827021,0.009999411030109834,0.009999411030109834,0.010003394065772098,0.01000538558360323,0.010006381342518795,0.009996423753363138,0.009999415236195495,0.010003402477943417,0.01000041099511106,0.010009368619265492,0.009997423718364363,0.009986466164207482,0.009992440717700876,0.009988461888124274,0.010002402512942193,0.010003394065772098,0.009995427994447574,0.010004389824687663,0.009999411030109834,0.009999411030109834,0.009998423683365587,0.010012355896012189,0.009989453440954178,0.01000737710143436,0.010010368584266717,0.009995427994447574,0.009992440717700876,0.009996423753363138,0.010001402547940966,0.009996423753363138,0.01000041099511106,0.009997419512278704,0.010001402547940966,0.010007381307520019,0.01000737710143436,0.009998415271194269,0.009995427994447574,0.009997423718364363,0.009994432235532008,0.010005389789688887,0.009995427994447574,0.009997427924450023,0.01000538558360323,0.00999144916487097,0.01000239830685653,0.009999411030109834,0.010001402547940966,0.01000737710143436,0.009995427994447574,0.010005389789688887,0.010014347413843319,0.009998415271194269,0.010005389789688887,0.010011360137096623,0.009998415271194269,0.010010364378181058,0.010001402547940966,0.009985470405291916,0.009995427994447574,0.009990449199869746,0.009997419512278704,0.01000538558360323,0.010003398271857755,0.010001402547940966,0.010007381307520019,0.010004394030773323,0.010007385513605681,0.010003394065772098,0.0100004067890254,0.009990449199869746,0.009993436476616442,0.010005389789688887,0.009998415271194269,0.010004389824687663,0.010004389824687663,0.009996427959448799,0.010005389789688887,0.0100004067890254,0.009997419512278704,0.0100004067890254,0.009994432235532008,0.010004389824687663,0.010003398271857755,0.010001406754026627,0.009989453440954178
15,0.008943707158613872,0.011462634333174649,0.011452837402409387,0.008941035268405164,0.008945488418753011,0.00894726967889215,0.00893301959777904,0.00893569148798775,0.011462634333174649,0.008953504089379134,0.00893658211805732,0.008941035268405164,0.016484457341043958,0.008941035268405164,0.011451946772339818,0.008943707158613872,0.008943707158613872,0.00894726967889215,0.011463524963244218,0.008949941569100856,0.008941035268405164,0.008942816528544303,0.008945488418753011,0.008943707158613872,0.008952613459309566,0.008941035268405164,0.011446602991922404,0.008937472748126889,0.00893301959777904,0.011459962442965942,0.01397621772731801,0.008940144638335595,0.011462634333174649,0.008943707158613872,0.008943707158613872,0.011455509292618096,0.008955285349518272,0.00893480085791818,0.011465306223383358,0.01649603553194836,0.008940144638335595,0.008937472748126889,0.008941035268405164,0.008945488418753011,0.008941035268405164,0.011458181182826805,0.011456399922687665,0.008945488418753011,0.008949941569100856,0.008950832199170427,0.008942816528544303,0.013969092686761457,0.008941035268405164,0.011453728032478959,0.008948160308961717,0.011454618662548526,0.011454618662548526,0.008949050939031287,0.011450165512200681,0.011460853073035512,0.011458181182826805,0.008945488418753011,0.008950832199170427,0.008940144638335595,0.008948160308961717,0.008957066609657411,0.008942816528544303,0.008948160308961717,0.008954394719448701,0.008942816528544303,0.008953504089379134,0.011459962442965942,0.008931238337639903,0.011454618662548526,0.00893569148798775,0.013970873946900596,0.008949050939031287,0.008946379048822579,0.013974436467178874,0.008949941569100856,0.01146174370310508,0.011463524963244218,0.00894726967889215,0.011459071812896371,0.00893569148798775,0.008938363378196458,0.01397710835738758,0.008942816528544303,0.008948160308961717,0.008948160308961717,0.011454618662548526,0.008948160308961717,0.008944597788683442,0.011456399922687665,0.008944597788683442,0.008939254008266027,0.008948160308961717,0.011460853073035512,0.008944597788683442,0.00893480085791818
16,0.008945033533670464,0.011460803257320145,0.0089396889607565,0.00894236124721348,0.011458130970863163,0.01397122840805586,0.008934344387842536,0.008937016674299518,0.008949487344432098,0.008954831917346064,0.008937907436451845,0.00894236124721348,0.00894236124721348,0.00894236124721348,0.011450114111492216,0.011456349446558508,0.008945033533670464,0.008948596582279773,0.008950378106584427,0.008951268868736753,0.00894236124721348,0.008944142771518135,0.008946815057975118,0.008945033533670464,0.013976572980969824,0.00894236124721348,0.008933453625690209,0.008938798198604173,0.013956976213618624,0.008946815057975118,0.008948596582279773,0.008941470485061154,0.008949487344432098,0.008945033533670464,0.008945033533670464,0.00894236124721348,0.01649056118031485,0.00893612591214719,0.008952159630889082,0.011465257068081781,0.008941470485061154,0.011450114111492216,0.00894236124721348,0.013969446883751206,0.011453677160101525,0.008945033533670464,0.008943252009365809,0.008946815057975118,0.008951268868736753,0.011463475543777127,0.01145545868440618,0.011452786397949197,0.00894236124721348,0.008940579722908827,0.008949487344432098,0.008941470485061154,0.008941470485061154,0.011461694019472472,0.008937016674299518,0.01145902173301549,0.008945033533670464,0.008946815057975118,0.008952159630889082,0.008941470485061154,0.008949487344432098,0.011469710878843417,0.008944142771518135,0.008949487344432098,0.013978354505274477,0.01145545868440618,0.013977463743122151,0.008946815057975118,0.01395519468931397,0.011452786397949197,0.008937016674299518,0.008943252009365809,0.008950378106584427,0.01145902173301549,0.008946815057975118,0.008951268868736753,0.008948596582279773,0.008950378106584427,0.011459912495167817,0.008945924295822789,0.008937016674299518,0.0089396889607565,0.008949487344432098,0.013966774597294224,0.008949487344432098,0.011460803257320145,0.011452786397949197,0.008949487344432098,0.008945924295822789,0.011454567922253852,0.011457240208710836,0.008940579722908827,0.011460803257320145,0.008947705820127444,0.011457240208710836,0.00893612591214719
17,0.009999301041647974,0.010004279781461579,0.009993326553871645,0.009996313797759808,0.010002292491575533,0.01000328403349886,0.009988352020097433,0.009991339263985597,0.010004279781461579,0.01001025426923791,0.009991335057946202,0.009997313751761924,0.009996313797759808,0.009996313797759808,0.00999333075991104,0.009999301041647974,0.010001300949652205,0.01000328403349886,0.010005275529424302,0.010006271277387022,0.009996313797759808,0.009998305293685252,0.010002292491575533,0.009999301041647974,0.010009258521275188,0.009996313797759808,0.009986356318132595,0.009992330805908924,0.00998935197409955,0.010001292537573417,0.01000328403349886,0.009996318003799205,0.010005279735463696,0.010000300995650089,0.009999301041647974,0.009996313797759808,0.01001224576516335,0.00998934356202076,0.010007267025349745,0.010009258521275188,0.009995318049797088,0.009992330805908924,0.009996313797759808,0.010001292537573417,0.009997313751761924,0.010000300995650089,0.00999730954572253,0.010002292491575533,0.010006271277387022,0.01000826697935186,0.009999305247687367,0.009995318049797088,0.009997313751761924,0.009994322301834366,0.010005279735463696,0.009995318049797088,0.009996318003799205,0.010005275529424302,0.009991339263985597,0.010002288285536136,0.010000300995650089,0.010001292537573417,0.01000826697935186,0.009996318003799205,0.010004279781461579,0.01001523721509091,0.009998305293685252,0.010005279735463696,0.01001324992520486,0.009998305293685252,0.01001025426923791,0.010001292537573417,0.009985360570169874,0.009995318049797088,0.009991339263985597,0.00999730954572253,0.010006275483426419,0.010002288285536136,0.010001292537573417,0.010006271277387022,0.010005283941503091,0.010006275483426419,0.010005283941503091,0.010000296789610695,0.009990339309983482,0.009993326553871645,0.01000627968946581,0.010000305201689484,0.010005279735463696,0.01000627968946581,0.009995318049797088,0.010004279781461579,0.010000296789610695,0.00999730954572253,0.01000129674361281,0.009995322255836483,0.010005279735463696,0.010002288285536136,0.010000296789610695,0.00998934356202076
18,0.01000028099600808,0.010005259725864685,0.00999330656817785,0.009996293806091813,0.01000127253594842,0.010004263979893365,0.009987332092349924,0.009990319330263888,0.010004259773862382,0.010011234201692613,0.009991315076235208,0.009996293806091813,0.009996293806091813,0.009997293758094116,0.00999231082220653,0.01000028099600808,0.009999281044005777,0.010003264027891062,0.010005255519833705,0.010008251169809631,0.009998293710096421,0.009999285250036759,0.010002272487950723,0.009999281044005777,0.010009238503718989,0.009997293758094116,0.009986336346378603,0.009993310774208834,0.009987332092349924,0.010002272487950723,0.010004263979893365,0.009995298060120493,0.010004259773862382,0.01000028099600808,0.01000028099600808,0.009997293758094116,0.010012225741632949,0.00999032353629487,0.010007247011776346,0.010009238503718989,0.009995298060120493,0.00999231082220653,0.009996293806091813,0.01000127253594842,0.009998293710096421,0.010002280900012688,0.009997289552063134,0.010002272487950723,0.010008251169809631,0.010008246963778649,0.009998285298034456,0.009995298060120493,0.009996293806091813,0.009994302314149172,0.010005259725864685,0.009995298060120493,0.009995298060120493,0.010006255471836008,0.009991319282266193,0.01000226828191974,0.01000028099600808,0.010002272487950723,0.010007247011776346,0.009995298060120493,0.010004259773862382,0.010014217233575592,0.009999285250036759,0.010005259725864685,0.010013229899666236,0.009999285250036759,0.01001023424969031,0.01000127253594842,0.009985340600407282,0.009995298060120493,0.009991319282266193,0.009997289552063134,0.010005255519833705,0.010003268233922042,0.010002272487950723,0.010006251265805025,0.010003264027891062,0.010005255519833705,0.010003264027891062,0.010000276789977098,0.009991319282266193,0.009995306472182459,0.010004259773862382,0.009999285250036759,0.010004259773862382,0.010005259725864685,0.009995298060120493,0.010005259725864685,0.010000276789977098,0.009997289552063134,0.010000276789977098,0.009994302314149172,0.010004259773862382,0.01000226828191974,0.010000276789977098,0.009989323584292565
19,0.010000270996217074,0.010005249721095193,0.009993296575360931,0.009998283712292604,0.010001262535165922,0.01000325402511717,0.00998832205650959,0.00999130929143646,0.010004249770092791,0.010011224190948938,0.009992305036412083,0.009996283810287802,0.009996283810287802,0.009996283810287802,0.009992300830385306,0.009999271045214673,0.009999271045214673,0.01000425397611957,0.01000624546607082,0.010006241260044041,0.009997283761290202,0.00999827530023905,0.010002262486168322,0.009999271045214673,0.010011228396975715,0.009997283761290202,0.009986326360531563,0.009993300781387708,0.009987322105507188,0.010001262535165922,0.01000325402511717,0.009995288065312179,0.010004249770092791,0.009999271045214673,0.009999271045214673,0.009996283810287802,0.010013215680900184,0.009991313497463235,0.010007237005019664,0.010009228494970913,0.00999628801631458,0.009993300781387708,0.009997283761290202,0.010002262486168322,0.009996283810287802,0.010000270996217074,0.009997279555263425,0.010001262535165922,0.010006241260044041,0.010007237005019664,0.00999827530023905,0.00999628801631458,0.009996283810287802,0.009994292320336554,0.010005249721095193,0.009995288065312179,0.009995288065312179,0.01000624546607082,0.00999030934043406,0.010003258231143945,0.010000270996217074,0.010001262535165922,0.010007237005019664,0.00999628801631458,0.010004249770092791,0.010014207219849032,0.00999827530023905,0.010005249721095193,0.01001221993592456,0.00999827530023905,0.010010224239946536,0.010003262437170724,0.00998533061555594,0.009995288065312179,0.00999030934043406,0.009997279555263425,0.01000624546607082,0.010003258231143945,0.010001262535165922,0.01000724121104644,0.01000325402511717,0.010005245515068418,0.01000425397611957,0.0100012667411927,0.00999030934043406,0.009993296575360931,0.010006249672097595,0.00999827530023905,0.010005249721095193,0.010004249770092791,0.009995288065312179,0.010006249672097595,0.010000266790190298,0.009997279555263425,0.010000266790190298,0.009996292222341358,0.010005249721095193,0.010002258280141544,0.010000266790190298,0.009991313497463235
20,0.00802868515048655,0.00803268270333981,0.008023888087062638,0.008026286618774593,0.013084445625413737,0.008031883192769158,0.008019091023638725,0.008021489555350682,0.00803268270333981,0.00803747976676372,0.008022289065921335,0.008026286618774593,0.008026286618774593,0.013080448072560476,0.013077250030277869,0.00802868515048655,0.00802868515048655,0.008031883192769158,0.008033482213910462,0.008034281724481113,0.008026286618774593,0.008027885639915897,0.008030284171627855,0.00802868515048655,0.013090841709978951,0.008026286618774593,0.008018291513068076,0.01813141148406375,0.008019091023638725,0.0231927685329855,0.01308604464655504,0.008025487108203942,0.00803268270333981,0.013082846604272431,0.00802868515048655,0.008026286618774593,0.008039078787905026,0.01812901295235179,0.008035081235051766,0.013090841709978951,0.008025487108203942,0.013077250030277869,0.013080448072560476,0.008030284171627855,0.008026286618774593,0.00802868515048655,0.008027086129345246,0.008030284171627855,0.008034281724481113,0.008035081235051766,0.008027885639915897,0.013079648561989824,0.008026286618774593,0.013078849051419173,0.01308684415712569,0.008025487108203942,0.008025487108203942,0.008033482213910462,0.008021489555350682,0.008031083682198506,0.00802868515048655,0.008030284171627855,0.008035081235051766,0.013079648561989824,0.00803268270333981,0.01309483926283221,0.008027885639915897,0.00803268270333981,0.013092440731120255,0.01308204709370178,0.00803747976676372,0.008030284171627855,0.008017492002497423,0.008025487108203942,0.008021489555350682,0.01813540903691701,0.023195966575268106,0.018139406589770268,0.008030284171627855,0.013088443178266993,0.01308604464655504,0.008033482213910462,0.008031883192769158,0.008029484661057202,0.008021489555350682,0.008023888087062638,0.00803268270333981,0.008027885639915897,0.01308684415712569,0.018141005610911573,0.008025487108203942,0.00803268270333981,0.008029484661057202,0.01813540903691701,0.013083646114843084,0.013078849051419173,0.00803268270333981,0.008031083682198506,0.008029484661057202,0.008020690044780029
21,0.01000035099510509,0.010004329800809694,0.009993376518455867,0.009996363777279638,0.010002342500987605,0.010003334047868438,0.009987402000808325,0.009990389259632096,0.010005329759811374,0.010010304318457237,0.009991385012573352,0.009996363777279638,0.009997363736281318,0.009996363777279638,0.00999338072451629,0.009999351036103409,0.01000035099510509,0.010003334047868438,0.010005325553750952,0.010007321265693888,0.009996363777279638,0.009998355283162152,0.010001342541985923,0.01000035099510509,0.010010308524517661,0.009998363695283,0.009986406247867067,0.009992380765514609,0.009987402000808325,0.010002342500987605,0.01000433400687012,0.009995368024338381,0.010004329800809694,0.009999351036103409,0.009999351036103409,0.009997363736281318,0.010013295783341432,0.009989393506690838,0.010007317059633465,0.010009308565515981,0.009996367983340063,0.009992380765514609,0.009997363736281318,0.010001342541985923,0.009996363777279638,0.009999351036103409,0.009997359530220894,0.010002342500987605,0.010007321265693888,0.010008317018635146,0.009999355242163832,0.009995368024338381,0.009996363777279638,0.009994372271397125,0.010004329800809694,0.009998367901343425,0.009995368024338381,0.010006325512752634,0.009990389259632096,0.01000233829492718,0.01000035099510509,0.010001342541985923,0.010008317018635146,0.009997367942341743,0.010004329800809694,0.010015287289223946,0.009999355242163832,0.010004329800809694,0.010011300071398494,0.009999355242163832,0.010010304318457237,0.010001342541985923,0.00998541049492581,0.009995368024338381,0.009990389259632096,0.009997359530220894,0.010006325512752634,0.01000233829492718,0.010004342418990966,0.010007321265693888,0.01000433400687012,0.010005325553750952,0.010003334047868438,0.010001346748046347,0.009990389259632096,0.009993376518455867,0.010005329759811374,0.009998355283162152,0.010004329800809694,0.010004329800809694,0.009995368024338381,0.010004329800809694,0.010000346789044667,0.009997359530220894,0.010000346789044667,0.009994372271397125,0.010004329800809694,0.01000233829492718,0.010001346748046347,0.009989393506690838
22,0.015069591772070129,0.008574119561154413,0.008564732150467371,0.008567292353382019,0.008571559358239765,0.008573266160182863,0.011809481352524808,0.008562171947552724,0.011823989169041144,0.011829109574870439,0.008563025348524272,0.01181716196126875,0.008567292353382019,0.008567292353382019,0.008563878749495824,0.015069591772070129,0.008569852556296668,0.008573266160182863,0.011824842570012692,0.015075565578870973,0.01181716196126875,0.01831860797898531,0.008571559358239765,0.008569852556296668,0.00857838656601216,0.008567292353382019,0.008558758343666527,0.008563878749495824,0.011809481352524808,0.011821428966126497,0.008573266160182863,0.015066178168183933,0.008574119561154413,0.008569852556296668,0.008569852556296668,0.008567292353382019,0.008580946768926805,0.011811188154467906,0.008576679764069062,0.01182825617389889,0.0118163085602972,0.008563878749495824,0.008567292353382019,0.008571559358239765,0.008567292353382019,0.008569852556296668,0.008568145754353568,0.008571559358239765,0.00857582636309751,0.011826549371955793,0.008568999155325116,0.008566438952410469,0.008567292353382019,0.008565585551438921,0.008574119561154413,0.008566438952410469,0.0118163085602972,0.011824842570012692,0.008562171947552724,0.008572412759211313,0.008569852556296668,0.011821428966126497,0.011826549371955793,0.008566438952410469,0.008574119561154413,0.008582653570869904,0.011818868763211848,0.018323728384814605,0.008580093367955255,0.008568999155325116,0.008579239966983707,0.011821428966126497,0.008557904942694977,0.0118163085602972,0.008562171947552724,0.008568145754353568,0.00857497296212596,0.011822282367098045,0.015071298574013228,0.00857582636309751,0.011823135768069594,0.00857497296212596,0.015073005375956326,0.008570705957268214,0.011812041555439455,0.008564732150467371,0.008574119561154413,0.008568999155325116,0.015073858776927875,0.011823989169041144,0.008566438952410469,0.011823989169041144,0.008570705957268214,0.008568145754353568,0.008570705957268214,0.008565585551438921,0.008574119561154413,0.008572412759211313,0.008570705957268214,0.008561318546581174
23,0.009813061622053539,0.009817947631624368,0.009807198410568544,0.009810130016311041,0.009815016025881872,0.009816970429710203,0.00980133519908355,0.01024879977979524,0.009817947631624368,0.010268343818078557,0.009805244006740212,0.009810130016311041,0.009810130016311041,0.009810130016311041,0.010250754183623572,0.009813061622053539,0.009813061622053539,0.010261503404679396,0.009818924833538535,0.010708967985391084,0.009810130016311041,0.009812084420139372,0.010259549000851064,0.010702127571991923,0.01026736661616439,0.010254662991280233,0.009800357997169383,0.009806221208654379,0.00980133519908355,0.010259549000851064,0.010261503404679396,0.009809152814396876,0.009817947631624368,0.010702127571991923,0.009813061622053539,0.009810130016311041,0.011159364171845272,0.00980328960291188,0.009820879237366867,0.009822833641195199,0.01069821876433526,0.009806221208654379,0.010254662991280233,0.009815016025881872,0.009810130016311041,0.010702127571991923,0.009811107218225208,0.009815016025881872,0.0098199020354527,0.009820879237366867,0.010256617395108565,0.009809152814396876,0.009810130016311041,0.009808175612482711,0.009817947631624368,0.009809152814396876,0.009809152814396876,0.010263457808507728,0.009804266804826047,0.009815993227796038,0.009813061622053539,0.010259549000851064,0.009820879237366867,0.009809152814396876,0.009817947631624368,0.01027225262573522,0.009812084420139372,0.010262480606593561,0.010269321019992722,0.010256617395108565,0.009823810843109364,0.009815016025881872,0.010243913770224409,0.009809152814396876,0.009804266804826047,0.009811107218225208,0.010263457808507728,0.010260526202765229,0.010259549000851064,0.010264435010421893,0.009816970429710203,0.009818924833538535,0.009816970429710203,0.009814038823967705,0.009804266804826047,0.009807198410568544,0.009817947631624368,0.009812084420139372,0.010262480606593561,0.009817947631624368,0.009809152814396876,0.010262480606593561,0.010258571798936897,0.010700173168163593,0.010258571798936897,0.009808175612482711,0.009817947631624368,0.009815993227796038,0.010258571798936897,0.00980328960291188
24,0.009999241048961343,0.010006219654909472,0.009993266597030077,0.00999625382299571,0.01000323242894384,0.010004223964918225,0.009987292145098813,0.009990279371064446,0.010004219758904065,0.010011194158838034,0.00999127511305299,0.009997253770998414,0.00999625382299571,0.00999625382299571,0.009992270855041533,0.009999241048961343,0.010000240996964047,0.01000322401691552,0.010006215448895314,0.010006211242881154,0.00999625382299571,0.009998245306972799,0.010001232532938432,0.010000240996964047,0.010009198468846786,0.009997253770998414,0.009987296351112972,0.009993270803044237,0.009989292041104221,0.010002232480941136,0.01000322401691552,0.009997257977012574,0.010004219758904065,0.009999241048961343,0.009999241048961343,0.00999625382299571,0.010012185694812418,0.0099892836290759,0.010009206880875105,0.010009198468846786,0.009995258081007166,0.009992270855041533,0.00999625382299571,0.010001232532938432,0.00999625382299571,0.010000240996964047,0.009997249564984254,0.010001232532938432,0.010006211242881154,0.010007206984869697,0.009998245306972799,0.009997257977012574,0.00999625382299571,0.009994262339018622,0.010005219706906768,0.00999625802900987,0.009995258081007166,0.01000521550089261,0.009990279371064446,0.010004228170932383,0.009999241048961343,0.010001232532938432,0.010008206932872401,0.009995258081007166,0.010005219706906768,0.010016177074794914,0.009999245254975503,0.010004219758904065,0.010011189952823874,0.009998245306972799,0.010012194106840738,0.010001232532938432,0.009985300661121724,0.009995258081007166,0.00999127931906715,0.009997249564984254,0.01000521550089261,0.01000322822292968,0.010001232532938432,0.010006211242881154,0.01000322401691552,0.010007215396898018,0.010004223964918225,0.010002236686955296,0.009990279371064446,0.009994266545032781,0.010004219758904065,0.009998245306972799,0.010005219706906768,0.010004219758904065,0.009995258081007166,0.010005219706906768,0.010001236738952592,0.009998249512986957,0.010002236686955296,0.009995262287021326,0.010005219706906768,0.01000322822292968,0.010000236790949888,0.009990283577078604
25,0.00839198409469798,0.008396162537286457,0.008386969963591808,0.012512080465190463,0.008393655471733373,0.012517930284814334,0.008381955832485634,0.008384462898038722,0.008396162537286457,0.008401176668392631,0.012507902022601986,0.008389477029144894,0.012512080465190463,0.008389477029144894,0.008386134275074114,0.00839198409469798,0.00839198409469798,0.012517930284814334,0.012519601661849723,0.016643040786412988,0.012512080465190463,0.008391148406180285,0.012516258907778941,0.00839198409469798,0.008400340979874936,0.008389477029144894,0.00838112014396794,0.008386134275074114,0.012504559268531204,0.012516258907778941,0.008395326848768765,0.012511244776672767,0.008396162537286457,0.012514587530743549,0.00839198409469798,0.008389477029144894,0.02077065835356473,0.008383627209521027,0.008398669602839547,0.008400340979874936,0.008388641340627199,0.008386134275074114,0.008389477029144894,0.012516258907778941,0.008389477029144894,0.00839198409469798,0.008390312717662591,0.008393655471733373,0.00839783391432185,0.008398669602839547,0.008391148406180285,0.008388641340627199,0.008389477029144894,0.008387805652109503,0.012518765973332025,0.012511244776672767,0.008388641340627199,0.016642205097895293,0.008384462898038722,0.008394491160251068,0.012514587530743549,0.008393655471733373,0.008398669602839547,0.008388641340627199,0.016641369409377597,0.012527122858508983,0.008391148406180285,0.012518765973332025,0.008402012356910326,0.008391148406180285,0.008401176668392631,0.012516258907778941,0.008380284455450245,0.008388641340627199,0.008384462898038722,0.020758123025799297,0.008396998225804154,0.016639698032342207,0.008393655471733373,0.00839783391432185,0.012517930284814334,0.016642205097895293,0.008395326848768765,0.008392819783215676,0.008384462898038722,0.008386969963591808,0.008396162537286457,0.008391148406180285,0.008396162537286457,0.008396162537286457,0.008388641340627199,0.012518765973332025,0.008392819783215676,0.008390312717662591,0.008392819783215676,0.008387805652109503,0.008396162537286457,0.012517094596296637,0.012515423219261244,0.008383627209521027
26,0.009999471024836169,0.01000544982028674,0.009993496435496494,0.00999648373016633,0.01000146255461606,0.010004454055396794,0.00998752184615682,0.009990509140826657,0.01000544982028674,0.010010424438625574,0.009991504905716602,0.009997483701167171,0.00999648373016633,0.00999648373016633,0.009992500670606547,0.010001470966837851,0.009999471024836169,0.010003454084395954,0.010005445614175846,0.01000644137906579,0.009997483701167171,0.009998475259946222,0.01000146255461606,0.009999471024836169,0.010009428673735629,0.00999648373016633,0.009987526052267715,0.009992500670606547,0.00998752184615682,0.01000146255461606,0.010003454084395954,0.009995487965276386,0.010004449849285897,0.009999471024836169,0.01000047099583701,0.00999648373016633,0.010012415968405464,0.009989513375936709,0.010007437143955735,0.010010428644736469,0.009995487965276386,0.00999350064160739,0.00999648373016633,0.01000146255461606,0.009997483701167171,0.009999471024836169,0.009998479466057118,0.01000146255461606,0.01000744135006663,0.010007437143955735,0.009998475259946222,0.009995487965276386,0.00999648373016633,0.00999449220038644,0.010004449849285897,0.009995487965276386,0.009995487965276386,0.010005445614175846,0.009990509140826657,0.010002458319506006,0.009999471024836169,0.01000146255461606,0.010009437085957418,0.009996487936277228,0.01000644979128758,0.010015407469186197,0.009998475259946222,0.010004449849285897,0.010011420203515519,0.009999475230947064,0.010010424438625574,0.01000146255461606,0.009985530316376928,0.009996487936277228,0.009991509111827498,0.009997479495056277,0.010005445614175846,0.010002458319506006,0.01000146255461606,0.01000644137906579,0.010004454055396794,0.010006445585176686,0.010003454084395954,0.010000466789726116,0.009991509111827498,0.009993496435496494,0.010004449849285897,0.009999475230947064,0.010004449849285897,0.010004449849285897,0.009995487965276386,0.010004449849285897,0.010001466760726956,0.009997479495056277,0.010000466789726116,0.00999449220038644,0.010004449849285897,0.010002458319506006,0.010000466789726116,0.009990513346937551
27,0.007335391273104832,0.007339043628847267,0.022556342239468365,0.022558533652913826,0.007336852215401806,0.00733831315769878,0.014939292515950216,0.007328817032768452,0.007339043628847267,0.007343426455738188,0.007329547503916937,0.007333199859659371,0.007333199859659371,0.014945866756286598,0.007330277975065426,0.007335391273104832,0.007335391273104832,0.022563646950953233,0.014952440996622981,0.014953171467771467,0.007333199859659371,0.007334660801956346,0.007336852215401806,0.022560725066359286,0.014955362881216927,0.007333199859659371,0.007325895148174504,0.007330277975065426,0.00732662561932299,0.007336852215401806,0.00733831315769878,0.014945136285138112,0.007339043628847267,0.007335391273104832,0.03778605885961374,0.007333199859659371,0.007344887398035162,0.007328086561619964,0.007341235042292728,0.007342695984589701,0.007332469388510885,0.007330277975065426,0.007333199859659371,0.007336852215401806,0.007333199859659371,0.007335391273104832,0.007333930330807859,0.007336852215401806,0.007340504571144241,0.007341235042292728,0.007334660801956346,0.014945136285138112,0.007333199859659371,0.007331738917362399,0.007339043628847267,0.007332469388510885,0.02255780318176534,0.007339774099995754,0.014941483929395677,0.007337582686550293,0.014948058169732058,0.014949519112029035,0.022566568835547182,0.007332469388510885,0.014951710525474494,0.007346348340332136,0.007334660801956346,0.007339043628847267,0.007344156926886674,0.007334660801956346,0.007343426455738188,0.007336852215401806,0.007325164677026017,0.007332469388510885,0.007328817032768452,0.014946597227435085,0.007339774099995754,0.014950249583177519,0.007336852215401806,0.007340504571144241,0.00733831315769878,0.014952440996622981,0.014950980054326006,0.007336121744253319,0.007328817032768452,0.007331008446213912,0.007339043628847267,0.014947327698583573,0.014951710525474494,0.007339043628847267,0.007332469388510885,0.007339043628847267,0.007336121744253319,0.007333930330807859,0.007336121744253319,0.007331738917362399,0.007339043628847267,0.007337582686550293,0.014948788640880546,0.014940753458247191
28,0.01000046099566602,0.010004439845136173,0.009993486442299854,0.009996473733982486,0.010001452553453541,0.010003444081241963,0.00998751185893459,0.009990499150617223,0.010005439815137072,0.01001041442850144,0.009991494914511432,0.009996473733982486,0.009996473733982486,0.009996473733982486,0.009993490648406543,0.01000146096566692,0.01000046099566602,0.010003444081241963,0.010005435609030385,0.010007431342925494,0.009996473733982486,0.009999465231771807,0.010001452553453541,0.009999461025665119,0.010010418634608128,0.009997473703983385,0.00998651609504038,0.009992490678405644,0.00998851182893549,0.010001452553453541,0.010003444081241963,0.009995477970088276,0.010006439785137973,0.009999461025665119,0.009999461025665119,0.009996473733982486,0.010013405926290759,0.00998950338672301,0.010008427106819706,0.010009418664607228,0.009995477970088276,0.009992490678405644,0.009996473733982486,0.010001452553453541,0.009996473733982486,0.009999461025665119,0.009998469467877597,0.010001452553453541,0.010006431372924595,0.010007427136818806,0.009998465261770909,0.009995477970088276,0.009998473673984286,0.009994482206194066,0.010005439815137072,0.009995477970088276,0.009995477970088276,0.010005435609030385,0.009990499150617223,0.01000444825734955,0.009999461025665119,0.010001452553453541,0.010008427106819706,0.009995477970088276,0.010004439845136173,0.010015397454079181,0.009998465261770909,0.010005439815137072,0.010011410192395648,0.009998465261770909,0.010011414398502338,0.010001452553453541,0.009986520301147068,0.009995477970088276,0.009990499150617223,0.009997469497876697,0.010006435579031286,0.010002448317347751,0.010001452553453541,0.010006431372924595,0.010004444051242864,0.010005435609030385,0.010003444081241963,0.01000045678955933,0.009990499150617223,0.009993486442299854,0.010004439845136173,0.009998465261770909,0.010004439845136173,0.010004439845136173,0.009995477970088276,0.010004439845136173,0.01000045678955933,0.009998469467877597,0.01000045678955933,0.009994482206194066,0.010005439815137072,0.010002448317347751,0.01000045678955933,0.00998950338672301
29,0.009323958852531967,0.01086455203440106,0.009318387875324718,0.009321173363928341,0.009325815844934384,0.0093276728373368,0.009312816898117469,0.010851553087584148,0.009328601333538007,0.009334172310745256,0.010852481583785354,0.009321173363928341,0.009321173363928341,0.009321173363928341,0.010853410079986563,0.009323958852531967,0.01085990955339502,0.010863623538199854,0.010865480530602269,0.012402359727666531,0.010857124064791394,0.01085898105719381,0.009325815844934384,0.009323958852531967,0.010869194515407101,0.009321173363928341,0.009311888401916261,0.010853410079986563,0.009312816898117469,0.009325815844934384,0.0093276728373368,0.009320244867727133,0.01086455203440106,0.009323958852531967,0.009323958852531967,0.01239307476565445,0.009336029303147673,0.009314673890519884,0.009331386822141631,0.009333243814544048,0.009320244867727133,0.012389360780849618,0.009321173363928341,0.009325815844934384,0.01239307476565445,0.009323958852531967,0.00932210186012955,0.009325815844934384,0.010866409026803477,0.010867337523004686,0.009323030356330758,0.010856195568590188,0.009321173363928341,0.009319316371525926,0.01086455203440106,0.009320244867727133,0.010856195568590188,0.009329529829739216,0.009315602386721094,0.00932674434113559,0.009323958852531967,0.009325815844934384,0.009331386822141631,0.009320244867727133,0.009328601333538007,0.00933788629555009,0.009323030356330758,0.009328601333538007,0.009335100806946463,0.009323030356330758,0.009334172310745256,0.013933667947523544,0.009310959905715052,0.010856195568590188,0.009315602386721094,0.00932210186012955,0.009329529829739216,0.010862695041998644,0.009325815844934384,0.010866409026803477,0.010863623538199854,0.009329529829739216,0.010863623538199854,0.009324887348733175,0.010851553087584148,0.010854338576187771,0.01086455203440106,0.009323030356330758,0.013936453436127167,0.009328601333538007,0.009320244867727133,0.009328601333538007,0.009324887348733175,0.00932210186012955,0.009324887348733175,0.012391217773252031,0.01086455203440106,0.00932674434113559,0.010860838049596228,0.010850624591382939
30,0.009999301041647974,0.01000627968946581,0.009993326553871645,0.009996313797759808,0.010001292537573417,0.01000328403349886,0.009987352066095318,0.009991339263985597,0.010004279781461579,0.010011254223240024,0.009991335057946202,0.009996313797759808,0.009996313797759808,0.009996313797759808,0.009992330805908924,0.010000300995650089,0.009999301041647974,0.010004283987500976,0.010005275529424302,0.010007271231389139,0.009996313797759808,0.009998305293685252,0.010001292537573417,0.009999301041647974,0.010009258521275188,0.009996313797759808,0.009986356318132595,0.009992330805908924,0.00998935197409955,0.010003292445577648,0.01000328403349886,0.009995318049797088,0.010004279781461579,0.009999301041647974,0.010001300949652205,0.009996313797759808,0.010013245719165467,0.009990343516022874,0.01000826697935186,0.010010258475277303,0.009996318003799205,0.00999333075991104,0.009996313797759808,0.010001292537573417,0.009997313751761924,0.009999301041647974,0.00999730954572253,0.010001292537573417,0.010007271231389139,0.01000826697935186,0.009999305247687367,0.009996318003799205,0.009997313751761924,0.009994322301834366,0.010004279781461579,0.009996318003799205,0.009995318049797088,0.010005275529424302,0.009990339309983482,0.010002288285536136,0.009999301041647974,0.010002292491575533,0.010007267025349745,0.009997317957801321,0.010004279781461579,0.01001523721509091,0.009998305293685252,0.010004279781461579,0.010012249971202746,0.010000305201689484,0.010011254223240024,0.010001292537573417,0.009985360570169874,0.009997317957801321,0.009991339263985597,0.00999730954572253,0.010006275483426419,0.010002288285536136,0.010001292537573417,0.010006271277387022,0.010004283987500976,0.010005275529424302,0.010004283987500976,0.010000296789610695,0.009990339309983482,0.009994326507873762,0.010005279735463696,0.009999305247687367,0.010004279781461579,0.010004279781461579,0.009995318049797088,0.010004279781461579,0.010000296789610695,0.009998309499724646,0.010000296789610695,0.009995322255836483,0.010005279735463696,0.010002288285536136,0.010000296789610695,0.00998934356202076
31,0.009497690924351158,0.009502419908081667,0.00949201614387455,0.009494853534112854,0.010820851161079618,0.009501474111335565,0.00948634136339794,0.009489178753636246,0.009502419908081667,0.01082936333179453,0.009490124550382346,0.009494853534112854,0.009494853534112854,0.009494853534112854,0.009491070347128448,0.013461496854059923,0.010818959567587414,0.012144011397808076,0.009503365704827769,0.009504311501573869,0.010816122177349109,0.009496745127605056,0.010820851161079618,0.010818959567587414,0.010828417535048429,0.009494853534112854,0.009485395566651839,0.009491070347128448,0.00948634136339794,0.009499582517843363,0.009501474111335565,0.010815176380603008,0.012144957194554174,0.010818959567587414,0.010818959567587414,0.009494853534112854,0.010831254925286731,0.009488232956890143,0.00950525729831997,0.009507148891812174,0.009493907737366752,0.010812338990364705,0.009494853534112854,0.009499582517843363,0.009494853534112854,0.010818959567587414,0.009495799330858956,0.010820851161079618,0.012146848788046378,0.010826525941556225,0.009496745127605056,0.009493907737366752,0.009494853534112854,0.009492961940620652,0.009502419908081667,0.009493907737366752,0.009493907737366752,0.010824634348064023,0.009489178753636246,0.009500528314589462,0.009497690924351158,0.009499582517843363,0.00950525729831997,0.009493907737366752,0.012144957194554174,0.009511877875542682,0.012139282414077565,0.01082368855131792,0.010830309128540631,0.009496745127605056,0.009508094688558275,0.010820851161079618,0.009484449769905737,0.010815176380603008,0.009489178753636246,0.009495799330858956,0.009503365704827769,0.010821796957825718,0.009499582517843363,0.009504311501573869,0.009501474111335565,0.009503365704827769,0.010822742754571821,0.00949863672109726,0.009489178753636246,0.010813284787110803,0.009502419908081667,0.009496745127605056,0.009502419908081667,0.009502419908081667,0.010815176380603008,0.009502419908081667,0.010819905364333514,0.009495799330858956,0.00949863672109726,0.009492961940620652,0.009502419908081667,0.009500528314589462,0.00949863672109726,0.009488232956890143
32,0.009917635541199527,0.009922573619043182,0.01008644906281688,0.010089411909523073,0.00991961077233699,0.009921586003474451,0.009905784154374752,0.009908747001080945,0.009922573619043182,0.00992849931245557,0.009909734616649676,0.009914672694493332,0.009914672694493332,0.009914672694493332,0.009910722232218408,0.009917635541199527,0.009917635541199527,0.010096325218504192,0.009923561234611914,0.009924548850180645,0.009914672694493332,0.009916647925630795,0.01026908920239647,0.010092374756229268,0.00992751169688684,0.009914672694493332,0.009904796538806021,0.009910722232218408,0.009905784154374752,0.00991961077233699,0.009921586003474451,0.009913685078924601,0.010097312834072922,0.009917635541199527,0.010092374756229268,0.010264151124552812,0.009930474543593033,0.009907759385512213,0.010275014895808858,0.01010225091191658,0.010088424293954342,0.009910722232218408,0.009914672694493332,0.010094349987366729,0.010089411909523073,0.009917635541199527,0.009915660310062064,0.010094349987366729,0.010099288065210385,0.010100275680779118,0.010091387140660534,0.009913685078924601,0.009914672694493332,0.010087436678385612,0.009922573619043182,0.010263163508984081,0.010088424293954342,0.010273039664671394,0.010258225431140425,0.00992059838790572,0.009917635541199527,0.00991961077233699,0.009925536465749377,0.009913685078924601,0.010097312834072922,0.009932449774730496,0.009916647925630795,0.010097312834072922,0.01027896535808378,0.009916647925630795,0.010103238527485311,0.00991961077233699,0.009903808923237289,0.010437902724013822,0.009908747001080945,0.009915660310062064,0.009923561234611914,0.01009533760293546,0.00991961077233699,0.010099288065210385,0.010096325218504192,0.009923561234611914,0.009921586003474451,0.009918623156768258,0.009908747001080945,0.01026118827784662,0.010097312834072922,0.009916647925630795,0.010097312834072922,0.009922573619043182,0.010088424293954342,0.010097312834072922,0.009918623156768258,0.009915660310062064,0.009918623156768258,0.010087436678385612,0.009922573619043182,0.00992059838790572,0.009918623156768258,0.010082498600541953
33,0.007891563418112427,0.007895492696850782,0.007886848283626402,0.007889205850869413,0.00789313512960777,0.012914344880408187,0.01290177118844545,0.00788449071638339,0.007895492696850782,0.00790020783133681,0.00788527657213106,0.007889205850869413,0.012908843890174488,0.017928481929479562,0.00788606242787873,0.007891563418112427,0.02295047753602765,0.012914344880408187,0.007896278552598454,0.007897064408346125,0.007889205850869413,0.01291041560166983,0.00789313512960777,0.007891563418112427,0.012919060014894212,0.007889205850869413,0.01290098533269778,0.00788606242787873,0.01290177118844545,0.00789313512960777,0.007894706841103112,0.007888419995121743,0.017934768775460932,0.007891563418112427,0.007891563418112427,0.007889205850869413,0.012921417582137225,0.007883704860635717,0.012917488303398872,0.017938698054199287,0.007888419995121743,0.00788606242787873,0.007889205850869413,0.01793241120821792,0.007889205850869413,0.017930839496722577,0.007889991706617085,0.012912773168912846,0.007897064408346125,0.007897850264093797,0.007890777562364755,0.007888419995121743,0.007889205850869413,0.007887634139374072,0.007895492696850782,0.007888419995121743,0.02294733411303697,0.007896278552598454,0.00788449071638339,0.012913559024660513,0.007891563418112427,0.00789313512960777,0.012917488303398872,0.007888419995121743,0.017934768775460932,0.012922989293632569,0.007890777562364755,0.007895492696850782,0.00790099368708448,0.007890777562364755,0.00790020783133681,0.00789313512960777,0.007880561437645033,0.007888419995121743,0.00788449071638339,0.007889991706617085,0.007896278552598454,0.012913559024660513,0.00789313512960777,0.007897064408346125,0.007894706841103112,0.01291591659190353,0.007894706841103112,0.007892349273860098,0.00788449071638339,0.01792612436223655,0.007895492696850782,0.007890777562364755,0.007895492696850782,0.012915130736155859,0.007888419995121743,0.017934768775460932,0.012911987313165174,0.007889991706617085,0.012911987313165174,0.007887634139374072,0.012915130736155859,0.00789392098535544,0.007892349273860098,0.007883704860635717
34,0.009811075725242547,0.01026522215973276,0.010254475114026957,0.010257406126492175,0.009813029733552693,0.010264245155577686,0.010248613089096519,0.010251544101561738,0.009815960746017911,0.010271084184663196,0.01025252110571681,0.009808144712777328,0.009808144712777328,0.009808144712777328,0.010702759523586732,0.010260337138957394,0.009811075725242547,0.00981498374186284,0.010266199163887832,0.009817914754328057,0.009808144712777328,0.009810098721087472,0.011160813974697235,0.010709598552672242,0.009820845766793276,0.009808144712777328,0.010247636084941447,0.010702759523586732,0.009799351675381672,0.01026229114726754,0.00981498374186284,0.009807167708622255,0.009815960746017911,0.009811075725242547,0.009811075725242547,0.010257406126492175,0.010722299606688189,0.009801305683691818,0.00981889175848313,0.010270107180508125,0.009807167708622255,0.009804236696157037,0.010257406126492175,0.009813029733552693,0.009808144712777328,0.010260337138957394,0.009809121716932401,0.009813029733552693,0.009817914754328057,0.00981889175848313,0.009810098721087472,0.009807167708622255,0.009808144712777328,0.009806190704467184,0.009815960746017911,0.009807167708622255,0.009807167708622255,0.010266199163887832,0.009802282687846891,0.009814006737707765,0.009811075725242547,0.009813029733552693,0.00981889175848313,0.010256429122337103,0.009815960746017911,0.00982573078756864,0.009810098721087472,0.010714483573447606,0.010272061188818269,0.009810098721087472,0.010271084184663196,0.009813029733552693,0.009797397667071524,0.01070569053605195,0.009802282687846891,0.009809121716932401,0.009816937750172984,0.010263268151422613,0.01026229114726754,0.009817914754328057,0.010264245155577686,0.009816937750172984,0.00981498374186284,0.009812052729397619,0.010251544101561738,0.009805213700312109,0.009815960746017911,0.009810098721087472,0.009815960746017911,0.009815960746017911,0.010256429122337103,0.009815960746017911,0.009812052729397619,0.010258383130647248,0.009812052729397619,0.009806190704467184,0.009815960746017911,0.009814006737707765,0.010261314143112467,0.009801305683691818
35,0.010474556145369832,0.009701043187228085,0.00969042195949249,0.010471659446896486,0.009698146488754741,0.009700077621070302,0.009684628562545802,0.009687525261019148,0.010479383976158737,0.010485177373105423,0.009688490827176927,0.009693318657965834,0.009693318657965834,0.009693318657965834,0.00968945639333471,0.00969621535643918,0.00969621535643918,0.010478418410000957,0.009702008753385866,0.009702974319543646,0.009693318657965834,0.009695249790281397,0.010476487277685393,0.00969621535643918,0.009705871018016992,0.009693318657965834,0.010462003785318674,0.00968945639333471,0.009684628562545802,0.010476487277685393,0.009700077621070302,0.009692353091808053,0.009701043187228085,0.010474556145369832,0.011252896934300484,0.009693318657965834,0.009708767716490334,0.009686559694861365,0.010482280674632081,0.009705871018016992,0.010470693880738706,0.010467797182265362,0.010471659446896486,0.011254828066616046,0.009693318657965834,0.00969621535643918,0.009694284224123615,0.009698146488754741,0.009702974319543646,0.010482280674632081,0.009695249790281397,0.011249034669669358,0.009693318657965834,0.009691387525650273,0.009701043187228085,0.011249034669669358,0.009692353091808053,0.009702008753385866,0.009687525261019148,0.00969911205491252,0.00969621535643918,0.009698146488754741,0.010482280674632081,0.009692353091808053,0.009701043187228085,0.009710698848805897,0.009695249790281397,0.009701043187228085,0.011264483728193858,0.009695249790281397,0.010485177373105423,0.0120331688555467,0.00968269743023024,0.010470693880738706,0.009687525261019148,0.009694284224123615,0.009702008753385866,0.00969911205491252,0.010476487277685393,0.010481315108474299,0.009700077621070302,0.009702008753385866,0.009700077621070302,0.010475521711527611,0.009687525261019148,0.00969042195949249,0.010479383976158737,0.01047359057921205,0.009701043187228085,0.010479383976158737,0.010470693880738706,0.009701043187228085,0.009697180922596959,0.009694284224123615,0.009697180922596959,0.009691387525650273,0.009701043187228085,0.010477452843843174,0.009697180922596959,0.010464900483792018
36,0.010000210997891005,0.010004189747895393,0.009993236618879086,0.009997223780886556,0.010001202530890946,0.010004193953896937,0.00998726218487019,0.009991249346877663,0.010005189692898417,0.010010164181904289,0.009991245140876119,0.009998223725889582,0.009996223835883531,0.009996223835883531,0.009992240879877603,0.010000210997891005,0.00999921105288798,0.01000519389889996,0.010005185486896877,0.010006181225898358,0.009996223835883531,0.010000215203892547,0.01000220247589397,0.00999921105288798,0.010009168442902807,0.009997223780886556,0.009986266445868707,0.009993240824880628,0.009988262129873214,0.010001202530890946,0.010003194008893912,0.009996228041885076,0.010005189692898417,0.00999921105288798,0.00999921105288798,0.009997223780886556,0.010012155659907254,0.00999025360787618,0.010008176909902865,0.010010168387905832,0.009995228096882051,0.009992240879877603,0.009997223780886556,0.010001202530890946,0.009997223780886556,0.010000210997891005,0.009999219464891065,0.01000220247589397,0.010006181225898358,0.010007176964899842,0.009998215313886498,0.009996228041885076,0.009996223835883531,0.009995232302883593,0.010005189692898417,0.009995228096882051,0.009995228096882051,0.010006185431899902,0.009990249401874639,0.010002198269892426,0.010000210997891005,0.010001202530890946,0.010007176964899842,0.009998227931891125,0.010005189692898417,0.010016147027916268,0.009998215313886498,0.010004189747895393,0.01001115992090577,0.009998215313886498,0.010010164181904289,0.01000220247589397,0.009985270706867224,0.009996228041885076,0.009991249346877663,0.00999821951988804,0.010007185376902927,0.010002198269892426,0.010001202530890946,0.010006181225898358,0.01000519389889996,0.010005185486896877,0.01000519389889996,0.010003206626898537,0.009990249401874639,0.009993236618879086,0.010004189747895393,0.009998215313886498,0.010005189692898417,0.010004189747895393,0.009995228096882051,0.010004189747895393,0.010000206791889463,0.009997219574885014,0.010000206791889463,0.009995232302883593,0.010005189692898417,0.010002198269892426,0.010000206791889463,0.009989253662873154
37,0.008337986435887748,0.01353530764691644,0.008333004567871881,0.008335495501879814,0.008339647058559703,0.008341307681231659,0.008328022699856016,0.008330513633863949,0.008342137992567635,0.013540289514932307,0.008331343945199927,0.008335495501879814,0.008335495501879814,0.013528665156228619,0.008332174256535905,0.008337986435887748,0.008337986435887748,0.008341307681231659,0.008342968303903613,0.008343798615239591,0.013528665156228619,0.00833715612455177,0.008339647058559703,0.008337986435887748,0.008346289549247524,0.008335495501879814,0.008327192388520038,0.008332174256535905,0.008328022699856016,0.013532816712908508,0.008341307681231659,0.008334665190543837,0.018728477301265246,0.013531156090236552,0.013531156090236552,0.013528665156228619,0.008348780483255457,0.00832968332252797,0.00834462892657557,0.01353945920359633,0.008334665190543837,0.008332174256535905,0.008335495501879814,0.013532816712908508,0.008335495501879814,0.008337986435887748,0.008336325813215792,0.008339647058559703,0.008343798615239591,0.00834462892657557,0.00833715612455177,0.013527834844892643,0.008335495501879814,0.023913343842254273,0.008342137992567635,0.013527834844892643,0.013527834844892643,0.013536137958252419,0.008330513633863949,0.013533647024244486,0.008337986435887748,0.008339647058559703,0.00834462892657557,0.008334665190543837,0.01353530764691644,0.008350441105927413,0.00833715612455177,0.008342137992567635,0.008347950171919478,0.00833715612455177,0.008347119860583502,0.013532816712908508,0.013519531731532865,0.008334665190543837,0.008330513633863949,0.013529495467564597,0.008342968303903613,0.00834047736989568,0.008339647058559703,0.008343798615239591,0.008341307681231659,0.008342968303903613,0.008341307681231659,0.008338816747223724,0.008330513633863949,0.008333004567871881,0.008342137992567635,0.00833715612455177,0.02392164695561405,0.01353530764691644,0.008334665190543837,0.01353530764691644,0.008338816747223724,0.018722665121913402,0.008338816747223724,0.008333834879207861,0.008342137992567635,0.013533647024244486,0.008338816747223724,0.00832968332252797
38,0.009325383883757817,0.00933002707429942,0.00931981205510789,0.009322597969432852,0.009327241159974459,0.0093290984361911,0.009314240226457965,0.010665812626975303,0.00933002707429942,0.010684385389141718,0.009317954778891248,0.010671384455625226,0.010671384455625226,0.009322597969432852,0.010667669903191944,0.009325383883757817,0.009325383883757817,0.010677884922383474,0.009330955712407742,0.012029457322900807,0.009322597969432852,0.009324455245649494,0.009327241159974459,0.009325383883757817,0.0106834567510334,0.009322597969432852,0.009313311588349646,0.010667669903191944,0.013360599685035087,0.010676027646166831,0.0093290984361911,0.009321669331324533,0.010678813560491792,0.010674170369950189,0.009325383883757817,0.009322597969432852,0.009337456179165987,0.009316097502674607,0.009332812988624383,0.009334670264841026,0.01201924230370928,0.009318883416999572,0.009322597969432852,0.009327241159974459,0.009322597969432852,0.010674170369950189,0.010672313093733548,0.009327241159974459,0.010680670836708435,0.010681599474816757,0.010673241731841868,0.009321669331324533,0.009322597969432852,0.010669527179408587,0.00933002707429942,0.010670455817516905,0.010670455817516905,0.010679742198600115,0.00931702614078293,0.009328169798082778,0.009325383883757817,0.010676027646166831,0.009332812988624383,0.010670455817516905,0.010678813560491792,0.00933931345538263,0.009324455245649494,0.00933002707429942,0.009336527541057665,0.010673241731841868,0.010684385389141718,0.010676027646166831,0.010661169436433698,0.009321669331324533,0.00931702614078293,0.009323526607541174,0.010679742198600115,0.009328169798082778,0.009327241159974459,0.009331884350516061,0.0093290984361911,0.010679742198600115,0.0093290984361911,0.010675099008058509,0.00931702614078293,0.010668598541300265,0.010678813560491792,0.009324455245649494,0.00933002707429942,0.00933002707429942,0.009321669331324533,0.00933002707429942,0.009326312521866135,0.009323526607541174,0.012023885494250883,0.010669527179408587,0.00933002707429942,0.014723315742852272,0.012023885494250883,0.012013670475059355
39,0.009999241048961343,0.010004219758904065,0.009993266597030077,0.00999625382299571,0.01000323242894384,0.010004223964918225,0.009987292145098813,0.009992279267069854,0.010004219758904065,0.010011194158838034,0.009992275061055694,0.00999625382299571,0.009997253770998414,0.009998253719001118,0.009992270855041533,0.009999241048961343,0.009999241048961343,0.01000322401691552,0.01000521550089261,0.01000821113888656,0.00999625382299571,0.009999245254975503,0.010001232532938432,0.009999241048961343,0.01001019841684949,0.00999625382299571,0.009987296351112972,0.009992270855041533,0.009987292145098813,0.010001232532938432,0.010004223964918225,0.009995258081007166,0.010005219706906768,0.010000240996964047,0.010000240996964047,0.009997253770998414,0.010013185642815121,0.0099892836290759,0.010009206880875105,0.010009198468846786,0.009995258081007166,0.009993270803044237,0.009997253770998414,0.010002232480941136,0.00999625382299571,0.009999241048961343,0.009997249564984254,0.010002232480941136,0.010006211242881154,0.010007206984869697,0.009998245306972799,0.009995258081007166,0.00999625382299571,0.009995262287021326,0.010004219758904065,0.009995258081007166,0.009995258081007166,0.010006215448895314,0.009990279371064446,0.01000322822292968,0.010002240892969454,0.010001232532938432,0.010007206984869697,0.009995258081007166,0.010004219758904065,0.01001517712679221,0.009999245254975503,0.010005219706906768,0.010012189900826578,0.009998245306972799,0.010011194158838034,0.010002232480941136,0.009985300661121724,0.009995258081007166,0.009990279371064446,0.009997249564984254,0.010006215448895314,0.01000322822292968,0.010002232480941136,0.010006211242881154,0.01000322401691552,0.01000521550089261,0.010004223964918225,0.010001236738952592,0.009990279371064446,0.009993266597030077,0.010006219654909472,0.009998245306972799,0.010005219706906768,0.010005219706906768,0.00999625802900987,0.010004219758904065,0.010000236790949888,0.009997249564984254,0.010000236790949888,0.009995262287021326,0.010005219706906768,0.01000322822292968,0.010000236790949888,0.0099892836290759
40,0.009025894760322704,0.009030388832599304,0.011583369042559256,0.011586065485925213,0.009027692389233344,0.009029490018143984,0.009015108986858865,0.009017805430224825,0.009030388832599304,0.014161516057268167,0.009018704244680145,0.011586065485925213,0.011586065485925213,0.009023198316956743,0.011582470228103936,0.011588761929291175,0.009025894760322704,0.011592357187112457,0.009031287647054624,0.009032186461509944,0.011586065485925213,0.014150730283804326,0.009027692389233344,0.009025894760322704,0.009034882904875904,0.009023198316956743,0.014139944510340488,0.009019603059135465,0.009015108986858865,0.009027692389233344,0.009029490018143984,0.009022299502501425,0.009030388832599304,0.009025894760322704,0.009025894760322704,0.009023198316956743,0.009037579348241863,0.009016906615769505,0.009033085275965264,0.009034882904875904,0.009022299502501425,0.011582470228103936,0.009023198316956743,0.011590559558201817,0.009023198316956743,0.011588761929291175,0.009024097131412065,0.011590559558201817,0.009032186461509944,0.011595952444933734,0.009024995945867384,0.009022299502501425,0.009023198316956743,0.009021400688046105,0.009030388832599304,0.009022299502501425,0.014148033840438369,0.009031287647054624,0.011580672599193296,0.009028591203688664,0.009025894760322704,0.009027692389233344,0.009033085275965264,0.009022299502501425,0.009030388832599304,0.009039376977152503,0.009024995945867384,0.011593256001567775,0.009036680533786543,0.009024995945867384,0.009035781719331223,0.011590559558201817,0.009013311357948224,0.011585166671469898,0.009017805430224825,0.011586964300380536,0.016719889153960037,0.011591458372657137,0.011590559558201817,0.014157920799446885,0.009029490018143984,0.009031287647054624,0.009029490018143984,0.009026793574778024,0.009017805430224825,0.011583369042559256,0.011593256001567775,0.009024995945867384,0.009030388832599304,0.011593256001567775,0.014148033840438369,0.009030388832599304,0.009026793574778024,0.009024097131412065,0.009026793574778024,0.009021400688046105,0.009030388832599304,0.009028591203688664,0.009026793574778024,0.009016906615769505
41,0.011091338964778012,0.01109602528716158,0.01276504446753684,0.009409198081728758,0.009413884404112328,0.011095088022684867,0.009400762701438335,0.009403574494868476,0.009416696197542467,0.011101648874021862,0.009404511759345188,0.009409198081728758,0.009409198081728758,0.009409198081728758,0.009405449023821904,0.012770668054397125,0.012770668054397125,0.011095088022684867,0.009417633462019182,0.009418570726495894,0.009409198081728758,0.009411072610682185,0.009413884404112328,0.009412009875158901,0.01110071160954515,0.009409198081728758,0.011079154526580733,0.009405449023821904,0.009400762701438335,0.011093213493731439,0.009415758933065755,0.009408260817252045,0.009416696197542467,0.009412009875158901,0.009412009875158901,0.01108852717134787,0.009424194313356178,0.009402637230391763,0.00941950799097261,0.009421382519926037,0.011087589906871158,0.009405449023821904,0.009409198081728758,0.009413884404112328,0.009409198081728758,0.009412009875158901,0.009410135346205472,0.009413884404112328,0.011097899816115007,0.00941950799097261,0.011090401700301298,0.009408260817252045,0.01108852717134787,0.009407323552775331,0.009416696197542467,0.009408260817252045,0.011087589906871158,0.009417633462019182,0.011082903584487588,0.00941482166858904,0.009412009875158901,0.014451871672969664,0.011098837080591723,0.009408260817252045,0.009416696197542467,0.009426068842309605,0.009411072610682185,0.009416696197542467,0.009423257048879464,0.009411072610682185,0.011101648874021862,0.009413884404112328,0.009398888172484908,0.009408260817252045,0.009403574494868476,0.011089464435824583,0.009417633462019182,0.00941482166858904,0.009413884404112328,0.009418570726495894,0.009415758933065755,0.011096962551638294,0.009415758933065755,0.009412947139635613,0.011082903584487588,0.009406386288298617,0.009416696197542467,0.011090401700301298,0.01109602528716158,0.01109602528716158,0.009408260817252045,0.01109602528716158,0.009412947139635613,0.009410135346205472,0.009412947139635613,0.009407323552775331,0.009416696197542467,0.012773479847827264,0.009412947139635613,0.009402637230391763
42,0.008392042830685724,0.012518674129868753,0.008387028664485355,0.008389535747585539,0.00839371421941918,0.008395385608152638,0.008382014498284985,0.00838452158138517,0.01664112695721814,0.008401235468719737,0.008385357275751898,0.016634441402284313,0.008389535747585539,0.008389535747585539,0.008386192970118628,0.008392042830685724,0.016636948485384495,0.012517838435502025,0.01251950982423548,0.012520345518602208,0.008389535747585539,0.008391207136318996,0.00839371421941918,0.008392042830685724,0.012522852601702395,0.008389535747585539,0.008381178803918258,0.008386192970118628,0.008382014498284985,0.00839371421941918,0.012517838435502025,0.00838870005321881,0.012518674129868753,0.008392042830685724,0.01251449565803511,0.008389535747585539,0.008402906857453192,0.012506138714367827,0.012521181212968937,0.008400399774353008,0.00838870005321881,0.008386192970118628,0.008389535747585539,0.00839371421941918,0.008389535747585539,0.008392042830685724,0.008390371441952269,0.00839371421941918,0.008397892691252821,0.012521181212968937,0.008391207136318996,0.012511152880568198,0.012511988574934926,0.01251031718620147,0.008396221302519366,0.00838870005321881,0.00838870005321881,0.01251950982423548,0.00838452158138517,0.012517002741135295,0.01251449565803511,0.016638619874117952,0.008398728385619551,0.00838870005321881,0.012518674129868753,0.008404578246186649,0.008391207136318996,0.008396221302519366,0.020769429645134625,0.008391207136318996,0.008401235468719737,0.00839371421941918,0.008380343109551528,0.00838870005321881,0.00838452158138517,0.012512824269301654,0.008397056996886094,0.012517002741135295,0.00839371421941918,0.008397892691252821,0.008395385608152638,0.01251950982423548,0.008395385608152638,0.00839287852505245,0.00838452158138517,0.008387028664485355,0.008396221302519366,0.008391207136318996,0.008396221302519366,0.008396221302519366,0.012511152880568198,0.008396221302519366,0.012515331352401838,0.008390371441952269,0.00839287852505245,0.008387864358852084,0.020763579784567526,0.00839454991378591,0.016637784179751224,0.008383685887018441
43,0.009999321039370157,0.010004299789140804,0.009994346495647314,0.009998333701511639,0.010001312539278417,0.010005303951190548,0.009987372039920601,0.009990359289782992,0.01000529974514274,0.010010274288865584,0.009992354995739056,0.009996333789507768,0.009996333789507768,0.009997333745509703,0.009992350789691249,0.010000320995372092,0.009999321039370157,0.010003304039186676,0.010006295495096872,0.010007291245051,0.009997333745509703,0.009998325289416026,0.010002312495280353,0.010000320995372092,0.010009278538911454,0.009998333701511639,0.009986376289966471,0.009992350789691249,0.009987372039920601,0.010002312495280353,0.010003304039186676,0.00999533803955364,0.010004299789140804,0.009999321039370157,0.009999321039370157,0.009997333745509703,0.010012265788773842,0.00998936353982886,0.01000828699500513,0.010009278538911454,0.00999533803955364,0.009992350789691249,0.009998333701511639,0.010001312539278417,0.009997333745509703,0.010000320995372092,0.009997329539461896,0.010001312539278417,0.010007291245051,0.01000828699500513,0.009999325245417964,0.00999533803955364,0.009997333745509703,0.009994342289599509,0.010004299789140804,0.00999533803955364,0.00999533803955364,0.010005295539094936,0.009991359245784927,0.010003308245234481,0.009999321039370157,0.010001312539278417,0.01000828699500513,0.00999533803955364,0.01000529974514274,0.010014257288682103,0.009998325289416026,0.010004299789140804,0.010011270038819712,0.009998325289416026,0.010010274288865584,0.010001312539278417,0.00998538054001234,0.00999533803955364,0.009990359289782992,0.009997329539461896,0.010007295451098809,0.010003308245234481,0.010002312495280353,0.010007291245051,0.010003304039186676,0.010005295539094936,0.010003304039186676,0.010000316789324287,0.009990359289782992,0.009993346539645379,0.010004299789140804,0.009998325289416026,0.010004299789140804,0.010004299789140804,0.009998337907559447,0.010004299789140804,0.010001316745326222,0.009998329495463833,0.010001316745326222,0.009994342289599509,0.010004299789140804,0.010002308289232546,0.010001316745326222,0.009990363495830795
44,0.008786762514321474,0.011901464406140767,0.008781512506844285,0.00878413751058288,0.008788512516813871,0.008790262519306268,0.008776262499367098,0.008778887503105692,0.008791137520552465,0.011906714413617956,0.008779762504351888,0.00878413751058288,0.00878413751058288,0.00878413751058288,0.008780637505598089,0.008786762514321474,0.008786762514321474,0.008790262519306268,0.01812299317856357,0.00879288752304486,0.00878413751058288,0.011896214398663578,0.011898839402402174,0.008786762514321474,0.01190583941237176,0.00878413751058288,0.0087753874981209,0.008780637505598089,0.008776262499367098,0.008788512516813871,0.01190058940489457,0.015003916280513285,0.008791137520552465,0.01500741628549808,0.008786762514321474,0.00878413751058288,0.008798137530522051,0.018108993158624402,0.00879376252429106,0.008795512526783457,0.008783262509336682,0.008780637505598089,0.00878413751058288,0.008788512516813871,0.011894464396171181,0.008786762514321474,0.01189533939741738,0.008788512516813871,0.00879288752304486,0.011904089409879363,0.008785887513075276,0.008783262509336682,0.011894464396171181,0.011892714393678788,0.011901464406140767,0.008783262509336682,0.008783262509336682,0.008792012521798663,0.008778887503105692,0.008789387518060068,0.011897089399909777,0.008788512516813871,0.011904089409879363,0.008783262509336682,0.011901464406140767,0.01502054130419105,0.011896214398663578,0.008791137520552465,0.011907589414864153,0.011896214398663578,0.008796387528029654,0.008788512516813871,0.008774512496874701,0.008783262509336682,0.011889214388693994,0.008785012511829077,0.015012666292975268,0.008789387518060068,0.008788512516813871,0.011903214408633163,0.008790262519306268,0.008792012521798663,0.008790262519306268,0.008787637515567671,0.008778887503105692,0.008781512506844285,0.008791137520552465,0.008785887513075276,0.011901464406140767,0.011901464406140767,0.008783262509336682,0.008791137520552465,0.008787637515567671,0.01189533939741738,0.008787637515567671,0.008782387508090485,0.008791137520552465,0.008789387518060068,0.011897964401155973,0.011888339387447796
45,0.008214870876926171,0.008218961133287916,0.008209962569292078,0.008212416723109125,0.012466346957491022,0.008218143082015569,0.008205054261657987,0.008207508415475033,0.008218961133287916,0.012473709418942162,0.008208326466747382,0.008212416723109125,0.008212416723109125,0.008212416723109125,0.008209144518019731,0.012464710854946324,0.012464710854946324,0.008218143082015569,0.008219779184560265,0.008220597235832613,0.008212416723109125,0.016713732781694128,0.012466346957491022,0.008214870876926171,0.00822305138964966,0.008212416723109125,0.01245407618840579,0.012458984496039886,0.016704734217698292,0.00821650697947087,0.012467983060035721,0.012461438649856929,0.008218961133287916,0.008214870876926171,0.012464710854946324,0.008212416723109125,0.008225505543466707,0.008206690364202684,0.008221415287104962,0.00822305138964966,0.012461438649856929,0.008209144518019731,0.008212416723109125,0.00821650697947087,0.008212416723109125,0.012464710854946324,0.008213234774381475,0.012466346957491022,0.01672027719187292,0.01672109524314527,0.016713732781694128,0.008211598671836778,0.008212416723109125,0.012460620598584583,0.025218321045368527,0.008211598671836778,0.008211598671836778,0.016719459140600572,0.008207508415475033,0.008217325030743218,0.008214870876926171,0.00821650697947087,0.008221415287104962,0.008211598671836778,0.008218961133287916,0.012476981624031557,0.008214052825653823,0.008218961133287916,0.012474527470214509,0.016713732781694128,0.012473709418942162,0.00821650697947087,0.008203418159113289,0.008211598671836778,0.008207508415475033,0.008213234774381475,0.008219779184560265,0.008217325030743218,0.00821650697947087,0.012470437213852766,0.008218143082015569,0.012469619162580417,0.008218143082015569,0.012465528906218673,0.008207508415475033,0.008209962569292078,0.01246880111130807,0.008214052825653823,0.008218961133287916,0.008218961133287916,0.008211598671836778,0.008218961133287916,0.00821568892819852,0.008213234774381475,0.012465528906218673,0.008210780620564429,0.01246880111130807,0.008217325030743218,0.012465528906218673,0.008206690364202684
46,0.009999361035054487,0.010004339804739337,0.009993386511432667,0.009996373773243576,0.010001352542928428,0.010004344010803969,0.009988411947812446,0.009991399209623357,0.010004339804739337,0.01001131428836276,0.009991395003558725,0.009996373773243576,0.009996373773243576,0.009997373733245175,0.009994390677498896,0.010000360995056088,0.010000360995056088,0.010003344050802368,0.010005335558676309,0.010007331272614878,0.009997373733245175,0.009998365281117517,0.010002352502930028,0.010000360995056088,0.010010318534425789,0.009997373733245175,0.009986416233873875,0.009993390717497296,0.009987411987810845,0.010002352502930028,0.010003344050802368,0.009996377979308206,0.010004339804739337,0.009999361035054487,0.009999361035054487,0.009996373773243576,0.0100123058362351,0.009989403495684784,0.010008327026551848,0.01000931857442419,0.009996377979308206,0.009992390757495695,0.009996373773243576,0.010001352542928428,0.009997373733245175,0.009999361035054487,0.009997369527180546,0.010001352542928428,0.010006331312613278,0.010007327066550248,0.009998365281117517,0.009995378019306608,0.009996373773243576,0.009994382265369637,0.010004339804739337,0.009995378019306608,0.009996377979308206,0.010005335558676309,0.009990399249621756,0.010002348296865396,0.010000360995056088,0.010001352542928428,0.010008327026551848,0.009995378019306608,0.010005339764740937,0.010015297304110639,0.009998365281117517,0.010004339804739337,0.010012310042299728,0.009999365241119116,0.01001031432836116,0.010001352542928428,0.009985420479936905,0.009996377979308206,0.009990399249621756,0.009997369527180546,0.010005335558676309,0.010003348256866997,0.010001352542928428,0.010006331312613278,0.010004344010803969,0.010005335558676309,0.010005343970805568,0.010001356748993058,0.009990399249621756,0.009994386471434266,0.010005339764740937,0.009998365281117517,0.010004339804739337,0.010004339804739337,0.009996377979308206,0.010005339764740937,0.010000356788991457,0.009997369527180546,0.010000356788991457,0.009995382225371236,0.010005339764740937,0.010002348296865396,0.010000356788991457,0.009989403495684784
47,0.009999321039370157,0.010004299789140804,0.009993346539645379,0.009996333789507768,0.010002312495280353,0.010003304039186676,0.009987372039920601,0.009991359245784927,0.010004299789140804,0.010011274244867521,0.009993354951740991,0.009996333789507768,0.009996333789507768,0.009997333745509703,0.009993350745693186,0.010000320995372092,0.009999321039370157,0.010004303995188613,0.010005295539094936,0.010007291245051,0.009996333789507768,0.009998325289416026,0.010001312539278417,0.009999321039370157,0.01001027849491339,0.009998333701511639,0.009986376289966471,0.009992350789691249,0.009987372039920601,0.010003312451282288,0.010003304039186676,0.00999533803955364,0.01000529974514274,0.010000320995372092,0.009999321039370157,0.009996333789507768,0.010013265744775778,0.00998936353982886,0.010007287039003195,0.01001027849491339,0.00999533803955364,0.009994350701695121,0.009996333789507768,0.010001312539278417,0.009997333745509703,0.010000320995372092,0.009997329539461896,0.010001312539278417,0.010007291245051,0.01000828699500513,0.009999325245417964,0.00999533803955364,0.009996333789507768,0.009994342289599509,0.010004299789140804,0.00999533803955364,0.00999533803955364,0.010005295539094936,0.009991359245784927,0.010002308289232546,0.009999321039370157,0.010002312495280353,0.010009286951007066,0.00999533803955364,0.010004299789140804,0.010015257244684038,0.009998325289416026,0.01000529974514274,0.010011270038819712,0.009998325289416026,0.010011274244867521,0.010001312539278417,0.00998538054001234,0.00999533803955364,0.009991359245784927,0.009997329539461896,0.010007295451098809,0.010002308289232546,0.010001312539278417,0.010007291245051,0.010003304039186676,0.010005295539094936,0.010003304039186676,0.010000316789324287,0.009991359245784927,0.009993346539645379,0.010004299789140804,0.009999325245417964,0.01000529974514274,0.01000529974514274,0.00999533803955364,0.010004299789140804,0.010001316745326222,0.009998329495463833,0.010000316789324287,0.009994342289599509,0.010004299789140804,0.010002308289232546,0.010001316745326222,0.00998936353982886
48,0.0095038307091189,0.00950856274990217,0.010510279102880002,0.009500991484648938,0.009505723525432209,0.010519743184446543,0.009492473811239053,0.009495313035709014,0.00950856274990217,0.009514241198842094,0.00949625944386567,0.010513118327349963,0.009500991484648938,0.009500991484648938,0.009497205852022324,0.0095038307091189,0.013552338079923005,0.011531870027147569,0.009509509158058824,0.009510455566215477,0.010513118327349963,0.009502884300962244,0.010517850368133236,0.0095038307091189,0.009513294790685441,0.009500991484648938,0.010503654245783426,0.009497205852022324,0.010504600653940079,0.009505723525432209,0.009507616341745517,0.009500045076492285,0.010520689592603195,0.010515957551819926,0.0095038307091189,0.009500991484648938,0.009516134015155402,0.010506493470253385,0.010523528817073158,0.010525421633386468,0.01051217191919331,0.009497205852022324,0.010513118327349963,0.009505723525432209,0.010513118327349963,0.0095038307091189,0.010514064735506617,0.009505723525432209,0.009510455566215477,0.010523528817073158,0.009502884300962244,0.01051217191919331,0.010513118327349963,0.00949909866833563,0.00950856274990217,0.01051217191919331,0.009500045076492285,0.010521636000759851,0.009495313035709014,0.011530923618990914,0.010515957551819926,0.010517850368133236,0.010523528817073158,0.009500045076492285,0.010520689592603195,0.009518026831468709,0.010515011143663272,0.00950856274990217,0.009515187606998748,0.009502884300962244,0.011538494884244146,0.009505723525432209,0.01050270783762677,0.009500045076492285,0.009495313035709014,0.010514064735506617,0.012545889686161903,0.009506669933588861,0.009505723525432209,0.010522582408916504,0.010519743184446543,0.009509509158058824,0.010519743184446543,0.01051690395997658,0.009495313035709014,0.010510279102880002,0.00950856274990217,0.009502884300962244,0.00950856274990217,0.00950856274990217,0.009500045076492285,0.010520689592603195,0.009504777117275555,0.009501937892805592,0.011529030802677608,0.00949909866833563,0.00950856274990217,0.009506669933588861,0.009504777117275555,0.00949436662755236
49,0.009700903444631136,0.009705733609660329,0.01029283666149103,0.010295734760508544,0.009702835510642814,0.010302496991549415,0.009689311048561074,0.010289938562473514,0.010901192439450176,0.010309259222590286,0.009693175180584428,0.00969800534561362,0.010893464175403468,0.010893464175403468,0.009694141213590267,0.009700903444631136,0.009700903444631136,0.009704767576654493,0.01149988788735094,0.009707665675672005,0.00969800534561362,0.01029766682652022,0.009702835510642814,0.009700903444631136,0.010906022604479372,0.00969800534561362,0.01028607443045016,0.009694141213590267,0.009689311048561074,0.010300564925537738,0.009704767576654493,0.010294768727502707,0.010303463024555252,0.009700903444631136,0.009700903444631136,0.00969800534561362,0.010311191288601963,0.009691243114572751,0.009708631708677846,0.009710563774689525,0.009697039312607783,0.009694141213590267,0.00969800534561362,0.009702835510642814,0.00969800534561362,0.009700903444631136,0.00969897137861946,0.009702835510642814,0.01030539509056693,0.009708631708677846,0.009699937411625297,0.010294768727502707,0.00969800534561362,0.010891532109391793,0.009705733609660329,0.009697039312607783,0.009697039312607783,0.010304429057561092,0.00969220914757859,0.009703801543648652,0.01029863285952606,0.009702835510642814,0.009708631708677846,0.009697039312607783,0.009705733609660329,0.009715393939718715,0.009699937411625297,0.009705733609660329,0.010907954670491046,0.009699937411625297,0.009711529807695362,0.010300564925537738,0.01028510839744432,0.009697039312607783,0.010289938562473514,0.010296700793514383,0.00970669964266617,0.0108992603734385,0.009702835510642814,0.009707665675672005,0.010900226406444339,0.010304429057561092,0.009704767576654493,0.0102995988925319,0.00969220914757859,0.009695107246596106,0.010901192439450176,0.009699937411625297,0.010303463024555252,0.010303463024555252,0.009697039312607783,0.009705733609660329,0.010897328307426823,0.00969897137861946,0.0102995988925319,0.009696073279601945,0.010303463024555252,0.010301530958543576,0.009701869477636975,0.010288972529467675
50,0.009999351036103409,0.010004329800809694,0.009994376477457548,0.009996363777279638,0.010002342500987605,0.01000433400687012,0.009987402000808325,0.009991389218633778,0.010005329759811374,0.010010304318457237,0.009992384971575032,0.009996363777279638,0.009996363777279638,0.009996363777279638,0.009994380683517972,0.009999351036103409,0.01000035099510509,0.01000433400687012,0.010005325553750952,0.010006321306692208,0.009997363736281318,0.009998355283162152,0.010002342500987605,0.009999351036103409,0.010009308565515981,0.009998363695283,0.009986406247867067,0.009992380765514609,0.009987402000808325,0.010002342500987605,0.010003334047868438,0.009995368024338381,0.010005329759811374,0.009999351036103409,0.01000035099510509,0.009996363777279638,0.010013295783341432,0.009990393465692518,0.010007317059633465,0.010009308565515981,0.009995368024338381,0.009992380765514609,0.009996363777279638,0.010001342541985923,0.009996363777279638,0.009999351036103409,0.009998359489222576,0.010001342541985923,0.010007321265693888,0.010007317059633465,0.009999355242163832,0.009995368024338381,0.009997363736281318,0.009994372271397125,0.010006329718813056,0.009995368024338381,0.009997367942341743,0.010005325553750952,0.009990389259632096,0.01000233829492718,0.01000035099510509,0.010001342541985923,0.010007317059633465,0.009996367983340063,0.010005329759811374,0.010014287330222265,0.009999355242163832,0.010004329800809694,0.010011300071398494,0.009999355242163832,0.010010304318457237,0.010002342500987605,0.00998541049492581,0.009996367983340063,0.009990389259632096,0.009997359530220894,0.010005325553750952,0.01000233829492718,0.010001342541985923,0.010006321306692208,0.010003334047868438,0.010005325553750952,0.01000433400687012,0.010000346789044667,0.009991389218633778,0.009994376477457548,0.010005329759811374,0.009998355283162152,0.010004329800809694,0.010005329759811374,0.009995368024338381,0.010004329800809694,0.010000346789044667,0.009997359530220894,0.010000346789044667,0.009995372230398805,0.010004329800809694,0.01000333825392886,0.010000346789044667,0.009989393506690838
51,0.009999381033016634,0.010004359812658646,0.009993406497446221,0.009998393689234315,0.01000137254487344,0.010003364056730244,0.00998843192387725,0.009990419229661015,0.010006359736661533,0.010010334348229061,0.009991414985589414,0.009996393765231426,0.00999739372723287,0.009996393765231426,0.009992410741517818,0.010001380957019522,0.010000380995018078,0.010005363980733133,0.010006355530588495,0.010007351286516895,0.00999739372723287,0.009998385277088231,0.01000137254487344,0.009999381033016634,0.01000933859230066,0.009996393765231426,0.009986436205947405,0.009993410703519261,0.00998843192387725,0.01000137254487344,0.010003364056730244,0.009995398009303026,0.010004359812658646,0.010001380957019522,0.010000380995018078,0.009996393765231426,0.010014325784088753,0.00998942347373261,0.010007347080443854,0.01000933859230066,0.00999639797130447,0.009992410741517818,0.00999739372723287,0.01000137254487344,0.009996393765231426,0.010000380995018078,0.009998389483161273,0.010002372506874883,0.010007351286516895,0.010007347080443854,0.009998385277088231,0.009995398009303026,0.00999739372723287,0.009994402253374623,0.010004359812658646,0.00999639797130447,0.009995398009303026,0.01000535556858705,0.009990419229661015,0.010002368300801841,0.009999381033016634,0.01000137254487344,0.010007347080443854,0.009995398009303026,0.010004359812658646,0.01001431737194267,0.009998385277088231,0.010004359812658646,0.010011330104157463,0.009998385277088231,0.010010334348229061,0.010002372506874883,0.009985440450019001,0.00999639797130447,0.009991419191662458,0.00999738952115983,0.01000535556858705,0.010002368300801841,0.010002372506874883,0.010006351324515451,0.010004364018731688,0.01000535556858705,0.010003364056730244,0.010000376788945038,0.009991419191662458,0.009993406497446221,0.01000535977466009,0.009998385277088231,0.010004359812658646,0.010004359812658646,0.009995398009303026,0.010004359812658646,0.010000376788945038,0.00999738952115983,0.010001376750946481,0.009994402253374623,0.010004359812658646,0.010002368300801841,0.010000376788945038,0.009990423435734055
52,0.011220623550795625,0.009223830469878675,0.011215115142034873,0.009216485924864338,0.0092210762654983,0.009222912401751883,0.009208223311723213,0.011212360937654497,0.011225213891429582,0.011230722300190335,0.009211895584230379,0.009216485924864338,0.009216485924864338,0.009216485924864338,0.009212813652357174,0.009219240129244716,0.011220623550795625,0.009222912401751883,0.009224748538005468,0.00922566660613226,0.009216485924864338,0.01322108890421974,0.0092210762654983,0.009219240129244716,0.009228420810512636,0.011217869346415247,0.009207305243596422,0.009212813652357174,0.009208223311723213,0.0092210762654983,0.009222912401751883,0.009215567856737548,0.009223830469878675,0.01522339039389744,0.009219240129244716,0.011217869346415247,0.009231175014893012,0.011211442869527704,0.009226584674259053,0.013231187653614453,0.009215567856737548,0.009212813652357174,0.013219252767966155,0.0092210762654983,0.009216485924864338,0.009219240129244716,0.011218787414542039,0.0092210762654983,0.00922566660613226,0.009226584674259053,0.009218322061117924,0.011216951278288456,0.011217869346415247,0.009214649788610757,0.009223830469878675,0.009215567856737548,0.009215567856737548,0.011226131959556377,0.009210977516103589,0.00922199433362509,0.009219240129244716,0.0092210762654983,0.013229351517360868,0.009215567856737548,0.009223830469878675,0.009233011151146595,0.009218322061117924,0.009223830469878675,0.011231640368317128,0.011219705482668832,0.009229338878639427,0.0092210762654983,0.009206387175469628,0.009215567856737548,0.009210977516103589,0.013220170836092948,0.009224748538005468,0.011223377755176,0.0092210762654983,0.011227050027683167,0.009222912401751883,0.009224748538005468,0.011224295823302791,0.009220158197371507,0.009210977516103589,0.009213731720483963,0.009223830469878675,0.009218322061117924,0.009223830469878675,0.009223830469878675,0.011216951278288456,0.009223830469878675,0.013222925040473324,0.009217403992991131,0.011221541618922415,0.011216033210161664,0.011225213891429582,0.011223377755176,0.011221541618922415,0.009210059447976796
53,0.009300463052665508,0.009305093834906429,0.009294906113976403,0.009297684583320955,0.009302315365561876,0.009304167678458245,0.011179388823360078,0.00929212764463185,0.01119513348297921,0.013090730069741095,0.009293053801080035,0.011187724231393735,0.011187724231393735,0.009297684583320955,0.00929397995752822,0.009300463052665508,0.009300463052665508,0.009304167678458245,0.009306019991354613,0.009306946147802798,0.009297684583320955,0.009299536896217323,0.011192355013634657,0.011190502700738288,0.011199764265220132,0.009297684583320955,0.009288423018839113,0.011184019605601,0.009289349175287297,0.011192355013634657,0.009304167678458245,0.009296758426872772,0.01119513348297921,0.011190502700738288,0.009300463052665508,0.009297684583320955,0.011202542734564683,0.009291201488183666,0.009307872304250982,0.00930972461714735,0.009296758426872772,0.00929397995752822,0.009297684583320955,0.009302315365561876,0.009297684583320955,0.011190502700738288,0.00929861073976914,0.009302315365561876,0.009306946147802798,0.011197911952323761,0.013079616192362883,0.009296758426872772,0.011187724231393735,0.009295832270424588,0.009305093834906429,0.009296758426872772,0.011186798074945553,0.011196059639427394,0.00929212764463185,0.00930324152201006,0.009300463052665508,0.009302315365561876,0.009307872304250982,0.009296758426872772,0.009305093834906429,0.00931435539938827,0.009299536896217323,0.009305093834906429,0.011201616578116497,0.011189576544290102,0.011200690421668314,0.009302315365561876,0.009287496862390929,0.009296758426872772,0.01307220694077741,0.00929861073976914,0.011196059639427394,0.00930324152201006,0.009302315365561876,0.011196985795875577,0.009304167678458245,0.011196059639427394,0.009304167678458245,0.009301389209113692,0.00929212764463185,0.009294906113976403,0.009305093834906429,0.009299536896217323,0.009305093834906429,0.009305093834906429,0.009296758426872772,0.01497521277912477,0.011191428857186473,0.00929861073976914,0.009301389209113692,0.009295832270424588,0.009305093834906429,0.01308332081815562,0.013081468505259252,0.009291201488183666
54,0.010001290948821295,0.010004269777651977,0.009994316514016964,0.009996303801915815,0.010003282442755335,0.01000327403068496,0.009987342079212634,0.009991329273115905,0.010004269777651977,0.010012244165458518,0.009992325020082923,0.009996303801915815,0.009997303754918025,0.009997303754918025,0.009992320814047734,0.010000290995819085,0.010001290948821295,0.010004273983687167,0.010005265524618999,0.010006261271586018,0.009996303801915815,0.009998295295849856,0.010002282489753126,0.009999291042816877,0.010009248512487079,0.009996303801915815,0.009987346285247823,0.009992320814047734,0.009987342079212634,0.010001282536750918,0.01000327403068496,0.009996308007951005,0.010004269777651977,0.009999291042816877,0.009999291042816877,0.009997303754918025,0.01001223575338814,0.009989333573146674,0.010008256971555248,0.010010248465489289,0.009995308054948797,0.009992320814047734,0.009996303801915815,0.010002282489753126,0.009996303801915815,0.009999291042816877,0.009997299548882836,0.010002282489753126,0.010006261271586018,0.010008256971555248,0.009999295248852066,0.009995308054948797,0.009997303754918025,0.009994312307981775,0.010005269730654185,0.009995308054948797,0.009995308054948797,0.010005265524618999,0.009990329320113697,0.010003278236720144,0.009999291042816877,0.010002282489753126,0.010007257018553038,0.009995308054948797,0.010005269730654185,0.010015227200324389,0.009998295295849856,0.010005269730654185,0.010013239912425536,0.009999295248852066,0.010011244212456308,0.010001282536750918,0.009987350491283012,0.009995308054948797,0.009990329320113697,0.009997299548882836,0.010005265524618999,0.010003278236720144,0.010002282489753126,0.010006261271586018,0.01000327403068496,0.010005265524618999,0.010004273983687167,0.010001286742786107,0.009991329273115905,0.009993316561014756,0.010004269777651977,0.009998295295849856,0.010004269777651977,0.010005269730654185,0.009996308007951005,0.010004269777651977,0.010001286742786107,0.009997299548882836,0.010000286789783897,0.009994312307981775,0.010004269777651977,0.010002278283717936,0.010000286789783897,0.009990333526148884
55,0.012283503987637088,0.008604383591126624,0.008594963045739703,0.008597532285390681,0.008601814351475645,0.008603527177909633,0.012273227029033175,0.008592393806088726,0.008604383591126624,0.01597632699561944,0.008593250219305718,0.012280934747986109,0.012280934747986109,0.008597532285390681,0.008594106632522712,0.00860010152504166,0.00860010152504166,0.01228692964050506,0.008605240004343618,0.00860609641756061,0.008597532285390681,0.012282647574420094,0.008601814351475645,0.00860010152504166,0.008608665657211589,0.008597532285390681,0.012272370615816182,0.008594106632522712,0.008589824566437745,0.008601814351475645,0.008603527177909633,0.008596675872173689,0.008604383591126624,0.00860010152504166,0.00860010152504166,0.012280934747986109,0.008611234896862566,0.01227493985546716,0.01597375775596846,0.008608665657211589,0.008596675872173689,0.008594106632522712,0.008597532285390681,0.012285216814071073,0.008597532285390681,0.00860010152504166,0.008598388698607674,0.008601814351475645,0.00860609641756061,0.008606952830777602,0.012282647574420094,0.012280078334769117,0.008597532285390681,0.012279221921552124,0.008604383591126624,0.008596675872173689,0.008596675872173689,0.008605240004343618,0.008592393806088726,0.012286073227288067,0.012283503987637088,0.019652021739261928,0.012290355293373032,0.008596675872173689,0.008604383591126624,0.012296350185891982,0.012282647574420094,0.01597118851631748,0.008610378483645572,0.008599245111824666,0.008609522070428581,0.008601814351475645,0.00858811174000376,0.008596675872173689,0.008592393806088726,0.008598388698607674,0.008605240004343618,0.008602670764692639,0.008601814351475645,0.00860609641756061,0.008603527177909633,0.012288642466939045,0.008603527177909633,0.008600957938258652,0.008592393806088726,0.008594963045739703,0.01597118851631748,0.012282647574420094,0.008604383591126624,0.008604383591126624,0.012280078334769117,0.008604383591126624,0.01228436040085408,0.008598388698607674,0.008600957938258652,0.008595819458956697,0.01965459097891291,0.012286073227288067,0.01228436040085408,0.008591537392871731
56,0.007853125170717984,0.007857035310715353,0.00784843300272114,0.00785077908671956,0.007854689226716931,0.007856253282715879,0.007843740834724295,0.007846086918722718,0.007857035310715353,0.013510904169665206,0.007846868946722192,0.013499955777672568,0.00785077908671956,0.01914913246862558,0.013496827665674675,0.007853125170717984,0.007853125170717984,0.007856253282715879,0.007857817338714827,0.0078585993667143,0.01914913246862558,0.007852343142718508,0.007854689226716931,0.007853125170717984,0.013510122141665732,0.00785077908671956,0.01349213549767783,0.007847650974721666,0.007843740834724295,0.007854689226716931,0.019154606664621897,0.024797527131579112,0.007857035310715353,0.007853125170717984,0.007853125170717984,0.013499955777672568,0.007863291534711145,0.007845304890723243,0.007859381394713776,0.013510122141665732,0.007849997058720087,0.007847650974721666,0.00785077908671956,0.01350386591766994,0.00785077908671956,0.007853125170717984,0.007851561114719035,0.007854689226716931,0.01350777605766731,0.007859381394713776,0.007852343142718508,0.007849997058720087,0.013499955777672568,0.007849215030720613,0.007857035310715353,0.013499173749673094,0.007849997058720087,0.013506994029667835,0.019144440300628736,0.007855471254716405,0.007853125170717984,0.007854689226716931,0.013508558085666785,0.007849997058720087,0.007857035310715353,0.007864855590710092,0.007852343142718508,0.01350621200166836,0.00786250950671167,0.007852343142718508,0.007861727478712197,0.007854689226716931,0.013491353469678356,0.019148350440626103,0.007846086918722718,0.007851561114719035,0.013506994029667835,0.007855471254716405,0.007854689226716931,0.02480612943957333,0.013505429973668886,0.007857817338714827,0.013505429973668886,0.007853907198717456,0.007846086918722718,0.019146786384627155,0.007857035310715353,0.007852343142718508,0.01350621200166836,0.007857035310715353,0.007849997058720087,0.007857035310715353,0.007853907198717456,0.007851561114719035,0.007853907198717456,0.013498391721673622,0.007857035310715353,0.007855471254716405,0.007853907198717456,0.007845304890723243
57,0.009999281044005777,0.010004259773862382,0.009994306520180156,0.009996293806091813,0.01000127253594842,0.010003264027891062,0.009987332092349924,0.009991319282266193,0.010005259725864685,0.01001023424969031,0.009991315076235208,0.009997293758094116,0.009997293758094116,0.009997293758094116,0.009993310774208834,0.009999281044005777,0.009999281044005777,0.010004263979893365,0.010006255471836008,0.010008251169809631,0.009996293806091813,0.009998285298034456,0.01000127253594842,0.009999281044005777,0.010009238503718989,0.009997293758094116,0.009986336346378603,0.00999231082220653,0.00998833204435223,0.01000127253594842,0.010004263979893365,0.009995298060120493,0.01000625967786699,0.009999281044005777,0.01000028099600808,0.009996293806091813,0.010012225741632949,0.00999032353629487,0.010007247011776346,0.010009238503718989,0.009995298060120493,0.00999231082220653,0.009996293806091813,0.010002272487950723,0.009996293806091813,0.009999281044005777,0.009997289552063134,0.01000127253594842,0.010007251217807328,0.010008246963778649,0.009999285250036759,0.009995298060120493,0.009996293806091813,0.009994302314149172,0.010005259725864685,0.009995298060120493,0.009996298012122798,0.010005255519833705,0.009990319330263888,0.010003268233922042,0.01000028099600808,0.01000127253594842,0.010008246963778649,0.009995298060120493,0.010005259725864685,0.010014217233575592,0.009999285250036759,0.010004259773862382,0.010012229947663933,0.010001285154041367,0.01001023424969031,0.01000127253594842,0.009985340600407282,0.009997297964125101,0.009990319330263888,0.009998289504065437,0.010005255519833705,0.01000226828191974,0.010003272439953028,0.010007251217807328,0.010003264027891062,0.010006255471836008,0.01000526393189567,0.010000276789977098,0.009990319330263888,0.00999330656817785,0.010005259725864685,0.009998285298034456,0.010004259773862382,0.010004259773862382,0.009996298012122798,0.010007259629869293,0.010000276789977098,0.009998289504065437,0.010000276789977098,0.009994302314149172,0.010004259773862382,0.01000226828191974,0.010000276789977098,0.009989323584292565
58,0.009999431028271956,0.010004409832807044,0.00999345646282985,0.009996443745550903,0.010001422550085992,0.010003414071900028,0.009987481897387743,0.009990469180108798,0.010005409799808133,0.010010384398249151,0.009993464875017993,0.009996443745550903,0.009997443712551991,0.009996443745550903,0.009992460701922832,0.009999431028271956,0.009999431028271956,0.010003414071900028,0.010005405593714064,0.01000640135462108,0.009996443745550903,0.009999435234366028,0.010001422550085992,0.009999431028271956,0.010009388637342133,0.009996443745550903,0.009986486136480725,0.00999346066892392,0.009987481897387743,0.010001422550085992,0.010003414071900028,0.009995447984643887,0.010005409799808133,0.010001430962274134,0.010000430995273046,0.009996443745550903,0.010012375920063186,0.009989473419201778,0.010008397082529187,0.010010388604343223,0.009995447984643887,0.00999346066892392,0.009997443712551991,0.010002422517087082,0.009996443745550903,0.009999431028271956,0.00999843947345901,0.010001422550085992,0.010007401321622169,0.010008397082529187,0.009998435267364937,0.009995447984643887,0.009996443745550903,0.009994452223736868,0.010004409832807044,0.009996447951644975,0.009995447984643887,0.010006405560715153,0.009990469180108798,0.010002418310993008,0.009999431028271956,0.010001422550085992,0.010008397082529187,0.009995447984643887,0.010006409766809223,0.01001536740887831,0.009998435267364937,0.010004409832807044,0.010011380159156168,0.009998435267364937,0.010010384398249151,0.010001422550085992,0.009985490375573709,0.009995447984643887,0.009990469180108798,0.00999743950645792,0.010005405593714064,0.010002418310993008,0.010002422517087082,0.01000640135462108,0.010004414038901116,0.010005405593714064,0.010003414071900028,0.010001426756180064,0.009991469147109886,0.00999345646282985,0.010004409832807044,0.009998435267364937,0.010005409799808133,0.010004409832807044,0.009996447951644975,0.010005409799808133,0.010001426756180064,0.00999743950645792,0.010000426789178974,0.009994452223736868,0.010004409832807044,0.010003418277994097,0.010000426789178974,0.009989473419201778
59,0.009999311040499066,0.010005289740293214,0.00999333654674852,0.009996323793623793,0.010003302448419966,0.010003294036332766,0.009988362007999997,0.009990349299873247,0.01000428978529119,0.010011264234043762,0.00999134504883167,0.009996323793623793,0.009996323793623793,0.009996323793623793,0.00999334075279212,0.009999311040499066,0.009999311040499066,0.010003294036332766,0.010005285534249616,0.010007281238210063,0.009996323793623793,0.009998315291540641,0.010001302538415916,0.009999311040499066,0.010010268485085337,0.009996323793623793,0.009986366304039549,0.009992340797790095,0.009988362007999997,0.010003302448419966,0.010003294036332766,0.00999532804466537,0.01000428978529119,0.010000310995501091,0.009999311040499066,0.009996323793623793,0.01001325573196061,0.00998935355091482,0.010007277032166462,0.010009268530083312,0.009996327999667395,0.009994340707794145,0.009996323793623793,0.010001302538415916,0.009996323793623793,0.009999311040499066,0.009997319542582216,0.010003302448419966,0.010007281238210063,0.010009276942170513,0.009998315291540641,0.00999532804466537,0.009996323793623793,0.009994332295706945,0.010005289740293214,0.00999532804466537,0.00999532804466537,0.01000628548925164,0.009990349299873247,0.010003298242376365,0.009999311040499066,0.010002302493417941,0.010008276987168488,0.009997327954669418,0.01000428978529119,0.010016247184879484,0.009999315246542666,0.010005289740293214,0.01001126002800016,0.010000315201544692,0.010010264279041737,0.010001302538415916,0.009985370555081124,0.00999532804466537,0.009991349254875272,0.009998319497584241,0.010005285534249616,0.010003298242376365,0.010001302538415916,0.010006281283208037,0.010003294036332766,0.01000628548925164,0.010004293991334791,0.010001306744459516,0.009990349299873247,0.00999333654674852,0.010005289740293214,0.009998315291540641,0.010005289740293214,0.01000428978529119,0.00999532804466537,0.010005289740293214,0.010000306789457491,0.009997319542582216,0.010001306744459516,0.009994332295706945,0.010005289740293214,0.01000229828737434,0.010000306789457491,0.00998935355091482
60,0.0073136140077064244,0.013712996471991293,0.007309244192525558,0.0073114291001159905,0.007315070612766711,0.007316527217826999,0.007304874377344694,0.013702800236569277,0.007317255520357144,0.007321625335538008,0.01370352853909942,0.0073114291001159905,0.02010291100338429,0.0073114291001159905,0.007308515889995416,0.0073136140077064244,0.0073136140077064244,0.013712268169461148,0.013713724774521437,0.0073187121254174314,0.0073114291001159905,0.007312885705176278,0.007315070612766711,0.0073136140077064244,0.013716637984642016,0.0073114291001159905,0.007304146074814551,0.007308515889995416,0.007304874377344694,0.007315070612766711,0.007316527217826999,0.02010218270085415,0.007317255520357144,0.0073136140077064244,0.0073136140077064244,0.02010291100338429,0.007323081940598296,0.0073063309824049835,0.013715181379581725,0.0073208970330078645,0.013706441749219998,0.007308515889995416,0.013707170051750142,0.007315070612766711,0.013707170051750142,0.0073136140077064244,0.007312157402646135,0.007315070612766711,0.0073187121254174314,0.013715181379581725,0.007312885705176278,0.013706441749219998,0.0073114291001159905,0.007309972495055704,0.007317255520357144,0.02010218270085415,0.007310700797585848,0.007317983822887288,0.013702800236569277,0.007315798915296855,0.0073136140077064244,0.007315070612766711,0.007319440427947576,0.013706441749219998,0.007317255520357144,0.0073245385456585845,0.013708626656810429,0.026504478375259592,0.013718094589702301,0.007312885705176278,0.02011310723880631,0.007315070612766711,0.013699158723918558,0.013706441749219998,0.007307059284935128,0.007312157402646135,0.007317983822887288,0.020107280818565155,0.007315070612766711,0.0073187121254174314,0.007316527217826999,0.020109465726155587,0.007316527217826999,0.03289730611677317,0.007307059284935128,0.007309244192525558,0.007317255520357144,0.007312885705176278,0.007317255520357144,0.007317255520357144,0.007310700797585848,0.007317255520357144,0.007314342310236567,0.007312157402646135,0.013710083261870717,0.007309972495055704,0.007317255520357144,0.013711539866931003,0.013710083261870717,0.0073063309824049835
61,0.009999331038261243,0.010004309793010428,0.009994356489564073,0.009996343785411733,0.010001322540160918,0.010003314042060592,0.009987382026863202,0.009990369279712714,0.010004309793010428,0.010011284255711298,0.00999136503066255,0.009996343785411733,0.009996343785411733,0.00999734374241358,0.009992360781612386,0.009999331038261243,0.010000330995263092,0.010004313999062441,0.010007305457963965,0.010007301251911951,0.009996343785411733,0.009999335244313255,0.010001322540160918,0.009999331038261243,0.010009288547759612,0.009996343785411733,0.009987386232915214,0.009992360781612386,0.009988381983865051,0.010001322540160918,0.010004313999062441,0.009995348034461898,0.010004309793010428,0.010000330995263092,0.010000330995263092,0.00999734374241358,0.010012275800609122,0.009990373485764724,0.010008297002861788,0.010010288504761461,0.009995348034461898,0.009992360781612386,0.009996343785411733,0.010001322540160918,0.009996343785411733,0.010000330995263092,0.009997339536361569,0.010001322540160918,0.0100083012089138,0.01000729704585994,0.009999335244313255,0.009997347948465594,0.009996343785411733,0.00999435228351206,0.010006309707014126,0.009995348034461898,0.009995348034461898,0.010006305500962116,0.009991369236714563,0.010002318291110753,0.009999331038261243,0.010001322540160918,0.01000729704585994,0.009996347991463747,0.010004309793010428,0.010015267259510645,0.009999335244313255,0.010004309793010428,0.010011280049659285,0.009998335287311406,0.010010284298709449,0.010001322540160918,0.009986390481965377,0.009995348034461898,0.009991369236714563,0.009998339493363418,0.010005305543960267,0.010002318291110753,0.010001322540160918,0.010006301294910102,0.010003314042060592,0.010005305543960267,0.010004313999062441,0.01000032678921108,0.009990369279712714,0.009994356489564073,0.010004309793010428,0.009998335287311406,0.010005309750012277,0.010005309750012277,0.009995348034461898,0.010005309750012277,0.01000132674621293,0.009997339536361569,0.01000032678921108,0.00999435228351206,0.010006309707014126,0.010003318248112602,0.01000032678921108,0.009989373528762875
62,0.009999261046443567,0.01000623966634821,0.009994286532566496,0.00999727376450628,0.010002252484405925,0.010003244022363283,0.009988312068686923,0.00999029935062421,0.01000523971634571,0.010010214230222783,0.009994294944611636,0.00999627381450378,0.00999727376450628,0.00999627381450378,0.009992290838584066,0.009999261046443567,0.010000260996446067,0.010004243972365783,0.01000523551032314,0.010006231254303067,0.00999627381450378,0.009998265302463638,0.010001252534403425,0.010000260996446067,0.010009218486242854,0.00999727376450628,0.009987316324706995,0.009992290838584066,0.009987312118684423,0.010002252484405925,0.010004243972365783,0.009996278020526352,0.01000523971634571,0.009999261046443567,0.009999261046443567,0.00999627381450378,0.01001220571818264,0.00998930360664428,0.010008226948285496,0.010009218486242854,0.009996278020526352,0.009992290838584066,0.00999727376450628,0.010002252484405925,0.00999727376450628,0.009999261046443567,0.009998269508486209,0.010001252534403425,0.010006231254303067,0.010008226948285496,0.009998265302463638,0.009995278070523854,0.00999627381450378,0.009994282326543924,0.01000523971634571,0.009996278020526352,0.009996278020526352,0.01000523551032314,0.00999029935062421,0.010002248278383351,0.010000260996446067,0.010002252484405925,0.010008226948285496,0.009995278070523854,0.01000423976634321,0.010014197206142496,0.009998265302463638,0.01000523971634571,0.01001320987420771,0.009999265252466139,0.010011214180225284,0.010001252534403425,0.009986320580727065,0.009996278020526352,0.00999129930062671,0.009997269558483709,0.01000523551032314,0.010002248278383351,0.010001252534403425,0.010007231204305567,0.010003244022363283,0.01000523551032314,0.010003244022363283,0.010000256790423497,0.00999029935062421,0.009994286532566496,0.01000423976634321,0.009999265252466139,0.01000523971634571,0.01000423976634321,0.009995278070523854,0.01000523971634571,0.010001256740425995,0.009997269558483709,0.010001256740425995,0.009995282276546424,0.01000523971634571,0.010002248278383351,0.010000256790423497,0.00998930360664428
63,0.010818959567587414,0.009502419908081667,0.00949201614387455,0.009494853534112854,0.010820851161079618,0.009501474111335565,0.00948634136339794,0.010810447396872501,0.009502419908081667,0.009508094688558275,0.009490124550382346,0.010816122177349109,0.009494853534112854,0.009494853534112854,0.010812338990364705,0.009497690924351158,0.009497690924351158,0.009501474111335565,0.009503365704827769,0.009504311501573869,0.010816122177349109,0.009496745127605056,0.012142119804315872,0.013461496854059923,0.009507148891812174,0.010816122177349109,0.009485395566651839,0.010812338990364705,0.00948634136339794,0.010820851161079618,0.010822742754571821,0.009493907737366752,0.01082368855131792,0.010818959567587414,0.009497690924351158,0.009494853534112854,0.010831254925286731,0.009488232956890143,0.010826525941556225,0.013470954821520938,0.009493907737366752,0.009491070347128448,0.009494853534112854,0.010820851161079618,0.009494853534112854,0.009497690924351158,0.009495799330858956,0.009499582517843363,0.009504311501573869,0.00950525729831997,0.01081801377084131,0.009493907737366752,0.010816122177349109,0.009492961940620652,0.01082368855131792,0.009493907737366752,0.009493907737366752,0.009503365704827769,0.009489178753636246,0.009500528314589462,0.009497690924351158,0.009499582517843363,0.01214779458479248,0.010815176380603008,0.01082368855131792,0.010833146518778938,0.009496745127605056,0.01082368855131792,0.009509040485304376,0.009496745127605056,0.01082936333179453,0.009499582517843363,0.009484449769905737,0.009493907737366752,0.009489178753636246,0.009495799330858956,0.009503365704827769,0.009500528314589462,0.009499582517843363,0.009504311501573869,0.009501474111335565,0.009503365704827769,0.010822742754571821,0.00949863672109726,0.009489178753636246,0.00949201614387455,0.009502419908081667,0.009496745127605056,0.009502419908081667,0.01082368855131792,0.009493907737366752,0.009502419908081667,0.00949863672109726,0.009495799330858956,0.010819905364333514,0.010814230583856907,0.009502419908081667,0.009500528314589462,0.010819905364333514,0.009488232956890143
64,0.009999291042816877,0.010004269777651977,0.009993316561014756,0.009997303754918025,0.010002282489753126,0.01000327403068496,0.009987342079212634,0.009990329320113697,0.010004269777651977,0.010011244212456308,0.009993324973085133,0.009996303801915815,0.009996303801915815,0.009997303754918025,0.009992320814047734,0.010001290948821295,0.009999291042816877,0.010004273983687167,0.010005265524618999,0.010007261224588226,0.009996303801915815,0.009999295248852066,0.010002282489753126,0.009999291042816877,0.010009248512487079,0.009996303801915815,0.009986346332245615,0.009994320720052153,0.009987342079212634,0.010001282536750918,0.01000327403068496,0.009995308054948797,0.010004269777651977,0.010000290995819085,0.010001290948821295,0.009997303754918025,0.010013235706390348,0.009990333526148884,0.010007257018553038,0.010009248512487079,0.009995308054948797,0.009992320814047734,0.009996303801915815,0.010001282536750918,0.009996303801915815,0.010000290995819085,0.009998299501885044,0.010003282442755335,0.010006261271586018,0.010007257018553038,0.009998295295849856,0.009996308007951005,0.009996303801915815,0.009997312166988404,0.010004269777651977,0.009996308007951005,0.009995308054948797,0.010005265524618999,0.009990329320113697,0.010003278236720144,0.010001290948821295,0.010001282536750918,0.010008256971555248,0.009995308054948797,0.010005269730654185,0.010015227200324389,0.009998295295849856,0.010005269730654185,0.010011240006421118,0.009999295248852066,0.0100102442594541,0.010001282536750918,0.009985350585278593,0.009995308054948797,0.009990329320113697,0.009998299501885044,0.010006265477621209,0.010002278283717936,0.010001282536750918,0.010007261224588226,0.01000327403068496,0.010006265477621209,0.010004273983687167,0.010000286789783897,0.009990329320113697,0.009993316561014756,0.010004269777651977,0.009998295295849856,0.010004269777651977,0.010005269730654185,0.009995308054948797,0.010005269730654185,0.010000286789783897,0.009997299548882836,0.010001286742786107,0.009994312307981775,0.010004269777651977,0.010003278236720144,0.010001286742786107,0.009989333573146674
65,0.01027262082225706,0.010277419708544849,0.009632324556853866,0.010269741490484385,0.010274540376772176,0.009641922329429448,0.009626565893308518,0.009629445225081192,0.010277419708544849,0.0102831783720902,0.010264942604196591,0.00963520388862654,0.00963520388862654,0.00963520388862654,0.010265902381454152,0.01027262082225706,0.009638083220399215,0.009641922329429448,0.01027837948580241,0.010279339263059965,0.00963520388862654,0.009637123443141656,0.00964000277491433,0.009638083220399215,0.009647680992974798,0.00963520388862654,0.011529218921624493,0.009631364779596308,0.009626565893308518,0.010274540376772176,0.010910997533145136,0.009634244111368982,0.010277419708544849,0.009638083220399215,0.01027262082225706,0.00963520388862654,0.010285097926605317,0.010263023049681476,0.010914836642175369,0.009647680992974798,0.010268781713226826,0.010265902381454152,0.00963520388862654,0.00964000277491433,0.010904279092342229,0.009638083220399215,0.009636163665884098,0.00964000277491433,0.009644801661202122,0.010280299040317525,0.009637123443141656,0.009634244111368982,0.010269741490484385,0.009633284334111425,0.009642882106687005,0.01090331931508467,0.009634244111368982,0.009643841883944565,0.009629445225081192,0.00964096255217189,0.010907158424114905,0.010274540376772176,0.009645761438459681,0.009634244111368982,0.009642882106687005,0.010287017481120432,0.009637123443141656,0.009642882106687005,0.009649600547489912,0.009637123443141656,0.0102831783720902,0.010274540376772176,0.0096246463387934,0.009634244111368982,0.009629445225081192,0.010905238869599786,0.011547454689518096,0.00964096255217189,0.010274540376772176,0.010279339263059965,0.010276459931287292,0.009643841883944565,0.010276459931287292,0.009639042997656772,0.01089852042879688,0.01026686215871171,0.010277419708544849,0.010906198646857344,0.009642882106687005,0.010277419708544849,0.009634244111368982,0.009642882106687005,0.009639042997656772,0.01153977647145763,0.009639042997656772,0.009633284334111425,0.009642882106687005,0.00964096255217189,0.009639042997656772,0.010263023049681476
66,0.01000035099510509,0.010004329800809694,0.009993376518455867,0.009996363777279638,0.010001342541985923,0.010003334047868438,0.009987402000808325,0.009991389218633778,0.010004329800809694,0.010011304277458919,0.009991385012573352,0.009996363777279638,0.009997363736281318,0.009997363736281318,0.009995380642519652,0.01000135095410677,0.01000035099510509,0.010003334047868438,0.010006325512752634,0.010007321265693888,0.009996363777279638,0.009998355283162152,0.010001342541985923,0.009999351036103409,0.010010308524517661,0.009996363777279638,0.009986406247867067,0.009992380765514609,0.009987402000808325,0.010002342500987605,0.01000433400687012,0.009995368024338381,0.010005329759811374,0.009999351036103409,0.01000035099510509,0.009996363777279638,0.01001229582433975,0.0099913934246942,0.010007317059633465,0.010009308565515981,0.009995368024338381,0.009992380765514609,0.009996363777279638,0.010001342541985923,0.009997363736281318,0.009999351036103409,0.009997359530220894,0.010002342500987605,0.010007321265693888,0.010007317059633465,0.009998355283162152,0.009995368024338381,0.009996363777279638,0.009995372230398805,0.010004329800809694,0.009995368024338381,0.009996367983340063,0.010006325512752634,0.009990389259632096,0.01000333825392886,0.01000035099510509,0.010002342500987605,0.010007317059633465,0.009995368024338381,0.010004329800809694,0.010014287330222265,0.009999355242163832,0.010005329759811374,0.010013299989401855,0.009998355283162152,0.010011304277458919,0.010002342500987605,0.00998641045392749,0.009995368024338381,0.009990389259632096,0.009997359530220894,0.010005325553750952,0.01000233829492718,0.010001342541985923,0.010006321306692208,0.010003334047868438,0.010006325512752634,0.010003334047868438,0.010000346789044667,0.009990389259632096,0.009993376518455867,0.010004329800809694,0.009998355283162152,0.010004329800809694,0.010005329759811374,0.009995368024338381,0.010005329759811374,0.010000346789044667,0.009997359530220894,0.010001346748046347,0.009994372271397125,0.010004329800809694,0.01000233829492718,0.010000346789044667,0.009990393465692518
67,0.009999291042816877,0.010005269730654185,0.009993316561014756,0.009996303801915815,0.010002282489753126,0.01000327403068496,0.009987342079212634,0.009990329320113697,0.010006269683656395,0.0100102442594541,0.009991325067080715,0.009996303801915815,0.009997303754918025,0.009997303754918025,0.009992320814047734,0.009999291042816877,0.009999291042816877,0.010004273983687167,0.010006265477621209,0.010007261224588226,0.009996303801915815,0.009998295295849856,0.010001282536750918,0.010000290995819085,0.010009248512487079,0.009996303801915815,0.009986346332245615,0.009992320814047734,0.009987342079212634,0.010001282536750918,0.010005273936689376,0.009995308054948797,0.010004269777651977,0.010000290995819085,0.010000290995819085,0.009996303801915815,0.010013235706390348,0.009989333573146674,0.010007257018553038,0.010010248465489289,0.009997307960953215,0.009993320767049944,0.009996303801915815,0.010002282489753126,0.009998303707920233,0.010000290995819085,0.009997299548882836,0.010001282536750918,0.010007261224588226,0.010007257018553038,0.009998295295849856,0.009995308054948797,0.009997303754918025,0.009995312260983985,0.010004269777651977,0.009996308007951005,0.009995308054948797,0.010006265477621209,0.009990329320113697,0.010003278236720144,0.010000290995819085,0.010003282442755335,0.010007257018553038,0.009995308054948797,0.010004269777651977,0.010015227200324389,0.009998295295849856,0.010004269777651977,0.010011240006421118,0.009999295248852066,0.0100102442594541,0.010001282536750918,0.009985350585278593,0.009995308054948797,0.009990329320113697,0.009997299548882836,0.010005265524618999,0.010002278283717936,0.010001282536750918,0.010007261224588226,0.01000327403068496,0.010005265524618999,0.01000327403068496,0.010000286789783897,0.009991329273115905,0.009993316561014756,0.010004269777651977,0.009998295295849856,0.010006269683656395,0.010005269730654185,0.009995308054948797,0.010006269683656395,0.010000286789783897,0.009998299501885044,0.010002286695788315,0.009995312260983985,0.010004269777651977,0.010002278283717936,0.010000286789783897,0.009991333479151092
68,0.010000220997562021,0.010004199751544943,0.009993246611576098,0.009996233831567601,0.010002212477556357,0.010003204011547777,0.009987272171593092,0.009991259337587512,0.010004199751544943,0.010011174137530868,0.009991255131581762,0.009996233831567601,0.009996233831567601,0.009996233831567601,0.00999225087157893,0.009999221051559105,0.009999221051559105,0.010003204011547777,0.010006195437545029,0.01000619123153928,0.009997233777570516,0.009998225311561937,0.010003212423559272,0.009999221051559105,0.0100101783975337,0.009996233831567601,0.009986276431595924,0.00999225087157893,0.009988272117596007,0.01000121253155344,0.010003204011547777,0.009997237983576266,0.010005199697547859,0.010000220997562021,0.009999221051559105,0.009997233777570516,0.010013165617525202,0.009990263597590343,0.010007186971536448,0.010009178451530784,0.00999623803757335,0.00999225087157893,0.009998233723573433,0.01000121253155344,0.009997233777570516,0.010000220997562021,0.00999722957156477,0.010002212477556357,0.010008191123545111,0.010009186863542279,0.009998225311561937,0.009995238091570435,0.009996233831567601,0.009994242351573266,0.010005199697547859,0.009995238091570435,0.009995238091570435,0.010005195491542114,0.009991259337587512,0.010002208271550607,0.010001220943564936,0.01000121253155344,0.010008186917539363,0.00999623803757335,0.010004199751544943,0.010014157151516621,0.009998225311561937,0.010004199751544943,0.010011169931525118,0.010000225203567768,0.010011174137530868,0.01000121253155344,0.009985280691598755,0.00999623803757335,0.009990259391584596,0.009998229517567684,0.010005195491542114,0.010002208271550607,0.010002212477556357,0.01000619123153928,0.010004203957550693,0.010006195437545029,0.010004203957550693,0.01000121673755919,0.009990259391584596,0.009994246557579014,0.010004199751544943,0.009999225257564852,0.010004199751544943,0.010005199697547859,0.009995238091570435,0.010004199751544943,0.01000121673755919,0.009998229517567684,0.010002216683562104,0.009996242243579099,0.010004199751544943,0.010003208217553523,0.010000216791556273,0.009990263597590343
69,0.009999351036103409,0.010005329759811374,0.009993376518455867,0.009996363777279638,0.010003342459989285,0.010003334047868438,0.009987402000808325,0.009990389259632096,0.010004329800809694,0.010011304277458919,0.009992384971575032,0.009997363736281318,0.009996363777279638,0.009996363777279638,0.009992380765514609,0.01000035099510509,0.01000035099510509,0.01000433400687012,0.010006325512752634,0.010007321265693888,0.009996363777279638,0.010000355201165514,0.010001342541985923,0.009999351036103409,0.010009308565515981,0.009996363777279638,0.009986406247867067,0.00999338072451629,0.009987402000808325,0.010001342541985923,0.010003334047868438,0.009995368024338381,0.010004329800809694,0.009999351036103409,0.01000035099510509,0.009998363695283,0.01001229582433975,0.009989393506690838,0.010008317018635146,0.010009308565515981,0.009995368024338381,0.009992380765514609,0.009996363777279638,0.010002342500987605,0.009998363695283,0.01000035099510509,0.009998359489222576,0.010002342500987605,0.010006321306692208,0.010007317059633465,0.010000355201165514,0.009995368024338381,0.009996363777279638,0.009994372271397125,0.010005329759811374,0.009995368024338381,0.009996367983340063,0.010005325553750952,0.009990389259632096,0.010004338212930541,0.009999351036103409,0.010001342541985923,0.010007317059633465,0.009996367983340063,0.010004329800809694,0.010014287330222265,0.009998355283162152,0.010004329800809694,0.010011300071398494,0.009998355283162152,0.010010304318457237,0.010002342500987605,0.00998541049492581,0.009995368024338381,0.009990389259632096,0.009998359489222576,0.010005325553750952,0.01000233829492718,0.010001342541985923,0.010006321306692208,0.010003334047868438,0.010005325553750952,0.010003334047868438,0.010001346748046347,0.009991389218633778,0.009993376518455867,0.010005329759811374,0.009999355242163832,0.010004329800809694,0.010004329800809694,0.009995368024338381,0.010004329800809694,0.010000346789044667,0.009998359489222576,0.010002346707048028,0.009994372271397125,0.010004329800809694,0.01000333825392886,0.010000346789044667,0.009989393506690838
70,0.009999231050250227,0.0100042097552145,0.009993256604293095,0.009997243774274469,0.010001222532235936,0.010003214014221646,0.009989282052341585,0.009990269381314532,0.01000520970221731,0.01001118414817444,0.009991265122307386,0.009997243774274469,0.00999624382727166,0.009997243774274469,0.009992260863300241,0.009999231050250227,0.009999231050250227,0.010003214014221646,0.010006205443210167,0.010008201131205829,0.00999624382727166,0.00999823530925737,0.010001222532235936,0.010001230944255843,0.010010188407181585,0.00999624382727166,0.00998628641734311,0.009992260863300241,0.009987282158335966,0.010001222532235936,0.010005213908227265,0.009997247980284424,0.01000520970221731,0.010001230944255843,0.010000230997253034,0.009997243774274469,0.010013175630160149,0.009989273640321674,0.010007196978193066,0.010009188460178777,0.009995248086278807,0.009993260810303049,0.00999624382727166,0.010002222479238746,0.00999624382727166,0.009999231050250227,0.009998239515267324,0.010002222479238746,0.01000620123720021,0.010007196978193066,0.00999923525626018,0.009996248033281615,0.009999243668280087,0.009994252345285951,0.01000520970221731,0.009995248086278807,0.009995248086278807,0.010005205496207358,0.009990269381314532,0.010003218220231598,0.010000230997253034,0.010001222532235936,0.010007196978193066,0.009995248086278807,0.0100042097552145,0.01001516711214586,0.00999823530925737,0.0100042097552145,0.010012179889167295,0.00999823530925737,0.01001118414817444,0.010002222479238746,0.009985290676350256,0.009995248086278807,0.009990269381314532,0.009997239568264515,0.010005205496207358,0.01000221827322879,0.010002222479238746,0.01000620123720021,0.010003214014221646,0.010005205496207358,0.010004213961224456,0.01000022679124308,0.009990269381314532,0.009993256604293095,0.0100042097552145,0.010001235150265797,0.01000520970221731,0.0100042097552145,0.009996248033281615,0.010006209649220119,0.01000022679124308,0.009997239568264515,0.01000122673824589,0.009994252345285951,0.01000520970221731,0.010003218220231598,0.01000122673824589,0.009990273587324483
71,0.010000320995372092,0.010004299789140804,0.009993346539645379,0.009996333789507768,0.010004312407284225,0.010003304039186676,0.009988371995922537,0.009990359289782992,0.01000529974514274,0.010010274288865584,0.009991355039737118,0.009996333789507768,0.009997333745509703,0.009996333789507768,0.009992350789691249,0.010000320995372092,0.010000320995372092,0.010003304039186676,0.010005295539094936,0.010006291289049065,0.009997333745509703,0.009998325289416026,0.010001312539278417,0.010000320995372092,0.010009278538911454,0.009996333789507768,0.009987376245968408,0.009993350745693186,0.009987372039920601,0.010002312495280353,0.010003304039186676,0.00999533803955364,0.010004299789140804,0.010000320995372092,0.009999321039370157,0.009996333789507768,0.010013265744775778,0.00998936353982886,0.010007287039003195,0.010009278538911454,0.00999533803955364,0.009992350789691249,0.009996333789507768,0.010001312539278417,0.009996333789507768,0.009999321039370157,0.009998329495463833,0.010001312539278417,0.010007291245051,0.01000828699500513,0.009998325289416026,0.00999533803955364,0.009996333789507768,0.009995342245601445,0.010004299789140804,0.00999533803955364,0.009996337995555575,0.010006295495096872,0.009990359289782992,0.010002308289232546,0.009999321039370157,0.010002312495280353,0.010007287039003195,0.009996337995555575,0.010006299701144677,0.010014257288682103,0.009998325289416026,0.01000529974514274,0.010011270038819712,0.009999325245417964,0.010012274200869456,0.010001312539278417,0.00998538054001234,0.00999533803955364,0.009990359289782992,0.009998329495463833,0.010005295539094936,0.010002308289232546,0.010002312495280353,0.010007291245051,0.010004303995188613,0.010005295539094936,0.010005303951190548,0.010001316745326222,0.009990359289782992,0.009993346539645379,0.010004299789140804,0.009999325245417964,0.010004299789140804,0.010004299789140804,0.00999733795155751,0.010004299789140804,0.010001316745326222,0.009997329539461896,0.010001316745326222,0.009994342289599509,0.010004299789140804,0.010003308245234481,0.010001316745326222,0.00998936353982886
72,0.0080451806467735,0.015029997400212906,0.01502118471478027,0.008042777187110054,0.008046782953215797,0.008048385259658094,0.008035566808119716,0.008037970267783164,0.008049186412879243,0.008053993332206133,0.008038771421004311,0.008042777187110054,0.008042777187110054,0.008042777187110054,0.00803957257422546,0.0080451806467735,0.015025991634107162,0.015029196246991759,0.008049987566100392,0.015031599706655204,0.008042777187110054,0.00804437949355235,0.008046782953215797,0.0080451806467735,0.008053192178984986,0.008042777187110054,0.008034765654898569,0.00803957257422546,0.008035566808119716,0.008046782953215797,0.015029196246991759,0.008041976033888905,0.008049186412879243,0.015025991634107162,0.0080451806467735,0.008042777187110054,0.022017217613315758,0.008037169114562015,0.008051589872542689,0.008053192178984986,0.008041976033888905,0.00803957257422546,0.008042777187110054,0.008046782953215797,0.015023588174443716,0.015025991634107162,0.008043578340331203,0.008046782953215797,0.00805078871932154,0.008051589872542689,0.00804437949355235,0.008041976033888905,0.015023588174443716,0.008041174880667757,0.008049186412879243,0.008041976033888905,0.008041976033888905,0.008049987566100392,0.008037970267783164,0.008047584106436944,0.0080451806467735,0.008046782953215797,0.015032400859876352,0.008041976033888905,0.008049186412879243,0.015038008932424391,0.02898681245555334,0.015029997400212906,0.008054794485427282,0.00804437949355235,0.008053993332206133,0.008046782953215797,0.015014775489011083,0.008041976033888905,0.008037970267783164,0.008043578340331203,0.008049987566100392,0.008047584106436944,0.01502759394054946,0.00805078871932154,0.008048385259658094,0.015030798553434054,0.008048385259658094,0.008045981799994648,0.008037970267783164,0.022001995702113933,0.008049186412879243,0.022006001468219676,0.008049186412879243,0.022010808387546568,0.008041976033888905,0.008049186412879243,0.008045981799994648,0.008043578340331203,0.008045981799994648,0.008041174880667757,0.008049186412879243,0.008047584106436944,0.008045981799994648,0.01501798010189568
73,0.0082115630261962,0.012921548268589007,0.008206656694971623,0.00820910986058391,0.008213198469937724,0.008214833913679248,0.008201750363747049,0.012910100162398333,0.012921548268589007,0.008220557966774586,0.008205021251230099,0.012915006493622906,0.00820910986058391,0.00820910986058391,0.008205838973100862,0.012917459659235193,0.0082115630261962,0.008214833913679248,0.008216469357420774,0.008217287079291535,0.00820910986058391,0.008210745304325437,0.008213198469937724,0.0082115630261962,0.012925636877942818,0.012915006493622906,0.008200932641876288,0.008205838973100862,0.008201750363747049,0.008213198469937724,0.01762662717975724,0.00820829213871315,0.008215651635550011,0.0082115630261962,0.017623356292274187,0.012915006493622906,0.00822219341051611,0.008203385807488575,0.008218104801162298,0.008219740244903823,0.00820829213871315,0.008205838973100862,0.00820910986058391,0.01291909510297672,0.00820910986058391,0.0082115630261962,0.008209927582454674,0.008213198469937724,0.012923183712330533,0.02233579470027928,0.008210745304325437,0.00820829213871315,0.00820910986058391,0.008207474416842388,0.008215651635550011,0.00820829213871315,0.012914188771752147,0.02233415925653776,0.008204203529359338,0.01291991282484748,0.0082115630261962,0.01291909510297672,0.008218104801162298,0.00820829213871315,0.008215651635550011,0.017635622120335627,0.012916641937364432,0.008215651635550011,0.008221375688645347,0.008210745304325437,0.017632351232852575,0.01291909510297672,0.008200114920005525,0.012914188771752147,0.008204203529359338,0.01291582421549367,0.008216469357420774,0.008214016191808487,0.008213198469937724,0.008217287079291535,0.008214833913679248,0.01292236599045977,0.012920730546718245,0.00821238074806696,0.008204203529359338,0.008206656694971623,0.012921548268589007,0.008210745304325437,0.012921548268589007,0.008215651635550011,0.00820829213871315,0.012921548268589007,0.00821238074806696,0.008209927582454674,0.00821238074806696,0.017619267682920377,0.008215651635550011,0.008214016191808487,0.00821238074806696,0.008203385807488575
74,0.011995555850465271,0.009021282184154862,0.009011405195598506,0.00901409891975024,0.00901858846000313,0.011999147482667583,0.00900601774729504,0.009008711471446773,0.009021282184154862,0.009026669632458328,0.00900960937949735,0.00901409891975024,0.00901409891975024,0.00901409891975024,0.009010507287547929,0.009016792643901974,0.009016792643901974,0.009020384276104285,0.012000943298768739,0.009023078000256018,0.00901409891975024,0.009015894735851394,0.00901858846000313,0.009016792643901974,0.009025771724407751,0.00901409891975024,0.01496264625237106,0.009010507287547929,0.00900601774729504,0.014976114873129725,0.009020384276104285,0.009013201011699662,0.009021282184154862,0.009016792643901974,0.011995555850465271,0.00901409891975024,0.01200722865512278,0.011986576769959493,0.012002739114869893,0.009025771724407751,0.011991964218262959,0.009010507287547929,0.017950388539440133,0.011997351666566427,0.00901409891975024,0.009016792643901974,0.011993760034364115,0.011997351666566427,0.009023078000256018,0.009023975908306595,0.009015894735851394,0.009013201011699662,0.011992862126313536,0.009012303103649085,0.009021282184154862,0.009013201011699662,0.011991964218262959,0.00902218009220544,0.009008711471446773,0.009019486368053706,0.009016792643901974,0.011997351666566427,0.009023975908306595,0.009013201011699662,0.009021282184154862,0.00903026126466064,0.009015894735851394,0.009021282184154862,0.009027567540508907,0.009015894735851394,0.009026669632458328,0.00901858846000313,0.009004221931193884,0.009013201011699662,0.011987474678010071,0.009014996827800817,0.00902218009220544,0.009019486368053706,0.00901858846000313,0.012001841206819314,0.011999147482667583,0.00902218009220544,0.009020384276104285,0.01199645375851585,0.014966237884573368,0.009011405195598506,0.009021282184154862,0.009015894735851394,0.009021282184154862,0.012000045390718158,0.011991964218262959,0.009021282184154862,0.00901769055195255,0.011993760034364115,0.00901769055195255,0.009012303103649085,0.012000045390718158,0.009019486368053706,0.014975216965079146,0.009007813563396196
75,0.010000360995056088,0.010004339804739337,0.009994386471434266,0.009996373773243576,0.010002352502930028,0.010003344050802368,0.009987411987810845,0.009990399249621756,0.010004339804739337,0.01001131428836276,0.009993394923561926,0.009996373773243576,0.009997373733245175,0.009996373773243576,0.009993390717497296,0.010000360995056088,0.009999361035054487,0.010004344010803969,0.01000633551867791,0.010006331312613278,0.009997373733245175,0.009999365241119116,0.010001352542928428,0.009999361035054487,0.010010318534425789,0.009997373733245175,0.009986416233873875,0.009992390757495695,0.009987411987810845,0.010001352542928428,0.010003344050802368,0.009995378019306608,0.010004339804739337,0.009999361035054487,0.009999361035054487,0.009996373773243576,0.0100123058362351,0.009990403455686385,0.010008327026551848,0.010010318534425789,0.009996377979308206,0.009992390757495695,0.009996373773243576,0.010001352542928428,0.009996373773243576,0.009999361035054487,0.009997369527180546,0.010002352502930028,0.010007331272614878,0.010008327026551848,0.010000365201120716,0.009995378019306608,0.009996373773243576,0.009996382185372837,0.010004339804739337,0.009997377939309807,0.009995378019306608,0.010005335558676309,0.009991399209623357,0.010002348296865396,0.009999361035054487,0.010001352542928428,0.010007327066550248,0.009995378019306608,0.010004339804739337,0.01001429734410904,0.009998365281117517,0.010004339804739337,0.010011310082298129,0.009998365281117517,0.01001131428836276,0.010001352542928428,0.009985420479936905,0.009996377979308206,0.009991399209623357,0.009997369527180546,0.01000633551867791,0.010003348256866997,0.010001352542928428,0.010007331272614878,0.010004344010803969,0.01000733547867951,0.010004344010803969,0.010000356788991457,0.009990399249621756,0.009993386511432667,0.010004339804739337,0.009998365281117517,0.010004339804739337,0.010004339804739337,0.009995378019306608,0.010004339804739337,0.010000356788991457,0.009997369527180546,0.010000356788991457,0.009994382265369637,0.010004339804739337,0.010002348296865396,0.010000356788991457,0.009990403455686385
76,0.01000028099600808,0.010004259773862382,0.009994306520180156,0.009996293806091813,0.01000127253594842,0.010004263979893365,0.009987332092349924,0.009990319330263888,0.010005259725864685,0.01001023424969031,0.009991315076235208,0.009996293806091813,0.009996293806091813,0.009996293806091813,0.00999231082220653,0.01000028099600808,0.009999281044005777,0.01000526393189567,0.010006255471836008,0.010006251265805025,0.009996293806091813,0.009998285298034456,0.01000127253594842,0.009999281044005777,0.010010238455721292,0.009997293758094116,0.009986336346378603,0.00999231082220653,0.00998833204435223,0.01000127253594842,0.010003264027891062,0.009995298060120493,0.010005259725864685,0.01000028099600808,0.009999281044005777,0.009997293758094116,0.010013225693635254,0.009989323584292565,0.010007247011776346,0.010009238503718989,0.009996298012122798,0.00999231082220653,0.009996293806091813,0.01000127253594842,0.009996293806091813,0.009999281044005777,0.009999289456067742,0.01000127253594842,0.010007251217807328,0.010007247011776346,0.009998285298034456,0.009995298060120493,0.009998293710096421,0.009994302314149172,0.010005259725864685,0.009995298060120493,0.009996298012122798,0.010005255519833705,0.009990319330263888,0.010003268233922042,0.01000028099600808,0.010002272487950723,0.010008246963778649,0.009995298060120493,0.010004259773862382,0.010015217185577897,0.009998285298034456,0.010005259725864685,0.010011229995661628,0.009998285298034456,0.010013234105697221,0.01000127253594842,0.009985340600407282,0.009996298012122798,0.009990319330263888,0.009997289552063134,0.010006255471836008,0.01000226828191974,0.010002272487950723,0.010006251265805025,0.010004263979893365,0.010007255423838313,0.010003264027891062,0.010000276789977098,0.009990319330263888,0.009994306520180156,0.010004259773862382,0.009999285250036759,0.010004259773862382,0.010005259725864685,0.009996298012122798,0.010005259725864685,0.010001276741979401,0.009998289504065437,0.010002276693981706,0.009995302266151477,0.010004259773862382,0.01000226828191974,0.010000276789977098,0.009989323584292565
77,0.009519369454055281,0.012726796142496128,0.009513681720862257,0.009516525587458767,0.00952126536511962,0.010590723579777294,0.009507993987669234,0.010578400157859078,0.00952410923171613,0.009529796964909154,0.011646910416984582,0.010584087891052099,0.009516525587458767,0.009516525587458767,0.009512733765330086,0.009519369454055281,0.009519369454055281,0.009523161276183962,0.009525057187248304,0.010593567446373804,0.009516525587458767,0.009518421498523107,0.010588827668712953,0.009519369454055281,0.010596411312970316,0.009516525587458767,0.009507046032137065,0.009512733765330086,0.009507993987669234,0.00952126536511962,0.010590723579777294,0.009515577631926597,0.010591671535309464,0.010586931757648613,0.009519369454055281,0.009516525587458767,0.010599255179566827,0.009509889898733576,0.009526953098312642,0.009528849009376984,0.01058313993551993,0.009512733765330086,0.009516525587458767,0.00952126536511962,0.009516525587458767,0.010586931757648613,0.009517473542990939,0.00952126536511962,0.009526005142780472,0.010594515401905974,0.009518421498523107,0.009515577631926597,0.010584087891052099,0.011649754283581094,0.00952410923171613,0.009515577631926597,0.01058313993551993,0.009525057187248304,0.009510837854265746,0.009522213320651791,0.009519369454055281,0.011656389972306285,0.010594515401905974,0.01058313993551993,0.011659233838902796,0.009533588787037835,0.009518421498523107,0.00952410923171613,0.010598307224034657,0.009518421498523107,0.010597359268502487,0.00952126536511962,0.010573660380198226,0.009515577631926597,0.010578400157859078,0.010585035846584271,0.009525057187248304,0.009522213320651791,0.011656389972306285,0.009526005142780472,0.009523161276183962,0.011660181794434968,0.010590723579777294,0.00952031740958745,0.010578400157859078,0.009513681720862257,0.00952410923171613,0.011653546105709773,0.00952410923171613,0.00952410923171613,0.009515577631926597,0.00952410923171613,0.00952031740958745,0.009517473542990939,0.010587879713180781,0.009514629676394428,0.011659233838902796,0.010589775624245124,0.00952031740958745,0.009509889898733576
78,0.010000320995372092,0.01000529974514274,0.009993346539645379,0.009997333745509703,0.010001312539278417,0.010003304039186676,0.009987372039920601,0.009990359289782992,0.010006299701144677,0.010010274288865584,0.009991355039737118,0.009996333789507768,0.009996333789507768,0.009997333745509703,0.009992350789691249,0.010000320995372092,0.010000320995372092,0.010003304039186676,0.010005295539094936,0.010007291245051,0.009996333789507768,0.009998325289416026,0.010001312539278417,0.010000320995372092,0.01001027849491339,0.009998333701511639,0.009986376289966471,0.009993350745693186,0.009987372039920601,0.010001312539278417,0.010003304039186676,0.009996337995555575,0.010007299657146612,0.009999321039370157,0.009999321039370157,0.009996333789507768,0.010013265744775778,0.00998936353982886,0.010007287039003195,0.010009278538911454,0.009996337995555575,0.009992350789691249,0.009996333789507768,0.010001312539278417,0.009996333789507768,0.009999321039370157,0.009997329539461896,0.010001312539278417,0.010006291289049065,0.010007287039003195,0.009999325245417964,0.009996337995555575,0.009997333745509703,0.009994342289599509,0.010004299789140804,0.00999533803955364,0.009996337995555575,0.010005295539094936,0.009990359289782992,0.010003308245234481,0.010000320995372092,0.010001312539278417,0.01000828699500513,0.00999533803955364,0.010004299789140804,0.010015257244684038,0.009999325245417964,0.010004299789140804,0.010011270038819712,0.009998325289416026,0.010010274288865584,0.010001312539278417,0.00998538054001234,0.00999533803955364,0.009991359245784927,0.009997329539461896,0.010007295451098809,0.010002308289232546,0.010001312539278417,0.010007291245051,0.010003304039186676,0.010005295539094936,0.010003304039186676,0.010000316789324287,0.009991359245784927,0.009994346495647314,0.01000529974514274,0.009998325289416026,0.01000529974514274,0.010004299789140804,0.009996337995555575,0.010004299789140804,0.010001316745326222,0.009998329495463833,0.010000316789324287,0.009994342289599509,0.010007299657146612,0.010002308289232546,0.010000316789324287,0.009990363495830795
79,0.009138174162528047,0.009142724139705167,0.010891096717604179,0.009135444176221775,0.009139994153398895,0.01090019667195842,0.009127254217302958,0.009129984203609231,0.009142724139705167,0.00914818411231771,0.009130894199044655,0.010893826703910451,0.009135444176221775,0.009135444176221775,0.00913180419448008,0.010896556690216724,0.009138174162528047,0.009141814144269744,0.009143634135140591,0.009144544130576015,0.009135444176221775,0.010895646694781299,0.012656759208776248,0.009138174162528047,0.010905656644570964,0.010893826703910451,0.009126344221867535,0.00913180419448008,0.009127254217302958,0.009139994153398895,0.009141814144269744,0.00913453418078635,0.009142724139705167,0.010896556690216724,0.010896556690216724,0.009135444176221775,0.010908386630877235,0.009129074208173805,0.009145454126011438,0.009147274116882287,0.00913453418078635,0.00913180419448008,0.009135444176221775,0.010898376681087571,0.010893826703910451,0.009138174162528047,0.010894736699345877,0.009139994153398895,0.010902926658264691,0.012662219181388792,0.009137264167092622,0.00913453418078635,0.009135444176221775,0.009133624185350927,0.009142724139705167,0.010892916708475026,0.010892916708475026,0.010902016662829268,0.009129984203609231,0.014416051731900347,0.009138174162528047,0.010898376681087571,0.009145454126011438,0.010892916708475026,0.009142724139705167,0.014426971677125434,0.010895646694781299,0.009142724139705167,0.009149094107753135,0.012654029222469975,0.00914818411231771,0.009139994153398895,0.010883816754120788,0.00913453418078635,0.010888366731297908,0.0091363541716572,0.009143634135140591,0.009140904148834318,0.009139994153398895,0.012661309185953368,0.012658579199647097,0.009143634135140591,0.009141814144269744,0.00913908415796347,0.010888366731297908,0.010891096717604179,0.01265948919508252,0.009137264167092622,0.009142724139705167,0.010901106667393844,0.00913453418078635,0.010901106667393844,0.010897466685652146,0.012653119227034553,0.00913908415796347,0.009133624185350927,0.01265948919508252,0.009140904148834318,0.00913908415796347,0.009129074208173805
80,0.012034266069391767,0.01203838215224757,0.008261801508170642,0.008264271157884124,0.00826838724073993,0.008270033673882252,0.008256862208743677,0.008259331858457161,0.01203838215224757,0.012043321451674536,0.00826015507502832,0.008264271157884124,0.012031796419678283,0.012031796419678283,0.008260978291599481,0.008266740807597608,0.008266740807597608,0.008270033673882252,0.008271680107024573,0.01580755384718405,0.008264271157884124,0.015800968114614764,0.00826838724073993,0.012034266069391767,0.008274972973309216,0.015799321681472443,0.012023564253966675,0.008260978291599481,0.008256862208743677,0.00826838724073993,0.008270033673882252,0.015798498464901282,0.008270856890453412,0.008266740807597608,0.008266740807597608,0.008264271157884124,0.008277442623022699,0.008258508641885997,0.008273326540166895,0.012042498235103375,0.008263447941312965,0.008260978291599481,0.012031796419678283,0.012035912502534088,0.015799321681472443,0.008266740807597608,0.008265094374455285,0.012035912502534088,0.008272503323595732,0.008273326540166895,0.008265917591026446,0.008263447941312965,0.008264271157884124,0.008262624724741803,0.01580590741404173,0.012030973203107123,0.012030973203107123,0.008271680107024573,0.01202685712025132,0.008269210457311089,0.008266740807597608,0.019570963026122403,0.008273326540166895,0.012030973203107123,0.01203838215224757,0.00827908905616502,0.015800968114614764,0.008270856890453412,0.008276619406451536,0.008265917591026446,0.012043321451674536,0.00826838724073993,0.008255215775601354,0.008263447941312965,0.008259331858457161,0.008265094374455285,0.008271680107024573,0.008269210457311089,0.00826838724073993,0.01204002858538989,0.015805084197470568,0.008271680107024573,0.008270033673882252,0.008267564024168767,0.01202685712025132,0.0120293267699648,0.01957343267583589,0.008265917591026446,0.01580590741404173,0.008270856890453412,0.008263447941312965,0.01203838215224757,0.008267564024168767,0.008265094374455285,0.008267564024168767,0.008262624724741803,0.008270856890453412,0.008269210457311089,0.008267564024168767,0.008258508641885997
81,0.008951392244088687,0.00895584922090809,0.008946043871905405,0.008948718057997044,0.008953175034816449,0.00895495782554421,0.01112484929352208,0.008943369685813763,0.00895584922090809,0.008961197593091373,0.008944261081177643,0.011132871851797005,0.008948718057997044,0.011132871851797005,0.008945152476541525,0.008951392244088687,0.008951392244088687,0.00895495782554421,0.008956740616271972,0.00895763201163585,0.013317025645596964,0.008950500848724806,0.011137328828616408,0.008951392244088687,0.013328613785327414,0.008948718057997044,0.00893980410435824,0.011129306270341484,0.00894069549972212,0.011137328828616408,0.00895495782554421,0.008947826662633166,0.01114000301470805,0.008951392244088687,0.011135546037888648,0.008948718057997044,0.013331287971419055,0.008942478290449881,0.008958523406999732,0.013328613785327414,0.008947826662633166,0.008945152476541525,0.011132871851797005,0.011137328828616408,0.013317025645596964,0.008951392244088687,0.013317917040960846,0.01332148262241637,0.00895763201163585,0.008958523406999732,0.008950500848724806,0.008947826662633166,0.015501179439396925,0.008946935267269286,0.01114000301470805,0.008947826662633166,0.008947826662633166,0.011140894410071931,0.008943369685813763,0.008954066430180329,0.011135546037888648,0.008953175034816449,0.011142677200799693,0.011131980456433125,0.00895584922090809,0.008964763174546897,0.008950500848724806,0.013324156808508009,0.011146242782255213,0.011134654642524767,0.008961197593091373,0.008953175034816449,0.008938912708994358,0.008947826662633166,0.013311677273413683,0.008949609453360926,0.008956740616271972,0.008954066430180329,0.008953175034816449,0.011141785805435811,0.00895495782554421,0.008956740616271972,0.00895495782554421,0.008952283639452567,0.013311677273413683,0.008946043871905405,0.013324156808508009,0.011134654642524767,0.00895584922090809,0.01114000301470805,0.011131980456433125,0.01114000301470805,0.011136437433252527,0.008949609453360926,0.008952283639452567,0.008946935267269286,0.00895584922090809,0.008954066430180329,0.008952283639452567,0.008942478290449881
82,0.010809310480664514,0.009314810931444916,0.009304612571711076,0.010806529109828012,0.009312029560608415,0.01231215414239362,0.010798184997318506,0.009301831200874576,0.009314810931444916,0.00932037367311792,0.00930275832448674,0.009307393942547577,0.009307393942547577,0.009307393942547577,0.00930368544809891,0.00931017531338408,0.010809310480664514,0.010813018975113184,0.010814873222337519,0.010815800345949686,0.010806529109828012,0.009309248189771913,0.009312029560608415,0.00931017531338408,0.009319446549505754,0.009307393942547577,0.009298122706425905,0.010802820615379344,0.009299049830038071,0.009312029560608415,0.00931388380783275,0.01230473715349628,0.01081394609872535,0.012308445647944949,0.00931017531338408,0.009307393942547577,0.009322227920342256,0.009300904077262407,0.01231586263684229,0.009319446549505754,0.009306466818935412,0.010802820615379344,0.012305664277108446,0.01081116472788885,0.009307393942547577,0.00931017531338408,0.009308321066159746,0.009312029560608415,0.009316665178669251,0.009317592302281418,0.012307518524332782,0.010805601986215845,0.009307393942547577,0.009305539695323243,0.009314810931444916,0.009306466818935412,0.009306466818935412,0.010814873222337519,0.009301831200874576,0.010812091851501015,0.00931017531338408,0.009312029560608415,0.009317592302281418,0.009306466818935412,0.01081394609872535,0.01232235250212746,0.009309248189771913,0.009314810931444916,0.009321300796730088,0.009309248189771913,0.013817779174959221,0.01081116472788885,0.009297195582813736,0.009306466818935412,0.01080096636815501,0.009308321066159746,0.009315738055057084,0.009312956684220582,0.009312029560608415,0.010815800345949686,0.00931388380783275,0.009315738055057084,0.00931388380783275,0.009311102436996246,0.01080096636815501,0.009304612571711076,0.009314810931444916,0.009309248189771913,0.01081394609872535,0.01081394609872535,0.01230473715349628,0.009314810931444916,0.009311102436996246,0.01080745623344018,0.012309372771557116,0.009305539695323243,0.01081394609872535,0.009312956684220582,0.010810237604276681,0.009300904077262407
83,0.009999331038261243,0.010004309793010428,0.009993356532562224,0.009996343785411733,0.010001322540160918,0.010003314042060592,0.009987382026863202,0.009990369279712714,0.010005309750012277,0.010010284298709449,0.009992364987664398,0.00999734374241358,0.009996343785411733,0.009996343785411733,0.009992360781612386,0.009999331038261243,0.009999331038261243,0.010003314042060592,0.010006305500962116,0.010006301294910102,0.00999734374241358,0.010000335201315104,0.010002322497162767,0.009999331038261243,0.010009288547759612,0.009996343785411733,0.009986386275913365,0.009993360738614235,0.009987382026863202,0.010001322540160918,0.010004313999062441,0.009995348034461898,0.010005309750012277,0.010000330995263092,0.010000330995263092,0.009996343785411733,0.01001327575761097,0.009989373528762875,0.01000729704585994,0.010009288547759612,0.009995348034461898,0.009992360781612386,0.00999734374241358,0.010002322497162767,0.009996343785411733,0.009999331038261243,0.009997339536361569,0.010002322497162767,0.010006301294910102,0.01000729704585994,0.009999335244313255,0.009996347991463747,0.009996343785411733,0.00999435228351206,0.010004309793010428,0.009995348034461898,0.009995348034461898,0.010007305457963965,0.009992369193716412,0.010002318291110753,0.009999331038261243,0.010003322454164616,0.01000729704585994,0.009997347948465594,0.010005309750012277,0.010015267259510645,0.009998335287311406,0.010004309793010428,0.010011280049659285,0.009998335287311406,0.010010284298709449,0.010001322540160918,0.009985390524963528,0.009996347991463747,0.009990369279712714,0.009998339493363418,0.010005305543960267,0.010002318291110753,0.010003322454164616,0.010007301251911951,0.010003314042060592,0.010005305543960267,0.010003314042060592,0.01000032678921108,0.009990369279712714,0.009994356489564073,0.010004309793010428,0.009998335287311406,0.010004309793010428,0.010005309750012277,0.009996347991463747,0.010006309707014126,0.01000132674621293,0.009997339536361569,0.01000032678921108,0.00999435228351206,0.010005309750012277,0.010003318248112602,0.01000132674621293,0.009989373528762875
84,0.010000430995273046,0.010005409799808133,0.00999345646282985,0.009997443712551991,0.010001422550085992,0.010003414071900028,0.009987481897387743,0.009990469180108798,0.010004409832807044,0.010011384365250241,0.009991464941015814,0.009996443745550903,0.009997443712551991,0.009996443745550903,0.009992460701922832,0.009999431028271956,0.009999431028271956,0.010003414071900028,0.010005405593714064,0.01000640135462108,0.009997443712551991,0.009998435267364937,0.010001422550085992,0.009999431028271956,0.010009388637342133,0.009997443712551991,0.009986486136480725,0.00999346066892392,0.009987481897387743,0.010001422550085992,0.010004414038901116,0.009996447951644975,0.010004409832807044,0.009999431028271956,0.009999431028271956,0.009996443745550903,0.010013375887064276,0.009989473419201778,0.010008397082529187,0.010009388637342133,0.009995447984643887,0.009992460701922832,0.009997443712551991,0.010001422550085992,0.009996443745550903,0.010000430995273046,0.009999439440460098,0.010001422550085992,0.010007401321622169,0.010009397049530275,0.009998435267364937,0.009996447951644975,0.009997443712551991,0.009994452223736868,0.010004409832807044,0.009995447984643887,0.009995447984643887,0.010005405593714064,0.009991469147109886,0.010003418277994097,0.009999431028271956,0.010002422517087082,0.010007397115528099,0.009995447984643887,0.010004409832807044,0.010014367441877222,0.009998435267364937,0.010005409799808133,0.010012380126157258,0.009998435267364937,0.010010384398249151,0.010002422517087082,0.009986490342574797,0.009995447984643887,0.009991469147109886,0.00999743950645792,0.010005405593714064,0.010002418310993008,0.010002422517087082,0.01000640135462108,0.010003414071900028,0.010005405593714064,0.010003414071900028,0.010000426789178974,0.009991469147109886,0.00999345646282985,0.010004409832807044,0.009998435267364937,0.010004409832807044,0.010004409832807044,0.009995447984643887,0.010004409832807044,0.010001426756180064,0.00999743950645792,0.010000426789178974,0.009994452223736868,0.010004409832807044,0.010002418310993008,0.010001426756180064,0.009989473419201778
85,0.010000400995060067,0.010004379820657983,0.009993426483539717,0.009996413757299243,0.010001392546898457,0.010004384026739439,0.009988451900021957,0.00999043920978019,0.010004379820657983,0.01001035436817704,0.00999143496770003,0.009997413721300539,0.009997413721300539,0.009997413721300539,0.009992430725619873,0.009999401031058772,0.010000400995060067,0.010004384026739439,0.010005375578577828,0.010006371336497668,0.009997413721300539,0.009998405273138928,0.010001392546898457,0.010000400995060067,0.010009358610257197,0.009996413757299243,0.009986456178100818,0.009992430725619873,0.009987451936020662,0.010001392546898457,0.010003384062738142,0.009995417999379402,0.010004379820657983,0.009999401031058772,0.009999401031058772,0.009996413757299243,0.010012345884016723,0.009989443451860345,0.010007367094417512,0.010012358502261084,0.009995417999379402,0.009993430689621169,0.009997413721300539,0.010002392510899752,0.009996413757299243,0.010000400995060067,0.009998409479220382,0.010002392510899752,0.010006371336497668,0.010008367058418807,0.009998405273138928,0.009995417999379402,0.009996413757299243,0.009994422241459558,0.010004379820657983,0.009995417999379402,0.009996417963380697,0.010005375578577828,0.00999043920978019,0.010002388304818298,0.009999401031058772,0.010001392546898457,0.010007367094417512,0.009995417999379402,0.010004379820657983,0.01001433739985641,0.009999405237140224,0.010005379784659279,0.010012350090098177,0.009998405273138928,0.01001035436817704,0.010003392474901049,0.009985460420180975,0.009995417999379402,0.00999043920978019,0.009998409479220382,0.010005375578577828,0.010004388232820889,0.010002392510899752,0.010006371336497668,0.010003384062738142,0.010006375542579124,0.010003384062738142,0.010000396788978613,0.00999043920978019,0.009993426483539717,0.010004379820657983,0.009998405273138928,0.010006379748660576,0.010004379820657983,0.009996417963380697,0.010004379820657983,0.010000396788978613,0.009998409479220382,0.010000396788978613,0.009994422241459558,0.010005379784659279,0.010002388304818298,0.010000396788978613,0.009989443451860345
86,0.010000290995819085,0.010006269683656395,0.009993316561014756,0.009998303707920233,0.010002282489753126,0.010004273983687167,0.009987342079212634,0.009991329273115905,0.010004269777651977,0.0100102442594541,0.009991325067080715,0.009998303707920233,0.009996303801915815,0.009996303801915815,0.009992320814047734,0.009999291042816877,0.010000290995819085,0.01000327403068496,0.010005265524618999,0.010006261271586018,0.009997303754918025,0.009998295295849856,0.010001282536750918,0.009999291042816877,0.010012248371493707,0.009996303801915815,0.009986346332245615,0.009993320767049944,0.009987342079212634,0.010002282489753126,0.010004273983687167,0.009995308054948797,0.010005269730654185,0.009999291042816877,0.010000290995819085,0.009996303801915815,0.01001223575338814,0.009989333573146674,0.010009256924557456,0.010010248465489289,0.009996308007951005,0.009992320814047734,0.009996303801915815,0.010002282489753126,0.009997303754918025,0.009999291042816877,0.009997299548882836,0.010002282489753126,0.010007261224588226,0.010007257018553038,0.009998295295849856,0.009995308054948797,0.009996303801915815,0.009994312307981775,0.010004269777651977,0.009996308007951005,0.009995308054948797,0.010005265524618999,0.009990329320113697,0.010002278283717936,0.010000290995819085,0.010001282536750918,0.010008256971555248,0.009997307960953215,0.010004269777651977,0.01001422724732218,0.009998295295849856,0.010006269683656395,0.010012239959423328,0.009998295295849856,0.010011244212456308,0.010001282536750918,0.009986350538280803,0.009996308007951005,0.009991329273115905,0.009997299548882836,0.010005265524618999,0.010002278283717936,0.010003282442755335,0.010006261271586018,0.01000327403068496,0.010005265524618999,0.010004273983687167,0.010000286789783897,0.009990329320113697,0.009993316561014756,0.010004269777651977,0.009999295248852066,0.010004269777651977,0.010004269777651977,0.009995308054948797,0.010004269777651977,0.010001286742786107,0.009998299501885044,0.010000286789783897,0.009994312307981775,0.010004269777651977,0.010003278236720144,0.010000286789783897,0.009989333573146674
87,0.009999351036103409,0.010004329800809694,0.009994376477457548,0.009997363736281318,0.010002342500987605,0.01000433400687012,0.009988401959810005,0.009991389218633778,0.010004329800809694,0.010010304318457237,0.009991385012573352,0.009996363777279638,0.009996363777279638,0.009996363777279638,0.009992380765514609,0.01000035099510509,0.009999351036103409,0.010003334047868438,0.010005325553750952,0.010006321306692208,0.009996363777279638,0.009998355283162152,0.010001342541985923,0.01000035099510509,0.010010308524517661,0.009996363777279638,0.009986406247867067,0.009994380683517972,0.009987402000808325,0.010001342541985923,0.0100053339658718,0.009996367983340063,0.010004329800809694,0.009999351036103409,0.009999351036103409,0.009996363777279638,0.010013295783341432,0.009989393506690838,0.010008317018635146,0.010009308565515981,0.009995368024338381,0.009992380765514609,0.009996363777279638,0.010002342500987605,0.009996363777279638,0.009999351036103409,0.009997359530220894,0.010002342500987605,0.010006321306692208,0.010008317018635146,0.009998355283162152,0.009996367983340063,0.009996363777279638,0.009996372189400487,0.010005329759811374,0.009995368024338381,0.009995368024338381,0.010005325553750952,0.009991389218633778,0.01000233829492718,0.01000035099510509,0.010002342500987605,0.010008317018635146,0.009995368024338381,0.010004329800809694,0.010014287330222265,0.009998355283162152,0.010004329800809694,0.010012300030400174,0.009999355242163832,0.010011304277458919,0.010004342418990966,0.00998541049492581,0.009995368024338381,0.009990389259632096,0.009997359530220894,0.010005325553750952,0.01000233829492718,0.010001342541985923,0.010007321265693888,0.010003334047868438,0.010006325512752634,0.010003334047868438,0.010000346789044667,0.009990389259632096,0.009994376477457548,0.010004329800809694,0.009999355242163832,0.010004329800809694,0.010004329800809694,0.009995368024338381,0.010004329800809694,0.010001346748046347,0.009997359530220894,0.010001346748046347,0.009995372230398805,0.010004329800809694,0.01000333825392886,0.010000346789044667,0.009989393506690838
88,0.007339903065979472,0.013002965142895439,0.018654332492759454,0.007337710304657231,0.007341364906860965,0.007342826747742459,0.018649946970114975,0.012992732256724983,0.013002965142895439,0.013007350665539917,0.007334055702453497,0.007337710304657231,0.012997117779369462,0.007337710304657231,0.007334786622894244,0.007339903065979472,0.007339903065979472,0.007342826747742459,0.0073442885886239526,0.007345019509064699,0.012997117779369462,0.007339172145538724,0.007341364906860965,0.007339903065979472,0.00734721227038694,0.007337710304657231,0.007330401100249763,0.012994194097606479,0.012990539495402742,0.007341364906860965,0.007342826747742459,0.0073369793842164846,0.0073435576681832055,0.007339903065979472,0.007339903065979472,0.012997117779369462,0.018668219981133643,0.007332593861572003,0.013005157904217678,0.013006619745099172,0.0073369793842164846,0.007334786622894244,0.012997117779369462,0.013000772381573197,0.007337710304657231,0.012999310540691707,0.007338441225097978,0.007341364906860965,0.013004426983776931,0.013005157904217678,0.018657987094963187,0.012996386858928717,0.007337710304657231,0.01299565593848797,0.013002965142895439,0.0073369793842164846,0.0073369793842164846,0.0073442885886239526,0.00733332478201275,0.013001503302013944,0.007339903065979472,0.007341364906860965,0.007345750429505446,0.0073369793842164846,0.024321780092319903,0.013010274347302906,0.018657987094963187,0.0073435576681832055,0.013008081585980664,0.007339172145538724,0.007347943190827686,0.007341364906860965,0.007329670179809016,0.0073369793842164846,0.00733332478201275,0.007338441225097978,0.013003696063336184,0.01866091077672618,0.007341364906860965,0.007345019509064699,0.013002234222454691,0.0073442885886239526,0.007342826747742459,0.007340633986420218,0.00733332478201275,0.0073355175433349904,0.0073435576681832055,0.012998579620250956,0.0073435576681832055,0.0073435576681832055,0.012996386858928717,0.0073435576681832055,0.007340633986420218,0.03563547859865914,0.007340633986420218,0.0073362484637757375,0.0073435576681832055,0.013001503302013944,0.007340633986420218,0.007332593861572003
89,0.010000290995819085,0.010004269777651977,0.009995316467019174,0.009997303754918025,0.010002282489753126,0.01000327403068496,0.009987342079212634,0.009990329320113697,0.010005269730654185,0.0100102442594541,0.009991325067080715,0.009996303801915815,0.009997303754918025,0.009997303754918025,0.009993320767049944,0.010000290995819085,0.009999291042816877,0.01000327403068496,0.010007265430623417,0.010007261224588226,0.009996303801915815,0.009998295295849856,0.010001282536750918,0.010000290995819085,0.010009248512487079,0.009996303801915815,0.009986346332245615,0.009992320814047734,0.009987342079212634,0.010001282536750918,0.010005273936689376,0.009996308007951005,0.010006269683656395,0.009999291042816877,0.009999291042816877,0.009996303801915815,0.010013235706390348,0.009989333573146674,0.010007257018553038,0.010009248512487079,0.009995308054948797,0.009992320814047734,0.009996303801915815,0.010001282536750918,0.009996303801915815,0.009999291042816877,0.009998299501885044,0.010002282489753126,0.010007261224588226,0.010007257018553038,0.009998295295849856,0.009996308007951005,0.009996303801915815,0.009994312307981775,0.010004269777651977,0.009995308054948797,0.009995308054948797,0.010006265477621209,0.009992329226118113,0.010002278283717936,0.009999291042816877,0.010001282536750918,0.010008256971555248,0.009995308054948797,0.010004269777651977,0.01001422724732218,0.009999295248852066,0.010004269777651977,0.010011240006421118,0.009998295295849856,0.010011244212456308,0.010003282442755335,0.009985350585278593,0.009996308007951005,0.009991329273115905,0.009997299548882836,0.010005265524618999,0.010003278236720144,0.010003282442755335,0.010007261224588226,0.010005273936689376,0.010005265524618999,0.01000327403068496,0.010000286789783897,0.009990329320113697,0.009994316514016964,0.010004269777651977,0.009998295295849856,0.010004269777651977,0.010006269683656395,0.009995308054948797,0.010004269777651977,0.010001286742786107,0.009997299548882836,0.010000286789783897,0.009994312307981775,0.010005269730654185,0.010004278189722354,0.010000286789783897,0.009989333573146674
90,0.010001380957019522,0.01000535977466009,0.009993406497446221,0.00999739372723287,0.010003372468876328,0.010003364056730244,0.009987431961875806,0.009990419229661015,0.01000535977466009,0.010010334348229061,0.009991414985589414,0.009998393689234315,0.009996393765231426,0.00999739372723287,0.009992410741517818,0.009999381033016634,0.009999381033016634,0.010003364056730244,0.01000535556858705,0.010006351324515451,0.00999739372723287,0.009998385277088231,0.01000137254487344,0.009999381033016634,0.01000933859230066,0.009996393765231426,0.009986436205947405,0.009992410741517818,0.009987431961875806,0.01000137254487344,0.010003364056730244,0.00999639797130447,0.010004359812658646,0.009999381033016634,0.009999381033016634,0.00999739372723287,0.01001332582208731,0.00998942347373261,0.010008347042445298,0.010010338554302103,0.009995398009303026,0.009992410741517818,0.009996393765231426,0.01000137254487344,0.009996393765231426,0.009999381033016634,0.009998389483161273,0.01000137254487344,0.010007351286516895,0.010008347042445298,0.009998385277088231,0.009995398009303026,0.009996393765231426,0.009994402253374623,0.010004359812658646,0.00999639797130447,0.00999639797130447,0.01000535556858705,0.009990419229661015,0.010002368300801841,0.009999381033016634,0.01000137254487344,0.010007347080443854,0.00999639797130447,0.010004359812658646,0.01001431737194267,0.01000038520109112,0.01000535977466009,0.010011330104157463,0.009998385277088231,0.010010334348229061,0.010002372506874883,0.009985440450019001,0.009995398009303026,0.009991419191662458,0.009998389483161273,0.01000535556858705,0.010002368300801841,0.01000137254487344,0.010006351324515451,0.010003364056730244,0.010006355530588495,0.010003364056730244,0.010000376788945038,0.009990419229661015,0.009993406497446221,0.010004359812658646,0.01000038520109112,0.010006359736661533,0.01000535977466009,0.009995398009303026,0.010004359812658646,0.010001376750946481,0.00999738952115983,0.010001376750946481,0.009994402253374623,0.01000535977466009,0.010002368300801841,0.010000376788945038,0.009990423435734055
91,0.009999291042816877,0.010004269777651977,0.009993316561014756,0.009996303801915815,0.010001282536750918,0.010004273983687167,0.009987342079212634,0.009991329273115905,0.010005269730654185,0.010011244212456308,0.009992325020082923,0.009996303801915815,0.009996303801915815,0.009996303801915815,0.009992320814047734,0.009999291042816877,0.009999291042816877,0.01000327403068496,0.010006265477621209,0.010006261271586018,0.009996303801915815,0.009998295295849856,0.010001282536750918,0.009999291042816877,0.010010248465489289,0.009996303801915815,0.009987346285247823,0.009992320814047734,0.009987342079212634,0.010003282442755335,0.01000327403068496,0.009995308054948797,0.010004269777651977,0.009999291042816877,0.010000290995819085,0.009996303801915815,0.01001223575338814,0.009990333526148884,0.010007257018553038,0.010010248465489289,0.009997307960953215,0.009992320814047734,0.009997303754918025,0.010001282536750918,0.009997303754918025,0.010000290995819085,0.009998299501885044,0.010002282489753126,0.010008261177590436,0.010007257018553038,0.009998295295849856,0.009995308054948797,0.009996303801915815,0.009994312307981775,0.010005269730654185,0.009995308054948797,0.009995308054948797,0.010006265477621209,0.009991329273115905,0.010002278283717936,0.010000290995819085,0.010001282536750918,0.010007257018553038,0.009996308007951005,0.010004269777651977,0.010015227200324389,0.009999295248852066,0.010004269777651977,0.010012239959423328,0.009999295248852066,0.010011244212456308,0.010002282489753126,0.009985350585278593,0.009995308054948797,0.009990329320113697,0.009999299454887254,0.010005265524618999,0.010002278283717936,0.010001282536750918,0.010008261177590436,0.01000327403068496,0.010005265524618999,0.01000327403068496,0.010000286789783897,0.009990329320113697,0.009993316561014756,0.010005269730654185,0.009998295295849856,0.010006269683656395,0.010006269683656395,0.009995308054948797,0.010004269777651977,0.010001286742786107,0.009998299501885044,0.010000286789783897,0.009995312260983985,0.010004269777651977,0.010003278236720144,0.010000286789783897,0.009990333526148884
92,0.009999331038261243,0.010004309793010428,0.009994356489564073,0.009996343785411733,0.010001322540160918,0.010004313999062441,0.0099893819408669,0.009990369279712714,0.010007309664015975,0.010010284298709449,0.00999136503066255,0.00999734374241358,0.00999834369941543,0.00999734374241358,0.009992360781612386,0.009999331038261243,0.009999331038261243,0.010004313999062441,0.010006305500962116,0.010006301294910102,0.009996343785411733,0.009998335287311406,0.010001322540160918,0.010000330995263092,0.010009288547759612,0.009996343785411733,0.009986386275913365,0.009992360781612386,0.009987382026863202,0.010002322497162767,0.010003314042060592,0.009995348034461898,0.010004309793010428,0.009999331038261243,0.010000330995263092,0.00999734374241358,0.010012275800609122,0.009989373528762875,0.01000729704585994,0.010010288504761461,0.009995348034461898,0.009992360781612386,0.00999734374241358,0.010001322540160918,0.009996343785411733,0.009999331038261243,0.009997339536361569,0.010002322497162767,0.010006301294910102,0.01000729704585994,0.009999335244313255,0.009995348034461898,0.009996343785411733,0.00999435228351206,0.010004309793010428,0.009996347991463747,0.009995348034461898,0.010005305543960267,0.009990369279712714,0.010002318291110753,0.010000330995263092,0.010002322497162767,0.010008297002861788,0.009995348034461898,0.010005309750012277,0.010014267302508796,0.009999335244313255,0.010005309750012277,0.010011280049659285,0.010000335201315104,0.010010284298709449,0.010001322540160918,0.009986390481965377,0.009995348034461898,0.009990369279712714,0.009998339493363418,0.010006305500962116,0.010002318291110753,0.010003322454164616,0.010007301251911951,0.010003314042060592,0.010005305543960267,0.010003314042060592,0.01000032678921108,0.009992369193716412,0.009993356532562224,0.010005309750012277,0.009998335287311406,0.010004309793010428,0.010004309793010428,0.009995348034461898,0.010004309793010428,0.01000032678921108,0.009997339536361569,0.01000132674621293,0.00999435228351206,0.010004309793010428,0.010003318248112602,0.010002326703214779,0.009989373528762875
93,0.009999361035054487,0.010004339804739337,0.009994386471434266,0.009997373733245175,0.010001352542928428,0.010004344010803969,0.009987411987810845,0.009990399249621756,0.010005339764740937,0.01001031432836116,0.009991395003558725,0.009996373773243576,0.009996373773243576,0.009998373693246776,0.009992390757495695,0.009999361035054487,0.009999361035054487,0.010003344050802368,0.01000633551867791,0.010007331272614878,0.009996373773243576,0.009998365281117517,0.010002352502930028,0.010000360995056088,0.01000931857442419,0.009996373773243576,0.009986416233873875,0.009992390757495695,0.009987411987810845,0.010002352502930028,0.010005343970805568,0.009995378019306608,0.010005339764740937,0.009999361035054487,0.010000360995056088,0.009997373733245175,0.0100123058362351,0.009990403455686385,0.010008327026551848,0.01000931857442419,0.009995378019306608,0.009992390757495695,0.009996373773243576,0.010001352542928428,0.009997373733245175,0.010000360995056088,0.009997369527180546,0.010003352462931627,0.010006331312613278,0.010007327066550248,0.009998365281117517,0.009995378019306608,0.009996373773243576,0.009995382225371236,0.010004339804739337,0.009995378019306608,0.009995378019306608,0.01000633551867791,0.009990399249621756,0.010002348296865396,0.010000360995056088,0.010003352462931627,0.010007327066550248,0.009996377979308206,0.010004339804739337,0.010015297304110639,0.009998365281117517,0.010004339804739337,0.010011310082298129,0.009999365241119116,0.01001131428836276,0.010001352542928428,0.009985420479936905,0.009995378019306608,0.009990399249621756,0.009997369527180546,0.01000633551867791,0.010003348256866997,0.010001352542928428,0.010006331312613278,0.010004344010803969,0.010005335558676309,0.010003344050802368,0.010000356788991457,0.009990399249621756,0.009993386511432667,0.010004339804739337,0.009999365241119116,0.010004339804739337,0.010004339804739337,0.009995378019306608,0.010004339804739337,0.010001356748993058,0.009997369527180546,0.010000356788991457,0.009997382145374436,0.010005339764740937,0.010002348296865396,0.010000356788991457,0.009989403495684784
94,0.008390911975479446,0.008395089884250348,0.012127497287046343,0.012130004032308883,0.01961737954526374,0.008394254302496167,0.01212248379652126,0.008383391739691824,0.012136688686342326,0.015883300978959385,0.008384227321446003,0.015871602834400863,0.012130004032308883,0.008388405230216904,0.008385062903200185,0.008390911975479446,0.008390911975479446,0.008394254302496167,0.015879123070188485,0.00839676104775871,0.012130004032308883,0.01587327399790922,0.008392583138987806,0.01961570838175538,0.00839926779302125,0.008388405230216904,0.008380049412675101,0.012126661705292162,0.01212248379652126,0.008392583138987806,0.008394254302496167,0.008387569648462724,0.008395089884250348,0.008390911975479446,0.008390911975479446,0.008388405230216904,0.008401774538283792,0.008382556157937641,0.00839759662951289,0.00839926779302125,0.008387569648462724,0.012126661705292162,0.012130004032308883,0.012134181941079784,0.008388405230216904,0.008390911975479446,0.012130839614063063,0.008392583138987806,0.00839676104775871,0.00839759662951289,0.008390076393725266,0.008387569648462724,0.008388405230216904,0.008386734066708545,0.008395089884250348,0.008387569648462724,0.008387569648462724,0.008395925466004529,0.008383391739691824,0.008393418720741987,0.008390911975479446,0.012134181941079784,0.00839759662951289,0.008387569648462724,0.012136688686342326,0.012145044503884131,0.008390076393725266,0.008395089884250348,0.012142537758621588,0.008390076393725266,0.015883300978959385,0.008392583138987806,0.00837921383092092,0.008387569648462724,0.008383391739691824,0.008389240811971085,0.008395925466004529,0.008393418720741987,0.008392583138987806,0.00839676104775871,0.008394254302496167,0.008395925466004529,0.008394254302496167,0.015874945161417582,0.008383391739691824,0.008385898484954364,0.015878287488434305,0.008390076393725266,0.008395089884250348,0.008395089884250348,0.008387569648462724,0.012136688686342326,0.012133346359325605,0.008389240811971085,0.012133346359325605,0.012128332868800521,0.008395089884250348,0.012135017522833965,0.012133346359325605,0.01212415496002962
95,0.010000390995029073,0.01000436981664831,0.009993416490482975,0.00999640376125534,0.010001382545875948,0.010003374059724192,0.009987441948938247,0.009990429219710613,0.01000536977964968,0.01001034435819304,0.009992424939636101,0.00999640376125534,0.00999640376125534,0.00999640376125534,0.009993420696560222,0.009999391032027703,0.009999391032027703,0.01000437402272556,0.010006365536573802,0.010006361330496554,0.009997403724256709,0.009999395238104952,0.010002382508877316,0.009999391032027703,0.010010348564270289,0.009999403650259446,0.009986446192014125,0.009992420733558854,0.009987441948938247,0.010001382545875948,0.010003374059724192,0.009995408004331218,0.01000436981664831,0.009999391032027703,0.009999391032027703,0.00999640376125534,0.010012335872041282,0.009989433462786489,0.010007357087420676,0.010010348564270289,0.009996407967332588,0.009992420733558854,0.00999640376125534,0.010002382508877316,0.00999640376125534,0.009999391032027703,0.00999839948118083,0.010002382508877316,0.010006361330496554,0.010008357050422046,0.009998395275103582,0.009995408004331218,0.009997403724256709,0.009995412210408467,0.01000436981664831,0.009995408004331218,0.009995408004331218,0.010005365573572435,0.009990429219710613,0.010002378302800067,0.010000390995029073,0.010001382545875948,0.010007357087420676,0.009996407967332588,0.01000436981664831,0.010015327348890895,0.009998395275103582,0.01000436981664831,0.010011340115117161,0.009998395275103582,0.01001034435819304,0.010001382545875948,0.009986450398091373,0.009995408004331218,0.00999142918271198,0.00999839948118083,0.010006365536573802,0.010002378302800067,0.010001382545875948,0.010006361330496554,0.010003374059724192,0.010005365573572435,0.01000437402272556,0.010000386788951826,0.00999242914571335,0.009993416490482975,0.01000536977964968,0.009998395275103582,0.01000436981664831,0.01000436981664831,0.009995408004331218,0.01000436981664831,0.010000386788951826,0.00999739951817946,0.010000386788951826,0.009996412173409835,0.01000436981664831,0.010003378265801437,0.010001386751953195,0.009990433425787858
96,0.010000290995819085,0.010004269777651977,0.009993316561014756,0.009996303801915815,0.010002282489753126,0.01000327403068496,0.009987342079212634,0.009991329273115905,0.010004269777651977,0.010012244165458518,0.009991325067080715,0.009996303801915815,0.009996303801915815,0.009997303754918025,0.009993320767049944,0.009999291042816877,0.009999291042816877,0.01000327403068496,0.010005265524618999,0.010008261177590436,0.009996303801915815,0.009999295248852066,0.010001282536750918,0.009999291042816877,0.010010248465489289,0.009996303801915815,0.009986346332245615,0.009993320767049944,0.009987342079212634,0.010001282536750918,0.01000327403068496,0.009995308054948797,0.010004269777651977,0.010000290995819085,0.010000290995819085,0.009997303754918025,0.01001223575338814,0.009989333573146674,0.010007257018553038,0.010011248418491497,0.009995308054948797,0.009992320814047734,0.009996303801915815,0.010002282489753126,0.009996303801915815,0.009999291042816877,0.009997299548882836,0.010002282489753126,0.010007261224588226,0.010008256971555248,0.009998295295849856,0.009995308054948797,0.009997303754918025,0.009994312307981775,0.010004269777651977,0.009995308054948797,0.009995308054948797,0.010006265477621209,0.009991329273115905,0.010004278189722354,0.009999291042816877,0.010001282536750918,0.010009256924557456,0.009995308054948797,0.010006269683656395,0.010015227200324389,0.009999295248852066,0.010004269777651977,0.010011240006421118,0.009999295248852066,0.0100102442594541,0.010001282536750918,0.009985350585278593,0.009995308054948797,0.009991329273115905,0.009998299501885044,0.010006265477621209,0.010003278236720144,0.010002282489753126,0.010006261271586018,0.010005273936689376,0.010005265524618999,0.01000327403068496,0.010000286789783897,0.009990329320113697,0.009994316514016964,0.010004269777651977,0.009999295248852066,0.010004269777651977,0.010004269777651977,0.009995308054948797,0.010005269730654185,0.010001286742786107,0.009998299501885044,0.010000286789783897,0.009994312307981775,0.010005269730654185,0.010002278283717936,0.010001286742786107,0.009989333573146674
97,0.008410643830619948,0.011946287471110782,0.015468530364609991,0.011939587097614968,0.008412318923993902,0.019008361738535706,0.008400593270376228,0.008403105910437159,0.011946287471110782,0.008419856844176694,0.008403943457124134,0.008408131190559017,0.008408131190559017,0.011939587097614968,0.011936236910867063,0.011942099737675899,0.008410643830619948,0.008413994017367856,0.00841566911074181,0.015479418471540685,0.008408131190559017,0.008409806283932971,0.008412318923993902,0.008410643830619948,0.008419019297489717,0.011939587097614968,0.008399755723689251,0.011936236910867063,0.008400593270376228,0.008412318923993902,0.008413994017367856,0.015470205457983943,0.008414831564054832,0.008410643830619948,0.008410643830619948,0.008408131190559017,0.008421531937550646,0.008402268363750182,0.011948800111171713,0.008419019297489717,0.011938749550927993,0.011936236910867063,0.008408131190559017,0.008412318923993902,0.008408131190559017,0.011942099737675899,0.008408968737245996,0.008412318923993902,0.011947962564484736,0.011948800111171713,0.008409806283932971,0.011938749550927993,0.008408131190559017,0.008406456097185065,0.015477743378166734,0.008407293643872042,0.008407293643872042,0.00841566911074181,0.008403105910437159,0.01194461237773683,0.008410643830619948,0.008412318923993902,0.008417344204115763,0.011938749550927993,0.008414831564054832,0.01195466293798055,0.008409806283932971,0.008414831564054832,0.011952150297919618,0.011941262190988922,0.008419856844176694,0.008412318923993902,0.011930374084058226,0.008407293643872042,0.008403105910437159,0.008408968737245996,0.011947125017797761,0.015476068284792779,0.008412318923993902,0.011947962564484736,0.008413994017367856,0.00841566911074181,0.011945449924423807,0.011942937284362876,0.008403105910437159,0.00840561855049809,0.008414831564054832,0.011941262190988922,0.008414831564054832,0.011946287471110782,0.008407293643872042,0.008414831564054832,0.008411481377306925,0.008408968737245996,0.008411481377306925,0.008406456097185065,0.008414831564054832,0.01194461237773683,0.02253730500553073,0.008402268363750182
98,0.009999331038261243,0.010004309793010428,0.009994356489564073,0.00999734374241358,0.010003322454164616,0.010003314042060592,0.009987382026863202,0.009990369279712714,0.010005309750012277,0.010011284255711298,0.00999136503066255,0.00999834369941543,0.009996343785411733,0.009996343785411733,0.009992360781612386,0.009999331038261243,0.009999331038261243,0.010004313999062441,0.010005305543960267,0.010006301294910102,0.009996343785411733,0.009999335244313255,0.010002322497162767,0.010000330995263092,0.010010288504761461,0.009996343785411733,0.009987386232915214,0.009992360781612386,0.009987382026863202,0.010001322540160918,0.010003314042060592,0.009995348034461898,0.010004309793010428,0.009999331038261243,0.009999331038261243,0.009996343785411733,0.010012275800609122,0.009989373528762875,0.010008297002861788,0.010010288504761461,0.009995348034461898,0.009992360781612386,0.009996343785411733,0.010003322454164616,0.00999734374241358,0.009999331038261243,0.009997339536361569,0.010002322497162767,0.010006301294910102,0.010008297002861788,0.009999335244313255,0.009995348034461898,0.009996343785411733,0.00999535224051391,0.010004309793010428,0.009995348034461898,0.009995348034461898,0.010006305500962116,0.009991369236714563,0.010004318205114451,0.009999331038261243,0.010001322540160918,0.010008297002861788,0.009996347991463747,0.010005309750012277,0.010014267302508796,0.009999335244313255,0.010004309793010428,0.010012280006661134,0.009998335287311406,0.010011284255711298,0.010001322540160918,0.009985390524963528,0.009995348034461898,0.009991369236714563,0.009998339493363418,0.010006305500962116,0.010003318248112602,0.010003322454164616,0.010006301294910102,0.010004313999062441,0.010005305543960267,0.010003314042060592,0.01000132674621293,0.009990369279712714,0.009993356532562224,0.010004309793010428,0.009998335287311406,0.010004309793010428,0.010004309793010428,0.009995348034461898,0.010005309750012277,0.01000032678921108,0.009997339536361569,0.01000132674621293,0.00999435228351206,0.010004309793010428,0.010002318291110753,0.01000032678921108,0.009989373528762875
99,0.009999441027383012,0.010004419836896747,0.009993466455966533,0.00999845367767682,0.01000243251918953,0.010003424074994001,0.009987491884550052,0.009990479170258294,0.010004419836896747,0.010010394408313228,0.009991474932161038,0.009996453741674773,0.009996453741674773,0.009996453741674773,0.009992470694063785,0.009999441027383012,0.009999441027383012,0.010004424042995026,0.010005415598799495,0.01000641136070224,0.009996453741674773,0.009998445265480266,0.01000243251918953,0.010000440995384037,0.010009398646410482,0.009996453741674773,0.00998749609064833,0.009992470694063785,0.009987491884550052,0.010001432551188507,0.010003424074994001,0.009995457979772027,0.010004419836896747,0.009999441027383012,0.009999441027383012,0.009997453709675795,0.010013385900119744,0.009991483344357592,0.010007407122604986,0.010009398646410482,0.009995457979772027,0.00999347066206481,0.009997453709675795,0.01000243251918953,0.009996453741674773,0.010000440995384037,0.009997449503577518,0.01000243251918953,0.010007411328703263,0.010007407122604986,0.009999445233481289,0.009995457979772027,0.009997453709675795,0.009994462217869279,0.010004419836896747,0.009995457979772027,0.009996457947773051,0.010005415598799495,0.009990479170258294,0.010003428281092276,0.009999441027383012,0.010001432551188507,0.010008407090606011,0.009995457979772027,0.010004419836896747,0.010014377455924215,0.010000445201482314,0.010004419836896747,0.010012390138216998,0.009999445233481289,0.010010394408313228,0.010001432551188507,0.009985500360744559,0.009995457979772027,0.009990479170258294,0.009997449503577518,0.010005415598799495,0.010002428313091252,0.010001432551188507,0.010008411296704288,0.010003424074994001,0.010006415566800519,0.010003424074994001,0.01000043678928576,0.009990479170258294,0.009993466455966533,0.010004419836896747,0.009999445233481289,0.01000541980489777,0.01000541980489777,0.009995457979772027,0.010004419836896747,0.01000043678928576,0.009997449503577518,0.01000043678928576,0.009994462217869279,0.010004419836896747,0.010002428313091252,0.01000043678928576,0.009989483408355544
