source,00,01,02,03,04,05,06,07,08,09,10,11,12,13,14,15,16,17,18,19,20,21,22,23,24,25,26,27,28,29,30,31,32,33,34,35,36,37,38,39,40,41,42,43,44,45,46,47,48,49,50,51,52,53,54,55,56,57,58,59,60,61,62,63,64,65,66,67,68,69,70,71,72,73,74,75,76,77,78,79,80,81,82,83,84,85,86,87,88,89,90,91,92,93,94,95,96,97,98,99
00,1.6714764328922282,1.246283226782789,0.8215130143125351,1.246621722818227,0.8215130143125351,1.2463255093044365,1.2470031762954503,0.8215130143125351,0.8215130143125351,1.2460297083032483,0.8215130143125351,0.8215130143125351,0.8215130143125351,1.246621722818227,0.8215130143125351,0.8215130143125351,0.8215130143125351,0.8215130143125351,0.8215130143125351,0.8215130143125351,1.246621722818227,0.8215130143125351,0.8215130143125351,0.8215130143125351,0.8215130143125351,0.8215130143125351,1.2470456022763041,0.8215130143125351,0.8215130143125352,0.8215130143125351,0.8215130143125351,0.8215130143125351,0.8215130143125351,0.8215130143125351,0.8215130143125351,0.8215130143125351,0.8215130143125351,0.8215130143125351,1.2461564297044394,1.2460297083032483,0.8215130143125351,0.8215130143125351,1.6717304313239187,0.8215130143125351,0.8215130143125351,0.8215130143125351,0.8215130143125351,0.8215130143125351,0.8215130143125351,0.8215130143125351,0.8215130143125351,1.246621722818227,0.8215130143125351,0.8215130143125351,0.8215130143125351,1.2466640727593012,1.2466640727593012,0.8215130143125351,0.8215130143125351,2.0960773721090424,1.2464947236023818,0.8215130143125351,0.8215130143125351,1.2466640727593012,0.8215130143125351,2.094556563488822,0.8215130143125351,1.6710534392530427,0.8215130143125351,0.8215130143125351,1.2460297083032483,0.8215130143125351,0.8215130143125352,0.8215130143125351,0.8215130143125351,0.8215130143125351,1.2462409526772487,0.8215130143125351,1.2464100996061074,0.8215130143125351,1.2463255093044365,1.2462409526772487,0.8215130143125351,1.671391800469787,1.2468759490966117,0.8215130143125351,1.246283226782789,0.8215130143125351,0.8215130143125351,0.8215130143125351,0.8215130143125351,1.246283226782789,1.246452407391161,0.8215130143125351,0.8215130143125351,0.8215130143125351,0.8215130143125351,2.0960773721090424,1.246452407391161,0.8215130143125351
01,0.8440981930874868,1.1756489927455898,0.8440981930874868,0.8440981930874869,0.8440981930874868,1.175681996010537,1.5083236934194835,1.176111637138614,0.8440981930874867,1.1754511110388406,0.8440981930874867,0.8440981930874869,1.1759132029654589,0.8440981930874869,0.8440981930874868,0.8440981930874868,0.8440981930874868,0.8440981930874867,0.8440981930874868,0.8440981930874868,0.8440981930874869,1.1758471109407844,1.8390476805919556,1.175814074800787,0.8440981930874867,0.8440981930874869,0.8440981930874868,0.8440981930874868,0.8440981930874868,0.8440981930874868,0.8440981930874867,1.17594625885407,0.8440981930874867,0.8440981930874868,0.8440981930874868,0.8440981930874867,0.8440981930874868,1.1761447325776146,1.1755500223576323,1.1754511110388406,0.8440981930874867,0.8440981930874868,0.8440981930874869,1.1757480222556431,0.8440981930874869,0.8440981930874868,1.5076621142358853,1.1757480222556431,0.8440981930874868,0.8440981930874868,1.1758471109407844,1.5077282128434308,0.8440981930874869,0.8440981930874868,1.175583005921098,0.8440981930874867,0.8440981930874867,2.1701694049365954,1.5081250811897418,0.8440981930874869,0.8440981930874868,0.8440981930874868,0.8440981930874868,1.17594625885407,0.8440981930874867,0.8440981930874867,0.8440981930874868,0.8440981930874867,1.175418153716586,0.8440981930874868,1.1754511110388406,0.8440981930874868,0.8440981930874867,0.8440981930874867,0.8440981930874867,0.8440981930874867,1.1756159960497639,0.8440981930874869,0.8440981930874868,0.8440981930874868,1.175681996010537,1.1756159960497639,1.175681996010537,0.8440981930874866,1.176111637138614,1.1760123903936806,0.8440981930874867,0.8440981930874868,1.1756159960497639,1.507199792403693,1.17594625885407,0.8440981930874867,1.5074638973919696,0.8440981930874867,1.1757810452397284,1.1759793213294876,0.8440981930874867,0.8440981930874869,0.8440981930874866,0.8440981930874867
02,1.0000640006834283,1.0000639509176337,0.9999640012959533,0.9999640012959534,0.9999640012959533,1.0000639608668296,1.000064120323772,1.0000640903868556,0.9999640012959534,1.000063891264025,1.0000640804118615,1.0000640305666997,1.0000640305666997,0.9999640012959534,1.0000640704388555,0.9999640012959533,0.9999640012959533,0.9999640012959533,1.0000639409704182,1.0000639310251822,1.0000640305666997,0.9999640012959534,0.9999640012959533,0.9999640012959533,0.9999640012959535,0.9999640012959534,0.9999640012959533,0.9999640012959534,0.9999640012959534,1.0000639807711647,0.9999640012959533,0.9999640012959533,0.9999640012959534,0.9999640012959533,0.9999640012959533,0.9999640012959533,0.9999640012959534,0.9999640012959534,0.9999640012959535,1.000063891264025,1.0000640405317596,0.9999640012959534,0.9999640012959534,1.0000639807711647,1.0001640598374457,0.9999640012959533,0.9999640012959533,0.9999640012959533,0.9999640012959534,1.0000639210819258,0.9999640012959534,0.9999640012959534,1.0000640305666997,0.9999640012959534,1.0000639310251822,0.9999640012959533,0.9999640012959533,0.9999640012959535,1.0000640903868556,0.9999640012959534,0.9999640012959533,0.9999640012959533,0.9999640012959535,0.9999640012959533,0.9999640012959534,0.9999640012959532,1.0001640199891157,1.0000639509176337,1.0001637613614043,0.9999640012959534,0.9999640012959534,0.9999640012959533,0.9999640012959534,0.9999640012959533,0.9999640012959533,0.9999640012959533,0.9999640012959535,1.0001639403400593,1.0000639807711647,0.9999640012959534,0.9999640012959533,0.9999640012959535,0.9999640012959533,0.9999640012959534,0.9999640012959533,1.0000640604678366,0.9999640012959534,0.9999640012959534,1.0000639409704182,0.9999640012959534,1.0000640405317596,0.9999640012959534,0.9999640012959534,0.9999640012959533,0.9999640012959534,0.9999640012959534,0.9999640012959534,0.9999640012959534,1.000063990726305,1.0000641003638382
03,0.9999610015209407,1.000160900164627,0.9999610015209407,1.0000610304916109,1.0000609806962253,0.9999610015209407,0.9999610015209408,0.9999610015209407,0.9999610015209407,1.0000608911893538,0.9999610015209407,1.0000610304916109,0.9999610015209408,0.9999610015209408,1.000061070363647,0.9999610015209407,0.9999610015209407,0.9999610015209407,0.9999610015209408,1.0000609309503923,1.0000610304916109,0.9999610015209408,0.9999610015209407,0.9999610015209407,0.9999610015209408,1.0000610304916109,0.9999610015209407,1.000061070363647,0.9999610015209408,0.9999610015209407,1.00006096079195,0.9999610015209407,1.0000609508427838,0.9999610015209407,0.9999610015209407,0.9999610015209408,0.9999610015209407,0.9999610015209406,1.0002607599796145,1.0000608911893538,0.9999610015209407,0.9999610015209407,0.9999610015209408,0.9999610015209407,0.9999610015209408,0.9999610015209407,0.9999610015209408,0.9999610015209407,0.9999610015209408,0.9999610015209408,1.0000610105675054,0.9999610015209408,0.9999610015209408,0.9999610015209407,1.0001608603798438,0.9999610015209407,0.9999610015209407,0.9999610015209408,0.9999610015209407,0.9999610015209407,0.9999610015209407,1.0000609806962253,1.0000609210071654,0.9999610015209407,0.9999610015209407,1.000060851459944,1.0000610105675054,0.9999610015209407,0.9999610015209407,0.9999610015209408,1.0000608911893538,1.0000609806962253,0.9999610015209407,1.0000610404566408,0.9999610015209407,0.9999610015209408,1.0000609408955983,1.000160939965253,0.9999610015209407,1.0000609309503923,1.00006096079195,0.9999610015209408,0.9999610015209407,0.9999610015209407,0.9999610015209407,1.0000610603926583,1.0000609508427838,1.0000610105675054,0.9999610015209408,0.9999610015209407,0.9999610015209407,0.9999610015209407,1.0000609906513358,0.9999610015209408,1.0000609906513358,0.9999610015209407,1.0000609508427838,1.0000609707430967,0.9999610015209407,0.9999610015209406
04,1.3791107901784925,0.893075410874686,0.8930754108746859,1.3792560343400533,0.893075410874686,1.1359963385557943,1.1363838495072296,1.1363110970587198,0.893075410874686,0.893075410874686,0.8930754108746859,1.1361657226073696,0.893075410874686,1.1361657226073696,0.8930754108746859,0.8930754108746859,1.1360931005265893,0.893075410874686,0.8930754108746859,0.8930754108746859,1.1361657226073696,1.1361173030651461,0.893075410874686,1.1360931005265893,0.893075410874686,1.3792560343400533,0.893075410874686,0.8930754108746859,1.1363838495072296,0.893075410874686,1.1359963385557943,0.893075410874686,0.893075410874686,0.8930754108746859,0.8930754108746859,0.893075410874686,0.8930754108746859,0.893075410874686,0.893075410874686,1.3785789699086881,0.893075410874686,1.3794498283105427,1.1361657226073696,1.1360447099073832,0.893075410874686,0.8930754108746859,0.893075410874686,0.893075410874686,1.1359238176300261,0.893075410874686,1.1361173030651461,0.893075410874686,0.893075410874686,1.1362141614460133,1.1359238176300261,0.893075410874686,0.893075410874686,0.8930754108746859,0.893075410874686,0.893075410874686,1.3791107901784925,0.893075410874686,0.893075410874686,0.893075410874686,0.893075410874686,0.8930754108746859,0.8930754108746859,0.893075410874686,0.893075410874686,0.8930754108746859,1.135827190391687,0.893075410874686,1.1364323753226728,0.893075410874686,1.1363110970587198,0.893075410874686,0.8930754108746859,0.893075410874686,0.893075410874686,0.8930754108746859,0.893075410874686,1.8645657132172064,1.1359963385557943,1.1360689028078148,1.1363110970587198,0.8930754108746859,0.893075410874686,0.8930754108746859,0.8930754108746859,1.1359721601017598,0.893075410874686,0.893075410874686,1.1360689028078148,1.136141510424926,0.8930754108746859,1.1362141614460133,1.1359721601017598,0.893075410874686,0.8930754108746859,0.893075410874686
05,1.0000540005034295,1.0001538993603627,0.9999540021159027,0.9999540021159028,1.0000539805913653,1.0000539606872292,0.9999540021159026,0.9999540021159027,1.0000539507381327,0.9999540021159028,1.0000540802310656,1.0000540303864023,0.9999540021159028,0.9999540021159028,1.0000540702581593,0.9999540021159028,1.0000540005034295,0.9999540021159028,1.0000539407910167,0.9999540021159027,1.0000540303864023,0.9999540021159027,0.9999540021159027,0.9999540021159028,0.9999540021159027,0.9999540021159028,0.9999540021159027,0.9999540021159028,0.9999540021159026,0.9999540021159027,1.0000539606872292,0.9999540021159026,0.9999540021159028,0.9999540021159028,1.0000540005034295,1.0000540204234272,0.9999540021159028,1.000054100182843,0.9999540021159028,0.9999540021159028,0.9999540021159026,0.9999540021159028,1.0000540303864023,0.9999540021159027,0.9999540021159028,1.0001539988909565,0.9999540021159027,1.0000539805913653,0.9999540021159027,0.9999540021159028,1.0001540188089701,1.0000540303864023,0.9999540021159028,1.0000540503183084,0.9999540021159027,0.9999540021159026,1.0000540403513625,0.9999540021159027,1.00005409020596,0.9999540021159027,0.9999540021159028,0.9999540021159027,1.000053920902723,0.9999540021159026,0.9999540021159028,1.0000538513559885,0.9999540021159027,0.9999540021159028,0.9999540021159028,0.9999540021159027,0.9999540021159028,1.0000539805913653,1.000054140110273,1.0000540403513625,0.9999540021159027,1.0000540204234272,0.9999540021159027,0.9999540021159027,0.9999540021159027,0.9999540021159027,0.9999540021159028,0.9999540021159027,0.9999540021159028,1.0002539674074127,1.00005409020596,0.9999540021159027,0.9999540021159028,0.9999540021159027,1.0000539407910167,1.0002538479825929,0.9999540021159026,1.0000539507381327,1.0000539905464059,1.0000540204234272,0.9999540021159028,1.0000540503183084,1.0000539507381327,0.9999540021159027,0.9999540021159028,1.000054100182843
06,0.9999700008999731,1.000069951121333,0.999970000899973,1.000070030770877,0.999970000899973,0.9999700008999731,0.999970000899973,0.9999700008999731,0.9999700008999731,1.0000698914673662,0.999970000899973,0.999970000899973,0.999970000899973,1.000070030770877,0.999970000899973,0.9999700008999731,0.9999700008999731,0.9999700008999731,1.000069941174058,0.999970000899973,1.000070030770877,1.0000700108465923,0.999970000899973,0.9999700008999731,1.0001698019095242,1.000070030770877,0.9999700008999729,0.999970000899973,0.999970000899973,0.999970000899973,0.9999700008999731,0.9999700008999731,0.9999700008999731,0.9999700008999731,0.9999700008999731,0.999970000899973,0.9999700008999731,1.0000701005684343,0.999970000899973,1.0000698914673662,0.9999700008999731,1.000070070643272,0.999970000899973,0.999970000899973,0.999970000899973,1.0001700008748793,0.999970000899973,0.999970000899973,0.999970000899973,0.999970000899973,1.0000700108465923,1.000070030770877,1.000070030770877,0.9999700008999731,0.999970000899973,0.9999700008999731,0.9999700008999731,0.9999700008999731,0.9999700008999731,0.999970000899973,0.9999700008999731,0.999970000899973,1.000069921285446,0.9999700008999731,0.9999700008999731,0.999970000899973,0.999970000899973,0.9999700008999731,1.0000698815319606,0.999970000899973,0.9999700008999731,0.999970000899973,0.9999700008999731,0.9999700008999731,0.9999700008999731,1.0000700208077424,0.9999700008999731,0.999970000899973,1.000069980975043,0.999970000899973,1.0000699610705888,0.9999700008999731,1.0000699610705888,1.0001699809605136,0.9999700008999731,1.0000700606721935,0.9999700008999731,0.999970000899973,0.9999700008999731,0.9999700008999731,1.0000700407359966,0.9999700008999731,0.9999700008999731,0.999970000899973,0.9999700008999731,0.9999700008999731,1.000069951121333,1.000069971021825,0.9999700008999731,0.999970000899973
07,0.9999670010889642,1.0000669510104834,1.0000670605610151,0.9999670010889641,0.9999670010889642,0.9999670010889642,1.0000671204171299,0.9999670010889641,1.0001669009320027,0.9999670010889641,1.0000670805050995,0.9999670010889641,0.9999670010889641,0.9999670010889641,0.9999670010889641,0.9999670010889642,0.9999670010889642,1.000066960959709,1.000066941063238,0.9999670010889641,0.9999670010889641,0.9999670010889641,0.9999670010889642,0.9999670010889642,1.000066901294048,1.0000670306597883,0.9999670010889641,1.0000670705320638,0.9999670010889641,1.0000669808641038,1.000066960959709,0.9999670010889642,0.9999670010889641,0.9999670010889642,0.9999670010889642,0.9999670010889642,1.0001667418868763,0.9999670010889641,0.9999670010889642,0.9999670010889641,0.9999670010889642,1.0000670705320638,0.9999670010889641,0.9999670010889642,0.9999670010889641,0.9999670010889642,1.000167040304403,1.0000669808641038,1.0000669311179724,0.9999670010889642,0.9999670010889641,0.9999670010889641,0.9999670010889641,1.0000670505919536,1.0000669311179724,1.000067040624878,0.9999670010889642,0.9999670010889642,0.9999670010889641,1.0000669709109158,0.9999670010889642,0.9999670010889642,1.0000669211746858,0.9999670010889642,0.9999670010889641,0.999967001088964,0.9999670010889641,0.9999670010889641,1.0000668814213198,0.9999670010889641,0.9999670010889641,0.9999670010889642,1.0000671403850854,0.9999670010889642,0.9999670010889641,0.9999670010889642,0.9999670010889642,0.9999670010889641,0.9999670010889642,1.0001668611469805,1.000066960959709,0.9999670010889642,0.9999670010889642,0.9999670010889641,0.9999670010889641,1.0000670605610151,0.9999670010889641,0.9999670010889641,0.9999670010889642,0.9999670010889641,0.9999670010889642,0.9999670010889641,1.0000669908192743,0.9999670010889642,0.9999670010889641,0.9999670010889641,0.9999670010889641,0.9999670010889641,0.9999670010889641,1.0000671004571362
08,0.6888785530291377,0.6888785530291378,0.6888785530291377,0.6888785530291377,0.6888785530291377,2.012311996175977,0.6888785530291377,0.6888785530291377,0.6888785530291378,1.3501345149237534,1.351386644012452,0.6888785530291377,0.6888785530291377,0.6888785530291377,0.6888785530291377,0.6888785530291377,0.6888785530291377,0.6888785530291378,1.3504635634716706,0.6888785530291377,0.6888785530291377,0.6888785530291378,2.012575523345062,1.3508588542566398,2.011522043862121,0.6888785530291377,0.6888785530291378,0.6888785530291377,1.3516508546170314,0.6888785530291377,1.3505952746025573,0.6888785530291377,0.6888785530291378,0.6888785530291377,0.6888785530291377,0.6888785530291377,0.6888785530291378,0.6888785530291377,2.0117852564971126,0.6888785530291378,0.6888785530291377,1.3513206242724434,0.6888785530291377,0.6888785530291377,0.6888785530291377,0.6888785530291377,1.3509907228425413,0.6888785530291377,0.6888785530291377,0.6888785530291378,0.6888785530291378,0.6888785530291377,1.3510566768389367,0.6888785530291377,1.3503977275665615,1.351122643976196,0.6888785530291377,0.6888785530291378,1.3514526769129782,1.3506611498361634,1.3508588542566398,0.6888785530291377,2.0117852564971126,0.6888785530291377,0.6888785530291378,0.6888785530291377,0.6888785530291378,0.6888785530291378,0.6888785530291377,1.3509247819830839,0.6888785530291378,2.674424008503024,0.6888785530291377,1.351122643976196,0.6888785530291377,1.3509907228425413,0.6888785530291378,0.6888785530291378,0.6888785530291377,0.6888785530291377,1.3505952746025573,3.33521859479927,1.3505952746025573,3.3365360995497286,0.6888785530291377,0.6888785530291377,0.6888785530291378,1.3509247819830839,1.3504635634716706,1.350529412482365,0.6888785530291377,0.6888785530291378,2.012707326289433,0.6888785530291377,1.3507929396592853,0.6888785530291377,1.350529412482365,0.6888785530291378,0.6888785530291378,0.6888785530291377
09,0.9999470028088511,1.000046950731478,0.9999470028088512,0.9999470028088512,0.9999470028088512,1.0000469606805047,0.9999470028088512,1.000047090198329,0.9999470028088512,0.9999470028088512,1.0000470802235044,1.0000470303791897,1.0000470303791897,0.9999470028088512,0.9999470028088512,0.9999470028088511,1.0000470004964264,1.0000469606805047,1.0001468787600118,0.9999470028088513,0.9999470028088512,1.000147018101876,1.0001469583601517,1.0000470004964264,1.0000469010160369,0.9999470028088512,0.9999470028088512,0.9999470028088512,0.9999470028088512,1.0000469805845014,1.0000469606805047,0.9999470028088512,1.0001468986541047,1.0001469981840017,0.9999470028088511,0.9999470028088513,0.9999470028088513,0.9999470028088512,0.9999470028088512,0.9999470028088512,1.0000470403440804,0.9999470028088512,0.9999470028088512,0.9999470028088512,0.9999470028088512,1.0000470004964264,1.0001470380237178,1.0001469583601517,1.0001468588698783,0.9999470028088512,0.9999470028088511,1.0000470303791897,1.0000470303791897,0.9999470028088512,0.9999470028088513,1.0001470778793096,0.9999470028088512,0.9999470028088513,0.9999470028088511,0.9999470028088512,0.9999470028088511,0.9999470028088512,0.9999470028088512,0.9999470028088512,1.0002468465767314,0.9999470028088511,0.9999470028088511,1.000046950731478,1.0000468811437062,1.0000470104553636,0.9999470028088512,1.0001469583601517,1.0000471401022926,0.9999470028088512,1.000047090198329,0.9999470028088513,1.0000469407844315,1.0000469706315123,0.9999470028088512,1.0000469308393647,0.9999470028088512,1.0000469407844315,0.9999470028088512,0.9999470028088512,0.9999470028088511,0.9999470028088512,1.000046950731478,1.0000470104553636,0.9999470028088513,0.9999470028088512,0.9999470028088512,1.000046950731478,0.9999470028088512,0.9999470028088513,0.9999470028088512,1.0000470503109564,0.9999470028088512,0.9999470028088512,1.0000469905394727,0.9999470028088512
10,1.0000660007434274,0.9999660011559608,1.0000660605279557,1.0000660306267586,1.000065980831124,1.0000659609267493,0.9999660011559607,0.9999660011559607,0.9999660011559608,0.9999660011559607,0.9999660011559607,0.9999660011559607,1.0000660306267586,0.9999660011559607,0.9999660011559608,1.0001660003308943,1.0000660007434274,0.9999660011559608,0.9999660011559607,0.9999660011559608,0.9999660011559607,0.9999660011559608,0.9999660011559608,1.0001660003308943,1.000065901261148,0.9999660011559607,0.9999660011559606,0.9999660011559608,0.9999660011559607,0.9999660011559608,0.9999660011559608,0.9999660011559608,0.9999660011559608,0.9999660011559607,0.9999660011559607,0.9999660011559608,1.000165741754139,0.9999660011559608,1.0000659211417657,1.0000658913238052,1.0000660405918385,1.0000660704989943,0.9999660011559607,0.9999660011559608,1.0000660306267586,0.9999660011559607,0.9999660011559608,0.9999660011559608,0.9999660011559608,0.9999660011559608,0.9999660011559608,0.9999660011559607,0.9999660011559607,0.9999660011559607,1.0000659310850424,1.0000660405918385,0.9999660011559608,0.9999660011559607,0.9999660011559607,1.000065970877946,0.9999660011559607,0.9999660011559608,0.9999660011559608,0.9999660011559608,0.9999660011559608,1.0001657020324328,0.9999660011559608,1.0000659509775334,0.9999660011559608,0.9999660011559608,0.9999660011559607,1.000065980831124,0.9999660011559607,0.9999660011559608,0.9999660011559607,0.9999660011559608,1.0000659410302981,0.9999660011559607,1.000065980831124,0.9999660011559608,0.9999660011559608,0.9999660011559607,1.0001659206975377,1.0000659907862846,0.9999660011559607,0.9999660011559607,0.9999660011559608,0.9999660011559608,0.9999660011559607,0.9999660011559608,1.0000660405918385,1.0000659509775334,0.9999660011559608,0.9999660011559608,0.9999660011559608,1.000066050558904,0.9999660011559608,0.9999660011559607,0.9999660011559608,0.9999660011559608
11,0.8391636367332163,0.8391636367332165,0.8391636367332164,0.8391636367332164,0.8391636367332165,2.075910762136378,0.8391636367332164,0.8391636367332165,0.8391636367332165,0.8391636367332164,0.8391636367332166,0.8391636367332164,1.2517001317958107,1.6642366268584052,1.2518645708571214,0.8391636367332163,1.2515768884692637,0.8391636367332165,0.8391636367332165,0.8391636367332165,1.2517001317958107,0.8391636367332164,0.8391636367332165,1.6639901402053108,0.8391636367332164,0.8391636367332164,0.8391636367332165,1.2518645708571214,0.8391636367332164,0.8391636367332165,2.075910762136378,0.8391636367332165,1.2513716464807416,0.8391636367332163,1.2515768884692637,1.6641544482737318,1.6629237310014187,0.8391636367332166,0.8391636367332164,0.8391636367332164,0.8391636367332165,1.2518645708571214,0.8391636367332164,1.2514947671527092,0.8391636367332164,0.8391636367332163,0.8391636367332165,1.2514947671527092,1.2512896068728707,1.2512485993136528,0.8391636367332164,0.8391636367332164,0.8391636367332164,0.8391636367332165,1.2512896068728707,0.8391636367332165,0.8391636367332165,0.8391636367332165,1.2519468395572357,0.8391636367332164,0.8391636367332163,1.2514947671527092,1.2512485993136528,0.8391636367332165,0.8391636367332165,1.2509617747399169,1.25161796139544,1.2513716464807416,0.8391636367332166,0.8391636367332164,0.8391636367332164,0.8391636367332165,1.2521526548757558,0.8391636367332165,0.8391636367332165,0.8391636367332165,0.8391636367332165,0.8391636367332164,0.8391636367332165,1.2512896068728707,0.8391636367332165,0.8391636367332165,1.663661720335324,0.8391636367332166,0.8391636367332165,0.8391636367332164,0.8391636367332165,0.8391636367332164,0.8391636367332165,0.8391636367332165,0.8391636367332165,1.2513716464807416,0.8391636367332166,0.8391636367332165,0.8391636367332166,0.8391636367332165,1.2513716464807416,0.8391636367332164,0.8391636367332166,0.8391636367332166
12,1.0001609996959173,1.0000609508427838,0.9999610015209407,0.9999610015209408,1.0000609806962253,1.0001609200629589,0.9999610015209408,1.0000610903115872,0.9999610015209407,1.0000608911893538,0.9999610015209407,1.0000610304916109,0.9999610015209408,0.9999610015209408,0.9999610015209407,1.000061000608429,0.9999610015209407,0.9999610015209407,0.9999610015209408,0.9999610015209408,0.9999610015209408,0.9999610015209408,0.9999610015209407,0.9999610015209407,0.9999610015209408,1.0000610304916109,0.9999610015209407,0.9999610015209407,0.9999610015209408,0.9999610015209407,1.00006096079195,1.0000610404566408,0.9999610015209407,0.9999610015209407,0.9999610015209407,0.9999610015209408,0.9999610015209407,0.9999610015209406,1.0000609210071654,0.9999610015209407,1.0000610404566408,1.000061070363647,1.0000610304916109,0.9999610015209407,1.0000610304916109,0.9999610015209407,1.000061020528566,0.9999610015209407,0.9999610015209408,0.9999610015209408,0.9999610015209408,0.9999610015209408,0.9999610015209408,1.0000610504236565,1.0000609309503923,1.0000610404566408,0.9999610015209407,1.0000609408955983,0.9999610015209407,0.9999610015209407,0.9999610015209407,1.0000609806962253,0.9999610015209408,0.9999610015209407,1.0000609508427838,0.9999610015209406,1.0000610105675054,0.9999610015209407,0.9999610015209407,0.9999610015209408,1.000160780857767,0.9999610015209407,0.9999610015209407,1.0000610404566408,1.0000610903115872,0.9999610015209408,0.9999610015209408,0.9999610015209407,0.9999610015209407,1.0000609309503923,0.9999610015209407,0.9999610015209408,0.9999610015209407,0.9999610015209407,0.9999610015209407,0.9999610015209407,1.0000609508427838,1.0001610196140702,0.9999610015209408,0.9999610015209407,1.000161079392341,1.0000609508427838,0.9999610015209407,0.9999610015209408,0.9999610015209407,0.9999610015209407,1.0000609508427838,1.0000609707430967,0.9999610015209407,0.9999610015209406
13,0.9695837763183612,1.0475376094763957,0.9695837763183612,0.9695837763183612,0.9695837763183611,0.9695837763183612,0.9695837763183613,0.9695837763183612,1.0475376094763957,0.9695837763183612,1.0476386060710792,0.9695837763183612,1.04759973027182,1.04759973027182,0.9695837763183612,0.9695837763183612,1.1255690704308432,1.0475453691651433,1.0475298513321722,1.0475220947320116,0.9695837763183612,0.9695837763183611,0.9695837763183611,0.9695837763183612,1.0474988341912992,0.9695837763183612,0.9695837763183612,0.9695837763183612,0.9695837763183613,1.0475608931780558,0.9695837763183612,0.9695837763183612,1.0475376094763957,0.9695837763183612,1.0475764233746023,1.047591959758478,0.9695837763183612,0.9695837763183612,1.047514339675453,1.0474910837627829,1.1256312283484013,1.2037249307993096,0.9695837763183612,1.0475608931780558,0.9695837763183612,1.0475764233746023,1.047591959758478,0.9695837763183611,0.9695837763183612,0.9695837763183612,1.0475841907928927,0.9695837763183612,0.9695837763183612,1.1256467755688886,1.0475220947320116,0.9695837763183612,0.9695837763183612,0.9695837763183612,0.9695837763183612,0.9695837763183612,0.9695837763183612,0.9695837763183611,0.9695837763183612,0.9695837763183612,1.0475376094763957,0.9695837763183611,0.9695837763183611,1.0475376094763957,0.9695837763183611,0.9695837763183611,0.9695837763183612,0.9695837763183611,0.9695837763183612,1.1256312283484013,0.9695837763183612,0.9695837763183611,0.9695837763183612,0.9695837763183612,0.9695837763183611,0.9695837763183612,0.9695837763183612,0.9695837763183612,0.9695837763183612,0.9695837763183612,0.9695837763183612,0.9695837763183612,1.0475376094763957,0.9695837763183611,1.1254759263459833,0.9695837763183613,0.9695837763183612,0.9695837763183613,0.9695837763183612,1.047591959758478,0.9695837763183612,0.9695837763183611,0.9695837763183613,0.9695837763183612,1.0475686575031438,1.0476541672412851
14,1.0000650007124279,0.9999650012249571,1.0001651197688353,0.9999650012249571,0.9999650012249571,0.9999650012249572,0.9999650012249571,0.9999650012249571,0.9999650012249571,0.9999650012249572,1.0000650804409408,0.9999650012249571,1.0000650305957293,0.9999650012249571,1.0000650704679248,0.9999650012249571,0.9999650012249571,0.9999650012249572,0.9999650012249572,0.9999650012249571,0.9999650012249571,1.000065010671544,1.0001649603753315,1.0000650007124279,0.9999650012249571,1.0000650305957293,0.9999650012249572,0.9999650012249572,1.0000651203528914,1.0000649808001443,0.9999650012249572,0.9999650012249571,0.9999650012249571,0.9999650012249571,0.9999650012249571,1.0001650400403317,0.9999650012249571,0.9999650012249572,0.9999650012249571,1.000064891292915,0.9999650012249571,0.9999650012249572,0.9999650012249571,0.9999650012249571,0.9999650012249571,1.0000650007124279,0.9999650012249572,0.9999650012249571,1.0000649310541123,0.9999650012249571,0.9999650012249571,0.9999650012249571,1.0000650305957293,0.9999650012249572,1.0000649310541123,0.9999650012249571,1.0001650798966408,0.9999650012249572,1.000065090415945,0.9999650012249572,0.9999650012249571,0.9999650012249571,0.9999650012249571,0.9999650012249571,1.0000649509465835,0.999965001224957,0.9999650012249571,1.0000649509465835,0.9999650012249572,0.9999650012249571,0.9999650012249572,0.9999650012249571,0.9999650012249571,0.9999650012249571,0.9999650012249571,0.9999650012249572,0.9999650012249572,1.0000649708469762,0.9999650012249571,1.0000649310541123,1.0000649608957894,1.0001648807737589,0.9999650012249572,0.9999650012249572,0.9999650012249571,0.9999650012249571,1.0000649509465835,0.9999650012249571,0.9999650012249572,0.9999650012249571,1.000065040560799,1.0000649509465835,0.9999650012249572,0.9999650012249572,0.9999650012249572,0.9999650012249572,0.9999650012249571,1.0000649708469762,1.0000649907552948,0.9999650012249572
15,0.8943978584939184,1.1457139077402045,1.1459893637527305,0.8943978584939182,0.8943978584939184,0.8943978584939184,0.8943978584939183,0.8943978584939183,1.1457139077402045,0.8943978584939184,0.8943978584939183,0.8943978584939182,1.6489468215711485,0.8943978584939182,1.146014435153354,0.8943978584939184,0.8943978584939184,0.8943978584939184,1.1456888961907175,0.8943978584939184,0.8943978584939182,0.8943978584939182,0.8943978584939184,0.8943978584939184,0.8943978584939184,0.8943978584939182,1.1461649685524924,0.8943978584939183,0.8943978584939183,1.1457889722710428,1.3970799900442743,0.8943978584939183,1.1457139077402045,0.8943978584939184,0.8943978584939184,1.1458891280932648,0.8943978584939184,0.8943978584939183,1.1456388880240116,1.6478960222591936,0.8943978584939183,0.8943978584939183,0.8943978584939182,0.8943978584939184,0.8943978584939182,1.145839040208461,1.1458891280932648,0.8943978584939184,0.8943978584939184,0.8943978584939184,0.8943978584939182,1.397430500545405,0.8943978584939182,1.1459642973479025,0.8943978584939184,1.145939235937377,1.145939235937377,0.8943978584939184,1.1460645929479638,1.1457639457788797,1.145839040208461,0.8943978584939184,0.8943978584939184,0.8943978584939183,0.8943978584939184,0.8943978584939184,0.8943978584939182,0.8943978584939184,0.8943978584939184,0.8943978584939182,0.8943978584939184,1.1457889722710428,0.8943978584939183,1.145939235937377,0.8943978584939183,1.3973803976926111,0.8943978584939184,0.8943978584939184,1.3971800860481671,0.8943978584939184,1.1457389242690963,1.1456888961907175,0.8943978584939184,1.1458140037470737,0.8943978584939183,0.8943978584939183,1.3970299569864908,0.8943978584939182,0.8943978584939184,0.8943978584939184,1.145939235937377,0.8943978584939184,0.8943978584939184,1.1458891280932648,0.8943978584939184,0.8943978584939183,0.8943978584939184,1.1457639457788797,0.8943978584939184,0.8943978584939183
16,0.8945238670553528,1.1455400362672072,0.8945238670553527,0.8945238670553528,1.1456150112281427,1.3966061788354647,0.8945238670553528,0.8945238670553528,0.8945238670553528,0.8945238670553526,0.8945238670553527,0.8945238670553528,0.8945238670553528,0.8945238670553528,1.145840205079419,1.1456650194225608,0.8945238670553528,0.8945238670553528,0.8945238670553528,0.8945238670553528,0.8945238670553528,0.8945238670553527,0.8945238670553527,0.8945238670553528,1.396306487841565,0.8945238670553528,0.8945238670553528,0.8945238670553528,1.3974071077475765,0.8945238670553527,0.8945238670553528,0.8945238670553528,0.8945238670553528,0.8945238670553528,0.8945238670553528,0.8945238670553528,1.6469732311741498,0.8945238670553527,0.8945238670553529,1.1453902205887758,0.8945238670553528,1.145840205079419,0.8945238670553528,1.3967061554009326,1.1457400690746278,0.8945238670553528,0.8945238670553528,0.8945238670553527,0.8945238670553528,1.1454651060674426,1.1456900309903695,1.1457400690746278,0.8945238670553528,0.8945238670553528,0.8945238670553528,0.8945238670553528,0.8945238670553528,1.1455150545624688,0.8945238670553528,1.1455900145985587,0.8945238670553528,0.8945238670553527,0.8945238670553529,0.8945238670553528,0.8945238670553528,1.1452904427808674,0.8945238670553527,0.8945238670553528,1.3962066703319596,1.1456900309903695,1.3962565741221988,0.8945238670553527,1.3975074035674195,1.1457650955940557,0.8945238670553528,0.8945238670553528,0.8945238670553528,1.1455900145985587,0.8945238670553527,0.8945238670553528,0.8945238670553528,0.8945238670553528,1.1455650229454089,0.8945238670553527,0.8945238670553528,0.8945238670553527,0.8945238670553528,1.3968561949253862,0.8945238670553528,1.1455400362672072,1.1457650955940557,0.8945238670553528,0.8945238670553527,1.145715047540562,1.1456400128356479,0.8945238670553528,1.1455400362672072,0.8945238670553527,1.1456400128356479,0.8945238670553527
17,0.9999540021159028,0.9999540021159028,0.9999540021159027,0.9999540021159028,1.0000539805913653,0.9999540021159028,1.0000541201425772,1.00005409020596,0.9999540021159028,0.9999540021159028,0.9999540021159026,1.0000540303864023,0.9999540021159028,0.9999540021159028,1.0000540702581593,0.9999540021159028,1.0001539988909565,0.9999540021159028,0.9999540021159027,0.9999540021159027,0.9999540021159028,0.9999540021159027,1.0000539805913653,0.9999540021159028,0.9999540021159027,0.9999540021159028,0.9999540021159027,0.9999540021159028,1.0001542381692516,0.9999540021159027,0.9999540021159028,1.0000540403513625,1.0000539507381327,1.0000540005034295,0.9999540021159028,0.9999540021159027,0.9999540021159028,0.9999540021159027,0.9999540021159028,0.9999540021159028,0.9999540021159026,0.9999540021159028,0.9999540021159028,0.9999540021159027,1.0000540303864023,1.0000540005034295,0.9999540021159027,1.0000539805913653,0.9999540021159027,1.000053920902723,1.0000540104624365,0.9999540021159028,1.0000540303864023,0.9999540021159027,1.0000539308458802,0.9999540021159026,1.0000540403513625,0.9999540021159027,1.00005409020596,0.9999540021159027,1.0000540005034295,0.9999540021159027,1.000053920902723,1.0000540403513625,0.9999540021159028,1.0000538513559885,0.9999540021159027,1.0000539507381327,1.0001537601838448,0.9999540021159027,0.9999540021159028,0.9999540021159027,0.9999540021159027,0.9999540021159026,1.00005409020596,0.9999540021159027,1.0000539407910167,0.9999540021159027,0.9999540021159027,0.9999540021159027,1.0001539192585556,1.0000539407910167,1.0001539192585556,0.9999540021159028,0.9999540021159027,0.9999540021159027,1.0001538993603627,1.0001540188089701,1.0000539407910167,1.0001538993603627,0.9999540021159026,0.9999540021159028,0.9999540021159028,0.9999540021159027,1.0000539905464059,1.0000540503183084,1.0000539507381327,0.9999540021159027,0.9999540021159028,0.9999540021159027
18,1.0000520004914293,1.0000519507262318,0.9999520023038895,0.9999520023038896,0.9999520023038894,1.0000519606753084,0.9999520023038895,0.9999520023038895,0.9999520023038894,1.000051891073339,0.9999520023038895,0.9999520023038896,0.9999520023038896,1.000052030374342,0.9999520023038895,1.0000520004914293,0.9999520023038894,0.9999520023038894,0.9999520023038894,1.000151859364149,1.0001520584447945,1.000052010450416,1.0000519805794046,0.9999520023038894,0.9999520023038895,1.000052030374342,0.9999520023038895,1.0000520702460194,0.9999520023038895,1.0000519805794046,1.0000519606753084,0.9999520023038896,0.9999520023038894,1.0000520004914293,1.0000520004914293,1.0000520204113867,0.9999520023038895,1.0000521001706433,0.9999520023038894,0.9999520023038895,0.9999520023038896,0.9999520023038895,0.9999520023038896,0.9999520023038894,1.0001520584447945,1.0002519968665087,0.9999520023038896,1.0000519805794046,1.000151859364149,1.000051920890882,0.9999520023038894,0.9999520023038896,0.9999520023038896,0.9999520023038895,1.0000519308340192,0.9999520023038896,0.9999520023038896,1.0000519407791357,1.0000520901937802,0.9999520023038894,1.0000520004914293,1.0000519805794046,0.9999520023038894,0.9999520023038896,0.9999520023038894,0.9999520023038893,1.000052010450416,1.0000519507262318,1.0001517599723346,1.000052010450416,0.9999520023038895,0.9999520023038894,0.9999520023038895,0.9999520023038896,1.0000520901937802,0.9999520023038896,0.9999520023038894,1.0000519706263657,1.0000519805794046,0.9999520023038894,0.9999520023038894,0.9999520023038894,0.9999520023038894,0.9999520023038894,1.0000520901937802,1.0001521182463513,0.9999520023038894,1.000052010450416,0.9999520023038894,1.0000519507262318,0.9999520023038896,1.0000519507262318,0.9999520023038894,0.9999520023038896,0.9999520023038894,0.9999520023038895,0.9999520023038894,0.9999520023038894,0.9999520023038894,0.9999520023038895
19,1.0000510004884287,1.0000509507232813,0.9999510024008823,1.0001510583417412,0.9999510024008824,0.9999510024008824,1.0000511201272173,1.0000510901906903,0.9999510024008824,1.0000508910704478,1.0000510802158258,0.9999510024008825,0.9999510024008825,0.9999510024008825,0.9999510024008823,0.9999510024008824,0.9999510024008824,1.0000509606723478,1.000050940776195,0.9999510024008824,1.0000510303713117,0.9999510024008824,1.0000509805764242,0.9999510024008824,1.0001507996144003,1.0000510303713117,0.9999510024008824,1.0000510702429493,0.9999510024008824,0.9999510024008824,0.9999510024008824,0.9999510024008823,0.9999510024008824,0.9999510024008824,0.9999510024008824,0.9999510024008824,1.0000508712019904,1.000151197934204,0.9999510024008824,0.9999510024008825,1.0000510403362421,1.0000510702429493,1.0000510303713117,1.0000509805764242,0.9999510024008825,1.0000510004884287,0.9999510024008824,0.9999510024008824,0.9999510024008824,0.9999510024008824,0.9999510024008824,1.0000510303713117,0.9999510024008825,0.9999510024008823,1.0000509308310885,0.9999510024008823,0.9999510024008823,1.000050940776195,0.9999510024008823,1.0000509706233953,1.0000510004884287,0.9999510024008824,0.9999510024008824,1.0000510403362421,0.9999510024008824,0.9999510024008823,0.9999510024008824,1.0000509507232813,1.000050881135231,0.9999510024008824,0.9999510024008825,1.000150958751966,0.9999510024008824,0.9999510024008823,0.9999510024008823,0.9999510024008824,1.000050940776195,1.0000509706233953,0.9999510024008824,1.0000509308310885,0.9999510024008824,0.9999510024008824,1.0000509606723478,1.000050990531435,0.9999510024008823,0.9999510024008823,1.00015089904568,0.9999510024008824,1.000050940776195,0.9999510024008824,0.9999510024008823,1.00015089904568,0.9999510024008824,0.9999510024008824,0.9999510024008824,1.0001510982054338,1.0000509507232813,0.9999510024008824,0.9999510024008824,1.000151197934204
20,0.8028912869814475,0.8028912869814475,0.8028912869814474,0.8028912869814475,1.3082127006449715,0.8028912869814476,0.8028912869814475,0.8028912869814474,0.8028912869814475,0.8028912869814476,0.8028912869814475,0.8028912869814475,0.8028912869814475,1.3084643798030866,1.3086659037065531,0.8028912869814475,0.8028912869814475,0.8028912869814476,0.8028912869814476,0.8028912869814475,0.8028912869814475,0.8028912869814474,0.8028912869814475,0.8028912869814475,1.3078105347765563,0.8028912869814475,0.8028912869814475,1.8144405204316587,0.8028912869814475,2.3188555279720195,1.3081120991292112,0.8028912869814474,0.8028912869814475,1.3083133422330344,0.8028912869814475,0.8028912869814475,0.8028912869814476,1.814743017211997,0.8028912869814475,1.3077603090481376,0.8028912869814474,1.3086659037065531,1.3084643798030866,0.8028912869814475,0.8028912869814475,0.8028912869814475,0.8028912869814475,0.8028912869814475,0.8028912869814475,0.8028912869814475,0.8028912869814474,1.3084643798030866,0.8028912869814475,1.3085651216767185,1.3079612719387999,0.8028912869814474,0.8028912869814474,0.8028912869814476,0.8028912869814474,0.8028912869814475,0.8028912869814475,0.8028912869814475,0.8028912869814475,1.3085147457218773,0.8028912869814475,1.3075595060165905,0.8028912869814474,0.8028912869814475,1.3077100933109118,1.308363678061662,0.8028912869814476,0.8028912869814475,0.8028912869814476,0.8028912869814474,0.8028912869814474,1.8139367608532473,2.3182520390225805,1.8134335027776514,0.8028912869814475,1.3079612719387999,1.3081120991292112,0.8028912869814476,0.8028912869814476,0.8028912869814474,0.8028912869814474,0.8028912869814474,0.8028912869814475,0.8028912869814474,1.308011537661825,1.813232339800485,0.8028912869814474,0.8028912869814475,0.8028912869814474,1.8139367608532473,1.3082630164284685,1.3085651216767185,0.8028912869814475,0.8028912869814475,0.8028912869814474,0.8028912869814475
21,1.0000590005684296,0.9999590016809311,0.9999590016809311,0.9999590016809312,1.0000589806562654,0.9999590016809311,0.9999590016809312,0.9999590016809311,1.0000589508028839,0.9999590016809311,0.9999590016809311,0.9999590016809312,1.0000590304515515,0.9999590016809312,1.000059070323508,0.9999590016809311,1.0000590005684296,0.9999590016809311,0.9999590016809312,1.0000589309105319,0.9999590016809312,0.9999590016809312,0.9999590016809311,1.0000590005684296,1.0000589010868461,1.0001590592221719,0.9999590016809311,0.999959001680931,0.9999590016809312,1.0000589806562654,1.0000589607520298,0.9999590016809311,0.9999590016809311,0.9999590016809311,0.9999590016809311,1.0000590204885267,1.0000588712809568,0.9999590016809311,0.9999590016809312,0.9999590016809311,1.0000590404165617,0.999959001680931,1.0000590304515515,0.9999590016809311,0.9999590016809312,0.9999590016809311,0.9999590016809311,1.0000589806562654,1.0000589309105319,1.000058920967325,1.000059010527486,0.9999590016809312,0.9999590016809312,0.999959001680931,0.9999590016809311,1.0002591178878224,0.9999590016809311,1.000058940855718,0.9999590016809311,0.9999590016809311,1.0000590005684296,0.9999590016809311,1.000058920967325,1.000159079152192,0.9999590016809311,1.0000588514202426,1.000059010527486,0.9999590016809311,0.9999590016809312,1.000059010527486,0.9999590016809311,0.9999590016809311,0.999959001680931,0.9999590016809311,0.9999590016809311,0.9999590016809311,1.000058940855718,0.9999590016809311,1.000258938606934,1.0000589309105319,1.0000589607520298,0.9999590016809312,0.9999590016809311,1.000058990611356,0.9999590016809311,0.9999590016809311,1.0000589508028839,0.9999590016809312,0.9999590016809312,0.9999590016809311,0.9999590016809311,0.9999590016809311,0.9999590016809312,0.9999590016809311,0.9999590016809312,0.999959001680931,0.9999590016809311,0.9999590016809311,1.000058990611356,0.9999590016809311
22,1.5069971384436147,0.8570062838615852,0.8570062838615853,0.8570062838615853,0.8570062838615853,0.8570062838615852,1.1823905391812632,0.8570062838615853,1.1818399736054261,1.1816461009168295,0.8570062838615853,1.1820988310133302,0.8570062838615853,0.8570062838615853,0.8570062838615853,1.5069971384436147,0.8570062838615853,0.8570062838615852,1.1818076454117812,1.5065443634429103,1.1820988310133302,1.8320896662507005,0.8570062838615853,0.8570062838615853,0.8570062838615852,0.8570062838615853,0.8570062838615853,0.8570062838615853,1.1823905391812632,1.181936996810248,0.8570062838615852,1.5072561505394833,0.8570062838615852,0.8570062838615853,0.8570062838615853,0.8570062838615853,0.8570062838615854,1.1823256699118614,0.8570062838615852,1.1816461009168295,1.182131217200534,0.8570062838615853,0.8570062838615853,0.8570062838615853,0.8570062838615853,0.8570062838615853,0.8570062838615853,0.8570062838615853,0.8570062838615852,1.1817430083249054,0.8570062838615853,0.8570062838615853,0.8570062838615853,0.8570062838615853,0.8570062838615852,0.8570062838615853,1.182131217200534,1.1818076454117812,0.8570062838615853,0.8570062838615852,0.8570062838615853,1.181936996810248,1.1817430083249054,0.8570062838615853,0.8570062838615852,0.8570062838615854,1.1820340779912903,1.8315073530931076,0.8570062838615854,0.8570062838615853,0.8570062838615854,1.181936996810248,0.8570062838615853,1.182131217200534,0.8570062838615853,0.8570062838615853,0.8570062838615852,1.181904649302737,1.506867709758911,0.8570062838615852,1.181872308235104,0.8570062838615852,1.5067383326086228,0.8570062838615853,1.182293244975546,0.8570062838615853,0.8570062838615852,0.8570062838615853,1.5066090069619773,1.1818399736054261,0.8570062838615853,1.1818399736054261,0.8570062838615853,0.8570062838615853,0.8570062838615853,0.8570062838615853,0.8570062838615852,0.8570062838615852,0.8570062838615853,0.8570062838615853
23,0.981326592964426,0.981326592964426,0.981326592964426,0.9813265929644259,0.9813265929644261,0.9813265929644261,0.9813265929644261,1.0258282981642535,0.981326592964426,1.0257397639850037,0.981326592964426,0.9813265929644259,0.9813265929644259,0.9813265929644259,1.025819428865758,0.981326592964426,0.981326592964426,1.0257707108491432,0.9813265929644259,1.0701882922916959,0.9813265929644259,0.9813265929644261,1.02577956073323,1.0702502353205041,1.0257441823267288,1.0258017008705789,0.981326592964426,0.9813265929644259,0.9813265929644261,1.02577956073323,1.0257707108491432,0.981326592964426,0.981326592964426,1.0702502353205041,0.981326592964426,0.981326592964426,1.1145396038853215,0.981326592964426,0.9813265929644259,0.981326592964426,1.0702856701251886,0.9813265929644259,1.0258017008705789,0.9813265929644261,0.9813265929644259,1.0702502353205041,0.981326592964426,0.9813265929644261,0.981326592964426,0.9813265929644259,1.0257928421696714,0.9813265929644259,0.9813265929644259,0.9813265929644259,0.981326592964426,0.981326592964426,0.981326592964426,1.025761864488099,0.9813265929644261,0.981326592964426,0.981326592964426,1.02577956073323,0.9813265929644259,0.981326592964426,0.981326592964426,1.0257220994047034,0.9813265929644261,1.0257662872283722,1.0257353465222008,1.0257928421696714,0.981326592964426,0.9813265929644261,1.0258504868884257,0.981326592964426,0.9813265929644261,0.981326592964426,1.025761864488099,1.0257751353506748,1.02577956073323,1.025757442628061,0.9813265929644261,0.9813265929644259,0.9813265929644261,0.981326592964426,0.9813265929644261,0.981326592964426,0.981326592964426,0.9813265929644261,1.025761864488099,0.981326592964426,0.981326592964426,1.0257662872283722,1.0257839869970724,1.0702679491934832,1.0257839869970724,0.9813265929644259,0.981326592964426,0.981326592964426,1.0257839869970724,0.981326592964426
24,0.9999480027038595,1.0001478987489985,0.9999480027038594,0.9999480027038594,1.000147958455105,1.0000479606754655,0.9999480027038594,0.9999480027038595,0.9999480027038595,1.0000478910737745,0.9999480027038594,1.0000480303742205,0.9999480027038594,0.9999480027038594,0.9999480027038594,0.9999480027038595,1.0000480004914272,0.9999480027038594,1.0000479407793725,0.9999480027038594,0.9999480027038594,0.9999480027038594,0.9999480027038594,1.0000480004914272,0.9999480027038595,1.0000480303742205,1.0000481301126494,1.0000480702457384,1.0001482375558546,1.0000479805794822,0.9999480027038594,1.0001480779743825,0.9999480027038595,0.9999480027038595,0.9999480027038595,0.9999480027038594,0.9999480027038594,0.9999480027038593,1.0001478390785372,0.9999480027038595,0.9999480027038595,0.9999480027038594,0.9999480027038594,0.9999480027038594,0.9999480027038594,1.0000480004914272,0.9999480027038594,0.9999480027038594,0.9999480027038594,0.9999480027038594,0.9999480027038594,1.0001480580445816,0.9999480027038594,0.9999480027038595,1.0000479308342958,1.000048040339121,0.9999480027038595,0.9999480027038595,0.9999480027038595,1.0001479385491068,0.9999480027038595,0.9999480027038594,1.0000479208911983,0.9999480027038595,1.000047950726429,1.0001476999859027,1.0000480104503742,0.9999480027038595,0.9999480027038594,0.9999480027038594,1.0001477794436895,0.9999480027038594,0.9999480027038594,0.9999480027038595,1.0000480901934194,0.9999480027038594,0.9999480027038595,1.000047970626483,0.9999480027038594,0.9999480027038594,0.9999480027038594,1.0001478788548857,1.0000479606754655,1.0001479783650673,0.9999480027038595,1.0000480602748791,0.9999480027038595,0.9999480027038594,1.0000479407793725,0.9999480027038595,0.9999480027038595,1.000047950726429,1.0000479905344635,1.0000480204113051,1.0001479783650673,1.000048050306007,1.000047950726429,1.000047970626483,0.9999480027038595,1.0000481001702424
25,0.8392179646538225,0.8392179646538226,0.8392179646538226,1.2516151115646954,0.8392179646538226,1.2513277554002145,0.8392179646538225,0.8392179646538225,0.8392179646538226,0.8392179646538225,1.2518206114385795,0.8392179646538226,1.2516151115646954,0.8392179646538226,0.8392179646538226,0.8392179646538225,0.8392179646538225,1.2513277554002145,1.251245727177534,1.663191485967038,1.2516151115646954,0.8392179646538224,1.2514098162904466,0.8392179646538225,0.8392179646538226,0.8392179646538226,0.8392179646538226,0.8392179646538226,1.251985158855044,1.2514098162904466,0.8392179646538226,1.2516561951617178,0.8392179646538226,1.2514919098677493,0.8392179646538225,0.8392179646538225,2.07444072681342,0.8392179646538224,0.8392179646538225,0.8392179646538225,0.8392179646538226,0.8392179646538226,0.8392179646538226,1.2514098162904466,0.8392179646538226,0.8392179646538225,0.8392179646538225,0.8392179646538226,0.8392179646538226,0.8392179646538225,0.8392179646538224,0.8392179646538226,0.8392179646538226,0.8392179646538225,1.2512047253104304,1.2516561951617178,0.8392179646538226,1.6632734897012451,0.8392179646538225,0.8392179646538225,1.2514919098677493,0.8392179646538226,0.8392179646538225,0.8392179646538226,1.6633555097594765,1.2508770039138655,0.8392179646538224,1.2512867372066494,0.8392179646538225,0.8392179646538224,0.8392179646538225,1.2514098162904466,0.8392179646538225,0.8392179646538226,0.8392179646538225,2.0762861791473237,0.8392179646538227,1.6635195988675109,0.8392179646538226,0.8392179646538226,1.2513277554002145,1.6632734897012451,0.8392179646538226,0.8392179646538225,0.8392179646538225,0.8392179646538226,0.8392179646538226,0.8392179646538224,0.8392179646538227,0.8392179646538226,0.8392179646538226,1.2512867372066494,0.8392179646538225,0.8392179646538225,0.8392179646538225,0.8392179646538225,0.8392179646538226,1.251368781760667,1.2514508589919935,0.8392179646538224
26,0.9999710008409756,1.000070951162283,0.9999710008409756,0.9999710008409757,0.9999710008409756,1.0000709611115486,0.9999710008409756,0.9999710008409757,1.000070951162283,0.9999710008409757,0.9999710008409756,1.0000710308119065,0.9999710008409757,0.9999710008409757,0.9999710008409757,1.000171001015876,0.9999710008409756,0.9999710008409756,0.9999710008409758,0.9999710008409757,1.0000710308119065,0.9999710008409757,0.9999710008409756,0.9999710008409756,0.9999710008409758,0.9999710008409757,1.0000711305526293,0.9999710008409757,0.9999710008409756,0.9999710008409756,0.9999710008409756,0.9999710008409756,0.9999710008409757,0.9999710008409756,1.000071000928426,0.9999710008409756,0.9999710008409757,0.9999710008409756,0.9999710008409758,1.0000708915082566,0.9999710008409756,1.0000710706843412,0.9999710008409757,0.9999710008409756,1.0000710308119065,0.9999710008409756,1.000071020848762,0.9999710008409756,1.0000709312696923,0.9999710008409758,0.9999710008409757,0.9999710008409757,0.9999710008409757,0.9999710008409757,0.9999710008409757,0.9999710008409756,0.9999710008409756,0.9999710008409758,0.9999710008409757,0.9999710008409757,0.9999710008409756,0.9999710008409756,1.0001708418117565,1.0000710407770361,1.0001709014835902,1.0000708517784493,0.9999710008409757,0.9999710008409757,0.9999710008409758,1.0000710108876019,0.9999710008409757,0.9999710008409756,0.9999710008409756,1.0000710407770361,1.000071090632481,0.9999710008409756,0.9999710008409758,0.9999710008409757,0.9999710008409756,0.9999710008409757,1.0000709611115486,1.0000709412149977,0.9999710008409756,0.9999710008409757,1.000071090632481,0.9999710008409756,0.9999710008409757,1.0000710108876019,0.9999710008409758,0.9999710008409757,0.9999710008409756,0.9999710008409757,1.0000709909712329,0.9999710008409756,0.9999710008409757,0.9999710008409757,0.9999710008409757,0.9999710008409757,0.9999710008409757,1.0000711006095335
27,0.7335565440643215,0.7335565440643215,2.2570463337032574,2.256591062324742,0.7335565440643215,0.7335565440643215,1.4957571187809895,0.7335565440643215,0.7335565440643215,0.7335565440643215,0.7335565440643215,0.7335565440643215,0.7335565440643215,1.4950738031945319,0.7335565440643215,0.7335565440643215,0.7335565440643215,2.2555298198772182,1.4943917117004861,1.4943159991750967,0.7335565440643215,0.7335565440643216,0.7335565440643215,2.2561360629665677,1.4940889519839573,0.7335565440643215,0.7335565440643215,0.7335565440643215,0.7335565440643215,0.7335565440643215,0.7335565440643215,1.4951496666393544,0.7335565440643215,0.7335565440643215,3.778715581868815,0.7335565440643215,0.7335565440643215,0.7335565440643215,0.7335565440643216,0.7335565440643215,0.7335565440643215,0.7335565440643215,0.7335565440643215,0.7335565440643215,0.7335565440643215,0.7335565440643215,0.7335565440643215,0.7335565440643215,0.7335565440643216,0.7335565440643216,0.7335565440643216,1.4950738031945319,0.7335565440643215,0.7335565440643216,0.7335565440643216,0.7335565440643215,2.2567427892143876,0.7335565440643216,1.4955292107052247,0.7335565440643216,1.4948463035154447,1.494694712563742,2.254924059369432,0.7335565440643215,1.4944674392975434,0.7335565440643215,0.7335565440643216,0.7335565440643215,0.7335565440643216,0.7335565440643216,0.7335565440643215,0.7335565440643215,0.7335565440643215,0.7335565440643215,0.7335565440643215,1.494997954861949,0.7335565440643216,1.4946189397246679,0.7335565440643215,0.7335565440643216,0.7335565440643215,1.4943917117004861,1.49454318197077,0.7335565440643215,0.7335565440643215,0.7335565440643215,0.7335565440643215,1.4949221216370912,1.4943917117004861,0.7335565440643215,0.7335565440643215,0.7335565440643215,0.7335565440643215,0.7335565440643215,0.7335565440643215,0.7335565440643216,0.7335565440643215,0.7335565440643216,1.4947705004924983,1.4956051649184066
28,1.0000700008874261,0.9999700008999731,0.999970000899973,0.999970000899973,0.999970000899973,0.9999700008999731,0.999970000899973,0.9999700008999731,1.000069951121333,0.9999700008999731,0.999970000899973,0.999970000899973,0.999970000899973,0.999970000899973,1.000070070643272,1.0001700008748793,1.0000700008874261,0.9999700008999731,0.9999700008999731,1.0000699312287624,0.999970000899973,1.0000700108465923,0.999970000899973,0.9999700008999731,1.0000699014047485,1.000070030770877,0.9999700008999729,0.999970000899973,1.0000701205284879,0.999970000899973,0.9999700008999731,0.9999700008999731,1.000169901342693,0.9999700008999731,0.9999700008999731,0.999970000899973,1.0000698715985314,0.999970000899973,1.000069921285446,0.9999700008999731,0.9999700008999731,0.999970000899973,0.999970000899973,0.999970000899973,0.999970000899973,0.9999700008999731,1.0000700208077424,0.999970000899973,0.999970000899973,0.999970000899973,0.999970000899973,0.999970000899973,1.0001700606417807,0.9999700008999731,1.0000699312287624,0.9999700008999731,0.9999700008999731,0.9999700008999731,0.9999700008999731,1.000169941143677,0.9999700008999731,0.999970000899973,1.000069921285446,0.9999700008999731,0.9999700008999731,1.0000698517375988,0.999970000899973,1.000069951121333,0.999970000899973,0.999970000899973,1.0000698914673662,0.999970000899973,1.0000701404965031,0.9999700008999731,0.9999700008999731,0.999970000899973,1.000069941174058,0.999970000899973,0.999970000899973,0.999970000899973,1.0000699610705888,0.9999700008999731,0.9999700008999731,0.9999700008999731,0.9999700008999731,0.999970000899973,0.9999700008999731,0.999970000899973,0.9999700008999731,0.9999700008999731,0.9999700008999731,0.9999700008999731,0.9999700008999731,1.0000700208077424,0.9999700008999731,0.9999700008999731,1.000069951121333,0.999970000899973,0.9999700008999731,0.999970000899973
29,0.932427791802244,1.0859291505036939,0.9324277918022439,0.932427791802244,0.932427791802244,0.9324277918022439,0.9324277918022439,1.086143345562183,0.9324277918022439,0.9324277918022439,1.086128026093002,0.932427791802244,0.932427791802244,0.932427791802244,1.0861127096770289,0.932427791802244,1.0860055801784108,1.0859444303522605,1.0859138736964982,1.2393694080572877,1.0860514745269643,1.0860208752474652,0.932427791802244,0.932427791802244,1.0858527968632734,0.932427791802244,0.9324277918022439,1.0861127096770289,0.9324277918022439,0.932427791802244,0.9324277918022439,0.932427791802244,1.0859291505036939,0.932427791802244,0.932427791802244,1.2396445549244488,0.9324277918022439,0.9324277918022439,0.9324277918022439,0.9324277918022439,0.932427791802244,1.239797627551814,0.932427791802244,0.932427791802244,1.2396751572516849,0.932427791802244,0.932427791802244,0.932427791802244,1.085898599929766,1.085883329202589,0.932427791802244,1.0860514745269643,0.932427791802244,0.9324277918022439,1.085898599929766,0.932427791802244,1.08606677873923,0.932427791802244,0.9324277918022439,0.932427791802244,0.932427791802244,0.932427791802244,0.9324277918022439,0.932427791802244,0.9324277918022439,0.932427791802244,0.932427791802244,0.9324277918022439,0.9324277918022439,0.932427791802244,0.9324277918022439,1.3930694139269357,0.9324277918022439,1.08606677873923,0.9324277918022439,0.932427791802244,0.932427791802244,1.0859597132431067,0.932427791802244,1.085898599929766,1.0859444303522605,0.932427791802244,1.0859444303522605,0.9324277918022438,1.086143345562183,1.0860973963133507,1.0859291505036939,0.932427791802244,1.392886037485007,0.9324277918022439,0.932427791802244,0.9324277918022439,0.9324277918022438,0.932427791802244,0.9324277918022438,1.2397363801998662,1.0859291505036939,0.932427791802244,1.0859902881552725,1.0861586680854844
30,0.9999540021159028,1.0001538993603627,0.9999540021159027,0.9999540021159028,0.9999540021159027,0.9999540021159028,0.9999540021159026,1.00005409020596,0.9999540021159028,1.0000538910851204,0.9999540021159026,0.9999540021159028,0.9999540021159028,0.9999540021159028,0.9999540021159028,1.0000540005034295,0.9999540021159028,1.0000539606872292,0.9999540021159027,1.0000539308458802,0.9999540021159028,0.9999540021159027,0.9999540021159027,0.9999540021159028,0.9999540021159027,0.9999540021159028,0.9999540021159027,0.9999540021159028,1.0001542381692516,1.0001539590668276,0.9999540021159028,0.9999540021159026,0.9999540021159028,0.9999540021159028,1.0001539988909565,0.9999540021159027,1.0000538712166034,1.000054100182843,1.000053920902723,1.0000538910851204,1.0000540403513625,1.0000540702581593,0.9999540021159028,0.9999540021159027,1.0000540303864023,0.9999540021159028,0.9999540021159027,0.9999540021159027,1.0000539308458802,1.000053920902723,1.0000540104624365,1.0000540303864023,1.0000540303864023,0.9999540021159027,0.9999540021159027,1.0000540403513625,0.9999540021159026,0.9999540021159027,0.9999540021159027,0.9999540021159027,0.9999540021159028,1.0000539805913653,0.9999540021159028,1.0001540785868221,0.9999540021159028,1.0000538513559885,0.9999540021159027,0.9999540021159028,1.0000538811498738,1.0001540188089701,1.0000538910851204,0.9999540021159027,0.9999540021159027,1.0001540785868221,1.00005409020596,0.9999540021159027,1.0000539407910167,0.9999540021159027,0.9999540021159027,0.9999540021159027,1.0000539606872292,0.9999540021159027,1.0000539606872292,0.9999540021159028,0.9999540021159027,1.0000540602872403,1.0000539507381327,1.0000540104624365,0.9999540021159027,0.9999540021159028,0.9999540021159026,0.9999540021159028,0.9999540021159028,1.0000540204234272,0.9999540021159028,1.0000540503183084,1.0000539507381327,0.9999540021159027,0.9999540021159028,0.9999540021159027
31,0.9497875278543109,0.949787527854311,0.9497875278543109,0.9497875278543108,1.0819032473801482,0.9497875278543109,0.9497875278543109,0.9497875278543108,0.949787527854311,1.0817849701021485,0.9497875278543108,0.9497875278543108,0.9497875278543108,0.9497875278543108,0.9497875278543108,1.3462136243243898,1.0819295600110037,1.2139663625979922,0.9497875278543109,0.9497875278543108,1.0819690486150948,0.9497875278543108,1.0819032473801482,1.0819295600110037,1.081798101562778,0.9497875278543108,0.9497875278543109,0.9497875278543108,0.9497875278543109,0.9497875278543109,0.9497875278543109,1.0819822167283408,1.213940068297729,1.0819295600110037,1.0819295600110037,0.9497875278543106,1.0817587150166692,0.9497875278543109,0.9497875278543109,0.949787527854311,0.9497875278543109,1.0820217368147007,0.9497875278543108,0.9497875278543109,0.9497875278543108,1.0819295600110037,0.9497875278543106,1.0819032473801482,1.2138874953968546,1.081824372323715,0.9497875278543108,0.9497875278543108,0.9497875278543108,0.9497875278543108,0.9497875278543108,0.9497875278543109,0.9497875278543109,1.0818506535427572,0.9497875278543108,0.9497875278543108,0.9497875278543109,0.9497875278543109,0.9497875278543109,0.9497875278543109,1.213940068297729,0.9497875278543108,1.2140979126601092,1.08186379807602,1.0817718412537052,0.9497875278543108,0.949787527854311,1.0819032473801482,0.9497875278543109,1.0819822167283408,0.9497875278543108,0.9497875278543106,0.9497875278543109,1.0818900949939336,0.9497875278543109,0.9497875278543108,0.9497875278543109,0.9497875278543109,1.0818769452261514,0.9497875278543108,0.9497875278543108,1.082008560827359,0.949787527854311,0.9497875278543108,0.9497875278543109,0.949787527854311,1.0819822167283408,0.949787527854311,1.0819164023855774,0.9497875278543106,0.9497875278543108,0.9497875278543108,0.949787527854311,0.9497875278543108,0.9497875278543108,0.9497875278543109
32,0.9917896411149411,0.9917896411149411,1.0092694557040005,1.0092642321315566,0.9917896411149413,0.9917896411149411,0.9917896411149412,0.9917896411149413,0.9917896411149411,0.9917896411149411,0.9917896411149411,0.9917896411149413,0.9917896411149413,0.9917896411149413,0.9917896411149411,0.9917896411149411,0.9917896411149411,1.0092520559283793,0.9917896411149411,0.9917896411149413,0.9917896411149413,0.9917896411149411,1.0267214251085297,1.0092590116801474,0.9917896411149411,0.9917896411149413,0.9917896411149412,0.9917896411149411,0.9917896411149412,0.9917896411149413,0.9917896411149411,0.9917896411149413,1.009250317855839,0.9917896411149411,1.0092590116801474,1.0267353421539451,0.9917896411149412,0.9917896411149412,1.0267005703121155,1.0092398966820157,1.0092659729754514,0.9917896411149411,0.9917896411149413,1.0092555331117354,1.0092642321315566,0.9917896411149411,0.9917896411149411,1.0092555331117354,1.0092468427485168,1.0092451057135283,1.009260751484008,0.9917896411149413,0.9917896411149413,1.0092677141662316,0.9917896411149413,1.0267423048359616,1.0092659729754514,1.026707519143564,1.0267597236856183,0.9917896411149411,0.9917896411149411,0.9917896411149413,0.9917896411149413,0.9917896411149413,1.009250317855839,0.9917896411149411,0.9917896411149411,1.009250317855839,1.0266866809430297,0.9917896411149411,1.0092398966820157,0.9917896411149413,0.9917896411149412,1.0442186366964716,0.9917896411149413,0.9917896411149411,0.9917896411149411,1.009253794346977,0.9917896411149413,1.0092468427485168,1.0092520559283793,0.9917896411149411,0.9917896411149411,0.9917896411149413,0.9917896411149413,1.0267492702930603,1.009250317855839,0.9917896411149411,1.0092485801292526,0.9917896411149411,1.0092659729754514,1.009250317855839,0.9917896411149413,0.9917896411149411,0.9917896411149413,1.0092677141662316,0.9917896411149411,0.9917896411149411,0.9917896411149413,1.0092764253270425
33,0.7891745248335227,0.7891745248335226,0.7891745248335226,0.7891745248335227,0.7891745248335227,1.290955065125398,1.2917555126472995,0.7891745248335227,0.7891745248335226,0.7891745248335227,0.7891745248335226,0.7891745248335227,1.2913049469644302,1.7934353690953375,0.7891745248335227,0.7891745248335227,2.295115763960842,1.290955065125398,0.7891745248335227,0.7891745248335226,0.7891745248335227,1.2912049309456808,0.7891745248335227,0.7891745248335227,1.2906555542577347,0.7891745248335227,1.2918056254190426,0.7891745248335227,1.2917555126472995,0.7891745248335227,0.7891745248335227,0.7891745248335227,1.792635718776427,0.7891745248335227,0.7891745248335227,0.7891745248335227,1.290505932866559,0.7891745248335226,1.2907553514775205,1.7920368162434857,0.7891745248335227,0.7891745248335227,0.7891745248335227,1.7929354383684053,0.7891745248335227,1.7931353509184025,0.7891745248335227,1.291054981600964,0.7891745248335226,0.7891745248335226,0.7891745248335226,0.7891745248335227,0.7891745248335227,0.7891745248335226,0.7891745248335226,0.7891745248335227,2.2957158600911973,0.7891745248335227,0.7891745248335227,1.2910050183897377,0.7891745248335227,0.7891745248335227,1.2907553514775205,0.7891745248335227,1.792635718776427,1.2904062348635694,0.7891745248335226,0.7891745248335226,0.7891745248335226,0.7891745248335226,0.7891745248335227,0.7891745248335227,0.7891745248335226,0.7891745248335227,0.7891745248335227,0.7891745248335227,0.7891745248335227,1.2910050183897377,0.7891745248335227,0.7891745248335226,0.7891745248335227,1.290855188425499,0.7891745248335227,0.7891745248335226,0.7891745248335227,1.7937355666374646,0.7891745248335226,0.7891745248335226,0.7891745248335227,1.290905121804975,0.7891745248335227,1.792635718776427,1.2911049547620481,0.7891745248335227,1.2911049547620481,0.7891745248335226,1.290905121804975,0.7891745248335226,0.7891745248335226,0.7891745248335226
34,0.9811299864490505,1.026037572481057,1.026086793629558,1.0260733589825273,0.9811299864490505,1.0260420426767605,1.026113687033654,1.0261002363108638,0.9811299864490505,1.0260107699826795,1.026095754523953,0.9811299864490505,0.9811299864490505,0.9811299864490505,1.0710525608114965,1.026059932362571,0.9811299864490505,0.9811299864490505,1.0260331031751226,0.9811299864490505,0.9811299864490505,0.9811299864490506,1.1158929843175012,1.0709898782760914,0.9811299864490504,0.9811299864490505,1.0261181723961612,1.0710525608114965,0.9811299864490505,1.026050985738534,0.9811299864490505,0.9811299864490505,0.9811299864490505,0.9811299864490505,0.9811299864490505,1.026068882551,1.070873699400532,0.9811299864490504,0.9811299864490504,1.0260107699826795,0.9811299864490505,0.9811299864490505,1.0260733589825273,0.9811299864490505,0.9811299864490505,1.026059932362571,0.9811299864490505,0.9811299864490505,0.9811299864490505,0.9811299864490504,0.9811299864490506,0.9811299864490505,0.9811299864490505,0.9811299864490505,0.9811299864490505,0.9811299864490505,0.9811299864490505,1.0260331031751226,0.9811299864490505,0.9811299864490506,0.9811299864490505,0.9811299864490505,0.9811299864490504,1.0260778363059515,0.9811299864490505,0.9811299864490506,0.9811299864490506,1.070945158513064,1.02600630600978,0.9811299864490506,1.0260107699826795,0.9811299864490505,0.9811299864490505,1.0710256861628527,0.9811299864490505,0.9811299864490505,0.9811299864490504,1.0260465137624972,1.026050985738534,0.9811299864490505,1.0260420426767605,0.9811299864490504,0.9811299864490505,0.9811299864490506,1.0261002363108638,0.9811299864490504,0.9811299864490505,0.9811299864490506,0.9811299864490504,0.9811299864490505,1.0260778363059515,0.9811299864490505,0.9811299864490506,1.026068882551,0.9811299864490506,0.9811299864490505,0.9811299864490505,0.9811299864490506,1.0260554586051367,0.9811299864490504
35,1.0474821506281418,0.9696440461062108,0.9696440461062109,1.0475054113427114,0.9696440461062107,0.9696440461062109,0.9696440461062107,0.9696440461062109,1.0474434136397262,1.0473969801168772,0.9696440461062107,0.9696440461062107,0.9696440461062107,0.9696440461062107,0.9696440461062109,0.9696440461062109,0.9696440461062109,1.0474511579526402,0.9696440461062108,0.9696440461062108,0.9696440461062107,0.9696440461062109,1.0474666512047002,0.9696440461062109,0.9696440461062108,0.9696440461062107,1.0475830475629093,0.9696440461062109,0.9696440461062107,1.0474666512047002,0.9696440461062109,0.9696440461062107,0.9696440461062108,1.0474821506281418,1.1253202551500723,0.9696440461062109,0.9696440461062108,0.9696440461062109,1.047420189947925,0.9696440461062108,1.0475131680039222,1.0475364472630846,1.0475054113427114,1.1252892563031898,0.9696440461062107,0.9696440461062109,0.9696440461062109,0.9696440461062107,0.9696440461062108,1.047420189947925,0.9696440461062109,1.1253667765792117,0.9696440461062107,0.9696440461062109,0.9696440461062108,1.125382289901634,0.9696440461062107,0.9696440461062108,0.9696440461062109,0.9696440461062109,0.9696440461062109,0.9696440461062107,1.047420189947925,0.9696440461062107,0.9696440461062108,0.9696440461062108,0.9696440461062109,0.9696440461062108,1.1251344470628906,0.9696440461062109,1.0473969801168772,1.2031118614016794,0.9696440461062109,1.0475131680039222,0.9696440461062109,0.9696440461062109,0.9696440461062108,0.9696440461062109,1.0474666512047002,1.0474279296378286,0.9696440461062109,0.9696440461062108,0.9696440461062109,1.0474744001447678,0.9696440461062109,0.9696440461062109,1.0474434136397262,1.0474899026552826,0.9696440461062108,1.0474434136397262,1.0475131680039222,0.9696440461062108,0.9696440461062107,0.9696440461062109,0.9696440461062107,0.9696440461062109,0.9696440461062108,1.047458903807478,0.9696440461062107,1.0475597404452488
36,1.0000450005124246,0.9999450030248336,0.9999450030248337,1.0000450303951283,0.9999450030248336,1.0000449606965824,0.9999450030248337,1.0000450902141478,1.0000449507475755,0.9999450030248337,0.9999450030248337,1.0001450577654227,0.9999450030248337,0.9999450030248337,0.9999450030248336,1.0000450005124246,0.9999450030248337,1.000144918368331,0.9999450030248337,0.9999450030248338,0.9999450030248337,1.00014501791785,1.0000449806005394,0.9999450030248337,0.9999450030248338,1.0000450303951283,0.9999450030248336,1.0000450702665264,1.0000451201504954,0.9999450030248336,0.9999450030248337,1.0000450403599987,1.0000449507475755,0.9999450030248337,0.9999450030248337,1.0000450204322426,0.9999450030248338,1.000045100190941,1.0000449209124345,1.0000448910951,0.9999450030248336,0.9999450030248336,1.0000450303951283,0.9999450030248336,1.0000450303951283,1.0000450005124246,1.000145037839652,1.0000449806005394,0.9999450030248338,0.9999450030248336,0.9999450030248336,1.0000450303951283,0.9999450030248337,1.000045050326855,1.0000449308555022,0.9999450030248336,0.9999450030248336,1.000044940800549,0.9999450030248337,0.9999450030248337,1.0000450005124246,0.9999450030248336,0.9999450030248336,1.000245115030329,1.0000449507475755,1.000144699707818,0.9999450030248336,0.9999450030248336,0.9999450030248337,0.9999450030248336,0.9999450030248337,1.0000449806005394,0.9999450030248337,1.0000450403599987,1.0000450902141478,1.0000450204322426,1.0001448785762643,0.9999450030248337,0.9999450030248336,0.9999450030248338,1.000144918368331,0.9999450030248337,1.000144918368331,1.0002449656168044,0.9999450030248337,0.9999450030248337,0.9999450030248336,0.9999450030248336,1.000044940800549,0.9999450030248336,0.9999450030248336,0.9999450030248336,0.9999450030248337,0.9999450030248337,0.9999450030248337,1.000045050326855,1.0000449507475755,0.9999450030248337,0.9999450030248337,0.9999450030248336
37,0.8338245340575375,1.3528799366758537,0.8338245340575374,0.8338245340575374,0.8338245340575374,0.8338245340575376,0.8338245340575375,0.8338245340575375,0.8338245340575375,1.352570145328424,0.8338245340575376,0.8338245340575374,0.8338245340575374,1.3532935678364222,0.8338245340575375,0.8338245340575375,0.8338245340575375,0.8338245340575376,0.8338245340575375,0.8338245340575376,1.3532935678364222,0.8338245340575374,0.8338245340575374,0.8338245340575375,0.8338245340575375,0.8338245340575374,0.8338245340575376,0.8338245340575375,0.8338245340575375,1.353034971144975,0.8338245340575376,0.8338245340575375,1.8719353392941698,1.3531383789197384,1.3531383789197384,1.3532418278928184,0.8338245340575375,0.8338245340575375,0.8338245340575375,1.352570145328424,0.8338245340575375,0.8338245340575375,0.8338245340575374,1.353034971144975,0.8338245340575374,0.8338245340575375,0.8338245340575375,0.8338245340575374,0.8338245340575376,0.8338245340575375,0.8338245340575374,1.3532935678364222,0.8338245340575374,2.3925421678443923,0.8338245340575376,1.3533453180888408,1.3533453180888408,1.3528282790919943,0.8338245340575375,1.3529832826992718,0.8338245340575375,0.8338245340575374,0.8338245340575375,0.8338245340575375,1.3528799366758537,0.8338245340575375,0.8338245340575374,0.8338245340575375,0.8338245340575376,0.8338245340575374,0.8338245340575375,1.353034971144975,1.353863388276347,0.8338245340575375,0.8338245340575375,1.3532418278928184,0.8338245340575375,0.8338245340575375,0.8338245340575374,0.8338245340575376,0.8338245340575376,0.8338245340575375,0.8338245340575376,0.8338245340575375,0.8338245340575375,0.8338245340575374,0.8338245340575375,0.8338245340575374,2.390835769160908,1.3528799366758537,0.8338245340575375,1.3528799366758537,0.8338245340575375,1.8726591217280997,0.8338245340575375,0.8338245340575375,0.8338245340575375,1.3529832826992718,0.8338245340575375,0.8338245340575375
38,0.9325553030495536,0.9325553030495536,0.9325553030495537,0.9325553030495537,0.9325553030495536,0.9325553030495536,0.9325553030495536,1.0675697314728503,0.9325553030495536,1.0673011262238234,0.9325553030495536,1.067489037522204,1.067489037522204,0.9325553030495537,1.0675428227676338,0.9325553030495536,0.9325553030495536,1.067395016405211,0.9325553030495537,1.2021542204285833,0.9325553030495537,0.9325553030495536,0.9325553030495536,0.9325553030495536,1.0673145311007808,0.9325553030495537,0.9325553030495536,1.0675428227676338,1.3377197378564136,1.0674218662087467,0.9325553030495536,0.9325553030495537,1.0673815955120733,1.0674487267072847,0.9325553030495536,0.9325553030495537,0.9325553030495537,0.9325553030495536,0.9325553030495537,0.9325553030495537,1.2024496565803238,0.9325553030495537,0.9325553030495537,0.9325553030495536,0.9325553030495537,1.0674487267072847,1.0674755979072164,0.9325553030495536,1.0673547617390686,1.067341348857607,1.0674621609691768,0.9325553030495537,0.9325553030495537,1.0675159247862214,0.9325553030495536,1.0675024798149386,1.0675024798149386,1.0673681772902917,0.9325553030495537,0.9325553030495536,0.9325553030495536,1.0674218662087467,0.9325553030495537,1.0675024798149386,1.0673815955120733,0.9325553030495537,0.9325553030495536,0.9325553030495536,0.9325553030495535,1.0674621609691768,1.0673011262238234,1.0674218662087467,1.0676370501946408,0.9325553030495537,0.9325553030495537,0.9325553030495537,1.0673681772902917,0.9325553030495536,0.9325553030495536,0.9325553030495536,0.9325553030495536,1.0673681772902917,0.9325553030495536,1.0674352951207409,0.9325553030495537,1.0675293724368529,1.0673815955120733,0.9325553030495536,0.9325553030495537,0.9325553030495536,0.9325553030495537,0.9325553030495536,0.9325553030495536,0.9325553030495537,1.2023152871919285,1.0675159247862214,0.9325553030495536,1.4719678507333507,1.2023152871919285,1.202611076648225
39,0.9999470028088511,0.9999470028088512,0.9999470028088512,0.9999470028088512,1.0001469583601517,1.0000469606805047,0.9999470028088512,1.0001471775878068,0.9999470028088512,1.0000468910788831,1.0000470802235044,0.9999470028088512,1.0000470303791897,1.0001470579495286,0.9999470028088512,0.9999470028088511,0.9999470028088511,0.9999470028088512,0.9999470028088513,1.0001468588698783,0.9999470028088512,1.0000470104553636,0.9999470028088512,0.9999470028088511,1.0000469010160369,0.9999470028088512,1.0000471301175191,0.9999470028088512,0.9999470028088512,0.9999470028088512,1.0000469606805047,0.9999470028088512,1.000046950731478,1.0000470004964264,1.0000470004964264,1.0001470380237178,1.0000468712105053,0.9999470028088512,1.0001468389837032,0.9999470028088512,0.9999470028088512,1.0000470702506679,1.0000470303791897,1.0000469805845014,0.9999470028088512,0.9999470028088511,0.9999470028088513,1.0000469805845014,0.9999470028088513,0.9999470028088512,0.9999470028088511,0.9999470028088512,0.9999470028088512,1.0000470503109564,0.9999470028088513,0.9999470028088512,0.9999470028088512,1.0000469407844315,0.9999470028088511,1.0000469706315123,1.000246995871577,0.9999470028088512,0.9999470028088512,0.9999470028088512,0.9999470028088512,1.0000468513500294,1.0000470104553636,1.000046950731478,1.0000468811437062,0.9999470028088511,1.0000468910788831,1.0000469805845014,0.9999470028088512,0.9999470028088512,0.9999470028088511,0.9999470028088513,1.0000469407844315,1.0000469706315123,1.0000469805845014,0.9999470028088513,0.9999470028088512,0.9999470028088513,1.0000469606805047,1.0000469905394727,0.9999470028088511,0.9999470028088512,1.0001468986541047,0.9999470028088511,1.0000469407844315,1.000046950731478,1.0000470403440804,0.9999470028088512,0.9999470028088512,0.9999470028088513,0.9999470028088512,1.0000470503109564,1.000046950731478,1.0000469706315123,0.9999470028088512,0.9999470028088512
40,0.9026071867952317,0.9026071867952317,1.1590649514860933,1.1589883130465999,0.9026071867952317,0.9026071867952318,0.9026071867952318,0.9026071867952316,0.9026071867952317,1.4146553567818003,0.9026071867952318,1.1589883130465999,1.1589883130465999,0.9026071867952318,1.1590905078154097,1.1589117203978494,0.9026071867952317,1.158809668025322,0.9026071867952317,0.9026071867952318,1.1589883130465999,1.415267305595647,0.9026071867952317,0.9026071867952317,0.9026071867952318,0.9026071867952318,1.4158807188397997,0.9026071867952317,0.9026071867952318,0.9026071867952317,0.9026071867952318,0.9026071867952317,0.9026071867952317,0.9026071867952317,0.9026071867952317,0.9026071867952318,0.9026071867952318,0.9026071867952317,0.9026071867952317,0.9026071867952317,0.9026071867952317,1.1590905078154097,0.9026071867952318,1.1588606840510547,0.9026071867952318,1.1589117203978494,0.9026071867952318,1.1588606840510547,0.9026071867952318,1.158707696888514,0.9026071867952317,0.9026071867952318,0.9026071867952318,0.9026071867952318,0.9026071867952318,0.9026071867952317,1.4154205214111883,0.9026071867952317,1.1591416357574051,0.9026071867952318,0.9026071867952317,0.9026071867952317,0.9026071867952317,0.9026071867952317,0.9026071867952317,0.9026071867952318,0.9026071867952317,1.1587841676290613,0.9026071867952317,0.9026071867952317,0.9026071867952317,1.1588606840510547,0.9026071867952317,1.1590138541032102,0.9026071867952316,1.15896277707785,1.6710616433350862,1.1588351734988143,1.1588606840510547,1.4148591773291128,0.9026071867952318,0.9026071867952317,0.9026071867952318,0.9026071867952318,0.9026071867952316,1.1590649514860933,1.1587841676290613,0.9026071867952317,0.9026071867952317,1.1587841676290613,1.4154205214111883,0.9026071867952317,0.9026071867952318,0.9026071867952318,0.9026071867952318,0.9026071867952318,0.9026071867952317,0.9026071867952318,0.9026071867952318,0.9026071867952317
41,1.1091617527041038,1.109078176284983,1.2773010125416293,0.9412232961227537,0.9412232961227537,1.1090948849133089,0.9412232961227537,0.9412232961227537,0.9412232961227537,1.1089779943212932,0.9412232961227537,0.9412232961227537,0.9412232961227537,0.9412232961227537,0.9412232961227536,1.2771002092854538,1.2771002092854538,1.1090948849133089,0.9412232961227537,0.9412232961227536,0.9412232961227537,0.9412232961227538,0.9412232961227537,0.9412232961227537,1.108994683009932,0.9412232961227537,1.10937944140044,0.9412232961227536,0.9412232961227537,1.1091283121512203,0.9412232961227536,0.9412232961227536,0.9412232961227537,0.9412232961227537,0.9412232961227537,1.1091952065799167,0.9412232961227536,0.9412232961227536,0.9412232961227537,0.9412232961227537,1.1092286737866226,0.9412232961227536,0.9412232961227537,0.9412232961227537,0.9412232961227537,0.9412232961227537,0.9412232961227537,0.9412232961227537,1.1090447690046241,0.9412232961227537,1.1091784779761467,0.9412232961227537,1.10921193851641,0.9412232961227537,0.9412232961227536,0.9412232961227536,1.1092286737866226,0.9412232961227537,1.1093124001783619,0.9412232961227537,0.9412232961227537,1.4449383442081531,1.1090280703506061,0.9412232961227536,0.9412232961227537,0.9412232961227536,0.9412232961227538,0.9412232961227537,0.9412232961227537,0.9412232961227538,1.1089779943212932,0.9412232961227537,0.9412232961227535,0.9412232961227536,0.9412232961227537,1.1091952065799167,0.9412232961227537,0.9412232961227537,0.9412232961227537,0.9412232961227536,0.9412232961227536,1.109061470982419,0.9412232961227536,0.9412232961227536,1.1093124001783619,0.9412232961227537,0.9412232961227537,1.1091784779761467,1.109061470982419,1.109078176284983,0.9412232961227536,1.109078176284983,0.9412232961227536,0.9412232961227537,0.9412232961227536,0.9412232961227537,0.9412232961227537,1.2769998976140264,0.9412232961227536,0.9412232961227536
42,0.839222369919288,1.2512798522037138,0.839222369919288,0.839222369919288,0.839222369919288,0.839222369919288,0.839222369919288,0.8392223699192881,1.6633373344881395,0.8392223699192881,0.839222369919288,1.6639940652099792,0.839222369919288,0.839222369919288,0.8392223699192881,0.839222369919288,1.6637476685672914,1.2513208692734215,1.2512388432982315,1.2511978425545378,0.839222369919288,0.8392223699192881,0.839222369919288,0.839222369919288,1.2510748892698276,0.839222369919288,0.8392223699192881,0.8392223699192881,0.839222369919288,0.839222369919288,1.2513208692734215,0.839222369919288,1.2512798522037138,0.839222369919288,1.2514850192432896,0.8392223699192879,0.839222369919288,1.2518959668602394,1.251156849970196,0.8392223699192881,0.839222369919288,0.8392223699192881,0.839222369919288,0.839222369919288,0.839222369919288,0.839222369919288,0.8392223699192879,0.839222369919288,0.8392223699192881,1.251156849970196,0.8392223699192881,1.2516082175646337,1.2516082175646337,1.2516903906935857,0.8392223699192881,0.839222369919288,0.839222369919288,1.2512388432982315,0.8392223699192881,1.2513618945097933,1.2514850192432896,1.6635834859112486,0.839222369919288,0.839222369919288,1.2512798522037138,0.8392223699192881,0.8392223699192881,0.839222369919288,2.07453414369439,0.8392223699192881,0.8392223699192881,0.839222369919288,0.839222369919288,0.839222369919288,0.8392223699192881,1.2515671432770197,0.8392223699192879,1.2513618945097933,0.839222369919288,0.8392223699192881,0.839222369919288,1.2512388432982315,0.839222369919288,0.8392223699192881,0.8392223699192881,0.839222369919288,0.839222369919288,0.8392223699192881,0.8392223699192879,0.839222369919288,1.251649300036007,0.839222369919288,1.2514439694922865,0.8392223699192879,0.8392223699192881,0.8392223699192881,2.075394816772565,0.8392223699192881,1.6636655690652853,0.8392223699192879
43,0.9999560019359149,0.9999560019359148,1.00005606030736,1.0001560588770093,0.9999560019359148,1.0001559194783844,0.9999560019359148,0.9999560019359147,1.0000559507580333,0.9999560019359148,1.0000560802512253,0.9999560019359148,0.9999560019359148,1.0000560304064623,0.9999560019359149,1.0000560005234298,0.9999560019359149,0.9999560019359148,1.0000559408108973,1.000055930865741,1.0000560304064623,0.9999560019359149,1.0000559806113254,1.0000560005234298,0.9999560019359148,1.0001560588770093,0.9999560019359148,0.9999560019359149,0.9999560019359148,1.0000559806113254,0.9999560019359148,0.9999560019359148,0.9999560019359148,0.9999560019359149,0.9999560019359149,1.0000560204434672,0.9999560019359149,0.9999560019359148,1.0000559209225641,0.9999560019359148,0.9999560019359148,0.9999560019359149,1.0001560588770093,0.9999560019359148,1.0000560304064623,1.0000560005234298,0.9999560019359148,0.9999560019359148,1.000055930865741,1.0000559209225641,1.0000560104824565,0.9999560019359148,1.0000560304064623,0.9999560019359148,0.9999560019359149,0.9999560019359148,0.9999560019359148,0.9999560019359149,1.0000560902261395,1.0000559706582468,0.9999560019359149,0.9999560019359148,1.0000559209225641,0.9999560019359148,1.0000559507580333,0.9999560019359147,0.9999560019359149,0.9999560019359148,0.9999560019359148,0.9999560019359149,0.9999560019359148,0.9999560019359148,0.9999560019359148,0.9999560019359148,0.9999560019359147,0.9999560019359148,1.0001558796858798,1.0000559706582468,1.0000559806113254,1.000055930865741,0.9999560019359148,0.9999560019359149,0.9999560019359148,0.9999560019359149,0.9999560019359147,0.9999560019359148,0.9999560019359148,0.9999560019359149,0.9999560019359149,0.9999560019359148,1.000256117242497,0.9999560019359148,1.0000559905663862,1.0000560204434672,1.0000559905663862,0.9999560019359148,0.9999560019359148,0.9999560019359148,1.0000559905663862,1.0000561002030426
44,0.878698309127765,1.1895827854853576,0.878698309127765,0.8786983091277651,0.878698309127765,0.878698309127765,0.878698309127765,0.878698309127765,0.878698309127765,1.1893972382001545,0.8786983091277651,0.8786983091277651,0.8786983091277651,0.8786983091277651,0.878698309127765,0.878698309127765,0.878698309127765,0.878698309127765,1.8112589183927126,0.878698309127765,0.8786983091277651,1.1897685545181376,1.1896756422584631,0.878698309127765,1.1894281473654025,0.8786983091277651,0.8786983091277651,0.878698309127765,0.878698309127765,0.878698309127765,1.1896137315809534,1.5010247355004949,0.878698309127765,1.5007768460655726,0.878698309127765,0.878698309127765,0.878698309127765,1.8127462558875531,0.878698309127765,0.878698309127765,0.878698309127765,0.878698309127765,0.8786983091277651,0.878698309127765,1.1898305268750238,0.878698309127765,1.1897995376103079,0.878698309127765,0.878698309127765,1.1894899841491313,0.878698309127765,0.8786983091277651,1.1898305268750238,1.1898925239294718,1.1895209117712848,0.878698309127765,0.878698309127765,0.878698309127765,0.878698309127765,0.878698309127765,1.1897375775966688,0.878698309127765,1.1894899841491313,0.878698309127765,1.1895827854853576,1.4998490168864866,1.1897685545181376,0.878698309127765,1.189366335183537,1.1897685545181376,0.878698309127765,0.878698309127765,0.8786983091277649,0.878698309127765,1.1900165921901322,0.878698309127765,1.5004053819710634,0.878698309127765,0.878698309127765,1.1895209117712848,0.878698309127765,0.878698309127765,0.878698309127765,0.878698309127765,0.878698309127765,0.878698309127765,0.878698309127765,0.878698309127765,1.1895518455494143,1.1895827854853576,0.878698309127765,0.878698309127765,0.878698309127765,1.1897995376103079,0.878698309127765,0.878698309127765,0.878698309127765,0.878698309127765,1.189706606844058,1.190047624714361
45,0.821514419513032,0.8215144195130321,0.821514419513032,0.8215144195130318,1.2464081596574157,0.821514419513032,0.8215144195130321,0.821514419513032,0.8215144195130321,1.2460277713493186,0.821514419513032,0.8215144195130318,0.8215144195130318,0.8215144195130318,0.821514419513032,1.2464927829874584,1.2464927829874584,0.821514419513032,0.8215144195130318,0.8215144195130321,0.8215144195130318,1.6715557950752646,1.2464081596574157,0.821514419513032,0.821514419513032,0.8215144195130318,1.247043657324398,1.2467892302763792,1.6724880438420828,0.821514419513032,1.246323570021711,1.2466621308111183,0.8215144195130321,0.821514419513032,1.2464927829874584,0.821514419513032,0.821514419513032,0.821514419513032,0.821514419513032,0.821514419513032,1.2466621308111183,0.821514419513032,0.8215144195130318,0.821514419513032,0.8215144195130318,1.2464927829874584,0.821514419513032,1.2464081596574157,1.6708790778890275,1.6707945639926718,1.6715557950752646,0.8215144195130318,0.8215144195130318,1.2467044888574763,2.5202437362650225,0.8215144195130321,0.8215144195130321,1.6709636086074164,0.821514419513032,0.821514419513032,0.821514419513032,0.821514419513032,0.821514419513032,0.8215144195130321,0.8215144195130321,1.245858928413319,0.821514419513032,0.8215144195130321,1.2459855480201125,1.6715557950752646,1.2460277713493186,0.821514419513032,0.8215144195130321,0.8215144195130321,0.821514419513032,0.821514419513032,0.8215144195130318,0.821514419513032,0.821514419513032,1.2461967487010297,0.821514419513032,1.2462390140602242,0.821514419513032,1.2464504671093863,0.821514419513032,0.821514419513032,1.2462812878329472,0.821514419513032,0.8215144195130318,0.8215144195130321,0.8215144195130321,0.8215144195130321,0.821514419513032,0.821514419513032,1.2464504671093863,0.8215144195130318,1.2462812878329472,0.821514419513032,1.2464504671093863,0.821514419513032
46,0.9999600015999361,0.999960001599936,0.999960001599936,0.9999600015999361,0.999960001599936,1.00005996077099,1.0000601202272945,1.0000600902904977,0.999960001599936,1.0000598911684635,0.9999600015999359,0.9999600015999361,0.9999600015999361,1.0000600304705811,1.0001601390852188,1.0000600005874292,1.0000600005874292,0.999960001599936,0.9999600015999361,1.000059930929462,1.0000600304705811,0.999960001599936,1.0000599806752455,1.0000600005874292,1.0000599011057465,1.0000600304705811,0.999960001599936,1.0000600703425775,0.999960001599936,1.0000599806752455,0.999960001599936,1.0000600404356013,0.999960001599936,0.9999600015999361,0.9999600015999361,0.999960001599936,0.999960001599936,0.999960001599936,1.0000599209862453,0.9999600015999361,1.0000600404356013,0.999960001599936,0.9999600015999361,0.999960001599936,1.0000600304705811,0.9999600015999361,0.999960001599936,0.999960001599936,0.999960001599936,0.9999600015999361,0.999960001599936,0.9999600015999361,0.9999600015999361,0.9999600015999359,0.999960001599936,0.999960001599936,1.0000600404356013,0.9999600015999361,0.999960001599936,0.9999600015999361,1.0000600005874292,0.999960001599936,1.0000599209862453,0.999960001599936,1.000059950821834,1.0000598514390935,0.999960001599936,0.999960001599936,1.0000598812331574,1.0000600105464958,0.9999600015999361,0.999960001599936,0.9999600015999359,1.0000600404356013,0.999960001599936,0.999960001599936,0.9999600015999361,1.000059970722127,0.999960001599936,0.999960001599936,1.00005996077099,0.9999600015999361,1.000159919942044,1.000059990630346,0.999960001599936,1.0000600603715986,1.000059950821834,0.999960001599936,0.9999600015999361,0.999960001599936,1.0000600404356013,1.000059950821834,0.999960001599936,0.999960001599936,0.999960001599936,1.000060050402607,1.000059950821834,0.9999600015999361,0.999960001599936,0.999960001599936
47,0.9999560019359149,0.9999560019359148,0.9999560019359148,0.9999560019359148,1.0000559806113254,0.9999560019359148,0.9999560019359148,1.0000560902261395,0.9999560019359148,1.0000558911049018,1.0001561585665355,0.9999560019359148,0.9999560019359148,1.0000560304064623,1.0000560702782988,1.0000560005234298,0.9999560019359149,1.0000559607071497,0.9999560019359149,1.000055930865741,0.9999560019359148,0.9999560019359149,0.9999560019359148,0.9999560019359149,1.0000559010421448,1.0001560588770093,0.9999560019359148,0.9999560019359149,0.9999560019359148,1.0001559592867362,0.9999560019359148,0.9999560019359148,1.0000559507580333,1.0000560005234298,0.9999560019359149,0.9999560019359148,1.000055871236345,0.9999560019359148,0.9999560019359149,1.0000558911049018,0.9999560019359148,1.000156138620683,0.9999560019359148,0.9999560019359148,1.0000560304064623,1.0000560005234298,0.9999560019359148,0.9999560019359148,1.000055930865741,1.0000559209225641,1.0000560104824565,0.9999560019359148,0.9999560019359148,0.9999560019359148,0.9999560019359149,0.9999560019359148,0.9999560019359148,0.9999560019359149,1.0000560902261395,0.9999560019359148,0.9999560019359149,1.0000559806113254,1.0001558399092134,0.9999560019359148,0.9999560019359148,1.0000558513756903,0.9999560019359149,1.0000559507580333,0.9999560019359148,0.9999560019359149,1.0000558911049018,0.9999560019359148,0.9999560019359148,0.9999560019359148,1.0000560902261395,0.9999560019359148,1.0001558796858798,0.9999560019359148,0.9999560019359148,1.000055930865741,0.9999560019359148,0.9999560019359149,0.9999560019359148,0.9999560019359149,1.0000560902261395,0.9999560019359148,0.9999560019359148,1.0000560104824565,1.0000559408108973,1.0000559507580333,0.9999560019359148,0.9999560019359148,1.0000559905663862,1.0000560204434672,0.9999560019359149,0.9999560019359148,0.9999560019359148,0.9999560019359148,1.0000559905663862,0.9999560019359148
48,0.9504040351103976,0.9504040351103976,1.0516838274926896,0.9504040351103975,0.9504040351103977,1.0515830114540847,0.9504040351103977,0.9504040351103977,0.9504040351103976,0.9504040351103977,0.9504040351103977,1.0516535615919875,0.9504040351103975,0.9504040351103975,0.9504040351103975,0.9504040351103976,1.355281149768307,1.152761987797772,0.9504040351103976,0.9504040351103977,1.0516535615919875,0.9504040351103976,1.0516031586019032,0.9504040351103976,0.9504040351103977,0.9504040351103975,1.0517545183438886,0.9504040351103975,1.0517444136097678,0.9504040351103977,0.9504040351103976,0.9504040351103976,1.0515729408881105,1.051623313774875,0.9504040351103976,0.9504040351103977,0.9504040351103975,1.0517242101850268,1.051542741214744,1.051512559565653,1.0516636482154664,0.9504040351103975,1.0516535615919875,0.9504040351103977,1.0516535615919875,0.9504040351103976,1.0516434769777963,0.9504040351103977,0.9504040351103977,1.051542741214744,0.9504040351103976,1.0516535615919875,1.0516535615919875,0.9504040351103976,0.9504040351103977,1.0516636482154664,0.9504040351103976,1.0515628723266277,0.9504040351103977,1.152782132939901,1.051623313774875,1.0516031586019032,1.051542741214744,0.9504040351103976,1.0515729408881105,0.9504040351103976,1.051633394372292,0.9504040351103976,0.9504040351103977,0.9504040351103976,1.1526210840209081,0.9504040351103977,1.0517646250933135,0.9504040351103976,0.9504040351103977,1.0516434769777963,1.2538805467590883,0.9504040351103975,0.9504040351103977,1.0515528057690384,1.0515830114540847,0.9504040351103976,1.0515830114540847,1.0516132351849452,0.9504040351103977,1.0516838274926896,0.9504040351103976,0.9504040351103976,0.9504040351103976,0.9504040351103976,0.9504040351103976,1.0515729408881105,0.9504040351103977,0.9504040351103977,1.152822435259493,0.9504040351103976,0.9504040351103976,0.9504040351103975,0.9504040351103977,0.9504040351103976
49,0.9701115922431818,0.9701115922431818,1.0299259320630891,1.0299080574720483,0.9701115922431819,1.0298663916093567,0.9701115922431818,1.0299438173436095,1.0896092959224075,1.0298247837713415,0.9701115922431819,0.9701115922431818,1.089704522700915,1.089704522700915,0.9701115922431818,0.9701115922431818,0.9701115922431818,0.9701115922431819,1.149340308733804,0.9701115922431818,0.9701115922431818,1.0298961470118893,0.9701115922431819,0.9701115922431818,1.0895498561573465,0.9701115922431818,1.0299676810289622,0.9701115922431818,0.9701115922431818,1.0298782902153634,0.9701115922431819,1.0299140144819336,1.0298604440827945,0.9701115922431818,0.9701115922431818,0.9701115922431818,1.029812906458258,0.9701115922431819,0.9701115922431818,0.9701115922431818,0.9701115922431818,0.9701115922431818,0.9701115922431818,0.9701115922431819,0.9701115922431818,0.9701115922431818,0.9701115922431818,0.9701115922431819,1.0298485525807866,0.9701115922431818,0.9701115922431818,1.0299080574720483,0.9701115922431818,1.0897283531144761,0.9701115922431818,0.9701115922431818,0.9701115922431818,1.0298544977400559,0.9701115922431819,0.9701115922431819,1.0298901935609066,0.9701115922431819,0.9701115922431818,0.9701115922431818,0.9701115922431818,0.9701115922431819,0.9701115922431818,0.9701115922431818,1.089526096805066,0.9701115922431818,0.9701115922431818,1.0298782902153634,1.029973649924932,0.9701115922431818,1.0299438173436095,1.0299021016488183,0.9701115922431818,1.0896330883970078,0.9701115922431819,0.9701115922431818,1.0896211909755313,1.0298544977400559,0.9701115922431819,1.029884241295516,0.9701115922431819,0.9701115922431818,1.0896092959224075,0.9701115922431818,1.0298544977400559,1.0298604440827945,0.9701115922431818,0.9701115922431818,1.08965689034785,0.9701115922431818,1.029884241295516,0.9701115922431818,1.0298604440827945,1.029872340320095,0.9701115922431819,1.0299497814808805
50,0.9999590016809311,0.9999590016809311,1.0000590603525392,0.9999590016809312,1.0000589806562654,1.0000589607520298,0.9999590016809312,1.0000590902714084,1.0000589508028839,0.9999590016809311,1.000059080296464,0.9999590016809312,0.9999590016809312,0.9999590016809312,1.0001591389660847,0.9999590016809311,1.0000590005684296,1.0000589607520298,0.9999590016809312,0.9999590016809311,1.0000590304515515,0.9999590016809312,1.0000589806562654,0.9999590016809311,0.9999590016809312,1.0001590592221719,0.9999590016809311,0.999959001680931,0.9999590016809312,1.0000589806562654,0.9999590016809311,0.9999590016809311,1.0000589508028839,0.9999590016809311,1.0000590005684296,0.9999590016809311,1.0000588712809568,1.0000591002483412,0.9999590016809312,0.9999590016809311,0.9999590016809311,0.999959001680931,0.9999590016809312,0.9999590016809311,0.9999590016809312,0.9999590016809311,1.0000590204885267,0.9999590016809311,1.0000589309105319,0.9999590016809312,1.000059010527486,0.9999590016809312,1.0000590304515515,0.999959001680931,1.0001588601401326,0.9999590016809311,1.000159079152192,0.9999590016809312,0.9999590016809311,0.9999590016809311,1.0000590005684296,0.9999590016809311,0.9999590016809312,1.0000590404165617,1.0000589508028839,0.9999590016809311,1.000059010527486,0.9999590016809311,0.9999590016809312,1.000059010527486,0.9999590016809311,1.0000589806562654,0.999959001680931,1.0000590404165617,0.9999590016809311,0.9999590016809311,0.9999590016809312,0.9999590016809311,0.9999590016809311,0.9999590016809311,0.9999590016809311,0.9999590016809312,1.0000589607520298,0.9999590016809312,1.0000590902714084,1.0000590603525392,1.0000589508028839,0.9999590016809312,0.9999590016809312,1.0000589508028839,0.9999590016809311,0.9999590016809311,0.9999590016809312,0.9999590016809311,0.9999590016809312,1.0000590503835571,0.9999590016809311,1.000058970703157,0.9999590016809312,0.9999590016809311
51,0.9999610015209407,0.9999610015209407,0.9999610015209407,1.000161059462281,0.9999610015209407,0.9999610015209407,1.000061120248414,0.9999610015209407,1.000160900164627,0.9999610015209407,0.9999610015209407,0.9999610015209408,1.0000610304916109,0.9999610015209408,0.9999610015209407,1.0001609996959173,1.000061000608429,1.0001609200629589,1.0000609408955983,1.0000609309503923,1.0000610304916109,0.9999610015209408,0.9999610015209407,0.9999610015209407,0.9999610015209408,0.9999610015209408,0.9999610015209407,1.000061070363647,1.000061120248414,0.9999610015209407,0.9999610015209407,0.9999610015209407,0.9999610015209407,1.0001609996959173,1.000061000608429,0.9999610015209408,1.000160741120455,0.9999610015209406,0.9999610015209408,0.9999610015209407,1.0000610404566408,0.9999610015209407,1.0000610304916109,0.9999610015209407,0.9999610015209408,1.000061000608429,1.000061020528566,1.0000609806962253,1.0000609309503923,0.9999610015209408,0.9999610015209408,0.9999610015209408,1.0000610304916109,0.9999610015209407,1.0000609309503923,1.0000610404566408,0.9999610015209407,0.9999610015209408,0.9999610015209407,0.9999610015209407,0.9999610015209407,0.9999610015209407,0.9999610015209408,0.9999610015209407,0.9999610015209407,0.9999610015209406,0.9999610015209408,0.9999610015209407,0.9999610015209407,0.9999610015209408,0.9999610015209407,1.0000609806962253,0.9999610015209407,1.0000610404566408,1.0000610903115872,0.9999610015209408,0.9999610015209408,0.9999610015209407,1.0000609806962253,0.9999610015209408,1.00006096079195,0.9999610015209408,0.9999610015209407,0.9999610015209407,1.0000610903115872,0.9999610015209407,1.0000609508427838,0.9999610015209408,0.9999610015209408,0.9999610015209407,0.9999610015209407,0.9999610015209407,0.9999610015209407,0.9999610015209408,1.0000609906513358,0.9999610015209407,0.9999610015209407,0.9999610015209407,0.9999610015209407,1.00006110028854
52,1.1220857939031679,0.9219489706808954,1.1222054452522447,0.9219489706808955,0.9219489706808953,0.9219489706808954,0.9219489706808953,1.1222653245927923,1.1219861936129212,1.1218668040438777,0.9219489706808954,0.9219489706808955,0.9219489706808955,0.9219489706808955,0.9219489706808953,0.9219489706808953,1.1220857939031679,0.9219489706808954,0.9219489706808954,0.9219489706808954,0.9219489706808955,1.3222624810480028,0.9219489706808953,0.9219489706808953,0.9219489706808953,1.1221456016997282,0.9219489706808954,0.9219489706808953,0.9219489706808953,0.9219489706808953,0.9219489706808954,0.9219489706808954,0.9219489706808954,1.5223594403477132,0.9219489706808953,1.12212566179624,0.9219489706808954,1.12228529233142,0.9219489706808953,1.32178463740686,0.9219489706808954,0.9219489706808953,1.322342232718561,0.9219489706808953,0.9219489706808955,0.9219489706808953,1.12212566179624,0.9219489706808953,0.9219489706808954,0.9219489706808953,0.9219489706808955,1.1221456016997282,1.1221456016997282,0.9219489706808954,0.9219489706808954,0.9219489706808954,0.9219489706808954,1.1219662854498107,0.9219489706808953,0.9219489706808954,0.9219489706808953,0.9219489706808953,1.3219039913372261,0.9219489706808954,0.9219489706808954,0.9219489706808954,0.9219489706808955,0.9219489706808954,1.1218469196363423,1.1221057258644491,0.9219489706808953,0.9219489706808953,0.9219489706808954,0.9219489706808954,0.9219489706808953,1.322302352911585,0.9219489706808954,1.1220260218305282,0.9219489706808953,1.1219463812489183,0.9219489706808954,0.9219489706808954,1.1220061057394324,0.9219489706808955,0.9219489706808953,0.9219489706808954,0.9219489706808954,0.9219489706808955,0.9219489706808954,0.9219489706808954,1.1221655455760997,0.9219489706808954,1.322182761141527,0.9219489706808953,1.1220658659112113,1.1221854934265427,1.1219861936129212,1.1220260218305282,1.1220658659112113,0.9219489706808955
53,0.930064544184371,0.930064544184371,0.9300645441843711,0.9300645441843709,0.930064544184371,0.9300645441843709,1.1193110823906418,0.930064544184371,1.1189908682820018,1.3076916760273822,0.9300645441843709,1.1191414221810736,1.1191414221810736,0.9300645441843709,0.9300645441843708,0.930064544184371,0.930064544184371,0.9300645441843709,0.9300645441843709,0.930064544184371,0.9300645441843709,0.9300645441843709,1.1190472978889603,1.119084936358131,1.1188968937873252,0.9300645441843709,0.9300645441843709,1.1192167891478881,0.930064544184371,1.1190472978889603,0.9300645441843709,0.9300645441843709,1.1189908682820018,1.119084936358131,0.930064544184371,0.930064544184371,1.1188405539515411,0.9300645441843709,0.9300645441843709,0.9300645441843709,0.9300645441843709,0.9300645441843708,0.9300645441843709,0.930064544184371,0.9300645441843709,1.119084936358131,0.930064544184371,0.930064544184371,0.930064544184371,1.1189344723643606,1.3081429782464955,0.9300645441843709,1.1191414221810736,0.930064544184371,0.930064544184371,0.9300645441843709,1.1191602582916529,1.1189720659010205,0.930064544184371,0.930064544184371,0.930064544184371,0.930064544184371,0.9300645441843709,0.9300645441843709,0.930064544184371,0.9300645441843709,0.9300645441843709,0.930064544184371,1.1188593301609868,1.119103761215433,1.1188781101058765,0.930064544184371,0.930064544184371,0.9300645441843709,1.3084444461496647,0.930064544184371,1.1189720659010205,0.930064544184371,0.930064544184371,1.1189532672621794,0.9300645441843709,1.1189720659010205,0.9300645441843709,0.930064544184371,0.930064544184371,0.9300645441843711,0.930064544184371,0.9300645441843709,0.9300645441843709,0.930064544184371,0.9300645441843709,1.496843516477263,1.1190661152496797,0.930064544184371,0.930064544184371,0.930064544184371,0.930064544184371,1.307992424365336,1.3080676863149885,0.9300645441843709
54,1.0001509985759753,0.9999510024008824,1.0000510602720603,0.9999510024008825,1.000150958751966,0.9999510024008824,0.9999510024008824,1.0000510901906903,0.9999510024008824,1.0001507797400133,1.0000510802158258,0.9999510024008825,1.0000510303713117,1.0000510303713117,0.9999510024008823,1.0000510004884287,1.0001509985759753,1.0000509606723478,0.9999510024008824,0.9999510024008824,0.9999510024008825,0.9999510024008824,1.0000509805764242,0.9999510024008824,0.9999510024008825,0.9999510024008825,1.0000511301100399,0.9999510024008823,0.9999510024008824,0.9999510024008824,0.9999510024008824,1.0000510403362421,0.9999510024008824,0.9999510024008824,0.9999510024008824,1.0000510204083666,0.9999510024008825,0.9999510024008824,1.000050920887961,1.0000508910704478,0.9999510024008823,0.9999510024008823,0.9999510024008825,1.0000509805764242,0.9999510024008825,0.9999510024008824,0.9999510024008824,1.0000509805764242,0.9999510024008824,1.000050920887961,1.0000510104474056,0.9999510024008825,1.0000510303713117,0.9999510024008823,1.0001508592612944,0.9999510024008823,0.9999510024008823,0.9999510024008824,0.9999510024008823,1.0000509706233953,0.9999510024008824,1.0000509805764242,0.9999510024008824,0.9999510024008823,1.0000509507232813,1.0000508513414352,0.9999510024008824,1.0000509507232813,1.0001507598695798,1.0000510104474056,1.0000508910704478,0.9999510024008824,1.0001512777888244,0.9999510024008823,0.9999510024008823,0.9999510024008824,0.9999510024008824,1.0000509706233953,1.0000509805764242,0.9999510024008824,0.9999510024008824,0.9999510024008824,1.0000509606723478,1.000050990531435,1.0000510901906903,0.9999510024008823,0.9999510024008824,0.9999510024008824,1.000050940776195,1.0000509507232813,1.0000510403362421,0.9999510024008824,1.000050990531435,0.9999510024008824,0.9999510024008824,0.9999510024008823,0.9999510024008824,0.9999510024008824,0.9999510024008824,1.0000511001675432
55,1.2283826636058173,0.8600302731599536,0.8600302731599535,0.8600302731599536,0.8600302731599537,0.8600302731599537,1.2288233643720536,0.8600302731599537,0.8600302731599536,1.5959289511381418,0.8600302731599536,1.2284927400249166,1.2284927400249166,0.8600302731599536,0.8600302731599536,0.8600302731599537,0.8600302731599537,1.2282359973145787,0.8600302731599537,0.8600302731599537,0.8600302731599536,1.2284193484370538,0.8600302731599537,0.8600302731599537,0.8600302731599535,0.8600302731599536,1.2288601370404364,0.8600302731599536,0.8600302731599536,0.8600302731599537,0.8600302731599537,0.8600302731599535,0.8600302731599536,0.8600302731599537,0.8600302731599537,1.2284560405760254,0.8600302731599536,1.2287498410285107,1.5961486223852996,0.8600302731599536,0.8600302731599535,0.8600302731599536,0.8600302731599536,1.228309315857819,0.8600302731599536,0.8600302731599537,0.8600302731599537,0.8600302731599537,0.8600302731599537,0.8600302731599535,1.2284193484370538,1.2284927400249166,0.8600302731599536,1.2285661608611953,0.8600302731599537,0.8600302731599535,0.8600302731599535,0.8600302731599537,0.8600302731599537,1.2282726529366945,1.2283826636058173,1.9648674012535505,1.2280894477726265,0.8600302731599535,0.8600302731599536,1.2278332665831775,1.2284193484370538,1.5963684248186305,0.8600302731599535,0.8600302731599536,0.8600302731599536,0.8600302731599537,0.8600302731599536,0.8600302731599535,0.8600302731599537,0.8600302731599537,0.8600302731599537,0.8600302731599536,0.8600302731599537,0.8600302731599537,0.8600302731599537,1.2281627079586561,0.8600302731599537,0.8600302731599536,0.8600302731599537,0.8600302731599535,1.5963684248186305,1.2284193484370538,0.8600302731599537,0.8600302731599536,1.2285294467859111,0.8600302731599536,1.2283459860801331,0.8600302731599537,0.8600302731599536,0.8600302731599536,1.964537500647969,1.2282726529366945,1.2283459860801331,0.8600302731599536
56,0.7853322155356669,0.7853322155356671,0.7853322155356671,0.7853322155356669,0.7853322155356671,0.785332215535667,0.7853322155356672,0.785332215535667,0.7853322155356671,1.3496461652668734,0.7853322155356671,1.3504331356121504,0.7853322155356669,1.9155340556886342,1.35065838759823,0.7853322155356669,0.7853322155356669,0.785332215535667,0.785332215535667,0.7853322155356671,1.9155340556886342,0.785332215535667,0.7853322155356671,0.7853322155356669,1.349702304736604,0.7853322155356669,1.350996602478315,0.785332215535667,0.7853322155356672,0.7853322155356671,1.9147465369865566,2.4808038642648413,0.7853322155356671,0.7853322155356669,0.7853322155356669,1.3503768506599516,0.7853322155356669,0.785332215535667,0.7853322155356671,1.3496461652668734,0.785332215535667,0.785332215535667,0.7853322155356669,1.350151822927923,0.7853322155356669,0.7853322155356669,0.7853322155356671,0.7853322155356671,1.3498707901846687,0.7853322155356671,0.785332215535667,0.7853322155356669,1.3504331356121504,0.7853322155356671,0.7853322155356671,1.3504894317787253,0.785332215535667,1.3499269743581013,1.9162099463535318,0.785332215535667,0.7853322155356669,0.7853322155356671,1.3498146171921663,0.785332215535667,0.7853322155356671,0.7853322155356671,0.785332215535667,1.3499831697158022,0.785332215535667,0.785332215535667,0.785332215535667,0.7853322155356671,1.3510530109732235,1.9156466480217833,0.785332215535667,0.7853322155356671,1.3499269743581013,0.785332215535667,0.7853322155356671,2.4789479394826723,1.350039376261112,0.785332215535667,1.350039376261112,0.785332215535667,0.785332215535667,1.915871900001155,0.7853322155356671,0.785332215535667,1.3499269743581013,0.7853322155356671,0.785332215535667,0.7853322155356671,0.785332215535667,0.7853322155356671,0.785332215535667,1.3505457391630278,0.7853322155356671,0.785332215535667,0.785332215535667,0.785332215535667
57,0.9999520023038894,0.9999520023038894,1.0000520602751204,0.9999520023038896,0.9999520023038894,0.9999520023038894,0.9999520023038895,1.0000520901937802,1.0000519507262318,0.9999520023038895,0.9999520023038895,1.000052030374342,1.000052030374342,1.000052030374342,1.0000520702460194,0.9999520023038894,0.9999520023038894,1.0000519606753084,1.0000519407791357,1.000151859364149,0.9999520023038896,0.9999520023038894,0.9999520023038894,0.9999520023038894,0.9999520023038895,1.000052030374342,0.9999520023038895,0.9999520023038895,1.0000521201303374,0.9999520023038894,1.0000519606753084,0.9999520023038896,1.000151899148574,0.9999520023038894,1.0000520004914293,0.9999520023038896,0.9999520023038895,1.0000521001706433,0.9999520023038894,0.9999520023038895,0.9999520023038896,0.9999520023038895,0.9999520023038896,1.0000519805794046,0.9999520023038896,0.9999520023038894,0.9999520023038896,0.9999520023038894,1.0000519308340192,1.000051920890882,1.000052010450416,0.9999520023038896,0.9999520023038896,0.9999520023038895,1.0000519308340192,0.9999520023038896,1.0000520403392823,0.9999520023038894,0.9999520023038895,1.0000519706263657,1.0000520004914293,0.9999520023038894,1.000051920890882,0.9999520023038896,1.0000519507262318,0.9999520023038893,1.000052010450416,0.9999520023038894,1.000051881138112,1.0002520267434694,0.9999520023038895,0.9999520023038894,0.9999520023038895,1.0001520783746751,0.9999520023038895,1.0000520204113867,0.9999520023038894,0.9999520023038894,1.0001519588549197,1.0000519308340192,0.9999520023038894,1.0000519407791357,1.0001519190467272,0.9999520023038894,0.9999520023038895,0.9999520023038895,1.0000519507262318,0.9999520023038894,0.9999520023038894,0.9999520023038894,1.0000520403392823,1.0002518475709166,0.9999520023038894,1.0000520204113867,0.9999520023038894,0.9999520023038895,0.9999520023038894,0.9999520023038894,0.9999520023038894,0.9999520023038895
58,0.9999670010889642,0.9999670010889641,0.9999670010889642,0.9999670010889641,0.9999670010889642,0.9999670010889642,0.9999670010889641,0.9999670010889641,1.0000669510104834,0.9999670010889641,1.000167159921235,0.9999670010889641,1.0000670306597883,0.9999670010889641,0.9999670010889641,0.9999670010889642,0.9999670010889642,0.9999670010889642,0.9999670010889642,0.9999670010889641,0.9999670010889641,1.0000670107355636,0.9999670010889642,0.9999670010889642,0.9999670010889642,0.9999670010889641,0.9999670010889641,1.0000670705320638,0.9999670010889641,0.9999670010889642,0.9999670010889642,0.9999670010889642,1.0000669510104834,1.00016700046389,1.0000670007764272,0.9999670010889642,0.9999670010889641,0.9999670010889641,1.0000669211746858,1.0000668913566957,0.9999670010889642,1.0000670705320638,1.0000670306597883,1.0000669808641038,0.9999670010889641,0.9999670010889642,1.0000670206966835,0.9999670010889642,1.0000669311179724,1.0000669211746858,0.9999670010889641,0.9999670010889641,0.9999670010889641,0.9999670010889641,0.9999670010889641,1.000067040624878,0.9999670010889642,1.000066941063238,0.9999670010889641,0.9999670010889641,0.9999670010889642,0.9999670010889642,1.0000669211746858,0.9999670010889642,1.0001669009320027,1.0000668516270472,0.9999670010889641,0.9999670010889641,0.9999670010889642,0.9999670010889641,0.9999670010889641,0.9999670010889642,0.9999670010889641,0.9999670010889642,0.9999670010889641,0.9999670010889642,0.9999670010889642,0.9999670010889641,1.0000669808641038,0.9999670010889641,1.000066960959709,0.9999670010889642,0.9999670010889642,1.0000669908192743,1.0000670904801237,0.9999670010889642,0.9999670010889641,0.9999670010889641,1.000066941063238,0.9999670010889641,1.000067040624878,1.0000669510104834,1.0000669908192743,0.9999670010889642,0.9999670010889641,0.9999670010889641,0.9999670010889641,1.0000669709109158,0.9999670010889641,0.9999670010889641
59,0.999955002024909,1.000054950747083,0.9999550020249088,0.999955002024909,1.000154959175782,0.9999550020249091,1.0000551201516967,0.9999550020249088,0.999955002024909,1.000054891094011,0.999955002024909,0.999955002024909,0.999955002024909,0.999955002024909,1.000055070267229,0.999955002024909,0.999955002024909,0.9999550020249091,0.999955002024909,1.0000549308548108,0.999955002024909,0.9999550020249088,0.9999550020249088,0.999955002024909,1.0000549010312443,0.999955002024909,0.999955002024909,0.999955002024909,1.0000551201516967,1.000154959175782,0.9999550020249091,0.9999550020249088,0.999955002024909,1.0000550005124298,0.999955002024909,0.999955002024909,1.0000548712254742,0.999955002024909,0.999955002024909,0.999955002024909,1.0000550403604023,1.0001551385095493,0.999955002024909,0.9999550020249088,0.999955002024909,0.999955002024909,0.999955002024909,1.000154959175782,1.0000549308548108,1.0001548397983784,0.9999550020249088,0.999955002024909,0.999955002024909,0.999955002024909,1.0000549308548108,0.9999550020249088,0.9999550020249088,1.000054940799957,0.9999550020249088,1.0000549706472768,0.999955002024909,1.0000549806003454,1.0000549209116436,1.000155078695896,0.999955002024909,1.0001547007047702,1.0000550104714465,1.000054950747083,0.9999550020249091,1.000155018917984,0.999955002024909,0.9999550020249088,0.9999550020249088,0.9999550020249088,1.0000550902150498,1.0000550204324472,0.999955002024909,1.0000549706472768,0.9999550020249088,0.9999550020249088,0.9999550020249091,1.000054940799957,1.0000549606961893,1.0000549905553962,0.9999550020249088,0.9999550020249088,1.000054950747083,0.9999550020249088,1.000054940799957,0.999955002024909,0.9999550020249088,1.000054950747083,0.999955002024909,0.999955002024909,1.0000549905553962,0.999955002024909,1.000054950747083,0.999955002024909,0.999955002024909,0.999955002024909
60,0.7313794173523748,1.3706530401637915,0.7313794173523748,0.7313794173523748,0.7313794173523748,0.7313794173523749,0.7313794173523749,1.3715450795058983,0.7313794173523748,0.7313794173523748,1.3714812798584846,0.7313794173523748,2.010945527201225,0.7313794173523748,0.7313794173523748,0.7313794173523748,0.7313794173523748,1.3707166748067154,1.3705894181869986,0.7313794173523748,0.7313794173523748,0.7313794173523748,0.7313794173523748,0.7313794173523748,1.3703350568655368,0.7313794173523748,0.7313794173523748,0.7313794173523748,0.7313794173523749,0.7313794173523748,0.7313794173523749,2.011072999417787,0.7313794173523748,0.7313794173523748,0.7313794173523748,2.010818080377535,0.7313794173523748,0.7313794173523748,1.3704622122166836,0.7313794173523748,1.371226208385081,0.7313794173523748,1.3711624722767999,0.7313794173523748,1.3711624722767999,0.7313794173523748,0.7313794173523748,0.7313794173523748,0.7313794173523748,1.3704622122166836,0.7313794173523748,1.3711624722767999,0.7313794173523748,0.7313794173523748,0.7313794173523748,2.011072999417787,0.7313794173523749,0.7313794173523748,1.3715450795058983,0.7313794173523748,0.7313794173523748,0.7313794173523748,0.7313794173523748,1.371226208385081,0.7313794173523748,0.7313794173523748,1.3710350381457523,2.649200285786625,1.37020795210335,0.7313794173523748,2.009163578973046,0.7313794173523748,1.3718642686074909,1.371226208385081,0.7313794173523748,0.7313794173523748,0.7313794173523748,2.010181226886731,0.7313794173523748,0.7313794173523748,0.7313794173523749,2.009799419021623,0.7313794173523749,3.289492367023311,0.7313794173523748,0.7313794173523748,0.7313794173523748,0.7313794173523748,0.7313794173523748,0.7313794173523748,0.7313794173523749,0.7313794173523748,0.7313794173523748,0.7313794173523748,1.370907654770109,0.7313794173523748,0.7313794173523748,1.3707803221195527,1.370907654770109,0.7313794173523748
61,0.9999560019359149,0.9999560019359148,1.00005606030736,0.9999560019359148,0.9999560019359148,0.9999560019359148,0.9999560019359148,0.9999560019359147,0.9999560019359148,1.0000558911049018,0.9999560019359149,0.9999560019359148,0.9999560019359148,1.0000560304064623,0.9999560019359149,0.9999560019359149,1.0000560005234298,1.0000559607071497,1.0001558796858798,1.000055930865741,0.9999560019359148,1.0000560104824565,0.9999560019359148,0.9999560019359149,0.9999560019359148,0.9999560019359148,1.000056130145689,0.9999560019359149,1.0000561201628164,0.9999560019359148,1.0000559607071497,0.9999560019359148,0.9999560019359148,1.0000560005234298,1.0000560005234298,1.0000560204434672,0.9999560019359149,1.0000561002030426,1.0000559209225641,1.0000558911049018,0.9999560019359148,0.9999560019359149,0.9999560019359148,0.9999560019359148,0.9999560019359148,1.0000560005234298,0.9999560019359148,0.9999560019359148,1.0001558597955673,0.9999560019359149,1.0000560104824565,1.0002560873475566,0.9999560019359148,0.9999560019359148,1.0001558597955673,0.9999560019359148,0.9999560019359148,1.0000559408108973,1.0000560902261395,0.9999560019359148,0.9999560019359149,0.9999560019359148,0.9999560019359149,1.0000560403714422,0.9999560019359148,1.0000558513756903,1.0000560104824565,0.9999560019359148,0.9999560019359148,0.9999560019359149,0.9999560019359148,0.9999560019359148,1.0000561401305523,0.9999560019359148,1.0000560902261395,1.0000560204434672,0.9999560019359149,0.9999560019359148,0.9999560019359148,0.9999560019359149,0.9999560019359148,0.9999560019359149,1.0000559607071497,0.9999560019359149,0.9999560019359147,1.00005606030736,0.9999560019359148,0.9999560019359149,1.0000559408108973,1.0000559507580333,0.9999560019359148,1.0000559507580333,1.0000559905663862,0.9999560019359148,0.9999560019359149,0.9999560019359148,1.0001558995801518,1.0000559706582468,0.9999560019359149,0.9999560019359148
62,0.999950002499875,1.0001498989447861,1.000050060271,1.0000500303702815,1.0000499805754437,0.999950002499875,1.0000501201260974,0.999950002499875,1.0000499507223306,0.9999500024998752,1.0002502356444865,0.999950002499875,1.0000500303702815,0.999950002499875,0.999950002499875,0.999950002499875,1.0000500004874284,1.000049960671387,0.9999500024998751,0.999950002499875,0.999950002499875,0.9999500024998751,0.9999500024998751,1.0000500004874284,0.999950002499875,1.0000500303702815,1.0000501301089098,0.999950002499875,0.9999500024998751,1.0000499805754437,1.000049960671387,1.000050040335202,1.0000499507223306,0.999950002499875,0.999950002499875,0.9999500024998751,0.9999500024998751,0.999950002499875,1.0000499208870404,0.9999500024998752,1.000050040335202,0.999950002499875,1.0000500303702815,1.0000499805754437,1.0000500303702815,0.999950002499875,1.0000500204073464,0.9999500024998751,0.999950002499875,1.0000499208870404,0.9999500024998751,0.999950002499875,0.999950002499875,0.9999500024998751,1.0000499308301576,1.000050040335202,1.000050040335202,0.9999500024998751,0.999950002499875,0.9999500024998751,1.0000500004874284,1.0000499805754437,1.0000499208870404,0.9999500024998751,0.9999500024998751,0.999950002499875,0.9999500024998751,1.0000499507223306,1.000149759768825,1.0000500104463954,1.000049891069557,0.9999500024998751,1.0000501400937134,1.000050040335202,1.0000500901896,0.9999500024998751,0.9999500024998751,0.9999500024998751,0.9999500024998751,1.0000499308301576,0.999950002499875,0.9999500024998751,0.999950002499875,0.9999500024998751,0.999950002499875,1.000050060271,0.9999500024998751,1.0000500104463954,1.0000499407752543,0.9999500024998751,0.9999500024998751,1.0000499507223306,1.0000499905304445,0.9999500024998751,1.0000499905304445,1.000050050302108,1.0000499507223306,0.9999500024998751,0.9999500024998751,0.999950002499875
63,1.0819143122119101,0.9497968728292768,0.9497968728292768,0.9497968728292769,1.0818880044780623,0.9497968728292768,0.9497968728292769,1.0820328268091832,0.9497968728292768,0.9497968728292769,0.9497968728292769,1.0819537934668308,0.9497968728292769,0.9497968728292769,1.082006471860707,0.9497968728292768,0.9497968728292768,0.9497968728292768,0.9497968728292768,0.9497968728292769,1.0819537934668308,0.9497968728292769,1.213979136126848,1.3461491909771766,0.9497968728292768,1.0819537934668308,0.9497968728292769,1.082006471860707,0.9497968728292769,1.0818880044780623,1.0818617072191237,0.9497968728292769,1.0818485625157905,1.0819143122119101,0.9497968728292768,0.9497968728292768,1.081743499013305,0.9497968728292768,1.0818091441009587,1.3457155019789044,0.9497968728292769,0.9497968728292768,0.9497968728292769,1.0818880044780623,0.9497968728292769,0.9497968728292768,0.9497968728292768,0.9497968728292768,0.9497968728292769,0.9497968728292768,1.0819274700088808,0.9497968728292769,1.0819537934668308,0.9497968728292769,1.081822280957489,0.9497968728292769,0.9497968728292769,0.9497968728292768,0.9497968728292769,0.9497968728292769,0.9497968728292768,0.9497968728292768,1.2138214153726405,1.0819669591293766,1.0818485625157905,1.0817172592546922,0.9497968728292769,1.0818485625157905,0.9497968728292768,0.9497968728292769,1.081769749212486,0.9497968728292768,0.9497968728292768,0.9497968728292769,0.9497968728292769,0.9497968728292768,0.9497968728292768,0.9497968728292769,0.9497968728292768,0.9497968728292769,0.9497968728292768,0.9497968728292768,1.0818617072191237,0.949796872829277,0.9497968728292769,0.9497968728292768,0.9497968728292768,0.9497968728292769,0.9497968728292768,1.0818485625157905,0.9497968728292769,0.9497968728292768,0.949796872829277,0.9497968728292768,1.0819011570352315,1.0819801274153487,0.9497968728292768,0.9497968728292769,1.0819011570352315,0.9497968728292768
64,0.9999530022088962,0.9999530022088963,0.9999530022088962,1.0000530303793722,1.000052980584385,0.9999530022088963,0.9999530022088963,0.9999530022088963,0.9999530022088963,1.0000528910782296,1.0001531582390752,0.9999530022088962,0.9999530022088962,1.0000530303793722,0.9999530022088962,1.0001529987839626,0.9999530022088962,1.0000529606802688,0.9999530022088963,1.0000529308389499,0.9999530022088962,1.0000530104554264,1.000052980584385,0.9999530022088962,0.9999530022088963,0.9999530022088962,0.9999530022088963,1.0001531382932825,0.9999530022088963,0.9999530022088963,0.9999530022088963,0.9999530022088962,0.9999530022088963,1.0000530004964294,1.0001529987839626,1.000053020416407,1.0000528712097325,1.0000531001757431,0.9999530022088963,0.9999530022088963,0.9999530022088962,0.9999530022088962,0.9999530022088962,0.9999530022088963,0.9999530022088962,1.0000530004964294,1.000053020416407,1.0001529589598734,0.9999530022088963,0.9999530022088963,0.9999530022088962,1.0000530303793722,0.9999530022088962,1.0002531465159825,0.9999530022088963,1.0000530403443224,0.9999530022088962,0.9999530022088963,0.9999530022088963,1.0000529706313361,1.0001529987839626,0.9999530022088963,1.0000529208958024,0.9999530022088962,1.0000529507311824,1.0000528513491376,0.9999530022088962,1.0000529507311824,0.9999530022088963,1.0000530104554264,0.9999530022088963,0.9999530022088963,0.9999530022088963,0.9999530022088962,0.9999530022088963,1.000053020416407,1.0000529407840761,0.9999530022088963,0.9999530022088963,1.0000529308389499,0.9999530022088963,1.0000529407840761,1.0000529606802688,0.9999530022088962,0.9999530022088963,0.9999530022088962,0.9999530022088963,0.9999530022088962,0.9999530022088963,1.0000529507311824,0.9999530022088962,1.0000529507311824,0.9999530022088962,0.9999530022088962,1.0000529905394158,0.9999530022088962,0.9999530022088963,1.0000529706313361,1.0000529905394158,0.9999530022088963
65,1.0272919286781377,1.027260343583938,0.9638248403935895,1.027310894836605,1.0272792908668502,0.9638248403935895,0.9638248403935895,0.9638248403935896,1.027260343583938,1.0272224829434184,1.02734253030324,0.9638248403935895,0.9638248403935895,0.9638248403935895,1.0273362006879025,1.0272919286781377,0.9638248403935895,0.9638248403935895,1.027254030337203,1.0272477183469613,0.9638248403935895,0.9638248403935894,0.9638248403935895,0.9638248403935895,0.9638248403935896,0.9638248403935895,1.1544729111544128,0.9638248403935895,0.9638248403935895,1.0272792908668502,1.0907084757814915,0.9638248403935895,1.027260343583938,0.9638248403935895,1.0272919286781377,0.9638248403935896,1.0272098727708576,1.0273551933195697,1.0906579748320833,0.9638248403935894,1.0273172194086753,1.0273362006879025,0.9638248403935895,0.9638248403935895,1.0907969492796203,0.9638248403935895,0.9638248403935896,0.9638248403935895,0.9638248403935896,1.0272414076128362,0.9638248403935894,0.9638248403935895,1.027310894836605,0.9638248403935896,0.9638248403935896,1.0908095984237611,0.9638248403935895,0.9638248403935895,0.9638248403935896,0.9638248403935896,1.0907590169626857,1.0272792908668502,0.9638248403935895,0.9638248403935895,0.9638248403935895,1.0271972676137775,0.9638248403935894,0.9638248403935895,0.9638248403935895,0.9638248403935894,1.0272224829434184,1.0272792908668502,0.9638248403935895,0.9638248403935895,0.9638248403935896,1.0907843026552293,1.1541124102244307,0.9638248403935896,1.0272792908668502,1.0272477183469613,1.0272666580875405,0.9638248403935895,1.0272666580875405,0.9638248403935895,1.0908728819670832,1.0273298723339472,1.027260343583938,1.090771658549835,0.9638248403935895,1.027260343583938,0.9638248403935895,0.9638248403935895,0.9638248403935895,1.154264033786049,0.9638248403935895,0.9638248403935896,0.9638248403935895,0.9638248403935896,0.9638248403935895,1.0273551933195697
66,1.0000590005684296,0.9999590016809311,0.9999590016809311,0.9999590016809312,0.9999590016809311,0.9999590016809311,0.9999590016809312,1.0000590902714084,0.9999590016809311,1.0000588911495731,0.9999590016809311,0.9999590016809312,1.0000590304515515,1.0000590304515515,1.0002592076086614,1.0001589994559277,1.0000590005684296,0.9999590016809311,1.000058940855718,1.0000589309105319,0.9999590016809312,0.9999590016809312,0.9999590016809311,0.9999590016809311,1.0000589010868461,0.9999590016809312,0.9999590016809311,0.999959001680931,0.9999590016809312,1.0000589806562654,1.0000589607520298,0.9999590016809311,1.0000589508028839,0.9999590016809311,1.0000590005684296,0.9999590016809311,0.9999590016809311,1.0001591988157512,0.9999590016809312,0.9999590016809311,0.9999590016809311,0.999959001680931,0.9999590016809312,0.9999590016809311,1.0000590304515515,0.9999590016809311,0.9999590016809311,1.0000589806562654,1.0000589309105319,0.9999590016809312,0.9999590016809312,0.9999590016809312,0.9999590016809312,1.0000590503835571,0.9999590016809311,0.9999590016809311,1.0000590404165617,1.000058940855718,0.9999590016809311,1.000058970703157,1.0000590005684296,1.0000589806562654,0.9999590016809312,0.9999590016809311,0.9999590016809311,0.9999590016809311,1.000059010527486,1.0000589508028839,1.0001587607476226,0.9999590016809312,1.0000588911495731,1.0000589806562654,1.0000591401759709,0.9999590016809311,0.9999590016809311,0.9999590016809311,0.9999590016809312,0.9999590016809311,0.9999590016809311,0.9999590016809311,0.9999590016809311,1.000058940855718,0.9999590016809311,0.9999590016809312,0.9999590016809311,0.9999590016809311,0.9999590016809311,0.9999590016809312,0.9999590016809312,1.0000589508028839,0.9999590016809311,1.0000589508028839,0.9999590016809312,0.9999590016809311,1.000058990611356,0.999959001680931,0.9999590016809311,0.9999590016809311,0.9999590016809312,1.0000591002483412
67,0.9999530022088962,1.0000529507311824,0.9999530022088962,0.9999530022088962,1.000052980584385,0.9999530022088963,0.9999530022088963,0.9999530022088963,1.0001528992534685,0.9999530022088963,0.9999530022088963,0.9999530022088962,1.0000530303793722,1.0000530303793722,0.9999530022088962,0.9999530022088962,0.9999530022088962,1.0000529606802688,1.0000529407840761,1.0000529308389499,0.9999530022088962,0.9999530022088962,0.9999530022088963,1.0000530004964294,0.9999530022088963,0.9999530022088962,0.9999530022088963,0.9999530022088962,0.9999530022088963,0.9999530022088963,1.0001529191516412,0.9999530022088962,0.9999530022088963,1.0000530004964294,1.0000530004964294,0.9999530022088962,1.0000528712097325,0.9999530022088963,0.9999530022088963,1.0000528910782296,1.0001530784797485,1.0000530702510892,0.9999530022088962,1.000052980584385,1.0001530585498482,1.0000530004964294,0.9999530022088962,0.9999530022088963,1.0000529308389499,0.9999530022088963,0.9999530022088962,0.9999530022088962,1.0000530303793722,1.0000530503112584,0.9999530022088963,1.0000530403443224,0.9999530022088962,1.0000529407840761,0.9999530022088963,1.0000529706313361,1.0000530004964294,1.0001529589598734,0.9999530022088963,0.9999530022088962,0.9999530022088963,1.0000528513491376,0.9999530022088962,0.9999530022088963,0.9999530022088963,1.0000530104554264,0.9999530022088963,0.9999530022088963,0.9999530022088963,0.9999530022088962,0.9999530022088963,0.9999530022088962,0.9999530022088963,0.9999530022088963,0.9999530022088963,1.0000529308389499,0.9999530022088963,0.9999530022088963,0.9999530022088963,0.9999530022088962,1.00005309019887,0.9999530022088962,0.9999530022088963,0.9999530022088962,1.0001528793592562,1.0000529507311824,0.9999530022088962,1.0001528992534685,0.9999530022088962,1.000053020416407,1.0001529788699353,1.0000530503112584,0.9999530022088963,0.9999530022088963,0.9999530022088962,1.0001531981425902
68,1.0000460005034255,0.9999460029158427,0.9999460029158426,0.9999460029158426,1.0000459805915203,0.9999460029158426,0.9999460029158426,1.0000460902052384,0.9999460029158427,1.0000458910859917,0.9999460029158427,0.9999460029158426,0.9999460029158426,0.9999460029158426,0.9999460029158426,0.9999460029158426,0.9999460029158426,0.9999460029158426,1.0000459407914903,0.9999460029158426,1.0000460303861591,0.9999460029158425,1.0001459582671983,0.9999460029158426,1.0000459010231355,0.9999460029158426,0.9999460029158426,0.9999460029158426,1.000046120141616,0.9999460029158427,0.9999460029158426,1.0001460777862368,1.0000459507385266,1.0000460005034255,0.9999460029158426,1.0000460204232637,1.0000458712176337,1.0000461001820415,0.9999460029158427,0.9999460029158427,1.0000460403510396,0.9999460029158426,1.0001460578564756,0.9999460029158427,1.0000460303861591,1.0000460005034255,0.9999460029158427,1.0000459805915203,1.0001458587770244,1.000145838890869,0.9999460029158425,0.9999460029158426,0.9999460029158426,0.9999460029158427,1.0000459308464336,0.9999460029158426,0.9999460029158426,0.9999460029158426,1.0000460902052384,0.9999460029158426,1.0001459980910086,0.9999460029158427,1.0000459209033559,1.0000460403510396,0.9999460029158427,0.9999460029158425,0.9999460029158425,0.9999460029158427,0.9999460029158427,1.0001460180088628,1.0000458910859917,0.9999460029158427,0.9999460029158425,1.0000460403510396,0.9999460029158426,1.0000460204232637,0.9999460029158426,0.9999460029158426,1.0000459805915203,0.9999460029158426,1.0000459606875436,1.0000459407914903,1.0000459606875436,1.0000459905464818,0.9999460029158426,1.0000460602867582,0.9999460029158427,1.0000460104623528,0.9999460029158426,1.0000459507385266,0.9999460029158426,0.9999460029158427,1.0000459905464818,1.0000460204232637,1.0001459781771207,1.000146097719969,0.9999460029158427,1.0000459706385412,0.9999460029158426,1.0000461001820415
69,0.9999590016809311,1.0000589508028839,0.9999590016809311,0.9999590016809312,1.0001589596315998,0.9999590016809311,0.9999590016809312,0.9999590016809311,0.9999590016809311,1.0000588911495731,1.000059080296464,1.0000590304515515,0.9999590016809312,0.9999590016809312,0.999959001680931,1.0000590005684296,1.0000590005684296,1.0000589607520298,1.000058940855718,1.0000589309105319,0.9999590016809312,1.000159019374041,0.9999590016809311,0.9999590016809311,0.9999590016809312,0.9999590016809312,0.9999590016809311,1.000059070323508,0.9999590016809312,0.9999590016809311,0.9999590016809311,0.9999590016809311,0.9999590016809311,0.9999590016809311,1.0000590005684296,1.000159039296122,0.9999590016809311,0.9999590016809311,1.000058920967325,0.9999590016809311,0.9999590016809311,0.999959001680931,0.9999590016809312,1.0000589806562654,1.0001590592221719,1.0000590005684296,1.0000590204885267,1.0000589806562654,0.9999590016809311,0.9999590016809312,1.000159019374041,0.9999590016809312,0.9999590016809312,0.999959001680931,1.0000589309105319,0.9999590016809311,1.0000590404165617,0.9999590016809312,0.9999590016809311,1.0001589397253827,0.9999590016809311,0.9999590016809311,0.9999590016809312,1.0000590404165617,0.9999590016809311,0.9999590016809311,0.9999590016809312,0.9999590016809311,0.9999590016809312,0.9999590016809312,0.9999590016809311,1.0000589806562654,0.999959001680931,0.9999590016809311,0.9999590016809311,1.0000590204885267,0.9999590016809312,0.9999590016809311,0.9999590016809311,0.9999590016809311,0.9999590016809311,0.9999590016809312,0.9999590016809311,1.000058990611356,1.0000590902714084,0.9999590016809311,1.0000589508028839,1.000059010527486,0.9999590016809312,0.9999590016809311,0.9999590016809311,0.9999590016809311,0.9999590016809312,1.0000590204885267,1.0001589795417811,0.999959001680931,0.9999590016809311,1.000058970703157,0.9999590016809312,0.9999590016809311
70,0.9999470028088511,0.9999470028088512,0.9999470028088512,1.0000470303791897,0.9999470028088512,0.9999470028088512,1.000147237460622,0.9999470028088511,1.000046950731478,1.0000468910788831,0.9999470028088511,1.0000470303791897,0.9999470028088512,1.0000470303791897,0.9999470028088512,0.9999470028088511,0.9999470028088511,0.9999470028088512,1.0000469407844315,1.0001468588698783,0.9999470028088512,0.9999470028088511,0.9999470028088512,1.0001469981840017,1.0000469010160369,0.9999470028088512,0.9999470028088512,0.9999470028088512,0.9999470028088512,0.9999470028088512,1.000146918552158,1.0001470778793096,1.000046950731478,1.0001469981840017,1.0000470004964264,1.0000470204162843,1.0000468712105053,0.9999470028088512,0.9999470028088512,0.9999470028088512,0.9999470028088512,1.0000470702506679,0.9999470028088512,1.0000469805845014,0.9999470028088512,0.9999470028088511,1.0000470204162843,1.0000469805845014,0.9999470028088513,0.9999470028088512,1.0000470104553636,1.0000470303791897,1.0002470855198675,0.9999470028088512,1.0000469308393647,0.9999470028088512,0.9999470028088512,0.9999470028088513,0.9999470028088511,1.0000469706315123,1.0000470004964264,0.9999470028088512,0.9999470028088512,0.9999470028088512,0.9999470028088512,1.0000468513500294,0.9999470028088511,0.9999470028088512,1.0000468811437062,0.9999470028088511,1.0000468910788831,1.0000469805845014,0.9999470028088512,0.9999470028088512,0.9999470028088511,0.9999470028088513,0.9999470028088513,0.9999470028088512,1.0000469805845014,0.9999470028088513,0.9999470028088512,0.9999470028088513,1.0000469606805047,0.9999470028088512,0.9999470028088511,0.9999470028088512,0.9999470028088512,1.0002470257483884,1.0000469407844315,0.9999470028088512,1.0000470403440804,1.0001468986541047,0.9999470028088512,0.9999470028088513,1.0000469905394727,0.9999470028088512,1.000046950731478,1.0000469706315123,1.0000469905394727,1.000047100175142
71,1.0000560005234298,0.9999560019359148,0.9999560019359148,0.9999560019359148,1.0002559379621467,0.9999560019359148,1.0000561201628164,0.9999560019359147,1.0000559507580333,0.9999560019359148,0.9999560019359149,0.9999560019359148,1.0000560304064623,0.9999560019359148,0.9999560019359149,1.0000560005234298,1.0000560005234298,0.9999560019359148,0.9999560019359149,0.9999560019359149,1.0000560304064623,0.9999560019359149,0.9999560019359148,1.0000560005234298,0.9999560019359148,0.9999560019359148,1.000056130145689,1.0000560702782988,0.9999560019359148,1.0000559806113254,0.9999560019359148,0.9999560019359148,0.9999560019359148,1.0000560005234298,0.9999560019359149,0.9999560019359148,1.000055871236345,0.9999560019359148,0.9999560019359149,0.9999560019359148,0.9999560019359148,0.9999560019359149,0.9999560019359148,0.9999560019359148,0.9999560019359148,0.9999560019359149,1.0000560204434672,0.9999560019359148,1.000055930865741,1.0000559209225641,0.9999560019359149,0.9999560019359148,0.9999560019359148,1.000056050338408,0.9999560019359149,0.9999560019359148,1.0000560403714422,1.0000559408108973,0.9999560019359147,0.9999560019359148,0.9999560019359149,1.0000559806113254,0.9999560019359149,1.0000560403714422,1.0001558995801518,0.9999560019359147,0.9999560019359149,1.0000559507580333,0.9999560019359148,1.0000560104824565,1.0001557802738885,0.9999560019359148,0.9999560019359148,0.9999560019359148,0.9999560019359147,1.0000560204434672,0.9999560019359149,0.9999560019359148,1.0000559806113254,1.000055930865741,1.0000559607071497,0.9999560019359149,1.0001559194783844,1.0000559905663862,0.9999560019359147,0.9999560019359148,0.9999560019359148,1.0000560104824565,0.9999560019359149,0.9999560019359148,1.0001560788069697,0.9999560019359148,1.0000559905663862,0.9999560019359148,1.0000559905663862,0.9999560019359148,0.9999560019359148,1.0000559706582468,1.0000559905663862,0.9999560019359148
72,0.8045349831448173,1.502297761929103,1.5030625477567858,0.8045349831448172,0.8045349831448171,0.8045349831448171,0.8045349831448173,0.8045349831448172,0.8045349831448172,0.8045349831448172,0.8045349831448172,0.8045349831448172,0.8045349831448172,0.8045349831448172,0.8045349831448172,0.8045349831448173,1.5026451841451873,1.5023672187058086,0.8045349831448173,1.5021588898465503,0.8045349831448172,0.8045349831448172,0.8045349831448171,0.8045349831448173,0.8045349831448173,0.8045349831448172,0.8045349831448172,0.8045349831448172,0.8045349831448173,0.8045349831448171,1.5023672187058086,0.8045349831448173,0.8045349831448172,1.5026451841451873,0.8045349831448173,0.8045349831448173,2.198950226992797,0.8045349831448173,0.8045349831448173,0.8045349831448172,0.8045349831448173,0.8045349831448172,0.8045349831448172,0.8045349831448171,1.5028538035896541,1.5026451841451873,0.8045349831448173,0.8045349831448171,0.8045349831448172,0.8045349831448173,0.8045349831448172,0.8045349831448172,1.5028538035896541,0.8045349831448172,0.8045349831448172,0.8045349831448173,0.8045349831448173,0.8045349831448173,0.8045349831448172,0.8045349831448172,0.8045349831448173,0.8045349831448171,1.5020894745324507,0.8045349831448173,0.8045349831448172,1.5016039538563333,2.8990741640368753,1.502297761929103,0.8045349831448171,0.8045349831448172,0.8045349831448172,0.8045349831448171,1.5036198094756628,0.8045349831448173,0.8045349831448172,0.8045349831448173,0.8045349831448173,0.8045349831448172,1.502506173750723,0.8045349831448172,0.8045349831448171,1.5022283189773926,0.8045349831448171,0.8045349831448172,0.8045349831448172,2.2015901123687542,0.8045349831448172,2.2008944370728556,0.8045349831448173,2.2000605407133884,0.8045349831448173,0.8045349831448172,0.8045349831448172,0.8045349831448173,0.8045349831448172,0.8045349831448172,0.8045349831448172,0.8045349831448172,0.8045349831448172,1.5033410675193906
73,0.8211755312751853,1.2915460954852942,0.8211755312751854,0.8211755312751853,0.8211755312751853,0.8211755312751853,0.8211755312751854,1.292202448310864,1.2915460954852942,0.8211755312751853,0.8211755312751854,1.2919209300817363,0.8211755312751853,0.8211755312751853,0.8211755312751853,1.2917802971205312,0.8211755312751853,0.8211755312751853,0.8211755312751853,0.8211755312751853,0.8211755312751853,0.8211755312751853,0.8211755312751853,0.8211755312751853,1.2913121268401442,1.2919209300817363,0.8211755312751853,0.8211755312751853,0.8211755312751854,0.8211755312751853,1.7620103030488197,0.8211755312751854,0.8211755312751853,0.8211755312751853,1.7623850629658775,1.2918740430898235,0.8211755312751853,0.8211755312751854,0.8211755312751853,0.8211755312751853,0.8211755312751854,0.8211755312751853,0.8211755312751853,1.2916865884853572,0.8211755312751853,0.8211755312751853,0.8211755312751854,0.8211755312751853,1.2914524800878995,2.231865996534578,0.8211755312751853,0.8211755312751853,0.8211755312751853,0.8211755312751853,0.8211755312751853,0.8211755312751854,1.2919678264155487,2.2321467868341918,0.8211755312751853,1.2916397481610953,0.8211755312751853,1.2916865884853572,0.8211755312751853,0.8211755312751854,0.8211755312751853,1.7609812503999671,1.2918271654370184,0.8211755312751853,0.8211755312751853,0.8211755312751853,1.7613551908034784,1.2916865884853572,0.8211755312751854,1.2919678264155487,0.8211755312751853,1.2918740430898235,0.8211755312751853,0.8211755312751853,0.8211755312751853,0.8211755312751853,0.8211755312751853,1.2914992831281875,1.2915929171620026,0.8211755312751853,0.8211755312751853,0.8211755312751854,1.2915460954852942,0.8211755312751853,1.2914992831281875,0.8211755312751853,0.8211755312751854,1.2915460954852942,0.8211755312751853,0.8211755312751854,0.8211755312751853,1.7628539329129187,0.8211755312751853,0.8211755312751853,0.8211755312751853,0.8211755312751854
74,1.1995928613242992,0.901697451500178,0.9016974515001781,0.9016974515001779,0.901697451500178,1.199474248778082,0.9016974515001779,0.9016974515001781,0.901697451500178,0.901697451500178,0.9016974515001781,0.9016974515001779,0.9016974515001779,0.9016974515001779,0.901697451500178,0.9016974515001781,0.9016974515001781,0.901697451500178,1.199414977918751,0.9016974515001781,0.9016974515001779,0.901697451500178,0.901697451500178,0.9016974515001781,0.901697451500178,0.9016974515001779,1.498260559577519,0.901697451500178,0.9016974515001779,1.4973696349836159,0.901697451500178,0.901697451500178,0.901697451500178,0.9016974515001781,1.1995928613242992,0.9016974515001781,1.1992077155930496,1.1998898065095307,1.1993557306498124,0.901697451500178,1.1997115684013362,0.901697451500178,1.795650745290543,1.1995335432418968,0.9016974515001779,0.9016974515001781,1.1996522030394037,1.1995335432418968,0.9016974515001781,0.901697451500178,0.901697451500178,0.9016974515001779,1.199681882763633,0.901697451500178,0.9016974515001781,0.901697451500178,1.1997115684013362,0.9016974515001779,0.9016974515001781,0.9016974515001781,0.9016974515001781,1.1995335432418968,0.901697451500178,0.901697451500178,0.901697451500178,0.9016974515001779,0.901697451500178,0.901697451500178,0.9016974515001781,0.901697451500178,0.901697451500178,0.901697451500178,0.9016974515001779,0.901697451500178,1.1998600853538435,0.9016974515001781,0.9016974515001779,0.9016974515001781,0.901697451500178,1.1993853513363633,1.199474248778082,0.9016974515001779,0.901697451500178,1.1995631993298925,1.4980227192075088,0.9016974515001781,0.901697451500178,0.901697451500178,0.9016974515001779,1.199444610398737,1.1997115684013362,0.901697451500178,0.9016974515001781,1.1996522030394037,0.9016974515001781,0.901697451500178,1.199444610398737,0.9016974515001781,1.4974289471596074,0.901697451500178
75,1.0000600005874292,0.999960001599936,1.0000600603715986,0.9999600015999361,1.0000599806752455,0.999960001599936,0.999960001599936,0.999960001599936,0.999960001599936,1.0000598911684635,1.0001601590311513,0.9999600015999361,1.0000600304705811,0.9999600015999361,1.0000600703425775,1.0000600005874292,0.9999600015999361,1.00005996077099,1.000059940874658,0.999960001599936,1.0000600304705811,1.0000600105464958,0.999960001599936,0.9999600015999361,1.0000599011057465,1.0000600304705811,0.999960001599936,0.999960001599936,0.999960001599936,0.999960001599936,0.999960001599936,0.999960001599936,0.999960001599936,0.9999600015999361,0.9999600015999361,0.999960001599936,0.999960001599936,1.0000601002674407,1.0000599209862453,1.0000598911684635,1.0000600404356013,0.999960001599936,0.9999600015999361,0.999960001599936,0.9999600015999361,0.9999600015999361,0.999960001599936,1.0000599806752455,1.000059930929462,1.0000599209862453,1.0001600194930556,0.9999600015999361,0.9999600015999361,1.0001600992052777,0.999960001599936,1.0001600792712664,0.999960001599936,0.9999600015999361,1.0000600902904977,0.9999600015999361,0.9999600015999361,0.999960001599936,0.9999600015999361,0.999960001599936,0.999960001599936,0.9999600015999358,0.999960001599936,0.999960001599936,0.9999600015999361,0.999960001599936,1.0000598911684635,0.999960001599936,0.9999600015999359,1.0000600404356013,1.0000600902904977,0.999960001599936,1.000059940874658,1.000059970722127,0.999960001599936,1.000059930929462,1.00005996077099,1.00015988014938,1.00005996077099,0.999960001599936,0.999960001599936,0.999960001599936,0.999960001599936,0.999960001599936,0.9999600015999361,0.999960001599936,0.999960001599936,0.999960001599936,0.999960001599936,0.999960001599936,0.999960001599936,0.9999600015999359,0.999960001599936,0.9999600015999361,0.999960001599936,1.0000601002674407
76,1.0000520004914293,0.9999520023038894,1.0000520602751204,0.9999520023038896,0.9999520023038894,1.0000519606753084,0.9999520023038895,0.9999520023038895,1.0000519507262318,0.9999520023038895,0.9999520023038895,0.9999520023038896,0.9999520023038896,0.9999520023038896,0.9999520023038895,1.0000520004914293,0.9999520023038894,1.0001519190467272,1.0000519407791357,0.9999520023038894,0.9999520023038896,0.9999520023038894,0.9999520023038894,0.9999520023038894,1.0000519010105422,1.000052030374342,0.9999520023038895,0.9999520023038895,1.0000521201303374,0.9999520023038894,0.9999520023038894,0.9999520023038896,1.0000519507262318,1.0000520004914293,0.9999520023038894,1.0000520204113867,1.0000518712048616,0.9999520023038895,0.9999520023038894,0.9999520023038895,1.0000520403392823,0.9999520023038895,0.9999520023038896,0.9999520023038894,0.9999520023038896,0.9999520023038894,1.0001520385188842,0.9999520023038894,1.0000519308340192,0.9999520023038894,0.9999520023038894,0.9999520023038896,1.0001520584447945,0.9999520023038895,1.0000519308340192,0.9999520023038896,1.0000520403392823,0.9999520023038894,0.9999520023038895,1.0000519706263657,1.0000520004914293,1.0000519805794046,1.000051920890882,0.9999520023038896,0.9999520023038894,1.0000518513442864,0.9999520023038894,1.0000519507262318,0.9999520023038895,0.9999520023038894,1.0002516686122374,0.9999520023038894,0.9999520023038895,1.0000520403392823,0.9999520023038895,0.9999520023038896,1.0000519407791357,0.9999520023038894,1.0000519805794046,0.9999520023038894,1.0000519606753084,1.0001518792543818,0.9999520023038894,0.9999520023038894,0.9999520023038895,1.0000520602751204,0.9999520023038894,1.000052010450416,0.9999520023038894,1.0000519507262318,1.0000520403392823,1.0000519507262318,1.0000519905344256,1.0000520204113867,1.0001519787649615,1.0000520503062083,0.9999520023038894,0.9999520023038894,0.9999520023038894,0.9999520023038895
77,0.9519546486900196,1.2721071528937395,0.9519546486900197,0.9519546486900196,0.9519546486900197,1.0586827729761294,0.9519546486900194,1.0588210631800286,0.9519546486900196,0.9519546486900194,1.1656661768100633,1.05875719242727,0.9519546486900196,0.9519546486900196,0.9519546486900196,0.9519546486900196,0.9519546486900196,0.9519546486900196,0.9519546486900197,1.058650910664172,0.9519546486900196,0.9519546486900194,1.0587040250916782,0.9519546486900196,1.0586190673707059,0.9519546486900196,0.9519546486900196,0.9519546486900196,0.9519546486900194,0.9519546486900197,1.0586827729761294,0.9519546486900196,1.0586721500912595,1.0587252856725191,0.9519546486900196,0.9519546486900197,1.0585872430787078,0.9519546486900196,0.9519546486900196,0.9519546486900194,1.0587678322503165,0.9519546486900196,0.9519546486900196,0.9519546486900197,0.9519546486900196,1.0587252856725191,0.9519546486900197,0.9519546486900197,0.9519546486900194,1.058640294120692,0.9519546486900194,0.9519546486900196,1.05875719242727,1.1656022996969457,0.9519546486900194,0.9519546486900196,1.0587678322503165,0.9519546486900197,0.9519546486900196,0.9519546486900194,0.9519546486900196,1.1654534014933369,1.058640294120692,1.0587678322503165,1.1653896514924997,0.9519546486900198,0.9519546486900194,0.9519546486900196,1.058597849065816,0.9519546486900194,1.0586084571629388,0.9519546486900197,1.0588743471920397,0.9519546486900196,1.0588210631800286,1.0587465547237107,0.9519546486900197,0.9519546486900194,1.1654534014933369,0.9519546486900194,0.9519546486900196,1.1653684099516157,1.0586827729761294,0.9519546486900196,1.0588210631800286,0.9519546486900197,0.9519546486900196,1.1655171895879897,0.9519546486900197,0.9519546486900196,0.9519546486900196,0.9519546486900196,0.9519546486900196,0.9519546486900197,1.0587146543236208,0.9519546486900194,1.1653896514924997,1.0586933979760582,0.9519546486900196,0.9519546486900196
78,1.0000560005234298,1.0000559507580333,0.9999560019359148,1.0000560304064623,0.9999560019359148,0.9999560019359148,0.9999560019359148,0.9999560019359147,1.0001558995801518,0.9999560019359148,0.9999560019359149,0.9999560019359148,0.9999560019359148,1.0000560304064623,0.9999560019359149,1.0000560005234298,1.0000560005234298,0.9999560019359148,0.9999560019359149,1.000055930865741,0.9999560019359148,0.9999560019359149,0.9999560019359148,1.0000560005234298,1.0000559010421448,1.0001560588770093,0.9999560019359148,1.0000560702782988,0.9999560019359148,0.9999560019359148,0.9999560019359148,1.0000560403714422,1.00025584840227,0.9999560019359149,0.9999560019359149,0.9999560019359148,1.000055871236345,0.9999560019359148,0.9999560019359149,0.9999560019359148,1.0000560403714422,0.9999560019359149,0.9999560019359148,0.9999560019359148,0.9999560019359148,0.9999560019359149,0.9999560019359148,0.9999560019359148,0.9999560019359149,0.9999560019359149,1.0000560104824565,1.0000560304064623,1.0000560304064623,0.9999560019359148,0.9999560019359149,0.9999560019359148,1.0000560403714422,0.9999560019359149,0.9999560019359147,1.0000559706582468,1.0000560005234298,0.9999560019359148,1.0000559209225641,0.9999560019359148,0.9999560019359148,1.0000558513756903,1.0000560104824565,0.9999560019359148,0.9999560019359148,0.9999560019359149,0.9999560019359148,0.9999560019359148,0.9999560019359148,0.9999560019359148,1.0000560902261395,0.9999560019359148,1.0001558796858798,0.9999560019359148,0.9999560019359148,1.000055930865741,0.9999560019359148,0.9999560019359149,0.9999560019359148,0.9999560019359149,1.0000560902261395,1.00005606030736,1.0000559507580333,0.9999560019359149,1.0000559408108973,0.9999560019359148,1.0000560403714422,0.9999560019359148,1.0000559905663862,1.0000560204434672,0.9999560019359149,0.9999560019359148,1.00025584840227,0.9999560019359148,0.9999560019359149,1.0000561002030426
79,0.9138341921273677,0.9138341921273677,1.0897931668386793,0.9138341921273678,0.9138341921273678,1.0896180135690088,0.9138341921273677,0.9138341921273678,0.9138341921273677,0.9138341921273678,0.9138341921273677,1.0897405842184849,0.9138341921273678,0.9138341921273678,0.9138341921273677,1.0896880330159082,0.9138341921273677,0.9138341921273677,0.9138341921273676,0.9138341921273676,0.9138341921273678,1.0897055465943257,1.2654718405150072,0.9138341921273677,1.0895130888845033,1.0897405842184849,0.9138341921273677,0.9138341921273677,0.9138341921273677,0.9138341921273678,0.9138341921273677,0.9138341921273678,0.9138341921273677,1.0896880330159082,1.0896880330159082,0.9138341921273677,1.0894606735000902,0.9138341921273677,0.9138341921273677,0.9138341921273678,0.9138341921273678,0.9138341921273677,0.9138341921273678,1.0896530163211875,1.0897405842184849,0.9138341921273677,1.0897230636615036,0.9138341921273678,1.0895655355647968,1.2652619075905964,0.9138341921273677,0.9138341921273678,0.9138341921273678,0.9138341921273676,0.9138341921273676,1.0897581082663124,1.0897581082663124,1.0895830247510465,0.9138341921273678,1.4412381553536668,0.9138341921273677,1.0896530163211875,0.9138341921273677,1.0897581082663124,0.9138341921273677,1.4406088575950196,1.0897055465943257,0.9138341921273677,0.9138341921273676,1.2655769010612836,0.9138341921273678,0.9138341921273678,1.0899335409708784,0.9138341921273678,1.089845780904675,0.9138341921273677,0.9138341921273676,0.9138341921273677,0.9138341921273678,1.2652968790022259,1.2654018350106497,0.9138341921273676,0.9138341921273677,0.9138341921273676,1.089845780904675,1.0897931668386793,1.2653668427101734,0.9138341921273677,0.9138341921273676,1.0896005174187706,0.9138341921273678,1.0896005174187706,1.0896705229252095,1.2656119351956396,0.9138341921273676,0.9138341921273676,1.2653668427101734,0.9138341921273677,0.9138341921273676,0.9138341921273677
80,1.2034505618496047,1.2032630677159317,0.8266998496466674,0.8266998496466675,0.8266998496466675,0.8266998496466674,0.8266998496466674,0.8266998496466674,1.2032630677159317,1.2030383209429865,0.8266998496466674,0.8266998496466675,1.2035631479773674,1.2035631479773674,0.8266998496466675,0.8266998496466674,0.8266998496466674,0.8266998496466674,0.8266998496466674,1.5796763949629966,0.8266998496466675,1.5802763165208624,0.8266998496466675,1.2034505618496047,0.8266998496466675,1.580426446308067,1.2039389215323886,0.8266998496466675,0.8266998496466674,0.8266998496466675,0.8266998496466674,1.5805015336358876,0.8266998496466675,0.8266998496466674,0.8266998496466674,0.8266998496466675,0.8266998496466675,0.8266998496466675,0.8266998496466675,1.2030383209429865,0.8266998496466677,0.8266998496466675,1.2035631479773674,1.2033755417954026,1.580426446308067,0.8266998496466674,0.8266998496466675,1.2033755417954026,0.8266998496466677,0.8266998496466675,0.8266998496466677,0.8266998496466675,0.8266998496466675,0.8266998496466675,1.5796763949629966,1.2036006916412776,1.2036006916412776,0.8266998496466674,1.2037885222213605,0.8266998496466674,0.8266998496466674,1.9567269260928728,0.8266998496466675,1.2036006916412776,1.2032630677159317,0.8266998496466674,1.5802763165208624,0.8266998496466675,0.8266998496466675,0.8266998496466677,1.2030383209429865,0.8266998496466675,0.8266998496466675,0.8266998496466677,0.8266998496466674,0.8266998496466675,0.8266998496466674,0.8266998496466674,0.8266998496466675,1.2031881223048322,1.579901253576967,0.8266998496466674,0.8266998496466674,0.8266998496466675,1.2037885222213605,1.2036758014144928,1.9563895038544599,0.8266998496466677,1.5797513329153567,0.8266998496466675,0.8266998496466677,1.2032630677159317,0.8266998496466675,0.8266998496466675,0.8266998496466675,0.8266998496466675,0.8266998496466675,0.8266998496466674,0.8266998496466675,0.8266998496466675
81,0.8951624687200053,0.8951624687200053,0.8951624687200053,0.8951624687200054,0.8951624687200054,0.8951624687200055,1.1138418348659611,0.8951624687200054,0.8951624687200053,0.8951624687200054,0.8951624687200054,1.1136457880191326,0.8951624687200054,1.1136457880191326,0.8951624687200053,0.8951624687200053,0.8951624687200053,0.8951624687200055,0.8951624687200054,0.8951624687200054,1.3321291073182597,0.8951624687200055,1.1135370249171317,0.8951624687200053,1.331563989301768,0.8951624687200054,0.8951624687200054,1.1137328765370393,0.8951624687200053,1.1135370249171317,0.8951624687200055,0.8951624687200054,1.1134718190179984,0.8951624687200053,1.1135805171609472,0.8951624687200053,1.331433784969421,0.8951624687200054,0.8951624687200053,1.3315205792231264,0.8951624687200054,0.8951624687200053,1.1136457880191326,1.1135370249171317,1.3321291073182597,0.8951624687200053,1.3320855847446942,1.3319115811142581,0.8951624687200054,0.8951624687200053,0.8951624687200055,0.8951624687200054,1.550612426617387,0.8951624687200054,1.1134283700478924,0.8951624687200054,0.8951624687200054,1.113450092370875,0.8951624687200054,0.8951624687200053,1.1135805171609472,0.8951624687200054,1.1134066520477603,1.113667553641697,0.8951624687200053,0.8951624687200053,0.8951624687200055,1.3317811693159918,1.1133198232499375,1.113602269780053,0.8951624687200054,0.8951624687200054,0.8951624687200054,0.8951624687200054,1.3323904249532235,0.8951624687200053,0.8951624687200054,0.8951624687200053,0.8951624687200054,1.1134283700478924,0.8951624687200055,0.8951624687200054,0.8951624687200055,0.8951624687200054,1.3323904249532235,0.8951624687200053,1.3317811693159918,1.113602269780053,0.8951624687200054,1.1134718190179984,1.113667553641697,1.1134718190179984,1.1135587688737383,0.8951624687200053,0.8951624687200054,0.8951624687200054,0.8951624687200053,0.8951624687200053,0.8951624687200054,0.8951624687200054
82,1.0809593759590095,0.9310384208396542,0.931038420839654,1.0810041775194599,0.9310384208396542,1.2307609434971434,1.081138743004018,0.9310384208396542,0.9310384208396542,0.9310384208396542,0.931038420839654,0.9310384208396542,0.9310384208396542,0.9310384208396542,0.9310384208396542,0.931038420839654,1.0809593759590095,1.0808996821683987,1.080869853095682,1.080854943011867,1.0810041775194599,0.9310384208396542,0.9310384208396542,0.931038420839654,0.9310384208396543,0.9310384208396542,0.9310384208396542,1.0810639546023415,0.9310384208396542,0.9310384208396542,0.931038420839654,1.2309998138080875,1.0808847661475638,1.230880331078365,0.931038420839654,0.931038420839654,0.931038420839654,0.9310384208396542,1.2306416509508118,0.9310384208396542,0.9310384208396542,1.0810639546023415,1.2309699341992653,1.0809295231204754,0.9310384208396542,0.931038420839654,0.931038420839654,0.9310384208396542,0.931038420839654,0.9310384208396542,1.2309101928361819,1.0810041775194599,0.9310384208396542,0.9310384208396543,0.931038420839654,0.9310384208396542,0.9310384208396542,1.080869853095682,0.9310384208396542,1.0809146011590736,0.931038420839654,0.9310384208396542,0.9310384208396542,0.9310384208396542,1.0808847661475638,1.230433117331365,0.9310384208396542,0.9310384208396542,0.9310384208396542,0.9310384208396542,1.380309155339376,1.0809295231204754,0.931038420839654,0.9310384208396542,1.0810938610179228,0.931038420839654,0.9310384208396542,0.9310384208396542,0.9310384208396542,1.080854943011867,0.931038420839654,0.9310384208396542,0.931038420839654,0.931038420839654,1.0810938610179228,0.931038420839654,0.9310384208396542,0.9310384208396542,1.080869853095682,1.0808847661475638,1.2309998138080875,0.9310384208396542,0.931038420839654,1.080989240691105,1.2308504752673288,0.9310384208396543,1.0808847661475638,0.9310384208396542,1.0809444480534913,0.9310384208396542
83,0.9999570018489206,0.9999570018489206,0.9999570018489206,0.9999570018489204,0.9999570018489204,0.9999570018489206,0.9999570018489204,0.9999570018489206,1.0000569507709836,0.9999570018489207,1.0000570802643047,1.000057030419492,0.9999570018489204,0.9999570018489204,0.9999570018489204,0.9999570018489206,0.9999570018489206,0.9999570018489206,1.0000569408238378,0.9999570018489204,1.000057030419492,1.0001570191420122,1.0000569806243054,0.9999570018489206,0.9999570018489206,0.9999570018489204,0.9999570018489204,1.0000570702913687,0.9999570018489204,0.9999570018489204,1.0000569607201097,0.9999570018489206,1.0000569507709836,1.0000570005364298,1.0000570005364298,0.9999570018489204,1.0000568712492157,0.9999570018489206,0.9999570018489206,0.9999570018489207,0.9999570018489206,0.9999570018489204,1.000057030419492,1.0000569806243054,0.9999570018489204,0.9999570018489206,0.9999570018489204,1.0000569806243054,0.9999570018489204,0.9999570018489206,1.0000570104954665,1.000057030419492,0.9999570018489204,0.9999570018489206,0.9999570018489204,0.9999570018489206,0.9999570018489206,1.0001568797987546,1.000157178629538,0.9999570018489206,0.9999570018489206,1.0001569593996904,0.9999570018489206,1.0001570789200436,1.0000569507709836,1.0000568513885413,0.9999570018489206,0.9999570018489206,0.9999570018489206,0.9999570018489206,0.9999570018489207,0.9999570018489204,0.9999570018489206,1.0000570403844822,0.9999570018489206,1.000057020456487,0.9999570018489207,0.9999570018489206,1.0001569593996904,1.0000569308786713,0.9999570018489206,0.9999570018489207,0.9999570018489206,0.9999570018489206,0.9999570018489206,1.0000570603204197,0.9999570018489206,0.9999570018489206,0.9999570018489207,1.0000569507709836,1.0000570403844822,1.0001568996930466,1.0000569905793764,0.9999570018489204,0.9999570018489206,0.9999570018489206,1.0000569507709836,1.0000569706712168,1.0000569905793764,0.9999570018489206
84,1.0000670007764272,1.0000669510104834,0.9999670010889642,1.0000670306597883,0.9999670010889642,0.9999670010889642,0.9999670010889641,0.9999670010889641,0.9999670010889641,1.0000668913566957,0.9999670010889642,0.9999670010889641,1.0000670306597883,0.9999670010889641,0.9999670010889641,0.9999670010889642,0.9999670010889642,0.9999670010889642,0.9999670010889642,0.9999670010889641,1.0000670306597883,0.9999670010889641,0.9999670010889642,0.9999670010889642,0.9999670010889642,1.0000670306597883,0.9999670010889641,1.0000670705320638,0.9999670010889641,0.9999670010889642,1.000066960959709,1.000067040624878,0.9999670010889641,0.9999670010889642,0.9999670010889642,0.9999670010889642,1.0000668714879204,0.9999670010889641,1.0000669211746858,0.9999670010889641,0.9999670010889642,0.9999670010889641,1.0000670306597883,0.9999670010889642,0.9999670010889641,1.0000670007764272,1.000167040304403,0.9999670010889642,1.0000669311179724,1.0001668412604074,0.9999670010889641,1.0000670306597883,1.0000670306597883,0.9999670010889641,0.9999670010889641,0.9999670010889642,0.9999670010889642,0.9999670010889642,1.0000670904801237,1.0000669709109158,0.9999670010889642,1.0000669808641038,0.9999670010889642,0.9999670010889642,0.9999670010889641,0.999967001088964,0.9999670010889641,1.0000669510104834,1.0000668814213198,0.9999670010889641,0.9999670010889641,1.0000669808641038,1.0000671403850854,0.9999670010889642,1.0000670904801237,0.9999670010889642,0.9999670010889642,0.9999670010889641,1.0000669808641038,0.9999670010889641,0.9999670010889642,0.9999670010889642,0.9999670010889642,0.9999670010889641,1.0000670904801237,0.9999670010889642,0.9999670010889641,0.9999670010889641,0.9999670010889642,0.9999670010889641,0.9999670010889642,0.9999670010889641,1.0000669908192743,0.9999670010889642,0.9999670010889641,0.9999670010889641,0.9999670010889641,0.9999670010889641,1.0000669908192743,0.9999670010889641
85,1.0000640006834283,0.9999640012959534,0.9999640012959533,0.9999640012959534,0.9999640012959533,1.0000639608668296,1.000064120323772,0.9999640012959533,0.9999640012959534,0.9999640012959534,0.9999640012959534,1.0000640305666997,1.0000640305666997,1.0000640305666997,0.9999640012959534,0.9999640012959533,1.0000640006834283,1.0000639608668296,0.9999640012959535,0.9999640012959534,1.0000640305666997,0.9999640012959534,0.9999640012959533,1.0000640006834283,0.9999640012959535,0.9999640012959534,0.9999640012959533,0.9999640012959534,0.9999640012959534,0.9999640012959533,0.9999640012959533,0.9999640012959533,0.9999640012959534,0.9999640012959533,0.9999640012959533,0.9999640012959533,0.9999640012959534,0.9999640012959534,0.9999640012959535,1.0002636712001673,0.9999640012959533,1.0000640704388555,1.0000640305666997,1.0000639807711647,0.9999640012959534,1.0000640006834283,1.0000640206036249,1.0000639807711647,0.9999640012959534,1.0000639210819258,0.9999640012959534,0.9999640012959534,0.9999640012959534,0.9999640012959534,0.9999640012959534,0.9999640012959533,1.0000640405317596,0.9999640012959535,0.9999640012959533,0.9999640012959534,0.9999640012959533,0.9999640012959533,0.9999640012959535,0.9999640012959533,0.9999640012959534,0.9999640012959532,1.0000640106425345,1.0000639509176337,1.0000638813286788,0.9999640012959534,0.9999640012959534,1.0001639602463759,0.9999640012959534,0.9999640012959533,0.9999640012959533,1.0000640206036249,0.9999640012959535,1.0001639403400593,1.0000639807711647,0.9999640012959534,0.9999640012959533,1.0000639409704182,0.9999640012959533,0.9999640012959534,0.9999640012959533,0.9999640012959533,0.9999640012959534,0.9999640012959534,1.0001638806448827,0.9999640012959534,1.0000640405317596,0.9999640012959534,0.9999640012959534,1.0000640206036249,0.9999640012959534,0.9999640012959534,1.0000639509176337,0.9999640012959534,0.9999640012959534,0.9999640012959534
86,1.0000530004964294,1.0001528992534685,0.9999530022088962,1.0001530585498482,1.000052980584385,1.0000529606802688,0.9999530022088963,1.00005309019887,0.9999530022088963,0.9999530022088963,0.9999530022088963,1.0001530585498482,0.9999530022088962,0.9999530022088962,0.9999530022088962,0.9999530022088962,1.0000530004964294,0.9999530022088963,0.9999530022088963,0.9999530022088963,1.0000530303793722,0.9999530022088962,0.9999530022088963,0.9999530022088962,1.0002526986285365,0.9999530022088962,0.9999530022088963,1.0000530702510892,0.9999530022088963,1.000052980584385,1.0000529606802688,0.9999530022088962,1.0000529507311824,0.9999530022088962,1.0000530004964294,0.9999530022088962,0.9999530022088963,0.9999530022088963,1.0001528395827088,1.0000528910782296,1.0000530403443224,0.9999530022088962,0.9999530022088962,1.000052980584385,1.0000530303793722,0.9999530022088962,0.9999530022088962,1.000052980584385,1.0000529308389499,0.9999530022088963,0.9999530022088962,0.9999530022088962,0.9999530022088962,0.9999530022088962,0.9999530022088963,1.0000530403443224,0.9999530022088962,0.9999530022088963,0.9999530022088963,0.9999530022088963,1.0000530004964294,0.9999530022088963,1.0000529208958024,1.0001530784797485,0.9999530022088963,0.999953002208896,0.9999530022088962,1.0001528992534685,1.000052881142993,0.9999530022088962,1.0000528910782296,0.9999530022088963,1.0000531401031332,1.0000530403443224,1.00005309019887,0.9999530022088962,0.9999530022088963,0.9999530022088963,1.0001529589598734,0.9999530022088963,0.9999530022088963,0.9999530022088963,1.0000529606802688,0.9999530022088962,0.9999530022088963,0.9999530022088962,0.9999530022088963,1.0000530104554264,0.9999530022088963,0.9999530022088963,0.9999530022088962,0.9999530022088963,1.0000529905394158,1.000053020416407,0.9999530022088962,0.9999530022088962,0.9999530022088963,1.0000529706313361,0.9999530022088962,0.9999530022088963
87,0.9999590016809311,0.9999590016809311,1.0000590603525392,1.0000590304515515,1.0000589806562654,1.0000589607520298,1.0000591202081752,1.0000590902714084,0.9999590016809311,0.9999590016809311,0.9999590016809311,0.9999590016809312,0.9999590016809312,0.9999590016809312,0.999959001680931,1.0000590005684296,0.9999590016809311,0.9999590016809311,0.9999590016809312,0.9999590016809311,0.9999590016809312,0.9999590016809312,0.9999590016809311,1.0000590005684296,1.0000589010868461,0.9999590016809312,0.9999590016809311,1.0001591389660847,0.9999590016809312,0.9999590016809311,1.0001589198231287,1.0000590404165617,0.9999590016809311,0.9999590016809311,0.9999590016809311,0.9999590016809311,1.0000588712809568,0.9999590016809311,1.000058920967325,0.9999590016809311,0.9999590016809311,0.999959001680931,0.9999590016809312,1.0000589806562654,0.9999590016809312,0.9999590016809311,0.9999590016809311,1.0000589806562654,0.9999590016809311,1.000058920967325,0.9999590016809312,1.0000590304515515,0.9999590016809312,1.0001590990861833,1.0000589309105319,0.9999590016809311,0.9999590016809311,0.9999590016809312,1.0000590902714084,0.9999590016809311,1.0000590005684296,1.0000589806562654,1.000058920967325,0.9999590016809311,0.9999590016809311,0.9999590016809311,0.9999590016809312,0.9999590016809311,1.000058881214277,1.000059010527486,1.0000588911495731,1.000258938606934,0.999959001680931,0.9999590016809311,0.9999590016809311,0.9999590016809311,0.9999590016809312,0.9999590016809311,0.9999590016809311,1.0000589309105319,0.9999590016809311,1.000058940855718,0.9999590016809311,0.9999590016809312,0.9999590016809311,1.0000590603525392,0.9999590016809311,1.000059010527486,0.9999590016809312,0.9999590016809311,0.9999590016809311,0.9999590016809311,1.000058990611356,0.9999590016809311,1.000058990611356,1.0000590503835571,0.9999590016809311,1.000058970703157,0.9999590016809312,0.9999590016809311
88,0.7258682410545209,1.2967089071858255,1.8688009179419698,0.7258682410545209,0.7258682410545209,0.725868241054521,1.8694846264226603,1.2975054555089431,1.2967089071858255,1.2963682084892387,0.7258682410545209,0.7258682410545209,1.2971638056148573,0.7258682410545209,0.7258682410545209,0.7258682410545209,0.7258682410545209,0.725868241054521,0.7258682410545209,0.7258682410545209,1.2971638056148573,0.7258682410545209,0.7258682410545209,0.7258682410545209,0.7258682410545209,0.7258682410545209,0.725868241054521,1.2973915268164757,1.2976764337385907,0.7258682410545209,0.725868241054521,0.7258682410545209,0.725868241054521,0.7258682410545209,0.7258682410545209,1.297106903666196,1.8666412241716204,0.725868241054521,1.2965385069869804,1.8668681759239565,0.7258682410545209,0.7258682410545209,1.2971638056148573,1.2968794091769043,0.7258682410545209,1.2969931337672493,0.725868241054521,0.7258682410545209,1.2965952957486415,1.2965385069869804,1.8682317850483896,1.2971638056148573,0.7258682410545209,1.2972776435274926,1.2965952957486415,0.7258682410545209,0.7258682410545209,0.7258682410545209,0.7258682410545209,1.296822563864,0.7258682410545209,0.7258682410545209,0.725868241054521,0.7258682410545209,2.438390239448435,1.2961413018699945,1.8682317850483896,0.725868241054521,1.2963114649078347,0.7258682410545209,0.725868241054521,0.7258682410545209,0.725868241054521,0.7258682410545209,0.7258682410545209,0.725868241054521,1.2966520958137984,1.867776886673479,0.7258682410545209,0.7258682410545209,1.2967657298681001,0.7258682410545209,0.725868241054521,0.725868241054521,0.7258682410545209,0.7258682410545209,0.725868241054521,1.2970500130514553,0.7258682410545209,0.725868241054521,1.2972207189008267,0.725868241054521,0.725868241054521,3.5820615541128964,0.725868241054521,0.7258682410545209,0.725868241054521,1.296822563864,0.725868241054521,0.725868241054521
89,1.0000530004964294,0.9999530022088963,1.0001531183514647,1.0000530303793722,1.000052980584385,0.9999530022088963,0.9999530022088963,0.9999530022088963,1.0000529507311824,0.9999530022088963,0.9999530022088963,0.9999530022088962,1.0000530303793722,1.0000530303793722,1.0000530702510892,1.0000530004964294,0.9999530022088962,0.9999530022088963,1.0001528793592562,1.0000529308389499,0.9999530022088962,0.9999530022088962,0.9999530022088963,1.0000530004964294,0.9999530022088963,0.9999530022088962,0.9999530022088963,0.9999530022088962,0.9999530022088963,0.9999530022088963,1.0001529191516412,1.0000530403443224,1.0001528992534685,0.9999530022088962,0.9999530022088962,0.9999530022088962,1.0000528712097325,0.9999530022088963,0.9999530022088963,0.9999530022088963,0.9999530022088962,0.9999530022088962,0.9999530022088962,0.9999530022088963,0.9999530022088962,0.9999530022088962,1.000053020416407,1.000052980584385,1.0000529308389499,0.9999530022088963,0.9999530022088962,1.0000530303793722,0.9999530022088962,0.9999530022088962,0.9999530022088963,0.9999530022088962,0.9999530022088962,1.0000529407840761,1.000153178188844,0.9999530022088963,0.9999530022088962,0.9999530022088963,1.0000529208958024,0.9999530022088962,0.9999530022088963,0.999953002208896,1.0000530104554264,0.9999530022088963,0.9999530022088963,0.9999530022088962,1.0000528910782296,1.0001529589598734,0.9999530022088963,1.0000530403443224,1.00005309019887,0.9999530022088962,0.9999530022088963,1.0000529706313361,1.0001529589598734,1.0000529308389499,1.0001529191516412,0.9999530022088963,0.9999530022088963,0.9999530022088962,0.9999530022088963,1.0000530602801803,0.9999530022088963,0.9999530022088962,0.9999530022088963,1.0001528992534685,0.9999530022088962,0.9999530022088963,1.0000529905394158,0.9999530022088962,0.9999530022088962,0.9999530022088962,1.0000529507311824,1.0001529390537758,0.9999530022088962,0.9999530022088963
90,1.0001619998189122,1.0000619508657338,0.9999620014439452,1.0000620305146404,1.0001619599944649,0.9999620014439452,0.9999620014439451,0.9999620014439451,1.0000619508657338,0.9999620014439452,0.9999620014439451,1.0001620595853358,0.9999620014439452,1.0000620305146404,0.9999620014439452,0.9999620014439452,0.9999620014439452,0.9999620014439452,0.9999620014439452,0.9999620014439452,1.0000620305146404,0.9999620014439452,0.9999620014439451,0.9999620014439452,0.9999620014439452,0.9999620014439452,0.9999620014439452,0.9999620014439452,0.9999620014439451,0.9999620014439451,0.9999620014439452,1.0000620404796805,0.9999620014439451,0.9999620014439452,0.9999620014439452,1.0000620205515856,1.0000618713435683,0.9999620014439452,1.0000619210300854,1.000061891212244,0.9999620014439452,0.9999620014439452,0.9999620014439452,0.9999620014439451,0.9999620014439452,0.9999620014439452,1.0000620205515856,0.9999620014439451,1.0000619309733223,1.0000619210300854,0.9999620014439452,0.9999620014439452,0.9999620014439452,0.9999620014439451,0.9999620014439452,1.0000620404796805,1.0000620404796805,0.9999620014439452,0.9999620014439451,0.9999620014439452,0.9999620014439452,0.9999620014439451,0.9999620014439452,1.0000620404796805,0.9999620014439451,0.999962001443945,1.0001620197370853,1.0000619508657338,0.9999620014439451,0.9999620014439452,0.9999620014439452,1.000061980719205,0.9999620014439452,0.9999620014439452,1.0000620903346766,1.0000620205515856,0.9999620014439452,0.9999620014439452,0.9999620014439451,0.9999620014439452,0.9999620014439452,1.0000619409185383,0.9999620014439452,0.9999620014439452,0.9999620014439451,0.9999620014439452,0.9999620014439451,1.0001620197370853,1.0001618803931311,1.0000619508657338,0.9999620014439452,0.9999620014439451,1.0000619906743256,0.9999620014439451,1.0000619906743256,0.9999620014439451,1.0000619508657338,0.9999620014439452,0.9999620014439452,1.0000621003116394
91,0.9999530022088962,0.9999530022088963,0.9999530022088962,0.9999530022088962,0.9999530022088963,1.0000529606802688,0.9999530022088963,1.00005309019887,1.0000529507311824,1.0000528910782296,1.0000530802239858,0.9999530022088962,0.9999530022088962,0.9999530022088962,0.9999530022088962,0.9999530022088962,0.9999530022088962,0.9999530022088963,1.0000529407840761,0.9999530022088963,0.9999530022088962,0.9999530022088962,0.9999530022088963,0.9999530022088962,1.0000529010154429,0.9999530022088962,1.0000531301182998,0.9999530022088962,0.9999530022088963,1.0001529589598734,0.9999530022088963,0.9999530022088962,0.9999530022088963,0.9999530022088962,1.0000530004964294,0.9999530022088962,0.9999530022088963,1.0000531001757431,0.9999530022088963,1.0000528910782296,1.0001530784797485,0.9999530022088962,1.0000530303793722,0.9999530022088963,1.0000530303793722,1.0000530004964294,1.000053020416407,1.000052980584385,1.0001528594690035,0.9999530022088963,0.9999530022088962,0.9999530022088962,0.9999530022088962,0.9999530022088962,1.0000529308389499,0.9999530022088962,0.9999530022088962,1.0000529407840761,1.00005309019887,0.9999530022088963,1.0000530004964294,0.9999530022088963,0.9999530022088963,1.0000530403443224,0.9999530022088963,1.0000528513491376,1.0000530104554264,0.9999530022088963,1.000052881142993,1.0000530104554264,1.0000528910782296,1.000052980584385,0.9999530022088963,0.9999530022088962,0.9999530022088963,1.0001530386239177,0.9999530022088963,0.9999530022088963,0.9999530022088963,1.0001528594690035,0.9999530022088963,0.9999530022088963,0.9999530022088963,0.9999530022088962,0.9999530022088963,0.9999530022088962,1.0000529507311824,0.9999530022088962,1.0001528793592562,1.0001528992534685,0.9999530022088962,0.9999530022088963,1.0000529905394158,1.000053020416407,0.9999530022088962,1.0000530503112584,0.9999530022088963,1.0000529706313361,0.9999530022088962,1.0000531001757431
92,0.9999570018489206,0.9999570018489206,1.0000570603204197,0.9999570018489204,0.9999570018489204,1.0000569607201097,1.0001572385029518,0.9999570018489206,1.0002568486151096,0.9999570018489207,0.9999570018489204,1.000057030419492,1.0001570589900635,1.000057030419492,0.9999570018489204,0.9999570018489206,0.9999570018489206,1.0000569607201097,1.0000569408238378,0.9999570018489204,0.9999570018489204,0.9999570018489206,0.9999570018489204,1.0000570005364298,0.9999570018489206,0.9999570018489204,0.9999570018489204,0.9999570018489204,0.9999570018489204,1.0000569806243054,0.9999570018489206,0.9999570018489206,0.9999570018489206,0.9999570018489206,1.0000570005364298,1.000057020456487,0.9999570018489206,0.9999570018489206,0.9999570018489206,1.0000568911177923,0.9999570018489206,0.9999570018489204,1.000057030419492,0.9999570018489204,0.9999570018489204,0.9999570018489206,0.9999570018489204,1.0000569806243054,0.9999570018489204,0.9999570018489206,1.0000570104954665,0.9999570018489204,0.9999570018489204,0.9999570018489206,0.9999570018489204,1.0000570403844822,0.9999570018489206,0.9999570018489207,0.9999570018489206,0.9999570018489206,1.0000570005364298,1.0000569806243054,1.0000569209354844,0.9999570018489206,1.0000569507709836,0.9999570018489204,1.0000570104954665,1.0000569507709836,0.9999570018489206,1.0001570191420122,0.9999570018489207,0.9999570018489204,1.000057140143692,0.9999570018489206,0.9999570018489206,1.000057020456487,1.0000569408238378,0.9999570018489206,1.0001569593996904,1.0000569308786713,0.9999570018489206,0.9999570018489207,0.9999570018489206,0.9999570018489206,1.000157178629538,0.9999570018489206,1.0000569507709836,0.9999570018489206,0.9999570018489207,0.9999570018489206,0.9999570018489206,0.9999570018489206,0.9999570018489206,0.9999570018489204,1.0000569905793764,0.9999570018489206,0.9999570018489206,1.0000569706712168,1.000156979309832,0.9999570018489206
93,0.9999600015999361,0.999960001599936,1.0000600603715986,1.0000600304705811,0.999960001599936,1.00005996077099,0.999960001599936,0.999960001599936,1.000059950821834,0.9999600015999361,0.9999600015999359,0.9999600015999361,0.9999600015999361,1.0001600593412263,0.999960001599936,0.9999600015999361,0.9999600015999361,0.999960001599936,1.000059940874658,1.000059930929462,0.9999600015999361,0.999960001599936,1.0000599806752455,1.0000600005874292,0.999960001599936,0.9999600015999361,0.999960001599936,0.999960001599936,0.999960001599936,1.0000599806752455,1.000159919942044,0.999960001599936,1.000059950821834,0.9999600015999361,1.0000600005874292,1.0000600205075463,0.999960001599936,1.0000601002674407,1.0000599209862453,0.9999600015999361,0.999960001599936,0.999960001599936,0.9999600015999361,0.999960001599936,1.0000600304705811,1.0000600005874292,0.999960001599936,1.0001599597505546,0.999960001599936,0.9999600015999361,0.999960001599936,0.9999600015999361,0.9999600015999361,1.000060050402607,0.999960001599936,0.999960001599936,0.999960001599936,1.000059940874658,0.999960001599936,0.9999600015999361,1.0000600005874292,1.0001599597505546,0.9999600015999361,1.0000600404356013,0.999960001599936,1.0000598514390935,0.999960001599936,0.999960001599936,0.9999600015999361,1.0000600105464958,1.0000598911684635,0.999960001599936,0.9999600015999359,0.999960001599936,0.999960001599936,0.999960001599936,1.000059940874658,1.000059970722127,0.999960001599936,0.999960001599936,1.00005996077099,0.9999600015999361,0.999960001599936,0.999960001599936,0.999960001599936,0.999960001599936,0.999960001599936,1.0000600105464958,0.9999600015999361,0.999960001599936,0.999960001599936,0.999960001599936,1.000059990630346,0.999960001599936,0.999960001599936,1.0002601480079483,1.000059950821834,0.9999600015999361,0.999960001599936,0.999960001599936
94,0.83910747502536,0.8391074750253598,1.2135110184441287,1.2133991337314824,1.9614234731588023,0.8391074750253598,1.2137349886595339,0.8391074750253598,1.213101101157615,1.5866483009978587,0.8391074750253599,1.5876907924376056,1.2133991337314824,0.8391074750253599,0.8391074750253598,0.83910747502536,0.83910747502536,0.8391074750253598,1.5870202858833944,0.8391074750253598,1.2133991337314824,1.5875416871059824,0.8391074750253599,1.9616469975559607,0.8391074750253598,0.8391074750253599,0.8391074750253599,1.2135483282142752,1.2137349886595339,0.8391074750253599,0.8391074750253598,0.8391074750253598,0.8391074750253598,0.83910747502536,0.83910747502536,0.8391074750253598,0.8391074750253599,0.8391074750253598,0.8391074750253599,0.8391074750253599,0.8391074750253598,1.2135483282142752,1.2133991337314824,1.2132128077365074,0.8391074750253599,0.83910747502536,1.2133618536857946,0.8391074750253599,0.8391074750253598,0.8391074750253599,0.8391074750253599,0.8391074750253599,0.8391074750253599,0.8391074750253598,0.8391074750253598,0.8391074750253598,0.8391074750253598,0.8391074750253599,0.8391074750253598,0.8391074750253598,0.83910747502536,1.2132128077365074,0.8391074750253599,0.8391074750253598,1.213101101157615,1.212729227212967,0.8391074750253599,0.8391074750253598,1.212840711722273,0.8391074750253599,1.5866483009978587,0.8391074750253599,0.83910747502536,0.8391074750253598,0.8391074750253598,0.8391074750253598,0.8391074750253599,0.8391074750253598,0.8391074750253599,0.8391074750253598,0.8391074750253598,0.8391074750253599,0.8391074750253598,1.587392641161129,0.8391074750253598,0.8391074750253599,1.5870947272898697,0.8391074750253599,0.8391074750253599,0.8391074750253598,0.8391074750253598,1.213101101157615,1.2132500580932444,0.8391074750253598,1.2132500580932444,1.2134737161084288,0.8391074750253598,1.2131755647964666,1.2132500580932444,1.2136603021536259
95,1.0000630006564286,0.9999630013689494,0.9999630013689494,0.9999630013689493,0.9999630013689493,0.9999630013689493,0.9999630013689494,0.9999630013689493,1.0000629508906838,0.9999630013689494,1.000063080384782,0.9999630013689493,0.9999630013689493,0.9999630013689493,1.0000630704117859,0.9999630013689494,0.9999630013689494,1.0000629608398697,1.0000629409434783,0.9999630013689494,1.00006303053967,1.000063010615525,1.0000629807441848,0.9999630013689494,1.0000629011744473,1.0002630888811113,0.9999630013689494,0.9999630013689494,0.9999630013689494,0.9999630013689493,0.9999630013689493,0.9999630013689493,0.9999630013689494,0.9999630013689494,0.9999630013689494,0.9999630013689493,0.9999630013689494,0.9999630013689493,0.9999630013689496,1.0000628912371345,1.00006304050472,0.9999630013689494,0.9999630013689493,1.0000629807441848,0.9999630013689493,0.9999630013689494,1.0000630205766052,1.0000629807441848,0.9999630013689494,1.0000629210550056,0.9999630013689494,0.9999630013689493,1.00006303053967,1.0000630504717554,0.9999630013689494,0.9999630013689493,0.9999630013689493,0.9999630013689494,0.9999630013689493,0.9999630013689493,1.0000630006564286,0.9999630013689493,0.9999630013689496,1.00006304050472,0.9999630013689494,1.000062851507645,0.9999630013689494,0.9999630013689494,0.9999630013689494,0.9999630013689494,0.9999630013689494,0.9999630013689493,1.0000631402645284,0.9999630013689493,1.0000630903597663,1.0000630205766052,1.0000629409434783,0.9999630013689493,0.9999630013689493,0.9999630013689494,0.9999630013689493,0.9999630013689494,1.0000629608398697,0.9999630013689494,1.000163179350583,0.9999630013689494,1.0000629508906838,0.9999630013689494,0.9999630013689494,0.9999630013689494,0.9999630013689493,0.9999630013689494,0.9999630013689494,0.9999630013689493,0.9999630013689494,1.0001630995745616,0.9999630013689494,1.0000629707910365,1.0000629906993153,1.0000631003367388
96,1.0000530004964294,0.9999530022088963,0.9999530022088962,0.9999530022088962,1.000052980584385,0.9999530022088963,0.9999530022088963,1.00005309019887,0.9999530022088963,1.000152779947563,0.9999530022088963,0.9999530022088962,0.9999530022088962,1.0000530303793722,1.0000530702510892,0.9999530022088962,0.9999530022088962,0.9999530022088963,0.9999530022088963,1.0001528594690035,0.9999530022088962,1.0000530104554264,0.9999530022088963,0.9999530022088962,1.0000529010154429,0.9999530022088962,0.9999530022088963,1.0000530702510892,0.9999530022088963,0.9999530022088963,0.9999530022088963,0.9999530022088962,0.9999530022088963,1.0000530004964294,1.0000530004964294,1.000053020416407,0.9999530022088963,0.9999530022088963,0.9999530022088963,1.000152779947563,0.9999530022088962,0.9999530022088962,0.9999530022088962,1.000052980584385,0.9999530022088962,0.9999530022088962,0.9999530022088962,1.000052980584385,1.0000529308389499,1.0000529208958024,0.9999530022088962,0.9999530022088962,1.0000530303793722,0.9999530022088962,0.9999530022088963,0.9999530022088962,0.9999530022088962,1.0000529407840761,1.00005309019887,1.0001529390537758,0.9999530022088962,0.9999530022088963,1.0001528395827088,0.9999530022088962,1.0001528992534685,1.0000528513491376,1.0000530104554264,0.9999530022088963,0.9999530022088963,1.0000530104554264,0.9999530022088963,0.9999530022088963,0.9999530022088963,0.9999530022088962,1.00005309019887,1.000053020416407,1.0000529407840761,1.0000529706313361,1.000052980584385,0.9999530022088963,1.0001529191516412,0.9999530022088963,0.9999530022088963,0.9999530022088962,0.9999530022088963,1.0000530602801803,0.9999530022088963,1.0000530104554264,0.9999530022088963,0.9999530022088963,0.9999530022088962,1.0000529507311824,1.0000529905394158,1.000053020416407,0.9999530022088962,0.9999530022088962,1.0000529507311824,0.9999530022088963,1.0000529905394158,0.9999530022088963
97,0.8410878581473485,1.194060752682341,1.5478074020678485,1.1943420340008268,0.8410878581473487,1.9001119487485034,0.8410878581473487,0.8410878581473487,1.194060752682341,0.8410878581473485,0.8410878581473488,0.8410878581473485,0.8410878581473485,1.1943420340008268,1.1944828428402303,1.19423650098673,0.8410878581473485,0.8410878581473487,0.8410878581473487,1.5468931465129705,0.8410878581473485,0.8410878581473487,0.8410878581473487,0.8410878581473485,0.8410878581473488,1.1943420340008268,0.8410878581473487,1.1944828428402303,0.8410878581473487,0.8410878581473487,0.8410878581473487,1.547666593232638,0.8410878581473487,0.8410878581473485,0.8410878581473485,0.8410878581473488,0.8410878581473488,0.8410878581473487,1.1939553876391962,0.8410878581473485,1.1943772256899934,1.1944828428402303,0.8410878581473485,0.8410878581473487,0.8410878581473485,1.19423650098673,0.8410878581473488,0.8410878581473487,1.1939905023301596,1.1939553876391962,0.8410878581473487,1.1943420340008268,0.8410878581473485,0.8410878581473488,1.5468931465129705,0.8410878581473485,0.8410878581473485,0.8410878581473487,0.8410878581473487,1.1941310310087792,0.8410878581473485,0.8410878581473487,0.8410878581473487,1.1943772256899934,0.8410878581473487,1.193709780330213,0.8410878581473487,0.8410878581473487,1.1938149987275226,1.1942716716512893,0.8410878581473485,0.8410878581473487,1.1947295286093618,0.8410878581473485,0.8410878581473487,0.8410878581473488,1.1940256240105123,1.5471742038702094,0.8410878581473487,1.1939905023301596,0.8410878581473487,0.8410878581473487,1.1940958883477335,1.1942013373261864,0.8410878581473487,0.8410878581473485,0.8410878581473487,1.1942716716512893,0.8410878581473487,1.194060752682341,0.8410878581473485,0.8410878581473487,0.8410878581473487,0.8410878581473488,0.8410878581473487,0.8410878581473488,0.8410878581473487,1.1941310310087792,2.2535417748627,0.8410878581473487
98,0.9999570018489206,0.9999570018489206,1.0000570603204197,1.000057030419492,1.0001569593996904,0.9999570018489206,0.9999570018489204,0.9999570018489206,1.0000569507709836,1.0000568911177923,0.9999570018489204,1.0001570589900635,0.9999570018489204,0.9999570018489204,0.9999570018489204,0.9999570018489206,0.9999570018489206,1.0000569607201097,0.9999570018489207,0.9999570018489204,0.9999570018489204,1.0000570104954665,1.0000569806243054,1.0000570005364298,1.0000569010550455,0.9999570018489204,1.0000571301588184,0.9999570018489204,0.9999570018489204,0.9999570018489204,0.9999570018489206,0.9999570018489206,0.9999570018489206,0.9999570018489206,0.9999570018489206,0.9999570018489204,0.9999570018489206,0.9999570018489206,1.0000569209354844,1.0000568911177923,0.9999570018489206,0.9999570018489204,0.9999570018489204,1.0001569593996904,1.000057030419492,0.9999570018489206,0.9999570018489204,1.0000569806243054,0.9999570018489204,1.0000569209354844,1.0000570104954665,0.9999570018489204,0.9999570018489204,1.0000570503514579,0.9999570018489204,0.9999570018489206,0.9999570018489206,1.0000569408238378,1.0000570902392292,1.0001569394935133,0.9999570018489206,0.9999570018489204,1.0000569209354844,1.0000570403844822,1.0000569507709836,0.9999570018489204,1.0000570104954665,0.9999570018489206,1.0000568811825157,0.9999570018489206,1.0000568911177923,0.9999570018489204,0.9999570018489206,0.9999570018489206,1.0000570902392292,1.000057020456487,1.0000569408238378,1.0000569706712168,1.0001569593996904,0.9999570018489204,1.0000569607201097,0.9999570018489207,0.9999570018489206,1.0000569905793764,0.9999570018489206,0.9999570018489206,0.9999570018489206,0.9999570018489206,0.9999570018489207,0.9999570018489206,0.9999570018489206,1.0000569507709836,0.9999570018489206,0.9999570018489204,1.0000569905793764,0.9999570018489206,0.9999570018489206,0.9999570018489206,0.9999570018489206,0.9999570018489206
99,0.9999680010239673,0.9999680010239673,0.9999680010239672,1.0001680603656684,1.0000679808990836,0.9999680010239673,0.9999680010239673,0.9999680010239673,0.9999680010239673,0.9999680010239674,0.9999680010239673,0.9999680010239673,0.9999680010239673,0.9999680010239673,0.9999680010239672,0.9999680010239673,0.9999680010239673,1.000067960994669,0.9999680010239673,0.9999680010239672,0.9999680010239673,0.9999680010239672,1.0000679808990836,1.0000680008114269,0.9999680010239673,0.9999680010239673,1.0000681304352412,0.9999680010239672,0.9999680010239673,0.9999680010239673,0.9999680010239673,0.9999680010239673,0.9999680010239673,0.9999680010239673,0.9999680010239673,1.0000680207317032,1.0000678715227906,1.0001681999605039,0.9999680010239672,0.9999680010239674,0.9999680010239673,1.000068070567133,1.0000680306948178,1.0000679808990836,0.9999680010239673,1.0000680008114269,0.9999680010239672,1.0000679808990836,1.0000679311529024,0.9999680010239672,1.000068010770573,0.9999680010239673,1.0000680306948178,0.9999680010239672,0.9999680010239672,0.9999680010239673,1.0000680406599174,0.9999680010239673,0.9999680010239673,1.0000679709458855,0.9999680010239673,0.9999680010239673,1.000067921209606,0.9999680010239673,0.9999680010239673,0.9999680010239672,1.0001680205171788,0.9999680010239673,1.0000678814562,1.000068010770573,0.9999680010239674,0.9999680010239673,0.9999680010239672,0.9999680010239673,0.9999680010239673,0.9999680010239672,0.9999680010239673,0.9999680010239672,0.9999680010239673,1.0001678612818374,0.9999680010239673,1.0000679410981779,0.9999680010239673,0.9999680010239673,0.9999680010239673,0.9999680010239672,0.9999680010239673,1.000068010770573,1.0000679410981779,1.0000679510454333,0.9999680010239673,0.9999680010239673,0.9999680010239673,0.9999680010239672,0.9999680010239673,0.9999680010239672,0.9999680010239673,0.9999680010239672,0.9999680010239673,0.9999680010239672
