source,00,01,02,03,04,05,06,07,08,09,10,11,12,13,14,15,16,17,18,19,20,21,22,23,24,25,26,27,28,29,30,31,32,33,34,35,36,37,38,39,40,41,42,43,44,45,46,47,48,49,50,51,52,53,54,55,56,57,58,59,60,61,62,63,64,65,66,67,68,69,70,71,72,73,74,75,76,77,78,79,80,81,82,83,84,85,86,87,88,89,90,91,92,93,94,95,96,97,98,99
00,0.2382580274847281,0.2382739527697774,0.23826695551083107,0.23827402422164182,0.23829589311799132,0.23829395814778392,0.23826303933685686,0.2382709809641273,0.23829294232759543,0.23824900278845573,0.23835069985649227,0.23830590841614713,0.23832672366485058,0.23830778034059186,0.2382958973210422,0.23822614749327367,0.2382918550555426,0.2382221556643842,0.2382709809641273,0.23830780555889694,0.23830092178232348,0.23826002129764742,0.23831479441174158,0.23830187875980008,0.2382760012223577,0.23825599584435123,0.23829094851467617,0.2382790150585163,0.23818034863884174,0.23826801756457883,0.2382839386465773,0.23827597180100177,0.23830487998680613,0.23827194214465472,0.238229194953839,0.23829387408676694,0.23830684858142034,0.23823816921350127,0.2383188492863937,0.23829587630578794,0.2382739611758791,0.23825895083779797,0.23826995253478628,0.23832180007678963,0.23825903910186577,0.23823119296980916,0.23828295645079559,0.23823909256657108,0.23826702696269547,0.23835059057717026,0.2382351301590376,0.23823023599233256,0.23834072658884495,0.2382450992236341,0.23829685850156962,0.23826604056386294,0.23825906432017083,0.23827298318314824,0.2382421232149331,0.2382410863794904,0.23829793736752078,0.23827894780970274,0.23831274175611042,0.23826898294815715,0.23830680234786103,0.23822710447075024,0.2383088465973905,0.2383008881579167,0.23832467941532112,0.23820725040257426,0.2382649448857084,0.2382819238184037,0.23828395545878067,0.23827299158924994,0.23824907844337095,0.23832974590711087,0.23831177216948127,0.23828892528040094,0.23825110167764618,0.23831476078733482,0.23829287507878186,0.2383217706554337,0.23826198148615993,0.23826298469719587,0.23830084612740823,0.23824805842013166,0.23824710564570592,0.23827099777633068,0.2383028483464292,0.2382709389336188,0.2383137659824006,0.23828586100763216,0.23829882709618383,0.23830579913682512,0.23830182832318988,0.23832274864816455,0.23826495329181008,0.23830090497012008,0.23823119296980916,0.2382530702722604
01,0.23587354555182216,0.2356094754142594,0.2390232133904628,0.24122068460775195,0.2382925295829293,0.2393858453968853,0.2373457527562663,0.23763330867081275,0.23957393614345723,0.23837121887126433,0.2375844282532647,0.23791815468801492,0.24053606905507108,0.24117361078843338,0.23949073035954838,0.23779159054659768,0.23885499522441558,0.2374217321472571,0.23874017397149014,0.23895446039239007,0.23588709503854355,0.2360589264010498,0.24070790041757734,0.23810985863104592,0.23956490315230963,0.23920136784677237,0.23874288386883444,0.2364251716039313,0.23895727255508542,0.23882518635362854,0.23966888481585796,0.23698854054453236,0.23690985125619726,0.24059307916465195,0.23685836320665604,0.23765137465310793,0.23756184577539577,0.2383377968040183,0.239311672604124,0.2395874856301786,0.23855930961783628,0.23838025186241193,0.23828530319001123,0.23987504154472505,0.23522516422908277,0.2387953774828415,0.2396652716193989,0.23687823578718073,0.23743979812955227,0.24009836095677253,0.23594862164369818,0.2373105240907907,0.2391488742327653,0.23825910751568324,0.23783856210056512,0.23734484945715154,0.23688004238541027,0.23763240537169797,0.23853130734527878,0.23807824316202936,0.24021960756885238,0.23616290806459808,0.23915158413010956,0.23920136784677237,0.23867864736633546,0.23558689293639046,0.2391299049513554,0.23884596223326798,0.24017705024510763,0.23897262864003632,0.23791905798712967,0.23884234903680893,0.23735930224298768,0.2383685089739201,0.2374325717366342,0.2384091574340842,0.23748496308529018,0.2386560648884665,0.23853401724262305,0.24071512681049545,0.23820480730344662,0.2386822605627945,0.23920317444500191,0.2391100323708307,0.2404230544003752,0.23799052088254666,0.23668924174149408,0.23670730772378926,0.23719379397428472,0.23838025186241193,0.23684019495900982,0.2400540993001494,0.2391362280451587,0.23840283434028092,0.23802845944536655,0.2407160301096102,0.23681038608822277,0.23884234903680893,0.2373195570819383,0.2378946689110312
02,0.2374599041924446,0.23726067423235322,0.2378457848570799,0.23735086434291147,0.23748158139226572,0.23906062991833796,0.2386775767145489,0.23805161222581248,0.23917061225481986,0.23837024939187315,0.23905276309753418,0.23736971408188634,0.23931829406925142,0.2392567054923693,0.23838344420915555,0.23627177569096516,0.23743790006740967,0.2381826562003805,0.23799850603146902,0.2390917319876465,0.2381644220231406,0.23889471392666645,0.2390395682802518,0.23785520972656732,0.2381521696928069,0.23921994850136832,0.23762959013191112,0.2383077183280423,0.2369803903946699,0.23820339091325285,0.2388548025496054,0.2392739971826605,0.23918192209820474,0.23875047513481598,0.23764122690050984,0.23939811682337353,0.2388698823407853,0.2370077225161835,0.2376987186043832,0.2374322451457172,0.23805538217360747,0.23891073620479508,0.23747404149667578,0.23914295320809248,0.23703222717685077,0.23822539503828777,0.2388510326018104,0.23628120056045257,0.23841393071672917,0.23865241820345395,0.23797305888385295,0.2384815011405176,0.2388896745667089,0.23877436423374837,0.2388698823407853,0.2392608023653781,0.23819490853071415,0.23762582018411613,0.23749510313476194,0.23771601029467443,0.2386395503113854,0.23811037334184837,0.23873318344452477,0.2383171431975297,0.23888024969722146,0.2369715810869174,0.23929473189553288,0.23843749289044777,0.23837274992750554,0.2369433064784551,0.23763618754055235,0.2379026609992183,0.23964762551696212,0.23836742193102692,0.23718494835123993,0.23915332056452865,0.2380893117037622,0.23837873177441185,0.23802899253904264,0.2394188515362459,0.2383359929365046,0.238352957701582,0.23906251489223543,0.23959263434872122,0.2383407053712483,0.23766761653507468,0.23845384209379022,0.23932239094226027,0.23887082482773406,0.23763618754055235,0.23862131613414542,0.23706615670700554,0.23839852400033545,0.23819081165770542,0.2388224310681343,0.23952600641188154,0.2377405149553417,0.23795576719356173,0.23801297026091398,0.23851354569677485
03,0.23827296574290072,0.23827890097181664,0.23828688886456628,0.2382589921844235,0.23830184041968244,0.23828591927406262,0.23824700824376527,0.23826993508242816,0.23828190641388342,0.23828192322615402,0.23834066318555924,0.23828787947040814,0.2383286750418334,0.23831672472571633,0.23828086537122983,0.2382740530192984,0.23829980036505172,0.23824808291096,0.23828092421417685,0.23833073611180233,0.23828788787654342,0.23826496944401584,0.23831874376500886,0.23828884485784416,0.23826296721699392,0.23826394101056522,0.2382729195091567,0.23824999687356146,0.23819728461056025,0.2382579805632434,0.2382709046729318,0.2382719289033148,0.23829484313277471,0.23828488243447668,0.23822814890516097,0.2383148065600472,0.2382948137113012,0.23823612418870765,0.23827784311689248,0.2383008245954347,0.23826092716236316,0.23828687625536335,0.2382818938046805,0.23832574945805188,0.2382460050287205,0.23822814890516097,0.23824294914984204,0.238242042605353,0.23826098600531018,0.2383475469896406,0.23825406437362,0.23821420476815724,0.23830671359060657,0.23823606114269302,0.23829880975920983,0.23825700256660448,0.23825102530701212,0.23825695212979275,0.23824407425384847,0.23824103939030822,0.23827291530608902,0.23826791184006793,0.23833767035269543,0.23826993508242816,0.23832074178896315,0.2382640208688504,0.2382798285316439,0.2382958463478195,0.23832862880808933,0.2382351756135422,0.23826989305175172,0.23830085821997585,0.23826193037740798,0.23825696053592804,0.23826002061787416,0.23832170717639917,0.2383247126184659,0.23827189527877365,0.23823207350091968,0.23831571310453625,0.23829682434445842,0.23833770818030423,0.23825993655652128,0.23825594471168032,0.23830379641296034,0.23825300651869585,0.2382580478123257,0.23828293905040174,0.238316787771731,0.23829187131524912,0.23833270051121552,0.23830779246086894,0.23832475464914235,0.238310747466124,0.23831277070848414,0.2383316930931031,0.2382758955297499,0.23829186711218145,0.23821815878538943,0.23826101542678366
04,0.23727346641684727,0.23919388846537587,0.23941924953930027,0.23906664916789874,0.23965078705707943,0.24042322735705537,0.2370454582955566,0.2396375518202476,0.23705957588151055,0.2376172432970276,0.23956766521570833,0.24020668977435225,0.24024110139011498,0.23810061236239477,0.23673168128552843,0.23602030409887056,0.23831273819948734,0.23635613983695172,0.2363826103106154,0.24123802041489317,0.23616430802966804,0.2373865881283705,0.24101442403921308,0.23774448259450479,0.23615283749108043,0.2363826103106154,0.24042587440442173,0.23760841980580635,0.23419182738293426,0.2392937749400673,0.2379601378280858,0.23918947671976531,0.23707016407097603,0.2377374238015278,0.23589747654700394,0.2395429594402889,0.23662738306522635,0.23567652721869017,0.23830832645387667,0.23942983772876572,0.2396410812167361,0.23661591252663886,0.2406538825257125,0.23910370783102786,0.23614842574546985,0.23623419463420728,0.23829332651880064,0.2399575052741306,0.23749618044340523,0.24093747864169687,0.23624654752191698,0.23790896157900274,0.23832950283280763,0.2386079858779509,0.23898440967564968,0.2387281663824511,0.23681656782514374,0.23907547265911988,0.2361343081595159,0.23805031846243385,0.24065123547834613,0.2373980586669581,0.2394545435041851,0.23817844010903316,0.23966755169039977,0.2379371967509106,0.23831097350124303,0.23841615407066719,0.23968961041845277,0.23589041775402694,0.23908517849946329,0.24076965128460207,0.23638525735798174,0.23548204836404013,0.23760136101282942,0.23945013175857446,0.24214211175795694,0.23796190252633004,0.2368103913812889,0.24001132857058002,0.23965519880268998,0.2385486874628771,0.23941483779368958,0.23862827990775975,0.239996328635504,0.2379424908456433,0.23490232222047003,0.23963402242375914,0.23819961648796406,0.24076876893547997,0.23911253132224905,0.237976020112284,0.23685803823388346,0.24157650320034074,0.238540746320778,0.24034892900690552,0.23964461061322453,0.23661679487576096,0.23668315208381172,0.23973479124757263
05,0.23825512432656956,0.23829402648436693,0.23829202428134771,0.23825213993561836,0.23828200065719965,0.23827307270244952,0.23825813813864158,0.23825808770243453,0.23827805089038545,0.23826508070244154,0.2383398039576881,0.2382710368752922,0.23832781595767613,0.23833085078483446,0.2382959908602309,0.23821924858989602,0.23831092962705608,0.2382322397929262,0.23824909670242556,0.23833487200294196,0.2382860302813417,0.2382621131235593,0.2383308717999207,0.23828498925116814,0.23827709392055704,0.23828006570245652,0.23825707609338176,0.2382501377325991,0.2381814421014965,0.23826111832657554,0.23826804828132372,0.23825708449941627,0.2382889894541894,0.23829201587531318,0.23821830002610206,0.23827998164211134,0.23829895003307858,0.238237264214052,0.23830295864213433,0.2382949708451436,0.23828204689038945,0.23829301067229694,0.23827404228132973,0.23829591940893755,0.23827211993563835,0.23821830002610206,0.23826906409339374,0.23823718855974138,0.2382411467325901,0.2383866476792864,0.23826619318390843,0.23820635405626264,0.23833682376975415,0.2382481901688042,0.23829095803307057,0.23825914134165985,0.23824517215371488,0.23829505490548872,0.23824221718388447,0.23825516635674213,0.23827405489038148,0.23828403648435692,0.23834280516070835,0.23827107470244752,0.23830090179989075,0.2382501755597544,0.23830494403308458,0.23829099165720863,0.2383507467245093,0.23820834365023014,0.23828801567229194,0.23827802146926466,0.23829104209341573,0.23826109731148928,0.23825216935673912,0.2383058631757577,0.2383278495818142,0.23829301487531418,0.2382432035748337,0.23832884017578068,0.23828297864211434,0.23829489098781573,0.23826906829641098,0.23826507649942424,0.23829794262704307,0.23826713334166785,0.23825119557484167,0.23826909351451456,0.23831093383007332,0.23828002367228393,0.23830886437877793,0.2382849556270301,0.23832889061198775,0.2383058925968785,0.23829692681497303,0.23832583897276044,0.23828302907832144,0.23828301646926967,0.23824027802612402,0.23824717015371688
06,0.23826797068301495,0.23828989010356535,0.23827689874479474,0.23825699416046922,0.23829085128793373,0.2382709340944053,0.23827198354319412,0.23825395089079368,0.23827291530608902,0.23828492026208548,0.2383306730657877,0.2382818853985452,0.23834066318555924,0.23833670496525944,0.23827686932332123,0.23822210439648636,0.2382918082692345,0.23823109970734838,0.23826593903451954,0.23830576081237348,0.2382948809603835,0.23825597833622145,0.23832373882489463,0.23829284090575276,0.23828794251642277,0.238268936070451,0.23827391852113383,0.23825898798135586,0.23819029152672017,0.238248989455449,0.23829188392445205,0.23827092989133764,0.238270866845323,0.23827589132668228,0.2382231538452752,0.23829682434445842,0.2383038048190956,0.23824111924859342,0.23828383718875543,0.23827085423612007,0.23827291530608902,0.23828387921943187,0.2382729026968861,0.23831476032630317,0.23826698428024076,0.23822714989318383,0.23827092148520237,0.23824503964128446,0.2382799672328761,0.23836053414534364,0.2382500683257114,0.23820721168431716,0.23832869185410396,0.23825304434630465,0.2383038048190956,0.23827698280614756,0.23824802827108066,0.2382729363214272,0.2382500683257114,0.2382500304981026,0.23827391431806616,0.2382818980077481,0.2383206871490838,0.23826593903451954,0.2383047575973287,0.23825403074907886,0.23829581272327838,0.23828186018013933,0.23835160608356387,0.23820920130213621,0.23828887427931766,0.23828287600438705,0.23826492741333943,0.2382559615239509,0.23825102951007976,0.23832470421233065,0.23830673040287711,0.2382708962667965,0.23824406164464554,0.23831771112849057,0.23828783323666403,0.23830474078505812,0.23826992667629282,0.23828891210692643,0.23828081913748578,0.23824601343485577,0.23822907646498823,0.23826695485876725,0.23829780654416505,0.23829187131524912,0.23834868470284998,0.2382958043171431,0.23830877045750787,0.23831973857391836,0.23829578750487249,0.23833668815298886,0.23828588564952147,0.23828387501636422,0.2382231538452752,0.23826800851062374
07,0.23826011932657454,0.23829502548436793,0.23827703928133273,0.23826013193562634,0.23829298965721063,0.23827407170245052,0.23827112513865456,0.23826308270243954,0.23827605289038348,0.23826108470243754,0.23831382995766215,0.2382630448752842,0.23831582795766415,0.23832086078482445,0.23828400286021892,0.238235232589912,0.2382899506270351,0.2382292427929232,0.23827706870245352,0.23832688000293398,0.23829302328134871,0.2382661091235633,0.23832587679991574,0.23828598825116915,0.23825012092053005,0.2382870587024635,0.23828704609341173,0.23827411373262306,0.2382024211015175,0.23826911032658354,0.2382900262813457,0.23827706449943623,0.23828499345418538,0.2382770308752982,0.23821730102610106,0.23828797364211934,0.23829795103307758,0.23820329821401803,0.2383099516421413,0.2383099558451586,0.23826306589037047,0.23828701667229094,0.2382850312813407,0.23830291240894452,0.23826312893562934,0.23822729102611104,0.23828404909340872,0.23825317255975736,0.23827311473262205,0.23834668767924644,0.23825320618389545,0.23821634405627262,0.23831784276973517,0.23821122716876722,0.23831093803309056,0.23827013034167083,0.2382561611537259,0.23827007990546376,0.23825220718389445,0.23826016135674713,0.23827605289038348,0.23828503548435792,0.23833381416069938,0.23828106470245752,0.23831388879990373,0.23825517055975937,0.23829195703307157,0.23826901365718664,0.2383407567244993,0.23820834365023014,0.23830000367230392,0.23827902046926566,0.23827705609340175,0.23825110731147928,0.23824817335673512,0.2383068621757587,0.23831885858180518,0.23828502287530617,0.23825219457484267,0.2383358331757877,0.23829496664212632,0.23832186398784272,0.23826707029640898,0.23828006149943923,0.23831792262706306,0.23824915134164987,0.2382312155748217,0.23827408851451953,0.23828695783004933,0.23827303067227695,0.23832684637879592,0.23832791262707306,0.23829692261195579,0.23833286559690547,0.23829392981497002,0.23832483997275944,0.23828302907832144,0.23827402546926066,0.23822928902611304,0.23826615115373587
08,0.23826140325715028,0.2382763293701901,0.23826833319112944,0.23826041686915728,0.23828328452219721,0.23826037063610603,0.23825342809311287,0.23827235860019008,0.2382703437941574,0.23827735358522512,0.23833209667638666,0.23827631676117614,0.23833009868237268,0.23834012647948466,0.2382862857162229,0.23823252060704503,0.23831121440834677,0.23823851879209168,0.23828734355529516,0.2383161757693445,0.2382813201522205,0.23826839203319466,0.23829818962021376,0.23829726207428598,0.23826239384814799,0.2382743565942041,0.2382733449881831,0.23827140163322966,0.23820170721100026,0.2382434213110242,0.2382803211552135,0.2382733533941924,0.23828727630722057,0.2382853077342392,0.23820459912690475,0.23830923742935603,0.23829224187122297,0.2382415452041453,0.23831023642636304,0.23830224865331168,0.23829332072531853,0.2382982904923256,0.23828431714324153,0.23830219821725576,0.23827340383024834,0.23820360012989777,0.23828233596124615,0.23824146955006142,0.23826540765118762,0.2383509683413986,0.2382315132040287,0.23822462109709147,0.23831313254527223,0.23825746611118753,0.23829024387720896,0.23823345235597745,0.23824745512609416,0.23826337183013166,0.23824849615314778,0.23826344328121088,0.23826634780612937,0.23826733839712705,0.2383261068973493,0.23825937163909902,0.2383061815962698,0.2382564545051665,0.23829324086822998,0.2383012664683233,0.23834403840741947,0.23820063676291406,0.2382753135611645,0.2382743103611528,0.23829931891036524,0.23826937421818303,0.2382484583261058,0.23831214195427455,0.23830715537524882,0.23828031274920417,0.23826746448726688,0.23833911487346368,0.2382842625041809,0.23833413670044729,0.23827334919118773,0.2382683584091574,0.23830522042630475,0.23827940621829968,0.23824648555011976,0.23825339446907562,0.23827825171012026,0.23827930954919252,0.2383331250944263,0.23830022544126972,0.23830519941128142,0.2383161673633352,0.238292216653195,0.23833911067045901,0.23827032698213876,0.2382723123671388,0.23821359009996781,0.23824545713208015
09,0.2382633543516688,0.23829726154333444,0.238273281316337,0.23826436596173217,0.23829522571414335,0.2382753087394852,0.2382633711637546,0.23826431972849618,0.23827329392540134,0.23826731673149318,0.23833205005139838,0.23829225392927508,0.2383510310703794,0.23831310685961046,0.23829622891816382,0.23823946659114334,0.2382971816859268,0.23823547479016877,0.23826531872949516,0.23831113407574117,0.238283271326327,0.23827034315564033,0.2382951458567357,0.23828922330210645,0.2382733359556159,0.23826332072749717,0.2382752961304208,0.23826835776270672,0.2381756860390011,0.2382673503556648,0.23828726733032302,0.2382753045364637,0.2383042125201129,0.23826727890430008,0.23822553101341476,0.23829720270103405,0.23830118609596573,0.23822051919633394,0.23830419570802708,0.23830519891204754,0.23829227494438235,0.23828126071526462,0.238285269328325,0.2383121414827831,0.23824438594175215,0.23822952701741076,0.2382593121144368,0.23824441956592377,0.2382633627577117,0.23837190081280057,0.23823246517810742,0.23819360501166129,0.23831907985049716,0.23825242418298018,0.23830917810395774,0.2382713673747681,0.23825440116987087,0.23829129695849063,0.23825744020308245,0.23826039937888635,0.23827629092839833,0.23827628252235541,0.23834404226640782,0.23826931473349117,0.2383041368657267,0.23825141257291677,0.23829219508697472,0.23830621472513236,0.2383639718501304,0.23821757262959442,0.23829324872725263,0.23827426350525016,0.23824732410244878,0.23826732934055753,0.23825140836989533,0.2383180892555411,0.238319096662583,0.2382792669162881,0.23822246255905305,0.2383300772675291,0.23828121868505003,0.2382931310426519,0.23827729833544023,0.2382753045364637,0.23829917968792483,0.23826936937277007,0.23823445057104106,0.238270330546576,0.23829119188295425,0.23829125072525464,0.23832009146056055,0.23830916969791482,0.23829815967181853,0.23829114564971826,0.238306155882832,0.23830110203553664,0.23829525513529354,0.23830023753122417,0.23821953700742077,0.23824840716387688
10,0.23825868434614134,0.23829558673439338,0.23830057729207393,0.2382616938108863,0.23829155310065492,0.23829361404708926,0.23824371687591553,0.23827563290930281,0.23829060037952862,0.2382816266218983,0.23832637773120974,0.2382735971797628,0.2383443588689962,0.2383194228918565,0.2382925562555699,0.23823279985069112,0.23830349849768867,0.23824179462240003,0.23827862976560055,0.23829047849787263,0.238276602441692,0.23826267595172262,0.2383044596244464,0.23826956774884003,0.23826766650940315,0.23827363500510432,0.23826263392356542,0.2382397126618871,0.2381800108936127,0.23825269063354587,0.2382895888189822,0.23826863604179233,0.23829254784993845,0.23827459613186205,0.23821387019459406,0.23829752579917177,0.23828952157393063,0.23822184500012514,0.23830351951176726,0.2382785499121018,0.2382756160980399,0.2382885772584358,0.2382915867231807,0.23832844708327552,0.23826469066718403,0.23823285028447977,0.23827362239665714,0.23823675363093086,0.23826568541646753,0.23838121082345956,0.23823478934925815,0.2382079185101558,0.23832040082987713,0.2382417609998743,0.23830250795122085,0.2382906718273959,0.23824173998579565,0.23827463816001926,0.23824477887025064,0.2382257609550234,0.23828860247533012,0.23828859406969866,0.23833437355081943,0.2382666423404096,0.23830745648074414,0.2382317588704346,0.23831249747221334,0.23828056462756317,0.23833232521283226,0.2381999184877304,0.23828957621053504,0.2382705919178336,0.23828261296555037,0.23826565599675747,0.2382527326617031,0.23833039875650106,0.23831242602434605,0.23829956993434323,0.23825075997439896,0.23832740190020332,0.23829552789497327,0.23829545224429027,0.2382976014498548,0.2382826213711818,0.238272530982612,0.23825870536021998,0.2382457652139027,0.23826865705587097,0.23830450165260364,0.23830256258782526,0.23833439876771378,0.23830649535398643,0.23829948167521306,0.23831144808632543,0.23831347120741825,0.23833439036208234,0.23828758671196798,0.23827858353462758,0.2382318513323805,0.2382467347462919
11,0.23825897614011893,0.23825991628942544,0.23827589594275114,0.2382509968209048,0.23829284516623958,0.2382879132558363,0.23827397781732285,0.23826893242647393,0.2382908934169756,0.2382769243546265,0.2383156832613558,0.23829386937513547,0.23832567317154651,0.2383197170522473,0.2382958463422763,0.23825406944759242,0.23830379203765473,0.2382320958481523,0.2382569445342451,0.23831175034197152,0.23826490704154138,0.2382579729461204,0.23831774008510648,0.2383058236435286,0.23826196470721722,0.23827192939953115,0.23826392486244016,0.23827796537544021,0.2381783016403833,0.23824798723890916,0.23828089089784651,0.23826593125043724,0.23830482885548898,0.2382898734110592,0.23822115317971668,0.23830681002560922,0.238308795398709,0.23821714040372252,0.2382878291962469,0.2383048162465506,0.2382839004798421,0.23826289645056484,0.23829187979905628,0.23832974058627374,0.2382719756323053,0.2382301440988883,0.23828989862893601,0.23824203952556885,0.23826198151913508,0.23836452454382412,0.238219096355966,0.23820521135320621,0.23831669906429273,0.23824105314348823,0.23830779640768993,0.23825000623584464,0.23824602708368622,0.23826494066537707,0.2382260892930995,0.23826101615195175,0.23828989442595652,0.23827590014573058,0.23832667636554503,0.2382589425162832,0.2383137441210302,0.23823904255251166,0.23830579842565178,0.23829484314827773,0.23835559666934447,0.23820620193826636,0.23829486416317508,0.23829386096917654,0.23828490367384067,0.23826195209827883,0.23826401312500897,0.2383157084792326,0.2383267057864013,0.238272890563735,0.23825105145963785,0.23832669738044238,0.23828483222318966,0.2383117293270742,0.23826293007440053,0.23827292418757073,0.2382808152442161,0.23826599009214977,0.23824805448658065,0.23825596235514387,0.23830179825859604,0.23829386517215603,0.23831970864628835,0.23830978598376915,0.23829078413950944,0.23832273083722239,0.2383077711898131,0.23834567400682527,0.2382748927487526,0.23829685794223374,0.23820217235035432,0.23826700589508673
12,0.2382596832982406,0.23828859406969866,0.23827560348959276,0.23825869695458854,0.23826957615447145,0.2382856224302953,0.23825670325320575,0.2382626465320126,0.23828560561903236,0.23826764129250882,0.23834935362949242,0.23827459613186205,0.23832837563540824,0.23832042184395577,0.23829355520766915,0.23824678518008058,0.23830050164139094,0.23825078519129328,0.23826764129250882,0.23830746068355985,0.238280598250089,0.2382726654727151,0.23829546905555318,0.23831551954540542,0.23825567908421216,0.23825165805892087,0.23825264440257293,0.2382686822727653,0.23818700355830744,0.23827067177133232,0.2382975804357762,0.23827163289809009,0.2382895509936407,0.238298570982244,0.23822685657188428,0.23831350903275972,0.23830051004702235,0.2382438219463086,0.23829352999077477,0.23829852895408676,0.23827062133754365,0.2382985667794283,0.23828359510638672,0.23832445127487853,0.2382517042898938,0.2382108733382963,0.23828061506135187,0.2382687200981068,0.2382626885601698,0.23836223073357385,0.23822779668456343,0.23819892794126257,0.2383363840634651,0.238256745281363,0.2382925184302284,0.23826070326441848,0.23824173998579565,0.2382716413037215,0.23823379039715892,0.2382317546676189,0.2382776140022384,0.23829358883019489,0.2383593473533006,0.23827063814880658,0.23831644704963736,0.2382357546788316,0.23828152995713664,0.2382955489090519,0.2383582979674127,0.23822389333811234,0.2382825835458403,0.2382875741035208,0.23828461086974886,0.23828363713454395,0.23822875781132113,0.23830742285821838,0.23831242602434605,0.23829357622174777,0.23824077045340647,0.2383264029481041,0.23830351951176726,0.2383394061366572,0.23824865279699164,0.2382696349938916,0.23828651631200146,0.2382487158392275,0.23825675368699445,0.2382776476247642,0.23830749850890137,0.2383075573483215,0.2383244092467213,0.2383184827791774,0.23830147957941156,0.23831344599052393,0.23829049530913554,0.2383313935057846,0.23829158252036498,0.23827358877413132,0.23820987438619706,0.2382407410336964
13,0.23827581086272323,0.23827275513953267,0.23826675717019632,0.23824485567778902,0.23828770173005823,0.23826378970692946,0.23824286195848154,0.2382667865901709,0.2382807552338835,0.238262790745849,0.2383145349850653,0.23827773733637453,0.2383395090120772,0.23831657073290785,0.2382946986604751,0.23823494171834741,0.23831263372853506,0.23823694384336183,0.2382927595782633,0.2383245876386727,0.2382897332750473,0.23827081185446733,0.23830959901961205,0.23827670475246598,0.238264813885131,0.23827178139557328,0.23826677398161036,0.23826782757978643,0.23819613774178863,0.23824783995246987,0.23830771457449584,0.23825879069867356,0.23831566843745808,0.23829871551906454,0.23823998695799187,0.23829367448227354,0.23829765771803493,0.23824096910765832,0.23829667136551497,0.23830266933485134,0.23826177497335446,0.23830270716053295,0.23829472808044966,0.23829362825088496,0.23822287853401852,0.2382220056585433,0.23827476567025418,0.23826486852222659,0.23826183381330357,0.23834938934869074,0.2382259426629161,0.23820806223195173,0.2383295362126865,0.23825688944214332,0.2382986566791154,0.23828082668239317,0.23825187362247338,0.2382737835205877,0.23825691045641087,0.23823189860371735,0.2382687677009178,0.2382657624119693,0.23833351944844786,0.23829775438366566,0.23832658135798016,0.23825787579466323,0.23830265252343732,0.23827371627493157,0.23835145031365432,0.23820405798192282,0.23827373728919912,0.23828771854147227,0.23827476567025418,0.23827179400413379,0.23824987990316593,0.23832255189083018,0.23831257068573242,0.23828473006393788,0.23823591966516033,0.23833054357947397,0.23829367448227354,0.23830658532495658,0.2382727719509467,0.23827177719271975,0.23831662957285699,0.2382628453829446,0.2382459092759651,0.2382478231410559,0.23829165974869856,0.2382667445616358,0.23832255609368366,0.23829964723448888,0.23832360128615274,0.23833556780485093,0.2383006293841553,0.23831555496041334,0.2382707488116647,0.23828871750255273,0.23822700046394568,0.23825686842787577
14,0.2382530291344781,0.238280941929761,0.23826595292139105,0.23827302148390922,0.23828989498634134,0.2382759722124013,0.2382460530371387,0.23827197626429267,0.23827695438757773,0.2382779701864556,0.23831872691236064,0.23827693337276437,0.23832971576965933,0.23831576777794325,0.2382928961503855,0.23822514575993392,0.23829984282698619,0.23824413071641248,0.23826598234212976,0.23829980920328478,0.23828793063598844,0.2382799975812486,0.2383047999354579,0.2382838926582531,0.23827999337828593,0.2382709772772655,0.23826796770729602,0.2382720182939194,0.23819033672360237,0.23826701495285826,0.23828293570085265,0.2383019416721446,0.23830187862770452,0.23827393641168293,0.23823818302683897,0.23830485877693527,0.2382828684534499,0.23821718748741802,0.23831285067315253,0.23829886905773504,0.2382909402059579,0.23827393220872026,0.23828593266193412,0.23831280444056316,0.23827402047093638,0.2382042174679157,0.23825298290188873,0.23825007840598603,0.23828100917716377,0.23835358218128155,0.2382331292502258,0.23819826557537951,0.23831874372421133,0.238243098105684,0.23830384718102013,0.2382350683828027,0.23824008012978914,0.23826898350617384,0.23822713532806286,0.23824807622896904,0.23827595540055058,0.23829492774814115,0.23832572402451338,0.23827896917348276,0.23830380094843073,0.2382400885357145,0.23832182894750892,0.23830088384364004,0.23833965940734148,0.2381852703381012,0.23828192410493748,0.2383058955906265,0.23825498087594302,0.23827498583426213,0.23826505900843067,0.23833273794851684,0.23833274635444218,0.23827093945060146,0.2382610882780981,0.23834172883176122,0.23830086282882668,0.23833175577334037,0.23828595367674746,0.238284958892683,0.23828785498266034,0.23825604711037293,0.23824710245971795,0.23826300219289898,0.2382988480429217,0.23827992613088317,0.23832874620337088,0.23829884383995903,0.23829182991595557,0.2383277724341198,0.23830482095027125,0.23832673982339125,0.23829691731627015,0.2382929087592735,0.2382291921435946,0.2382610588573594
15,0.23889773908336234,0.23894081037539827,0.23823304914863697,0.23789080550112526,0.23791595296205886,0.23807862692071954,0.23777171688495646,0.23828533938145208,0.2388207545491936,0.23778332340538738,0.23904049389997287,0.2381168621625759,0.23774115843251128,0.23858883373665143,0.23856465348575373,0.23796198677507857,0.23827998928081653,0.23878786940797272,0.23778332340538738,0.23870115188256882,0.23832164020323662,0.23881011523879864,0.2389974226079369,0.23771117492139815,0.23845671823043593,0.23858064289678424,0.23837683206615945,0.23753740849276253,0.2375127750822849,0.23854337486496374,0.23841023125783628,0.23872926186448623,0.23773973806289544,0.23799874075644303,0.23765507673931546,0.23803891041837125,0.23804181204847896,0.23792471874325805,0.23803891041837125,0.2384513681298004,0.23823014751852925,0.23847219359101046,0.23758338141490618,0.23934888519622785,0.238806246398655,0.2372121214663172,0.2384654231207591,0.2386213266091684,0.23818707622649332,0.23900658065784006,0.23820016400741612,0.23770446534202283,0.23812118416229947,0.23847077322139462,0.23804181204847896,0.23830229600251845,0.23880044313843954,0.23825484181988293,0.23828875506201577,0.23782497432780747,0.2379643743547303,0.23826161229013426,0.23889187493227088,0.2385215821937178,0.23837728522573934,0.23823743203923659,0.23883913153987585,0.23776830120439277,0.23860817793736958,0.23797217292589362,0.23817689007567827,0.23850269115257958,0.23787481609009475,0.23775089142374642,0.23812027784313963,0.23930046380355638,0.2385307402436209,0.23817592286564235,0.2381440049344574,0.2384736139606263,0.23818656217603734,0.2378791380898183,0.23784431852852558,0.2382272458884215,0.23813233752315047,0.23859759951785064,0.23805541387985774,0.23839959194744129,0.2385743255861128,0.23817689007567827,0.23797063077452565,0.23795515541395115,0.2380190521671971,0.2382306006781092,0.2380180849571612,0.23859270257679507,0.23849978952247183,0.23835503939491348,0.23803897130924728,0.2380917147016423
16,0.23826715560437037,0.23829007318978504,0.2382890700118212,0.23825917641269448,0.23829103433862606,0.2382591301806593,0.2382721672912775,0.23827511378148486,0.23828608569540324,0.2383000881577748,0.23834683824540998,0.23830304725671897,0.23833185361963602,0.2383079160446083,0.238282047766074,0.2382192930630518,0.23830198103507078,0.23824726856740877,0.2382601291557109,0.2383149340874432,0.23826109871037648,0.23826715140145807,0.23831193295937614,0.23827903823218233,0.23827613797401018,0.23825213735529813,0.23829008579852196,0.2382551763095758,0.23817948956874258,0.23824417917818363,0.23824711305965413,0.23828010445383055,0.2382910301357138,0.23827108005506786,0.23823332914872158,0.23831099282509655,0.23828900276522458,0.23822032566140167,0.23828501947375502,0.23830999805295724,0.23825711541890693,0.23828206457772316,0.23829606283718238,0.23830295479264862,0.23827516001352003,0.23824731479944394,0.23826810834738682,0.2382472223353736,0.23826916196029815,0.2383687064208256,0.23823426928300118,0.23821339167681255,0.23831788478056282,0.23825922264472965,0.23830398739099853,0.2382372073673839,0.23823222930377508,0.23826512823388116,0.2382232805574336,0.23825221300771932,0.23828009184509366,0.2382990639652494,0.2383298598724451,0.23826911993117528,0.23831892578473732,0.23825421516073478,0.23829999149079215,0.23828703843841967,0.23833580328780724,0.23820838839573,0.23825808917648483,0.23828805422512042,0.23828209399810918,0.23827612536527332,0.23824122428215175,0.23831289831112942,0.23831690261716038,0.23830104930661578,0.23825323720024463,0.23830290856061345,0.23828002459849704,0.23832090692319136,0.2382910889764858,0.23827710752867576,0.2382979851348644,0.23826118276862224,0.23824624437488345,0.23827113469292763,0.23830698011324103,0.23828606047792955,0.23833388099012523,0.23829998308496758,0.23830695489576728,0.2382959451556383,0.23831794782424714,0.2383248818088363,0.23828307195859932,0.2382910511502752,0.2382253373483088,0.23825320777985862
17,0.23793373835257223,0.23808242074487104,0.23808337291301757,0.23847229000112188,0.23863239841117911,0.2382571771203216,0.23874204190947,0.2378962383516621,0.23826098579290775,0.23875346792722843,0.2388442893443445,0.23943879763178377,0.2378968250766133,0.23946736267617982,0.23795468605179604,0.2380039775136599,0.2383260986700674,0.23845419880633775,0.23816694242815672,0.2389653588603938,0.23781266883652294,0.23888215478844999,0.2381993161451389,0.23949153232303852,0.23811611207319505,0.23749018223692017,0.23803444689434905,0.2383378901310211,0.2379687472922381,0.23928725873504536,0.2379931382208527,0.2387093027492925,0.23809194242633638,0.23907785886312427,0.23749626068899463,0.23827622048325228,0.2384144290259392,0.23709401324683885,0.238862745982324,0.23741803873953943,0.238802393945897,0.23894345899302352,0.23885036779641902,0.23810622494853445,0.23806623388637996,0.23857907699497316,0.23794421220218415,0.2376525604264657,0.2381123034006089,0.2389592804083193,0.2374193563508813,0.23802814716051857,0.23938188882474762,0.2381911120750154,0.23800837291119728,0.23874108974132346,0.2380154035314183,0.23825622495217505,0.23696818289005692,0.2380144513632718,0.2377195776399185,0.23808242074487104,0.2385275157536209,0.23672318735351872,0.2383346681833862,0.2383293206177023,0.23692555660521877,0.23885798514159132,0.23953152338519293,0.23848122495763602,0.237138765149726,0.2380420642395213,0.2379893295482666,0.23789338184722247,0.23810468605543667,0.23874834164330044,0.2377538556931937,0.23907785886312427,0.23674545266408428,0.23847763756680582,0.23845668986758203,0.23865429827854942,0.2384395508409444,0.2379874252119735,0.23859680274656203,0.23752292139709766,0.23814409039263987,0.2375766082564989,0.23823491180975598,0.2384471681861167,0.23892785885948362,0.23958938436037566,0.2386015635872947,0.23743327342988402,0.2376982644974994,0.23757624281330358,0.23898667200281287,0.2385383550464281,0.23718043926641758,0.23900798514523194
18,0.23825812132657256,0.23828004048435295,0.2382870292813427,0.23823116093559737,0.23829498765721263,0.23826008570243654,0.23825713913864058,0.23826508070244154,0.23826406489037147,0.23826907670244551,0.23833480895768314,0.23829101687531218,0.2383388049576871,0.23832185978482545,0.23828500186021992,0.23824722058992398,0.23830893162705408,0.2382472247929412,0.2382840617024605,0.238308898002916,0.23827404228132973,0.2382421331235393,0.23831688579990673,0.2383189552512021,0.23826410692054406,0.23827906670245552,0.23827405909339874,0.23826112673261007,0.2382054181015205,0.23827410532658855,0.23827604028133173,0.23827206949943125,0.2382939844541944,0.2382810268753022,0.23824327502612702,0.23829896264213032,0.23829994903307958,0.23823226921404703,0.23828397764211534,0.2383029628451516,0.23828504389039246,0.23827702667228096,0.2382880282813437,0.23830990540895153,0.23825313893561936,0.23821630202610006,0.23826906409339374,0.23826316255976737,0.2382321557325811,0.23834468967924446,0.23824221718388447,0.23819936105625564,0.23832683376974415,0.2382282101687842,0.23830394503308358,0.23824515534164586,0.23825016715371988,0.23826608390545975,0.23824621318388844,0.23824917235673612,0.23828204689038945,0.23827504548434794,0.2383198281606854,0.23828006570245652,0.23832587679991574,0.2382321935597364,0.23829595303307557,0.23829798465721563,0.2383497477245083,0.23820734465022914,0.23828601767228993,0.23828601346927267,0.23826706609339174,0.23826908931149726,0.23823119035671814,0.23832983917578168,0.23832385358181019,0.23829101687531218,0.23825119557484167,0.23834182717579366,0.2383239376421553,0.2383318539878527,0.23827606129641796,0.23826207949942124,0.23831492562706005,0.23823516534163588,0.2382312155748217,0.23827209051451753,0.2383219228300843,0.2382940096722979,0.23831186137878094,0.23829894162704407,0.23831989961197875,0.23829090759686353,0.238306916814983,0.23832483997275944,0.23827004207830846,0.23829300646927964,0.23821330502609706,0.2382321851537019
19,0.23764918628558165,0.2382257647587261,0.23850895136070674,0.23623495415387574,0.2375275783034084,0.23610314090251933,0.2403279780765665,0.23836183020557553,0.23794172771764688,0.2369501493911654,0.23882615552663128,0.23907532456466796,0.24023783634104143,0.24206536744788723,0.2372443917014278,0.23706665473874705,0.23795958693871747,0.23621879581100236,0.24104402375295478,0.24022507975456242,0.24076764066376297,0.2380735409690033,0.24121410676374813,0.23894095999601578,0.23765088716377888,0.2389265025313396,0.23652919646413817,0.23807098965170753,0.23534117151480674,0.2362375054711715,0.23780311095350168,0.2379391764003511,0.23865777339403513,0.2362519629358477,0.2319743985376874,0.23612014968449127,0.2386637264677253,0.23663634698163521,0.24106103253492675,0.239648501281418,0.23963574469493903,0.23752332610791543,0.24076764066376297,0.2364118406774579,0.23919948386413703,0.2353624324922717,0.2400583985001635,0.23749866337405606,0.23905916622179463,0.2425186370606612,0.234386162069565,0.23422458344975763,0.24023443458464702,0.23481391850938105,0.23809905414196125,0.23708026176432462,0.2367945238450482,0.23751397127783083,0.23692718753550324,0.23735834573171366,0.23765939155476487,0.23991978173601824,0.2399546497390608,0.23906767061278061,0.24022593019366104,0.23961618459567127,0.2383813903048433,0.2373864102219674,0.2437763932071513,0.236202637468129,0.23554697296774124,0.24232389131600848,0.2368115326270202,0.2361005895852235,0.24215806050070812,0.23952689329924476,0.24065453707257567,0.23808714799458086,0.24102361321458843,0.2407974060322139,0.23795533474322444,0.2388176511356453,0.23751652259512665,0.236950999830264,0.2383830911830405,0.23651558943856058,0.23382404106109675,0.2399112773450323,0.23838224074394188,0.23964084732953064,0.24107889175599728,0.24219462938194786,0.2395166880300616,0.23768575516682142,0.24008050991672705,0.2406570883898715,0.23653344865963113,0.2354066553253988,0.2373387856324459,0.2411707343697196
20,0.23825845318520975,0.23826838427353006,0.23828636194481295,0.2382804436405043,0.2382933212720153,0.23827740042859266,0.23826146697620634,0.2382833943866829,0.2382853755607615,0.23827040747748737,0.23832315236386697,0.23828635353883723,0.23831516041974665,0.23832518817678788,0.23829332547500318,0.2382175827343383,0.2383112611164074,0.23821259197225092,0.23828639136572802,0.2383142244715496,0.23829435388893327,0.23826644092634222,0.23831122328951662,0.2382863199149343,0.23825844477923405,0.23828938834477315,0.23828737774977946,0.23825546461214037,0.23819076543348314,0.2382694421083752,0.23828336496576782,0.23825242140022873,0.23828332713887704,0.2382903495108974,0.23824860195365888,0.2383112821313467,0.23830227858524775,0.23824658715567734,0.238294299250091,0.23828631150895857,0.23827638462362613,0.23827635940569894,0.23829834986099346,0.23831223489149525,0.23824348089894778,0.2382096412260723,0.23827039486852378,0.23826049740410635,0.23826245756324566,0.23836599978582926,0.23822256929343774,0.23820269030484567,0.23831617622471316,0.238236534180709,0.23829428664112742,0.23827146110934463,0.23824250712385991,0.23827740463158048,0.23824654512579874,0.23825449924302824,0.23827438663759604,0.23827537722463535,0.23834513441318575,0.23828439337969792,0.23831122328951662,0.23823851955777545,0.23829528563414248,0.23828233234884985,0.23835107793542162,0.23820767686394517,0.2382973382590148,0.23826636527256065,0.23826240292440343,0.23827641404454117,0.23825250125699818,0.23832517556782426,0.2383281809528451,0.23827036965059656,0.23825152748191034,0.23834215844907997,0.23828730629898573,0.23832019741470054,0.23827139806452663,0.23829138212781534,0.23830426816530212,0.23824348930492348,0.23823654258668472,0.23826642831737865,0.2383072693473351,0.23826636947554855,0.2383511535892032,0.23829727521419683,0.23831323808749816,0.23830322714240842,0.23830624933938072,0.23832317337880632,0.23827536881865963,0.23828334815381635,0.23823561504446336,0.2382524970540103
21,0.23825079641438454,0.23826672168352434,0.2382916926551541,0.23825680306544686,0.2382826679678974,0.23825875484590783,0.23825680726849346,0.23826774590879132,0.23826473207564355,0.2382837300205842,0.2383314806097237,0.23828868722809962,0.2383404716726072,0.23833651347207882,0.2382866681988923,0.23822191347573962,0.23832358522390018,0.2382398998045532,0.23826075285988194,0.23831755755760464,0.23827770655733535,0.23826377930216963,0.2383155553405839,0.2382856565827653,0.23825178701527833,0.2382747389577007,0.2382737273415737,0.2382587968763743,0.23821307792558208,0.23827277456809975,0.23826471946650363,0.23826774170574466,0.23829465184869542,0.2382627130464362,0.23823694901710518,0.23830562411336642,0.23829462242736887,0.23821795107216454,0.23829363602952175,0.23828165214872377,0.2382747221455141,0.23827169990627306,0.23827271152240007,0.23831956397767207,0.23828277724711028,0.23820997582845468,0.23826573528567727,0.23824684661994946,0.23826678893227074,0.23834036239339434,0.23826086634214144,0.23821601190084352,0.23832750139396208,0.23825285327101178,0.2383006164692912,0.2382668015414107,0.23826981537455844,0.238268749118825,0.23822490209060745,0.23823685234703226,0.23828271420141053,0.23827171671845962,0.2383214947428998,0.23828872505551948,0.23830956129866157,0.23824884463392357,0.23829262441339477,0.2382516987512987,0.23835441153691284,0.23822199753667256,0.23829867309492353,0.2382806867661099,0.2382917094673407,0.238262763482996,0.2382388503610064,0.23832950781402948,0.23832751820614867,0.23826571006739738,0.23826584876793677,0.23831751973018483,0.23829763205746995,0.23832852561922901,0.23828971565641321,0.23827673276862815,0.23830660210512025,0.23827279558333303,0.23827483983082026,0.2382657647070038,0.2382976152452834,0.23828568600409183,0.2383305110240632,0.23829960905621086,0.23830258506193877,0.23830656007465376,0.2383075842999207,0.23831651652015115,0.23826371625646992,0.2383026649198251,0.23820597980050648,0.23824783722084325
22,0.23585611985190288,0.24180690892398088,0.23867314188656663,0.23667853541783565,0.23917468365798444,0.23767749016890688,0.23634775252308624,0.23800744730530343,0.23801075033871494,0.23932727585088961,0.23870699797903444,0.23883977197147063,0.24217154791119813,0.23902952329025512,0.2452780649229676,0.23385903610811334,0.24297744831007342,0.23798267455471722,0.23949225441908786,0.23951950444473272,0.2366933990681874,0.23552698847385925,0.24298488013524927,0.23554680667432826,0.2378375141869879,0.24064710439647577,0.23932975312594823,0.23519455406240408,0.23547826873103966,0.23767088410208387,0.23916807759116146,0.23487368026788916,0.23983542368913038,0.2403245790852551,0.24044826973580966,0.24181846954092112,0.2393462682930057,0.2356671942914713,0.23884885531335226,0.23917798669139592,0.23801075033871494,0.24032540484360798,0.2406528847049459,0.23786806724604426,0.24113295675918897,0.23830354834923215,0.24015464596693958,0.23518712223722824,0.23766923258537814,0.24153310335557981,0.23798515182977584,0.23549065510633277,0.24002352349120912,0.23386481641658344,0.23736652547462644,0.2383266695831126,0.24063306650447688,0.24031632150172633,0.23782017326157756,0.23370314088179664,0.23636096465673223,0.24131197321938608,0.24052093647086256,0.2370175758961138,0.23902539449849078,0.23568205794182304,0.23967622542940223,0.24016455506717407,0.23937599559370915,0.23714209230502126,0.23752076918423737,0.24148108057934875,0.2378449460121638,0.23965475571222752,0.23634279797296898,0.23457757922396044,0.24397970609455613,0.2390047505396689,0.23551295058186042,0.234907536360357,0.23670413392677472,0.2365540190089282,0.24130867018597457,0.23701840165446666,0.24099770549169416,0.23733679817392297,0.23534797201366214,0.23750920856729713,0.24330657968811711,0.24065536198000453,0.242165767602728,0.23538843417295297,0.2365474129421052,0.23968613452963672,0.23819637286573506,0.24068261200564933,0.23801405337212642,0.23158236648745248,0.23533393412166326,0.23931323795889073
23,0.2382570720067176,0.23829497452081558,0.23827798760627014,0.23825208970037892,0.23826996211842094,0.23826503024743279,0.2382510949202895,0.23826902617957388,0.23828699106242518,0.2382740210947502,0.23831377867475886,0.23830694970840122,0.2383427491827817,0.2383298002298361,0.2382809551347548,0.23822219586234664,0.2383068824612672,0.23824317870903314,0.23827502007778548,0.23830085493948852,0.23829397133483446,0.2382820423796535,0.23831483649903643,0.23828893439019933,0.23827404631242546,0.2382740210947502,0.2382800023841242,0.23826407329385627,0.23819737679546232,0.23824508421029436,0.23826999574198798,0.23826902197662797,0.2382959314743921,0.23830295377626012,0.23822024833162658,0.23829091974743222,0.23830289493501783,0.23824121016358374,0.2383039065268907,0.23828692801823703,0.238289988011531,0.23828596686171466,0.23829197336876393,0.23829886537930975,0.23826907241197853,0.23821825036555605,0.23828899323144162,0.23823414162931106,0.23824908854832721,0.23837260939724697,0.23821719254127852,0.23819231883609782,0.23832778124903614,0.23824514305153668,0.23829290510466514,0.23826908081787027,0.23824212508770148,0.23826003953520228,0.23822218745645485,0.2382541170870706,0.2382799981811783,0.23827899079225126,0.2383547411821508,0.23826503024743279,0.23832782327849494,0.23824712840876958,0.23831188578233528,0.2383119194059023,0.23832971617091853,0.23821928297215836,0.2382889638108205,0.23827297587931026,0.2382800023841242,0.2382550530259177,0.2382301414942241,0.23830481304511672,0.23834178382331345,0.23827897818341365,0.23824515145742844,0.23830481304511672,0.23830590449296127,0.2383088257890413,0.23827301370582316,0.23827201892573377,0.23829489466484394,0.23825709302144701,0.23824215450832262,0.2382710409574279,0.23829589785082508,0.23828696584474995,0.2383178040275211,0.23832086822376097,0.2382958726331498,0.2383338129737607,0.23832884327625958,0.23831879460466462,0.23829396713188858,0.23827996876055715,0.23822424426376768,0.23826010678233633
24,0.2382607864842551,0.23829369487217483,0.2382767075503483,0.23826879114929153,0.23827567491898802,0.23827174193673956,0.2382518122335582,0.23828273101359715,0.23826273406166945,0.23826774590879132,0.2383204915328661,0.23828668921412552,0.23833547663767193,0.23830954028342835,0.23828566919190525,0.2382398956015066,0.23830060806319794,0.2382488908674367,0.23826674690180427,0.23832854663446226,0.2382916926551541,0.23828575745588484,0.23833453647333794,0.23826367842905008,0.23826477410611005,0.23826874491577837,0.23828371741144427,0.23825380184143902,0.23818610473693158,0.2382497974073975,0.23828170258528356,0.2382667426987576,0.23829864787664365,0.23829468127002196,0.23819598973063594,0.23828264695266416,0.23829462242736887,0.23821595305819043,0.23830562411336642,0.2383026312954519,0.23827372313852704,0.23826970189229896,0.2382807035782965,0.2382965868169698,0.23825080902352452,0.23822695894723464,0.238278722376509,0.23826083271776824,0.23827078496021895,0.23837332962396715,0.23824588123733562,0.2382230049497529,0.23833649245684557,0.2382458602221024,0.2383006164692912,0.23825181643660487,0.2382558292767397,0.23828972826555314,0.23824488223034856,0.23827081858459215,0.2382657310826306,0.2382857028162784,0.2383035126171328,0.23825875484590783,0.23830456626372631,0.23823385952911774,0.23830361349025236,0.23829565505872913,0.23835441153691284,0.23821100845981497,0.23825871281544134,0.23831465300366975,0.23827073032061255,0.2382687575249183,0.23825483447279927,0.23830653065332724,0.23832751820614867,0.2382697060953456,0.23823288153736397,0.2383075296603143,0.23829563404349585,0.23831553852839732,0.2382767285655815,0.2382687407127317,0.23828062792345683,0.23826780054839775,0.2382468676351827,0.2382727577559132,0.23830460829419278,0.23830766415780705,0.23833350804502434,0.23828462395140507,0.23831856917373165,0.23832254418644666,0.23829959224402425,0.23832051254809936,0.2382946854730686,0.2382936738569416,0.2381989867515971,0.2382598253046879
25,0.23825312632656756,0.23827904148435194,0.2382790372813347,0.23824414793561036,0.23828799465720563,0.2382880577024645,0.23825913713864258,0.2382670787024435,0.23828604289039346,0.23827507070245152,0.23832781595767613,0.23829601187531718,0.23832781595767613,0.23832086078482445,0.23828699986022192,0.238231236589908,0.23830493562705007,0.2382372347929312,0.23826108470243754,0.238307899002915,0.23827004628132573,0.2382561191235533,0.23832188079991173,0.2383109632511941,0.23826710392054704,0.23827906670245552,0.23826307009338776,0.23828110673263006,0.2381834401014985,0.23825612332657056,0.23826305328131872,0.23826407749942324,0.23829698145419737,0.23828901887531018,0.23820031802608407,0.23829696464212832,0.23831793103309756,0.23820829321402304,0.2383099516421413,0.23831794784516658,0.23828204689038945,0.23827902467228293,0.2382830332813387,0.23830690840894853,0.23827611593564232,0.23821430402609806,0.23827306009339774,0.2382481775597524,0.2382371507325861,0.23837565867927543,0.23824921018389145,0.23819336705624966,0.23833682376975415,0.2382461921688022,0.2382809680330606,0.23825914134165985,0.23824517215371488,0.23827607390546973,0.23824421518388647,0.23825716435674413,0.23829203689039946,0.23829602448436893,0.23832782016069337,0.2382840617024605,0.23831788479990773,0.23825417155975837,0.2382899590330696,0.23829498765721263,0.23832577172448433,0.23820234965022413,0.23827802567228193,0.23827602346926266,0.23828105209340575,0.23829806031152623,0.23823418735672114,0.2383158531757677,0.2383098675817962,0.2382820258753032,0.23825818857484868,0.23833982917579166,0.23828697464211834,0.2383258599878467,0.23827006729641198,0.23825708449941627,0.23830493562705007,0.23826313734166385,0.23824620057483667,0.23825910351450455,0.23829794683006034,0.23827402967227795,0.23830586737877496,0.23831592462706105,0.23832389561198275,0.23832986859690247,0.23828693681496305,0.23833383097276842,0.23826804407830646,0.23827302646925966,0.23823228602611604,0.23826115615373086
26,0.2382656372718368,0.2382915523778428,0.23827756220276397,0.23824566992076338,0.23829051555275807,0.23827659262582096,0.23824467512576722,0.23825761166372594,0.23827757481179052,0.23827159763579597,0.23832334378763076,0.23828254878677124,0.23833433276568577,0.2383213836187005,0.23828452576773695,0.23822077062479782,0.23831245147877952,0.23822576981783164,0.23828558360786598,0.23831441585071864,0.238296543164859,0.23826863006284296,0.2383254006257648,0.2383114861048454,0.2382706238558441,0.23827159763579597,0.23829256398487442,0.2382486627117695,0.23819695018400555,0.23827662624989182,0.23828655318480896,0.2382905743948821,0.23827752437568422,0.23826756381669623,0.23820783408683907,0.23831047449781378,0.23830346890275222,0.23823379122293367,0.23829349153172877,0.23830348571478766,0.23827757481179052,0.23827854859174238,0.23828655318480896,0.23831242626072638,0.2382546609028084,0.23820583609082907,0.23826958703075937,0.23824470454682922,0.23824966170977452,0.23834621146351548,0.2382407421788801,0.23821786609697768,0.23832735659168622,0.23825770412992084,0.23831046188878724,0.2382376863427411,0.23825368712285652,0.2382765968288298,0.2382347481908501,0.23826368130591538,0.23828856378984553,0.2382745694117578,0.23833833296071463,0.23827559362781597,0.2383184076397298,0.23824370554882424,0.23830147090674222,0.23830350252682309,0.23836125947872336,0.23821386169894,0.23827555159772737,0.2382855373747685,0.2382745820207844,0.23827760423285252,0.23825768731788538,0.23830638603959892,0.23829540546756162,0.23827855279475124,0.23821775261573852,0.23833735497775396,0.23829948551975877,0.23831539383367936,0.23829256818788322,0.2382725924307921,0.23830146250072454,0.2382646592888761,0.23824572455987852,0.2382666194578064,0.23829846970971838,0.23828054658775238,0.2383213752126828,0.2382974665087045,0.23832341944179022,0.23832639542076095,0.23830943767272908,0.23830438384058006,0.2382935419678351,0.23825956342663848,0.23820883308484408,0.23824169914679652
27,0.23827972078244583,0.23830363820305675,0.23829364389020202,0.23827274031478227,0.23829960433156924,0.23828468221283397,0.2382567603421796,0.23828668023479221,0.23828366638960102,0.23827169507010526,0.2383224428829956,0.23829463449505425,0.23833942606964081,0.23834445895210749,0.23828062732602923,0.23823285553075904,0.23831354845464264,0.23823785478871812,0.23826370298227223,0.23831950889600986,0.23827166564866115,0.23825773833784153,0.23831750667098817,0.23828660878271368,0.23826572622261113,0.23827169507010526,0.23828866564756016,0.23824776083724056,0.23819504862689947,0.2382917089141954,0.23828165575845248,0.23826669581214616,0.2382826169418606,0.23829363548407514,0.23823989904437426,0.23831356946995982,0.2383065637839156,0.23821390794666308,0.23827860408569027,0.23827561125581634,0.23827067924687234,0.238303621390803,0.23826167553886984,0.2383115252143037,0.23824476800736663,0.23821792080283338,0.23828566861462275,0.2382338125111037,0.23825175688115707,0.2383592970095739,0.23824883130029822,0.2382169638224887,0.23833145079406154,0.23823782116421058,0.23829557466314516,0.2382677536660135,0.23825478333553857,0.23827469630610607,0.23824383624540257,0.2382278142421655,0.23829165847743408,0.23825768369801673,0.23832944016291296,0.23828668023479221,0.23831351062707165,0.23826078580754023,0.23829857169608257,0.23828661718884053,0.2383383808249638,0.23818598607600877,0.23830262237982386,0.23827064982542823,0.23826968443895666,0.23826871064635818,0.23823680534097766,0.2383294611782302,0.23830149727694142,0.23827265625351338,0.23824582165817051,0.23830948095864757,0.2382855971625442,0.23830550172698484,0.2382507074334166,0.23826969284508354,0.2383055563668096,0.2382517694903474,0.23825681077894095,0.2382577257286512,0.23829656947106087,0.23827564908338733,0.23832746735933535,0.2383055563668096,0.23831752348324195,0.2383264935667369,0.2382795652690984,0.23831746884341717,0.23828265056636813,0.23828763301207345,0.23821991882479163,0.23823780014889334
28,0.2387709910169336,0.23962134153132572,0.2367491864614722,0.23685297840921707,0.23831249081789183,0.23794009586942663,0.23780977387592928,0.23949632554697894,0.2394998628864126,0.23698241606785597,0.2384613838434158,0.239264864610312,0.2413344232481278,0.24084762433361676,0.2367553768054811,0.2354005406794096,0.2409549536207953,0.2362376261709255,0.24105255522453126,0.24275767792760758,0.23363672710636754,0.23781419555022137,0.23952639293216502,0.23819454951241234,0.23841362976106145,0.23758096594383762,0.23913984862596518,0.23900864229760946,0.2347692704136666,0.2376936012401666,0.2401010657669695,0.238300110129874,0.2359191756488236,0.2363918252056,0.23802354811542792,0.2379577825665949,0.23879840539754446,0.23611172585172027,0.2384366224673802,0.23939341793409247,0.23746479330807493,0.23758980929242177,0.23866454606461351,0.23617186062209247,0.23697268838441338,0.2371855782890536,0.23854129874998353,0.2397189431350617,0.2373327026448608,0.24087857605366125,0.23731766895226775,0.23538108531252447,0.2408520460079088,0.23756151057695252,0.23987579517431146,0.23804830949146355,0.2369673823752629,0.2350661721298562,0.23707824900187507,0.23864243769315316,0.2394998628864126,0.2377059819281844,0.2390590493845391,0.24021458539815693,0.23892784305618336,0.2360079339039754,0.23652391586881413,0.2381927808426955,0.23990763122921438,0.2361011138334193,0.23914603896997408,0.23783011357767284,0.23686535909723486,0.238535992740833,0.24019866737070547,0.2385757878094617,0.2391725690157265,0.2369903750815817,0.23863713168400263,0.23905462771024702,0.24023227209532522,0.23833283051963539,0.23662505481198376,0.23590591062594735,0.23748336434010164,0.23888627931783787,0.23983423143596597,0.2369788787284223,0.23748248000524325,0.2377095192676181,0.24084939300333358,0.24035640374481362,0.23653010621282305,0.24144263687016476,0.23868400143149862,0.23797812226833845,0.24058079000261323,0.24106228290797382,0.23742499823944627,0.23636883249928126
29,0.23826601954860868,0.23828494185761318,0.2382969257503832,0.2382540440619404,0.23829489411000626,0.2382639879082318,0.23826204032887177,0.23827197997211236,0.23829094431162529,0.23828596608390334,0.23834070977664157,0.23829791635226658,0.2383217286249252,0.2383137743885023,0.23829090228111685,0.23824512864499003,0.23828286398367696,0.2382361417761752,0.2382709809641273,0.23830980357486706,0.2382869356705325,0.23825902228966234,0.23831978945166693,0.23829288768793444,0.23827100618243235,0.23830294921964956,0.23828595347475082,0.23826802597068053,0.2381953337586178,0.23824404137293712,0.23826495749486093,0.23828795989682264,0.2382948899069554,0.23827394016062486,0.23822120288995846,0.23828588202288636,0.2383008545335099,0.23822018706977,0.23828588202288636,0.23833283960123555,0.23828694827968502,0.23828592405339488,0.23828793467851755,0.238298822893133,0.23827402422164182,0.23821520884204803,0.23828395545878067,0.23823309851866067,0.23826303093075518,0.23835758363306575,0.2382391261909779,0.2381952707128551,0.2383317355169793,0.238244100215649,0.23829286246962936,0.2382600465159525,0.23826405936009618,0.2382599960793423,0.2382251400791869,0.2382480794353859,0.23827196315990895,0.23828294384164303,0.2383377169557372,0.2382769750120377,0.23831479441174158,0.23823909256657108,0.23827288230992794,0.23827391494231978,0.23833067346323153,0.23820425337861906,0.23829991016518587,0.23829690893817979,0.2382649743070643,0.23826899555730968,0.23823808935553517,0.23830776773143933,0.23831676720940664,0.23829092329637108,0.23823611655787014,0.238331743923081,0.23832284531833398,0.23830878355162777,0.23826997355004048,0.23826398370518093,0.23831183521524402,0.2382570494919973,0.23825010266966112,0.23826600273640533,0.23829885231448894,0.2382849250454098,0.23832375606225129,0.2383018451353933,0.2383108151920047,0.23833477036839215,0.23830682336311523,0.2383307407120451,0.23828293543554135,0.2382689367145978,0.23823518900174945,0.2382400831684545
30,0.23775219536998796,0.23843709435938745,0.23793422555912208,0.23741350428982183,0.2390053379075313,0.23831949931449836,0.23746854339773274,0.23809558446832113,0.23759553447895596,0.237535797352878,0.23881242998125668,0.23754425378557872,0.2389243874043453,0.23874799483701167,0.23844461118845475,0.23700474044361022,0.23923864879004267,0.23739565182078698,0.23904722256457445,0.23896627206138843,0.23899782107846404,0.23898466662759626,0.2398068923381865,0.23816753644163344,0.23708233003872303,0.23826352060295405,0.23776253100995548,0.23864597554743014,0.23702595382071828,0.23668859985064603,0.23922173592464127,0.23804054536041022,0.2384464903957216,0.23799208347793324,0.2380570607193512,0.23833829138716664,0.23940470571740877,0.23850864882623934,0.23733067457936902,0.23872920276434337,0.2381553215943991,0.23900063988936424,0.23821411911684365,0.23862852058485573,0.23814122753989792,0.23772118845008533,0.2382663394138543,0.23740598746075456,0.23696661420110074,0.2388928383872697,0.23801423645867467,0.23636830333668774,0.23813692702819125,0.23768306220757587,0.23890089731350997,0.2374676037940993,0.2383035260527304,0.2379826874415991,0.23695064093933274,0.23897433098762869,0.2377074919020446,0.2382131795132102,0.23892344780071184,0.23719992508361212,0.23969493491509786,0.23841360426855218,0.24030036510211777,0.23962110373451875,0.23859885077504694,0.23670605481322043,0.23726529983149053,0.2386097285121875,0.2394978710678292,0.23932429731139576,0.2386384587183628,0.2384709200901903,0.23869295572910074,0.23821599832411047,0.23874477851965098,0.23779917555165855,0.23878612107952113,0.23807531069484647,0.2383213785217652,0.2379285879373216,0.23957452105930854,0.2373556463710107,0.2379050978464863,0.23708420924598989,0.2387339007825105,0.2383288953508325,0.23970151214053179,0.23907071265540975,0.238571602269678,0.23812847059549058,0.2390184923583991,0.2396474126362543,0.2386069097012872,0.23961734531998513,0.2374972736039081,0.2377997176488316
31,0.23824813132656256,0.2383010194843739,0.2382850312813407,0.23825114093561736,0.23829398865721163,0.23825908670243554,0.23825514113863858,0.23825608970243253,0.23826706189037447,0.23827207370244852,0.2383378059576861,0.2382590488752802,0.2383378059576861,0.2383008807848045,0.2382939928602289,0.238240227589917,0.2382909496270361,0.2382522197929462,0.23826408170244054,0.238316890002924,0.2382810352813367,0.2382641111235613,0.23831688579990673,0.23829797625118113,0.23825811292053806,0.2382890567024655,0.23827905409340375,0.2382411467325901,0.23819942410151448,0.23826511432657954,0.2382960202813517,0.23827406749943325,0.23829897945419937,0.2382790288753002,0.23822329502610703,0.2383089526421403,0.23831793103309756,0.23822627521404102,0.23828697464211834,0.2382989668451476,0.23828204689038945,0.23828401967228793,0.2382880282813437,0.23829092440893254,0.23826512693563134,0.23821030802609405,0.23827306009339774,0.2382461795597504,0.23826512273261408,0.23836766667926743,0.23823822118388047,0.23822333705627963,0.23834181876975913,0.2382342041687902,0.23829595303307557,0.23825414634165484,0.2382321851537019,0.23826808190546175,0.23823422518387646,0.23823918235672614,0.23828404489039146,0.23827504548434794,0.2383218261606874,0.23826308270243954,0.23832587679991574,0.23825816755976237,0.23830794103308756,0.23828599665720362,0.23832377372448232,0.23819335865021515,0.23829001367229394,0.23828701246927367,0.23826906409339374,0.23825410431148228,0.23824917235673612,0.23829687217574871,0.23831885858180518,0.2382790288753002,0.2382322145748227,0.23832284617577468,0.2383159456421473,0.23831686898783772,0.23827406329641596,0.23829005149944923,0.23830593462705107,0.23824215834164286,0.2382382085748287,0.23827508751452053,0.23829894583006134,0.23829201167229594,0.23832984337879892,0.23832091962706606,0.23833188761199076,0.2383078905968805,0.238337885815014,0.23833682797277142,0.23827204007831043,0.23828401546927067,0.23822329502610703,0.23824317415371288
32,0.23824632119736272,0.23826624203672642,0.2382822215783082,0.23824333685411328,0.23828718287487374,0.23826526827039368,0.23824633800916303,0.23827026319055988,0.2382692473947263,0.2382472865577954,0.2383519781396817,0.23829320199677365,0.23833899134724962,0.23830905965280316,0.23830516879042213,0.2382474084433476,0.23829812966973862,0.23823442585386556,0.23828025303089226,0.23831208182260333,0.23827422970604228,0.23826529769104418,0.2383030867633541,0.23830215922947218,0.23827728129649298,0.2382732601426596,0.23827824245397555,0.23824233366712994,0.23819961271890497,0.23827629071835987,0.23827223173797582,0.23826026914727738,0.2382851807038572,0.23827821723627507,0.2382214852938843,0.23828416490802362,0.23830812791597114,0.23825143800308113,0.23830014865255544,0.2382781752067743,0.2382712453627928,0.2382752160812253,0.23827922462620849,0.2382941085159052,0.23827030942301072,0.23823047615018345,0.23827824245397555,0.23824836539788005,0.2382513245234291,0.23837084955961124,0.2382354122290486,0.238225523259518,0.23831303457418573,0.23823639019833145,0.23830113502773848,0.23824933916421284,0.23823037527938162,0.2382802572338423,0.23823741019711506,0.23826534392349502,0.23829122504345754,0.23830020749385653,0.2383190158695349,0.23828225099895872,0.23832806136418508,0.23825835523821243,0.2383091269000044,0.23830116865133907,0.23835492885933057,0.23822451586958465,0.2382812099854247,0.23827121594214223,0.23827025058170964,0.23826128494311094,0.2382513581470297,0.23832802774058445,0.2383150493540525,0.23828321215644127,0.23824139352439777,0.23834201351704978,0.23828716186012336,0.23831206080785294,0.2382812436090253,0.238271257971643,0.23827715100504063,0.23825932900454522,0.23822640876389922,0.23828826171495845,0.2383061257449546,0.2382812099854247,0.23832303702336835,0.2383131144302372,0.238318088335653,0.23830807748057023,0.23832808237893544,0.23831104080906934,0.2382872122955243,0.23828220476650785,0.23821549138968487,0.2382453600398802
33,0.23800359860441028,0.23785633562979558,0.23928786333404486,0.23450384426465878,0.24326869450187433,0.23769235439806013,0.23784128919838693,0.23848718317105636,0.23690086927648804,0.24023580647164808,0.24122972481633337,0.2357922885585735,0.2375735124605507,0.23693012622644935,0.23945268047863638,0.23782707867983427,0.23930290976545354,0.2346469276749933,0.23483097081527368,0.2397864943320996,0.2404006236162396,0.23800443451726636,0.23946939873575712,0.24056794849939922,0.24150251703130582,0.24150753250844204,0.24007934845561696,0.23800192677869822,0.2347758005667752,0.23816256435900954,0.23626751399665918,0.233719046445935,0.24009021532274544,0.2357922885585735,0.23114048603239346,0.2370732096367839,0.23850640916674523,0.23607176807639424,0.23993459321957034,0.23707237372392787,0.23578810899429334,0.23738278201742202,0.23610854824205996,0.24105654854318148,0.23879591963883842,0.23495566414277536,0.2351514100630403,0.23608681450780292,0.23816089253329747,0.24506663666097228,0.2379877162601456,0.2370138598240052,0.23788810031832502,0.23926362186121974,0.24311641605012335,0.23672769300333615,0.23751917812490825,0.23721462122140635,0.23512633267735916,0.23863110249424693,0.23928535559547676,0.2369025411022001,0.23693681352929769,0.24150753250844204,0.2377207754351654,0.23592784875320366,0.2394602036943407,0.24183800271048111,0.2375827075019671,0.2390820864595075,0.23547519296223104,0.23770154943947655,0.2419869375108079,0.2368950178864958,0.23656454768445673,0.24058884632080016,0.23708992789390465,0.2408791927057494,0.236877463716519,0.237250565474216,0.23468872331779522,0.2409034341785745,0.23658126594157747,0.23832905332931315,0.2367594576918656,0.23799941904013014,0.23878505277170994,0.24086832583862092,0.240255868380193,0.2397672683364107,0.24011111314414635,0.24407188240343095,0.238830192065936,0.24169575521300263,0.23787556162548448,0.2417024425158509,0.23642731566411448,0.23786051519407578,0.23654532168876782,0.23990366444389694
34,0.23812876360000435,0.2380419586300373,0.2367419135841325,0.23857626345756322,0.2403022089149145,0.23803627088076657,0.2373743988801668,0.2378361181109025,0.23753968078895352,0.23938730207734923,0.2387322693769907,0.23799476431220667,0.23813181106739842,0.23832343221335645,0.23794946591079957,0.23875935297961512,0.23901069549291576,0.23760752659468473,0.23778607991843645,0.23881812638874594,0.2381930211656472,0.2374291768636918,0.23806850145996736,0.238152462555299,0.23773035397669973,0.23903703473008706,0.23813919114033402,0.23782663852878463,0.23727317094426423,0.23737819071301397,0.23919378501496769,0.23868771534103667,0.23775120905735905,0.23819491708207077,0.23789732820915124,0.2376048863128081,0.2389087231915601,0.2375008145022702,0.2388058029319927,0.2388048549737809,0.23773983355881761,0.23844605600261268,0.23784275381838502,0.23876619227985635,0.23797580514797093,0.23709671712969485,0.23858953487252824,0.23751787775008237,0.23732625660412437,0.2393073364076235,0.2387612488960387,0.2379879250119654,0.2398293177783961,0.2371147283357188,0.238708570421696,0.23852432934867357,0.23797011739870017,0.23858574303968105,0.2377104468542522,0.23746878751582814,0.23844036825334197,0.23739146212797899,0.2392817415359052,0.23813634726569863,0.24017010554354037,0.23771803051994647,0.23900879957649215,0.23810052844640942,0.240093728113903,0.23864031743044728,0.23859617058001073,0.23714601095670781,0.23823926752526609,0.23878399989312157,0.2374187493233621,0.23902681078251614,0.2384244565565003,0.23819491708207077,0.2380635580761497,0.2388766962051181,0.2388558411244587,0.23842256064007672,0.23713747933280171,0.23858763895610463,0.23790985525866323,0.23807398561647936,0.23731298518915936,0.23863293735751173,0.23890967114977193,0.23814582684781652,0.23902586282430432,0.23856035176072155,0.23776448047232407,0.23851979315037336,0.23881433455589882,0.2387275295859318,0.238244007316325,0.2376964310738341,0.23789732820915124,0.2380701937836322
35,0.2382591817349214,0.2386863267894243,0.2357739712324908,0.23471944412166773,0.2380691424878478,0.24180284156153806,0.23700755539297125,0.23389574727689305,0.2382685950469925,0.24055435299027833,0.24496171623797194,0.23952100583161526,0.2378869476675001,0.23850413196907658,0.23869260233080505,0.234705324153561,0.24015780120000663,0.2376176797104945,0.23680888727649912,0.24037215816993063,0.24305682123150596,0.23909229189176717,0.2447426526120123,0.23931919994445272,0.2372203434775501,0.23597656156232596,0.23618699631888704,0.23721720570685975,0.2328035669177854,0.2316005760215361,0.24055984408898648,0.23805816029043148,0.23432446121674114,0.23764827297472563,0.23677672512692274,0.24057004184373018,0.24119663945737785,0.23719602575469972,0.24161044898644665,0.23890460597271132,0.24284638647494486,0.241810685988264,0.24014368123189989,0.23912210071332576,0.2332628741218647,0.23032620084208075,0.24242943917518572,0.24095561143658561,0.2365929614212299,0.24269321603348318,0.2351230558959928,0.23343957784350416,0.2401727056107859,0.24053709525148123,0.2397400694575748,0.23638252666466883,0.23513090032271872,0.23888891711925944,0.2372038701814257,0.2376270930225656,0.23889283933262237,0.23390045393292863,0.2428801175098665,0.24201092299008137,0.24162143118386298,0.231175784295051,0.23557844088670904,0.2359883282024149,0.23602284368000898,0.23198457672904635,0.2395217902742878,0.24077106328822015,0.23597891489034376,0.24076008109080382,0.23866750016528204,0.24141962529670044,0.23475945069797,0.2345270515465763,0.23783046779507336,0.24454084672484977,0.23786498327266742,0.23454980038408152,0.2372266190189309,0.23993089314732108,0.24598408119921875,0.23991991094990475,0.24053552636613612,0.2397188895054148,0.2397408539002475,0.2397298717028311,0.23829761942587852,0.23349919548662135,0.2449475962698652,0.2391252384840161,0.23433465897148487,0.24121232831082975,0.23931213996039935,0.23931449328841714,0.235528236555663,0.2376278774652382
36,0.2382596398348296,0.23828255746603255,0.23826656963035187,0.23825265960425915,0.23829950224955396,0.2382556103032741,0.23826265357765483,0.2382805847294617,0.2382705781473039,0.23826560007374914,0.2383553062678315,0.23829453258184055,0.23832933286459643,0.23831338705812255,0.2382805258885721,0.23823175673883393,0.23831544385310716,0.23823375889584958,0.23827159393603417,0.23830542045926661,0.2382795563319694,0.2382626325630514,0.2383243968202485,0.2382984948666651,0.2382766140387958,0.23826460109670164,0.2382755772354621,0.23825964824067097,0.23817197362404907,0.2382596398348296,0.23827256349263687,0.23827258871016097,0.23828950827615825,0.23829952746707808,0.23822681228864462,0.23829648430380798,0.23829147680980844,0.23821980263762935,0.23829248839561798,0.23829748748377622,0.23826458428501887,0.2383035191723474,0.23829054507949193,0.23832041352082056,0.23827663505339924,0.23822980921978712,0.23828756496003217,0.23825868708990963,0.238269638011146,0.23835619596894117,0.23822975037889754,0.23821087068509142,0.23833534353856417,0.23826069765276672,0.23829946862618848,0.23827264755105057,0.23825268482178324,0.23825461552914726,0.2382177626543275,0.23825668493289395,0.23825859042273387,0.23827856155784255,0.2383333329757071,0.23826759802784417,0.2383263947743435,0.23823870754895957,0.23828847987866594,0.238309492020029,0.23834826719637145,0.2382198530726776,0.23828254065434984,0.23829152724485667,0.23825559769451204,0.23825961882022617,0.23825069107060892,0.238312375472313,0.23831737876339187,0.23825956838517795,0.23822973777013548,0.23830738058707548,0.2383014791890455,0.23831139330694823,0.2382845722318103,0.2382775835953985,0.23831344589901216,0.238249671078958,0.23824871833403805,0.2382736087018119,0.23832144191831287,0.2382975253100624,0.23831237967523367,0.2382954643121571,0.23832241567783624,0.2383074100075203,0.23830343931685435,0.23833634671853238,0.23827655519790616,0.23828853031371416,0.23819884093131452,0.23826567152340078
37,0.23825717604548866,0.23826411046649854,0.23827709375636597,0.23823520982063665,0.23829204569984855,0.23824015877532403,0.2382571928581959,0.23828611451994197,0.23824713522810206,0.23825514434422118,0.23834785311889628,0.23828807476720354,0.2383168829431755,0.23832491307517867,0.23827306818242233,0.2382382825915988,0.23830898731283048,0.2382402848706285,0.23826013953385358,0.23830295945985708,0.2382710995288071,0.23828214779047374,0.23831094756009208,0.23829503440727434,0.2382711541701057,0.23828711355786844,0.23827311441736732,0.23824519599672456,0.2382074679334202,0.23826516834890046,0.23827409664258653,0.23829210454432398,0.23828305015533344,0.23828907380513004,0.23823034072630875,0.23828603045640556,0.2383059986054047,0.2382163373826308,0.2382810352667732,0.23828803273543536,0.23825712560736684,0.2382860724881738,0.2382830879839248,0.23831096016962253,0.2382282165551513,0.238218352271191,0.2382990894034557,0.2382632165079925,0.23826617579318057,0.2383797130499463,0.23823727514731866,0.23823337987185636,0.23831390264210334,0.23826422815544945,0.2382790245813898,0.23825220187174037,0.23825521579822706,0.23826314085080977,0.2382522607162158,0.23825621903933034,0.23827011310041105,0.23827609892161625,0.23832687752561707,0.23826513472348596,0.23829496295326844,0.23825522420458067,0.23832298225015477,0.23830803030667216,0.23834780688395127,0.23821139263112023,0.23828807056402673,0.23832203365035012,0.23827311441736732,0.23825815406753104,0.23824822673591853,0.23832190335186879,0.23831491849273706,0.23828407861549764,0.2382322673481558,0.2383298956552806,0.23830101602530274,0.23832291920250254,0.23827012150676466,0.23827212378579446,0.23830199404734514,0.23825619802344628,0.23825124906875889,0.23829112652228163,0.23829700306088958,0.23827008788135015,0.23832490466882503,0.23829699885771277,0.23831595956243173,0.23830794624313584,0.2383219579931674,0.2383209001107655,0.2382820847428215,0.23829006443670286,0.23823333784008818,0.23825221868444763
38,0.23826858375059484,0.2382885045302569,0.23829549319459484,0.23826160349213193,0.23829146364693762,0.2382455735631902,0.23824762196051863,0.23827953891852777,0.23827552618262046,0.23828653178580314,0.23833627909677105,0.23827550516793308,0.23833428113469238,0.23831833526450028,0.2382834760015604,0.23823270869486574,0.2382854277313268,0.23822272308740977,0.23828952872892117,0.23831536353900712,0.23827851051692606,0.23824560298375255,0.23829438073424353,0.23829245422210202,0.2382605834964052,0.23827454401333106,0.23827053548036126,0.2382635972512731,0.23821688050692305,0.2382446082056507,0.23827950949796542,0.2382805336966296,0.23828346759568542,0.23828749294040516,0.2382257662628401,0.2382914426322502,0.23829642492863448,0.23822574945109015,0.2382964375374469,0.2382914468351877,0.23828851293613187,0.23828349281331032,0.23828250644108342,0.23831637092592145,0.23826759737836797,0.2382437479215482,0.2382735324234793,0.23824765138108098,0.23828457585309926,0.2383421637066326,0.23823270028899077,0.23821481950078216,0.2383492826620324,0.23826364768652292,0.2383114096442246,0.23824063329618075,0.23824764297520604,0.23824957369028502,0.23822770538379406,0.23825064412126154,0.2382865149740532,0.23826652694739142,0.23833728228074788,0.2382805378995671,0.23831935526022702,0.23824665240004164,0.2382874340992804,0.23829945549525233,0.2383422267506948,0.23820681924659248,0.2383004754909791,0.23826950287582205,0.23827952630971533,0.23826256884967142,0.23823066450047475,0.23831832265568784,0.23832232698572015,0.23827750313001175,0.23823868156641434,0.23831332775049113,0.23830542836680096,0.2383423150123819,0.2383075019817543,0.2382675469431182,0.2382934195796415,0.2382516220876135,0.23824367647161104,0.23825857712845155,0.2383114054412871,0.23829248364266437,0.23835229221396287,0.23830840429523162,0.23830238939430815,0.23830736328481747,0.23831737831283573,0.2383163204906717,0.23827151344671318,0.23829447740180557,0.2382037886799746,0.23825063991832407
39,0.23824261024357202,0.2382835096250602,0.2382865023652408,0.2382506147006992,0.2383064483625277,0.23826455420293768,0.23825761177091204,0.2382775409564491,0.2382815200688565,0.23826855012709502,0.2383143015139056,0.2382834970162478,0.23833128419157437,0.23831733628346094,0.23828547396363908,0.2382347066569444,0.23829741550379888,0.2382157302201344,0.23827054808917372,0.23833134723563656,0.23826552376341464,0.2382695785286967,0.23831036443087295,0.2382994470893774,0.23826258145848386,0.2382675511460557,0.23826953649932192,0.23824861253568302,0.23817292534119208,0.23826858375059484,0.23829549319459484,0.2382855286018263,0.23830444619751157,0.2382785021110511,0.23821877339556471,0.23826746708730603,0.23830341779590986,0.23822774741316885,0.2383164171582337,0.23830243562662043,0.23828451701197453,0.23825352338213013,0.23827351561172938,0.2383253617552755,0.23826759737836797,0.23823176014907613,0.23829850694946278,0.23824365545692364,0.23825760336503707,0.23835515046014402,0.23824768500458085,0.23821182255766413,0.23834328877579636,0.23826264870548355,0.2383114096442246,0.2382496241255348,0.23825063991832407,0.23826056248171776,0.2382436890804235,0.23825364106437955,0.23826453739118772,0.2382785147198635,0.23833528431866918,0.23827154707021306,0.23831036443087295,0.238250648324199,0.23828243919408373,0.2382934616090163,0.2383422267506948,0.23819782841723844,0.2382874887374677,0.23829148045868753,0.2382865191769907,0.23826057088759273,0.23824365125398617,0.2383373032954353,0.2383113381942874,0.23827150924377571,0.23824367647161104,0.23832131959880584,0.2382964375374469,0.23831534252431974,0.23826154885394465,0.23828353063974764,0.23831339920042832,0.238279593556715,0.23824567443368974,0.23826357203364826,0.23829342378257898,0.23831446122552985,0.2383283166690187,0.23828342976924813,0.23832236901509496,0.2383233469814469,0.23830339257828498,0.2383243123389864,0.2382765083519099,0.23831046109843498,0.2382287632059581,0.2382716185201502
40,0.2390597313399932,0.23749577407807676,0.23678031234596603,0.2389139112515434,0.2372169201919319,0.23792044805267148,0.23776695618976876,0.23992612767685573,0.23949974886349368,0.23920981352536136,0.23853441550428234,0.2370685428453311,0.23939399248607557,0.24225157731760022,0.24065437569972123,0.23646309958755676,0.24252616910682678,0.23488635603488545,0.23763392239207373,0.24052730883771178,0.23549094687327615,0.23805774394728477,0.2395253214450033,0.23693209937010146,0.2392046990090594,0.23491192861639512,0.2376364796502247,0.23719560970734055,0.23399609195528068,0.2363377375643146,0.23678031234596603,0.2373482491508596,0.23850713808400542,0.23907422246951535,0.23831528734883828,0.23836728493124115,0.23679395105610448,0.23932153683846502,0.23851054776154001,0.23951253515424847,0.2377805948999072,0.2412240173433821,0.23391505573998853,0.24167170664133547,0.23676496879706027,0.2365961333852518,0.23921237078351232,0.23704467510258878,0.2346168787619608,0.23998920671124607,0.23646480442632403,0.23300603843394335,0.24010689696003532,0.23589601520204687,0.23908615634088648,0.2371930524491896,0.2359002772989651,0.2402118009180698,0.2383272212202094,0.23833489299466232,0.24035932584528694,0.23849861389016888,0.24025271704848516,0.23863676220416585,0.24052816125709545,0.23990993170856628,0.24094857313477186,0.23907933698581726,0.24226862570527327,0.23501342289689495,0.23893181205860012,0.24208444674455903,0.2354875371957416,0.23834767928541714,0.23804836733406456,0.24182434608485454,0.2396736987916041,0.23778485699682547,0.23933261829045252,0.23938887796977368,0.24137580436751752,0.23952873112253792,0.23906825553382977,0.23806456330235398,0.23966091250084928,0.23604694980679858,0.23789998998746376,0.23748724988424025,0.23980332291176454,0.2383587607374046,0.2353766663020215,0.23966091250084928,0.23966517459776757,0.24310774462185883,0.24167000180256815,0.2368109994437776,0.23463222231086656,0.23864613881738603,0.23401740243987204,0.23561375163836734
41,0.23827172499205349,0.23828565201069496,0.23829363972788845,0.23824376588038884,0.23829560408412845,0.23826669641814593,0.2382497640234906,0.238278684298399,0.23827167455635026,0.23827368934829354,0.23833942094687247,0.23828663839179026,0.2383384219568514,0.23830149715284854,0.23829061333699827,0.23822985567364843,0.23829656104439687,0.23824384573691892,0.23827368934829354,0.23830252136072122,0.2382896437678041,0.23827871371922585,0.2383344848384208,0.23830059062828338,0.23827471355616622,0.23826569742812484,0.2382756747194099,0.23825375157762443,0.2381820596627211,0.23825574115171608,0.23827266093744556,0.23828267605550804,0.23829460089113208,0.23827864647162156,0.23822890711933054,0.23829158710916773,0.23830955632062154,0.23823288626751382,0.23828659215906228,0.2383035791923961,0.2382676785962659,0.23829162913892044,0.2382796538675932,0.2383095226968194,0.2382467628504521,0.23820393236880333,0.23828766259966297,0.23825179142435968,0.23825774753770879,0.23832632479924135,0.23823184524774008,0.2382219562189356,0.23833943775877356,0.23824880706322224,0.23830955632062154,0.2382477702464237,0.23825378099845132,0.23827469254128986,0.23825282403818293,0.23825778116151095,0.23826368263618156,0.2382896479707793,0.23833642817978448,0.23827568732833573,0.23831450503799903,0.23825878435450729,0.23830556036053718,0.2382826172138543,0.23833637774408126,0.23820995993273203,0.23828963115887827,0.23829062594592407,0.2382946555298106,0.23827070498715605,0.2382517872213844,0.23832745828447105,0.23831747679021067,0.2383086161722542,0.238228835668751,0.2383224633343656,0.23827860023889358,0.23831348923607687,0.23826269205211098,0.23826469423512847,0.23830754993462885,0.23826075711669786,0.2382438205190673,0.2382497303996885,0.2382815803970558,0.23827464630856193,0.23830748268702454,0.23829656104439687,0.2383325036702797,0.2383135018450027,0.23830853211274883,0.23832745408149578,0.23827665269455464,0.2382966198860506,0.2382239121692251,0.23823280220800847
42,0.23827343808043538,0.23828037218971054,0.23829635187496337,0.23826445975226362,0.23828932529995514,0.23828539237271298,0.23825846999716122,0.23829038733778818,0.23825440677729523,0.23825042761718654,0.2383211543778369,0.23829634346898762,0.23833114430798732,0.23830520831648705,0.23828833050992798,0.2382525474898647,0.23832125104655782,0.23824156276968708,0.23828039740763776,0.23829524360426382,0.2382703780565723,0.23826144596126703,0.23830423033841133,0.2382963098450847,0.23826643672335437,0.23828039740763776,0.23829137372183962,0.23824247770294485,0.23818277348936281,0.2382444672829992,0.2382923559029032,0.23826141233736411,0.2382923180760124,0.2382953444759726,0.2382386120235085,0.23829330025707596,0.23828729369002213,0.23823959420457205,0.23827332039677515,0.23831128633433457,0.23827438663759604,0.2382873483288644,0.23827637201466256,0.23831922784260054,0.23824747687100795,0.23822262813526782,0.2382663988964636,0.2382495084809409,0.2382584615911855,0.238360005827739,0.23823755418866335,0.23821467822102615,0.23830618629456274,0.23825751303402487,0.23829528563414248,0.23825447822808893,0.23826748194923592,0.23825742477127967,0.23823156023057313,0.23822952441765224,0.238273387644581,0.238291361112876,0.23832815153193004,0.23826840949145728,0.2383062283244414,0.2382495084809409,0.23831126952238313,0.23832429005548156,0.2383530759214517,0.2382156688080655,0.2382973382590148,0.23828234916080132,0.2382634019174185,0.23827042008645094,0.23824950427795305,0.23832217858877916,0.2383331759179203,0.23827236763662665,0.23823054862859447,0.23831818261671897,0.23828730629898573,0.2383441732470615,0.23827339605055672,0.2382783952186198,0.23830227017927205,0.23824049232587838,0.23822755164954934,0.23828341119863436,0.23829827841019974,0.23827136444062375,0.23831319185463162,0.23832225003957286,0.23831323808749816,0.2383152150585889,0.2383002553812905,0.23831418244167096,0.23829734666499053,0.23826836325859074,0.23823062007938817,0.23827047892828104
43,0.23825098094466649,0.23828388811622994,0.23827289524265816,0.23825598840364975,0.2382958379309507,0.23827292466289723,0.23824400496579862,0.23827891848326843,0.23829888107294053,0.2382649329024023,0.23833665700807444,0.23830185696866968,0.23832367039727018,0.23831771440292066,0.2382928452236564,0.23824107950476509,0.2383207701535844,0.2382540703184606,0.23826593187246417,0.23829875918909296,0.23827289524265816,0.238244982921404,0.23832872408805766,0.23829982540541558,0.23825297047900765,0.23826093702215484,0.2382619233835428,0.23825298729057284,0.23820627105957767,0.23825397785485208,0.23826690142228696,0.23826592766957283,0.23829982960830687,0.23828187756743235,0.23823913199933686,0.2383038086769891,0.23830079915812966,0.23822512960690556,0.2383008117668035,0.23829781905950922,0.23827990064176507,0.23827188366392238,0.23826790039234882,0.23829976656493743,0.23824999458327856,0.23821515671785207,0.23827490999434706,0.23823604262554277,0.2382449955300779,0.2383705127150042,0.23823008242830196,0.2382072069862701,0.23832069029864977,0.2382350562641548,0.23828981048744913,0.23825899371961792,0.23825701259105939,0.23827392783585036,0.2382380741887969,0.23825401988376507,0.2382759047615176,0.23827489738567315,0.23831268592948093,0.23828091642339216,0.23831074262694407,0.23826701069746062,0.23828881151738726,0.23829483896088882,0.23832662107565153,0.23822717798172485,0.23826988572379865,0.23830484547307265,0.23828789660515132,0.23828192800212789,0.23823603842265148,0.23831470488406117,0.23833768960126667,0.23826389610631876,0.23824805128074164,0.23831470488406117,0.23828382927575179,0.23832271345612127,0.23827291625711458,0.23828291016062456,0.23830178972240895,0.23828097106097898,0.23825704201129844,0.23827693735470987,0.2383297650870325,0.23830484967596396,0.23833069260794232,0.2382858062014191,0.23830176870795244,0.23830074872343412,0.23830676776115306,0.23832469038178855,0.23829986323143723,0.23829585474251586,0.23821215980766647,0.23824702289044072
44,0.23825174847503017,0.23827866292857847,0.23826866861572377,0.23826075218303272,0.23827962411198664,0.23826370298227223,0.2382667504519709,0.23826470199325137,0.23827267726883058,0.23825471188346004,0.23831445079516256,0.23828464438526295,0.23833143398180778,0.23833746587525356,0.2382736342491753,0.23823585256369645,0.2382955662570183,0.2382348577557807,0.23828668023479221,0.2383045237313229,0.23828665081334813,0.23828171460134065,0.23831650766000903,0.23829360185956758,0.23825573611281983,0.2382826841908757,0.23825669729622798,0.238258749958011,0.23820503873669077,0.23827072968363366,0.23827466268159855,0.23826669581214616,0.2382866129857771,0.2382826463633047,0.23822391486870817,0.238299583316252,0.23829457565216605,0.2382278941003709,0.23828859419548157,0.23830658059616938,0.23826268715903928,0.23829163325905342,0.23827466268159855,0.23831652026919936,0.23825575712813707,0.2382119267369586,0.238279674548748,0.23825179470872807,0.23826074797996924,0.23837328316328174,0.238231848113653,0.23821796283346783,0.23833145079406154,0.23822683204344014,0.23830356675097822,0.23826076058915957,0.23825378432455943,0.23827369729512693,0.23821886097092432,0.2382517905056646,0.23827467529078886,0.23827466688466195,0.2383314381848712,0.23828068616891745,0.23832749678077947,0.23825778877460282,0.2382965736741243,0.2382886152107988,0.23833338577006816,0.23821595640538268,0.23827964512730387,0.2382886320230526,0.23829266169147667,0.23826871064635818,0.23824579643978983,0.23832246810137628,0.23833546365023184,0.23828064834134643,0.23822783946054615,0.238320470079418,0.238276606063732,0.23832947799048396,0.23829865996041485,0.23826969284508354,0.23830355834485134,0.23826875267699263,0.23823183550446267,0.23827171188235904,0.23830556056987304,0.23827564908338733,0.23832646834835625,0.23829456724603917,0.23832151952715847,0.23831150840204995,0.238314530653368,0.23831347279950066,0.23829663672007595,0.23828163894619867,0.23822691190164555,0.2382457922367264
45,0.23827187670438424,0.23826682265512886,0.2382867992703538,0.2382638969865868,0.23827577619471058,0.23827583924255183,0.23825490982148972,0.23827783732439325,0.23829780133004988,0.23828882677452112,0.23832059433089212,0.23827080620924349,0.23832858665825785,0.2383296235278833,0.2382887679298693,0.23823200333453334,0.23830770347227936,0.23821702192391198,0.23826385075150322,0.2383196583378126,0.23827281269746375,0.23826487921474981,0.23831465893001963,0.2382797639520146,0.23826087884787756,0.23829981622464902,0.238277824714825,0.2382918659291774,0.23819419529755445,0.23824789972228705,0.23826681845193948,0.2382648455892345,0.2382777700733626,0.23828679086397495,0.23821107391347124,0.23830073120178139,0.23829971955129245,0.23822804079636575,0.2383027292836228,0.2382937421185258,0.23827182626611126,0.23826880392421265,0.2382877983112745,0.238310675375905,0.23823892096356888,0.2382270585682027,0.23826583622377642,0.23825893540749848,0.23825789853787305,0.23835445243927167,0.23824198533736166,0.23821311402720682,0.23833859388022266,0.2382419643214146,0.23831670324694462,0.2382509178609963,0.23826492124664397,0.23826785111837548,0.23823998725552023,0.23823795134497405,0.23827582242979414,0.238269819777891,0.23833658318881298,0.23827484020163112,0.23831765605278177,0.23824794595737062,0.23830671283773747,0.23828177044023488,0.23835751260987503,0.23822809123463876,0.23828878474262696,0.2382558121890539,0.23826583622377642,0.2382798480158029,0.23824594367233978,0.23832061955002862,0.23833361548837673,0.23828179565937138,0.238246967932397,0.23831662338634574,0.23829473695625708,0.23832463252646913,0.23829581165458727,0.238301810103301,0.23828772265386505,0.23827189772033133,0.23826095450528703,0.23825587523689515,0.23829771726626162,0.2382837895380234,0.23832362087598016,0.2382857245720236,0.23830468533357013,0.23831165760406808,0.2383216732324117,0.2383206153468392,0.23827580561703648,0.23827279588470607,0.23822406144544056,0.2382419433054675
46,0.2382683962361993,0.23828132435522512,0.23831129006243065,0.23828039680929738,0.23828528251621123,0.238257373645085,0.23826641505420393,0.23827036060617607,0.23828532874926248,0.23826836261216205,0.23834008865244272,0.23827931375219716,0.23835107761951976,0.2383051615842395,0.23831225963840502,0.23823651659507306,0.23830422142929775,0.2382415157831127,0.2382743565942041,0.2382971948262114,0.2382793221582065,0.23827438601523668,0.2383261615364099,0.238300259065307,0.2382494068870569,0.23826436662413403,0.23828832994328816,0.23825641667812458,0.23818672225589518,0.2382693952332063,0.23827232917915747,0.23826036643310133,0.2382902732982416,0.23827531776416913,0.23822557806405187,0.23829025648622293,0.23832520877245414,0.2382395472101313,0.23829724946527195,0.23827527573412252,0.23829631771633952,0.23826931957912245,0.23829630510732558,0.23832018016338186,0.23825442288711526,0.2382315720460939,0.23826435401512006,0.23822848258897036,0.2382594136691456,0.2383459733563636,0.23826048411723183,0.23819465118688132,0.2383331124854123,0.23824348015308947,0.238297236856258,0.2382424433290405,0.2382554471021502,0.2382753597942157,0.2382335111980427,0.23827643024230194,0.2382693447971504,0.2382803253582181,0.23832011291530728,0.23825937163909902,0.2383251625394029,0.23824546553808945,0.23829923485027202,0.2382992684743093,0.23836102135653855,0.23820563174794906,0.2382763125581715,0.23827830634918082,0.23826835000314808,0.2382813621822671,0.2382454613350848,0.2383431108614917,0.23831814434232587,0.2382893037222672,0.23825447752617582,0.2383221319243446,0.23828326350717388,0.23832214873636323,0.23828533715527178,0.23827135540017838,0.23831820738739581,0.2382454403200615,0.23823649558004972,0.23825838945411065,0.23831121861135143,0.2382813075432065,0.23832912910639828,0.23830621942331173,0.23830919539930945,0.23830517839625814,0.23829821063523704,0.23834410565549405,0.23828431294023683,0.23828629832523687,0.23821359009996781,0.23824745512609416
47,0.23824865752433155,0.23827157611713076,0.23828855523641118,0.23824767111465933,0.23831149904779256,0.23827260035467637,0.23825666648842672,0.23827759544949326,0.2382915649025924,0.2382666062408961,0.23834432797138186,0.23827256252680304,0.23832135053522419,0.23830240700279332,0.23828652777680517,0.23823475952388204,0.23829347467548143,0.2382597392010635,0.23825162095644545,0.23830542927826565,0.2382835601415943,0.23824865332123452,0.2383114191889489,0.23830150045196472,0.2382486491181375,0.23827459839260315,0.23827758284020215,0.23824766691156227,0.23817397488170627,0.23825664967603857,0.23828056308470416,0.23826360498090893,0.238299506617135,0.2382835517354002,0.23822581879037602,0.23828949961511306,0.2382884879868586,0.2382118157125006,0.23827651236858913,0.2382895038182101,0.23827358256125158,0.23828954164608343,0.23829454935019145,0.23830943376031324,0.23826365541807337,0.23822581879037602,0.2382705897074585,0.2382596929669961,0.23826065415808617,0.23833622653915193,0.23822076485220067,0.2382208657265295,0.23831637225279542,0.2382387261780563,0.2382884879868586,0.23826266480530403,0.23826567867458232,0.23827660063362688,0.2382367491556147,0.23826568287767935,0.23828856784570226,0.23829455355328844,0.2383353410038085,0.2382626101650426,0.23830542507516864,0.23826069198595948,0.2382924840627121,0.23830550493401229,0.23834927683213136,0.23822984849100584,0.2382815494943764,0.2382845423481695,0.23829356714361621,0.23824963552780976,0.23823671132774138,0.2383303669244768,0.23832937631170747,0.23829553996296074,0.23823373948943347,0.23830039635557546,0.23833445546846507,0.2383233906041213,0.23827259194848227,0.23827159713261595,0.23830646192200533,0.23823768933121958,0.23824472869803062,0.23826062893950398,0.23829747495443196,0.23828454655126655,0.23832437701379355,0.2382984697702983,0.238295451697923,0.23832040615652228,0.2383004509958369,0.23834334996790368,0.23831052945050843,0.238288538424023,0.23823580898000982,0.23825169240909502
48,0.2382687316616754,0.23827766391759936,0.23826866861572377,0.23825575712813707,0.23830060334254838,0.23827868814695918,0.23827074649588742,0.23828168517989656,0.23829065946645495,0.23827169507010526,0.23832444090495386,0.2382856433962421,0.23832344189397472,0.23831948367762923,0.2382736342491753,0.23823585256369645,0.23829157021310177,0.23822986270088506,0.23828468221283397,0.23831551285209335,0.23829164586824378,0.23826972646959108,0.238308515572176,0.2382846107607554,0.2382617301786946,0.23826170496031396,0.238264689384061,0.2382757331446562,0.23816807533046294,0.23825474550796757,0.23827466268159855,0.23826969284508354,0.23827961990892318,0.238269659220576,0.23822890992360382,0.23829159122841895,0.23828858158629126,0.23821990201253787,0.23829458826135635,0.23828360334364937,0.23829765254330887,0.23828164314926212,0.23829464290118116,0.2382975390605959,0.23824976306226228,0.23823989904437426,0.23828267158168537,0.23825079569774893,0.23826674204584403,0.2383463098668452,0.23822585404777824,0.23821496580053042,0.23831147057447893,0.23824081819714799,0.23828858158629126,0.23824377740251437,0.23822381399518552,0.23828768344883478,0.2382448352563817,0.23825878358251854,0.2382796703456845,0.23829364809326545,0.23833643323976686,0.23827968715793832,0.238308515572176,0.23827477196124805,0.238309560816853,0.23829760630961097,0.2383443748908386,0.23819897321873745,0.23830462040178213,0.23830361718773954,0.23826768641699841,0.2382787007561495,0.23824879347272723,0.23833245821116758,0.23831548343064923,0.23827465427547165,0.23825081671306617,0.2383234671123554,0.23830757540408504,0.23830749974894308,0.23827668171887398,0.23826369877920875,0.23830655537778875,0.23827274872090914,0.2382518157240453,0.23826971386040077,0.23829656947106087,0.2382776471053456,0.23832646834835625,0.23829157021310177,0.23831652447226281,0.2383294905996743,0.23832951581805495,0.23830647972264674,0.23827865452245162,0.23829762312186475,0.23821991882479163,0.23822880905008118
49,0.2382644833863801,0.2382804073669583,0.23830237953964822,0.23826449599449984,0.23828536417337112,0.23825146372472059,0.23825251308335374,0.2382814315093521,0.2382704265108276,0.2382774358047346,0.238297212597907,0.23828538938961052,0.23832018789945786,0.2383182278715082,0.23828037374530578,0.2382356027847409,0.23830729852170193,0.2382176263166685,0.23827943365704335,0.23829527778619675,0.23826941497655355,0.23827047274059984,0.2383082596234972,0.23831532355258953,0.2382764620948196,0.2382634508385732,0.23829040923662187,0.23826948642256515,0.23818481305101027,0.23826648123868885,0.23827740638578862,0.23825046059585964,0.23828735782297333,0.2383003732819263,0.2382226671772127,0.2382893388644558,0.23830830585326943,0.2382366353325478,0.23830332383061717,0.238288344141008,0.23827941684621706,0.23827939162997766,0.23829938276118506,0.2383022786746906,0.23825250888064722,0.23822965966029336,0.2382764242704605,0.2382545403546085,0.23825550145640378,0.2383710238629607,0.2382325976008646,0.2382077253119626,0.23833718645490864,0.23824756047964754,0.23832428867173958,0.23825151835990596,0.23826352228458483,0.2382774400074411,0.23824258686240843,0.23825253829959317,0.23826643080621007,0.2382864009238846,0.2383141985452381,0.23825845620780128,0.23832324351581294,0.23825154357614534,0.2383043101486519,0.23828736202567988,0.23834711267585398,0.23819772764500563,0.2382963733746022,0.23829237346727808,0.2382944049412394,0.23826646022515605,0.23826852111806332,0.2383242088203148,0.23834119897035244,0.23828638831576493,0.23825256351583257,0.2383062281495359,0.23827535389829443,0.23831223851728844,0.23826244350700565,0.23827443482356483,0.2383033028170844,0.23825851084298663,0.23821760110042914,0.2382684622801714,0.2383063037982541,0.2383083604884548,0.23831821946609505,0.23831628885709139,0.23827730972353756,0.23830525864232746,0.23833125593858084,0.23831521428221877,0.23828739144462585,0.23828637991035176,0.2382226671772127,0.2382525340968866
50,0.2382445674972781,0.23827547848882966,0.23825948985453502,0.23825856648393856,0.23829841828045234,0.23828049884235222,0.23827355609128545,0.23829948035435952,0.23827348884119542,0.23826151733034492,0.23832125719693995,0.2382794619872288,0.238333245520313,0.23832529113290662,0.2382744458368369,0.2382386616013348,0.2383103645725191,0.23824565899309966,0.23827550370761347,0.23832631537863813,0.23828146844738557,0.2382655428600503,0.23833130631024627,0.23829940890113885,0.2382545493604944,0.2382725066267702,0.23828648039464684,0.2382375827149051,0.23819086382367585,0.23826055192844214,0.23829045968991536,0.2382904849086991,0.23829341894258296,0.23829544641839284,0.23823071982332025,0.23828640894142614,0.2382963866015118,0.23821571760658147,0.23827841672584413,0.23830039952182533,0.2382714907872999,0.23827845875715042,0.23826048888148277,0.23829535394951903,0.2382745509151026,0.238227722742477,0.23827449207127382,0.23825760108203578,0.23826255838859892,0.2383710992629313,0.23825263957234208,0.23821178034261925,0.2383242710903057,0.23824662439500244,0.23830038270930282,0.23824259045903576,0.2382246247864987,0.23827350985684853,0.23823765416812578,0.2382466075824799,0.23826849370645664,0.23827947459662066,0.23833025264260035,0.23825452414171064,0.23832331409466423,0.23824461373171502,0.23830437881709385,0.2382924241187658,0.23835917398651765,0.23821776609804451,0.23828245486494146,0.23829144190434057,0.23827848817906483,0.23826152993973676,0.23823861536689786,0.23835225225110407,0.23833627622620127,0.23830044155313163,0.23825362598989794,0.23830629701150743,0.23829739823785143,0.23832129922824624,0.23826450600492688,0.23826251215416203,0.23830337138388485,0.23825158170156552,0.2382566230707412,0.23827152441234495,0.23829738142532894,0.23829144610747122,0.2383282798074886,0.23830736749167586,0.23830434939517944,0.23829733519089205,0.23831034775999657,0.23831828113174985,0.23827946619035942,0.23827445844622877,0.23822072955384274,0.2382416082446105
51,0.23746266924144868,0.24009540505793023,0.23739709153800267,0.23714234995816746,0.23899224256890925,0.2383433170781329,0.23841165708965018,0.2365967537144781,0.23898211410598116,0.237390646152503,0.2387050709824835,0.2377958792957293,0.23997529888332333,0.24084029364093684,0.23978521423757707,0.23823722552297455,0.23860450404346778,0.23744241231559252,0.23929598800376276,0.2387706486859295,0.2381909839760276,0.2374635900108058,0.239644851137114,0.2376444669629811,0.23849657094959525,0.2373112569087005,0.23898119333662407,0.23841349862836436,0.23629781520550217,0.23936801109270844,0.2380322054884226,0.23770912389707005,0.23907255258206883,0.2370813761015069,0.2364796129270346,0.23875867868428727,0.24161945376924818,0.23950008726895758,0.23780600775865737,0.23780508698930028,0.2385851678869687,0.23835252477170385,0.23890548717024998,0.23726041151496804,0.23880952407801972,0.23822617629068937,0.23858424711761164,0.23761131926612558,0.23841349862836436,0.23952290342379293,0.23887418101210867,0.2365497944772661,0.23751054924801776,0.23792611393326427,0.2399522796493959,0.2360290590062184,0.23729560382962983,0.23723094689554092,0.23871540252450368,0.23650079062224785,0.23834700015556123,0.23819006320667047,0.241720941477621,0.23723186766489804,0.23781889852965676,0.23856399019175548,0.23852327326095107,0.23811896088708187,0.23800069625118914,0.23782186391682011,0.2388288602345188,0.2385916132724684,0.2373934084605743,0.23707032686922172,0.24039086356856984,0.23719115073409364,0.2394915972656516,0.23811343627093925,0.23792427239455005,0.23766748619690858,0.23867928944048478,0.23869586328891254,0.2379482123978346,0.23953507650452732,0.24019228891951755,0.23626722673762587,0.2376861046631426,0.23746635231887708,0.23892114024932065,0.23755863233367894,0.23838106862177386,0.23876328253107273,0.2397999465472906,0.23940760417506365,0.2385287978770937,0.23750962847866067,0.23676289835693987,0.2385916132724684,0.23774984082787443,0.23681926836681488
52,0.23482558777267956,0.23510054104732123,0.23616074495168227,0.23508829820547586,0.23378266788033555,0.23748005845300274,0.2435634479358578,0.23456647817572018,0.24278035780764054,0.23350699443852652,0.241487690491513,0.23642705622031543,0.23592540087124628,0.24148120898700665,0.24119833387352382,0.23745917360514884,0.2382926754350824,0.23401513129210205,0.2398638968616885,0.23617946929803407,0.23563100308308546,0.23932911382292,0.2425370918883634,0.2401410106378323,0.23244318969832858,0.23748005845300274,0.23589299334871439,0.23720798584703054,0.23345946340547968,0.24118249019584154,0.23271742280580288,0.24251332637184,0.23749158112768073,0.24198934584058215,0.2406289828107213,0.23166730124178508,0.23166946174328723,0.23348034825333355,0.2419972676794233,0.23828835443207813,0.24013164846465637,0.23007087396432085,0.23695535775457752,0.234059061489312,0.24303442623442834,0.2342720803875593,0.23668760615160964,0.24064482648840357,0.23694311491273212,0.2465389625895347,0.24302290355975031,0.2300269437671109,0.2502255506546912,0.2311073123521585,0.2401453316408365,0.2353517288054395,0.24223549242852882,0.24092266043171476,0.23560651739939467,0.23720222450969156,0.2337747460414944,0.23827899225890223,0.24307619593013613,0.24118825153318055,0.2412127372168713,0.24223405209419405,0.24385352472101435,0.23749086096051336,0.2444091926076367,0.2374447702618013,0.24357929161354006,0.24040156056912645,0.23854170269169853,0.2271479315138624,0.2379968373125868,0.24227798229140401,0.23936296167978666,0.23483783061452496,0.23269509762361423,0.24174824042280718,0.23934855833643914,0.2491617459144933,0.23377330570715968,0.2324482308685002,0.2382926754350824,0.23614634160833475,0.2289869045434364,0.23827179058722847,0.2369676005964229,0.23536829265028916,0.2436016167957287,0.24067651384376812,0.2390908890738145,0.23406194215798148,0.2420037491839297,0.24492741180155553,0.23483711044735758,0.24278539897781218,0.23400720945326092,0.23932191215124626
53,0.23826459493217678,0.23829051068542742,0.23828551136753587,0.23825761438082946,0.2383094542935584,0.23824557987111072,0.23826161467576545,0.2382875388352438,0.2382605484029886,0.23827654958273276,0.23831331168262415,0.23827251566288607,0.23831331168262415,0.23832234071724862,0.23830746045076115,0.23822971739412305,0.23832839369857553,0.23820974113812585,0.23826256326135506,0.23831037766046498,0.23828850843640254,0.23826059463724075,0.2383253588016844,0.2382964585889086,0.23827557577846017,0.23826955642204392,0.2382695438127024,0.2382735945450044,0.23819290905997945,0.23828257734537667,0.23827052602320264,0.2382945277928188,0.2382834754936003,0.2382894990531304,0.23818880789031147,0.2382964459795671,0.2382964333702256,0.23823674417972251,0.23829544695661153,0.23830144529745867,0.23827553374732185,0.23827151243681668,0.23827751918389148,0.23830239388304825,0.2382706016792516,0.23821478248715575,0.23827453892748016,0.2382436616843624,0.23826460333840446,0.23837414280195307,0.23824369530927306,0.23821582354124962,0.23832831383941272,0.23824267527074836,0.2382884411865812,0.23826661399365706,0.23826762982906793,0.23825857137264667,0.23824369530927306,0.23824365748124857,0.23826454449481083,0.2382595409738054,0.23830232663322695,0.23825257303179956,0.2383073763884845,0.23824466070731792,0.23829943043909227,0.238301462109914,0.238353226366594,0.23821181904319977,0.23829948507957208,0.2382884916239472,0.2382735399045246,0.23827955926094088,0.23824865259602632,0.2383183320160849,0.2383153433534459,0.23829249612199704,0.23823569051628718,0.23834430661292919,0.23828345868114492,0.23832534198922908,0.23826854899286065,0.23828453756326332,0.23829842300990906,0.2382616188788793,0.238262664136087,0.2382565859360771,0.23830741841962283,0.23829748703366097,0.238324330356932,0.23829242887217575,0.23831039026980647,0.2383233565526595,0.23830440033518702,0.23832631999661547,0.2382765159578221,0.2382685111648362,0.23822477271671125,0.2382546425306458
54,0.23825364597254456,0.2382665738332725,0.2382775583778744,0.23823467801740408,0.23829250941022143,0.2382775877983192,0.23825865766946483,0.23826560007374914,0.23829155666530147,0.2382845806376517,0.23831135127774136,0.23830252439822058,0.23832833388754893,0.23831738296631258,0.23828751872790463,0.23823874957816646,0.23831644283015468,0.23821777526308954,0.23827159393603417,0.23830741841336164,0.23827456144673187,0.2382596356319089,0.238319401935011,0.23830948361418763,0.23825863245194073,0.23829556938517427,0.23828656598298467,0.23826464312590848,0.23818695827976163,0.2382646347200671,0.23826856758444687,0.23824261939873587,0.23828651134501572,0.23827155610974798,0.23822980921978712,0.23828549555628545,0.23829946862618848,0.2382357862703894,0.23830847202837804,0.23830348134606122,0.23826358530797137,0.23829552735596737,0.23829853689587197,0.2383294043142481,0.23825965244359168,0.23821482456407456,0.2382755772354621,0.23825668913581463,0.2382446635849584,0.2383581939230362,0.23822975037889754,0.23821087068509142,0.23832135785989914,0.23824071811181666,0.23829946862618848,0.238251669033053,0.2382416960742607,0.23827559404714482,0.2382497299198476,0.23824669516241892,0.23827757098663643,0.23828855132831758,0.23834532070027714,0.2382825826835567,0.23830341830225094,0.23824470141124457,0.2382844839704759,0.238313487928219,0.23835825696684648,0.23821485818744007,0.23827654679206484,0.23828853031371416,0.23826558746498708,0.23826361472841617,0.2382446972083239,0.23831936831164552,0.2383293664879619,0.23829453258184055,0.23823073674718298,0.23831936831164552,0.23831146895952054,0.23834735648065836,0.2382845722318103,0.23827558564130347,0.23830145817444212,0.23823768335438797,0.23823273470127798,0.2382716107477169,0.23829446953803027,0.2382975253100624,0.23834234898665876,0.2382904694269196,0.23830543306802868,0.2383124048927578,0.2383134290873294,0.23832336001691484,0.2382855459913337,0.23829552315304667,0.23822781126569212,0.23823170630378568
55,0.2382442324044049,0.2382751429636297,0.2382641496178309,0.23826922033799997,0.23828709329168532,0.2382851583118126,0.23826023342429514,0.23827616719503597,0.23827215433084786,0.23827317015611044,0.23835388845965164,0.23825614910788578,0.2383409012909743,0.23832595392399317,0.23829908565045935,0.23824232264296324,0.23829104731286763,0.23823333572925842,0.23826717607825934,0.2383099949348213,0.23826215159188055,0.23826420846083668,0.23832597493935237,0.23829108093744236,0.23827119734859112,0.23826817509123452,0.23827715359879562,0.23825522995327558,0.23820251763761413,0.2382692077287844,0.23830510914981332,0.23826717187518748,0.23829907724431565,0.23827313232846384,0.23821440071652025,0.2382950643801275,0.23830504190066384,0.23822537304695987,0.23830405549690414,0.2383200439075789,0.23827315334382304,0.23827113009944165,0.2382751387605579,0.2383060072890643,0.23824624303957082,0.23820840663866918,0.23828514570259707,0.2382472756771207,0.23826222304410186,0.23834878411490784,0.23822832805516703,0.23820545163046206,0.23831094771400624,0.23824029519551,0.2383010458487631,0.23827222578306917,0.2382592554266792,0.23826118620348008,0.2382443122627699,0.23824327542214815,0.23826116518812088,0.2383021163139596,0.2383468995718972,0.2382501928576813,0.2382880124462955,0.23824627666414552,0.2382910557190113,0.23830407651226337,0.23835983630371246,0.23822442447084682,0.23829011134597008,0.23828611109099748,0.23829014076747299,0.23826618967449967,0.23825826061677585,0.23833892848345498,0.2383219536690206,0.23827612936738937,0.23824429965355437,0.2383439235483309,0.2382860732633509,0.23830897490648692,0.23827016471104118,0.23827816101791446,0.23831602263724716,0.238271226770094,0.23823331051082738,0.23827518499434816,0.2382950475678402,0.23829011134597008,0.2383189524270232,0.23827905915716546,0.23831600162188793,0.23832397271033018,0.23830701470818313,0.23830895389112774,0.23828412567426266,0.2382851120780223,0.23823537998899905,0.23826125345262955
56,0.23827815200444807,0.23828308824604366,0.23827908797508585,0.2382521901725641,0.23828005336734404,0.23827412231186978,0.2382521943756527,0.2382731232949025,0.23826311631287486,0.23827412231186978,0.23835783798886873,0.23827208645013742,0.23832287239501307,0.23830692595133396,0.23830203594371338,0.23823927860758462,0.2382870044552288,0.2382522700312482,0.23828311346457554,0.23832493347527725,0.23827209485631473,0.23824917630930761,0.23828896466136565,0.23829303218174172,0.23827115047949968,0.23824814787071988,0.23827910478744038,0.23827516335972346,0.23819048229046627,0.238258171665102,0.23828108600902045,0.2382611308882062,0.23829903048663417,0.2382850736707124,0.23821834968833486,0.23829202055550847,0.2382950049971445,0.23823032107958797,0.2382950176064104,0.23827703950408757,0.23828109861828634,0.23828207241672184,0.23828208502598777,0.23831095564391228,0.2382751675628121,0.2382233447731714,0.2382591244480943,0.23825422183120779,0.23827816041062536,0.2383707159291391,0.23824426528624387,0.23820040941380977,0.23830990198679267,0.23825823050834294,0.2382910089292753,0.23825119956177407,0.23823323406871713,0.23826113929438344,0.23823927020140734,0.23826121074689027,0.23827810156738444,0.23825811282186107,0.23831288642842866,0.2382761203458044,0.23831793615341748,0.238258217899077,0.23832397648919632,0.2382960376388209,0.23836478487366483,0.23823037151665163,0.23827807634885262,0.2382620878742871,0.23827311068563656,0.23828412509080873,0.23824822352631533,0.2383408799189564,0.23828993845980112,0.23829806089128733,0.2382572398975529,0.23833888188502178,0.23828602645370464,0.23831592130712834,0.2382821060414309,0.23826013187123887,0.23830498676064027,0.23825619464661058,0.2382532438296837,0.23827214109028974,0.238324971303075,0.23826009404344115,0.23834687822384884,0.23830698479457488,0.23832095001667394,0.238301947678852,0.23829198272771074,0.23831390225775054,0.23827808475502987,0.23829605445117544,0.23823633199374633,0.23825421342503053
57,0.23825536234367678,0.23827628252235541,0.238281273324329,0.23825437595174218,0.23827324769216532,0.2382753087394852,0.2382743601747436,0.2382892947534712,0.23826630091840834,0.2382902937544702,0.2383480340673824,0.23827227390929506,0.23832006203941036,0.23831810186460547,0.23828623890817383,0.23824645959813637,0.2382851936739388,0.23823947079416477,0.23824334070751715,0.2383241210887282,0.238283271326327,0.23825935414465133,0.23831212887371872,0.23829321930610245,0.2382583509406309,0.23824933471351117,0.23828328813841282,0.2382643617587107,0.23819566605898113,0.23826135634967077,0.238289265332321,0.2382733065344657,0.2382872295031299,0.2382752709122921,0.23822153500941876,0.23830419570802708,0.2382842030789827,0.23820153817735293,0.23828821169204306,0.23830619791304655,0.23827728992939734,0.23828225971626363,0.238266288309344,0.2383141394847811,0.23825737295473917,0.23822053600841975,0.23828628514140981,0.23824641756792178,0.2382733527677017,0.23835591679681656,0.23822846917411142,0.2382015970196533,0.23830409483551215,0.23824443217498817,0.23830418309896273,0.23826037836377909,0.23825240316787288,0.2382693189365126,0.23824145618709844,0.23827238739087436,0.23827229492440233,0.23828327552934842,0.2383180682404338,0.23825832572250216,0.23831712387871373,0.23825141257291677,0.23830418309896273,0.23827224869116634,0.23834798783414637,0.23822356663558844,0.23827127070527462,0.23828225551324217,0.23829427714940182,0.23827032634355452,0.23825140836989533,0.2383370702745221,0.23834007568356202,0.2382952509322721,0.23824244257903307,0.23833906827652013,0.23830319670702807,0.2383051190546399,0.23827230333044522,0.2382663135274727,0.23830817069691584,0.23826337536677608,0.23823944557603605,0.238270330546576,0.23830317989494226,0.23829924273324665,0.23834206948253855,0.23829418468292982,0.23831014768380654,0.23832910768768029,0.23829216986884597,0.23832607706051165,0.2382782721183105,0.23828725051823715,0.23822353301141677,0.23825140416687388
58,0.23825455776675564,0.23825849503071786,0.23827947039349007,0.23825257232225205,0.2382694464989675,0.23824553289918088,0.2382765531721287,0.23828449495014323,0.23828148105677743,0.23826950954592693,0.23833824065505174,0.2382794619872288,0.238337241628104,0.23830331254005604,0.23831540594169479,0.23824665381691681,0.23829238208745956,0.2382466580200474,0.23827850078845672,0.2382883523546235,0.23829045968991536,0.23824556232109523,0.23831332382518672,0.23829541279334784,0.23828452016892698,0.23826651246508368,0.23827748915211708,0.23826155936165117,0.2382128424165264,0.2382595529014944,0.23829045968991536,0.23829548004343787,0.23830840434679926,0.2382794619872288,0.23823771301195454,0.23827841672584413,0.23828639633203427,0.2382277059299545,0.23830539045343344,0.23828241703676578,0.2382844781376207,0.23828844902662796,0.238255493746744,0.23830034908425782,0.2382575674569908,0.23823271787721578,0.2382684979095873,0.23825660205508803,0.23825356714606916,0.2383710992629313,0.23825663568013308,0.23820278910008946,0.23834724871010401,0.23826061077227095,0.2382983846554073,0.23824958364767002,0.23825259754103578,0.23828449915327382,0.23825763470708083,0.2382276260704726,0.23828947327235947,0.23826948432714312,0.23831227015754078,0.23828849105793423,0.23831132577129122,0.23824561275866277,0.2382963866015118,0.23828143482234054,0.23834918371704011,0.2382097738824625,0.23828944805357571,0.23828344968875856,0.2382854813676991,0.23826452702058004,0.2382376163399501,0.23834026392773103,0.23832428790282822,0.23827646490638554,0.23823464447789064,0.23832927463130574,0.23829939629174693,0.238322298255194,0.23826050989713587,0.23826550923500528,0.23829537916830282,0.23823160116261047,0.23826961042106198,0.23827951662792698,0.23830537364091098,0.23829544221526222,0.2383053021876903,0.23829537916830282,0.2382883649640154,0.2382923400561533,0.23831534289473535,0.23832727237427961,0.2382884574328892,0.23827645650012427,0.2382407100927978,0.23826458586440882
59,0.23870148197276148,0.2379698419218793,0.2388396304734011,0.23807806705237877,0.2378541359488448,0.23970193818238786,0.23801507098661864,0.2377780484086484,0.2367888134628246,0.23858484089441012,0.23707820193854015,0.2390897445258077,0.23993300611892776,0.23936604152708696,0.2387841152501761,0.2379991741962317,0.23724287739758154,0.23781205620958515,0.239143389538399,0.23973279665784494,0.2380948989480826,0.2381438684340895,0.23650656182011498,0.2386007376847971,0.23727595009320143,0.23908132857795578,0.23821528044770152,0.2378307583159228,0.23771633145773424,0.2388876648540911,0.238219020868969,0.2377169225535221,0.23785507105416168,0.238282952040046,0.23730528236755383,0.2391620916447366,0.23941314080246007,0.23799169335369663,0.23792087243587243,0.23872672981631723,0.23858858131567764,0.23803564330359006,0.23766047222498016,0.23824146339657418,0.2374574574479467,0.23823619677420194,0.23771879276415583,0.2381326471702869,0.2372101487114907,0.23977113597583705,0.23849753209041114,0.23754417515615783,0.2396810218558874,0.23800571993344985,0.23767543391005022,0.23782795299997214,0.23943779755022804,0.23901833251219567,0.2367598251980013,0.2375129726711717,0.23809209363213196,0.23958342689340273,0.23794612027942824,0.23802629225042124,0.23911312215872974,0.23633287931743385,0.2382339825540391,0.23841268459283368,0.23845382922677646,0.2366771919205867,0.2375391556200444,0.24002252914308958,0.23846352428947434,0.23864409653890267,0.238195643236047,0.239182663961708,0.24042201295993837,0.23940004932802375,0.23713499627661117,0.23961709068481046,0.2391000306842934,0.239923655065759,0.23815228438194141,0.23889608080194305,0.23873234044821856,0.23770383107908574,0.23707293531616797,0.23746400318516483,0.23773842997581035,0.2376012165804876,0.2384369973310726,0.23817379180422968,0.23848877213303013,0.23849344765961453,0.23842577606727003,0.23943184290879768,0.23958529710403648,0.23685742016048594,0.23780177005109948,0.23714154201382934
60,0.2382761501750945,0.23827109635304297,0.23827508813407858,0.2382471918998346,0.23828804145819202,0.23826712558700971,0.23826218104297017,0.23827112157104577,0.2382900856832151,0.23827112157104577,0.23833185858357328,0.23826309177596952,0.2383258646075192,0.23831990845846932,0.23827306072105733,0.2382312836176987,0.23830598135634962,0.2382462727608343,0.23827911353911785,0.238314938696427,0.2382680951620155,0.23824717508783272,0.2383109385093905,0.23828503606416407,0.23828213574514764,0.23827711554709985,0.23826911097002637,0.2382761585810954,0.23818648430831024,0.23826516121899535,0.23827309014206055,0.2382611274079552,0.23828903625120057,0.2382910636642218,0.2382203450976051,0.23831898931946902,0.2382850108461613,0.23823930920977446,0.23827703148709056,0.2383010115943073,0.23828808769119708,0.23827907150911323,0.23828907407820474,0.23830295915031982,0.23826517382799678,0.23822733806966817,0.23828009992612548,0.2382552174919103,0.238239195728762,0.23835772320179557,0.23823627019174282,0.23821739013958268,0.2383039035073228,0.23827421102508295,0.23832497068652173,0.23827017721404273,0.2382462181218283,0.23826912778202816,0.23822827822367074,0.23826120726496394,0.2382621137949628,0.23827109635304297,0.23834484973469086,0.23827112157104577,0.23832392545750766,0.23822824459966702,0.23829999578629646,0.238287042462183,0.2383408033146493,0.2382223767136268,0.2382930574532394,0.23827706931409473,0.2382551250259002,0.23825515024390295,0.23826020826895492,0.23833288279758508,0.23832090325147784,0.23828506968816776,0.23823026360668736,0.23833887677363913,0.2382980104032798,0.23830792470936163,0.23829608806527008,0.2382910972882255,0.23830098637630456,0.23825219528588054,0.23822726661866034,0.23826314641497554,0.23828600563916985,0.2382860644811763,0.2383218980444864,0.2383129743284127,0.23832094528148245,0.23831792727845313,0.23831795249645588,0.23833887257063868,0.2382930658592403,0.23829605023826594,0.23821834710558706,0.23824322113380128
61,0.23826168818601712,0.23828960117649303,0.23827161508126649,0.23826769475907153,0.23828057240344722,0.2382766394722761,0.23824971706982903,0.23827564047826305,0.2382616377501124,0.2382936223704976,0.23831639748917816,0.23828159661541265,0.23832638742930845,0.2383284232442631,0.2382945625226217,0.23823780059253782,0.23829151930766992,0.23823480781349074,0.2382766394722761,0.2383164605340591,0.23828060602738377,0.23825369203092084,0.23829248047475438,0.23826857606930676,0.23827766368424147,0.2382666495321458,0.2382706328992217,0.23825270564588402,0.2382019923187751,0.23827567410219955,0.23828260401540982,0.2382866252094143,0.23830454405676785,0.23827160667528235,0.2382158731601559,0.2383115202028908,0.23829252670766707,0.23825082113864365,0.2382985332807214,0.238281554585492,0.23830259650464655,0.23828359040044664,0.23828959697350102,0.23828250314360028,0.23824871387282398,0.23820588322002562,0.23829860473158654,0.2382437525266953,0.23825470363391008,0.2383612429419708,0.23825777206681426,0.2382348960763241,0.2383124183250943,0.23824176714764547,0.23830651262384947,0.23825271825486022,0.2382537340608415,0.2382896305974375,0.23824778212668396,0.23822976240752086,0.2382766226603078,0.23828061023037578,0.23833937855446988,0.23827164450221094,0.23832045230711918,0.23824575051472136,0.2383075116178625,0.2382935593256166,0.23834632107665632,0.23822289974218364,0.2382716024722903,0.23828658317949364,0.2382626409471175,0.23826566314710892,0.23824974228778142,0.2383114277370654,0.23831842910114073,0.23829158655554294,0.23825676046382502,0.23831242673107844,0.23828954233460414,0.23831444153107276,0.23828462301839615,0.23826065136507554,0.23827853238550056,0.23826270819499049,0.23822079667935597,0.23826666634411406,0.23828253256454474,0.23828359040044664,0.23833141182031806,0.23829052031365688,0.23830448521487896,0.23831045816399682,0.23833246125023583,0.23835737725867268,0.23828659578846983,0.23827959022140244,0.23822386511226012,0.2382407471386721
62,0.23637010199105055,0.23654981159199925,0.23872156912401576,0.238538224887038,0.23939679189546142,0.23796376082415396,0.23795285691606663,0.23696183057507278,0.23913631408411112,0.23871520851096484,0.23900930670558432,0.23855639806718343,0.24109666139117014,0.23933510552421258,0.23939588323645414,0.2389393399620242,0.2376525005496421,0.23793650105393574,0.23955015038519917,0.2387451942582049,0.23997398193536726,0.23845836533564363,0.23908007966690592,0.24048403364998058,0.23779132049526344,0.2380472550115774,0.23763251005148206,0.2376206974843875,0.2367348707057458,0.23737203224013173,0.23980699356052038,0.23829864623285496,0.2399821598664327,0.23914085737914748,0.23709156393062136,0.23689650956779482,0.24007201466690706,0.23851459975284883,0.2386498875036869,0.2383984962824093,0.2378004070853362,0.23738838810226268,0.23822060399947517,0.24007928393896527,0.23995762607323634,0.23366830224626065,0.23654708561497742,0.23928240330179062,0.23628479048561257,0.23861546090265628,0.2372712735315701,0.23724946571539549,0.23984061394378955,0.23644087495237215,0.23748369485678067,0.23836941919417656,0.2371968659342194,0.23787935797772325,0.23643633165733577,0.23769692239975274,0.2375499245230659,0.23938861396439595,0.2389249038591536,0.23980063294746948,0.23841212616751845,0.23694456605393452,0.238318636731015,0.239313297708038,0.24068918570313297,0.23666682372144604,0.23813983578907355,0.2382242386355043,0.237048050739518,0.23829501159682587,0.2362775212135544,0.239254337313811,0.23858456649640894,0.2387233864420303,0.23685652857147474,0.2385863838144235,0.23940133519049778,0.24067010386398022,0.23813256651701536,0.23746370435862066,0.23640008773829063,0.23703351219540164,0.23685652857147474,0.2390455506246295,0.23882051051456288,0.23897477766330788,0.23791752165602878,0.23832045404902957,0.23924343340572365,0.23866351738879604,0.23874155962217583,0.23875428084827763,0.23897296034529336,0.23964363982170264,0.23717505811804482,0.2366959008096788
63,0.23827410532658855,0.23827404648434694,0.23827504128133073,0.23825313893561936,0.23828799465720563,0.23825309270242953,0.23826013613864358,0.2382840617024605,0.23829103789039846,0.2382670787024435,0.23834879495769712,0.2382750328752962,0.23833081295767913,0.23831986178482345,0.2382999868602349,0.23824622158992298,0.23830293762704807,0.23824422779293822,0.23825908670243554,0.238293913002901,0.2382890272813447,0.2382551201235523,0.23831189079990175,0.23829897525118213,0.23825711392053706,0.23826807770244451,0.2382990340934237,0.23825613173260507,0.23819442910150948,0.23825312632656756,0.2382910252813467,0.2382960454994552,0.23829598245419636,0.2382670408752882,0.23822429402610804,0.23830295864213433,0.23830194703308158,0.23822727421404202,0.23829996164213132,0.2382839818451326,0.23827205689037947,0.23828801567229194,0.23827703928133273,0.2383218934089635,0.23827211993563835,0.23822629202611004,0.23823909409336377,0.2382252005597294,0.2382521357326011,0.23835667767925645,0.23825820118390045,0.23820036005625664,0.23831384676973116,0.2382511871688072,0.23829295603307257,0.23824815234164887,0.2382341831537039,0.23826708290546075,0.23824221718388447,0.23825416735674113,0.23828604289039346,0.23828203848435492,0.23832782016069337,0.2382820637024585,0.2382809217998708,0.23825217355975636,0.23830394503308358,0.23828000265719765,0.23834375372450228,0.23820135065022313,0.23828801567229194,0.23828301646926967,0.23826706609339174,0.23826109731148928,0.2382691523567561,0.23829887017575072,0.2383088685817952,0.2382740338752952,0.2382342125748247,0.2383118571757637,0.23829996164213132,0.2383358499878567,0.23828405329642596,0.23829005149944923,0.2382849556270301,0.23825914134165985,0.23827317357486366,0.23824911351449457,0.23830993483007232,0.23828302067228693,0.23831785537878694,0.23830093962704607,0.23831390561197277,0.23832787059690047,0.23832090281499702,0.23832184297275644,0.23827703507831544,0.23829700246928365,0.23821929902610306,0.23826315415373286
64,0.23765273616635235,0.2377368741580776,0.23780902113875313,0.23821976577163734,0.23760272643684563,0.24008175148722,0.2384325171718024,0.23865725958301723,0.23823360155361786,0.23958317932074902,0.23927133084703586,0.23830943807615482,0.23976990301350684,0.23755363909280428,0.2387413975747425,0.23741969228594925,0.23953501436217303,0.23770366828132442,0.23723276767881446,0.23975606723152634,0.23816514411480383,0.2396479472177016,0.239400866640941,0.2408096779922326,0.23779703012770337,0.2380874628213361,0.23830390376336263,0.2382206881571027,0.23745678861894082,0.23808008373761316,0.23951841142379643,0.2379459360163812,0.23924181451214416,0.23788209050489398,0.2364114793274229,0.24017142379173742,0.23810867768703953,0.23726986401180603,0.2396016270300563,0.23846111112122875,0.23730768181588605,0.23831036046162019,0.23880616547169506,0.2383297305563929,0.23793486739079678,0.23612658094658234,0.23894492512025386,0.23700156856934204,0.2391466078948345,0.2403636817972875,0.23820500760419147,0.2372569506152909,0.2382704969722325,0.2362865554608446,0.23889214823435104,0.23771934883423562,0.2383566806492654,0.23808654043587074,0.2380625584137712,0.23778596150211895,0.23766380479193674,0.238449120110179,0.23955530684241105,0.2385860349878071,0.237335353379847,0.23799871290228397,0.23946194499603213,0.23859987076978756,0.24027862142009684,0.23733001998143177,0.23802546208077965,0.23923720258481734,0.23844635295378291,0.23658897916552712,0.23892555502548116,0.23712905867793954,0.23883660419205213,0.23966270538514745,0.23742430421327607,0.23862477517735245,0.23967285162526644,0.2395470053732228,0.23922890111562906,0.23687756708822913,0.23754072569628915,0.23771934883423562,0.2367832828563848,0.23865357004115575,0.23889307061981643,0.2380966866759898,0.23947854793440873,0.2387515438148615,0.23904105412302887,0.2376923987413631,0.23889768254714325,0.23962284189575975,0.23795239271463875,0.23788393527582471,0.23463086444716943,0.23750198550674376
65,0.23826364280878223,0.23829755061017857,0.2382745689709239,0.2382436750388058,0.2382965137633419,0.2382885846580904,0.23826066256428022,0.2382755974115665,0.23827857765606847,0.23827959348742003,0.2383423299334551,0.23827555958369318,0.23833034170589457,0.238317392287244,0.23827054347339113,0.23823575854284543,0.23830146682718845,0.23824775097350295,0.23828658662016367,0.238290443993815,0.23828555817952105,0.23826663566257533,0.2383164142837658,0.23830050143300135,0.23826363440258816,0.2382855876012003,0.23828057989709228,0.23825366102534254,0.23817097782481614,0.23827063594152587,0.23828955425537454,0.2382646039998723,0.23830150465506175,0.23829154388710722,0.23819784625940144,0.23830348588060035,0.23830447229027263,0.23822180590213438,0.23831547410816087,0.23827052245790592,0.238282573731922,0.2382815494943764,0.2382605827054366,0.23831043277927663,0.23824567307673256,0.23820783644903523,0.23825860147989797,0.23825269983425246,0.23828463061320726,0.23835320986152936,0.2382377481745781,0.23820088534726194,0.23829239579767436,0.23824971538665346,0.23830946738508954,0.23826166578634067,0.23825468946598516,0.2382805967094804,0.23824274326939499,0.23824969857426528,0.23827458158021497,0.2382915564963983,0.23831536062454092,0.2382626101650426,0.2383154152648024,0.23825369885321585,0.23831546149886979,0.238291518668525,0.23834228369938773,0.23821086713070166,0.23828854262712007,0.23829653057573003,0.238266593631605,0.23826961590707732,0.23825968876389908,0.23834635122789086,0.2383283772927441,0.23829054486814386,0.2382187542049828,0.23832736986758668,0.23829849078578347,0.23830341022485374,0.23828358115707943,0.23827459418950608,0.23831445407371235,0.2382646628432308,0.23825272084973764,0.2382646250153575,0.23829447789754182,0.23827955145644966,0.23829440644489222,0.23831045799785885,0.23830743992548353,0.23832640027030255,0.2383194323561411,0.23833236075930653,0.23828255691953384,0.23827255412060896,0.23822481977141266,0.2382526914280584
66,0.23826663267416212,0.23827356667260502,0.23828754814834943,0.2382676442599717,0.23829550634136393,0.23827059495898667,0.23826165460060733,0.23829956529336427,0.23829555257349147,0.23826560007374914,0.2383243379793589,0.23828254485727052,0.23834531649735646,0.2383283717138351,0.23827453202628707,0.2382467413945465,0.2382964632892046,0.23823575684994458,0.2382795857524142,0.23830841739040914,0.2382775583778744,0.2382626325630514,0.2383184029579635,0.2383014917978076,0.23826862222241577,0.23828857654584173,0.23828157109774714,0.23825165642429094,0.2382059388436642,0.23826763165120962,0.2382855501942544,0.2382546071233059,0.23829550213844325,0.23829453258184055,0.23823080819683462,0.23829049044152298,0.23830346453437848,0.23820581695896428,0.23831446589066305,0.23827850691987365,0.2382725761013989,0.23827954372320734,0.23826856758444687,0.23831641761263053,0.23824067187968911,0.23823280615092962,0.23826159155679708,0.23825868708990963,0.23825265540133844,0.23836818369351123,0.23823474526413504,0.23819788398347388,0.2383133660435191,0.2382517068593392,0.23828847987866594,0.23824567517076797,0.23825268482178324,0.2382626073455273,0.23823074935594504,0.23825169004765642,0.23827956894073143,0.23827456564965252,0.2383273391134221,0.23826959598193917,0.23830341830225094,0.2382496962964821,0.23829647169504595,0.23829350838726893,0.23835925594389398,0.23820786534810756,0.2382755478150173,0.23828253645142913,0.2383045475698397,0.23826461370546367,0.2382696716345115,0.23832436319688302,0.23834135421253194,0.23828753974250805,0.23824871833403805,0.23831836933459802,0.2382974832808555,0.2383034014905682,0.23827058655314526,0.23829156927406353,0.23831144794491715,0.23824567517076797,0.23824771935699054,0.23825662609200438,0.2382974664691728,0.23829053247072987,0.2383253663768512,0.23830145817444212,0.23831941874669374,0.23831739977799532,0.23830244033980685,0.23832336001691484,0.2382775541749537,0.23828353542847663,0.23822980921978712,0.23824669095949824
67,0.23915592318870818,0.24164067759618899,0.2380453340810896,0.23881613075896732,0.23794000877478902,0.23714010302810795,0.23409520255535057,0.2379267773798784,0.23837983395286624,0.2389382158321547,0.23853102809485704,0.23883377261884814,0.2388681742456158,0.23841070720765775,0.23962485743558876,0.23756405053229235,0.2370497733027061,0.23610220178601032,0.23837630558089007,0.24132734795626937,0.23770818793033083,0.23769583862841423,0.23930535314471088,0.23648080630748916,0.23488716946508523,0.2389382158321547,0.23646845700557254,0.23600746159563826,0.2355085361869602,0.23859401293744356,0.2380453340810896,0.23815242357337826,0.23996376777233566,0.23804709826707768,0.23373247570776454,0.23715774488798877,0.24064423472481147,0.23879319634112212,0.23749489103874755,0.23659495254373014,0.23781792370160165,0.24063276751588888,0.23725865972931914,0.23975223506674045,0.23881613075896732,0.23699155516509923,0.2389408621111368,0.23880907401501492,0.23746842824892622,0.24226257017104855,0.23745343266802751,0.23563414963212376,0.24167419712996263,0.23813213543451528,0.23716039116697094,0.2394886588744967,0.2382489279497384,0.24017353629194274,0.2352057916629691,0.2382480458567444,0.2381550698523604,0.23692063148556633,0.2378558537003455,0.2373648671286138,0.24020440954673425,0.23903383811552076,0.23884612192076474,0.23535522161897185,0.23842834906753863,0.23754640867241147,0.23962132906361258,0.23737457015154825,0.23961515441265432,0.23837365930190793,0.2395966304597794,0.23785144323537524,0.2390858816021693,0.23950806492036567,0.23835513534903305,0.23785144323537524,0.23794441923975923,0.23919649946643412,0.23860283386738396,0.23691622102059615,0.23637548100118858,0.2357800512161503,0.23678178664549215,0.23758610285714346,0.24064511681780554,0.23984609316411842,0.23886199959465748,0.24221934761434044,0.23784085811944675,0.2396433813884637,0.23862665037822317,0.2393132919816573,0.23624810337003693,0.24153270601090632,0.23822775771788135,0.2365631971959446
68,0.2382510715701561,0.23826899367158588,0.23829596087912147,0.23827905452989223,0.2382939293747203,0.23827601147606003,0.23824109897001014,0.23828400300503932,0.23826700419488017,0.23827701041718247,0.2383367451515891,0.23828796094460308,0.23833175044597704,0.2383307893297805,0.23829393357748985,0.2382141990067873,0.2382928884059025,0.23822619050302574,0.23825703159473424,0.238316829370684,0.23827498311555084,0.23825306524963138,0.23830483787444554,0.23830890508601738,0.23827503775155487,0.23828200512279452,0.238274999926629,0.2382650651514089,0.23819237780456726,0.2382610609813802,0.23827698099779568,0.23826501892094398,0.23830291564205244,0.2382889598857255,0.2382192441456338,0.23829490730199498,0.2382968925759312,0.23822122521680048,0.23830989141883113,0.23832388079731442,0.23827099995936982,0.23829694721193526,0.23827398417442844,0.2383198345995903,0.2382650693541785,0.23823522720359236,0.23828099357336346,0.23825311568286586,0.23824608527008312,0.23836160940764128,0.23823017365920676,0.23819131582190173,0.23832777149256554,0.23823914311546077,0.238315872457257,0.23826208093635032,0.23822913269038895,0.23826402838536062,0.23825614612838944,0.2382321337165257,0.23828498513508356,0.23830395661087025,0.23832176523752246,0.23826302524146872,0.23831682516791444,0.23825311568286586,0.23829389575256396,0.23829992302145475,0.23836067350806198,0.23821927776779017,0.23828396097734392,0.2382689726577382,0.23826800733877213,0.23825904208528767,0.23822913689315847,0.2383127957812685,0.23831180524568515,0.23830094717919442,0.23824714304997913,0.23831978836912537,0.23829890306648463,0.2383168083568363,0.23828599248174503,0.2382490358629854,0.2383238555806972,0.23823810634941248,0.23824414622661189,0.2382650399347917,0.23830787672550818,0.2382829620362215,0.2383207915130173,0.23830387675824902,0.23831084833225816,0.23833180508198107,0.23829986418268118,0.23832777569533511,0.2382849683240054,0.23825698536426929,0.23821325049889935,0.23824911151283715
69,0.23824904286625465,0.23828295171779415,0.23827695321514572,0.2382510535757434,0.23829690058739889,0.2382769826377362,0.23825005872906702,0.23828797218667513,0.2382719705753096,0.23824801019053346,0.23833072957762144,0.23827894290849838,0.23833372672733208,0.23831178545849904,0.23827592474265172,0.23823014918585875,0.2382908642557056,0.23823614768850718,0.23828397598706097,0.2383128097277658,0.23827795226504928,0.23824604151331683,0.23833578367232006,0.23828889978171613,0.23827301165748524,0.23825700163966534,0.23828096622766873,0.23825904177174448,0.23818434840970248,0.23826602671461486,0.23828994086389177,0.23827198318499124,0.23829789543407523,0.23827095050927005,0.23822920057468167,0.2383298482180797,0.23829087266215998,0.23822019231264097,0.23829088527184158,0.23829888187429712,0.23827097152540608,0.2382649520066216,0.23826995986582095,0.2383018285852813,0.2382710345738142,0.2382471834729454,0.2382879595769935,0.23825907960078935,0.23824805222280554,0.2383675851401451,0.23823813317863266,0.23821925210791833,0.23835472358821527,0.23822612356365414,0.23830186221109892,0.23821509618567027,0.2382510787951066,0.23828597829009524,0.2382541179770893,0.23826207254727277,0.23827796487473088,0.23827795646827643,0.23834472047949823,0.23828797218667513,0.23831480362434568,0.23824509290213977,0.23829486886177415,0.238287909138267,0.23834566909067528,0.23821225035213914,0.23828293490488536,0.23828892500107937,0.23827996717776517,0.23826500664857528,0.23824808584862317,0.23832775764727407,0.23830778505565764,0.23827994195840194,0.23822912911981914,0.2383187661981422,0.23829288337164867,0.2383107906118227,0.23826998088195694,0.23827398128479832,0.23830884715396933,0.23825405913190842,0.23824611296817935,0.238276999450645,0.23831684375642487,0.2382769406054641,0.2383287609004048,0.23830185380464453,0.2382948394391837,0.23830880512169725,0.23829883984202505,0.23833474679337166,0.23829493191018225,0.23829791645021126,0.23823319677429583,0.2382680626434668
70,0.23828171489226438,0.23827466312046297,0.2382696639673823,0.23826973962093714,0.2382826172138543,0.23827468833831464,0.23827074281393346,0.23826669641814593,0.23828166445656115,0.23824971358778743,0.2383214391264929,0.23827864647162156,0.23833142902670376,0.23833446382354448,0.2382886153569561,0.23822386173352192,0.23829156609429142,0.23823085886664475,0.2382766863183568,0.23832350015116407,0.2382986346779939,0.23825873391880406,0.23831850099808338,0.23830059062828338,0.23826172668589207,0.2382617014680405,0.23828066966951536,0.23825175359758227,0.2381810606727,0.23826673004194804,0.23828265083765646,0.23828966898565568,0.23828660897096338,0.2382926323319168,0.23821292327899313,0.23828659215906228,0.23830755834057937,0.23823288626751382,0.23830657195948404,0.238302580202375,0.23829065536675095,0.23828463620877283,0.2382856478077197,0.2383095226968194,0.2382467628504521,0.2382049313588244,0.23828366663957862,0.2382497934443175,0.23826374147783533,0.2383413096495577,0.23824283413797204,0.23821995823889344,0.2383354417986892,0.23824680908318005,0.23831555026074808,0.23826075711669786,0.23825977493857786,0.23824971779076265,0.2382458311080353,0.2382497892413422,0.2382706755663292,0.23827865908054735,0.23834941505005863,0.238267695408167,0.23830151816772488,0.23823880455408553,0.23830256339047393,0.23829460509410735,0.23836335047465065,0.23821495488283748,0.23828963115887827,0.2383046118062193,0.2382506999688827,0.2382936817576411,0.23825678217148985,0.23832845727449212,0.23830249193989433,0.2382916333418957,0.2382558083993204,0.23832745828447105,0.2383025759993997,0.23832947307641428,0.23826968498225862,0.2382616972650652,0.2382845731641438,0.23824277529631827,0.23822983465877207,0.23826171827994155,0.2383075541376041,0.23829063014889937,0.23832146854731975,0.238320536804903,0.2382985380095627,0.23832349174521356,0.23830054019258012,0.23831746418128488,0.23827665269455464,0.23828563099581862,0.23819294347857134,0.23824578907828262
71,0.2382594990929384,0.23830039880129086,0.23828041481785767,0.23825751372380544,0.238316344798921,0.23827844626060893,0.23825352197068403,0.23826645839233163,0.23828342439384018,0.23826945535940094,0.23832619599110677,0.23824843876317603,0.23831320913380635,0.23831124898249978,0.23828038539706017,0.2382475994870536,0.2382943250107019,0.23823062087663177,0.2382854391837707,0.23833025499176524,0.23827142391664968,0.23828247163749883,0.23831626494247066,0.238308344480794,0.2382504997857883,0.23824947557893877,0.23826145083830289,0.2382325347952566,0.23817682677634244,0.2382694889831695,0.2382983966202736,0.23826945115642986,0.23828736991427976,0.23828640034605417,0.23822567216419802,0.23829834198164968,0.23830532229589824,0.23824363715472968,0.23829734299262656,0.2382923522504821,0.23826644158044732,0.23827740524187513,0.23829340167515808,0.23831627755138388,0.2382545167567361,0.23824165598856775,0.23827243971755707,0.23823856655613487,0.23826050648790364,0.2383650472857602,0.23825258602622698,0.23821572430367763,0.2383102289786213,0.23824956804430233,0.23829433341664405,0.23825552415170134,0.23826952680990912,0.23827245652944132,0.23823360523478793,0.23826953101288018,0.23827942843774774,0.23827242710864383,0.2383441819964938,0.2382854391837707,0.2383182629205169,0.23825654835855084,0.2383013263398058,0.2382823791721353,0.23835711841814136,0.2382047270184813,0.2382754072638289,0.23827140710476538,0.23828043162974194,0.23825048717687508,0.2382465542653487,0.2383132343516328,0.23833022557096775,0.23828340337898482,0.23825057543926756,0.23833121615404873,0.2382893510804417,0.2382952693611011,0.23826445200834323,0.23826845216740675,0.23830831085702545,0.23825752212974755,0.23824058554903646,0.2382554863249617,0.23830931404901962,0.23829638603331418,0.2383212304667887,0.23829632298874814,0.2383102878202163,0.23832225467363827,0.23830829404514114,0.23833620689619323,0.23828140960390967,0.23826641215964983,0.23823066710931357,0.2382655308538167
72,0.23827638821225536,0.23827033538814807,0.23828431714324153,0.23825941787215027,0.23831125643839335,0.23826636461814804,0.2382404411320218,0.238257373645085,0.23826634780612937,0.238255375651071,0.23834208664645673,0.2383022906833583,0.23832610269434465,0.23833313350043564,0.23829028170425093,0.2382525005471851,0.23831221340535377,0.23824351377712671,0.2382803505762461,0.23830518680226745,0.2382803211552135,0.2382544060750966,0.23831217557831183,0.23827828113115287,0.2382454108990289,0.23827135960318307,0.23827833997321812,0.23824542771104754,0.2381897192469162,0.23826040426014328,0.23829031112528354,0.23828434236126947,0.23830425925633966,0.23827032277913412,0.23823756602813592,0.23829325347724395,0.23830722682632804,0.2382155712819632,0.23828825849220892,0.23829825266528365,0.2382893247372905,0.23828430453422753,0.23828531614024853,0.23830020022324175,0.2382624148631713,0.2382315720460939,0.23828333495825316,0.23826045049319453,0.23826740564520163,0.23839792120072784,0.23824350116811274,0.23819764817790234,0.23832012552432125,0.23822150221893534,0.23830922482034206,0.23824743831407552,0.23826343907820624,0.23823639891094253,0.23825948512022482,0.2382474593290988,0.23826634780612937,0.23826633940012004,0.2383281048913633,0.23827735358522512,0.23830218560824176,0.23824246854706843,0.23831222181136308,0.23829127649825324,0.23834303941041246,0.23822661068509618,0.2382942945042976,0.23828729732224388,0.2382693490001551,0.2382813621822671,0.2382664402722319,0.23833911487346368,0.23832713531538893,0.23827431876716212,0.23823949257107074,0.23831114295726755,0.23829724946527195,0.23832114973935623,0.23824837426601259,0.23825936743609433,0.2382962294532417,0.23825543029013155,0.2382344975860357,0.23827437340622273,0.23829523465923935,0.23827331556715048,0.23830415418122317,0.23830522042630475,0.23828721746515533,0.2383221613453772,0.23829821063523704,0.23833811167345204,0.23828431294023683,0.23828430033122286,0.23822058307901683,0.23824246014105913
73,0.23825583837931788,0.23828475062375526,0.2382797514057504,0.23827782905429773,0.23829070681445666,0.23825880176406414,0.23825785319742732,0.23826279777604417,0.2382777660088499,0.23827778282096934,0.238335523249247,0.23827874399669566,0.23832253621031188,0.23832257403758056,0.23829770403845163,0.23824993262497476,0.23829765780512324,0.23823495178307943,0.2382737868089893,0.23830162019286444,0.23828474642072545,0.238249840158318,0.23829562197186452,0.2382847043904269,0.2382558299732582,0.2382637967790392,0.23827677120888477,0.23826783482131775,0.2381791589244335,0.23825284137033287,0.23829173944169052,0.2382807756269245,0.2383166766892971,0.2382707519727356,0.2382260069894527,0.23830666984722756,0.23829866521417795,0.23823897721626844,0.2382806957693573,0.23827970096939213,0.238286757035805,0.2382777407906708,0.23828574542372047,0.23830962062288424,0.23826084600338254,0.23822800499544272,0.23828276522685485,0.23824289757371112,0.2382628398063427,0.23836538406032118,0.2382169571200797,0.23819907593888595,0.23833054504639137,0.2382329201528506,0.23828268116625775,0.23824187335253702,0.2382488831856215,0.2382887760569443,0.23823294116799987,0.23825088539464137,0.23827376999686986,0.2382967386596954,0.23832353941633674,0.2382558047550791,0.23830960801379467,0.23825588461264627,0.238303660229153,0.2382747227665365,0.23834247003688372,0.23822703961668656,0.23827973879666084,0.23829072362657608,0.23826578217593966,0.23829577748396907,0.23825588040961643,0.23832755644346607,0.23832057182856067,0.23828573701766073,0.23823692457089035,0.23832755644346607,0.23829268380529742,0.2383295712615755,0.23825679535201436,0.23826379257600933,0.2383036518230933,0.23825785740045718,0.23822893254693026,0.23826181558516857,0.23831364605607325,0.23829772085057102,0.23832955865248592,0.23831464085603843,0.23830363080794403,0.2383135998227449,0.23830063800198883,0.23830557417454598,0.23831271430155587,0.23830970468348128,0.23822101197447765,0.2382578742125766
74,0.2382713969228453,0.23827233709751092,0.2382773279842448,0.23825942131653977,0.23829128061101687,0.238275359369964,0.23824943533997917,0.23825837606455322,0.23828633175521136,0.23824738686693447,0.23833609771739356,0.238303294045158,0.23835607807670037,0.23832214929371434,0.2382932828500404,0.23823052545121595,0.2383082218854993,0.23824051983396216,0.23827735740589467,0.23831118531465262,0.2382963093255863,0.23825440941434167,0.23831517718342113,0.23827728595331646,0.23824141797769943,0.23826337115437993,0.2382653565810321,0.23826541122123893,0.23819072024703727,0.23825840968929587,0.23830030539744765,0.23827535516687115,0.23828628131809734,0.2382963009194006,0.23821359258291916,0.23831823308061684,0.23828625189644748,0.238240549255612,0.23830324781113674,0.23831224317591768,0.23827134648573126,0.23828330948275833,0.23827932602017549,0.2383311740801451,0.23825442622671306,0.23822657981646858,0.23828233988644287,0.2382414726179063,0.23828539158054574,0.23835197272442527,0.23822951802706493,0.23820464345215947,0.23833711354773024,0.23826346362242232,0.23828725091441283,0.2382444444532453,0.2382704357327155,0.2382803586628835,0.23824250526061436,0.23826044975615493,0.23826934844980058,0.2382643449537882,0.23832810977676366,0.23827835642386003,0.2383091830756291,0.2382344794921489,0.23830523323778893,0.23829527668287823,0.23833605148337236,0.23823960067476072,0.2383192741295106,0.2382663219742547,0.2382683536349281,0.23825439260197034,0.23824946055853619,0.23832313570240118,0.23831615098282946,0.2382913058295739,0.23824748774116253,0.23833012882815854,0.23828626450572596,0.2383251505507032,0.23826536078412489,0.2382643659692524,0.2383152150112567,0.2382634257945868,0.23823250247168243,0.23826039091285525,0.2382972368909734,0.23828430850072368,0.2383001624922912,0.2382882415261925,0.2382982106903817,0.23831417396236299,0.23831819525278133,0.2383241305172737,0.238280320835048,0.23827831018983878,0.23822757883443393,0.2382704357327155
75,0.23825212074408436,0.2382850275211732,0.23828002852789873,0.23826711772390788,0.23828798656986513,0.23827506315735156,0.23826612296866204,0.23826307566031096,0.23826305884894727,0.23828105690587184,0.23834578744514448,0.23826403679282945,0.2383527801517515,0.2383318398574987,0.23827900014992562,0.23823023192583584,0.23830492682893017,0.23823622987719703,0.23826107774413754,0.23830389424811613,0.2382590504080777,0.2382671009125442,0.2383148785842291,0.23829197399653018,0.2382561081707494,0.23828605169630543,0.23827305263265539,0.23826311768872008,0.23818643327513414,0.2382551176183445,0.23824906082721056,0.23827605791259734,0.23828198861850391,0.2382740263736966,0.23820930424010575,0.23829995305270113,0.23829494565374484,0.2382292665904764,0.23830694575930814,0.23827398434528746,0.238271050513641,0.2383049898715439,0.2382840243602456,0.23831589015083857,0.23827311147242816,0.23822129173714635,0.23827205367456866,0.23824717218490085,0.23825113019167948,0.2383566667102346,0.2382412120591079,0.23821833689129535,0.23831084072347308,0.23825817333237748,0.23832990918677988,0.23824015426124837,0.2382441669049589,0.23824909444993783,0.23822722664589385,0.2382641502695341,0.2382950255077222,0.23827603689839275,0.23833580206711824,0.2382830548220453,0.23830788587762208,0.23825616280768128,0.23829694356991826,0.238291982402212,0.2383307568425937,0.23821633056944008,0.23827302321276897,0.23826602630332103,0.2382750505488288,0.23828007055630784,0.23825416068866695,0.2383288303747158,0.2383338335708312,0.23828301699647705,0.23824219840867186,0.23831983975193538,0.23830994263356828,0.23833484093459975,0.2382630672546291,0.2382810527030309,0.2383069247451036,0.23827212092002326,0.23824119945058514,0.23826009559741448,0.23828994666047035,0.2382860096678963,0.23835081165546446,0.2383069247451036,0.23831389643750603,0.23831986917182177,0.2383119027241735,0.2383428115850889,0.2382740305765375,0.2382760158841882,0.23823028235992677,0.2382321794079183
76,0.23825958947337866,0.23830448383720323,0.2382924921133633,0.23825560624159642,0.23829145953048625,0.23829352049339106,0.2382446218835376,0.23828353089256551,0.23827452344042527,0.2382575579304191,0.23834626364099948,0.23828449202700425,0.23832928131959608,0.23832332538474454,0.2382974574938309,0.23823670165131547,0.23831739046413958,0.23821772561259622,0.2382575579304191,0.2383163578812625,0.238286498352868,0.23825758735036426,0.23831535471833065,0.2383034386457783,0.23825158938701962,0.23826954545140974,0.23827952244368736,0.23825859891899473,0.23820788731434586,0.23825259675280078,0.2382605253907216,0.23826454644814765,0.23829145532763696,0.2382745024261787,0.23821377600360844,0.23828944059607457,0.23832239367025096,0.2382287435934495,0.23830142811706523,0.2382944395993367,0.23828950784166356,0.23827150134308175,0.2382625233108867,0.2383043787659705,0.23825260936134876,0.23821377600360844,0.2382675349226967,0.23823665962282234,0.23825260515849941,0.23840409405170554,0.23820772340322277,0.23822480659300962,0.238305323089012,0.23824166703178307,0.23830341342868244,0.23825261776704734,0.23825862833893993,0.23827354549458923,0.2382356942855343,0.23824864294096368,0.23828151616100313,0.2382685212742313,0.23833428032285814,0.23826554961107954,0.23830236823725745,0.23826662842529894,0.23828343422703135,0.23829145953048625,0.23832523924792343,0.2381948293848344,0.23827349926324687,0.2382934742620486,0.23828251932393502,0.23826256533937978,0.23826262838211945,0.2383323034169396,0.23831632846131734,0.2382745024261787,0.23825965671896765,0.23832231381611407,0.23830342603723034,0.23831433894685086,0.2382735328860413,0.23827953084938597,0.23830540294314892,0.23825261776704734,0.23824167543748168,0.23827255914305465,0.23829341962500758,0.23828648574432007,0.2383173232185506,0.2383064019032315,0.23831836840997556,0.23833433075704988,0.23831937157290742,0.23833130025400776,0.23828449622985357,0.23828248570114052,0.23821477496369098,0.23825762937885736
77,0.23826596907725242,0.23826591023553986,0.23828288887988464,0.23826298471313365,0.2382788592919726,0.2382599415073023,0.23824400808675072,0.238269931417493,0.23826591864149882,0.23827392738156927,0.23831967922543207,0.23828487845596386,0.23833166711766093,0.23832571099836172,0.23828285945902838,0.23825107247453522,0.23830678901071192,0.23823409383019045,0.2382569445342451,0.23830275942279988,0.2382778939247893,0.2382859446946544,0.23829975824676322,0.23829483474231883,0.23828494150065585,0.23828291830074091,0.23829489358403136,0.23825099261792532,0.23821326632605078,0.2382669680682715,0.23827289896969395,0.23828691006183772,0.23828884499918385,0.23828387946494478,0.2382231511617548,0.23830281406153295,0.23831978429991876,0.23823612123308485,0.23831580094478086,0.2383008202824743,0.23828489947086118,0.2382908681990988,0.23828089089784651,0.23829877186468254,0.23823800993765687,0.23822115317971668,0.23827890972772622,0.238258023381874,0.23826098252811603,0.2383545346336334,0.23824107415838555,0.23819422245199642,0.23831969603734995,0.2382560380087743,0.2383018024615755,0.23824301329871114,0.23824802506572437,0.23827992553066313,0.23823308223023298,0.23826201514297082,0.23826092368640348,0.2382749011547115,0.23830469856312547,0.23827192939953115,0.23832673100427812,0.23824303851658793,0.23829480952444201,0.23829384415725866,0.23835259969628728,0.23820919891132358,0.23830385508234672,0.23829485996019562,0.23828790064689787,0.23826494907133602,0.23825502220583733,0.23830671756006097,0.2383307017504776,0.23830385928532619,0.2382330696212946,0.2383027215959847,0.23831080598968551,0.23830673437197883,0.23826592704745775,0.23826892822349444,0.23829979607357843,0.23825600018195908,0.23823107163925644,0.23825796033718202,0.23829480532146255,0.23829286618113696,0.23833569250259348,0.23832277286701706,0.23832574882517693,0.23833871469352752,0.23828579338739356,0.23832269721338664,0.23827389375773353,0.23830984482548168,0.2382031713413734,0.2382370361645146
78,0.23827981832351838,0.23827676240800516,0.23828375137256233,0.23826984069333654,0.23830469725064363,0.23825680714764141,0.23824986441738258,0.23824781593205904,0.23826777959865886,0.23827978469857417,0.23832354000286696,0.23829173515795504,0.23832953414658856,0.23832357783092925,0.23830470145376167,0.23823994563085316,0.23830965033923132,0.23823795178606394,0.23825880519554862,0.2383285981694054,0.238264769917444,0.23826582778504998,0.2382876339841899,0.2382917015330108,0.23827781186937513,0.23827478957880618,0.2382657857538697,0.23825485113091452,0.23819714311621557,0.23827382417979678,0.23827575918093355,0.23827878147150253,0.23828471256845365,0.23828474199027985,0.23818904584663603,0.23829468599551748,0.23829467338616342,0.23824797144742613,0.23828869185179588,0.23829069410282114,0.23826777959865886,0.23827874364344026,0.23827675820488717,0.23829963488098715,0.23823687290286782,0.23822001558919753,0.23829375842457043,0.23823890457571922,0.23827882770580086,0.23836439070389567,0.23824493234438507,0.23818509178200195,0.2383095704799887,0.2382588976641453,0.23830166655383858,0.23824687154863983,0.23825987567250873,0.23825781037471302,0.23825192551206026,0.23826087889958034,0.23828376398191642,0.2382877516714947,0.23833053737366017,0.23827478957880618,0.23830361836744746,0.2382379055517656,0.2382976704580242,0.23828271872366447,0.23836145667880532,0.2382200492141418,0.2382927299787906,0.23829472382357977,0.23828876330480245,0.23827779926002104,0.23824889061213717,0.2383515378922759,0.2383245726517648,0.23829173515795504,0.23824392071107736,0.2383035847425032,0.23830267818714626,0.23832757812986166,0.2382577977653589,0.23826279708824497,0.2383106493631849,0.23823588228515025,0.2382369275434022,0.2382718093194175,0.23830965454234934,0.23828174071530106,0.23831158113725,0.23829966009969536,0.23830962932364116,0.23832659171526216,0.2382996432872232,0.23832256199450355,0.23829273838502665,0.2382807374882294,0.23824599021199105,0.23822690788204
79,0.23827509678007883,0.2382780348145662,0.23826903998894486,0.23824613960408686,0.23828898552795183,0.23827206628309142,0.23825413547162144,0.2382660725345711,0.23829202863346205,0.23827706107352498,0.2383347989061906,0.2382810190803036,0.23832680724149688,0.23832185027663155,0.23828699181461935,0.238233228800096,0.23829693516423645,0.23824422154189073,0.23827506315735156,0.23831188591280986,0.2382780306117253,0.23824412487654975,0.2383088848357088,0.23829596982887705,0.23825211233840257,0.2382780600316117,0.23826506096796166,0.23826012081445994,0.2382104082692153,0.23826610615729837,0.23828502331833232,0.23827705687068404,0.23828598445085078,0.2382860138707372,0.23821729590479948,0.23829495826226754,0.23826997170157693,0.2382282676323897,0.23829395930418082,0.23828597184232805,0.238264057807034,0.23830199299728372,0.2382780306117253,0.2383059005699714,0.23825313231069387,0.2382242886114065,0.2382630630517882,0.23824117843638054,0.23824114061081234,0.2383556677521479,0.23823222143632744,0.23822033480746876,0.238349800088855,0.23825617541620406,0.23829794252800499,0.2382741188361967,0.23826914085712678,0.23827506736019244,0.23825020268188832,0.23825416068866695,0.238264057807034,0.23826704627561232,0.2383477895641588,0.2382850527382187,0.23832686608126968,0.23825816072385472,0.23831492481547914,0.2383049688573393,0.23836272350136858,0.23819335453344564,0.23829699820685016,0.2382910002554889,0.23827105471648194,0.23826908201735397,0.23825815652101381,0.23831184808724165,0.23832184607379062,0.23828301699647705,0.23825418590571243,0.23832783141662908,0.23830894367548155,0.23831685968903887,0.23827805162592983,0.2382740599964239,0.23829793412232317,0.23824614800976868,0.2382392015344117,0.23826608934593477,0.2383069289479445,0.23826303363190182,0.23831185229008256,0.23830792370319032,0.23829491623385843,0.23831087854904132,0.23830091418521962,0.23831883659100775,0.23827103370227737,0.23828700442314207,0.23821729590479948,0.2382441669049589
80,0.23825859394020144,0.23828950351129624,0.2383024860618702,0.2382526126627779,0.23830445040044904,0.23827554299437043,0.23824562399843993,0.23826355522189835,0.23826953229638442,0.23826455420293768,0.2383422729830071,0.23829548478871987,0.238330285210535,0.23831234137826424,0.23829945969818983,0.23823770360006244,0.23830640633315292,0.23823770780299988,0.23825356541150494,0.23830837067173175,0.2382845044031621,0.23826857954765737,0.2383213532223057,0.23828646033586598,0.2382605834964052,0.23825756133566228,0.23827952630971533,0.2382705901185485,0.23819789986717557,0.2382446082056507,0.23827051866861135,0.23827453981039357,0.2382954553681575,0.23828449599728713,0.23820578664205327,0.23830442938576163,0.2383144065873426,0.23822874639420819,0.23829543855640756,0.23830043766454176,0.23826953229638442,0.23829647956682173,0.23827151764965068,0.2383203668500788,0.23826260247317127,0.23820578664205327,0.23826653955620392,0.23825764119147438,0.23825360744087973,0.23838412091028488,0.23823170130795143,0.23820682765246742,0.23833529692748165,0.23822868335014602,0.23828543613720174,0.23825761597384953,0.2382786113874256,0.23825257063340305,0.23823270028899077,0.23824365125398617,0.23824955267559764,0.23827751573882416,0.2383183016410004,0.23826255624085899,0.23830836646879427,0.23823166768445156,0.2382994218717525,0.23832243205915715,0.23834122776965547,0.2381998263793171,0.23827849790811362,0.2382705018568614,0.238278527328676,0.23826856273590746,0.2382446502350255,0.2383023389590584,0.23832532392883815,0.23829048988352317,0.23825866118720115,0.2383203206177665,0.23831242123407634,0.23833232520198852,0.23828252745577078,0.23828652758286564,0.23830640633315292,0.23828259049983302,0.2382476723957684,0.23827356184404166,0.23830940747920842,0.23828149485123165,0.23833131361213672,0.23829242059860217,0.23830838328054418,0.23831235819001417,0.23832237321803243,0.23832531132002574,0.23829648797269667,0.23828448759141216,0.23823176014907613,0.23823465622169462
81,0.23797824234389006,0.23837014241404297,0.23815842788633265,0.2382588890828558,0.23828446213136487,0.23843514031014318,0.23829335518848352,0.23813972627333882,0.23813184402702187,0.23829334157247709,0.23830510366992338,0.23836127658893722,0.23868323363703295,0.23833170114524063,0.2383071116755204,0.2380048534352138,0.23836519728808603,0.2381693017170354,0.23822244220364405,0.23845578184870167,0.2384183922387205,0.23814465778328933,0.2384094991816018,0.23859365988721903,0.23837015603004943,0.23844695687161535,0.23839082480062093,0.23829532234606116,0.23803936038886087,0.2384272716798327,0.23782756416511178,0.23810526016771108,0.23834452851751453,0.23851489188807548,0.23826483140360805,0.2381475812876428,0.2383041473231475,0.23796153512048673,0.23858479406211325,0.23840656206124183,0.23825000964174362,0.23850405890539214,0.23833567630841526,0.2381584006543197,0.23806982409930103,0.23831209764949676,0.2382135763785383,0.23838100262873926,0.23838985483783856,0.23841339264873765,0.2383258677525401,0.2379123153330269,0.23834843560065685,0.23807082129409632,0.23841049637639705,0.23792605820405732,0.2381466385568734,0.23843415673135435,0.23812498620751316,0.23824018746986197,0.23849815743265929,0.23824016023784905,0.23839865258291199,0.23841150718719883,0.2383622329357131,0.23820375420665663,0.2382568810772588,0.23842626086903096,0.2386231536348768,0.23786701624471587,0.23849224234391997,0.23806782970971047,0.23790634578026176,0.238314023959055,0.23803930592483502,0.2383228353201349,0.2385690159534729,0.23826674409715984,0.2381870197512404,0.23845281749632882,0.238230297217948,0.23848433286559012,0.2383307584144712,0.23830614171273803,0.23854244571016864,0.23810330662613993,0.23831700192743432,0.23791127729021228,0.23842329651665806,0.23812592893828255,0.2384045676716513,0.23838883041103037,0.23835829862055785,0.23842229932186282,0.2383336819188247,0.23824110296861845,0.23827757707984318,0.23826871125473745,0.23813484922741415,0.23807573918804037
82,0.23828885227603985,0.23826281945977906,0.23827979823981704,0.23826788590601608,0.23828276161272155,0.23829581164495642,0.23826089711600812,0.23826783967287246,0.2382628278658052,0.23827283466788746,0.23833756785845558,0.2382777918357849,0.23833756785845558,0.23831762570551315,0.23827477382371062,0.23825397557420913,0.23830969255567197,0.23824099279018318,0.23827083666988144,0.23830865993256448,0.23828878923084404,0.23825088611091286,0.23830266173553344,0.23828575020370443,0.23826486789394177,0.23826184567885447,0.23827781705386328,0.238278870692036,0.2381981871415243,0.2382558853089409,0.23830077721888002,0.23826783546985938,0.23829074940173248,0.2382857838278089,0.23822305704127283,0.23827374960662925,0.2382977129736621,0.2381980652541456,0.23827974360064724,0.2382907367926933,0.23827681385184718,0.23829976561083785,0.23829478322486203,0.23829568135155163,0.23824990392396211,0.23820907105523084,0.23828181304987525,0.23824194555604253,0.238267881703003,0.2383404555771251,0.23824098018114404,0.23819712509732544,0.23832859367948084,0.23824195816508176,0.23830170896967406,0.23827288930705717,0.23823394515799245,0.2382538578898435,0.238259961162201,0.23825193134305947,0.23828680384187717,0.23827580644681806,0.23833657306246564,0.23825884868184546,0.23829966473852443,0.23823994755803654,0.2382927179786471,0.23829574859976055,0.23833452462830296,0.23819112269728135,0.23829277261781684,0.2382717894357408,0.23827581905585726,0.23827984026994758,0.23825093234405648,0.23832660408750095,0.23831062850947907,0.23827978983379092,0.23822997858307185,0.23832160909248595,0.23828873459167424,0.23832961789656218,0.23829580323893026,0.23827482846288037,0.23831468755068697,0.23826789431204218,0.23823896957409885,0.2382618624909067,0.23829670977164602,0.23829776761283183,0.23831761729948703,0.238292709572621,0.23829968155057668,0.23832763250759537,0.2383216637316557,0.2383206058904699,0.23829977401686395,0.23829476641280978,0.23819508506918885,0.23824693214503143
83,0.23827886228600986,0.23827181045080606,0.23828379423582904,0.2382489049249591,0.23827377062169455,0.23827583166489644,0.2382748831020501,0.23826384367686046,0.23828780284088016,0.23827782966290245,0.2383355698604496,0.23829777181584488,0.23830460089135663,0.23831462870850414,0.23829075780775863,0.23823299659514616,0.238274727590567,0.2382270068041412,0.23830280463797743,0.2382866819544985,0.23828679123283802,0.23826387309795183,0.23829566874251246,0.23829773819174044,0.23826786489095078,0.23827782966290245,0.23827482005685427,0.238273875697021,0.23819618914351828,0.2382478933169169,0.23827879924081405,0.2382628404748444,0.23829074940173248,0.2382877818258149,0.23823404603030582,0.23830471857572222,0.23832068995073105,0.2382310322212446,0.23831370956674922,0.2383037237797323,0.23828280784586517,0.23829077461981085,0.23830477321489202,0.2383196573276236,0.23827188190202808,0.23822405604027583,0.23827581905585726,0.23823894855903355,0.238272876698018,0.23835643956117308,0.23824297817915002,0.2382091130853614,0.23833758467050783,0.23824795215909975,0.23831969095172806,0.23824391833597022,0.23823993915201044,0.2382578538858555,0.23822399719809303,0.2382399433550235,0.2382758148528442,0.23828779443485404,0.23832758207143864,0.23825585168483646,0.2383326317056234,0.2382759115221445,0.2382787319926051,0.23829474960075753,0.23835050861235094,0.23821310067534732,0.23829177361881385,0.23828677442078577,0.23828680804489025,0.2382638562858996,0.23826092233408647,0.23835357706058194,0.23831062850947907,0.23827079884276392,0.23822498358805685,0.238297633116414,0.23828573759466523,0.23832861889755919,0.23827981925488229,0.23826683647085636,0.23830070156464497,0.23827089130905119,0.23823896957409885,0.23828084347196365,0.23828372278460705,0.23826579964473588,0.238321613295499,0.23829470757062698,0.23830667454359766,0.23831764251756538,0.2383116737416257,0.23831261389844594,0.23827879503780094,0.23829476641280978,0.23822405604027583,0.23824893014303744
84,0.2382871351054023,0.23827508856401108,0.2382900689868728,0.2382531825623849,0.23831900564007077,0.2382581312056077,0.23826817139107112,0.2382591301806593,0.23827409799478408,0.23829009840725882,0.23835083414561636,0.23829905135651258,0.23831786796891366,0.23832589759553705,0.2382860436662804,0.23824127051418695,0.23831396873568994,0.23822029624101565,0.23827411480643326,0.23832192691280438,0.23827908026130523,0.23824417497527137,0.2383249196350469,0.23829701978311107,0.2382721420738038,0.23827011890622687,0.23829308272367675,0.23826916196029815,0.23819647214461973,0.2382561668788028,0.23831204643800794,0.23827111367836618,0.23827304858478504,0.238288062630945,0.23823332914872158,0.23830599794983856,0.23830598534110173,0.23821732873624687,0.23830799589994175,0.2382900185519253,0.23827609594488727,0.23828206457772316,0.23826209768542808,0.23830595171780342,0.2382501856372301,0.2382233393982056,0.23826710937233522,0.23823223770959964,0.238257174259679,0.23835571974515485,0.23824425903351715,0.23821339167681255,0.23832887350613038,0.2382402421187493,0.23830798329120492,0.23826417969377703,0.2382552057299618,0.2382821108097583,0.23825025288382673,0.23824921608256452,0.23829507647086762,0.23829506806504303,0.23833685269780627,0.23827411480643326,0.23830194320886017,0.23825621311083797,0.23830198944089534,0.23827105483759412,0.23834379508822,0.2382043924955236,0.23829205432823913,0.23827506754944966,0.23828509092326397,0.2382841171656861,0.23821624990586182,0.23832788293690338,0.2383049149165412,0.23827807288042904,0.2382302607740579,0.23833887166247095,0.2382960081993226,0.23832690077350094,0.23826911152535066,0.2382631218779534,0.23830597693527716,0.23824719711789988,0.23824624437488345,0.2382811244434436,0.2383139729386022,0.2382720748272072,0.23829392198806135,0.2382909923095032,0.23831494669618006,0.23830393695605107,0.23828198472238965,0.23829790948244317,0.23827707810828974,0.23828006242470764,0.2382293332485152,0.23824521597944584
85,0.2382684467490791,0.2382623938221753,0.23829036201034912,0.23826546231638765,0.2382803382460087,0.23827240918036366,0.2382504813098655,0.23826241904063156,0.23829037461957722,0.23825242890089948,0.23834014038289186,0.23827337036665247,0.238336144326999,0.23830321469356752,0.23828234047703117,0.23823556755256012,0.23831026663444455,0.23823357372768972,0.2382784032642029,0.23830024287010412,0.2382873649684295,0.23826244846216382,0.23831622289059942,0.238301309133294,0.23825944721716816,0.2382774042502297,0.2382564123475642,0.23825147191768667,0.23816978814414183,0.23827943590278441,0.23830734524789365,0.23829038722880536,0.23828932516869153,0.23827436938062568,0.23820964362616914,0.23829330441228017,0.23829129377510566,0.23822561103743634,0.2382833142725481,0.2382893125594634,0.23826939532613983,0.23827236714960323,0.23828236989856344,0.23832822366750606,0.23825747020460197,0.23822662686371368,0.23828138769689441,0.23822253834014798,0.2382684551552312,0.2383530182845665,0.23822357097872954,0.23820868664295636,0.23832117592970506,0.23826051348035804,0.23829229278907887,0.2382644717085665,0.23827747570252236,0.23826142422973437,0.23826253252368465,0.23824551145845574,0.23827439039600587,0.23828037607369304,0.23833315148815543,0.23828140030612252,0.23831822091854585,0.2382385225637193,0.23829828687291812,0.2382953234556068,0.23834708724686787,0.23819968711104542,0.23829634348496023,0.2382733619605004,0.23828937980868006,0.2382684257336989,0.2382425144165361,0.23832318236380357,0.23832418978392883,0.23828535853433097,0.2382595228725369,0.2383161892659911,0.23830329455201227,0.23831121100842922,0.23826340964845266,0.2382624148375555,0.23829927748073926,0.23823450128937024,0.23824253963499237,0.23825144669923043,0.23829428661394925,0.23828635334522816,0.2383121974131743,0.23831326367636418,0.2383292268845553,0.2383172177014966,0.2383262340457117,0.23834715449608454,0.23829135682124628,0.23828734815612532,0.23823861503139218,0.23826049246497782
86,0.23828605052071222,0.23828499265204936,0.238293979673492,0.2382471011569647,0.2382949450734658,0.23826703542165314,0.2382720809838781,0.2382810217709762,0.23829199423295538,0.23828002274602456,0.23831878296927175,0.23829896639200576,0.23833276931859482,0.23831882079737185,0.23829395025163638,0.23824917486306815,0.2383118864664215,0.23823719076677058,0.23826503737174984,0.23831385089134696,0.23827799527426566,0.23827405801817025,0.23830185838880497,0.2382769542180917,0.23824907819125685,0.23827502762126632,0.2382770130618029,0.23826408037802047,0.23819038790644342,0.23826806807158257,0.2382710020996041,0.23827102731833746,0.23827895647111721,0.23830096444190907,0.23823024382645355,0.23829492405785463,0.2383039026730528,0.2382232338393031,0.23830591333232273,0.23828793508631535,0.23826102445945432,0.23830495633859344,0.23828698649883048,0.23832884467186613,0.2382510972567713,0.23824722725063155,0.2382700198871414,0.23825512698155568,0.23826408037802047,0.23836662688577287,0.23825516060653357,0.23820730828378797,0.2383197988067123,0.2382501444661642,0.23828592022392314,0.23826709006224212,0.23826410979987608,0.23828702012380829,0.2382411742572105,0.23823614130435217,0.23828400203334218,0.2382670102029197,0.23833676962152361,0.23827103152145973,0.23830285741375662,0.2382361455074744,0.23829091534868138,0.23828295677404604,0.23833472113415358,0.2381873193785106,0.23828397681460883,0.2382949618859547,0.2382770130618029,0.2382860295051011,0.2382471305788203,0.23832480233771502,0.23830782731978148,0.23828398101773107,0.23824216067279544,0.23832480233771502,0.23829592308280628,0.2383068367010743,0.2382810133647317,0.23825004779435288,0.23830489329176,0.23825510176282233,0.2382501528724086,0.238304016157353,0.23830190042002727,0.23826899144033414,0.23831981141607902,0.2383028952418567,0.23830487227614883,0.23831184443519923,0.23828789305509304,0.23833378935915764,0.23827099789648187,0.23829196481109977,0.2382122613773239,0.2382371361261816
87,0.238267065441775,0.2382789946472145,0.23829297650008274,0.23826807705487021,0.23829693889178238,0.23826403480552358,0.23825409520200197,0.2382600387895515,0.23825602596144319,0.23826203679753752,0.23832577130745622,0.23827798303411934,0.23832776931544228,0.23829284200299308,0.23830093911078853,0.2382231975297973,0.2383028908854,0.2382331917727615,0.23826403480552358,0.23831284730105776,0.2382739954242154,0.23826806024273398,0.23829785803812842,0.23828793944977714,0.2382500739678256,0.23825204675760733,0.23828300327228877,0.23826407683586406,0.23818638989431548,0.23826906344976104,0.23826200737629916,0.2382810136703708,0.23828794365281117,0.2382899710820356,0.2382252459741919,0.23829791688060514,0.23831288933139827,0.23822023414209062,0.23828692783668193,0.23829692207964617,0.2382680140093594,0.2382989579149387,0.2382739954242154,0.23830985869514681,0.23826508004289115,0.2382252459741919,0.23826602020440743,0.23825112761126127,0.23827406687579425,0.23834764011641732,0.2382251871317152,0.2382182949765813,0.2383237901116064,0.2382321591444961,0.23830190028747508,0.23828506852881962,0.23825012020120015,0.23826703602053664,0.2382401721916105,0.23823314133635287,0.23828599608123374,0.23827699663922847,0.2383277735184763,0.2382670318175026,0.23830984608604466,0.2382421365753241,0.23828891323556584,0.23826497076400577,0.23835269818189317,0.23822228258648528,0.23827298381112022,0.23828996267596747,0.2382850012802748,0.23827703446653495,0.2382711034880876,0.2383337885576047,0.23834278799960995,0.23829796311397972,0.23822517452261305,0.2383387835775698,0.23829392086463305,0.2383228163258177,0.2382890014992809,0.2382810136703708,0.23830588789737905,0.23826608745295225,0.2382431565944874,0.23825705858970864,0.238299898076455,0.2382829738510504,0.23829782861689006,0.23829889486942793,0.23831086190217388,0.23832882295887797,0.23831586112517303,0.2383307873425916,0.2382889762810766,0.23828296964801632,0.23821325792627568,0.23826910127706752
88,0.23661451451194368,0.24038562363509142,0.24163967881003734,0.2387604904125752,0.2427203907770754,0.239306537776837,0.2358951239397741,0.23805329565628297,0.2362662019873445,0.23160805046486216,0.24274722157200573,0.24020902820961632,0.24167301404010225,0.24453024996898504,0.23699047088586508,0.2335538523626555,0.2407591408458373,0.2348062814288177,0.2362629497697772,0.2346784692668523,0.24020740210083272,0.2387637426301425,0.2432729425764719,0.23860422134689577,0.2362580714434262,0.23680005353572892,0.23823476940810903,0.24090971853077395,0.23495604605936252,0.2391209987530518,0.23931222915757983,0.23572665905821727,0.2380663045265522,0.23931385526636345,0.23354409570995358,0.2418292831057816,0.23807199590729497,0.23784417805513472,0.23914376427602296,0.23430901732806556,0.23698234034194682,0.2369872186682978,0.2377009178597246,0.2414801575267906,0.23965566335582805,0.2399893409013744,0.24109932282651828,0.23714267467958533,0.24019358017617162,0.2431264301634944,0.2339135476487403,0.23693762235039625,0.24238590017713724,0.23481278586395235,0.23646068460943978,0.2387588643037915,0.23607009325646552,0.23572503294943362,0.23677810106714958,0.23624831479072428,0.24020496293765722,0.2339403784436706,0.2379124746240483,0.23572584600382543,0.2432729425764719,0.23606846714768187,0.24236882603490886,0.23681224935160633,0.24204002681571352,0.23586504092727645,0.238598529966153,0.2350186512475332,0.24056221906056655,0.2360814760179511,0.2342789343155679,0.2431004124229559,0.2386229215979078,0.2380606131458094,0.23624343646437332,0.2431004124229559,0.24057604098522758,0.24130681431888285,0.2364436104672114,0.24145576589503578,0.2375365182501269,0.23911693348109267,0.23857088611683083,0.2360806629635593,0.23735667060708454,0.23645011490234605,0.23844470006364904,0.2409381754344879,0.2404051369404953,0.23987209844650273,0.24076239306340463,0.2377301878178304,0.23573235043896004,0.2369880317226896,0.2340811994759053,0.23839754290892304
89,0.2395277818319145,0.23997713856550773,0.24012354115022605,0.2380702144261924,0.239112562574614,0.23626186402783206,0.2382875117170338,0.23684378382872764,0.23779309404316054,0.23778940350518296,0.23797916991113793,0.23845236699164005,0.23754273006046625,0.23884374590203175,0.2380205403134404,0.23645332755283038,0.23723054956664733,0.23717980466945543,0.23778940350518296,0.2398565697466326,0.23808682184709154,0.23792842501394607,0.2400029723313509,0.23787782826669968,0.23676550804664928,0.23902598308208606,0.2387377910851215,0.2382893569860226,0.2370011098774332,0.23836394223012336,0.236050102543957,0.23859046586590876,0.23722224585619775,0.23845236699164005,0.23796979541624846,0.23788059617018284,0.23890172372523333,0.23659142642709904,0.23940813564753374,0.2386070732868079,0.23830227386894415,0.23830780967591056,0.23779586194664373,0.24029116432831552,0.23850665427686407,0.23651499591400954,0.23793765135889006,0.23762639349956546,0.23698003743400756,0.24062179751202242,0.23907381192584926,0.2384697488970881,0.2386301391491679,0.23827828537208984,0.23897446370034528,0.23850480900787524,0.23697357899254676,0.23844314064669606,0.2377644923738342,0.23828197591006742,0.23902967362006364,0.23881329896371659,0.24045140643044977,0.2378621434802949,0.23789351305310444,0.2389357130515805,0.2383925438994497,0.23802146294793478,0.24046247804438253,0.2362893949127185,0.23932616932747783,0.23925435198686026,0.23931971088601706,0.23822307545237145,0.23770005610917186,0.23811911405439545,0.23935384836230977,0.23859784694186395,0.23754904035198154,0.2395739135566344,0.23773511621995896,0.239352003093321,0.23793672872439564,0.2363355266374384,0.23744876949198318,0.23603164985406902,0.23878561992888467,0.23894955256899653,0.23977552606107108,0.23816232972568666,0.23702709179322184,0.23832164919332655,0.23825352239068656,0.23745799583692714,0.2386162996317519,0.2384837365644496,0.23816048445669788,0.23932709196197222,0.2360058160882259,0.23864659842012156
90,0.23827057803428675,0.2382665233540662,0.238286498352868,0.2382316311996151,0.2382904605704037,0.23826554961107954,0.2382636021251061,0.23829851529380383,0.2382625359194346,0.23825056520984123,0.2383412688405867,0.23827250450601362,0.2383222885990182,0.2383353129057352,0.23829945541399603,0.23824769021222358,0.23829241646207572,0.23822371937309156,0.23825156416992377,0.23831336100101486,0.23828050459237268,0.2382545904701166,0.23832334639899108,0.23830443760586087,0.2382475935466894,0.23826654857116208,0.23826953284286181,0.2382595978790773,0.23819989563368543,0.23827157699436932,0.23826951603146457,0.23828252772963363,0.2382754719663161,0.23827150554593104,0.2382207687241863,0.23830842083764311,0.23831140510934287,0.23822574671320182,0.23829043955615714,0.23828644791867626,0.23829150576182867,0.23831345766654902,0.238277507712125,0.23830537772605306,0.23825760416176153,0.23821976976410375,0.23829051100459545,0.23824964610389554,0.23824561243792153,0.23836313668832085,0.2382546745271028,0.23821082115185388,0.23833728981165375,0.23824466391203072,0.23828842902744413,0.23825661360737757,0.23822766057638076,0.23829652157648798,0.23822370676454363,0.23827561486319265,0.23830249432273676,0.2382795098351394,0.23830131464013385,0.2382885256929783,0.238321348478826,0.23825963570472108,0.23829142590769178,0.23827947200949562,0.2383392246890792,0.23823378882805402,0.2382874847044026,0.23829447322213115,0.2382895120445129,0.23825956845913213,0.23825563566154156,0.2383213148560315,0.238319325341565,0.2382745024261787,0.23823568167698636,0.23830932733504087,0.23829843123681757,0.23830135246577766,0.23827253392595876,0.23828352668971617,0.23830240606290126,0.23825961048762523,0.2382456712778119,0.23827255914305465,0.23830340922583312,0.2382874847044026,0.2383103304979727,0.23831639150405703,0.23832536113055344,0.23832034531589413,0.23828640589018313,0.2383322992140903,0.23828449622985357,0.23827349506039752,0.23821877080402118,0.23823665121712373
91,0.23826116175406079,0.23828008343926907,0.238287072061718,0.2382551805124881,0.23828304253821328,0.23827611275653646,0.23825318676529716,0.2382651240309689,0.23827709491993887,0.23827811070663965,0.23833085464458442,0.23828206878063543,0.23834583927035838,0.23832589759553705,0.23831001906751872,0.2382232889632582,0.23831396873568994,0.2382352808667896,0.23828410455694923,0.2382819679107405,0.2382910679619244,0.23824916985052935,0.2383219227098921,0.23829901773321427,0.238269145148649,0.23828810045715562,0.23825711962181925,0.23827215888545294,0.2382014670198777,0.23826715560437037,0.2382521079349121,0.23825013520228264,0.23829302808581698,0.23829805238146098,0.2382243383732572,0.23828601844880662,0.2382820099398634,0.23822132463645326,0.23828202254860023,0.2382890195768737,0.23828408774530005,0.23828106560267157,0.23829606283718238,0.2383149424932678,0.23827316206341684,0.2382293332485152,0.23828109502305758,0.2382771915869215,0.23826117015988538,0.2383737012960836,0.23823726620815597,0.23820639885145137,0.23830989298015004,0.23822825441813014,0.2383139771415145,0.2382432012176935,0.23824321802934265,0.2382871056850163,0.2382562467341363,0.23826420070833848,0.2382631092692165,0.23828707626463025,0.23830188857100038,0.23827311583138167,0.23830194320886017,0.23823723258485763,0.23829499661553416,0.23830202306419362,0.23834079816306522,0.23822337302150395,0.23828206457772316,0.23829005217522362,0.2382711052725416,0.23827312844011853,0.23824821710751293,0.23834986038803851,0.23829192824087045,0.2382890616059966,0.23821727409838714,0.238323887036697,0.23830200204963217,0.23833489257391371,0.2382840961511246,0.23827510957857256,0.23830098206001918,0.23826318071872543,0.23825923105055422,0.23826713879272124,0.23830698011324103,0.23828905740308434,0.23832788713981565,0.23832096156105112,0.23831095079597367,0.2382939472055351,0.2383019642234216,0.23833487155935226,0.23827607913323814,0.23827806447460445,0.23821334964768964,0.23824022110418785
92,0.2382649665255326,0.2382728994455494,0.23827888906302935,0.23825099355334042,0.23828484926027016,0.23828491230363963,0.23825399466641728,0.23827791951320657,0.23829288725256934,0.2382709267227735,0.23830868584634218,0.2382778816871849,0.23832766627751764,0.23833569586403425,0.23828585243322334,0.23824107950476509,0.2382918000217903,0.23821910636629529,0.23827791951320657,0.23832972726101082,0.23827689112290562,0.23826396335257946,0.2383067467466966,0.23830282231560118,0.23825496841913138,0.23827791951320657,0.23827490999434706,0.2382719677217483,0.2382052720895158,0.23825297888479022,0.23828787979358615,0.23827192148994403,0.23830382548855433,0.2382778816871849,0.23820316907710967,0.23830880352729844,0.23830479503837712,0.23822313166678183,0.23831080146742217,0.23828583141876683,0.23827390682139388,0.23828786718491224,0.23827689112290562,0.2383067593553705,0.23827197192463961,0.23823114023884193,0.23827490999434706,0.23824902923634703,0.2382539862606347,0.2383854972659322,0.2382290834582401,0.2382132008066413,0.23830270883753618,0.23822706450365988,0.23830879091862459,0.23824700607887553,0.23826000950124498,0.23827192989572663,0.23823607624867316,0.23826001370413627,0.2382818985818888,0.2382938778168486,0.23832167666003773,0.23828091642339216,0.23829875498620168,0.23825202614653263,0.23831278679887205,0.2382928410207651,0.23832662107565153,0.2382201851912918,0.23827587954416984,0.23828786298202093,0.2382799048446564,0.23825895169070496,0.238247027093332,0.23832069870443237,0.2383217060802768,0.23828487447761795,0.2382400595202467,0.2383376811954841,0.23830780455723657,0.23830273405488395,0.23827891007748578,0.23830288956186188,0.23830278869247082,0.23824900401899926,0.23823506466993738,0.23827094353433867,0.2382938021648053,0.23828986512503597,0.23832869466781859,0.23828980208166656,0.23831975016906604,0.23829775181324853,0.23833174201269972,0.2383117037709843,0.23827788589007617,0.2382738774011548,0.2382261453885326,0.23824003010000766
93,0.23908187955864574,0.23769536068297306,0.2377699988852475,0.23797379996727158,0.23866182616495993,0.23850009853077347,0.2383780844649622,0.2387579799846008,0.23750924407073457,0.23831589749232537,0.23887763417094968,0.23825083715900294,0.23906183520939778,0.23809536972741088,0.23836614671654782,0.2385828433338815,0.23915032673387704,0.23813980305471086,0.23813169645387727,0.23860538591369432,0.23920676698514265,0.23808815173792125,0.23761165809296983,0.23881110256950883,0.23749966620178253,0.23746857271546415,0.23791352856842515,0.23852736086951107,0.23758955981882895,0.2386397970663703,0.23791735971600597,0.23839053569459978,0.23844174270571744,0.237956115497486,0.23720826220662317,0.2381876923994709,0.23889052970625926,0.2372857737695832,0.2381876923994709,0.237965693366438,0.23868813071680237,0.23821495473820853,0.23839628241597102,0.2387139909629728,0.23745803705961693,0.23695038075279584,0.23846613168376946,0.23722933351831757,0.23830631962337334,0.23949197995325883,0.23810583620770684,0.23782496786839466,0.23887380302336889,0.23822114576525172,0.2373800811909849,0.23830344626268773,0.23833645532279654,0.23816757887467166,0.2386584393230511,0.23774605421286746,0.23780396573225152,0.23861636587521354,0.2376977897379867,0.238352737700015,0.23868002411596878,0.23811349850286842,0.23830108638322536,0.23833026429575338,0.2387039687883488,0.23779004323449546,0.23821495473820853,0.2377369898251387,0.23853981209914868,0.23787094163936431,0.23793025525131556,0.2390560884880266,0.23898049249885692,0.23766139383596904,0.23810870956839242,0.23876136682650964,0.23910869759171138,0.2393101387942731,0.2387598955583912,0.23828001507153093,0.23929768756463551,0.23771400293965383,0.2376297868684274,0.23827522613705496,0.2383388843778102,0.23784655266131233,0.23909197090882098,0.23863456382622236,0.23827095068380216,0.2389020231490017,0.2383068331045966,0.23902020606723218,0.23836039999517658,0.2378106702405179,0.23831346843731174,0.23793121303821074
94,0.2369198495161634,0.2360921376189469,0.23665324584292832,0.2380375658225921,0.23834107065640656,0.2372071538404552,0.2360759371094243,0.23823420219919192,0.23870464247548134,0.24056840301450266,0.24331927731899014,0.23870914261701537,0.23762382732963194,0.23957645575973163,0.23918048292161162,0.23559379646514633,0.23741639061335038,0.23521942430638976,0.23926125055792866,0.23826390313331675,0.23749355813644019,0.2374809577401448,0.23798469906378628,0.23824950268040776,0.2377619618662889,0.23898114646009136,0.23692974982753837,0.2383185699487362,0.2357472314830191,0.23757342574445042,0.23889407862562664,0.2387953104231733,0.23871544281516305,0.2390826147474651,0.23717025267987588,0.23918588309145247,0.23750795858934917,0.2371738527931031,0.23974609128712704,0.23881151093269593,0.2379576982145819,0.2395503549388341,0.2394542868213012,0.23835547110931554,0.2367304133660181,0.23698351661465103,0.2370231178601508,0.23887067788964947,0.23589100110081304,0.2415686854353311,0.23811653340229552,0.23725462042942017,0.2394875878686533,0.23868124173950422,0.23769469465457402,0.23654187724417963,0.23700511729401452,0.23729962184476083,0.2383032694675204,0.2360705369395834,0.23758422608413218,0.2389865466299322,0.23799639943177484,0.2374872579382925,0.23947858758558513,0.23915078198748677,0.23844163891547346,0.23852780672163143,0.23931435222803057,0.2381901008121581,0.23693605002568605,0.23740379021705502,0.2392639506428491,0.2372978217881472,0.2367241131678704,0.23920568371420237,0.24088450824461247,0.24029639917142667,0.23765239332415383,0.24041946813816395,0.2380654667001033,0.2398556598292621,0.23767579406013098,0.2387019423905609,0.23872354306992438,0.2396230223203898,0.23746565725892896,0.23729692175984038,0.23918948320467975,0.23758962625397306,0.24172572056643116,0.23844343897208709,0.23798109895055902,0.2389192794182174,0.2395674554766635,0.2377126952207103,0.23805466636042158,0.24029819922804033,0.23773046087555047,0.23644490909833993
95,0.23826686709677142,0.2382708040854126,0.23828878111017432,0.2382608859627488,0.23828075583077016,0.23827981991623212,0.23827287765065108,0.23827582408787693,0.23827680623361883,0.23825684390318974,0.23832357229197695,0.23826579669145848,0.23832357229197695,0.23833060281712898,0.2382807600336069,0.2382509720429217,0.2383126804292446,0.23822400440436078,0.23826783243116653,0.23830265723566288,0.23827579466801993,0.2382838451644443,0.23829566033320457,0.23828474325345195,0.2382728524336308,0.23827482513078813,0.23827081669392278,0.23825988280282326,0.23819318803672976,0.23825987439714982,0.23826780301130954,0.2382648313570634,0.23827475788540067,0.23827678521943527,0.23821805689303185,0.23830870561507295,0.23831168987782925,0.2382020567682642,0.23829072438747456,0.2383087098179097,0.23827181144817483,0.23828477267330897,0.23826180926877674,0.2383266406114675,0.23825988700566,0.23822305167847585,0.23827281460810038,0.2382449362720217,0.23826188071700086,0.23835842651633032,0.23823797719509385,0.2382151020501326,0.2383165964037022,0.23824694679470948,0.23828471803643164,0.23824790792626782,0.23826890283647947,0.2382878157757792,0.23823697823800505,0.23824692998336258,0.23830178016083883,0.2382757988708566,0.23833256710861284,0.23826583451698893,0.23832962487422377,0.2382529279287321,0.23831868257745084,0.23829174435874698,0.23834450415963787,0.23818013014635123,0.23828077684495377,0.23828277055629463,0.23827681043645557,0.23828083148183105,0.23825791851133937,0.23831860272355324,0.23831261738669388,0.23826379877728088,0.23826493642798127,0.23831960168064203,0.23830970457216175,0.2383126257923673,0.23826282924004907,0.2382928021555498,0.2383116814721558,0.23825090479753422,0.2382299729298733,0.2382758408992238,0.23830269506119334,0.23828277475913137,0.23833059441145554,0.23829469920164623,0.23830167088708423,0.23834260711354144,0.23831865736043054,0.23832359330616054,0.23827678942227198,0.23829076221300502,0.23823104333518624,0.2382399330809043
96,0.23804112537097408,0.2382121900057492,0.238114790844823,0.23878584870526637,0.23845707466768634,0.2384030842308598,0.23793884608912055,0.23806860860148013,0.23819056292035598,0.23810795867552478,0.23866635879900755,0.2379396675599929,0.2387647339841192,0.23873627472942777,0.2382790233102999,0.23851250478863775,0.23854553505763032,0.23813770306102797,0.2382260088976588,0.23867139347324798,0.23850829158526968,0.23849462724667322,0.23833789386805376,0.23808520101263295,0.23849560327085867,0.23808828363850246,0.23818958689617048,0.23839332398900515,0.23780744063501635,0.2381591755931081,0.23831154121504633,0.23806958462566558,0.2383400004697378,0.23809706785617157,0.23804826664689854,0.23842260471456897,0.23846488286117,0.23777672022532775,0.23842260471456897,0.23787072765375822,0.23846601343866863,0.2387866701761387,0.23823284106695702,0.2383349657954974,0.23829397277970804,0.23798924153583156,0.23805186163701417,0.2379123388828,0.2382555987298488,0.2389475109091199,0.23780615550420467,0.23770403077566427,0.23933140596102503,0.23849966192091365,0.23838618271308068,0.2380362452500468,0.2380126661162826,0.23816600776240632,0.23784550557824935,0.2379133149069855,0.23826926306844531,0.23823186504277152,0.23846863240459876,0.23838340919383744,0.23845594409018775,0.238089414216001,0.238228782416902,0.23849642474173102,0.23834261943566795,0.23790273319425856,0.23864894491698238,0.2379022695343192,0.23834698719234915,0.23812470563999072,0.23793298994400783,0.2384834273206938,0.23859952549445687,0.23801836770808224,0.23798615890996205,0.23836537709855982,0.23834390456647964,0.23861724848310828,0.238542761538387,0.2381482847737549,0.23862423520571965,0.23787884495386813,0.23816323424316305,0.23794665428260428,0.23824943347810984,0.2386095948429377,0.23873822677779866,0.23827008453931764,0.23858976525260223,0.23833886989223924,0.23825431359903712,0.2382089528265666,0.23846991753541044,0.23841382049689985,0.23816631686903256,0.23807169122734959
97,0.2382235551870103,0.23861092253427926,0.23857448525843067,0.2380710993285542,0.23839517320278536,0.23871736003822733,0.23825711813926106,0.2382312200499379,0.23830984324883084,0.23811903389879419,0.23846418614607623,0.23861379685787712,0.23853897691350537,0.2380442139544224,0.23798286587405917,0.23812864415439627,0.23904047580459256,0.23775373220938462,0.23737112622450277,0.23744013916779358,0.2377517868167101,0.2381871179111617,0.23893691262424238,0.23843448480223187,0.23815068063531308,0.23845559235222533,0.23797232668753376,0.23754852206441615,0.23682175111706083,0.2379617875010083,0.23835011295614325,0.23733468894865414,0.23858310822922418,0.23805286610215856,0.23804235609257576,0.2378764283701111,0.23855241960057125,0.2374478623846064,0.23914787141640653,0.2387355640876803,0.23920733245798054,0.2380912195937391,0.23879885756071811,0.23874706138207166,0.23754756395655022,0.2372196576508552,0.23827148975725032,0.2378016667796246,0.23867038357585327,0.23953616769459884,0.23839232805613017,0.23728486733962487,0.23846035371461244,0.2386588862814619,0.23922553650743353,0.23836834618253888,0.23776618761164195,0.23819286655835736,0.2376070249981242,0.237765229503776,0.23890816938826398,0.23891008560399585,0.2382762511196374,0.23785726621279218,0.23912388954281522,0.23881134213991803,0.23903855958886067,0.23820819628421253,0.23955919146032417,0.23754855124135876,0.23868954573317225,0.23824175923646332,0.23808451283867746,0.23770481035433608,0.23798960180606343,0.23920634517317196,0.23860610281800693,0.23861379685787712,0.23753510855429288,0.23898197287088452,0.23869912681183167,0.23808065123027103,0.23800876396338233,0.2381947827740893,0.23829256813030114,0.23788220619424943,0.2382830162285843,0.23807780608361584,0.2388151453944392,0.23861475496574308,0.23808352555386889,0.23829256813030114,0.23908266172763687,0.23863870766239176,0.23773546980604637,0.23845939560674648,0.2380519079942926,0.23861571307360904,0.23893984530172546,0.23791576914650023
98,0.2345357654732958,0.23643507438685663,0.2410692644346449,0.24105429303810952,0.2405611007993788,0.23814614255228422,0.24071024956766968,0.24054862463559934,0.2347173522674133,0.2390041718677539,0.2390440955918482,0.23952647515530337,0.24299103044300877,0.2356044926317018,0.23215158176352393,0.23777881024278935,0.24091262996808635,0.23623352573069192,0.23591526633206303,0.2402328604697263,0.23935320580370556,0.24122922587821133,0.24023369221397828,0.23884670565694338,0.23934239312842998,0.24089183636178724,0.23729060846957042,0.23625016061573123,0.23551715948524543,0.2386543061875503,0.23815196476204797,0.23522967462393923,0.2393606915019732,0.23798202238745794,0.23416510618679306,0.24159489469920226,0.2395381195748309,0.23485485661617667,0.24056525952063865,0.23833355155616545,0.23935071057094962,0.23661000722695844,0.23729393544657829,0.23800032076100122,0.2353912995560096,0.23467992377607486,0.24055111986835523,0.23624267491746354,0.23298964921694643,0.2416398088888084,0.2362360209634478,0.23518642392283703,0.24041361551959187,0.2389858734942107,0.23970972543792485,0.2407094178234177,0.23229740355480694,0.23848852253422012,0.23881010890985688,0.23898920047121852,0.23814946952929206,0.238151133017796,0.24093092834162957,0.23694490151062667,0.24023369221397828,0.2333253752448666,0.24056775475339454,0.24021788907319094,0.23716558028458654,0.23467326982205916,0.2347223427329251,0.24193062072712243,0.24140914918382492,0.23711401214096467,0.23572868907243372,0.24144158720965156,0.2368065654176113,0.24107092792314883,0.23538048688073407,0.23972552857871218,0.2362751129432902,0.2404086250540801,0.23728977672531842,0.23574449221322105,0.24125584169427422,0.23933657091866622,0.23709654551167345,0.24174653870024904,0.23765128682504957,0.23678161309005236,0.23989630269755416,0.23833854202167729,0.2410883945524401,0.24349503535701505,0.23868508072487302,0.24024117791224597,0.23557870855989088,0.24072937968546487,0.23605277068082636,0.23693076185834325
99,0.23899591077341062,0.23873956450641368,0.237069310915737,0.2394243583980968,0.2385324129611419,0.23765571536396982,0.23748267103733772,0.23781744406328786,0.23755166810686248,0.23803308232904521,0.23953390313216374,0.2386345742803635,0.23861744050269496,0.23893241118084546,0.23923229435591048,0.23843701276121756,0.2392965765807211,0.2371961497641699,0.23684707186737972,0.23871111510143103,0.23771622571300907,0.2388890346094748,0.23898160590257056,0.2395046710949357,0.23878215844553896,0.2378713536297272,0.2379820016694344,0.2376462856745414,0.23727002201510633,0.2384568151090172,0.23868659790891722,0.23884266879457816,0.2389107228951601,0.23922757951119625,0.23756314407087403,0.23848321823941673,0.23805477061473052,0.23718954898157,0.2368659312462365,0.23826663700471654,0.23814467333769523,0.23885115551506375,0.23712322048217632,0.238493590897788,0.23877744360082473,0.23756314407087403,0.23808982080231306,0.23672133632458708,0.23872447700332822,0.23874977682808748,0.23913972306281467,0.23690679958417357,0.23915276429131702,0.2380662465787421,0.2382704088804879,0.23796691416634894,0.23763968489194154,0.23905642112244985,0.23752243606963444,0.2381778375873921,0.23803685420481657,0.23814655927558093,0.23931732189746355,0.23754789623109115,0.23881987720325254,0.23855426158352466,0.23853995671268458,0.23783158859743045,0.23889736099326286,0.23863379164811815,0.23847378854998835,0.23933728458196066,0.2386828260331458,0.2372216099256266,0.2380161088880741,0.2384500539897199,0.23828643935251617,0.2382572073152881,0.23801045107441704,0.23968997401782474,0.23869885650517408,0.23887755864546328,0.23889752132996034,0.2380879348644274,0.2392965765807211,0.23775127590059159,0.23790263194153835,0.23711284782380507,0.23913390491246023,0.23949807031233583,0.23780219622350493,0.2376253800211015,0.23903174359323856,0.23758090014409056,0.23956989628868913,0.23899009262305615,0.23863363131142065,0.23869036978468855,0.23632322404276918,0.2370466796611088
